# units=S/m
# energy_eV xx_real xx_imag xy_real xy_imag xz_real xz_imag yx_real yx_imag yy_real yy_imag yz_real yz_imag zx_real zx_imag zy_real zy_imag zz_real zz_imag
0.00000000000000e+00 9.98872586114058e-10 0.00000000000000e+00 -6.20472296874334e+04 0.00000000000000e+00 1.10024390238133e+02 0.00000000000000e+00 6.20472296874341e+04 0.00000000000000e+00 1.13434699504821e-09 0.00000000000000e+00 -4.04421644180681e+01 0.00000000000000e+00 -1.10024390237616e+02 0.00000000000000e+00 4.04421644187420e+01 0.00000000000000e+00 8.78954136713549e-10 0.00000000000000e+00
2.00000000000000e-02 9.53167900671030e-10 1.89631529350268e-10 -6.16767975388047e+04 -1.21751791243577e+03 9.06664462035121e+01 5.38637863981103e+01 6.16767975388054e+04 1.21751791243595e+03 1.07909597512981e-09 2.05739502092512e-10 -3.10034177686065e+01 -2.22941191225255e+01 -9.06664462030265e+01 -5.38637863980057e+01 3.10034177692596e+01 2.22941191226245e+01 8.79785938955083e-10 1.16710544741758e-10
4.00000000000000e-02 8.30570133597593e-10 3.26585291335837e-10 -6.14685853027334e+04 -1.36705893168160e+03 5.04567813827717e+01 8.24237069796211e+01 6.14685853027340e+04 1.36705893168195e+03 9.38037511082479e-10 3.42788625743679e-10 -7.42081415826683e+00 -3.20945256520854e+01 -5.04567813823732e+01 -8.24237069794504e+01 7.42081415886049e+00 3.20945256522668e+01 8.55249016054388e-10 2.66785578363894e-10
6.00000000000000e-02 6.86882088511808e-10 3.81518559676487e-10 -6.29522982701234e+04 -1.41645894704645e+03 5.88384871056856e+00 9.23966776153566e+01 6.29522982701239e+04 1.41645894704690e+03 7.83606899005925e-10 3.85638979643266e-10 2.10309583516909e+01 -2.02860949594624e+01 -5.88384871026132e+00 -9.23966776151790e+01 -2.10309583511887e+01 2.02860949596822e+01 7.47217737462618e-10 4.24121500438949e-10
8.00000000000000e-02 5.67507996643613e-10 3.82194584713954e-10 -6.52876648640817e+04 -3.28662678716205e+03 -4.62824394940220e+01 7.45177164882181e+01 6.52876648640819e+04 3.28662678716249e+03 6.61752324334318e-10 3.72219230773813e-10 3.30641373571705e+01 2.00295280928814e+01 4.62824394942666e+01 -7.45177164880778e+01 -3.30641373567531e+01 -2.00295280926745e+01 5.67128262538494e-10 5.05896896872637e-10
1.00000000000000e-01 4.73454041640968e-10 3.57369476888513e-10 -6.66279965967922e+04 -6.68331981790288e+03 -6.73394788092244e+01 2.17192959924847e+01 6.66279965967923e+04 6.68331981790322e+03 5.72583623217933e-10 3.33769356523792e-10 -5.96531866881592e+00 5.94287980334594e+01 6.73394788094488e+01 -2.17192959923937e+01 5.96531866917814e+00 -5.94287980332866e+01 3.87955662736211e-10 4.94462712790767e-10
1.20000000000000e-01 4.01812493287324e-10 3.15214153834881e-10 -6.65757814422108e+04 -1.02757369181282e+04 -4.92158544071022e+01 -1.45370219349725e+01 6.65757814422109e+04 1.02757369181284e+04 5.11504475734231e-10 2.83409741746502e-10 -5.88030387818074e+01 4.23394712043250e+01 4.92158544073272e+01 1.45370219350287e+01 5.88030387821434e+01 -4.23394712041988e+01 2.53322666273342e-10 4.16877387579710e-10
1.40000000000000e-01 3.53262733811727e-10 2.61752641081057e-10 -6.59843824834272e+04 -1.33221043726316e+04 -3.35493936287703e+01 -2.97094018004586e+01 6.59843824834273e+04 1.33221043726317e+04 4.74268818070867e-10 2.28401363651407e-10 -7.40655008036106e+01 4.02576184946351e+00 3.35493936290051e+01 2.97094018004912e+01 7.40655008039474e+01 -4.02576184938077e+00 1.80041938770197e-10 3.15693276667693e-10
1.60000000000000e-01 3.32460306833158e-10 2.04576524197121e-10 -6.55269204220277e+04 -1.66155651942168e+04 -1.75620206629154e+01 -5.32494145920818e+01 6.55269204220278e+04 1.66155651942169e+04 4.61364593650211e-10 1.75139927641129e-10 -7.52319116596671e+01 -2.49109106132922e+01 1.75620206631678e+01 5.32494145921004e+01 7.52319116600150e+01 2.49109106133477e+01 1.54214860583710e-10 2.21215330466812e-10
1.80000000000000e-01 3.37027712577844e-10 1.59904661242306e-10 -6.41482317052206e+04 -2.09621659804085e+04 3.19597975034605e+01 -7.41093928633527e+01 6.41482317052206e+04 2.09621659804086e+04 4.67498989470330e-10 1.35109827093609e-10 -6.77535022015416e+01 -6.01613658455165e+01 -3.19597975031922e+01 7.41093928633657e+01 6.77535022019063e+01 6.01613658455570e+01 1.59531999512302e-10 1.45833512600043e-10
2.00000000000000e-01 3.52564899349155e-10 1.39057670735834e-10 -6.01811367146997e+04 -2.51627580633829e+04 1.03870038551405e+02 -3.23220829251859e+01 6.01811367146998e+04 2.51627580633830e+04 4.80495183536143e-10 1.13422739398805e-10 -3.46874854385996e+01 -8.87595421771636e+01 -1.03870038551115e+02 3.23220829252012e+01 3.46874854389843e+01 8.87595421771961e+01 1.82014918943758e-10 9.51022281061357e-11
2.20000000000000e-01 3.55356251941419e-10 1.40408883837959e-10 -5.44894917172516e+04 -2.62697174232674e+04 9.79723726782443e+01 6.48305164080728e+01 5.44894917172517e+04 2.62697174232675e+04 4.86058001479835e-10 1.06399999916459e-10 7.35909423175819e-01 -8.53266731987513e+01 -9.79723726779409e+01 -6.48305164080467e+01 -7.35909422774827e-01 8.53266731987803e+01 2.03215218801271e-10 7.13320485602440e-11
2.40000000000000e-01 3.33904934199514e-10 1.34333134790612e-10 -5.07170718640073e+04 -2.43532756512632e+04 2.45335697514283e+01 9.78953533122285e+01 5.07170718640075e+04 2.43532756512632e+04 4.78495687626177e-10 9.68542665896253e-11 1.26506674215473e+01 -8.58121830251850e+01 -2.45335697511142e+01 -9.78953533121905e+01 -1.26506674211203e+01 8.58121830252185e+01 2.05896069374468e-10 5.49313845653454e-11
2.60000000000000e-01 3.16048721339244e-10 1.02737754128982e-10 -4.98042943044463e+04 -2.26420249747737e+04 -2.21484787773681e+01 7.63244753088916e+01 4.98042943044465e+04 2.26420249747737e+04 4.73112202158935e-10 7.45983856317172e-11 4.98344090706134e+01 -1.03264338277222e+02 2.21484787776887e+01 -7.63244753088334e+01 -4.98344090701670e+01 1.03264338277274e+02 2.04681673099627e-10 2.40081166896304e-11
2.80000000000000e-01 3.20873096446127e-10 6.34529944797547e-11 -4.95036753502833e+04 -2.28631518567537e+04 -3.76934326763334e+01 4.72545840142085e+01 4.95036753502835e+04 2.28631518567538e+04 4.79967769235148e-10 4.97356266411847e-11 1.18962930957793e+02 -7.26296070532207e+01 3.76934326766539e+01 -4.72545840141265e+01 -1.18962930957336e+02 7.26296070532970e+01 2.20776104885970e-10 -1.46210538184695e-11
3.00000000000000e-01 3.45764897726201e-10 3.35229564238545e-11 -4.77735149667798e+04 -2.35413894899993e+04 -3.10051646435794e+01 3.29960397643870e+01 4.77735149667800e+04 2.35413894899994e+04 4.96510526860233e-10 3.01300173306424e-11 1.29880095438352e+02 1.48614942648172e+01 3.10051646438876e+01 -3.29960397642864e+01 -1.29880095437897e+02 -1.48614942647163e+01 2.57742058784999e-10 -3.94296816942994e-11
3.20000000000000e-01 3.78838477813405e-10 2.31368109211748e-11 -4.58514412126421e+04 -2.26245397184729e+04 -3.99675552264990e+01 3.89279669789089e+01 4.58514412126423e+04 2.26245397184731e+04 5.17963012128182e-10 2.03026730712611e-11 7.83520119364321e+01 5.24532929746112e+01 3.99675552268014e+01 -3.89279669788022e+01 -7.83520119359818e+01 -5.24532929744995e+01 2.93929245964476e-10 -3.71193023850048e-11
3.40000000000000e-01 4.07104387531787e-10 2.85213223098207e-11 -4.56676447087287e+04 -2.13445688617788e+04 -6.28348763806061e+01 2.10505174047839e+01 4.56676447087288e+04 2.13445688617789e+04 5.37486557261298e-10 1.88339218801278e-11 5.60482101314410e+01 4.87729803751891e+01 6.28348763809082e+01 -2.10505174046698e+01 -5.60482101309848e+01 -4.87729803750630e+01 3.12631024745990e-10 -2.43784613330916e-11
3.60000000000000e-01 4.26197955711058e-10 4.48455771804849e-11 -4.63089501109343e+04 -2.14513575989263e+04 -6.35586433714519e+01 -1.12968551079541e+01 4.63089501109345e+04 2.14513575989264e+04 5.53213455124615e-10 2.30140000097102e-11 5.37245489599113e+01 5.76918973019001e+01 6.35586433717607e+01 1.12968551080952e+01 -5.37245489594485e+01 -5.76918973017482e+01 3.21646657525805e-10 -1.29678300007217e-11
3.80000000000000e-01 4.27702296050745e-10 6.29783602709310e-11 -4.62615789620021e+04 -2.27977275907514e+04 -4.42594137255692e+01 -3.64642961209421e+01 4.62615789620022e+04 2.27977275907515e+04 5.59731554176793e-10 2.81070676555212e-11 4.39281782633143e+01 8.68775030283509e+01 4.42594137258648e+01 3.64642961211193e+01 -4.39281782628596e+01 -8.68775030281658e+01 3.21690761934427e-10 -1.43533055186146e-12
4.00000000000000e-01 4.21852860106813e-10 6.35502259208905e-11 -4.47786418620280e+04 -2.42406879488954e+04 -1.56607862463118e+01 -4.44292868143333e+01 4.47786418620281e+04 2.42406879488955e+04 5.63775557785204e-10 1.95005329605872e-11 -1.84435107081342e+00 1.18048098511215e+02 1.56607862465857e+01 4.44292868145384e+01 1.84435107125179e+00 -1.18048098510999e+02 3.12774395215435e-10 -7.42767810814812e-13
4.20000000000000e-01 4.32856600268300e-10 5.53395391506607e-11 -4.23545741071765e+04 -2.44450426527105e+04 1.58029413923059e+01 -3.66539283212801e+01 4.23545741071766e+04 2.44450426527106e+04 5.88380072161107e-10 4.04287097965414e-12 -7.91943318954824e+01 1.04839775675353e+02 -1.58029413920744e+01 3.66539283215043e+01 7.91943318958952e+01 -1.04839775675105e+02 3.12275486597330e-10 -1.20416601755156e-11
4.40000000000000e-01 4.55149228890031e-10 6.18826776984803e-11 -4.04335954287123e+04 -2.28753563637475e+04 3.89633414782509e+01 3.46793467728293e+00 4.04335954287124e+04 2.28753563637476e+04 6.29894378338382e-10 9.48822026542709e-12 -1.25439015582782e+02 1.75339668428041e+01 -3.89633414780664e+01 -3.46793467705765e+00 1.25439015583151e+02 -1.75339668425334e+01 3.22449897884157e-10 -1.85272268248383e-11
4.60000000000000e-01 4.70329413677286e-10 8.17143515129201e-11 -4.07564747040603e+04 -2.06664354600776e+04 6.69700443011634e+00 5.30369947356653e+01 4.07564747040604e+04 2.06664354600776e+04 6.63444106005594e-10 3.86219248511852e-11 -7.04083629819436e+01 -6.44638877292778e+01 -6.69700442997329e+00 -5.30369947354573e+01 7.04083629822760e+01 6.44638877295462e+01 3.32048274279412e-10 -1.79565209976632e-11
4.80000000000000e-01 4.75829542493174e-10 1.04725277256447e-10 -4.28370689308205e+04 -2.04874673081421e+04 -5.51039862725439e+01 4.44943040126401e+01 4.28370689308205e+04 2.04874673081422e+04 6.79963598756218e-10 7.72233682279862e-11 1.45260721488135e+00 -5.69225258390028e+01 5.51039862726679e+01 -4.44943040124502e+01 -1.45260721457368e+00 5.69225258392702e+01 3.39741130626409e-10 -1.43317147547427e-11
5.00000000000000e-01 4.73531193693184e-10 1.26207881135457e-10 -4.37885616071684e+04 -2.27784684231532e+04 -7.53057657398832e+01 -1.03767964666332e+01 4.37885616071685e+04 2.27784684231532e+04 6.80610628930574e-10 1.14834840662914e-10 2.23319808220127e+01 -2.16830959528843e+01 7.53057657399901e+01 1.03767964668258e+01 -2.23319808217341e+01 2.16830959531556e+01 3.43070853098222e-10 -7.26838239633505e-12
5.20000000000000e-01 4.67062584402486e-10 1.41344920970187e-10 -4.21215839526694e+04 -2.52215039192990e+04 -4.39746888473638e+01 -4.44649314521056e+01 4.21215839526694e+04 2.52215039192990e+04 6.71240132122713e-10 1.42614889611777e-10 2.02694235732184e+01 -3.18650971754550e+00 4.39746888474361e+01 4.44649314522939e+01 -2.02694235729792e+01 3.18650971781462e+00 3.40266926368731e-10 -4.47930639030135e-12
5.40000000000000e-01 4.69311233785775e-10 1.51349106289975e-10 -3.90345691979264e+04 -2.55617065691741e+04 -2.19834956055575e+01 -3.51852130115983e+01 3.90345691979264e+04 2.55617065691741e+04 6.67995182478441e-10 1.59726393312823e-10 2.16985341587316e+01 6.90476406519119e+00 2.19834956055902e+01 3.51852130117635e+01 -2.16985341585297e+01 -6.90476406493735e+00 3.42672216322598e-10 -6.40315473477140e-12
5.60000000000000e-01 4.81451802715172e-10 1.79902671174051e-10 -3.69374992511957e+04 -2.36916542661236e+04 -2.78622717591208e+01 -3.92199313262534e+01 3.69374992511957e+04 2.36916542661235e+04 6.77337446914249e-10 1.89885135160714e-10 1.86418409253596e+01 2.63260889793424e+01 2.78622717591312e+01 3.92199313263825e+01 -1.86418409251796e+01 -2.63260889791097e+01 3.47871292905958e-10 -6.81657197561755e-13
5.80000000000000e-01 4.71643466006450e-10 2.36243363165121e-10 -3.69293786208808e+04 -2.15415697380494e+04 -1.01901992349037e+01 -5.70759116647480e+01 3.69293786208808e+04 2.15415697380494e+04 6.69746970927191e-10 2.48336070318129e-10 -5.91729687082043e+00 3.60047380306177e+01 1.01901992349006e+01 5.70759116648490e+01 5.91729687097683e+00 -3.60047380304008e+01 3.44267234679627e-10 1.09892155872439e-11
6.00000000000000e-01 4.09891155057879e-10 2.91142312916231e-10 -3.78893521923456e+04 -2.05575373369062e+04 1.74636305405044e+01 -4.76891054381013e+01 3.78893521923457e+04 2.05575373369061e+04 6.11602618583472e-10 3.08871290589927e-10 -2.26120260819505e+01 1.70835434927289e+01 -1.74636305405223e+01 4.76891054381762e+01 2.26120260820743e+01 -1.70835434925332e+01 3.26680216920225e-10 1.90260523456961e-11
6.20000000000000e-01 3.08270616489532e-10 2.86263032539543e-10 -3.86178440533563e+04 -2.02253358407890e+04 2.14477928618240e+01 -2.21801465780543e+01 3.86178440533564e+04 2.02253358407889e+04 5.11589777863655e-10 3.13347586947341e-10 -1.14073009438109e+01 -8.64798361452899e-01 -2.14477928618662e+01 2.21801465780889e+01 1.14073009439047e+01 8.64798361606779e-01 2.98969047431766e-10 8.06677342230421e-12
6.40000000000000e-01 2.41451355789855e-10 2.07952414297028e-10 -3.95269387202821e+04 -1.97909018926959e+04 3.47414009643321e+00 -1.55068257976474e+01 3.95269387202822e+04 1.97909018926958e+04 4.41595192042701e-10 2.44753897875194e-10 7.65577570799147e+00 5.52919989917581e+00 -3.47414009648500e+00 1.55068257976231e+01 -7.65577570790189e+00 -5.52919989907819e+00 2.83209984837557e-10 -2.77756062257801e-11
6.60000000000000e-01 2.46296350610146e-10 1.16681707810711e-10 -4.12504413387845e+04 -1.99045088820447e+04 -9.96991704070311e-01 -3.18926928690050e+01 4.12504413387847e+04 1.99045088820447e+04 4.40040467754158e-10 1.60423513694873e-10 7.20903749747556e+00 2.59396079303713e+01 9.96991704042890e-01 3.18926928689248e+01 -7.20903749736722e+00 -2.59396079303123e+01 2.94405883943664e-10 -7.10678443656700e-11
6.80000000000000e-01 3.01119432965728e-10 5.89558104343738e-11 -4.28802503575135e+04 -2.15518319435662e+04 1.80697799202331e+01 -4.00868226476620e+01 4.28802503575137e+04 2.15518319435662e+04 4.87072604379504e-10 1.05618979309419e-10 -9.26786267359106e+00 3.48334812212711e+01 -1.80697799202242e+01 4.00868226475422e+01 9.26786267372295e+00 -3.48334812212410e+01 3.31255468361860e-10 -1.03988327679593e-10
7.00000000000000e-01 3.72289001080201e-10 5.14805814876105e-11 -4.30370264820368e+04 -2.37830063385331e+04 3.27548313146914e+01 -2.51332429793899e+01 4.30370264820371e+04 2.37830063385331e+04 5.51594141288851e-10 9.59092517893130e-11 -2.34826240366397e+01 3.01834621085029e+01 -3.27548313146337e+01 2.51332429792517e+01 2.34826240368016e+01 -3.01834621084857e+01 3.83092725377706e-10 -1.10673924493417e-10
7.20000000000000e-01 4.25769871092228e-10 9.20457330240381e-11 -4.25075981788668e+04 -2.51650978492915e+04 3.11783079372381e+01 -1.41240526025382e+01 4.25075981788670e+04 2.51650978492915e+04 6.04528196129073e-10 1.30076987482753e-10 -3.27156751562476e+01 2.36007769270961e+01 -3.11783079371257e+01 1.41240526024115e+01 3.27156751564406e+01 -2.36007769270690e+01 4.27000029961676e-10 -8.67057596405851e-11
7.40000000000000e-01 4.30680802363386e-10 1.54581533332811e-10 -4.25053373751653e+04 -2.64291114849602e+04 3.66297040970888e+01 -7.65199496969463e-01 4.25053373751655e+04 2.64291114849602e+04 6.18297162221204e-10 1.89951011104948e-10 -4.37842267615939e+01 4.17253047838436e+00 -3.66297040969620e+01 7.65199496882019e-01 4.37842267617836e+01 -4.17253047832790e+00 4.44294673992592e-10 -4.99362188566540e-11
7.60000000000000e-01 3.90928269720642e-10 1.89995750905212e-10 -4.20679386401054e+04 -2.85536534766102e+04 1.38331681402090e+01 2.10887924920053e+01 4.20679386401056e+04 2.85536534766103e+04 5.87641253789195e-10 2.34410661857415e-10 -1.72564212458595e+01 -2.10581725027248e+01 -1.38331681401087e+01 -2.10887924920651e+01 1.72564212460158e+01 2.10581725027847e+01 4.42509137925584e-10 -2.35202138251538e-11
7.80000000000000e-01 3.53203772767457e-10 1.82303518204235e-10 -4.03564309666297e+04 -3.03544456424970e+04 -1.30321772307712e+01 -2.66718005042712e+00 4.03564309666299e+04 3.03544456424971e+04 5.49966471002082e-10 2.38714048925917e-10 1.26390839728022e+01 7.64756249510325e+00 1.30321772308394e+01 2.66718005035766e+00 -1.26390839726807e+01 -7.64756249506440e+00 4.38319663844930e-10 -7.32424408912331e-12
8.00000000000000e-01 3.41198485522015e-10 1.60883209826466e-10 -3.83155167139625e+04 -3.10490157410900e+04 2.22324289561953e+00 -2.61046810283339e+01 3.83155167139626e+04 3.10490157410901e+04 5.36173654208889e-10 2.26333229141265e-10 -7.55245908516682e+00 4.09978512054040e+01 -2.22324289557087e+00 2.61046810282295e+01 7.55245908527349e+00 -4.09978512054041e+01 4.33239417849830e-10 5.14104210779750e-12
8.20000000000000e-01 3.45617917578340e-10 1.45270063683460e-10 -3.67025708904104e+04 -3.10237331925959e+04 1.91642912577445e+01 -2.70266547780298e+01 3.67025708904105e+04 3.10237331925960e+04 5.37511456587778e-10 2.23329052057269e-10 -4.45341771496725e+01 4.04952932837951e+01 -1.91642912577003e+01 2.70266547778844e+01 4.45341771497791e+01 -4.04952932838413e+01 4.26554464485391e-10 1.37391057992290e-11
8.40000000000000e-01 3.56923780794064e-10 1.38762924337944e-10 -3.54262667184486e+04 -3.07839355503429e+04 3.89235643904502e+01 -2.01749923282406e+01 3.54262667184487e+04 3.07839355503430e+04 5.36232400243084e-10 2.29601830143592e-10 -6.70863066422874e+01 1.05789517217081e+01 -3.89235643903983e+01 2.01749923280473e+01 6.70863066424145e+01 -1.05789517218079e+01 4.19478719698189e-10 1.73055538234013e-11
8.60000000000000e-01 3.69912350929633e-10 1.40771393648602e-10 -3.45037960749195e+04 -3.01141619114413e+04 4.38407003605813e+01 1.19696050005677e+01 3.45037960749195e+04 3.01141619114414e+04 5.31010835012621e-10 2.34220032453947e-10 -5.70482445342847e+01 -2.50235799402836e+01 -4.38407003604951e+01 -1.19696050008015e+01 5.70482445344578e+01 2.50235799401441e+01 4.16246205186636e-10 1.62861487910475e-11
8.80000000000000e-01 3.81814571911794e-10 1.51039763123925e-10 -3.44421174505334e+04 -2.94151529742605e+04 1.27665567917453e+01 2.49133837657031e+01 3.44421174505334e+04 2.94151529742606e+04 5.28967102600745e-10 2.38245528388290e-10 -2.56919710922775e+01 -3.47792667413384e+01 -1.27665567916114e+01 -2.49133837659605e+01 2.56919710924997e+01 3.47792667411857e+01 4.16914247493673e-10 1.60137949358976e-11
9.00000000000000e-01 3.87436564651712e-10 1.69925702948467e-10 -3.48675812795073e+04 -2.93462176463114e+04 -2.91088309462702e+00 2.55213579378259e+00 3.48675812795073e+04 2.93462176463114e+04 5.25906337714651e-10 2.47921687124032e-10 -6.65824300181514e+00 -1.58156447980701e+01 2.91088309480853e+00 -2.55213579405167e+00 6.65824300208517e+00 1.58156447979203e+01 4.18633086935646e-10 1.51950227268786e-11
9.20000000000000e-01 3.80672690736634e-10 1.90452346743375e-10 -3.53180850352724e+04 -2.97828949288589e+04 1.38116970954776e+01 -1.29368205719412e+01 3.53180850352724e+04 2.97828949288589e+04 5.15588959698829e-10 2.56269020869013e-10 -2.03000650997759e+01 5.15426085980855e+00 -1.38116970952498e+01 1.29368205716793e+01 2.03000651000869e+01 -5.15426085995034e+00 4.25229811444229e-10 1.43178500273454e-11
9.40000000000000e-01 3.65394507100762e-10 2.03437312643463e-10 -3.57882461089870e+04 -3.07234466879605e+04 3.00343592232279e+01 2.95686125007248e+00 3.57882461089870e+04 3.07234466879604e+04 5.05777276786874e-10 2.57982090814340e-10 -4.44738744376265e+01 -1.20657014344029e+01 -3.00343592229573e+01 -2.95686125031281e+00 4.44738744379829e+01 1.20657014342877e+01 4.35087870671790e-10 1.94401207209758e-11
9.60000000000000e-01 3.49878888238782e-10 2.06936753623147e-10 -3.60034328567593e+04 -3.23356977367660e+04 1.47599110079467e+01 2.07508193999850e+01 3.60034328567593e+04 3.23356977367659e+04 5.00880182899515e-10 2.58591338560595e-10 -2.53950078153246e+01 -4.10672053906011e+01 -1.47599110076518e+01 -2.07508194001885e+01 2.53950078157022e+01 4.10672053905322e+01 4.42050733802268e-10 3.00722636904399e-11
9.80000000000000e-01 3.40935956936474e-10 2.06752877882803e-10 -3.53983441264314e+04 -3.46223811740273e+04 -2.94380004303189e+00 9.09835111514352e+00 3.53983441264315e+04 3.46223811740273e+04 5.00124064854047e-10 2.63003435895120e-10 3.95587482589394e+00 -2.85211705016815e+01 2.94380004332089e+00 -9.09835111531729e+00 -3.95587482552753e+00 2.85211705016595e+01 4.44722575926509e-10 4.24314951706946e-11
1.00000000000000e+00 3.34362513076127e-10 2.12400084964330e-10 -3.32400388653574e+04 -3.67416921467711e+04 4.66144555053108e+00 -5.77165631453158e+00 3.32400388653575e+04 3.67416921467710e+04 4.97324988733526e-10 2.76982289222136e-10 -1.31220862478020e+00 -5.44003095501246e+00 -4.66144555025770e+00 5.77165631436651e+00 1.31220862511523e+00 5.44003095501307e+00 4.44849784879174e-10 5.41171048006320e-11
1.02000000000000e+00 3.17732243438863e-10 2.20131335149406e-10 -3.01865447023766e+04 -3.72700427340640e+04 1.26377409387289e+01 -5.02394097679666e-01 3.01865447023766e+04 3.72700427340638e+04 4.78465353449355e-10 2.94620687361134e-10 -1.43078513665940e+01 -1.17676034596528e+01 -1.26377409384615e+01 5.02394097504266e-01 1.43078513669043e+01 1.17676034596447e+01 4.43901726471122e-10 6.81524009768061e-11
1.04000000000000e+00 2.94702002455217e-10 2.12493468884758e-10 -2.78809919550309e+04 -3.61516786782173e+04 8.10378552461542e+00 -1.61829804579399e+00 2.78809919550309e+04 3.61516786782171e+04 4.46376216055537e-10 2.93153897516695e-10 -1.87832736833140e+00 -1.65386011130753e+01 -8.10378552433771e+00 1.61829804561081e+00 1.87832736863705e+00 1.65386011130486e+01 4.35449970651109e-10 8.38240592867240e-11
1.06000000000000e+00 2.87041158833212e-10 1.93018775861954e-10 -2.72492999670513e+04 -3.47683656065839e+04 1.39646031807589e+01 -9.42396136064288e+00 2.72492999670514e+04 3.47683656065837e+04 4.29001916403362e-10 2.70132858280883e-10 1.38835597660479e+00 -1.60386606733268e+00 -1.39646031804745e+01 9.42396136045858e+00 -1.38835597629442e+00 1.60386606730153e+00 4.20647682609310e-10 9.39657064868525e-11
1.08000000000000e+00 2.92327163229469e-10 1.81247755181276e-10 -2.74867588303873e+04 -3.45666008149674e+04 2.85916064017504e+01 -9.63536469418758e+00 2.74867588303875e+04 3.45666008149672e+04 4.34690625860061e-10 2.50454625414416e-10 -1.04848625120503e+01 3.85245874871262e+00 -2.85916064014665e+01 9.63536469399541e+00 1.04848625123570e+01 -3.85245874874785e+00 4.02484272934248e-10 9.58274813414669e-11
1.10000000000000e+00 3.00959369311283e-10 1.77269138932175e-10 -2.71029617846742e+04 -3.54614179327933e+04 4.44945402958397e+01 6.15672387341812e+00 2.71029617846745e+04 3.54614179327931e+04 4.50732343863507e-10 2.46545026258911e-10 -1.39410312442189e+01 -2.92613143855433e+00 -4.44945402955500e+01 -6.15672387362920e+00 1.39410312445224e+01 2.92613143850535e+00 3.90223632826761e-10 8.58669819812032e-11
1.12000000000000e+00 3.11275746394217e-10 1.84164884846761e-10 -2.55241486019590e+04 -3.61935079538630e+04 4.10859817349835e+01 3.56873465059987e+01 2.55241486019592e+04 3.61935079538629e+04 4.65536115070683e-10 2.62913099234554e-10 -6.55417101840380e+00 7.37042491958675e-01 -4.10859817346681e+01 -3.56873465062322e+01 6.55417101871087e+00 -7.37042492029273e-01 3.93114120223187e-10 7.84251869063923e-11
1.14000000000000e+00 3.12311119395160e-10 2.03294900103186e-10 -2.36527533613721e+04 -3.57986346925419e+04 1.33075861541483e+01 4.94305587277636e+01 2.36527533613723e+04 3.57986346925417e+04 4.60954354713738e-10 2.95771267183369e-10 -1.28557285391340e+01 1.94832405022883e+01 -1.33075861537942e+01 -4.94305587280127e+01 1.28557285394605e+01 -1.94832405023836e+01 3.95423299412196e-10 8.70338267443288e-11
1.16000000000000e+00 2.93529780979937e-10 2.24020012887699e-10 -2.25097619458351e+04 -3.47167838217208e+04 -2.85036247409918e+00 3.88479973487464e+01 2.25097619458354e+04 3.47167838217206e+04 4.25962179767501e-10 3.24464207394799e-10 -4.68074859953280e+01 2.65297740353231e+01 2.85036247449950e+00 -3.88479973489960e+01 4.68074859956898e+01 -2.65297740354327e+01 3.79738137877677e-10 9.79697521374675e-11
1.18000000000000e+00 2.59476150355602e-10 2.25430868799862e-10 -2.20941583492413e+04 -3.37448340765950e+04 -7.32108091382461e+00 4.18142663614470e+01 2.20941583492417e+04 3.37448340765948e+04 3.72652235678700e-10 3.22283366436594e-10 -7.97850315736056e+01 -8.06327667531104e+00 7.32108091427289e+00 -4.18142663616824e+01 7.97850315740146e+01 8.06327667519792e+00 3.54976548871592e-10 9.14499537582361e-11
1.20000000000000e+00 2.35048186548669e-10 2.04886045586039e-10 -2.20245858915286e+04 -3.30659989607671e+04 -3.47409264861756e+01 4.20047173165846e+01 2.20245858915290e+04 3.30659989607669e+04 3.34175098299391e-10 2.88402772768354e-10 -6.97349613077686e+01 -5.96131695775825e+01 3.47409264866663e+01 -4.20047173167813e+01 6.97349613082235e+01 5.96131695774965e+01 3.38850271812387e-10 6.83654207664968e-11
1.22000000000000e+00 2.26940838844662e-10 1.81962939275609e-10 -2.22842036306809e+04 -3.27365942349813e+04 -5.68638787146111e+01 8.84722932067727e+00 2.22842036306813e+04 3.27365942349813e+04 3.19653611932345e-10 2.48158627105001e-10 -2.44298810066639e+01 -8.57498757416837e+01 5.68638787151186e+01 -8.84722932082745e+00 2.44298810071396e+01 8.57498757416441e+01 3.39276714358059e-10 4.01390308192232e-11
1.24000000000000e+00 2.25545028041850e-10 1.62594444548452e-10 -2.26131009993857e+04 -3.31165088426456e+04 -4.37127814950555e+01 -3.12793726596449e+01 2.26131009993861e+04 3.31165088426455e+04 3.19976779424192e-10 2.10053754889063e-10 2.32448859243370e+01 -6.47621890651015e+01 4.37127814955657e+01 3.12793726595334e+01 -2.32448859238609e+01 6.47621890650952e+01 3.52474291575667e-10 1.77452041852940e-11
1.26000000000000e+00 2.29427382264226e-10 1.43871829379054e-10 -2.23427399453095e+04 -3.41080108413386e+04 -1.05043159806548e+01 -4.88701640375558e+01 2.23427399453099e+04 3.41080108413387e+04 3.33395035398123e-10 1.76568188712569e-10 2.31986261585455e+01 -2.05399601722027e+01 1.05043159811658e+01 4.88701640374684e+01 -2.31986261580700e+01 2.05399601722198e+01 3.72099477123280e-10 2.85594151832758e-12
1.28000000000000e+00 2.41589982256459e-10 1.29810278612162e-10 -2.11529983020141e+04 -3.50757283986157e+04 2.58913478484748e+01 -4.73643931828509e+01 2.11529983020145e+04 3.50757283986158e+04 3.57912166845609e-10 1.52644064596314e-10 -9.81517511782167e+00 -1.32349765167486e+01 -2.58913478479623e+01 4.73643931827893e+01 9.81517511829671e+00 1.32349765167952e+01 3.97255509194098e-10 -3.77570478246448e-12
1.30000000000000e+00 2.54453236045155e-10 1.27261806040703e-10 -1.92779284283329e+04 -3.53272342542410e+04 6.29129116405559e+01 -1.98586121298932e+01 1.92779284283333e+04 3.53272342542411e+04 3.86416536956122e-10 1.44245577066786e-10 -2.03678367282283e+01 -4.36574300987154e+01 -6.29129116400509e+01 1.98586121298654e+01 2.03678367286916e+01 4.36574300987954e+01 4.23389022549986e-10 4.36032029298015e-12
1.32000000000000e+00 2.58026964680420e-10 1.28100021640006e-10 -1.73864326166567e+04 -3.45252108142213e+04 6.71155741437070e+01 4.07238375141789e+01 1.73864326166570e+04 3.45252108142214e+04 4.07567748466012e-10 1.46303293565544e-10 8.69211775479828e+00 -6.54079403889124e+01 -6.71155741432173e+01 -4.07238375141815e+01 -8.69211775436288e+00 6.54079403890150e+01 4.35112788935772e-10 2.36577576864230e-11
1.34000000000000e+00 2.59582724241484e-10 1.21126599981086e-10 -1.63154181347113e+04 -3.28820383209671e+04 1.30336123900059e+01 7.96891131024824e+01 1.63154181347116e+04 3.28820383209673e+04 4.23692052568333e-10 1.48978497389597e-10 4.22621233225332e+01 -5.33372723942478e+01 -1.30336123895326e+01 -7.96891131024653e+01 -4.22621233221287e+01 5.33372723943536e+01 4.32345704517492e-10 3.41549840354342e-11
1.36000000000000e+00 2.69726862162566e-10 1.13305243195356e-10 -1.63743367730492e+04 -3.14087698635427e+04 -4.39119041398023e+01 5.85916069071492e+01 1.63743367730495e+04 3.14087698635428e+04 4.39644862130007e-10 1.54558909953003e-10 5.94383506977425e+01 -2.60353206457846e+01 4.39119041402523e+01 -5.85916069071205e+01 -5.94383506973624e+01 2.60353206458851e+01 4.33819672930260e-10 3.19442199888574e-11
1.38000000000000e+00 2.81998654740757e-10 1.12587732342864e-10 -1.68605067940201e+04 -3.06843254392515e+04 -6.08340936374691e+01 8.77388879302097e+00 1.68605067940203e+04 3.06843254392517e+04 4.50514417249742e-10 1.62932342160434e-10 6.04244056954786e+01 6.34126132430100e+00 6.08340936378898e+01 -8.77388879299776e+00 -6.04244056951187e+01 -6.34126132421171e+00 4.46074305880418e-10 3.06718653673821e-11
1.40000000000000e+00 2.92688485765727e-10 1.13967678677848e-10 -1.71293379832653e+04 -3.05642733704214e+04 -3.58168373124605e+01 -2.87790984064685e+01 1.71293379832654e+04 3.05642733704215e+04 4.60897884271011e-10 1.66976701254796e-10 4.44349567483907e+01 3.69332639958874e+01 3.58168373128691e+01 2.87790984064715e+01 -4.44349567480386e+01 -3.69332639958164e+01 4.62606417322174e-10 3.78017972114107e-11
1.42000000000000e+00 3.05870748101941e-10 1.17433922852505e-10 -1.69606006571791e+04 -3.04287972525945e+04 -7.50801603560068e-01 -2.97828897288158e+01 1.69606006571792e+04 3.04287972525946e+04 4.78888507248939e-10 1.74491787270942e-10 1.03410543471505e+01 5.57526843366314e+01 7.50801603969431e-01 2.97828897288015e+01 -1.03410543468001e+01 -5.57526843365713e+01 4.77054691465707e-10 5.45306086574147e-11
1.44000000000000e+00 3.21590905733033e-10 1.28370925160170e-10 -1.68687411831346e+04 -2.99595278710222e+04 1.47371110869578e+01 -8.16894501855597e+00 1.68687411831347e+04 2.99595278710223e+04 4.96580433764303e-10 1.95452375878955e-10 -3.31148450804699e+01 4.89900547784326e+01 -1.47371110865418e+01 8.16894501852918e+00 3.31148450808185e+01 -4.89900547783829e+01 4.83210661302193e-10 7.83050803586342e-11
1.46000000000000e+00 3.32582432825588e-10 1.51599086338481e-10 -1.72581232428321e+04 -2.95620557077010e+04 4.59005242187568e+00 8.97613661460827e+00 1.72581232428322e+04 2.95620557077010e+04 5.01720718116544e-10 2.26232813234020e-10 -6.02687477052654e+01 8.50153418448858e+00 -4.59005242144861e+00 -8.97613661464738e+00 6.02687477056079e+01 -8.50153418445646e+00 4.77531979958254e-10 1.03574688400510e-10
1.48000000000000e+00 3.27460888847071e-10 1.81534849329466e-10 -1.77737098907519e+04 -2.97947981489455e+04 -9.26698431626266e+00 4.90865916302169e+00 1.77737098907520e+04 2.97947981489455e+04 4.90209200905564e-10 2.55220381505013e-10 -4.50949680483969e+01 -3.25871751240761e+01 9.26698431670829e+00 -4.90865916306746e+00 4.50949680487436e+01 3.25871751240836e+01 4.59959387685619e-10 1.21846627949057e-10
1.50000000000000e+00 3.05262013296183e-10 2.03474489419159e-10 -1.77509461857414e+04 -3.03794188350077e+04 -7.55549277700678e+00 -4.55432064870729e+00 1.77509461857416e+04 3.03794188350077e+04 4.68960619436072e-10 2.71082021312195e-10 -1.45606317327932e+01 -4.37049067975891e+01 7.55549277748059e+00 4.55432064865670e+00 1.45606317331577e+01 4.37049067975716e+01 4.39049656202973e-10 1.26655029212139e-10
1.52000000000000e+00 2.78482325705628e-10 2.08984406221844e-10 -1.73457209212280e+04 -3.06411970104707e+04 -5.74941077461762e+00 -2.92745620238536e+00 1.73457209212281e+04 3.06411970104707e+04 4.51984061659731e-10 2.75157787475245e-10 6.01223495565050e+00 -3.43649315448134e+01 5.74941077512524e+00 2.92745620234667e+00 -6.01223495525411e+00 3.43649315447757e+01 4.23985930657718e-10 1.22198928836110e-10
1.54000000000000e+00 2.58169417218581e-10 2.05889607169730e-10 -1.71698741532234e+04 -3.06786426382197e+04 -1.03885106855058e+01 -1.02097108447172e+01 1.71698741532236e+04 3.06786426382197e+04 4.40658741817060e-10 2.79390378483644e-10 1.33006378743220e+01 -2.16434090052411e+01 1.03885106860385e+01 1.02097108447046e+01 -1.33006378738808e+01 2.16434090051979e+01 4.14984108174450e-10 1.15448477170340e-10
1.56000000000000e+00 2.39827581747044e-10 2.01126261778370e-10 -1.71229147708675e+04 -3.10129401341108e+04 -5.54974987443679e-01 -1.97593481749755e+01 1.71229147708676e+04 3.10129401341108e+04 4.26817478720293e-10 2.83833676697229e-10 1.44168209557691e+01 -9.04323355702718e+00 5.54974987987118e-01 1.97593481749973e+01 -1.44168209552858e+01 9.04323355700350e+00 4.09941700998163e-10 1.07467530927769e-10
1.58000000000000e+00 2.22941576773267e-10 1.91953680451883e-10 -1.67327461797040e+04 -3.16155520793486e+04 9.72688169542059e+00 -1.84001486692513e+01 1.67327461797041e+04 3.16155520793486e+04 4.14221834234346e-10 2.84272533302319e-10 6.63051110220886e+00 3.79787813330665e+00 -9.72688169488335e+00 1.84001486693038e+01 -6.63051110169836e+00 -3.79787813329485e+00 4.09956806052796e-10 1.00339636143008e-10
1.60000000000000e+00 2.08441673521380e-10 1.82858549936919e-10 -1.58384193726018e+04 -3.20478391456515e+04 1.97187172693978e+01 -1.60430398848519e+01 1.58384193726019e+04 3.20478391456515e+04 4.03708754221247e-10 2.89656358839253e-10 -1.38293206082423e+01 6.36662519328759e+00 -1.97187172688748e+01 1.60430398849187e+01 1.38293206087566e+01 -6.36662519323957e+00 4.11160184556611e-10 9.79857953895586e-11
1.62000000000000e+00 1.86187242021945e-10 1.72238189245510e-10 -1.47346740259244e+04 -3.19439019497660e+04 2.91434471477686e+01 -6.24905251356352e+00 1.47346740259246e+04 3.19439019497660e+04 3.77487601899531e-10 3.00239554322506e-10 -2.77841633733429e+01 -1.50820530624710e+01 -2.91434471472483e+01 6.24905251362310e+00 2.77841633738507e+01 1.50820530625350e+01 4.07166631682456e-10 9.67901948506537e-11
1.64000000000000e+00 1.58530355393457e-10 1.40925697378162e-10 -1.38921938044218e+04 -3.12939355388092e+04 3.34341507476554e+01 5.90960581369022e+00 1.38921938044220e+04 3.12939355388091e+04 3.30809351678456e-10 2.85591137890211e-10 -1.66707986495407e+01 -3.69215316643157e+01 -3.34341507471191e+01 -5.90960581362581e+00 1.66707986500588e+01 3.69215316643837e+01 3.99619342356809e-10 8.81955837594305e-11
1.66000000000000e+00 1.53946686587980e-10 8.69288178349346e-11 -1.36145958509741e+04 -3.05799452709599e+04 3.52291858416388e+01 2.38824575813693e+01 1.36145958509744e+04 3.05799452709598e+04 3.03178418622847e-10 2.31167953515051e-10 5.44107605790058e+00 -4.52718463942946e+01 -3.52291858410816e+01 -2.38824575812849e+01 -5.44107605735461e+00 4.52718463943869e+01 3.97750276826365e-10 6.96836025752105e-11
1.68000000000000e+00 1.82877674629459e-10 4.02034799402956e-11 -1.34394229430144e+04 -3.01708005449080e+04 2.04321154840040e+01 4.52429419062073e+01 1.34394229430147e+04 3.01708005449080e+04 3.20360363445688e-10 1.72886879543300e-10 3.11800012751333e+01 -3.27536725726256e+01 -2.04321154834369e+01 -4.52429419060930e+01 -3.11800012745778e+01 3.27536725727666e+01 4.09794955453570e-10 4.72672167226269e-11
1.70000000000000e+00 2.25562960651200e-10 1.85757261150454e-11 -1.31042996040353e+04 -2.95719660107489e+04 -6.76515388058626e+00 5.00745465616401e+01 1.31042996040356e+04 2.95719660107489e+04 3.63011936811070e-10 1.42099197294942e-10 3.31049258516348e+01 -2.19164537440180e+00 6.76515388115028e+00 -5.00745465614882e+01 -3.31049258510950e+01 2.19164537459246e+00 4.37664398043039e-10 3.33267297740471e-11
1.72000000000000e+00 2.63639219395507e-10 1.77986546448266e-11 -1.32342785005204e+04 -2.85921830470206e+04 -2.71273177937665e+01 3.69946978140462e+01 1.32342785005206e+04 2.85921830470207e+04 4.04754066053742e-10 1.39224989445577e-10 1.24266314277646e+01 1.11554172733848e+01 2.71273177943092e+01 -3.69946978138649e+01 -1.24266314272629e+01 -1.11554172731566e+01 4.69479869479001e-10 3.90644417471896e-11
1.74000000000000e+00 2.89116952501966e-10 2.67458119651005e-11 -1.40982480803229e+04 -2.79344226837329e+04 -3.40150247643381e+01 2.21207561425162e+01 1.40982480803231e+04 2.79344226837330e+04 4.32563338511056e-10 1.50594534128431e-10 -4.43074717201891e+00 6.64865307868536e+00 3.40150247648572e+01 -2.21207561423212e+01 4.43074717247645e+00 -6.64865307844001e+00 4.88949966114837e-10 5.78996296999985e-11
1.76000000000000e+00 3.04204991925245e-10 3.11917711941925e-11 -1.51189477492866e+04 -2.80603069117900e+04 -3.81775434252106e+01 9.65557879030178e+00 1.51189477492867e+04 2.80603069117901e+04 4.47972504741569e-10 1.60055708529932e-10 -1.39021741172770e+01 -3.83162679897337e+00 3.81775434257053e+01 -9.65557879010435e+00 1.39021741176894e+01 3.83162679921885e+00 4.95736075150118e-10 7.52765356311667e-11
1.78000000000000e+00 3.26090096605487e-10 2.81960658965695e-11 -1.56908417015212e+04 -2.86425775858073e+04 -3.93773268538461e+01 -5.38429942273913e+00 1.56908417015214e+04 2.86425775858074e+04 4.66068259842320e-10 1.63179998579475e-10 -1.66729718143052e+01 -1.93679975368913e+01 3.93773268543258e+01 5.38429942293645e+00 1.66729718146747e+01 1.93679975371184e+01 4.98252915090975e-10 8.55277766029847e-11
1.80000000000000e+00 3.58403619936685e-10 3.77494330377805e-11 -1.59835199106484e+04 -2.90821892342216e+04 -3.05505870669892e+01 -2.28561500231373e+01 1.59835199106485e+04 2.90821892342216e+04 4.91374146874853e-10 1.74165146385731e-10 -7.73665249076915e+00 -3.62194941116596e+01 3.05505870674572e+01 2.28561500233232e+01 7.73665249110609e+00 3.62194941118495e+01 5.05306615323682e-10 9.14252303515400e-11
1.82000000000000e+00 3.81418677387383e-10 6.19815710481682e-11 -1.65207643440102e+04 -2.95799548279640e+04 -1.29597433414042e+01 -2.72828680161970e+01 1.65207643440104e+04 2.95799548279639e+04 5.12693539778403e-10 1.95899526035209e-10 1.40753661210652e+01 -4.49019221926868e+01 1.29597433418714e+01 2.72828680163730e+01 -1.40753661207353e+01 4.49019221928324e+01 5.17420161327857e-10 1.03550422173821e-10
1.84000000000000e+00 3.93477741553362e-10 8.76535952206304e-11 -1.70188734005982e+04 -3.06736529862402e+04 -3.26323315427936e+00 -2.34479524475797e+01 1.70188734005984e+04 3.06736529862402e+04 5.27839490453577e-10 2.24280313562439e-10 3.95664990190490e+01 -3.51219741564955e+01 3.26323315475301e+00 2.34479524477475e+01 -3.95664990187056e+01 3.51219741565983e+01 5.22595160474276e-10 1.25638020212390e-10
1.86000000000000e+00 3.98850578560695e-10 1.12882634468875e-10 -1.68149329072945e+04 -3.21413755137931e+04 4.04483303935580e+00 -2.00168997271592e+01 1.68149329072947e+04 3.21413755137931e+04 5.32797459303060e-10 2.59037677174594e-10 5.35336111146036e+01 -1.01208079812617e+01 -4.04483303886669e+00 2.00168997273246e+01 -5.35336111142355e+01 1.01208079813347e+01 5.12953880214553e-10 1.45801386320878e-10
1.88000000000000e+00 3.98787882193070e-10 1.36362410426470e-10 -1.58961593274803e+04 -3.32636071697190e+04 8.39579472294192e+00 -1.51631786253104e+01 1.58961593274805e+04 3.32636071697191e+04 5.24510594477415e-10 2.91351487321038e-10 5.06339056891173e+01 2.07048864069963e+01 -8.39579472243751e+00 1.51631786254793e+01 -5.06339056887161e+01 -2.07048864069367e+01 4.95624346938601e-10 1.52800585093931e-10
1.90000000000000e+00 3.95780839840359e-10 1.59101954964281e-10 -1.47799809302581e+04 -3.37391947167382e+04 1.41019289148226e+01 -1.06392398460493e+01 1.47799809302583e+04 3.37391947167382e+04 5.12172566673129e-10 3.17692905730402e-10 2.64538282317656e+01 4.47869291833124e+01 -1.41019289142958e+01 1.06392398462227e+01 -2.64538282313285e+01 -4.47869291832605e+01 4.82102123512511e-10 1.44719884306927e-10
1.92000000000000e+00 3.86382500164235e-10 1.86179503057982e-10 -1.39742080169171e+04 -3.36715353932964e+04 1.70741498831118e+01 8.78435799587451e-01 1.39742080169173e+04 3.36715353932964e+04 4.94832326749495e-10 3.48303639656579e-10 -5.71224710657252e+00 4.73789651154156e+01 -1.70741498825545e+01 -8.78435799397811e-01 5.71224710704609e+00 -4.73789651153621e+01 4.81933334543751e-10 1.29116987998951e-10
1.94000000000000e+00 3.56724122364855e-10 2.09020414819703e-10 -1.37766697009562e+04 -3.36063079674937e+04 9.66871206552752e+00 1.06986281115676e+01 1.37766697009564e+04 3.36063079674937e+04 4.54803378834560e-10 3.76604747944842e-10 -3.23424576233183e+01 3.25885755261048e+01 -9.66871206494533e+00 -1.06986281113407e+01 3.23424576238320e+01 -3.25885755260362e+01 4.94124828178365e-10 1.16353876060643e-10
1.96000000000000e+00 3.17959422498101e-10 2.02682668384247e-10 -1.38095274375307e+04 -3.40506279383394e+04 6.97351424645026e-01 1.18047674714172e+01 1.38095274375309e+04 3.40506279383394e+04 3.97847041872769e-10 3.73902353298662e-10 -4.25753677150952e+01 6.51979945652147e+00 -6.97351424047643e-01 -1.18047674711327e+01 4.25753677156440e+01 -6.51979945641949e+00 5.13690161981190e-10 1.10276247814626e-10
1.98000000000000e+00 3.00507081843977e-10 1.72000981411949e-10 -1.35569275340128e+04 -3.49669199044484e+04 -2.53663683597176e+00 1.03980415658068e+01 1.35569275340130e+04 3.49669199044485e+04 3.57543822977890e-10 3.34347223702682e-10 -3.99656154170254e+01 -1.43863167745137e+01 2.53663683654583e+00 -1.03980415654592e+01 3.99656154175871e+01 1.43863167746621e+01 5.36871554510265e-10 1.11881710343484e-10
2.00000000000000e+00 3.13924751227179e-10 1.44233616012596e-10 -1.26899154142527e+04 -3.60014516289786e+04 -7.77735484356800e+00 1.49642405771481e+01 1.26899154142529e+04 3.60014516289786e+04 3.57482684974496e-10 2.84278938688195e-10 -2.91866906250474e+01 -3.27817068472807e+01 7.77735484409511e+00 -1.49642405767535e+01 2.91866906255991e+01 3.27817068474655e+01 5.61323511107238e-10 1.20656370881714e-10
2.02000000000000e+00 3.39505913358682e-10 1.42397814164851e-10 -1.12488156343082e+04 -3.65747736404551e+04 -2.05761363974295e+01 1.27583328930017e+01 1.12488156343084e+04 3.65747736404551e+04 3.86828474059142e-10 2.60090643721304e-10 -1.31043026753411e+01 -4.19595445876546e+01 2.05761363979024e+01 -1.27583328925957e+01 1.31043026758783e+01 4.19595445878659e+01 5.86053871741649e-10 1.37871266203715e-10
2.04000000000000e+00 3.49435637562445e-10 1.57808049497164e-10 -9.83544493478500e+03 -3.64269791529707e+04 -3.09840277068864e+01 4.17386218504508e+00 9.83544493478518e+03 3.64269791529707e+04 4.09024548818722e-10 2.66274493337966e-10 8.10780558181245e+00 -4.65858469343184e+01 3.09840277073274e+01 -4.17386218464851e+00 -8.10780558128324e+00 4.65858469345403e+01 6.05087120665660e-10 1.65224079051695e-10
2.06000000000000e+00 3.43916760171432e-10 1.64927122224774e-10 -8.79438832115337e+03 -3.58887316564060e+04 -3.92608019370093e+01 -1.52403781795217e+01 8.79438832115358e+03 3.58887316564060e+04 4.10205614155142e-10 2.75311754604053e-10 3.08677771839132e+01 -3.29471283493637e+01 3.92608019374249e+01 1.52403781799126e+01 -3.08677771833914e+01 3.29471283496043e+01 6.13008828122982e-10 1.94400701019503e-10
2.08000000000000e+00 3.44380235831363e-10 1.60205331676232e-10 -8.19610234098520e+03 -3.51156185807925e+04 -2.85606052547118e+01 -3.86617552612728e+01 8.19610234098543e+03 3.51156185807925e+04 4.08578953016151e-10 2.72558201978445e-10 4.08693540289618e+01 -8.44958332397663e+00 2.85606052551020e+01 3.86617552616589e+01 -4.08693540284539e+01 8.44958332422859e+00 6.17285578576408e-10 2.20336864714624e-10
2.10000000000000e+00 3.53250779369070e-10 1.61198731815193e-10 -8.26971766499278e+03 -3.44337812056567e+04 -7.08044326071504e+00 -4.76987340689102e+01 8.26971766499302e+03 3.44337812056566e+04 4.12798719174810e-10 2.70733628854335e-10 3.25822432006596e+01 2.27186526064070e+01 7.08044326108566e+00 4.76987340692822e+01 -3.25822432001612e+01 -2.27186526061586e+01 6.19001521774302e-10 2.48084544442267e-10
2.12000000000000e+00 3.55629692508545e-10 1.67671176227904e-10 -8.64378159626262e+03 -3.44090817255584e+04 1.11449227652375e+01 -4.87765430861605e+01 8.64378159626286e+03 3.44090817255584e+04 4.10918400609305e-10 2.71427726751870e-10 8.81984293121230e-01 4.28601272611722e+01 -1.11449227648751e+01 4.87765430865208e+01 -8.81984292632345e-01 -4.28601272609252e+01 6.13660193932384e-10 2.75681068525263e-10
2.14000000000000e+00 3.53296135236682e-10 1.64368006145798e-10 -8.76459455705965e+03 -3.47252574193897e+04 3.71591775734196e+01 -4.18352006973241e+01 8.76459455705992e+03 3.47252574193896e+04 4.05694020969678e-10 2.58438064920901e-10 -4.36887563303315e+01 3.54456486442453e+01 -3.71591775730649e+01 4.18352006976666e+01 4.36887563308196e+01 -3.54456486440059e+01 6.03716474607228e-10 2.97078353686054e-10
2.16000000000000e+00 3.63604871395204e-10 1.52978442459161e-10 -8.84256627764096e+03 -3.51823491562138e+04 5.47723472679387e+01 -1.15819842022103e+01 8.84256627764126e+03 3.51823491562138e+04 4.19266544934448e-10 2.35037670094199e-10 -7.17583475816580e+01 -9.63657404771650e+00 -5.47723472675776e+01 1.15819842025332e+01 7.17583475821628e+01 9.63657404794854e+00 5.95155009524378e-10 3.13348496215687e-10
2.18000000000000e+00 3.87189517031821e-10 1.50318675441792e-10 -8.75730455669653e+03 -3.58330486424447e+04 4.14647453248647e+01 2.51122576662818e+01 8.75730455669688e+03 3.58330486424447e+04 4.51657091142484e-10 2.24774656510386e-10 -5.19457977130498e+01 -5.84025067206688e+01 -4.14647453244794e+01 -2.51122576659690e+01 5.19457977135816e+01 5.84025067209045e+01 5.88947521930807e-10 3.27477075708427e-10
2.20000000000000e+00 4.12642745850016e-10 1.59600595276227e-10 -8.65314206959614e+03 -3.65197494942896e+04 7.19651583568876e+00 3.33567151853503e+01 8.65314206959651e+03 3.65197494942896e+04 4.86434650807871e-10 2.31683729445742e-10 -1.40005650750591e+01 -6.55174544907507e+01 -7.19651583527590e+00 -3.33567151850354e+01 1.40005650756178e+01 6.55174544910077e+01 5.86155982620007e-10 3.40726145024233e-10
2.22000000000000e+00 4.38080998625947e-10 1.78294342945979e-10 -8.59919471739838e+03 -3.76172649342242e+04 -1.17534908788439e+01 2.04198809459882e+01 8.59919471739876e+03 3.76172649342242e+04 5.20059740317270e-10 2.52868200705752e-10 -5.27107053918371e+00 -5.48181544208662e+01 1.17534908792877e+01 -2.04198809456416e+01 5.27107053976767e+00 5.48181544211611e+01 5.88488723360474e-10 3.56939693476042e-10
2.24000000000000e+00 4.59219188154389e-10 2.10671050109116e-10 -8.03014138295039e+03 -3.92735600628173e+04 -2.25609119589002e+01 8.67853864822638e+00 8.03014138295076e+03 3.92735600628174e+04 5.43169196892212e-10 2.92422961184404e-10 -4.72542116337521e+00 -6.81151465928262e+01 2.25609119593558e+01 -8.67853864782818e+00 4.72542116396366e+00 6.81151465931721e+01 5.92941376086684e-10 3.83161686763852e-10
2.26000000000000e+00 4.63982238204346e-10 2.52260304341787e-10 -6.50858426527516e+03 -4.09214370671203e+04 -3.13026016568961e+01 -1.41772937692149e+01 6.50858426527552e+03 4.09214370671205e+04 5.40644055197317e-10 3.36268875082971e-10 2.39765225785448e+01 -8.04694892700885e+01 3.13026016573305e+01 1.41772937696663e+01 -2.39765225779791e+01 8.04694892704880e+01 5.87080219808843e-10 4.22485394487519e-10
2.28000000000000e+00 4.52317147843836e-10 2.87194486914991e-10 -4.39356953438577e+03 -4.18917053034559e+04 -1.22875368755754e+01 -4.05870058570190e+01 4.39356953438609e+03 4.18917053034561e+04 5.22760677775298e-10 3.63203455012394e-10 4.66487570149986e+01 -6.37825098908212e+01 1.22875368759707e+01 4.05870058574967e+01 -4.66487570144700e+01 6.37825098912490e+01 5.59151656431844e-10 4.59616059837240e-10
2.30000000000000e+00 4.36608917794317e-10 3.11285553639743e-10 -2.20437203385839e+03 -4.23073937697385e+04 1.48610447907685e+01 -3.56731714489108e+01 2.20437203385870e+03 4.23073937697387e+04 5.08525496061248e-10 3.74729231374210e-10 5.41308647921642e+01 -5.37528354277763e+01 -1.48610447904024e+01 3.56731714494003e+01 -5.41308647916588e+01 5.37528354282132e+01 5.21079118337905e-10 4.77769674660893e-10
2.32000000000000e+00 4.22366963569944e-10 3.28436422282924e-10 9.37418719108475e+01 -4.21337549263457e+04 1.92376247278892e+01 -2.39015307793380e+01 -9.37418719105767e+01 4.21337549263459e+04 5.04017925997804e-10 3.82617319688209e-10 6.31823399219604e+01 -3.72247066521389e+01 -1.92376247275523e+01 2.39015307798414e+01 -6.31823399214782e+01 3.72247066525809e+01 4.88650309893232e-10 4.78815321749014e-10
2.34000000000000e+00 4.14162134976881e-10 3.44137659527149e-10 1.81475144502030e+03 -4.12518857438595e+04 2.50792423968596e+01 -2.53644163841974e+01 -1.81475144502006e+03 4.12518857438596e+04 5.05599647237174e-10 3.96443522595308e-10 4.80528623772732e+01 -2.82368342207928e+01 -2.50792423965529e+01 2.53644163847116e+01 -4.80528623768128e+01 2.82368342212359e+01 4.69818696987283e-10 4.73151028551083e-10
2.36000000000000e+00 4.06875027767874e-10 3.68740276894669e-10 2.58447006271456e+03 -4.07894826072711e+04 4.24099609533678e+01 -1.46100754782628e+01 -2.58447006271434e+03 4.07894826072713e+04 5.03435178990660e-10 4.19319538522666e-10 4.78015445506140e+01 -5.84906738732639e+01 -4.24099609530855e+01 1.46100754787699e+01 -4.78015445501486e+01 5.84906738737118e+01 4.62602395983406e-10 4.71301698921559e-10
2.38000000000000e+00 3.86170856542425e-10 3.99049706485437e-10 3.71974230409754e+03 -4.16331502768407e+04 4.08644625349221e+01 1.49130395408004e+01 -3.71974230409733e+03 4.16331502768408e+04 4.89019348053867e-10 4.43406123489943e-10 1.07327315617067e+02 -7.86736397256760e+01 -4.08644625346548e+01 -1.49130395402901e+01 -1.07327315616596e+02 7.86736397261460e+01 4.60539457313308e-10 4.80664585743832e-10
2.40000000000000e+00 3.51713420606426e-10 4.18326419515357e-10 6.87601605310174e+03 -4.25006162522402e+04 9.97067650927047e+00 2.55126184259608e+01 -6.87601605310154e+03 4.25006162522404e+04 4.67231390313904e-10 4.55265374677720e-10 1.82039559925061e+02 -1.74939656166675e+01 -9.97067650901322e+00 -2.55126184254338e+01 -1.82039559924593e+02 1.74939656171876e+01 4.50197650287632e-10 5.00640357786397e-10
2.42000000000000e+00 3.18904708255326e-10 4.23541381986959e-10 1.11579109769431e+04 -4.09815654923634e+04 -6.78472400938180e+00 2.88072950333478e-01 -1.11579109769429e+04 4.09815654923635e+04 4.54614340212089e-10 4.58475004805831e-10 1.71509172585830e+02 9.73132901362553e+01 6.78472400960984e+00 -2.88072949774597e-01 -1.71509172585393e+02 -9.73132901356830e+01 4.27726465800510e-10 5.17600670434573e-10
2.44000000000000e+00 2.90082442271803e-10 4.25580621556201e-10 1.38653277277186e+04 -3.71569916347878e+04 1.26920204384443e+01 -1.87195783696348e+01 -1.38653277277184e+04 3.71569916347880e+04 4.46622541985306e-10 4.68891931221347e-10 7.91288662654381e+01 1.54197288869973e+02 -1.26920204382862e+01 1.87195783702101e+01 -7.91288662650734e+01 -1.54197288869361e+02 4.02194266408427e-10 5.26245911156074e-10
2.46000000000000e+00 2.57349074465027e-10 4.22255539762404e-10 1.41525540406958e+04 -3.33105706262501e+04 3.52225327110946e+01 -2.30209176172933e+00 -1.41525540406957e+04 3.33105706262502e+04 4.30969890288319e-10 4.80597867960809e-10 -6.79094611719413e-01 1.31016946806515e+02 -3.52225327110008e+01 2.30209176228511e+00 6.79094611995615e-01 -1.31016946805904e+02 3.78052233970806e-10 5.29337478708791e-10
2.48000000000000e+00 2.28212800805992e-10 4.04616707230588e-10 1.34206498242130e+04 -3.07439162230218e+04 2.13856723701954e+01 2.43669000542402e+01 -1.34206498242129e+04 3.07439162230219e+04 4.12915341105403e-10 4.86031292241805e-10 -3.18748954122178e+01 8.84022133989045e+01 -2.13856723701488e+01 -2.43669000537365e+01 3.18748954124305e+01 -8.84022133983427e+01 3.56850061967024e-10 5.30852019613829e-10
2.50000000000000e+00 2.13635199349196e-10 3.81395184982126e-10 1.27625952373777e+04 -2.88859404659076e+04 -6.74221383143781e+00 1.48043969419204e+01 -1.27625952373775e+04 2.88859404659077e+04 3.95222284406613e-10 4.86699461273303e-10 -3.95585297172233e+01 5.72251737996381e+01 6.74221383147572e+00 -1.48043969414626e+01 3.95585297174170e+01 -5.72251737991381e+01 3.32782677749692e-10 5.33280136085654e-10
2.52000000000000e+00 2.09120705132952e-10 3.62948409767844e-10 1.19172078757704e+04 -2.70089346229731e+04 -3.46696014588564e+00 -8.52086338825637e+00 -1.19172078757703e+04 2.70089346229732e+04 3.80304499573527e-10 4.81504782838056e-10 -4.71245205415765e+01 3.44591899529286e+01 3.46696014592836e+00 8.52086338868796e+00 4.71245205417756e+01 -3.44591899524606e+01 3.03200710928183e-10 5.27759871677301e-10
2.54000000000000e+00 2.07149354255231e-10 3.50055124871839e-10 1.01938491460195e+04 -2.56443956802054e+04 7.36590236699060e+00 -1.38997619696767e+01 -1.01938491460193e+04 2.56443956802055e+04 3.71880903984952e-10 4.73263727253352e-10 -4.55355769896057e+01 -5.44581640342687e+00 -7.36590236696103e+00 1.38997619700950e+01 4.55355769898066e+01 5.44581640387886e+00 2.76539540729606e-10 5.08972329753540e-10
2.56000000000000e+00 2.03944239485062e-10 3.36813151524054e-10 8.43632492525647e+03 -2.56741765234201e+04 1.89510625234741e+01 -1.92141328154393e+01 -8.43632492525627e+03 2.56741765234201e+04 3.68744670892197e-10 4.65433762129258e-10 -6.45156167226620e+00 -2.98740470667766e+01 -1.89510625234635e+01 1.92141328158334e+01 6.45156167246068e+00 2.98740470672190e+01 2.63451072203827e-10 4.77069191942056e-10
2.58000000000000e+00 2.08818163876980e-10 3.17235439889878e-10 7.56048738525668e+03 -2.64108739194485e+04 3.61237969207079e+01 -1.22877788282874e+01 -7.56048738525647e+03 2.64108739194485e+04 3.73422218610407e-10 4.56716763817162e-10 2.34817828930854e+01 -1.66843555780477e+01 -3.61237969207084e+01 1.22877788286450e+01 -2.34817828928946e+01 1.66843555784729e+01 2.77701166728155e-10 4.45387538855398e-10
2.60000000000000e+00 2.31129309875493e-10 3.07008027772902e-10 7.34058363432105e+03 -2.73274759752302e+04 4.35436856529546e+01 5.39614266222050e+00 -7.34058363432084e+03 2.73274759752303e+04 3.89677596214029e-10 4.58743538822521e-10 3.46398112872373e+01 -5.58128024128065e+00 -4.35436856529470e+01 -5.39614266189405e+00 -3.46398112870426e+01 5.58128024169558e+00 3.12357871089750e-10 4.39316444225626e-10
2.62000000000000e+00 2.53304708146288e-10 3.21386976078549e-10 7.98308748668046e+03 -2.84268092753432e+04 3.66742358508665e+01 2.46081365174971e+01 -7.98308748668025e+03 2.84268092753433e+04 4.01830214173725e-10 4.80324212800724e-10 5.36397612364490e+01 7.50899650327361e+00 -3.66742358508534e+01 -2.46081365171877e+01 -5.36397612362513e+01 -7.50899650286084e+00 3.40307010062279e-10 4.66745604370270e-10
2.64000000000000e+00 2.52308419757752e-10 3.48166325903957e-10 9.76145736258341e+03 -2.88676299056889e+04 1.64600700712115e+01 3.19853962891982e+01 -9.76145736258321e+03 2.88676299056890e+04 3.93627279934982e-10 5.10318521391340e-10 6.09290898472708e+01 4.34519936846636e+01 -1.64600700711933e+01 -3.19853962889026e+01 -6.09290898470746e+01 -4.34519936842546e+01 3.39665952734633e-10 5.10437234781283e-10
2.66000000000000e+00 2.32134835320500e-10 3.60227664600209e-10 1.17891884040698e+04 -2.78777360595157e+04 -1.71341066057427e+00 1.51992817800454e+01 -1.17891884040696e+04 2.78777360595158e+04 3.66859047015064e-10 5.27672891485427e-10 3.99422153420057e+01 7.50321240717974e+01 1.71341066059376e+00 -1.51992817797548e+01 -3.99422153418167e+01 -7.50321240713844e+01 3.12143917177415e-10 5.44971497930301e-10
2.68000000000000e+00 2.13884671310932e-10 3.53948963797442e-10 1.30393563701872e+04 -2.56994259680445e+04 1.31722517351109e+01 -1.01286819478279e+01 -1.30393563701870e+04 2.56994259680447e+04 3.37619244303168e-10 5.24171840648772e-10 4.26443412725746e+00 8.98851199421060e+01 -1.31722517351050e+01 1.01286819481082e+01 -4.26443412708926e+00 -8.98851199416864e+01 2.73352143410949e-10 5.60504146883792e-10
2.70000000000000e+00 2.07258260578503e-10 3.36244000942736e-10 1.28954602439801e+04 -2.30876826203159e+04 4.57817151320533e+01 -2.76922996088005e+00 -1.28954602439799e+04 2.30876826203160e+04 3.22189859916475e-10 5.01766526219609e-10 -3.62953867972763e+01 7.79817558586873e+01 -4.57817151320669e+01 2.76922996113125e+00 3.62953867974102e+01 -7.79817558582784e+01 2.35657280964896e-10 5.56039236643091e-10
2.72000000000000e+00 2.19584846489318e-10 3.17927892367596e-10 1.13791972247866e+04 -2.10787066411801e+04 5.74075771998531e+01 3.22625171331219e+01 -1.13791972247865e+04 2.10787066411802e+04 3.33464815207535e-10 4.77508141365926e-10 -5.50292428836614e+01 4.17195947541132e+01 -5.74075771998697e+01 -3.22625171329167e+01 5.50292428837659e+01 -4.17195947537455e+01 2.12666203460276e-10 5.37341999968460e-10
2.74000000000000e+00 2.45813023171730e-10 3.13402357115791e-10 9.24709030837891e+03 -2.04292981308621e+04 3.42895682931233e+01 6.37295242663400e+01 -9.24709030837879e+03 2.04292981308621e+04 3.63412911983472e-10 4.71449631594999e-10 -4.37387382512796e+01 9.45153517534979e+00 -3.42895682931219e+01 -6.37295242661828e+01 4.37387382513845e+01 -9.45153517503854e+00 2.08780476817752e-10 5.21966832697124e-10
2.76000000000000e+00 2.75667062162086e-10 3.26220462830227e-10 7.59490785116612e+03 -2.10966759830099e+04 -9.75358873505157e-02 6.17377080643738e+01 -7.59490785116597e+03 2.10966759830099e+04 3.98206220239019e-10 4.88141188806916e-10 -1.73075608827202e+01 2.71787482357092e-01 9.75358873929746e-02 -6.17377080642569e+01 1.73075608828619e+01 -2.71787482092853e-01 2.11814888608400e-10 5.19408930516139e-10
2.78000000000000e+00 3.00163600094868e-10 3.59312773203016e-10 7.03043037549630e+03 -2.21750264684763e+04 -8.10001635227750e+00 4.21558887073124e+01 -7.03043037549609e+03 2.21750264684762e+04 4.25223924346341e-10 5.31456420547229e-10 -2.44579581749784e+00 1.66872724466511e+01 8.10001635237289e+00 -4.21558887072059e+01 2.44579581768963e+00 -1.66872724464018e+01 2.13671687130440e-10 5.29344414438133e-10
2.80000000000000e+00 3.04061181364427e-10 4.03741543302661e-10 6.98106667005113e+03 -2.28345031891094e+04 -2.34168888321663e+00 4.47648588930590e+01 -6.98106667005085e+03 2.28345031891093e+04 4.24338690662589e-10 5.89290129812926e-10 -1.63485424758334e+01 3.03891018223924e+01 2.34168888335525e+00 -4.47648588929419e+01 1.63485424760708e+01 -3.03891018221319e+01 2.05086596576609e-10 5.47746092044349e-10
2.82000000000000e+00 2.93375501612865e-10 4.42074511451591e-10 6.78048368896493e+03 -2.35566432093590e+04 -2.05612389764138e+01 5.21962512554437e+01 -6.78048368896461e+03 2.35566432093590e+04 4.00790121477005e-10 6.38346743577148e-10 -3.16240301804455e+01 1.54580097422478e+01 2.05612389765777e+01 -5.21962512553043e+01 3.16240301807056e+01 -1.54580097419619e+01 1.85830909737266e-10 5.64108641252479e-10
2.84000000000000e+00 2.79008848439672e-10 4.80072575191834e-10 7.06518297945322e+03 -2.48574705504641e+04 -3.78602283078901e+01 3.22401065783994e+01 -7.06518297945289e+03 2.48574705504641e+04 3.68848995977420e-10 6.79321216165599e-10 -2.05666674392911e+01 -4.98908888791328e+00 3.78602283080690e+01 -3.22401065782460e+01 2.05666674395607e+01 4.98908888821964e+00 1.61791474200364e-10 5.76298889400286e-10
2.86000000000000e+00 2.50397060563732e-10 5.22900924467554e-10 8.50452840339468e+03 -2.60040346098070e+04 -2.72169329918427e+01 1.32369548234946e+01 -8.50452840339432e+03 2.60040346098071e+04 3.23801220006857e-10 7.15481991291689e-10 4.73368538121467e-01 -4.86839617846955e+00 2.72169329920360e+01 -1.32369548233272e+01 -4.73368537840099e-01 4.86839617878744e+00 1.33086811300622e-10 5.85192458557436e-10
2.88000000000000e+00 2.00786933274462e-10 5.54907881179720e-10 1.05873409797501e+04 -2.59955043141724e+04 -1.57616135071010e+01 1.88767417933538e+01 -1.05873409797497e+04 2.59955043141724e+04 2.67164150197098e-10 7.33697105210598e-10 1.18496809602613e+01 5.28059813089563e+00 1.57616135073057e+01 -1.88767417931695e+01 -1.18496809599664e+01 -5.28059813055857e+00 1.01286957064304e-10 5.87278197604442e-10
2.90000000000000e+00 1.43348520869887e-10 5.62691674779335e-10 1.21588714453361e+04 -2.49011250608211e+04 -2.53217427426629e+01 2.63119843012361e+01 -1.21588714453357e+04 2.49011250608212e+04 2.13600897440983e-10 7.33866851026368e-10 2.11184485713672e+01 1.28230173540492e+01 2.53217427428771e+01 -2.63119843010320e+01 -2.11184485710615e+01 -1.28230173536821e+01 7.11379903412642e-11 5.84914875395695e-10
2.92000000000000e+00 9.68709626154304e-11 5.48539069142940e-10 1.29784208247670e+04 -2.36486730834966e+04 -3.60602894425254e+01 1.54982727451721e+01 -1.29784208247666e+04 2.36486730834969e+04 1.67615251931374e-10 7.21497213084214e-10 4.11717577375705e+01 3.37475175588808e+01 3.60602894427367e+01 -1.54982727449408e+01 -4.11717577372686e+01 -3.37475175584754e+01 3.98439740444087e-11 5.80307899280565e-10
2.94000000000000e+00 7.02884948297807e-11 5.30724728726970e-10 1.35143522860348e+04 -2.24606200381736e+04 -3.42856672260593e+01 2.01137181090740e+00 -1.35143522860345e+04 2.24606200381739e+04 1.34572930141899e-10 7.03394483641352e-10 3.75840578569103e+01 8.65125698831227e+01 3.42856672262569e+01 -2.01137181066016e+00 -3.75840578566276e+01 -8.65125698826848e+01 8.34604392946246e-12 5.71343163506471e-10
2.96000000000000e+00 5.04770098900578e-11 5.22145454665468e-10 1.38009923333799e+04 -2.12263753905171e+04 -2.43937917177314e+01 -6.76594092939568e+00 -1.38009923333795e+04 2.12263753905174e+04 1.08807132745812e-10 6.88632642517795e-10 -1.86074285518718e+01 1.26466788732021e+02 2.43937917179155e+01 6.76594092965614e+00 1.86074285521232e+01 -1.26466788731560e+02 -2.43705973080916e-11 5.59577417516764e-10
2.98000000000000e+00 2.98540462326026e-11 5.14053576037409e-10 1.37870895751544e+04 -1.99850356982088e+04 -1.24538204708650e+01 -3.39713206805311e+00 -1.37870895751542e+04 1.99850356982091e+04 8.64639377876633e-11 6.72251150637111e-10 -8.99738042818585e+01 1.07183632487865e+02 1.24538204710292e+01 3.39713206832071e+00 8.99738042820737e+01 -1.07183632487392e+02 -5.76689274943485e-11 5.38694625939100e-10
3.00000000000000e+00 1.65742188729189e-11 5.09303343013341e-10 1.34047674722189e+04 -1.89336481487224e+04 -1.12555126018262e+01 7.84473372658705e+00 -1.34047674722188e+04 1.89336481487227e+04 7.44758906085277e-11 6.58981086996782e-10 -1.14750841628355e+02 4.93490145899016e+01 1.12555126019692e+01 -7.84473372632352e+00 1.14750841628540e+02 -4.93490145894281e+01 -8.12469136625119e-11 5.12695681215920e-10
3.02000000000000e+00 -4.46243651465366e-13 5.19184119936129e-10 1.29616999975630e+04 -1.82678672580963e+04 -2.28142055513611e+01 1.36973636765425e+01 -1.29616999975629e+04 1.82678672580966e+04 6.42632918203558e-11 6.60027459253724e-10 -9.75841364908026e+01 1.59857215877160e+01 2.28142055514862e+01 -1.36973636762951e+01 9.75841364909597e+01 -1.59857215872481e+01 -1.01528791897007e-10 4.91855455989179e-10
3.04000000000000e+00 -3.69439490194126e-11 5.31329754632687e-10 1.26780929275040e+04 -1.77093610128164e+04 -3.58186090807087e+01 4.97417634955701e+00 -1.26780929275039e+04 1.77093610128167e+04 4.05878107876819e-11 6.70285981995170e-10 -8.79083156995902e+01 1.34011706815950e+01 3.58186090808273e+01 -4.97417634932531e+00 8.79083156997200e+01 -1.34011706811338e+01 -1.25454275461175e-10 4.69041987873888e-10
3.06000000000000e+00 -8.53943439053619e-11 5.28662119691157e-10 1.23752420301775e+04 -1.70930799517213e+04 -3.72401863044895e+01 -1.25157158900146e+01 -1.23752420301775e+04 1.70930799517216e+04 2.24547140287872e-12 6.75079945135557e-10 -1.00550844255894e+02 1.16276325019728e+01 3.72401863045999e+01 1.25157158902290e+01 1.00550844255999e+02 -1.16276325015237e+01 -1.47157033996094e-10 4.42355634200922e-10
3.08000000000000e+00 -1.33588026464800e-10 5.12951671073905e-10 1.19287982395587e+04 -1.64674297746451e+04 -2.42752973072092e+01 -2.30785234535071e+01 -1.19287982395587e+04 1.64674297746453e+04 -4.39739502101913e-11 6.70800169848304e-10 -1.20871152116173e+02 -1.31993816397113e+01 2.42752973073209e+01 2.30785234537072e+01 1.20871152116257e+02 1.31993816401398e+01 -1.70746641593042e-10 4.15368948284235e-10
3.10000000000000e+00 -1.82330002258350e-10 4.88543608654720e-10 1.11790165774771e+04 -1.59638976909207e+04 -1.56937223601795e+01 -2.03980943908401e+01 -1.11790165774771e+04 1.59638976909208e+04 -9.88269684525212e-11 6.53496526664540e-10 -1.18002200826190e+02 -5.60045474336321e+01 1.56937223602835e+01 2.03980943910147e+01 1.18002200826253e+02 5.60045474340465e+01 -1.99395505880988e-10 3.77255720868450e-10
3.12000000000000e+00 -2.31570803600340e-10 4.50559175801953e-10 1.02382690416094e+04 -1.60242114324099e+04 -1.27228621740491e+01 -2.12630850911162e+01 -1.02382690416094e+04 1.60242114324099e+04 -1.53680729565511e-10 6.14787762926968e-10 -9.07604853669145e+01 -8.54319939841926e+01 1.27228621741559e+01 2.12630850912597e+01 9.07604853669503e+01 8.54319939845770e+01 -2.17406408857554e-10 3.22845015508479e-10
3.14000000000000e+00 -2.75339200867789e-10 3.96099994746311e-10 9.78296717014542e+03 -1.66681482351555e+04 -6.85601533125254e+00 -1.94981035422226e+01 -9.78296717014544e+03 1.66681482351555e+04 -1.98135245696186e-10 5.57915639792581e-10 -6.13814637980968e+01 -9.63711889061481e+01 6.85601533138176e+00 1.94981035423302e+01 6.13814637981242e+01 9.63711889064867e+01 -2.19043761662064e-10 2.65690104915386e-10
3.16000000000000e+00 -3.04043939569036e-10 3.24711921856785e-10 1.00365595323443e+04 -1.71508829284601e+04 -8.18290441072243e+00 -1.59724971180240e+01 -1.00365595323443e+04 1.71508829284601e+04 -2.26199651443152e-10 4.85227431502988e-10 -3.72972515578190e+01 -9.65092342816230e+01 8.18290441088693e+00 1.59724971181063e+01 3.72972515578593e+01 9.65092342819161e+01 -2.08622235399058e-10 2.07019392805272e-10
3.18000000000000e+00 -3.07702639217072e-10 2.46416815414056e-10 1.03689489551948e+04 -1.71283649191852e+04 -9.89335524204006e+00 -2.05207092656627e+01 -1.03689489551947e+04 1.71283649191851e+04 -2.27318691861640e-10 4.04093295878922e-10 -2.17596156916675e+01 -9.46639319173730e+01 9.89335524224810e+00 2.05207092657301e+01 2.17596156917311e+01 9.46639319176319e+01 -1.78095421771667e-10 1.51164331872727e-10
3.20000000000000e+00 -2.89757903325640e-10 1.75850302153783e-10 1.04838973799109e+04 -1.70051535827907e+04 -5.21091491440998e+00 -2.44857649203277e+01 -1.04838973799108e+04 1.70051535827906e+04 -2.01555337467672e-10 3.32423490830510e-10 -6.43239937299190e+00 -9.69997431899587e+01 5.21091491466459e+00 2.44857649203933e+01 6.43239937308840e+00 9.69997431901977e+01 -1.33810463329491e-10 1.14601069785825e-10
3.22000000000000e+00 -2.59625405291948e-10 1.13158465853851e-10 1.05457254229071e+04 -1.69081022329023e+04 -1.55183058662258e+00 -2.48723129529942e+01 -1.05457254229070e+04 1.69081022329021e+04 -1.61432110911826e-10 2.75736415778834e-10 1.63695707268877e+01 -9.84524343488291e+01 1.55183058692456e+00 2.48723129530695e+01 -1.63695707267577e+01 9.84524343490582e+01 -9.41791916467297e-11 9.39411763082837e-11
3.24000000000000e+00 -2.11922079126206e-10 5.73555757764661e-11 1.04767409069534e+04 -1.68673399026625e+04 -5.93172943058691e-01 -2.79476253990376e+01 -1.04767409069532e+04 1.68673399026623e+04 -1.09348066828507e-10 2.32085395045008e-10 4.41126413939635e+01 -8.53695784034854e+01 5.93172943400479e-01 2.79476253991327e+01 -4.41126413937990e+01 8.53695784037146e+01 -5.72298006281652e-11 7.28472373803414e-11
3.26000000000000e+00 -1.45699272590312e-10 2.37449344298167e-11 1.03917763358000e+04 -1.71476302842254e+04 6.19192444314814e+00 -3.64167244832783e+01 -1.03917763357997e+04 1.71476302842253e+04 -4.51215568981216e-11 2.07833309695055e-10 5.83293736086491e+01 -5.98896837268136e+01 -6.19192444276445e+00 3.64167244834046e+01 -5.83293736084553e+01 5.98896837270554e+01 -6.57366417815891e-12 5.58557247012217e-11
3.28000000000000e+00 -7.84309390942271e-11 2.26157619603372e-11 1.07154135979746e+04 -1.77203051678605e+04 2.26022341826369e+01 -3.92922973652944e+01 -1.07154135979743e+04 1.77203051678603e+04 2.24387415033910e-11 2.12041915712815e-10 6.00651210859848e+01 -3.78463529308390e+01 -2.26022341822284e+01 3.92922973654559e+01 -6.00651210857696e+01 3.78463529310978e+01 5.42208252640901e-11 6.29833264883978e-11
3.30000000000000e+00 -2.93614678332978e-11 4.94109175997592e-11 1.16109175205228e+04 -1.80640289776702e+04 4.06712863363922e+01 -3.16783215279928e+01 -1.16109175205224e+04 1.80640289776701e+04 7.51782412503496e-11 2.47842654728237e-10 5.77216567158490e+01 -1.81010455671496e+01 -4.06712863359586e+01 3.16783215281909e+01 -5.77216567156191e+01 1.81010455674249e+01 1.01759032544960e-10 1.01707053700245e-10
3.32000000000000e+00 -1.40720887843730e-11 8.57484745535885e-11 1.25893209671487e+04 -1.79005605897455e+04 5.49482134269219e+01 -1.22104670577263e+01 -1.25893209671483e+04 1.79005605897454e+04 9.14544778756065e-11 2.98663073174395e-10 4.24953259929967e+01 -2.12140128858933e+00 -5.49482134264675e+01 1.22104670579671e+01 -4.24953259927522e+01 2.12140128888214e+00 1.13477111548257e-10 1.51793447319314e-10
3.34000000000000e+00 -2.68886212343611e-11 1.04762672213248e-10 1.34586989675142e+04 -1.75936448629478e+04 5.28891228692669e+01 1.57124190188292e+01 -1.34586989675137e+04 1.75936448629477e+04 7.38753138733447e-11 3.33736903797678e-10 2.86639064726861e+01 -8.99229526767158e+00 -5.28891228687979e+01 -1.57124190185373e+01 -2.86639064724283e+01 8.99229526798332e+00 9.77055170541397e-11 1.83282795754397e-10
3.36000000000000e+00 -4.70374561004005e-11 9.42402901301495e-11 1.45075646655484e+04 -1.70949903584012e+04 3.38106708831796e+01 3.23826593490730e+01 -1.45075646655479e+04 1.70949903584011e+04 4.50428933187334e-11 3.37984101836954e-10 3.87298379434194e+01 -1.67474520400438e+01 -3.38106708827042e+01 -3.23826593487246e+01 -3.87298379431463e+01 1.67474520403819e+01 7.87842807751099e-11 1.89923267205139e-10
3.38000000000000e+00 -5.05749959900801e-11 5.55970079942615e-11 1.54749420151612e+04 -1.60998730355293e+04 1.55088656111860e+01 3.49427470369697e+01 -1.54749420151606e+04 1.60998730355293e+04 2.99760357727099e-11 3.14472991112735e-10 5.61735300336787e+01 -5.65877222362799e+00 -1.55088656107195e+01 -3.49427470365572e+01 -5.61735300333952e+01 5.65877222400531e+00 7.21032584480317e-11 1.82360982937699e-10
3.40000000000000e+00 -1.74343376919709e-11 1.06296279001914e-11 1.60836851655900e+04 -1.49002265871359e+04 -7.61479612479274e-01 3.18261712162559e+01 -1.60836851655894e+04 1.49002265871360e+04 4.43311977237016e-11 2.84625609894742e-10 6.61322523508223e+01 2.42922747321460e+01 7.61479612916026e-01 -3.18261712157767e+01 -6.61322523505455e+01 -2.42922747317178e+01 7.94086801282153e-11 1.75877050329979e-10
3.42000000000000e+00 4.56119937813562e-11 -9.34535915843590e-12 1.65089735841975e+04 -1.35705239081865e+04 -1.49676548359304e+01 1.93278761272339e+01 -1.65089735841970e+04 1.35705239081867e+04 8.06332778796722e-11 2.72796993183619e-10 5.06940038216588e+01 6.71042604589893e+01 1.49676548363146e+01 -1.93278761267015e+01 -5.06940038214181e+01 -6.71042604585147e+01 9.20738784136077e-11 1.78239737837738e-10
3.44000000000000e+00 1.12442821863366e-10 8.50914743160347e-12 1.65202577940842e+04 -1.20377539048208e+04 -1.74447509497465e+01 -3.40723634410384e+00 -1.65202577940837e+04 1.20377539048210e+04 1.17867941394501e-10 2.87259495747134e-10 -1.44636921710129e+00 9.58286268582988e+01 1.74447509500579e+01 3.40723634465848e+00 1.44636921728381e+00 -9.58286268578018e+01 1.03333542892209e-10 1.88135785007071e-10
3.46000000000000e+00 1.57638277404559e-10 5.50959339146403e-11 1.60270623110910e+04 -1.06889020499607e+04 3.72905888437193e+00 -2.16031374623701e+01 -1.60270623110905e+04 1.06889020499609e+04 1.38633679609569e-10 3.17557741838312e-10 -6.77352673869486e+01 7.38996701744175e+01 -3.72905888411933e+00 2.16031374629113e+01 6.77352673870791e+01 -7.38996701739367e+01 1.09236250388516e-10 2.03575998626855e-10
3.48000000000000e+00 1.74501503548515e-10 1.05913376904096e-10 1.52853074924259e+04 -9.71666224289058e+03 3.18066160298856e+01 -8.53401217025300e+00 -1.52853074924255e+04 9.71666224289084e+03 1.44244305458238e-10 3.47351816284433e-10 -8.95935391631173e+01 1.23271290982976e+01 -3.18066160296636e+01 8.53401217077487e+00 8.95935391632203e+01 -1.23271290978437e+01 1.10541065434056e-10 2.19399400028904e-10
3.50000000000000e+00 1.75687859457836e-10 1.50951631355999e-10 1.45293751227903e+04 -9.13740459034545e+03 2.85721796013762e+01 1.96752396742096e+01 -1.45293751227898e+04 9.13740459034572e+03 1.42071859530415e-10 3.76516693108065e-10 -6.59703651706920e+01 -2.73234542955988e+01 -2.85721796011733e+01 -1.96752396736972e+01 6.59703651707828e+01 2.73234542960307e+01 1.07742124131440e-10 2.41374047750824e-10
3.52000000000000e+00 1.62942853688717e-10 1.90571253655323e-10 1.39713792810381e+04 -8.82962179255225e+03 9.28478335138901e+00 2.19009787780209e+01 -1.39713792810376e+04 8.82962179255255e+03 1.26354478941073e-10 4.02574188469582e-10 -4.44680824662655e+01 -3.15943049837604e+01 -9.28478335120430e+00 -2.19009787775142e+01 4.44680824663532e+01 3.15943049841747e+01 8.70138182427609e-11 2.64628003986379e-10
3.54000000000000e+00 1.40115081206666e-10 2.15390467098541e-10 1.36544882992553e+04 -8.53876393907395e+03 1.01806354922894e+01 1.21688958955069e+01 -1.36544882992549e+04 8.53876393907426e+03 1.04766601091794e-10 4.11746442555299e-10 -4.57391314911318e+01 -3.55133891216698e+01 -1.01806354921196e+01 -1.21688958950104e+01 4.57391314912195e+01 3.55133891220780e+01 5.34376592358169e-11 2.67851397742591e-10
3.56000000000000e+00 1.21808262899055e-10 2.26657634868887e-10 1.33899167323088e+04 -8.16807954667468e+03 1.83057064607978e+01 1.94563124634045e+01 -1.33899167323084e+04 8.16807954667501e+03 9.54604569066787e-11 4.11029590642248e-10 -3.87819458813137e+01 -5.56048947126009e+01 -1.83057064606418e+01 -1.94563124629109e+01 3.87819458813984e+01 5.56048947130039e+01 3.03035677479845e-11 2.51210481648701e-10
3.58000000000000e+00 1.10835160802959e-10 2.36693369183240e-10 1.31516453684955e+04 -7.81981735644147e+03 1.27795926030705e+01 3.30293393921580e+01 -1.31516453684952e+04 7.81981735644180e+03 9.55437471144399e-11 4.18539504358834e-10 -1.84269585241936e+01 -5.98182902420773e+01 -1.27795926029267e+01 -3.30293393916690e+01 1.84269585242725e+01 5.98182902424731e+01 2.42637109913715e-11 2.33490933161031e-10
3.60000000000000e+00 1.00261426740697e-10 2.50259085952524e-10 1.30143879162418e+04 -7.44688062591784e+03 -2.14215352345205e+00 3.87094123586684e+01 -1.30143879162414e+04 7.44688062591818e+03 9.03575243783926e-11 4.34628897121872e-10 -1.65837580996000e+01 -5.87457003110567e+01 2.14215352358675e+00 -3.87094123581829e+01 1.65837580996778e+01 5.87457003114433e+01 2.26907042091461e-11 2.24673927568780e-10
3.62000000000000e+00 8.46772531084107e-11 2.65737138025582e-10 1.29420545333160e+04 -6.93008980214725e+03 -1.67231104218256e+01 3.35904326199429e+01 -1.29420545333157e+04 6.93008980214761e+03 7.80755718249732e-11 4.51488896593559e-10 -8.24775084454905e+00 -7.41671549663155e+01 1.67231104219460e+01 -3.35904326194595e+01 8.24775084462498e+00 7.41671549666993e+01 1.75159691013870e-11 2.16683401388821e-10
3.64000000000000e+00 6.12227914134980e-11 2.76919778092537e-10 1.27745197176029e+04 -6.23245577069293e+03 -2.47380459439831e+01 2.34465199913872e+01 -1.27745197176026e+04 6.23245577069331e+03 5.83172871269151e-11 4.66944383867724e-10 1.09603367794349e+01 -8.09026731041449e+01 2.47380459440923e+01 -2.34465199909119e+01 -1.09603367793629e+01 8.09026731045265e+01 1.43622634895301e-11 2.03439301150294e-10
3.66000000000000e+00 3.63246025333769e-11 2.77303696953414e-10 1.24134361342392e+04 -5.47590074211219e+03 -2.76593150634878e+01 1.15896117389375e+01 -1.24134361342389e+04 5.47590074211259e+03 3.26810517004735e-11 4.74198783603869e-10 3.28922698298368e+01 -8.52976640418421e+01 2.76593150635933e+01 -1.15896117384674e+01 -3.28922698297671e+01 8.52976640422181e+01 2.16851206957636e-11 1.90334602148597e-10
3.68000000000000e+00 1.74422687232672e-11 2.72621328170628e-10 1.18908777429963e+04 -4.76203395837042e+03 -2.32394778646366e+01 1.59164703860910e+00 -1.18908777429960e+04 4.76203395837083e+03 9.20363933696943e-12 4.75073137627584e-10 6.22998088230864e+01 -7.64225173915650e+01 2.32394778647346e+01 -1.59164703814086e+00 -6.22998088230186e+01 7.64225173919320e+01 3.28438917029371e-11 1.90149894527880e-10
3.70000000000000e+00 -2.38470371765305e-13 2.66288265185454e-10 1.12730684390698e+04 -4.10219962542175e+03 -1.80437616342945e+01 -2.57474661152353e+00 -1.12730684390696e+04 4.10219962542214e+03 -1.62008664427293e-11 4.72375638216352e-10 8.27905171801173e+01 -5.32258672615719e+01 1.80437616343897e+01 2.57474661198915e+00 -8.27905171800425e+01 5.32258672619336e+01 3.38018535921128e-11 1.95529356331747e-10
3.72000000000000e+00 -1.22366990131162e-11 2.53452687714326e-10 1.05476605624382e+04 -3.42593816990881e+03 -1.33275006822059e+01 -5.37574465854321e+00 -1.05476605624380e+04 3.42593816990919e+03 -3.77292993929974e-11 4.58258826352992e-10 9.12805155676301e+01 -2.45773898790363e+01 1.33275006823002e+01 5.37574465901616e+00 -9.12805155675481e+01 2.45773898794035e+01 3.19435157621224e-11 1.94803142268668e-10
3.74000000000000e+00 -1.21252130903131e-11 2.47320887894402e-10 9.54707318411253e+03 -2.74454956754878e+03 -9.37058073070596e+00 -6.34034542324723e+00 -9.54707318411236e+03 2.74454956754914e+03 -4.47173742150360e-11 4.46540097743227e-10 8.59737716494990e+01 3.70742821767950e+00 9.37058073078446e+00 6.34034542373597e+00 -8.59737716494230e+01 -3.70742821729869e+00 3.58389385558931e-11 1.97494745946219e-10
3.76000000000000e+00 -2.01736584286567e-11 2.55293747219873e-10 8.17451593488103e+03 -2.31232363507665e+03 -5.77476140999323e+00 -7.66184935189943e+00 -8.17451593488088e+03 2.31232363507699e+03 -5.58815276565436e-11 4.46524979364780e-10 7.02867981714405e+01 2.38820767594865e+01 5.77476141003969e+00 7.66184935238655e+00 -7.02867981713845e+01 -2.38820767591074e+01 3.06792256316433e-11 2.09453882533917e-10
3.78000000000000e+00 -4.21871759399923e-11 2.54998468263046e-10 6.58825433222453e+03 -2.41705861819744e+03 -1.50917957374483e-01 -9.24881196528522e+00 -6.58825433222439e+03 2.41705861819775e+03 -7.51243326761293e-11 4.39368275721889e-10 4.90672945804048e+01 3.42600876335040e+01 1.50917957400068e-01 9.24881196575051e+00 -4.90672945803578e+01 -3.42600876331421e+01 1.41789507717596e-11 2.12044411412776e-10
3.80000000000000e+00 -6.07276648920642e-11 2.42603773859872e-10 5.19067599966309e+03 -3.15862925760503e+03 7.98372191203162e+00 -6.34671448554448e+00 -5.19067599966293e+03 3.15862925760531e+03 -8.85880242294027e-11 4.26230753515607e-10 2.75585025938229e+01 3.00119104789873e+01 -7.98372191200424e+00 6.34671448598954e+00 -2.75585025937680e+01 -3.00119104786384e+01 2.21274051209933e-12 2.06507634055898e-10
3.82000000000000e+00 -7.15103312252074e-11 2.24981423584666e-10 4.28973113769860e+03 -4.23206457908995e+03 1.46721784195603e+01 -1.16297189351357e-01 -4.28973113769842e+03 4.23206457909022e+03 -9.81175948509397e-11 4.11881259576491e-10 1.73113764277315e+01 1.68702791367926e+01 -1.46721784195249e+01 1.16297189790370e-01 -1.73113764276648e+01 -1.68702791364423e+01 -8.08215993760596e-12 2.01090463028910e-10
3.84000000000000e+00 -6.82389517136066e-11 2.09157724869338e-10 3.78155285190281e+03 -5.34234267277511e+03 2.14351770921057e+01 1.43386832015886e+01 -3.78155285190263e+03 5.34234267277537e+03 -9.75232672955550e-11 3.98112742246319e-10 1.51155415917557e+01 1.41788649580525e+00 -2.14351770920713e+01 -1.43386832011452e+01 -1.51155415916853e+01 -1.41788649544828e+00 -1.70938002849773e-11 1.93204359170932e-10
3.86000000000000e+00 -5.98454077900781e-11 2.13238635077133e-10 3.54132263263497e+03 -6.53438369817739e+03 1.04964945845836e+01 3.66897501450789e+01 -3.54132263263478e+03 6.53438369817765e+03 -9.19000509841040e-11 4.00747289447889e-10 2.85178597036327e+01 -1.59671838351615e+01 -1.04964945845543e+01 -3.66897501446315e+01 -2.85178597035655e+01 1.59671838355239e+01 -2.37296054808741e-11 1.88355613195804e-10
3.88000000000000e+00 -7.11902699098195e-11 2.31754022179488e-10 3.76826000961133e+03 -7.82890939063512e+03 -1.43814135428886e+01 3.86320838938976e+01 -3.76826000961112e+03 7.82890939063537e+03 -1.02966278159908e-10 4.16830978894014e-10 5.63525702964124e+01 -1.27640350102831e+01 1.43814135429111e+01 -3.86320838934480e+01 -5.63525702963473e+01 1.27640350106503e+01 -3.77444242141140e-11 1.86663202749537e-10
3.90000000000000e+00 -1.06111330481575e-10 2.40180505002092e-10 4.53409063570116e+03 -8.88385001502506e+03 -2.25143212732686e+01 3.08069185099284e+01 -4.53409063570093e+03 8.88385001502531e+03 -1.35002855841582e-10 4.24161443133605e-10 6.54348846255596e+01 7.29769257623580e+00 2.25143212732800e+01 -3.08069185094767e+01 -6.54348846255008e+01 -7.29769257586005e+00 -6.04173199704709e-11 1.75661414943515e-10
3.92000000000000e+00 -1.48143963854651e-10 2.25138411470831e-10 5.61965328572423e+03 -9.60320039728642e+03 -3.70276767937038e+01 3.86418966555679e+01 -5.61965328572397e+03 9.60320039728667e+03 -1.71871730407134e-10 4.11108283887557e-10 7.43403988660494e+01 7.88752341474067e+00 3.70276767937034e+01 -3.86418966551178e+01 -7.43403988660028e+01 -7.88752341436133e+00 -8.03431993117743e-11 1.51261592597005e-10
3.94000000000000e+00 -1.81255051447617e-10 1.90839935975322e-10 7.16997026043405e+03 -9.86646036069704e+03 -7.43670435121206e+01 2.20302431658521e+01 -7.16997026043376e+03 9.86646036069732e+03 -1.99308498415932e-10 3.84005393206866e-10 1.16609567840714e+02 3.77070067496308e+01 7.43670435121062e+01 -2.20302431654020e+01 -1.16609567840680e+02 -3.77070067492543e+01 -9.17204373627081e-11 1.19146381252832e-10
3.96000000000000e+00 -2.00949023934031e-10 1.45758925716071e-10 8.85260171821986e+03 -9.06962071043908e+03 -8.56220481677689e+01 -2.83603907567458e+01 -8.85260171821957e+03 9.06962071043939e+03 -2.16228668372733e-10 3.53047331091450e-10 1.10176468411240e+02 1.27030912086649e+02 8.56220481677400e+01 2.83603907571910e+01 -1.10176468411217e+02 -1.27030912086279e+02 -9.42511462528548e-11 8.20873536627976e-11
3.98000000000000e+00 -2.01992702193367e-10 9.39231140810062e-11 9.72369992262838e+03 -7.34339871438172e+03 -5.73478725700797e+01 -7.32625168665789e+01 -9.72369992262809e+03 7.34339871438207e+03 -2.24512486636201e-10 3.20776912521319e-10 2.02850878601724e+01 1.77881188305251e+02 5.73478725700382e+01 7.32625168670160e+01 -2.02850878601567e+01 -1.77881188304892e+02 -8.19351683770234e-11 4.11585357409786e-11
4.00000000000000e+00 -1.79982845368405e-10 5.13816551001280e-11 9.42044382355619e+03 -5.57944499182976e+03 -1.09663011838767e+01 -8.73344936433713e+01 -9.42044382355590e+03 5.57944499183015e+03 -2.23617865079162e-10 2.92373527091565e-10 -6.12473327215459e+01 1.44224218968638e+02 1.09663011838258e+01 8.73344936438016e+01 6.12473327215622e+01 -1.44224218968285e+02 -5.06201467192741e-11 1.09495465847893e-11
4.02000000000000e+00 -1.52719363093141e-10 3.25335014838615e-11 8.42528934418451e+03 -4.49114141020296e+03 3.06689001775914e+01 -7.82222308207703e+01 -8.42528934418424e+03 4.49114141020339e+03 -2.21079815640811e-10 2.72628776287272e-10 -9.14165793829774e+01 9.46423030087037e+01 -3.06689001776539e+01 7.82222308211897e+01 9.14165793829967e+01 -9.46423030083532e+01 -1.61459371210944e-11 4.27073999393481e-12
4.04000000000000e+00 -1.40432681258513e-10 2.55492238918678e-11 7.39280745359833e+03 -4.07541272643136e+03 6.43780944280048e+01 -4.54917295943331e+01 -7.39280745359810e+03 4.07541272643182e+03 -2.24602391938856e-10 2.55036344405126e-10 -1.02272409138104e+02 5.04844423011964e+01 -6.43780944280792e+01 4.54917295947454e+01 1.02272409138115e+02 -5.04844423008425e+01 1.72851758759666e-12 1.10553468358625e-11
4.06000000000000e+00 -1.39505303186170e-10 1.08208423617173e-11 6.57544114308905e+03 -4.01478905983157e+03 6.30588611677504e+01 1.15998630791169e+00 -6.57544114308886e+03 4.01478905983202e+03 -2.30068866188828e-10 2.32346272020657e-10 -9.06153780602009e+01 9.24833205924217e+00 -6.30588611678424e+01 -1.15998630751624e+00 9.06153780601947e+01 -9.24833205889312e+00 5.03315195462363e-12 1.13918431140554e-11
4.08000000000000e+00 -1.36966899737313e-10 -1.61569851477754e-11 5.95131417106364e+03 -4.08560549191625e+03 3.56114927369705e+01 2.26534731419785e+01 -5.95131417106350e+03 4.08560549191669e+03 -2.34356077476659e-10 2.03945864777172e-10 -6.36629512760207e+01 -7.31745082329945e+00 -3.56114927370756e+01 -2.26534731416128e+01 6.36629512759992e+01 7.31745082362430e+00 7.26954898902700e-12 5.64962658920701e-15
4.10000000000000e+00 -1.20668662799062e-10 -5.21763972850733e-11 5.45788815748347e+03 -4.23504964782246e+03 1.58730467015208e+01 1.99511684711859e+01 -5.45788815748333e+03 4.23504964782289e+03 -2.31292197238041e-10 1.66991271766689e-10 -5.14538194670011e+01 -1.64892718491786e+00 -1.58730467016171e+01 -1.99511684708570e+01 5.14538194669878e+01 1.64892718521220e+00 1.87291877309055e-11 -1.77403883164761e-11
4.12000000000000e+00 -8.34374695676785e-11 -8.19974102333112e-11 5.11434290470483e+03 -4.41729654214283e+03 9.26442350026544e+00 1.65456636576136e+01 -5.11434290470469e+03 4.41729654214324e+03 -2.10823151131236e-10 1.28604880408447e-10 -5.99033558624070e+01 -6.23333886129374e+00 -9.26442350033396e+00 -1.65456636573092e+01 5.99033558624183e+01 6.23333886157182e+00 4.05984644538902e-11 -3.04403954787489e-11
4.14000000000000e+00 -3.48958762369691e-11 -8.96813580747100e-11 4.89883135170872e+03 -4.54933823759010e+03 4.21190508577360e-01 1.49175129325240e+01 -4.89883135170859e+03 4.54933823759052e+03 -1.74160216519759e-10 1.05156826493795e-10 -5.51885199464636e+01 -2.91812456393722e+01 -4.21190508612403e-01 -1.49175129322192e+01 5.51885199465008e+01 2.91812456396545e+01 6.47779787216895e-11 -3.27552109676636e-11
4.16000000000000e+00 6.23852934373129e-12 -7.19170553428427e-11 4.73907087764740e+03 -4.53511724755858e+03 -5.34525445147109e+00 4.28853147677989e+00 -4.73907087764728e+03 4.53511724755901e+03 -1.37863922917868e-10 1.05597162767818e-10 -3.24527623440191e+01 -3.83494120140396e+01 5.34525445145410e+00 -4.28853147645830e+00 3.24527623440697e+01 3.83494120143373e+01 8.47871148178315e-11 -2.60013878080574e-11
4.18000000000000e+00 2.36275539179020e-11 -4.11486695396343e-11 4.40698473831553e+03 -4.39028959932173e+03 2.23366912637239e+00 -4.63429686921018e+00 -4.40698473831542e+03 4.39028959932217e+03 -1.19748834027429e-10 1.20870067594225e-10 -1.72431918253196e+01 -3.07370304156849e+01 -2.23366912638782e+00 4.63429686954809e+00 1.72431918253681e+01 3.07370304159961e+01 9.44317612199178e-11 -1.43900099147448e-11
4.20000000000000e+00 1.70849210383993e-11 -1.92506002859863e-11 3.85500673436298e+03 -4.41503616748780e+03 1.06713756430916e+01 7.07246969438236e-01 -3.85500673436290e+03 4.41503616748825e+03 -1.21472814604234e-10 1.31039922074540e-10 -1.52072377412349e+01 -2.23800228480701e+01 -1.06713756431109e+01 -7.07246969092392e-01 1.52072377412788e+01 2.23800228483844e+01 9.29854898432419e-11 -8.91777274185128e-12
4.22000000000000e+00 5.33134679522589e-12 -1.75982838427847e-11 3.35867650387314e+03 -4.72107438858719e+03 6.03446171581632e+00 6.32812041552515e+00 -3.35867650387309e+03 4.72107438858763e+03 -1.27712701694691e-10 1.27075512210995e-10 -1.80142199007492e+01 -2.59770743226708e+01 -6.03446171583784e+00 -6.32812041517478e+00 1.80142199007950e+01 2.59770743229844e+01 9.21890168179955e-11 -1.52831290099516e-11
4.24000000000000e+00 2.34553737156563e-12 -2.44375683249028e-11 3.07123862288354e+03 -5.12874742608029e+03 5.14988720585468e+00 2.18785434381786e+00 -3.07123862288350e+03 5.12874742608072e+03 -1.29598398977322e-10 1.17880889930384e-10 -4.68479693606828e+00 -3.16857713795024e+01 -5.14988720587785e+00 -2.18785434346064e+00 4.68479693611817e+00 3.16857713798222e+01 9.95386042960799e-11 -2.42149458796522e-11
4.26000000000000e+00 1.81669439775675e-12 -3.16279157101160e-11 2.92457730313801e+03 -5.51725046734111e+03 7.97599839836018e+00 5.38900597538108e+00 -2.92457730313798e+03 5.51725046734154e+03 -1.32517237305599e-10 1.06238507063264e-10 5.49019738304061e+00 -1.71519820385406e+01 -7.97599839839061e+00 -5.38900597501626e+00 -5.49019738299223e+00 1.71519820388697e+01 1.09242113699015e-10 -3.01856219468610e-11
4.28000000000000e+00 3.88521300872967e-12 -4.43209834080996e-11 2.90356076722603e+03 -5.87811162400435e+03 3.16910388480099e+00 6.04799958775283e+00 -2.90356076722602e+03 5.87811162400478e+03 -1.31892372976135e-10 8.56517231479543e-11 -3.77300598460593e+00 -6.76380374178672e+00 -3.16910388484188e+00 -6.04799958738550e+00 3.77300598464916e+00 6.76380374212254e+00 1.20140439953553e-10 -3.70902970011847e-11
4.30000000000000e+00 1.57670807043673e-11 -5.57524992085910e-11 2.99303997884242e+03 -6.11916973807635e+03 4.72716414072418e+00 -9.66512294524470e-01 -2.99303997884243e+03 6.11916973807676e+03 -1.18153986192093e-10 6.68160602128760e-11 -1.22045566691892e+01 -1.24218579188375e+01 -4.72716414077802e+00 9.66512294890198e-01 1.22045566692249e+01 1.24218579191773e+01 1.36784337970022e-10 -4.08295863112112e-11
4.32000000000000e+00 2.65158956893347e-11 -5.76630472896053e-11 3.05488920254630e+03 -6.19290273481914e+03 1.70688656794462e+01 -5.75536140926220e-01 -3.05488920254632e+03 6.19290273481952e+03 -1.05604441335078e-10 5.96834295446010e-11 -7.91952463222259e+00 -1.96069500670794e+01 -1.70688656795066e+01 5.75536141283389e-01 7.91952463225422e+00 1.96069500674183e+01 1.50584768530041e-10 -3.44360136888804e-11
4.34000000000000e+00 2.98226822351528e-11 -6.08719074628629e-11 2.95993359256147e+03 -6.21478509024083e+03 2.45751992644291e+01 1.57433169314557e+01 -2.95993359256148e+03 6.21478509024121e+03 -1.01296405479246e-10 5.13211935505497e-11 -1.40066816793165e+00 -1.76708568624633e+01 -2.45751992644886e+01 -1.57433169311024e+01 1.40066816796240e+00 1.76708568628046e+01 1.51627525204588e-10 -2.75750314519387e-11
4.36000000000000e+00 3.11501275531140e-11 -6.96108262981403e-11 2.75459109155775e+03 -6.34801002823714e+03 1.36651262632238e+01 3.39092270728175e+01 -2.75459109155775e+03 6.34801002823753e+03 -9.91489082987684e-11 3.69962029260115e-11 -6.52233306727741e-02 -1.18328975801637e+01 -1.36651262632860e+01 -3.39092270724617e+01 6.52233306999095e-02 1.18328975805114e+01 1.45626542828859e-10 -3.28012586949825e-11
4.38000000000000e+00 3.30472113482103e-11 -8.58026909533759e-11 2.54682931552292e+03 -6.63650481978261e+03 -7.30664465921372e+00 3.85274264407457e+01 -2.54682931552293e+03 6.63650481978300e+03 -9.55769734581482e-11 1.40772289744053e-11 -5.30125194756733e+00 -5.55464786885000e+00 7.30664465914510e+00 -3.85274264403873e+01 5.30125194758725e+00 5.55464786920637e+00 1.45050479597023e-10 -5.14131139069556e-11
4.40000000000000e+00 4.27790771161127e-11 -1.10975132163254e-10 2.46503991224347e+03 -7.09609979017450e+03 -2.70874698566814e+01 2.82517210738570e+01 -2.46503991224349e+03 7.09609979017490e+03 -8.18981439265609e-11 -1.71664546903994e-11 -1.99222389691990e+01 -7.86115363343123e+00 2.70874698565981e+01 -2.82517210734981e+01 1.99222389692011e+01 7.86115363379420e+00 1.56975719280932e-10 -7.57508394924768e-11
4.42000000000000e+00 6.77660373224670e-11 -1.38297163868689e-10 2.62612454790902e+03 -7.56541219818339e+03 -3.37827984206593e+01 4.97278164353259e+00 -2.62612454790907e+03 7.56541219818379e+03 -5.25173079011712e-11 -4.85900256409052e-11 -2.77891969890976e+01 -2.84454451525286e+01 3.37827984205613e+01 -4.97278164318328e+00 2.77891969890771e+01 2.84454451528843e+01 1.81138967472750e-10 -9.90197057664689e-11
4.44000000000000e+00 1.08592585787809e-10 -1.57612158320420e-10 2.91295627912296e+03 -7.93040022696784e+03 -1.89949558182183e+01 -1.22332157517724e+01 -2.91295627912304e+03 7.93040022696822e+03 -7.65456693313970e-12 -7.07926283138152e-11 -1.51689979764235e+01 -5.04415973069484e+01 1.89949558181134e+01 1.22332157521027e+01 1.51689979763908e+01 5.04415973072853e+01 2.17748057050666e-10 -1.16684493558624e-10
4.46000000000000e+00 1.60489923471341e-10 -1.58258046936012e-10 3.29208750905667e+03 -8.25323697116936e+03 -1.86470706537023e+00 -8.17524514290325e+00 -3.29208750905676e+03 8.25323697116972e+03 4.74209056836437e-11 -7.36982742814786e-11 9.00802750823553e+00 -6.12041531175441e+01 1.86470706526893e+00 8.17524514321498e+00 -9.00802750826864e+00 6.12041531178648e+01 2.64897527291265e-10 -1.19918178677188e-10
4.48000000000000e+00 2.07602754684834e-10 -1.31843884962610e-10 3.86810986134065e+03 -8.53237910371778e+03 -4.07191753615473e-01 4.71649226187896e+00 -3.86810986134075e+03 8.53237910371812e+03 9.71726350103295e-11 -4.98942121786541e-11 4.05360822295466e+01 -5.85273238155651e+01 4.07191753525463e-01 -4.71649226157791e+00 -4.05360822295765e+01 5.85273238158713e+01 3.09590795150927e-10 -1.01640133855956e-10
4.50000000000000e+00 2.27331752791772e-10 -9.04533051177053e-11 4.77332633871653e+03 -8.53604061901104e+03 -1.23220341427248e+01 8.80818107563736e+00 -4.77332633871663e+03 8.53604061901136e+03 1.20782637944632e-10 -1.19218135135302e-11 7.17543732428096e+01 -3.09461304396373e+01 1.23220341426451e+01 -8.80818107533786e+00 -7.17543732428310e+01 3.09461304399343e+01 3.36094414352602e-10 -7.19183684743262e-11
4.52000000000000e+00 2.21787396607527e-10 -6.32641469553904e-11 5.71341200258529e+03 -7.82870845815874e+03 -2.09549980127686e+01 -5.05062771757445e+00 -5.71341200258539e+03 7.82870845815905e+03 1.21244640091130e-10 1.50141367644187e-11 7.31749864301913e+01 1.93714431072782e+01 2.09549980126928e+01 5.05062771787519e+00 -7.31749864302063e+01 -1.93714431069884e+01 3.47551689561829e-10 -4.91093829408547e-11
4.54000000000000e+00 2.16079922801824e-10 -5.71873603427982e-11 5.95859989476169e+03 -6.57957042587847e+03 -9.03341229489023e+00 -1.89005349499641e+01 -5.95859989476179e+03 6.57957042587876e+03 1.17056515560685e-10 2.46307632727526e-11 3.42797608941870e+01 5.05830064610388e+01 9.03341229481818e+00 1.89005349502622e+01 -3.42797608941907e+01 -5.05830064607553e+01 3.58492147353498e-10 -3.48908849403365e-11
4.56000000000000e+00 2.18550562109392e-10 -5.78831826480875e-11 5.42779198992929e+03 -5.57842216252010e+03 5.94384052823795e+00 -1.58365103435776e+01 -5.42779198992938e+03 5.57842216252039e+03 1.15932587679324e-10 2.32120880514224e-11 -3.35067884474985e+00 4.16702529077497e+01 -5.94384052830179e+00 1.58365103438726e+01 3.35067884476293e+00 -4.16702529074661e+01 3.69776521139176e-10 -2.09601382258634e-11
4.58000000000000e+00 2.25279734697466e-10 -6.31542782533633e-11 4.66136656906303e+03 -5.08101765276759e+03 1.21226205814445e+01 -6.09959667344513e+00 -4.66136656906310e+03 5.08101765276788e+03 1.21348830340687e-10 1.11439281947635e-11 -1.73404981124720e+01 2.23008572337039e+01 -1.21226205814944e+01 6.09959667374480e+00 1.73404981125032e+01 -2.23008572334124e+01 3.76636856997172e-10 -1.11050503201211e-11
4.60000000000000e+00 2.42177090082528e-10 -7.31561444718378e-11 3.89733377770616e+03 -4.94433125315953e+03 1.11237191055113e+01 1.66511011828387e+00 -3.89733377770623e+03 4.94433125315982e+03 1.42882328590426e-10 -6.88715939118792e-12 -2.18800617489508e+01 6.83397793474729e+00 -1.11237191055477e+01 -1.66511011796892e+00 2.18800617489938e+01 -6.83397793443297e+00 3.86811849075867e-10 -1.19221043495123e-11
4.62000000000000e+00 2.72961968440735e-10 -7.71600409956018e-11 3.27909128799531e+03 -5.07511852697241e+03 1.04111300973313e+01 6.15942708591219e+00 -3.27909128799538e+03 5.07511852697271e+03 1.82982733608308e-10 -1.57637240170093e-11 -1.98024166711738e+01 -9.04920381597922e+00 -1.04111300973690e+01 -6.15942708557301e+00 1.98024166712145e+01 9.04920381632365e+00 4.12287723281634e-10 -1.55454944477015e-11
4.64000000000000e+00 3.06897127736784e-10 -6.56166215156622e-11 2.84186494507883e+03 -5.26662450123826e+03 7.80418138488379e+00 1.57850052849719e+01 -2.84186494507890e+03 5.26662450123858e+03 2.28219793212532e-10 -3.87433991252877e-12 -8.15707355287694e+00 -1.87696599733587e+01 -7.80418138493531e+00 -1.57850052846152e+01 8.15707355289842e+00 1.87696599737241e+01 4.48081343401087e-10 -5.66208826772616e-12
4.66000000000000e+00 3.32105029717392e-10 -4.67851516661750e-11 2.45082767103262e+03 -5.43284714174124e+03 -8.40681202702842e+00 1.95763204210256e+01 -2.45082767103270e+03 5.43284714174158e+03 2.62810722759621e-10 2.09786374451161e-11 1.63397352650957e+00 -1.72182598521067e+01 8.40681202696544e+00 -1.95763204206600e+01 -1.63397352650914e+00 1.72182598524807e+01 4.78593035490592e-10 1.47486413374513e-11
4.68000000000000e+00 3.54032203808966e-10 -2.96291262790538e-11 1.98953495810081e+03 -5.63821171221846e+03 -1.73625304369295e+01 3.75178178452792e+00 -1.98953495810092e+03 5.63821171221881e+03 2.89599701056864e-10 4.63110156938247e-11 5.44485318704043e+00 -1.64695348377969e+01 1.73625304368581e+01 -3.75178178414910e+00 -5.44485318705521e+00 1.64695348381764e+01 5.07177946831026e-10 3.58308385141492e-11
4.70000000000000e+00 3.76787272146393e-10 -1.19762239279694e-11 1.48520315994981e+03 -6.05889994785270e+03 -5.97688346140504e+00 -4.71917589739661e+00 -1.48520315994995e+03 6.05889994785307e+03 3.14536523814940e-10 7.16550051278605e-11 1.31247957913242e+01 -1.43867544471413e+01 5.97688346131467e+00 4.71917589779575e+00 -1.31247957913581e+01 1.43867544475326e+01 5.37653567166697e-10 6.07590494632261e-11
4.72000000000000e+00 4.01840891514692e-10 6.28343121997867e-12 1.17099427792081e+03 -6.73044478249809e+03 -3.46033830954790e+00 2.06809179716502e+00 -1.17099427792100e+03 6.73044478249845e+03 3.40532353488845e-10 9.78785116784050e-11 1.44737235299686e+01 -6.27450135947899e+00 3.46033830942196e+00 -2.06809179675677e+00 -1.44737235300307e+01 6.27450135987664e+00 5.70004752676286e-10 9.04227109248996e-11
4.74000000000000e+00 4.32464830843151e-10 2.88740183115152e-11 1.17096618816205e+03 -7.42625211406258e+03 -7.73661999866734e+00 -1.28334937891314e+00 -1.17096618816228e+03 7.42625211406292e+03 3.70278469525547e-10 1.29549931712781e-10 1.23809145029439e+01 -5.05125208246859e+00 7.73661999850789e+00 1.28334937931377e+00 -1.23809145030380e+01 5.05125208286107e+00 6.05075831110076e-10 1.28934864469945e-10
4.76000000000000e+00 4.66930264496034e-10 6.12249153875227e-11 1.32945204949975e+03 -7.99000903447506e+03 -3.30789453335100e+00 -5.60028374631842e+00 -1.32945204950002e+03 7.99000903447537e+03 4.00566299665635e-10 1.71937121656518e-10 1.49609904935804e+01 -2.02589179465779e+00 3.30789453316803e+00 5.60028374670804e+00 -1.49609904937011e+01 2.02589179503621e+00 6.38446882103670e-10 1.79761290769147e-10
4.78000000000000e+00 5.01982550001300e-10 1.07506027304547e-10 1.56424028099369e+03 -8.51342051261465e+03 1.12544080672575e+00 -4.44579854397039e+00 -1.56424028099399e+03 8.51342051261491e+03 4.26475838106896e-10 2.27629544372871e-10 1.17098821760386e+01 4.29399546661907e+00 -1.12544080693359e+00 4.44579854435492e+00 -1.17098821761861e+01 -4.29399546625487e+00 6.66304841901936e-10 2.43598412073809e-10
4.80000000000000e+00 5.29136134531218e-10 1.72336370049226e-10 1.96206143707860e+03 -8.96517625837107e+03 3.81962896577338e+00 -2.68282610385335e+00 -1.96206143707892e+03 8.96517625837128e+03 4.39807580938257e-10 2.96383324193625e-10 4.21712480068847e+00 2.70096127940011e+00 -3.81962896601962e+00 2.68282610422603e+00 -4.21712480086708e+00 -2.70096127906088e+00 6.82293971092061e-10 3.22495121999628e-10
4.82000000000000e+00 5.36157090331320e-10 2.50402785016195e-10 2.44084383127607e+03 -9.23430173984728e+03 6.65409559781805e+00 5.31181916687674e-01 -2.44084383127640e+03 9.23430173984742e+03 4.35123578525122e-10 3.72904745142107e-10 6.08352060502170e+00 -4.30205401864325e+00 -6.65409559810317e+00 -5.31181916352838e-01 -6.08352060522153e+00 4.30205401894163e+00 6.76544965058492e-10 4.11290791305765e-10
4.84000000000000e+00 5.17468054080896e-10 3.31290738118689e-10 2.91901321554469e+03 -9.37692176469056e+03 6.67041552283764e+00 5.78056083412825e+00 -2.91901321554499e+03 9.37692176469065e+03 4.03794145485478e-10 4.51329271170501e-10 1.33826412969209e+01 -1.81966650217855e+00 -6.67041552313668e+00 -5.78056083384755e+00 -1.33826412971206e+01 1.81966650242974e+00 6.43531792277212e-10 5.00265534016836e-10
4.86000000000000e+00 4.70806871663124e-10 3.97027488851529e-10 3.41873393731414e+03 -9.37844047871886e+03 3.98766085711453e+00 8.37604814961598e+00 -3.41873393731441e+03 9.37844047871891e+03 3.44709466798956e-10 5.05233164431551e-10 1.30468782194167e+01 6.44457908564202e+00 -3.98766085740262e+00 -8.37604814937583e+00 -1.30468782195983e+01 -6.44457908542102e+00 5.82174467089938e-10 5.69775442676608e-10
4.88000000000000e+00 4.20675190646823e-10 4.30983634213240e-10 3.85084960645421e+03 -9.18901966349965e+03 3.91540972326393e+00 9.86356501877608e+00 -3.85084960645446e+03 9.18901966349969e+03 2.95287887268946e-10 5.24404998098555e-10 6.69186148358190e+00 1.06870581426121e+01 -3.91540972354197e+00 -9.86356501855556e+00 -6.69186148375425e+00 -1.06870581424012e+01 5.20269611169567e-10 6.05552166811870e-10
4.90000000000000e+00 3.90870276611944e-10 4.55535220235106e-10 4.10112646580664e+03 -8.88306396112761e+03 3.68380985079902e+00 1.60358820061912e+01 -4.10112646580689e+03 8.88306396112764e+03 2.71666387812880e-10 5.44904975798080e-10 -1.31772987587472e+00 1.01149496270460e+01 -3.68380985108883e+00 -1.60358820059913e+01 1.31772987569029e+00 -1.01149496268486e+01 4.78553414202823e-10 6.34468826284278e-10
4.92000000000000e+00 3.67099982553287e-10 4.94309842871459e-10 4.17382607127822e+03 -8.57063107032400e+03 -4.47488281209632e+00 2.35580872689136e+01 -4.17382607127848e+03 8.57063107032398e+03 2.48804121861717e-10 5.86464511909375e-10 -6.61820218167188e+00 1.70381472460587e+00 4.47488281179706e+00 -2.35580872687623e+01 6.61820218147423e+00 -1.70381472445034e+00 4.36968160204480e-10 6.76199469037278e-10
4.94000000000000e+00 3.29254787217041e-10 5.43879774570331e-10 4.05711396248357e+03 -8.27617962281949e+03 -1.86285215294477e+01 2.29947683266286e+01 -4.05711396248379e+03 8.27617962281941e+03 2.03583767028045e-10 6.39744401698582e-10 -2.13187101601106e-01 -5.58277602186592e+00 1.86285215291718e+01 -2.29947683265379e+01 2.13187101420942e-01 5.58277602196218e+00 3.77785638450215e-10 7.21555462038016e-10
4.96000000000000e+00 2.68602648263237e-10 5.90186297421400e-10 3.70004706618348e+03 -8.16991285232905e+03 -2.83570360972769e+01 1.16542109504877e+01 -3.70004706618364e+03 8.16991285232893e+03 1.27615739189650e-10 6.80495614702967e-10 5.50625810934571e+00 -1.40883370763214e+00 2.83570360970533e+01 -1.16542109504342e+01 -5.50625810947867e+00 1.40883370768729e+00 2.96655049087269e-10 7.51427157586213e-10
4.98000000000000e+00 1.88981176018533e-10 6.14704022433779e-10 3.33667040885758e+03 -8.44126302245832e+03 -2.74426201959784e+01 1.09300261066695e+00 -3.33667040885768e+03 8.44126302245821e+03 3.97204685658850e-11 6.84961732086576e-10 3.82518142535176e+00 2.86385146623088e+00 2.74426201958078e+01 -1.09300261062029e+00 -3.82518142543025e+00 -2.86385146618833e+00 2.11612557270226e-10 7.50288336758922e-10
5.00000000000000e+00 1.10459151048090e-10 6.08548098259380e-10 3.24661946046336e+03 -8.93709986936637e+03 -2.68512980697814e+01 -4.12089810505226e+00 -3.24661946046342e+03 8.93709986936627e+03 -3.03178717996820e-11 6.59040211935768e-10 9.91028670396507e-02 5.81815821874564e+00 2.68512980696530e+01 4.12089810511377e+00 -9.91028670704125e-02 -5.81815821869154e+00 1.41115677418466e-10 7.25925195181051e-10
5.02000000000000e+00 4.98361904283749e-11 5.83917019792699e-10 3.42726578174373e+03 -9.40426818444490e+03 -2.74231669178020e+01 -1.19312660116864e+01 -3.42726578174377e+03 9.40426818444483e+03 -7.50406413208462e-11 6.27273446460071e-10 -1.01996059931294e+01 5.60827179763963e+00 2.74231669176955e+01 1.19312660117722e+01 1.01996059931242e+01 -5.60827179755940e+00 9.21169251682184e-11 6.89731035154854e-10
5.04000000000000e+00 5.20934082332699e-12 5.53784782753040e-10 3.73631719215788e+03 -9.74083362966553e+03 -2.37544846900222e+01 -2.20667243135160e+01 -3.73631719215791e+03 9.74083362966548e+03 -1.08343529504391e-10 6.00188866113315e-10 -1.88971972545263e+01 -9.37615498344498e+00 2.37544846899171e+01 2.20667243136224e+01 1.88971972545237e+01 9.37615498354580e+00 6.50671206736712e-11 6.55543614634110e-10
5.06000000000000e+00 -2.24830632718292e-11 5.19513307925087e-10 4.03232130809165e+03 -9.97610403891697e+03 -1.49964640964035e+01 -3.10125059686295e+01 -4.03232130809169e+03 9.97610403891692e+03 -1.30859874431951e-10 5.70974609253197e-10 -1.03496412764691e+01 -2.81648957433857e+01 1.49964640962877e+01 3.10125059687449e+01 1.03496412764571e+01 2.81648957434924e+01 5.34851450295197e-11 6.30857556668397e-10
5.08000000000000e+00 -2.69325264606568e-11 4.95206585785661e-10 4.26436709727755e+03 -1.02994332787607e+04 9.78615350153045e-01 -3.73131957999860e+01 -4.26436709727760e+03 1.02994332787606e+04 -1.33989573541714e-10 5.52547487146045e-10 1.06478884945192e+01 -3.72357574950193e+01 -9.78615350285353e-01 3.73131958000946e+01 -1.06478884945407e+01 3.72357574951161e+01 5.46752386042103e-11 6.23462610471303e-10
5.10000000000000e+00 -2.34843042093713e-11 5.00671210464954e-10 4.72600776690820e+03 -1.08861721739155e+04 2.34706090761950e+01 -2.52755291901614e+01 -4.72600776690824e+03 1.08861721739154e+04 -1.34237525458213e-10 5.61859849636795e-10 3.49827066940090e+01 -2.73999524925554e+01 -2.34706090763399e+01 2.52755291902451e+01 -3.49827066940349e+01 2.73999524926256e+01 5.40746952703184e-11 6.45754957442652e-10
5.12000000000000e+00 -3.98917359070408e-11 5.35350250067820e-10 5.82830957364327e+03 -1.13360612173730e+04 1.73295661860726e+01 1.44658814223050e-01 -5.82830957364328e+03 1.13360612173728e+04 -1.54533438095653e-10 5.95741735111946e-10 4.23161221288969e+01 -4.84450745406025e+00 -1.73295661862204e+01 -1.44658814183037e-01 -4.23161221289143e+01 4.84450745409003e+00 2.53383773138117e-11 6.93708375929957e-10
5.14000000000000e+00 -9.94711653368168e-11 5.77340149590451e-10 7.21096650462770e+03 -1.09621013179576e+04 1.72877995378210e+00 -6.42225416378027e+00 -7.21096650462766e+03 1.09621013179574e+04 -2.15925545985978e-10 6.36287656669371e-10 3.80652117689551e+01 9.03641655888363e+00 -1.72877995390283e+00 6.42225416376162e+00 -3.80652117689374e+01 -9.03641655890561e+00 -5.18798510422875e-11 7.40919602277631e-10
5.16000000000000e+00 -1.99495740332113e-10 5.86743476829293e-10 8.01903268771432e+03 -9.88736827431746e+03 1.34291403314247e+01 -1.24412204725846e+01 -8.01903268771420e+03 9.88736827431726e+03 -3.17443905665427e-10 6.44223763252218e-10 3.56428367562149e+01 2.25684916939281e+01 -1.34291403314756e+01 1.24412204725207e+01 -3.56428367561212e+01 -2.25684916939869e+01 -1.68291029223244e-10 7.45811107641420e-10
5.18000000000000e+00 -3.03753485006254e-10 5.45149685232252e-10 8.10936338072451e+03 -8.90452500982091e+03 1.76433311183511e+01 1.44256451212848e+00 -8.10936338072430e+03 8.90452500982073e+03 -4.22250815640643e-10 6.02272083510477e-10 2.19754225393692e+01 3.72030322565433e+01 -1.76433311183119e+01 -1.44256451218997e+00 -2.19754225391791e+01 -3.72030322565933e+01 -2.82478822123988e-10 6.94395100953464e-10
5.20000000000000e+00 -3.87048524174867e-10 4.66520218842344e-10 7.99082143467100e+03 -8.24776711509334e+03 7.74837622827314e+00 8.41495981690266e+00 -7.99082143467072e+03 8.24776711509322e+03 -5.08166417994796e-10 5.25321039243611e-10 1.97468866996832e+00 3.87522534460368e+01 -7.74837622816148e+00 -8.41495981692196e+00 -1.97468866970260e+00 -3.87522534460338e+01 -3.66720022331936e-10 6.04862224836212e-10
5.22000000000000e+00 -4.40887415876987e-10 3.62802870368942e-10 7.80576261564575e+03 -7.74525416230409e+03 -1.12430492268359e+00 3.79592927377295e+00 -7.80576261564545e+03 7.74525416230405e+03 -5.69176242617258e-10 4.22153585968717e-10 -1.07081800004127e+01 2.87171842317547e+01 1.12430492283290e+00 -3.79592927373659e+00 1.07081800007160e+01 -2.87171842316861e+01 -4.15295203438487e-10 5.01207344766961e-10
5.24000000000000e+00 -4.55459173319148e-10 2.44515809774282e-10 7.56630023222424e+03 -7.36759670481658e+03 1.21433090306565e+00 -5.89559398017345e+00 -7.56630023222395e+03 7.36759670481660e+03 -5.92490202750798e-10 2.97743969764250e-10 -1.35991982153325e+01 1.99727091828489e+01 -1.21433090289946e+00 5.89559398025502e+00 1.35991982156530e+01 -1.99727091827296e+01 -4.36222947219752e-10 3.90508061221107e-10
5.26000000000000e+00 -4.21080830930516e-10 1.32647772821210e-10 7.25499484052170e+03 -7.11556171892882e+03 1.36561959181134e+01 -5.82486093078388e+00 -7.25499484052142e+03 7.11556171892887e+03 -5.61114615323670e-10 1.76016859332576e-10 -1.48231024216576e+01 1.42877388562591e+01 -1.36561959179286e+01 5.82486093090398e+00 1.48231024219998e+01 -1.42877388560908e+01 -4.16503237616472e-10 2.76166344095911e-10
5.28000000000000e+00 -3.50546681291903e-10 5.97070723073622e-11 6.94609860119404e+03 -7.08223928150666e+03 2.08593212288817e+01 1.04641665422932e+01 -6.94609860119375e+03 7.08223928150675e+03 -4.89977789021510e-10 9.53923525438087e-11 -1.48693040606872e+01 1.06758996358150e+01 -2.08593212286799e+01 -1.04641665421212e+01 1.48693040610461e+01 -1.06758996355843e+01 -3.55034211348479e-10 1.90719299796829e-10
5.30000000000000e+00 -2.80625501214099e-10 3.13369058716762e-11 6.80440527426691e+03 -7.19729317531085e+03 5.57413964327738e+00 2.87535986673049e+01 -6.80440527426661e+03 7.19729317531098e+03 -4.18423972213260e-10 6.13304314872157e-11 -1.68224613918912e+01 7.41997709675309e+00 -5.57413964308203e+00 -2.87535986670749e+01 1.68224613922420e+01 -7.41997709645642e+00 -2.83163790895811e-10 1.49982847830299e-10
5.32000000000000e+00 -2.29537003143203e-10 2.60674588562060e-11 6.84546263804151e+03 -7.28370138288605e+03 -2.08777585337824e+01 2.26192301174613e+01 -6.84546263804123e+03 7.28370138288622e+03 -3.67003066681626e-10 5.30293651388548e-11 -1.67936455375844e+01 1.78578334467831e+00 2.08777585339554e+01 -2.26192301171865e+01 1.67936455379124e+01 -1.78578334433142e+00 -2.27222460728286e-10 1.42185416789021e-10
5.34000000000000e+00 -1.93955644914337e-10 2.71304757576325e-11 6.93309000985341e+03 -7.24490135205823e+03 -2.64137359264882e+01 -2.75243247275339e+00 -6.93309000985316e+03 7.24490135205843e+03 -3.35056284911743e-10 4.87687129956118e-11 -1.38208708315247e+01 -9.69871162001614e-01 2.64137359266363e+01 2.75243247305985e+00 1.38208708318269e+01 9.69871162394139e-01 -1.94815377706843e-10 1.43038828155773e-10
5.36000000000000e+00 -1.66421608670838e-10 2.96970166165890e-11 6.93658059126862e+03 -7.15347299321819e+03 -1.11767384827417e+01 -1.43379461180747e+01 -6.93658059126841e+03 7.15347299321841e+03 -3.08611169992529e-10 4.05066767059852e-11 -1.34592401225066e+01 -1.85436733307517e+00 1.11767384828593e+01 1.43379461184089e+01 1.34592401227703e+01 1.85436733350742e+00 -1.70814858775645e-10 1.38135055367220e-10
5.38000000000000e+00 -1.41826460816572e-10 3.53507098167202e-11 6.86269478032170e+03 -7.14966916467930e+03 -1.65866801917724e+00 -1.06504549834914e+01 -6.86269478032151e+03 7.14966916467952e+03 -2.79712965215368e-10 3.54876222201594e-11 -1.22843931599247e+01 -4.42339213900447e+00 1.65866801925687e+00 1.06504549838416e+01 1.22843931601397e+01 4.42339213946064e+00 -1.42843752828440e-10 1.35783726021597e-10
5.40000000000000e+00 -1.22458265884044e-10 5.14340860877172e-11 6.84536196677913e+03 -7.29034319598289e+03 3.08967978855508e-01 -7.03067267045732e+00 -6.84536196677895e+03 7.29034319598309e+03 -2.53085772844765e-10 4.26763501276397e-11 -1.10633234603286e+01 -4.02808962241475e+00 -3.08967978816974e-01 7.03067267080091e+00 1.10633234604968e+01 4.02808962286865e+00 -1.16674490188870e-10 1.49253576023403e-10
5.42000000000000e+00 -1.23467849363762e-10 7.38879452917164e-11 6.99641990258091e+03 -7.49996124840206e+03 5.11510430275454e-01 -5.34690456853508e+00 -6.99641990258072e+03 7.49996124840225e+03 -2.43604991861927e-10 5.95430676343165e-11 -1.30371913720748e+01 -4.80180199294981e+00 -5.11510430253946e-01 5.34690456885136e+00 1.30371913722193e+01 4.80180199338469e+00 -1.12828894455012e-10 1.75677278518959e-10
5.44000000000000e+00 -1.43038882638580e-10 8.10966027924240e-11 7.35643251963579e+03 -7.65493465689509e+03 -2.18302969303669e-01 -5.42498521305987e+00 -7.35643251963557e+03 7.65493465689528e+03 -2.53154122905416e-10 6.58493916332705e-11 -1.49209829825950e+01 -8.29052190311875e+00 2.18302969339077e-01 5.42498521335768e+00 1.49209829827413e+01 8.29052190354573e+00 -1.35220625377765e-10 1.89039199051655e-10
5.46000000000000e+00 -1.62473704224026e-10 7.04051239869478e-11 7.88400634887764e+03 -7.60674915873455e+03 1.44403532346917e+00 -7.35020253637170e+00 -7.88400634887741e+03 7.60674915873477e+03 -2.63121067443171e-10 5.64580555656960e-11 -1.40516075456812e+01 -1.38037445517327e+01 -1.44403532340854e+00 7.35020253667937e+00 1.40516075458301e+01 1.38037445521724e+01 -1.62422846967565e-10 1.78670180234978e-10
5.48000000000000e+00 -1.79165895586152e-10 4.86310594531158e-11 8.42201913234230e+03 -7.23601608136549e+03 4.95655595020979e+00 -6.57053888160126e+00 -8.42201913234208e+03 7.23601608136575e+03 -2.71890767262538e-10 4.13016636540827e-11 -1.08370809833094e+01 -1.72955237479378e+01 -4.95655595014059e+00 6.57053888194349e+00 1.08370809834490e+01 1.72955237484008e+01 -1.84593841037951e-10 1.51889603123650e-10
5.50000000000000e+00 -1.87398900254286e-10 1.12531295614578e-11 8.71638521443783e+03 -6.58207625830039e+03 6.76374859000391e+00 -3.22346714968885e+00 -8.71638521443763e+03 6.58207625830068e+03 -2.79656898163062e-10 1.23149665652582e-11 -8.71827475139201e+00 -2.06279148412281e+01 -6.76374858995567e+00 3.22346715006573e+00 8.71827475150706e+00 2.06279148417131e+01 -1.94928524153181e-10 1.09200253446935e-10
5.52000000000000e+00 -1.73756514744512e-10 -3.22647533348834e-11 8.64597249709326e+03 -5.88481165197077e+03 5.29308384227215e+00 -4.29666989955892e-01 -8.64597249709307e+03 5.88481165197109e+03 -2.69691967072019e-10 -2.74670727986829e-11 -2.92806362133119e+00 -2.57616020984492e+01 -5.29308384225557e+00 4.29666990349988e-01 2.92806362141486e+00 2.57616020989412e+01 -1.83024120975850e-10 6.04744849253736e-11
5.54000000000000e+00 -1.41312676180083e-10 -6.56851186122020e-11 8.28065913250851e+03 -5.35354852867594e+03 3.37628548808365e+00 -3.94665508214319e-01 -8.28065913250835e+03 5.35354852867628e+03 -2.40274577869234e-10 -6.03389632358436e-11 5.93895821433109e+00 -2.48325132343677e+01 -3.37628548809631e+00 3.94665508610090e-01 -5.93895821427662e+00 2.48325132348571e+01 -1.49637959813091e-10 2.07577667388443e-11
5.56000000000000e+00 -9.93546766817229e-11 -8.32154536076248e-11 7.78746761562316e+03 -5.08823902351742e+03 3.12003209070649e+00 -1.98067678590433e+00 -7.78746761562303e+03 5.08823902351778e+03 -2.01132318665479e-10 -7.73573133507932e-11 1.06066654448127e+01 -2.16205419503913e+01 -3.12003209074149e+00 1.98067678629127e+00 -1.06066654447803e+01 2.16205419508675e+01 -1.04440415850899e-10 1.01647342903906e-12
5.58000000000000e+00 -5.58624843601872e-11 -8.17047781062536e-11 7.27978718855699e+03 -5.05892825646712e+03 5.85481715405889e+00 -2.74090145968405e+00 -7.27978718855689e+03 5.05892825646747e+03 -1.63974222147061e-10 -7.72878460064912e-11 1.61979793877372e+01 -1.72351758043082e+01 -5.85481715410218e+00 2.74090146006086e+00 -1.61979793877118e+01 1.72351758047716e+01 -6.25703477345510e-11 3.36138020372762e-12
5.60000000000000e+00 -2.31427282369944e-11 -6.18632410172092e-11 6.85289027718476e+03 -5.27817955434814e+03 7.81181079075946e+00 3.76890629981365e-01 -6.85289027718469e+03 5.27817955434849e+03 -1.36247222838605e-10 -6.64908341499609e-11 1.54514113490008e+01 -8.86643801719990e+00 -7.81181079080376e+00 -3.76890629605020e-01 -1.54514113489741e+01 8.86643801766039e+00 -3.64392787918790e-11 1.88210608603681e-11
5.62000000000000e+00 -1.16686788894368e-11 -3.61620256342569e-11 6.63222634686281e+03 -5.61851425228611e+03 7.69184634542850e+00 1.57828506217375e+00 -6.63222634686276e+03 5.61851425228646e+03 -1.21610022271413e-10 -5.20515951161697e-11 1.04049602809938e+01 -1.04300456309823e+01 -7.69184634547852e+00 -1.57828506178754e+00 -1.04049602809690e+01 1.04300456314564e+01 -2.80034932712660e-11 3.17650791566806e-11
5.64000000000000e+00 -1.63779809941004e-11 -2.13695130790335e-11 6.51035510329781e+03 -5.95293722395864e+03 1.18084578763441e+01 5.67908758299813e+00 -6.51035510329779e+03 5.95293722395897e+03 -1.16714456805525e-10 -4.41162684236518e-11 1.86461071665496e+01 -1.31915632899019e+01 -1.18084578764143e+01 -5.67908758260089e+00 -1.86461071665462e+01 1.31915632903897e+01 -2.49258337774685e-11 3.24008980010727e-11
5.66000000000000e+00 -2.32999923642383e-11 -2.13222405452145e-11 6.43411662888271e+03 -6.42674447401317e+03 7.33024274975651e+00 1.90221976251274e+01 -6.43411662888270e+03 6.42674447401349e+03 -1.12595236923165e-10 -4.26770384645788e-11 2.53527208189870e+01 7.61523089762137e-01 -7.33024274985197e+00 -1.90221976247353e+01 -2.53527208190127e+01 -7.61523089276735e-01 -1.70285808303861e-11 2.78931748705439e-11
5.68000000000000e+00 -2.42209776998442e-11 -3.03883105073030e-11 6.63969154570885e+03 -7.04426660286860e+03 -1.27081717511274e+01 1.91527999349627e+01 -6.63969154570885e+03 7.04426660286889e+03 -1.08833873164080e-10 -4.43499404547465e-11 1.28894921801284e+01 1.61059977420820e+01 1.27081717510218e+01 -1.91527999345892e+01 -1.28894921801728e+01 -1.61059977416134e+01 -8.47802406578865e-12 2.32299077952324e-11
5.70000000000000e+00 -1.73562431028107e-11 -4.26769368977718e-11 7.16915217818645e+03 -7.55889857470142e+03 -1.93552503764785e+01 2.16698301552381e+00 -7.16915217818644e+03 7.55889857470171e+03 -1.04274751731995e-10 -5.10975192477915e-11 -9.67409527314710e+00 1.33990845401961e+01 1.93552503763788e+01 -2.16698301515579e+00 9.67409527310508e+00 -1.33990845397392e+01 1.46124701272820e-12 1.33266673419241e-11
5.72000000000000e+00 -3.14928689315004e-12 -5.36467872505465e-11 7.91564433437962e+03 -7.85940274954102e+03 -1.35615095297959e+01 -7.60857728074763e+00 -7.91564433437961e+03 7.85940274954130e+03 -9.48988130137008e-11 -6.13065159508145e-11 -2.21860949995519e+01 -7.96185256390866e+00 1.35615095296937e+01 7.60857728113021e+00 2.21860949995059e+01 7.96185256437298e+00 2.11347077304007e-11 1.39284610582086e-12
5.74000000000000e+00 1.61905496371077e-11 -6.06119142066647e-11 8.77868824353954e+03 -7.86606716907258e+03 -7.61761264407421e+00 -1.24522797432666e+01 -8.77868824353954e+03 7.86606716907287e+03 -7.90639562357137e-11 -7.15030092273883e-11 -1.45719160271610e+01 -3.44527731226710e+01 7.61761264394989e+00 1.24522797436597e+01 1.45719160270940e+01 3.44527731231415e+01 4.94202431340010e-11 -2.26952327922344e-12
5.76000000000000e+00 3.81972984284695e-11 -6.12136461062073e-11 9.62515550947137e+03 -7.57856642700648e+03 -2.77822306775400e-01 -1.31709429853451e+01 -9.62515550947138e+03 7.57856642700676e+03 -5.84007741750268e-11 -7.66203776912040e-11 1.36155749755252e+01 -4.81984688646179e+01 2.77822306627863e-01 1.31709429857335e+01 -1.36155749756149e+01 4.81984688650783e+01 7.73965920113465e-11 6.52964415223103e-12
5.78000000000000e+00 5.89520302155962e-11 -5.70872448051826e-11 1.03987449873797e+04 -6.98029862859431e+03 2.50902178964618e+00 -1.23032186004717e+01 -1.03987449873797e+04 6.98029862859458e+03 -3.75871165076260e-11 -7.79434479371099e-11 4.24768561546555e+01 -3.75220511415026e+01 -2.50902178981160e+00 1.23032186008506e+01 -4.24768561547572e+01 3.75220511419486e+01 9.69163222124211e-11 2.21759430664637e-11
5.80000000000000e+00 8.02152361625172e-11 -4.89243694486158e-11 1.08327195172179e+04 -6.00254286841968e+03 8.93271564746840e+00 -1.36597343983756e+01 -1.08327195172180e+04 6.00254286841996e+03 -1.33650125566482e-11 -7.61912741793068e-11 5.80313659516977e+01 -1.19405392948213e+01 -8.93271564765338e+00 1.36597343987438e+01 -5.80313659518100e+01 1.19405392952531e+01 1.10413110975200e-10 3.80379731303256e-11
5.82000000000000e+00 9.97568601632964e-11 -3.31982441541970e-11 1.06034464196585e+04 -5.08564690699584e+03 1.57816342995679e+01 -7.83608441999470e+00 -1.06034464196585e+04 5.08564690699610e+03 1.25501507085328e-11 -6.43382531550169e-11 5.15564079643367e+01 1.80365978458674e+01 -1.57816342997710e+01 7.83608442033733e+00 -5.15564079644538e+01 -1.80365978454571e+01 1.19546603953819e-10 5.56019723471645e-11
5.84000000000000e+00 1.09671945370432e-10 -9.52117226755606e-12 1.01198587796945e+04 -4.73226779333222e+03 1.77828450029510e+01 -4.96919803664904e-03 -1.01198587796945e+04 4.73226779333248e+03 2.87162893860341e-11 -4.12248542067939e-11 2.80411895468136e+01 2.77605887664352e+01 -1.77828450031480e+01 4.96919835266344e-03 -2.80411895469172e+01 -2.77605887660419e+01 1.19759894993969e-10 7.31250479603857e-11
5.86000000000000e+00 1.02025318863657e-10 9.35567219455574e-12 9.86292109601250e+03 -4.74033519563454e+03 1.36293535144038e+01 8.26275727732032e+00 -9.86292109601251e+03 4.74033519563480e+03 2.66303153527586e-11 -2.05966964716395e-11 1.87379748615080e+01 2.02180611518703e+01 -1.36293535145854e+01 -8.26275727701266e+00 -1.87379748615974e+01 -2.02180611514699e+01 1.11501365436416e-10 8.14666516756689e-11
5.88000000000000e+00 8.99305801578087e-11 6.64458549425301e-12 9.82856556824955e+03 -4.81099875305349e+03 6.34909295057342e+00 8.13711200298890e+00 -9.82856556824957e+03 4.81099875305376e+03 1.79639548442134e-11 -1.90112974882466e-11 1.90082734391914e+01 2.10909252612552e+01 -6.34909295074952e+00 -8.13711200267455e+00 -1.90082734392833e+01 -2.10909252608391e+01 1.05141745244418e-10 7.48828928316104e-11
5.90000000000000e+00 9.64364712702731e-11 -1.03218019246725e-11 9.94357662877262e+03 -4.89788398521181e+03 6.05647351195399e+00 4.82364239000095e+00 -9.94357662877267e+03 4.89788398521208e+03 2.30576615369341e-11 -3.10848492245873e-11 1.45665815606850e+01 2.60205004276012e+01 -6.05647351213958e+00 -4.82364238967896e+00 -1.45665815607958e+01 -2.60205004271743e+01 1.13990387426924e-10 5.95192381556144e-11
5.92000000000000e+00 1.24129431065557e-10 -1.89241938062131e-11 1.02307282151554e+04 -4.91948967170341e+03 9.07826416090519e+00 6.95101293906850e+00 -1.02307282151554e+04 4.91948967170365e+03 4.59097884500365e-11 -3.99012122467284e-11 5.99583120329413e+00 2.96877644736044e+01 -9.07826416110964e+00 -6.95101293875304e+00 -5.99583120343108e+00 -2.96877644731848e+01 1.39798314392335e-10 5.24770875619740e-11
5.94000000000000e+00 1.56918609302386e-10 -5.68841981870835e-12 1.05711164516381e+04 -4.77173914625271e+03 5.83569401388459e+00 1.40558167822500e+01 -1.05711164516381e+04 4.77173914625293e+03 7.74567109798684e-11 -3.16415612489565e-11 -6.66445651526303e+00 2.72887630820820e+01 -5.83569401409816e+00 -1.40558167819547e+01 6.66445651511219e+00 -2.72887630816856e+01 1.67560886681098e-10 6.35665016909163e-11
5.96000000000000e+00 1.75175320575305e-10 2.11433375062170e-11 1.08264211521780e+04 -4.53438439965005e+03 -4.50921046423419e+00 1.31813023365280e+01 -1.08264211521780e+04 4.53438439965026e+03 9.86290341131161e-11 -8.23315655532223e-12 -1.35435021468937e+01 1.69001924256395e+01 4.50921046402697e+00 -1.31813023362515e+01 1.35435021467467e+01 -1.69001924252641e+01 1.82892975487510e-10 8.31128763429797e-11
5.98000000000000e+00 1.80404424413141e-10 4.43181714549585e-11 1.10283355035252e+04 -4.34706950899183e+03 -8.19571636238679e+00 5.14628344288641e+00 -1.10283355035252e+04 4.34706950899202e+03 1.07054662124596e-10 1.34846057630615e-11 -1.52081604282166e+01 9.01854556316347e+00 8.19571636219109e+00 -5.14628344261900e+00 1.52081604280804e+01 -9.01854556279786e+00 1.90156878474734e-10 9.79941091155682e-11
6.00000000000000e+00 1.81868855171274e-10 6.00869603546679e-11 1.13237787625181e+04 -4.21567007737197e+03 -7.97970208981524e+00 -2.35612512426425e+00 -1.13237787625182e+04 4.21567007737216e+03 1.12695859797972e-10 2.88479617665309e-11 -1.56350984240100e+01 -2.17378781556313e+00 7.97970208963020e+00 2.35612512452703e+00 1.56350984238818e+01 2.17378781592612e+00 1.96691703732518e-10 1.08457283722779e-10
6.02000000000000e+00 1.84791844460985e-10 6.98431496487296e-11 1.17603256773324e+04 -3.96044295600858e+03 -9.16894778254200e-01 -1.21387833385746e+01 -1.17603256773324e+04 3.96044295600877e+03 1.20163846987208e-10 4.19165414257593e-11 -6.18696774435836e+00 -1.04696486573573e+01 9.16894778082372e-01 1.21387833388417e+01 6.18696774423627e+00 1.04696486577232e+01 2.03439230122680e-10 1.15304431576415e-10
6.04000000000000e+00 1.93140383791217e-10 7.43743622850937e-11 1.21106969455976e+04 -3.49592218486284e+03 1.70100605566392e+01 -1.28932077968525e+01 -1.21106969455976e+04 3.49592218486304e+03 1.28160102981254e-10 5.34745840513126e-11 9.90705754312074e-01 -1.06281427942228e+01 -1.70100605568040e+01 1.28932077971342e+01 -9.90705754433670e-01 1.06281427945953e+01 2.14660549877859e-10 1.16111647664984e-10
6.06000000000000e+00 2.13715198571920e-10 7.97446668817260e-11 1.22800918122357e+04 -3.09678839579585e+03 3.26696802056894e+01 7.99556823268570e+00 -1.22800918122357e+04 3.09678839579606e+03 1.41811299018141e-10 6.26544420528729e-11 8.78312241291158e+00 -1.19582290612611e+01 -3.26696802058603e+01 -7.99556823238752e+00 -8.78312241303777e+00 1.19582290616365e+01 2.37971232804076e-10 1.17200895907081e-10
6.08000000000000e+00 2.43213251539990e-10 9.83896376828988e-11 1.25970003930231e+04 -2.84207959883780e+03 1.44585164169611e+01 3.95836136907638e+01 -1.25970003930231e+04 2.84207959883802e+03 1.63740216666606e-10 7.88620499699240e-11 1.54543171817807e+01 -3.29476053757413e+00 -1.44585164171448e+01 -3.95836136904558e+01 -1.54543171819082e+01 3.29476053795272e+00 2.69737271410008e-10 1.28407584259547e-10
6.10000000000000e+00 2.67624926090288e-10 1.34064649993855e-10 1.31308277190686e+04 -2.35397282843065e+03 -2.59338104008951e+01 2.69532252756983e+01 -1.31308277190686e+04 2.35397282843087e+03 1.83318489474431e-10 1.08396872159621e-10 8.61762668967230e+00 -2.69268763761112e+00 2.59338104006984e+01 -2.69532252753826e+01 -8.61762668980412e+00 2.69268763799735e+00 3.02042504717844e-10 1.52181297869175e-10
6.12000000000000e+00 2.75461190577157e-10 1.72986754077714e-10 1.35207895402754e+04 -1.52250944739476e+03 -1.88418704122438e+01 -1.39368401257715e+01 -1.35207895402754e+04 1.52250944739499e+03 1.89539103698217e-10 1.40366394635018e-10 2.09911101072768e+01 -1.28338042479071e+01 1.88418704120282e+01 1.39368401260911e+01 -2.09911101074184e+01 1.28338042483044e+01 3.26665142145920e-10 1.82959106764809e-10
6.14000000000000e+00 2.80740843221337e-10 1.98413725543131e-10 1.35425122751022e+04 -6.04460808703706e+02 1.94576053528778e+01 -1.15303184598746e+01 -1.35425122751022e+04 6.04460808703953e+02 1.94462867130524e-10 1.58884621886284e-10 4.07234806189179e+01 6.24620054902481e+00 -1.94576053531130e+01 1.15303184601959e+01 -4.07234806190727e+01 -6.24620054861849e+00 3.49623350085564e-10 2.08642558615527e-10
6.16000000000000e+00 3.02561696996233e-10 2.22038835969232e-10 1.33354802786034e+04 5.22133133560394e+01 2.34454391243560e+01 2.27238512334693e+01 -1.33354802786034e+04 -5.22133133557830e+01 2.18254650691889e-10 1.74103828949930e-10 2.85671935896088e+01 3.23310345142418e+01 -2.34454391246204e+01 -2.27238512331482e+01 -2.85671935897905e+01 -3.23310345138259e+01 3.86061864476263e-10 2.35029200900655e-10
6.18000000000000e+00 3.38203741271801e-10 2.61706214964331e-10 1.32799886748663e+04 5.09506537899273e+02 -1.68179766116022e+00 3.66724552860215e+01 -1.32799886748663e+04 -5.09506537899013e+02 2.60299670236474e-10 2.07421073796620e-10 8.37757889837501e+00 3.34599452652605e+01 1.68179766086120e+00 -3.66724552857146e+01 -8.37757889859676e+00 -3.34599452648459e+01 4.36284317339380e-10 2.77591302620487e-10
6.20000000000000e+00 3.78582492709152e-10 3.25021038345798e-10 1.33711652187028e+04 1.08002963925170e+03 -2.44786306001192e+01 2.70079948074593e+01 -1.33711652187029e+04 -1.08002963925144e+03 3.06438957691162e-10 2.69276570808684e-10 1.92698917559145e+00 2.72975526852428e+01 2.44786305997908e+01 -2.70079948071829e+01 -1.92698917586098e+00 -2.72975526848521e+01 4.93727508259824e-10 3.44077851090877e-10
6.22000000000000e+00 4.18244458156455e-10 4.18594250496055e-10 1.33964321581605e+04 1.81066719798675e+03 -3.19006060780336e+01 3.20834875380284e+00 -1.33964321581606e+04 -1.81066719798651e+03 3.48409822860571e-10 3.60698394417939e-10 -1.21137624519611e+00 2.66598316681371e+01 3.19006060776812e+01 -3.20834875356856e+00 1.21137624489175e+00 -2.66598316677951e+01 5.55873297186703e-10 4.44817303107649e-10
6.24000000000000e+00 4.42058032963978e-10 5.56521008623763e-10 1.32960562190819e+04 2.56479779353306e+03 -1.48360517542433e+01 -1.65278234447678e+01 -1.32960562190820e+04 -2.56479779353284e+03 3.77183076524378e-10 4.94097625332397e-10 -5.91056288650326e+00 2.51290543086778e+01 1.48360517538824e+01 1.65278234449490e+01 5.91056288618457e+00 -2.51290543083993e+01 6.05587306187422e-10 6.00366717425886e-10
6.26000000000000e+00 4.17419718419346e-10 7.39928217348678e-10 1.31818355841843e+04 3.34066458577834e+03 1.05326659321377e+01 -8.57475710804538e+00 -1.31818355841843e+04 -3.34066458577814e+03 3.60574668872762e-10 6.77419890089835e-10 -8.81911892865185e+00 2.48049520951366e+01 -1.05326659324872e+01 8.57475710817179e+00 8.81911892833960e+00 -2.48049520949271e+01 6.02849033717432e-10 8.15985792734393e-10
6.28000000000000e+00 3.07379822159824e-10 9.47604480883462e-10 1.29734982893072e+04 4.29594154463796e+03 1.14846408964526e+01 1.83647683241971e+01 -1.29734982893073e+04 -4.29594154463777e+03 2.54188002303956e-10 8.90296587921589e-10 -1.68088978728324e+01 2.59489794490129e+01 -1.14846408967735e+01 -1.83647683241250e+01 1.68088978725544e+01 -2.59489794488804e+01 4.98005633915160e-10 1.06991015628180e-09
6.30000000000000e+00 8.43013868609408e-11 1.12028050297444e-09 1.23983793406292e+04 5.35038501365921e+03 -1.36958052649197e+01 2.77481880216465e+01 -1.23983793406293e+04 -5.35038501365903e+03 2.68966974102038e-11 1.06560363364520e-09 -2.96968922828136e+01 1.75564068531584e+01 1.36958052646476e+01 -2.77481880216203e+01 2.96968922826173e+01 -1.75564068530866e+01 2.50672422424752e-10 1.28293897240639e-09
6.32000000000000e+00 -2.10595081248063e-10 1.17694788797310e-09 1.14080440891573e+04 6.12628377622051e+03 -2.78115446538894e+01 1.17178758931371e+01 -1.14080440891574e+04 -6.12628377622035e+03 -2.72191160023050e-10 1.11567777046669e-09 -3.08218284583047e+01 -3.55661709125675e+00 2.78115446536921e+01 -1.17178758931316e+01 3.08218284582118e+01 3.55661709132333e+00 -7.68783858999717e-11 1.34991670093403e-09
6.34000000000000e+00 -4.85791640174442e-10 1.10942118384159e-09 1.03489277435871e+04 6.37115976331917e+03 -2.76307640136321e+01 8.73221704328166e-01 -1.03489277435872e+04 -6.37115976331901e+03 -5.43666617529306e-10 1.03863550948129e-09 -1.21651603630257e+01 -1.56350118469610e+01 2.76307640135050e+01 -8.73221704304713e-01 1.21651603630137e+01 1.56350118470716e+01 -3.65936353833254e-10 1.27662050639924e-09
6.36000000000000e+00 -6.91693448798606e-10 9.66801765350946e-10 9.64009957673733e+03 6.24668727167334e+03 -2.87561031471727e+01 -1.01819325885388e+01 -9.64009957673734e+03 -6.24668727167318e+03 -7.39855682640797e-10 8.90787560177022e-10 6.47259949760763e+00 -6.11850736295990e+00 2.87561031470916e+01 1.01819325886014e+01 -6.47259949757698e+00 6.11850736312815e+00 -5.68550438489406e-10 1.13532226218855e-09
6.38000000000000e+00 -8.16622708671711e-10 8.01215411783427e-10 9.34231798977589e+03 6.19932203914446e+03 -1.97302859212878e+01 -2.51762097399089e+01 -9.34231798977591e+03 -6.19932203914428e+03 -8.55859462664460e-10 7.28306547829857e-10 5.24710419611278e+00 1.59968115836857e+01 1.97302859212298e+01 2.51762097400147e+01 -5.24710419606748e+00 -1.59968115834631e+01 -6.90066061401141e-10 9.87938637090655e-10
6.40000000000000e+00 -8.86605714918686e-10 6.61949695018229e-10 9.11463973914615e+03 6.41726179848686e+03 -5.91901730876187e-01 -2.73871577582022e+01 -9.11463973914617e+03 -6.41726179848667e+03 -9.25975576918710e-10 5.92263954688074e-10 -1.89172351526617e+01 2.03273006475952e+01 5.91901730820840e-01 2.73871577583437e+01 1.89172351527065e+01 -2.03273006473325e+01 -7.72375593233710e-10 8.71904931953147e-10
6.42000000000000e+00 -9.51833824565188e-10 5.45449472852118e-10 8.77881784454967e+03 6.70791587152869e+03 1.13683781266224e+01 -1.70721131664889e+01 -8.77881784454967e+03 -6.70791587152849e+03 -9.90099931513102e-10 4.70804221838583e-10 -2.73491620273016e+01 -2.17889371009247e+00 -1.13683781266771e+01 1.70721131666511e+01 2.73491620273445e+01 2.17889371037887e+00 -8.57941001204344e-10 7.68582552251814e-10
6.44000000000000e+00 -1.01318120385467e-09 4.21708565028624e-10 8.41609796361933e+03 6.94779796766974e+03 1.34677653335572e+01 -4.16081858955096e+00 -8.41609796361934e+03 -6.94779796766955e+03 -1.04365864915482e-09 3.44664864105834e-10 -1.13116950660273e+01 -1.14896147286790e+01 -1.34677653336021e+01 4.16081858972632e+00 1.13116950660798e+01 1.14896147289800e+01 -9.38393765536594e-10 6.51927157516531e-10
6.46000000000000e+00 -1.06134947287030e-09 2.93348821808154e-10 8.18489214590815e+03 7.17220257062782e+03 8.45001301378024e+00 4.28910256419631e+00 -8.18489214590813e+03 -7.17220257062762e+03 -1.08691239990226e-09 2.19325144556330e-10 -7.70140878146800e+00 -3.58083634242119e+00 -8.45001301380521e+00 -4.28910256399945e+00 7.70140878154996e+00 3.58083634274599e+00 -1.00555645897157e-09 5.26916513702534e-10
6.48000000000000e+00 -1.10107129340533e-09 1.56177213109074e-10 8.07299311506363e+03 7.68959863614691e+03 -1.56651014129837e-01 1.03749238717229e+01 -8.07299311506359e+03 -7.68959863614670e+03 -1.12617872118604e-09 8.22143993059770e-11 -9.48540224200922e+00 -1.00685192717944e+01 1.56651014125640e-01 -1.03749238714839e+01 9.48540224212115e+00 1.00685192721799e+01 -1.06244934711189e-09 3.89453643900835e-10
6.50000000000000e+00 -1.12083431344692e-09 1.96358672493008e-12 7.60297227005940e+03 8.56795663767305e+03 -1.53345071536779e+01 4.56022874842621e+00 -7.60297227005936e+03 -8.56795663767279e+03 -1.14263539961282e-09 -7.60262519456432e-11 5.12699727870131e+00 -9.13764073089115e+00 1.53345071536687e+01 -4.56022874812071e+00 -5.12699727859918e+00 9.13764073136616e+00 -1.09806071875077e-09 2.32932796825331e-10
6.52000000000000e+00 -1.10563409059091e-09 -1.57289467907243e-10 6.57174837623927e+03 9.26877379304376e+03 -1.47069921518395e+01 -1.67928640995702e+01 -6.57174837623926e+03 -9.26877379304346e+03 -1.11938521931066e-09 -2.37721474454148e-10 3.81618174636258e+00 8.64759826639848e+00 1.47069921517779e+01 1.67928640999267e+01 -3.81618174632841e+00 -8.64759826585206e+00 -1.09569460387518e-09 6.79541843199921e-11
6.54000000000000e+00 -1.06188050064740e-09 -3.04340247183630e-10 5.40057335617599e+03 9.50645519114359e+03 9.58567321318909e+00 -2.43635756603513e+01 -5.40057335617604e+03 -9.50645519114327e+03 -1.06642225262909e-09 -3.81297877150740e-10 -1.35555482091842e+01 7.97510102710401e+00 -9.58567321331259e+00 2.43635756607121e+01 1.35555482091371e+01 -7.97510102654874e+00 -1.05967754853952e-09 -8.22884668626954e-11
6.56000000000000e+00 -9.99099590682133e-10 -4.41138239500035e-10 4.31323414664189e+03 9.45227150262107e+03 2.66314881828744e+01 -1.54935618932008e+00 -4.31323414664197e+03 -9.45227150262081e+03 -1.00058848592945e-09 -5.10762577973617e-10 -1.29687961491087e+01 -8.19457604918109e+00 -2.66314881830272e+01 1.54935618965370e+00 1.29687961490155e+01 8.19457604971208e+00 -1.00774479080911e-09 -2.17981996113535e-10
6.58000000000000e+00 -9.12067157638907e-10 -5.68281215157030e-10 3.40025237226928e+03 9.16167479194732e+03 1.04559295138817e+01 2.23446045593099e+01 -3.40025237226935e+03 -9.16167479194710e+03 -9.15425026813336e-10 -6.34824296742207e-10 1.49873831010693e+00 -5.77222252214413e+00 -1.04559295140349e+01 -2.23446045589906e+01 -1.49873831021331e+00 5.77222252265442e+00 -9.36155418310468e-10 -3.47442579333668e-10
6.60000000000000e+00 -7.98215695877641e-10 -6.75411107897054e-10 2.74447139095265e+03 8.89594201942450e+03 -1.62149377679785e+01 1.61640602422934e+01 -2.74447139095269e+03 -8.89594201942429e+03 -8.02590320238004e-10 -7.42789339217258e-10 -1.77772739724177e+00 6.22096827506301e+00 1.62149377678323e+01 -1.61640602419699e+01 1.77772739713703e+00 -6.22096827455520e+00 -8.36529658523376e-10 -4.61143565775222e-10
6.62000000000000e+00 -6.63410642197096e-10 -7.49464784494297e-10 2.02944539628735e+03 8.80080271196663e+03 -1.98083369140939e+01 -1.02565489510367e+01 -2.02944539628734e+03 -8.80080271196640e+03 -6.67880223517633e-10 -8.19749643240427e-10 -1.12305242024723e+01 5.95308691538827e+00 1.98083369139498e+01 1.02565489513826e+01 1.12305242023706e+01 -5.95308691485984e+00 -7.17325686584690e-10 -5.43339283791174e-10
6.64000000000000e+00 -5.21858893977073e-10 -7.83406008081613e-10 1.02412456651180e+03 8.55545851436122e+03 3.44603413955013e+00 -1.98732483455181e+01 -1.02412456651178e+03 -8.55545851436094e+03 -5.23669567300548e-10 -8.60045430042342e-10 -1.51013899391845e+01 3.18313816728779e-01 -3.44603413971453e+00 1.98732483459012e+01 1.51013899390605e+01 -3.18313816159218e-01 -5.90723519796781e-10 -5.95652055914174e-10
6.66000000000000e+00 -3.87289309205129e-10 -7.72556403283511e-10 3.71111047801702e+01 7.76616459041344e+03 1.35635568118020e+01 -5.37261181247364e+00 -3.71111047801939e+01 -7.76616459041311e+03 -3.79118960291621e-10 -8.54440578318901e-10 -1.45506393513467e+01 -3.29649261360764e+00 -1.35635568120187e+01 5.37261181287340e+00 1.45506393511632e+01 3.29649261419775e+00 -4.57304437258353e-10 -6.06787830376069e-10
6.68000000000000e+00 -2.90480691171975e-10 -7.19967530116927e-10 -3.84625593859174e+02 6.65268053916783e+03 1.26708200395421e+01 4.95431909214453e-01 3.84625593859106e+02 -6.65268053916750e+03 -2.71501787616698e-10 -7.98711372678512e-10 -1.61911268348625e+01 -4.33180545653161e+00 -1.26708200398074e+01 -4.95431908830687e-01 1.61911268346290e+01 4.33180545710313e+00 -3.56752810826671e-10 -5.67579190637806e-10
6.70000000000000e+00 -2.49947887136020e-10 -6.65631062713325e-10 -2.72783151446451e+02 5.76097789087240e+03 1.50950142457698e+01 1.13962057003696e+01 2.72783151446354e+02 -5.76097789087208e+03 -2.26853108535187e-10 -7.40638219057455e-10 -1.99876099865602e+01 -9.10913309266241e+00 -1.50950142460626e+01 -1.13962057000195e+01 1.99876099863013e+01 9.10913309320595e+00 -3.14164746034081e-10 -5.27774198159555e-10
6.72000000000000e+00 -2.43410547188243e-10 -6.44209907304085e-10 2.49157300955627e+01 5.24135400325876e+03 -1.20944290212260e-01 2.30091776899290e+01 -2.49157300956602e+01 -5.24135400325848e+03 -2.14352703133543e-10 -7.20329434516542e-10 -2.18847815188172e+01 -1.86295797305830e+01 1.20944289917669e-01 -2.30091776896115e+01 2.18847815185524e+01 1.86295797311048e+01 -2.95966269185797e-10 -5.22543055463406e-10
6.74000000000000e+00 -2.36805619615468e-10 -6.63757096528847e-10 3.42136753686886e+02 5.01728932499784e+03 -1.58379004392070e+01 1.18502530343255e+01 -3.42136753686955e+02 -5.01728932499756e+03 -1.97099985767039e-10 -7.37907392402602e-10 -1.38080854892229e+01 -3.30670316523480e+01 1.58379004389266e+01 -1.18502530340186e+01 1.38080854889637e+01 3.30670316528716e+01 -2.69591495394045e-10 -5.47706830758857e-10
6.76000000000000e+00 -2.00707505883450e-10 -7.06678473957600e-10 5.76201512172266e+02 5.10598119778684e+03 -1.22907486472539e+01 -5.39992941637528e-01 -5.76201512172315e+02 -5.10598119778653e+03 -1.50701408140212e-10 -7.73886135135328e-10 6.02160506552815e+00 -3.45864142028517e+01 1.22907486469769e+01 5.39992941951986e-01 -6.02160506580083e+00 3.45864142033939e+01 -2.14561151321800e-10 -5.83745112557142e-10
6.78000000000000e+00 -1.31495839908064e-10 -7.42591638200099e-10 4.86678619369118e+02 5.40822388850095e+03 -7.51791729299981e+00 -1.02149064013225e+00 -4.86678619369182e+02 -5.40822388850060e+03 -7.43803753092811e-11 -7.98393039957631e-10 1.63341437078609e+01 -2.26868553686376e+01 7.51791729271064e+00 1.02149064045532e+00 -1.63341437081654e+01 2.26868553691925e+01 -1.34503044920371e-10 -6.00403633868339e-10
6.80000000000000e+00 -4.31407587987647e-11 -7.53620272770211e-10 2.46165424608500e+01 5.59145578957975e+03 -9.26385274701084e+00 -2.81964943524935e+00 -2.46165424609507e+01 -5.59145578957937e+03 1.42998246917479e-11 -7.97282507018353e-10 1.90938062233080e+01 -1.29145276985791e+01 9.26385274670765e+00 2.81964943557665e+00 -1.90938062236504e+01 1.29145276991359e+01 -5.41822599331685e-11 -5.89416667077008e-10
6.82000000000000e+00 4.50194861237068e-11 -7.32864945489314e-10 -5.58820264243523e+02 5.46448499897862e+03 -5.90394144783170e+00 -1.01322246670431e+01 5.58820264243372e+02 -5.46448499897822e+03 9.84850825541363e-11 -7.69168932078039e-10 1.77843310343897e+01 3.07868945330144e-01 5.90394144750784e+00 1.01322246673715e+01 -1.77843310347728e+01 -3.07868944784093e-01 1.40158156685955e-11 -5.61481222362255e-10
6.84000000000000e+00 1.14472274112612e-10 -6.90696458037455e-10 -1.07115424843699e+03 5.11849836783975e+03 5.68817897513050e+00 -1.02658139532737e+01 1.07115424843679e+03 -5.11849836783936e+03 1.64467094209650e-10 -7.25568337976313e-10 2.81614921343374e+00 7.82185410617751e+00 -5.68817897547784e+00 1.02658139535931e+01 -2.81614921385250e+00 -7.82185410565284e+00 6.85133328196927e-11 -5.25585794761865e-10
6.86000000000000e+00 1.63979167160483e-10 -6.41136094804700e-10 -1.50030086297867e+03 4.57705588370724e+03 1.16443791538287e+01 9.65029031288493e-01 1.50030086297843e+03 -4.57705588370688e+03 2.16873705709092e-10 -6.78127337495801e-10 -9.03507716687101e+00 -2.50601224009115e+00 -1.16443791541899e+01 -9.65029030982673e-01 9.03507716642676e+00 2.50601224058881e+00 1.10619585847990e-10 -4.85130717161718e-10
6.88000000000000e+00 1.92068966003569e-10 -5.93834529603981e-10 -1.64276225286049e+03 3.82260588232154e+03 5.34187122200370e+00 1.12701656160758e+01 1.64276225286021e+03 -3.82260588232120e+03 2.55325902203883e-10 -6.27356285245771e-10 -5.53749781907486e+00 -1.44048064199021e+01 -5.34187122237558e+00 -1.12701656157759e+01 5.53749781860936e+00 1.44048064203763e+01 1.36024188172835e-10 -4.47503291419133e-10
6.90000000000000e+00 2.11579415614115e-10 -5.64248431255582e-10 -1.31674746400179e+03 3.19385140346381e+03 -3.62290510897933e+00 1.12770764042729e+01 1.31674746400149e+03 -3.19385140346350e+03 2.82928051703621e-10 -5.82383482925163e-10 3.68896472083837e+00 -1.60762200168110e+01 3.62290510858669e+00 -1.12770764039773e+01 -3.68896472132400e+00 1.60762200172580e+01 1.57552793136845e-10 -4.25849014062450e-10
6.92000000000000e+00 2.44343608496513e-10 -5.40436691927605e-10 -8.52918478387437e+02 3.07676737790216e+03 -6.36354599527893e+00 9.71320352065868e+00 8.52918478387121e+02 -3.07676737790189e+03 3.09529493614491e-10 -5.39443694281998e-10 6.81652411968353e+00 -1.05843380767395e+01 6.36354599486053e+00 -9.71320352037886e+00 -6.81652412018212e+00 1.05843380771553e+01 1.94723572676806e-10 -4.07021807718324e-10
6.94000000000000e+00 2.80486702644899e-10 -5.00284546472580e-10 -7.43716974791786e+02 3.24570175012063e+03 -1.29375839363493e+01 1.19440215103870e+01 7.43716974791472e+02 -3.24570175012040e+03 3.29544493672523e-10 -4.91355596425095e-10 3.41632044219039e+00 -8.10216345777500e+00 1.29375839359132e+01 -1.19440215101337e+01 -3.41632044269536e+00 8.10216345816277e+00 2.36687730366948e-10 -3.68114643679553e-10
6.96000000000000e+00 3.00763411906764e-10 -4.50120546379905e-10 -8.76634337355271e+02 3.25921554040057e+03 -2.50066930123347e+01 4.03166204308465e+00 8.76634337354974e+02 -3.25921554040038e+03 3.37471831558718e-10 -4.45927365325217e-10 1.31369869716197e-02 -1.12508424964842e+01 2.50066930118915e+01 -4.03166204285911e+00 -1.31369874787433e-02 1.12508424968496e+01 2.61331927787327e-10 -3.15616444593671e-10
6.98000000000000e+00 3.07204950725218e-10 -4.05063860790160e-10 -9.65691133204510e+02 3.16417321396899e+03 -2.50984113209018e+01 -1.39160076043395e+01 9.65691133204226e+02 -3.16417321396880e+03 3.41900078586723e-10 -4.08497335881415e-10 4.50203221083422e-01 -1.79759354650145e+01 2.50984113204568e+01 1.39160076045425e+01 -4.50203221595503e-01 1.79759354653595e+01 2.70809736394453e-10 -2.66640980289939e-10
7.00000000000000e+00 3.09837307759764e-10 -3.65009908152150e-10 -1.03280448855838e+03 3.11997712099935e+03 -1.17215660178877e+01 -2.37890469821761e+01 1.03280448855810e+03 -3.11997712099916e+03 3.47748068843278e-10 -3.71233036513217e-10 8.25182991140543e+00 -2.42404019521408e+01 1.17215660174437e+01 2.37890469823596e+01 -8.25182991192189e+00 2.42404019524643e+01 2.74759256894098e-10 -2.19537399881146e-10
7.02000000000000e+00 3.07179932311576e-10 -3.23354917153500e-10 -1.21686196249841e+03 3.10284593406324e+03 -4.33446031141364e-02 -2.25476554045876e+01 1.21686196249810e+03 -3.10284593406306e+03 3.48461414007737e-10 -3.28444373445290e-10 1.89340711415959e+01 -2.29243627222479e+01 4.33446026715772e-02 2.25476554047559e+01 -1.89340711421147e+01 2.29243627225508e+01 2.67860532729132e-10 -1.69444862632460e-10
7.04000000000000e+00 2.92819487358216e-10 -2.83211108808878e-10 -1.51230739042804e+03 2.94449953222203e+03 7.94019904026969e+00 -1.79845524415387e+01 1.51230739042772e+03 -2.94449953222188e+03 3.35856122992377e-10 -2.84591717120283e-10 2.85717265882062e+01 -1.70474280398845e+01 -7.94019904071468e+00 1.79845524416969e+01 -2.85717265887286e+01 1.70474280401687e+01 2.44483881148095e-10 -1.24629859803609e-10
7.06000000000000e+00 2.67669398393531e-10 -2.50595761155063e-10 -1.73682456546476e+03 2.56381300863751e+03 1.17421645333624e+01 -8.24844584380737e+00 1.73682456546445e+03 -2.56381300863740e+03 3.09695489937711e-10 -2.48676584017122e-10 3.55980182964576e+01 -8.77393186713805e-01 -1.17421645338211e+01 8.24844584394823e+00 -3.55980182969852e+01 8.77393186974137e-01 2.10446869241129e-10 -9.31962292498372e-11
7.08000000000000e+00 2.32712680747409e-10 -2.28696269910661e-10 -1.70728372328160e+03 2.12714334565330e+03 5.67922546179247e-01 -2.50312217175845e+00 1.70728372328129e+03 -2.12714334565323e+03 2.74512059639535e-10 -2.25420199619220e-10 2.01350757866335e+01 1.83813032192800e+01 -5.67922546644085e-01 2.50312217186275e+00 -2.01350757871585e+01 -1.83813032190505e+01 1.71372239764646e-10 -7.42327892538591e-11
7.10000000000000e+00 1.89839168051822e-10 -2.24433934648679e-10 -1.52974698403184e+03 1.82856849896958e+03 -2.90673036209842e+00 -2.16385915686323e+01 1.52974698403157e+03 -1.82856849896954e+03 2.32687244740832e-10 -2.18023199365600e-10 -4.93178531849554e+00 6.42847836051605e+00 2.90673036165104e+00 2.16385915686982e+01 4.93178531798606e+00 -6.42847836031274e+00 1.25957405212955e-10 -6.93462188567820e-11
7.12000000000000e+00 1.47878325476578e-10 -2.46309228549664e-10 -1.30204873001809e+03 1.67588676115789e+03 2.61639598855641e+01 -2.83025242326345e+01 1.30204873001787e+03 -1.67588676115787e+03 1.89719065622579e-10 -2.35146910177261e-10 3.84426714240160e+00 -2.11453228464770e+01 -2.61639598859776e+01 2.83025242326785e+01 -3.84426714288814e+00 2.11453228466662e+01 7.84693625918232e-11 -8.88205711214174e-11
7.14000000000000e+00 1.28980663966146e-10 -2.95446496191376e-10 -1.16655986747917e+03 1.69122794238920e+03 4.49100985509467e+01 1.01945469722498e+00 1.16655986747899e+03 -1.69122794238916e+03 1.67120431662669e-10 -2.80690887812061e-10 3.39148131516768e+01 -1.71786293190218e+01 -4.49100985513232e+01 -1.01945469718162e+00 -3.39148131521436e+01 1.71786293192113e+01 5.06026305567173e-11 -1.37134487817723e-10
7.16000000000000e+00 1.50917171739573e-10 -3.43910117161529e-10 -1.20517715694366e+03 1.61479358573874e+03 3.00326598431364e+01 3.07941052101587e+01 1.20517715694349e+03 -1.61479358573866e+03 1.85020636173114e-10 -3.28929863689753e-10 3.75189149618243e+01 1.13555013023782e+01 -3.00326598434875e+01 -3.07941052100962e+01 -3.75189149622839e+01 -1.13555013021784e+01 6.22554046512387e-11 -1.89821393708110e-10
7.18000000000000e+00 1.92612088404705e-10 -3.61909176374014e-10 -1.07149517988343e+03 1.36590156789265e+03 2.71476461687251e+00 3.82625228365614e+01 1.07149517988327e+03 -1.36590156789255e+03 2.25768554937337e-10 -3.47893756913030e-10 1.76976034900608e+01 2.07509216762608e+01 -2.71476461721920e+00 -3.82625228364697e+01 -1.76976034905263e+01 -2.07509216760524e+01 9.84804448007628e-11 -2.15616436343025e-10
7.20000000000000e+00 2.23639616190919e-10 -3.57771323193811e-10 -6.70690606474674e+02 1.36133337988682e+03 -2.21379833880039e+01 2.78358583434470e+01 6.70690606474494e+02 -1.36133337988669e+03 2.56542732969880e-10 -3.42492877077632e-10 1.03035516123516e+01 1.05831513707990e+01 2.21379833876381e+01 -2.78358583433331e+01 -1.03035516128339e+01 -1.05831513705896e+01 1.27489904085701e-10 -2.15807956817198e-10
7.22000000000000e+00 2.43680300386704e-10 -3.53674956858038e-10 -4.76868897016056e+02 1.76039114892824e+03 -3.36208557674447e+01 -1.79698157349419e+00 4.76868897015846e+02 -1.76039114892811e+03 2.75091186042692e-10 -3.37443543701104e-10 1.80003433766599e+01 1.04013963084669e+01 3.36208557670486e+01 1.79698157360679e+00 -1.80003433771611e+01 -1.04013963082705e+01 1.42813378180148e-10 -2.13635187339493e-10
7.24000000000000e+00 2.65751743299804e-10 -3.50071276168591e-10 -7.07247336790812e+02 2.11000009432906e+03 -1.10298132790733e+01 -3.05743721246311e+01 7.07247336790581e+02 -2.11000009432895e+03 2.95944174785866e-10 -3.33404819011141e-10 1.57671709133844e+01 2.10280708277620e+01 1.10298132786595e+01 3.05743721247244e+01 -1.57671709138963e+01 -2.10280708275892e+01 1.56570512187417e-10 -2.14076650282165e-10
7.26000000000000e+00 2.83954297974246e-10 -3.40892975413377e-10 -1.07119750752854e+03 2.18543149679483e+03 2.71216411007079e+01 -2.15856938291998e+01 1.07119750752831e+03 -2.18543149679474e+03 3.13215786910703e-10 -3.24448790634717e-10 6.72719915474318e+00 2.49236656711515e+01 -2.71216411011287e+01 2.15856938292771e+01 -6.72719915525460e+00 -2.49236656710003e+01 1.66579964532001e-10 -2.15847548399261e-10
7.28000000000000e+00 2.98475240918998e-10 -3.38447713742034e-10 -1.38334527151680e+03 2.04383559308816e+03 3.29801705042884e+01 1.65460129787471e+01 1.38334527151656e+03 -2.04383559308809e+03 3.27610287452256e-10 -3.22122997652366e-10 -3.51790137356771e+00 2.75640578472701e+01 -3.29801705047186e+01 -1.65460129786864e+01 3.51790137305806e+00 -2.75640578471368e+01 1.80895725391573e-10 -2.28039354612498e-10
7.30000000000000e+00 3.24135665991959e-10 -3.38381594608617e-10 -1.52593785803350e+03 1.79135202799720e+03 5.33025479777120e+00 3.46483933170814e+01 1.52593785803326e+03 -1.79135202799715e+03 3.53529358733717e-10 -3.22820253911704e-10 -2.05814453013167e+01 1.91795338720487e+01 -5.33025479820344e+00 -3.46483933170480e+01 2.05814453008119e+01 -1.91795338719347e+01 2.14197133027576e-10 -2.38166835524041e-10
7.32000000000000e+00 3.57784881386673e-10 -3.26700129023626e-10 -1.51172653216977e+03 1.60520193951742e+03 -1.79740233634562e+01 2.51326118060969e+01 1.51172653216955e+03 -1.60520193951739e+03 3.90098456707348e-10 -3.11712531806693e-10 -2.11117733687554e+01 -2.34571345628379e+00 1.79740233630379e+01 -2.51326118060854e+01 2.11117733682611e+01 2.34571345638451e+00 2.56264467572831e-10 -2.27334796897017e-10
7.34000000000000e+00 3.89180406904627e-10 -3.01845463168074e-10 -1.48871736580641e+03 1.54269237350785e+03 -2.62178442465522e+01 5.70836697162145e+00 1.48871736580622e+03 -1.54269237350782e+03 4.26223956767801e-10 -2.83368053532482e-10 -6.92662806161483e+00 -1.05907899356974e+01 2.62178442461500e+01 -5.70836697161578e+00 6.92662806112733e+00 1.05907899357931e+01 2.89183423329170e-10 -1.98565198016130e-10
7.36000000000000e+00 4.14238257386607e-10 -2.65190835366177e-10 -1.54933394154486e+03 1.51876004232397e+03 -1.67946259236553e+01 -1.12457926777252e+01 1.54933394154468e+03 -1.51876004232392e+03 4.52221913163709e-10 -2.38790074619599e-10 1.54037060255181e+00 -6.08946892275630e+00 1.67946259232593e+01 1.12457926777342e+01 -1.54037060303899e+00 6.08946892284731e+00 3.08733102683696e-10 -1.61086799914388e-10
7.38000000000000e+00 4.24218217059378e-10 -2.18876989486028e-10 -1.66941518112956e+03 1.43130662974748e+03 -1.61848936654135e+00 -1.13600420970928e+01 1.66941518112937e+03 -1.43130662974741e+03 4.57261352652677e-10 -1.85774809514361e-10 1.04230463706657e+00 -2.41530143809348e+00 1.61848936613890e+00 1.13600420971030e+01 -1.04230463755758e+00 2.41530143817730e+00 3.13156574766174e-10 -1.21756782740854e-10
7.40000000000000e+00 4.14540277379826e-10 -1.73507237563736e-10 -1.75676465799667e+03 1.24318736685717e+03 2.01525646091444e+00 -3.18507810449948e+00 1.75676465799647e+03 -1.24318736685710e+03 4.40363129911911e-10 -1.39041136878873e-10 7.35128420788173e-01 -4.12133370716062e+00 -2.01525646132943e+00 3.18507810449949e+00 -7.35128421286429e-01 4.12133370723262e+00 3.05287157895931e-10 -8.59683183867095e-11
7.42000000000000e+00 3.88591536731208e-10 -1.41585833501435e-10 -1.70733453327269e+03 1.01579071485519e+03 3.27392547353429e-01 -1.62472992824161e+00 1.70733453327248e+03 -1.01579071485513e+03 4.10292711659130e-10 -1.10573893175209e-10 3.68732101363599e+00 -4.70466769504697e+00 -3.27392547775715e-01 1.62472992822039e+00 -3.68732101414035e+00 4.70466769509764e+00 2.85545665881013e-10 -5.84741668049892e-11
7.44000000000000e+00 3.60200699151050e-10 -1.28534282336304e-10 -1.52631584500071e+03 9.00970888779194e+02 2.04814344322129e+00 -4.92207005018615e-01 1.52631584500048e+03 -9.00970888779152e+02 3.83283531425812e-10 -1.00918481515784e-10 5.23068647258897e+00 -2.82300242743351e+00 -2.04814344363996e+00 4.92207004971378e-01 -5.23068647308888e+00 2.82300242745691e+00 2.62275597442154e-10 -4.52393056899933e-11
7.46000000000000e+00 3.39111536534223e-10 -1.26828890021924e-10 -1.35698008702501e+03 9.64911163006272e+02 1.98137645344206e+00 2.79800264945875e+00 1.35698008702480e+03 -9.64911163006245e+02 3.66761747901499e-10 -9.79291691498427e-11 5.01677386314224e+00 -1.81188417264054e+00 -1.98137645384471e+00 -2.79800264952627e+00 -5.01677386362583e+00 1.81188417264198e+00 2.43953918008095e-10 -4.01261813960316e-11
7.48000000000000e+00 3.24106922065890e-10 -1.27941423938598e-10 -1.31763803349687e+03 1.13936653838404e+03 -3.64510818863311e-01 5.43175776606023e+00 1.31763803349666e+03 -1.13936653838402e+03 3.53501999476229e-10 -9.22238084300761e-11 4.35858740205687e+00 -2.14941099140341e+00 3.64510818478030e-01 -5.43175776613502e+00 -4.35858740252011e+00 2.14941099139718e+00 2.26172147794377e-10 -3.63317717677581e-11
7.50000000000000e+00 3.09689459411173e-10 -1.32948169779976e-10 -1.45112690007205e+03 1.30984621829395e+03 -3.89486591132302e+00 7.09931662731042e+00 1.45112690007185e+03 -1.30984621829393e+03 3.35303569144831e-10 -9.02645552182319e-11 6.05314417714693e+00 -4.40529194757597e+00 3.89486591094630e+00 -7.09931662738702e+00 -6.05314417760005e+00 4.40529194757011e+00 2.04514186805938e-10 -4.06380804984118e-11
7.52000000000000e+00 3.00700288681675e-10 -1.46070489795797e-10 -1.70139266323792e+03 1.33789819021259e+03 -1.16852665089587e+01 7.68473380106395e+00 1.70139266323772e+03 -1.33789819021258e+03 3.19543182604247e-10 -9.93466114720554e-11 1.06206334762340e+01 -2.55392472987869e+00 1.16852665085848e+01 -7.68473380114461e+00 -1.06206334766852e+01 2.55392472987102e+00 1.88935902101391e-10 -5.78029945945780e-11
7.54000000000000e+00 3.01597344397779e-10 -1.62884376145783e-10 -1.88711385924783e+03 1.20779584924565e+03 -2.23544999413448e+01 -3.83856982593978e+00 1.88711385924762e+03 -1.20779584924565e+03 3.12650083262668e-10 -1.15193472305381e-10 1.03256786001799e+01 2.52333858372192e+00 2.23544999409700e+01 3.83856982584948e+00 -1.03256786006329e+01 -2.52333858373577e+00 1.85204765890356e-10 -7.92148877256045e-11
7.56000000000000e+00 3.15546992787094e-10 -1.79405286495794e-10 -1.94981163589252e+03 1.08995809042450e+03 -1.48637937176459e+01 -2.69687338186471e+01 1.94981163589232e+03 -1.08995809042452e+03 3.18678140773217e-10 -1.34917207652360e-10 7.37054747528974e+00 3.11214657075164e+00 1.48637937172729e+01 2.69687338185406e+01 -7.37054747574733e+00 -3.11214657077672e+00 1.91282547785653e-10 -1.02229568479258e-10
7.58000000000000e+00 3.42250944702328e-10 -1.84205020721848e-10 -2.02328929510910e+03 1.05379957236428e+03 1.55918504680136e+01 -3.14309145786672e+01 2.02328929510890e+03 -1.05379957236431e+03 3.42153717122243e-10 -1.46703033388527e-10 8.03175322113999e+00 3.75023829711701e+00 -1.55918504683791e+01 3.14309145785398e+01 -8.03175322160024e+00 -3.75023829716436e+00 2.12880368470918e-10 -1.22984380244179e-10
7.60000000000000e+00 3.69132362304739e-10 -1.71685070762525e-10 -2.17910515550232e+03 1.00290372054112e+03 3.23258727219003e+01 -4.72964941399463e+00 2.17910515550214e+03 -1.00290372054116e+03 3.70357040538811e-10 -1.38496111228171e-10 4.26461411828645e+00 6.35519893330372e+00 -3.23258727222456e+01 4.72964941384722e+00 -4.26461411873478e+00 -6.35519893337741e+00 2.47202058960942e-10 -1.27614927100719e-10
7.62000000000000e+00 3.86440552542484e-10 -1.45927968967191e-10 -2.35815633866079e+03 8.55486606642780e+02 1.86207161870531e+01 1.55373959672651e+01 2.35815633866063e+03 -8.55486606642826e+02 3.89272489843187e-10 -1.15002966675797e-10 3.23257123520644e-01 1.14416708173996e+00 -1.86207161873732e+01 -1.55373959674179e+01 -3.23257123947332e-01 -1.14416708182779e+00 2.78576079663977e-10 -1.09315932179135e-10
7.64000000000000e+00 3.86458431466749e-10 -1.17762801851286e-10 -2.48034322842235e+03 6.35722487680668e+02 5.82713546207245e+00 1.38473765132705e+01 2.48034322842220e+03 -6.35722487680714e+02 3.91806406297246e-10 -8.68541189697145e-11 5.68061912924589e+00 -4.37236466132609e+00 -5.82713546237556e+00 -1.38473765134225e+01 -5.68061912965594e+00 4.37236466123216e+00 2.88798795542088e-10 -8.06156462319106e-11
7.66000000000000e+00 3.77526278307838e-10 -1.01057260950601e-10 -2.54471608137056e+03 3.72063288830046e+02 5.06680206629711e+00 1.35995314783676e+01 2.54471608137042e+03 -3.72063288830091e+02 3.83065192228911e-10 -6.80220600003150e-11 1.30870264354967e+01 2.79192922347034e-01 -5.06680206658546e+00 -1.35995314785217e+01 -1.30870264358943e+01 -2.79192922447237e-01 2.85779334617799e-10 -6.38130953409186e-11
7.68000000000000e+00 3.73839571885600e-10 -9.19067456314460e-11 -2.48413332256192e+03 6.64537012477577e+01 -1.73714176058392e+00 1.81050049147557e+01 2.48413332256178e+03 -6.64537012478006e+01 3.77874509771140e-10 -5.83069831370155e-11 1.15314336034228e+01 8.04501822420275e+00 1.73714176031170e+00 -1.81050049149064e+01 -1.15314336038069e+01 -8.04501822430681e+00 2.89746793414126e-10 -5.47051862129546e-11
7.70000000000000e+00 3.74067866224703e-10 -7.75400171491958e-11 -2.26941840222100e+03 -1.24450588080798e+02 -1.19103819533112e+01 1.52593635421229e+01 2.26941840222087e+03 1.24450588080756e+02 3.77866203614695e-10 -4.41380941421029e-11 5.82342313831134e+00 1.25164761359865e+01 1.19103819530464e+01 -1.52593635422665e+01 -5.82342313868789e+00 -1.25164761360939e+01 2.97508513750332e-10 -3.55655554904739e-11
7.72000000000000e+00 3.66249821933337e-10 -5.80904261638040e-11 -2.09131583106418e+03 -1.24199086204672e+02 -1.82468870083913e+01 5.88439407085483e+00 2.09131583106405e+03 1.24199086204625e+02 3.70429533042459e-10 -2.31410906922484e-11 -4.42474224459949e+00 1.18548409861835e+01 1.82468870081277e+01 -5.88439407100038e+00 4.42474224422935e+00 -1.18548409863001e+01 2.91961647672157e-10 -8.25084921670142e-12
7.74000000000000e+00 3.48732796315065e-10 -4.59212192814631e-11 -2.05769358220377e+03 -9.57618461836404e+01 -1.73170191159279e+01 -6.82103600150238e+00 2.05769358220365e+03 9.57618461835866e+01 3.51043197577997e-10 -7.67048171367936e-12 -1.13189537469043e+01 -9.77736328664909e-01 1.73170191156733e+01 6.82103600134641e+00 1.13189537465470e+01 9.77736328534978e-01 2.70117557054416e-10 9.31218510825153e-12
7.76000000000000e+00 3.34197737602616e-10 -4.47550271709860e-11 -2.07454768526453e+03 -1.37025455913593e+02 -4.82813365319496e+00 -1.51598245430706e+01 2.07454768526443e+03 1.37025455913534e+02 3.31150765371765e-10 -4.99365127941029e-12 -8.66266076024745e-01 -1.44278339280856e+01 4.82813365295994e+00 1.51598245429073e+01 8.66266075686629e-01 1.44278339279466e+01 2.50605064103164e-10 7.42286181051377e-12
7.78000000000000e+00 3.27576761715873e-10 -4.22497229950955e-11 -2.08946418993738e+03 -2.48762367316574e+02 6.41399660082918e+00 -8.35422511569052e+00 2.08946418993730e+03 2.48762367316519e+02 3.19389027051314e-10 -5.36846764644919e-12 1.47136641412516e+01 -1.09419695245893e+01 -6.41399660103923e+00 8.35422511552940e+00 -1.47136641415659e+01 1.09419695244474e+01 2.48309651118140e-10 4.12488695185289e-12
7.80000000000000e+00 3.17214766453318e-10 -3.21995110455895e-11 -1.99934276303091e+03 -4.35016944627960e+02 5.90928137355523e+00 -1.80215704818640e+00 1.99934276303085e+03 4.35016944627922e+02 3.07114020524224e-10 5.41329851226908e-13 1.83851082205508e+01 1.39115205772751e+00 -5.90928137374261e+00 1.80215704804219e+00 -1.83851082208443e+01 -1.39115205786214e+00 2.47344596921210e-10 1.83802171992907e-11
7.82000000000000e+00 2.92494353759597e-10 -2.50132329171269e-11 -1.74715913245152e+03 -5.15751513115458e+02 6.76125979401815e+00 -3.29229273250060e-01 1.74715913245146e+03 5.15751513115441e+02 2.81928986686905e-10 3.80207755556981e-12 1.24216729555272e+01 7.65829589495017e+00 -6.76125979419860e+00 3.29229273130586e-01 -1.24216729558085e+01 -7.65829589507403e+00 2.23001053279446e-10 3.80107207770018e-11
7.84000000000000e+00 2.60541065249165e-10 -3.88603118760073e-11 -1.52259569646366e+03 -4.04269992169239e+02 8.42557527531630e+00 4.98865667987597e+00 1.52259569646359e+03 4.04269992169228e+02 2.51952412797030e-10 -1.37895292466521e-11 7.85528738256422e+00 6.27856879953627e+00 -8.42557527550146e+00 -4.98865667998060e+00 -7.85528738283811e+00 -6.27856879965253e+00 1.81125252445485e-10 3.21125369442994e-11
7.86000000000000e+00 2.45191227458669e-10 -7.41226829227478e-11 -1.40613525514930e+03 -1.98264261764561e+02 3.69157820703653e+00 9.53054182814107e+00 1.40613525514923e+03 1.98264261764545e+02 2.40305480932682e-10 -5.01657905784237e-11 1.00006394097571e+01 3.62333658235972e+00 -3.69157820722454e+00 -9.53054182823710e+00 -1.00006394100224e+01 -3.62333658246861e+00 1.53834899203881e-10 -4.02566741327027e-12
7.88000000000000e+00 2.57839680603501e-10 -1.07477087574322e-10 -1.44287831593914e+03 4.36061994912796e+01 6.48332790978773e-01 8.16871287799905e+00 1.44287831593908e+03 -4.36061994912930e+01 2.56247671890867e-10 -8.20468406828328e-11 1.30160573961795e+01 7.94957270477745e+00 -6.48332791169640e-01 -8.16871287808356e+00 -1.30160573964405e+01 -7.94957270487444e+00 1.58737144119422e-10 -4.47704723067202e-11
7.90000000000000e+00 2.81423394978125e-10 -1.18510211143169e-10 -1.61506894554373e+03 1.89570180826755e+02 1.93926187182839e+00 8.04974499534661e+00 1.61506894554366e+03 -1.89570180826753e+02 2.82094253077319e-10 -8.93195187490279e-11 1.09422328942286e+01 1.39656275913360e+01 -1.93926187203027e+00 -8.04974499542141e+00 -1.09422328944946e+01 -1.39656275914237e+01 1.81385225081957e-10 -6.34374182883662e-11
7.92000000000000e+00 2.93036871376358e-10 -1.15976710406146e-10 -1.77873177023685e+03 1.96719162543775e+02 2.69175577430268e+00 1.42127880539912e+01 1.77873177023677e+03 -1.96719162543758e+02 2.92852408789807e-10 -8.06554312031138e-11 3.67332639817112e+00 1.61250823181347e+01 -2.69175577451876e+00 -1.42127880540646e+01 -3.67332639844389e+00 -1.61250823182220e+01 1.94242442591558e-10 -6.41042346149091e-11
7.94000000000000e+00 2.95618009288391e-10 -1.18934766059050e-10 -1.86292474588712e+03 1.99079302009148e+02 -6.40332761086354e+00 2.04054781481847e+01 1.86292474588702e+03 -1.99079302009131e+02 2.89333407143460e-10 -7.87504639885611e-11 7.41751774734950e-01 1.27267283530205e+01 6.40332761063363e+00 -2.04054781482628e+01 -7.41751775010995e-01 -1.27267283531113e+01 1.95742128058752e-10 -6.78540183870063e-11
7.96000000000000e+00 3.00120449452627e-10 -1.26616275701706e-10 -1.99483219492663e+03 2.31810600767343e+02 -1.78802295752308e+01 1.63396884612590e+01 1.99483219492652e+03 -2.31810600767342e+02 2.86321793983747e-10 -8.71094972955208e-11 1.63758112802217e-01 1.44333223898170e+01 1.78802295749882e+01 -1.63396884613478e+01 -1.63758113080172e-01 -1.44333223899124e+01 1.96740668083802e-10 -7.74779760124169e-11
7.98000000000000e+00 3.06587588917417e-10 -1.37002031021671e-10 -2.14905023982605e+03 1.79321344890901e+02 -2.36641839029672e+01 5.95541986272733e+00 2.14905023982595e+03 -1.79321344890922e+02 2.89014586301907e-10 -1.00147073167873e-10 -7.16876956785013e+00 1.64025594443328e+01 2.36641839027164e+01 -5.95541986283360e+00 7.16876956757090e+00 -1.64025594444352e+01 1.99656976162726e-10 -9.19463691209937e-11
8.00000000000000e+00 3.18817053443220e-10 -1.50236645143409e-10 -2.23069084295081e+03 1.00305789237423e+02 -2.00487241857023e+01 -5.56093961693889e+00 2.23069084295071e+03 -1.00305789237458e+02 2.97326481245594e-10 -1.13316260905167e-10 -1.67550944828167e+01 9.61249958536845e+00 2.00487241854518e+01 5.56093961680901e+00 1.67550944825391e+01 -9.61249958548061e+00 2.09017113708550e-10 -1.09904441127264e-10
