0.7748035294440663 0.7744356092521549 0.773332586611552 0.7714969735901069 0.7689331052869146 0.7656473526627147 0.7616484046182863 0.7569476043027651 0.7515593215725701 0.7455013413077229 0.7387952458333369 0.7314667694468928 0.7235461033688891 0.7150681311496515 0.7060725767548 0.6966040507480398 0.6867119838187343 0.6764504413013309 0.665877817416521 0.655056413122444 0.6440519075456781 0.632932738929348 0.6217694176952253 0.6106338018603595 0.5995983728642695 0.5887355605317461 0.5781171784126042 0.5678140490864604 0.5578959254822025 0.5484318561578971 0.5394912112601267 0.5311457034934407 0.5234729476207908 0.516562487195229 0.5105259567033461 0.5055145326272541 0.5017499716440011 0.4995826220690486 0.49960699711511114 0.5029111389348474 0.51167086469083 0.5307535661864431 0.5727593320121402 0.6763253253037285 0.9495988672535113 1.052163013386377 0.5337710825076842 0.28457961757519457 0.18272892509769406 0.12260465040250307 0.051227951986882625 -0.10442198067395035 -0.42414217577391344 -0.8065977328598077 -1.085007381398258 -1.2563768148036907 -1.366761639182033 -1.4456472449366995 -1.5077569770382147 -1.5603596189685698 -1.6071821792356755 -1.6502107449003176 -1.6905268669864544 -1.7287145871209133 -1.7650698070851227 -1.7997142997579783 -1.8326615067914591 -1.863856890690534 -1.893204323153447 -1.9205845112601647 -1.9458686737055104 -1.9689291971093972 -1.989648183323339 -2.0079243363020063 -2.0236783768722173 -2.036857038366378 -2.0474356401528113 -2.0554192361062125 -2.0608423690912065 -2.063767517972507 -2.0642823845363 -2.062496224752886 -2.058535470341053 -2.0525389097603015 -2.0446526974134205 -2.0350254399100343 -2.023803570115679 -2.0111271713850574 -1.997126359629521 -1.9819182774055402 -1.9656047049723253 -1.9482702527347677 -1.9299810673930469 -1.9107839621995706 -1.8907058659152698 -1.8697534704554817 -1.8479129195407284 -1.8251492010395083 -1.8014036247882848 -1.7765689676827965 -0.8757155992410269 -1.7765696676920275 -1.801403888425566 -1.8251494044433816 -1.8479131185151132 -1.8697536793364584 -1.8907060878219075 -1.910784195792867 -1.92998130904185 -1.9482704974678913 -1.9656049470243584 -1.9819185105493755 -1.9971265775299707 -2.0111273678243498 -2.0238037393093258 -2.0350255766953724 -2.0446527974799036 -2.052538969832679 -2.05853548830624 -2.0624961997618385 -2.0642823170366467 -2.063767409681824 -2.060842222958615 -2.0554190561327874 -2.0474354312483483 -2.0368568061138728 -2.0236781272813866 -2.0079240755196324 -1.9896479174152726 -1.9689289317103384 -1.9458684138512525 -1.920584261132892 -1.8932040859438124 -1.8638566684181894 -1.8326613002964693 -1.7997141086006414 -1.7650696296002013 -1.728714420391836 -1.6905267069166858 -1.650210586195673 -1.6071820154224277 -1.5603594422156797 -1.507756778102526 -1.4456470130543093 -1.3667613631084574 -1.2563764892156775 -1.0850070365114879 -0.8065975450086138 -0.4241426301966756 -0.10442327872531236 0.051226436230772374 0.12260335493633284 0.18272797397904325 0.2845791038037684 0.5337712785881717 1.0521641037443423 0.9495996011800643 0.6763255349448889 0.5727593207350441 0.5307534660870772 0.511670730784121 0.5029109992761949 0.49960686895307543 0.49958251741064097 0.501749899346996 0.5055144991992866 0.5105259665883881 0.5165625428568914 0.5234730495647107 0.5311458502546018 0.5394913994652737 0.5484320806020524 0.5578961792689818 0.5678143238365065 0.5781174645282379 0.5887358475264461 0.5995986496980518 0.6106340573652245 0.621769640986336 0.6329329198134063 0.6440520369636629 0.6550564834875825 0.6658778230220158 0.6764503785711309 0.6867118515104301 0.6966038501192823 0.7060723115645723 0.7150678076355652 0.7235457300634459 0.7314663569432357 0.738794806429366 0.745500888600143 0.7515588699762606 0.7569471685114598 0.7616479990655756 0.7656469909750327 0.7689327997571516 0.7714967346926515 0.7733324225874892 0.7744355257884832
0.7746081683619569 0.774281978127246 0.7732198844726349 0.7714235358991389 0.7688964811377719 0.7656444042714331 0.7616754248474739 0.7570004474117845 0.7516335420389281 0.7455923354317142 0.7388983910441086 0.7315775564649484 0.7236602571326981 0.7151817169187464 0.7061820887817787 0.6967064816346384 0.6868048737056117 0.6765319067851753 0.665946560881121 0.6551117139231695 0.644093596920127 0.6329611609790117 0.6217853791313892 0.610638513073455 0.5995933831522967 0.5887226899236322 0.578098448448189 0.5677916143846076 0.557872007627428 0.5484086808674689 0.5394709490983883 0.5311304138420119 0.5234645244422779 0.5165626039200635 0.5105360055282995 0.5055355500014119 0.501782536264729 0.49962670239296314 0.49966171213485666 0.5029743900086874 0.5117388791514141 0.5308210734223004 0.5728253833478815 0.6764259013278735 0.9492775209432263 1.0447195202123727 0.5293520495331346 0.2826399933226468 0.1817872509834844 0.12247403072199838 0.052570824999381024 -0.09976450945606931 -0.41521546177311974 -0.7966667648616665 -1.0761293461868664 -1.2484173052731014 -1.3593537607770978 -1.4385748614858291 -1.500903973002123 -1.55365630729063 -1.6005785674691677 -1.6436645181619176 -1.6839992011021043 -1.7221649381097934 -1.7584589149427625 -1.7930033507923873 -1.8258129796691116 -1.8568356417125957 -1.885978773837648 -1.913127837514064 -1.938159915617276 -1.9609542210674293 -1.9814004393464117 -1.99940536527112 -2.0148980359497246 -2.027833427197124 -2.038194726800471 -2.045994197076903 -2.0512726728604833 -2.054097794143895 -2.0545611308729206 -2.0527744106904633 -2.0488650988552943 -2.042971598829459 -2.035238339325252 -2.0258109909795943 -2.0148320175525605 -2.002436718060963 -1.988749864972535 -1.9738829969834595 -1.9579323925041683 -1.9409777468210931 -1.923081640737032 -1.9042901315380016 -1.8846356104151532 -1.8641460446269176 -1.8428777932868028 -1.8210648483922656 -1.800159956437975 -1.8009975616610632 -0.1388943985637674 -1.7996062002125779 -1.7988703002609965 -1.8199142528766692 -1.8419097412308032 -1.8634007313976642 -1.8841478795486184 -1.9040878758479434 -1.9231844146691315 -1.9413956269367343 -1.9586651425246302 -1.9749195867867158 -1.9900683808775275 -2.0040046876398607 -2.0166071558308705 -2.027742357800075 -2.0372678789305976 -2.0450360144341335 -2.0508979974414503 -2.0547086372938095 -2.0563311988684845 -2.0556423096085434 -2.052536647375853 -2.0469311453442445 -2.0387684538788067 -2.0280194236245768 -2.014684418159084 -1.9987933208324953 -1.9804041614665349 -1.9596003417495547 -1.9364864703508418 -1.9111828156631194 -1.8838183254528373 -1.8545220239825917 -1.8234123337970753 -1.7905834027700176 -1.7560866927829537 -1.7199045941976014 -1.6819100234395838 -1.6417979030324399 -1.5989804815453899 -1.5523626764085352 -1.4999416264272905 -1.437962435278552 -1.3591050001451124 -1.2485501893769195 -1.0766878395875066 -0.7977354865532943 -0.41668719738319976 -0.10098081133555536 0.05190083197696111 0.12214725777402176 0.1816251393206171 0.28254619965042493 0.529249596267578 1.044574093138464 0.949334955440154 0.6764895432861819 0.5728854040229878 0.5308868812107606 0.5118134807149506 0.5030585081451273 0.49975511248172333 0.49972852559151315 0.5018913687420283 0.5056494302954174 0.5106524228204555 0.5166785071757384 0.5235763490611793 0.5312341287079734 0.5395621250952123 0.5484825809249767 0.5579236973752558 0.5678160916609183 0.5780907890228272 0.5886782058618258 0.5995077895372681 0.6105080979868034 0.6216071711591733 0.6327330881866339 0.6438146308839899 0.6547819925459107 0.6655674838491806 0.6761061982183681 0.6863366072458834 0.6962010643737028 0.7056462017356216 0.714623211268767 0.7230880070772087 0.731001271405395 0.7383283913418994 0.7450392979417333 0.7511082229018776 0.7565133909983196 0.7612366686384383 0.7652631900731914 0.7685809831155076 0.7711806155979203 0.7730548822046774 0.7741985488223778
0.7740211358477168 0.7737348540269195 0.7727121642007396 0.7709539613981982 0.768463156699783 0.7652449271479012 0.7613070246683696 0.7566601281878249 0.7513182208581313 0.7452989724171922 0.7386241059104501 0.7313197280174852 0.7234166030437998 0.714950352381108 0.7059615636227118 0.6964957967704037 0.6866034784527363 0.6763396796133737 0.6657637765384397 0.6549390002908833 0.6439318850535728 0.6328116316682052 0.6216494089569998 0.6105176225483064 0.5994891888160342 0.5886368615743539 0.578032671876803 0.5677475592173253 0.557851298878067 0.5484128718902335 0.5395014926852382 0.5311886265189322 0.523551537295639 0.5166792899212108 0.5106828679989532 0.5057125475360624 0.501988803040982 0.49986009526669245 0.4999180759810408 0.5032464119016099 0.5120146394298397 0.5310843835407182 0.5730724765690375 0.6767566558796598 0.9481809215734975 1.0226302264809384 0.5163838622906055 0.27689788718491315 0.17887339149118503 0.12174007546281976 0.0557360946117299 -0.08753288759913343 -0.39040933348706375 -0.768202064369717 -1.0502687056438056 -1.224913541732883 -1.3371381277773537 -1.4170034693542737 -1.4796354457085357 -1.5324975495954871 -1.5794059254204955 -1.6223876553400798 -1.6625437905810572 -1.7004686970625584 -1.7364653568030952 -1.770662369976683 -1.8030812994734255 -1.833677794677433 -1.8623682873066805 -1.889048413375939 -1.9136064564648398 -1.9359335944743383 -1.9559319028129942 -1.973520601554322 -1.9886407754023818 -2.001258660605623 -2.011367537324294 -2.018988263050432 -2.0241685116525017 -2.026980830464749 -2.0275196799356467 -2.0258976671136635 -2.0222412175462785 -2.0166859447085055 -2.009371971037119 -2.0004394320539047 -1.990024358301645 -1.9782550883704113 -1.965249326039396 -1.95111193261812 -1.9359335624228555 -1.9197903619657657 -1.9027453064891937 -1.8848527931873604 -1.866171426203401 -1.8468019558260118 -1.8270201995246467 -1.8078816856989224 -1.795462501127452 -1.8767388350483238 -175.5561451628396 -1.8739606464151135 -1.7929141945877098 -1.8056081513759648 -1.825105524613151 -1.8453249773544944 -1.8652004685037373 -1.8844424506094297 -1.9029337568877325 -1.920597179032286 -1.9373581217393883 -1.953132504068788 -1.9678229243678238 -1.9813181259802248 -1.9934941136392113 -2.0042163133008466 -2.013342519531152 -2.0207264867884853 -2.026222039831372 -2.029687559221278 -2.030990664277152 -2.030012881578103 -2.0266540604857908 -2.0208362855154736 -2.0125070417558586 -2.0016414154492734 -1.9882431544134433 -1.972344467229861 -1.9540044966162562 -1.933306450526394 -1.9103534019882709 -1.8852627595632654 -1.8581593477869234 -1.8291668929777367 -1.7983974419772508 -1.7659377669824168 -1.7318309726671424 -1.6960500036835742 -1.6584568896568868 -1.6187359309047835 -1.5762774026079474 -1.5299632018872193 -1.4777488995175432 -1.415803158666078 -1.3366546994800128 -1.2251900482610432 -1.051407749314048 -0.7703896459204121 -0.39339486259580464 -0.08988934476489407 0.054449853949394764 0.12111343893559015 0.1785644849318529 0.2767277730092945 0.5162422826137311 1.0223409912682662 0.9482837496211234 0.6768788616870234 0.573188705481517 0.5312125102555613 0.5121603997827144 0.5034111416952121 0.5001012617824563 0.5000600106579546 0.5022026420488984 0.5059364352678628 0.5109118573406037 0.5169073796134733 0.5237717245010348 0.5313929993471903 0.5396813646996199 0.5485589586683356 0.5579539347729923 0.5677969508236094 0.5780191830077912 0.5885513228910298 0.5993232234595454 0.6102639779729663 0.6213022838040874 0.6323669856826085 0.64338771975109 0.6542955979619034 0.6650238858132672 0.6755086368604319 0.685689255833822 0.6955089700017318 0.7049151949498261 0.7138597872986945 0.7222991825374052 0.7301944213903302 0.7375110728709758 0.7442190661870189 0.7502924470667353 0.7557090768690619 0.7604502944376421 0.7645005617791006 0.7678471145890349 0.7704796377209885 0.7723899839994643 0.7735719520732942
0.7730396699553447 0.7727896245646021 0.7718030100652834 0.7700801172009671 0.7676234041551654 0.7644377528993267 0.7605307767551142 0.7559131639189289 0.7505990395690942 0.7446063277737444 0.7379570938079733 0.7306778475600638 0.7227997897711935 0.7143589844148149 0.7053964428697846 0.6959581085235024 0.6860947336902979 0.6758616450142644 0.6653183974842117 0.6545283221029682 0.6435579774798533 0.6324765207860311 0.6213550200113119 0.6102657359110469 0.5992814102975496 0.5884746067473039 0.5779171629895861 0.5676798318270803 0.5578322140484632 0.5484431284004113 0.539581632134951 0.5313190221704808 0.5237323542995186 0.5169103994563884 0.5109636890033993 0.5060417735595368 0.5023639432100484 0.500276707784787 0.5003684926377586 0.5037176733798134 0.5124856014583937 0.5315246259700946 0.5734634034933785 0.6772079524414115 0.9457326206475224 0.9871242022192006 0.49635391584180333 0.2679258332052936 0.17424029316382433 0.12040706583046346 0.06025557865144204 -0.06900635670611657 -0.3515612691592927 -0.722158323080732 -1.008091215665751 -1.1865594538973157 -1.3008474444956772 -1.3816810199198803 -1.4447003835420997 -1.4976272039039724 -1.5444012757844556 -1.5871110536866544 -1.626890501992894 -1.6643539852857092 -1.6998189284872303 -1.7334264251597709 -1.7652103756608801 -1.7951394660337188 -1.8231441917552005 -1.8491352849351381 -1.8730169509198005 -1.8946967652941988 -1.914093233461488 -1.9311415429476901 -1.9457977754621278 -1.9580417092895674 -1.9678782831257458 -1.9753377845627504 -1.9804748484131114 -1.9833663895073685 -1.9841086380021513 -1.9828134835770426 -1.97960436112802 -1.974611920812863 -1.9679697181113394 -1.9598101385262399 -1.9502607407052281 -1.939441171021848 -1.9274607839378977 -1.9144171198982898 -1.900395494762363 -1.885470260231792 -1.8697091353657167 -1.8531844106904662 -1.836002382810512 -1.8183897875450419 -1.800996808637072 -1.7862812910770909 -1.7883180416626046 -2.0158191820941345 -115.73399113814847 -2.0116104257272616 -1.7845532627968452 -1.7829283013021466 -1.7981696935513576 -1.8162011723735776 -1.8345506886035405 -1.852548393777816 -1.8699438307173952 -1.8866037915371545 -1.9024267845178635 -1.917314603740085 -1.9311622215266955 -1.943854611672058 -1.9552666597949064 -1.965264713356183 -1.973709161425971 -1.98045774030966 -1.9853693645709538 -1.9883083060933109 -1.989148533428928 -1.9877780038719066 -1.984102684061517 -1.9780500690560894 -1.969571979450658 -1.9586464414048894 -1.9452784944441024 -1.9294998203896994 -1.9113671362802591 -1.8909593345381728 -1.868373372830836 -1.8437189003088446 -1.8171115374424538 -1.7886645773202763 -1.7584786006968984 -1.726628012137998 -1.6931426454832068 -1.6579810246367213 -1.6209889113444231 -1.5818309351924267 -1.5398710255622554 -1.4939511819149711 -1.4419587581895372 -1.3799335494033818 -1.3001458704402689 -1.1869808396681056 -1.009812777537085 -0.7254680653005734 -0.3559618069156681 -0.07246689400350004 0.05845228851034298 0.11952708941839349 0.1738047036067246 0.2676859110273566 0.4961580191171047 0.9866999257225356 0.9458588077834995 0.6773792243125787 0.5736284405156233 0.5317081014421549 0.5126955300991127 0.5039558426987483 0.5006340582453208 0.5005670876011861 0.5026750013634333 0.506367832700034 0.5112975249935825 0.5172432680408958 0.5240540680302098 0.531618085263654 0.5398454360066305 0.5486582078324725 0.5579845612472064 0.5677552632870739 0.5779017315538774 0.5883550488644554 0.5990456160886865 0.6099032276863028 0.6208574232221491 0.6318380102009109 0.6427756806960037 0.653602662750476 0.6642533611118512 0.6746649523224009 0.6847779079790081 0.6945364274755628 0.7038887681866565 0.7127874673626486 0.7211894552223163 0.7290560638844691 0.7363529411146695 0.7430498814369518 0.7491205903761015 0.7545423996586127 0.7592959527367823 0.7633648805198355 0.7667354869165548 0.7693964626751754 0.7713386440629211 0.7725548302324887
0.7716590500218362 0.7714398884359212 0.7704843942106371 0.7687924376435892 0.7663662403048154 0.7632106285616225 0.7593333291141047 0.7547452923184857 0.7494610272230392 0.7434989313251313 0.7368815974769481 0.7296360809067637 0.721794109907044 0.7133922256274616 0.7044718382097704 0.6950791892810972 0.6852652138222759 0.6750852978540549 0.6645989323799568 0.6538692682003898 0.6429625809131625 0.6319476607139753 0.6208951471541797 0.609876835790877 0.5989649914577918 0.5882317125415161 0.5777484035347582 0.5675854309551306 0.557812064434034 0.5484968461004786 0.5397085996886273 0.5315184066965627 0.5240030825704438 0.5172510648303024 0.5113723519764057 0.5065155941864663 0.5028985396999659 0.5008650549189536 0.5009990309289396 0.5043710913828006 0.5131297376737326 0.5321092383338659 0.5739529763868452 0.6776009366612412 0.9409885096084318 0.9403838336134434 0.4711170070035355 0.25649687672966587 0.16823993062252324 0.1184829859116373 0.06546799666588199 -0.046479243294157924 -0.30137802651664936 -0.6600072144876737 -0.9505939464948026 -1.1344235320036085 -1.2516365220024348 -1.3338015028788504 -1.3973038265277113 -1.4502490255874363 -1.4967632378142686 -1.5390287045713065 -1.5782304757941383 -1.6150142503057434 -1.649719858068082 -1.6825071348900003 -1.7134276608639691 -1.7424679781906096 -1.7695771073825823 -1.7946850267243166 -1.8177156858474655 -1.8385965036866425 -1.8572654227776966 -1.873676105205614 -1.8878015859534012 -1.8996365572670972 -1.9091983928688776 -1.9165270050168275 -1.9216836406727296 -1.924748751702295 -1.9258191070879231 -1.925004343752361 -1.92242317119164 -1.9181994509575329 -1.9124583636385337 -1.9053228587996252 -1.896910560646564 -1.8873312882515376 -1.8766853595576432 -1.865062923531831 -1.8525447860396558 -1.839205776758376 -1.825123240251883 -1.8103975750757981 -1.7952053889969224 -1.779955424693029 -1.7658368515122522 -1.7573396141860043 -1.7803737524710626 -2.239831624603533 -87.02247639532884 -2.234143470564216 -1.7754729370390117 -1.7529861625459289 -1.762160750839358 -1.7770965219954773 -1.7932874514385881 -1.8095198673167614 -1.8253550701854229 -1.8405824066847503 -1.8550645589482289 -1.8686856813640063 -1.881332249366453 -1.892886020107017 -1.9032221315999294 -1.9122096995451006 -1.9197138029971066 -1.9255983309209912 -1.929729386095078 -1.931979024221291 -1.9322291272168186 -1.9303752090331816 -1.926329947801014 -1.9200262389134681 -1.9114195759522912 -1.9004895907581458 -1.8872406188084363 -1.8717011975780253 -1.8539224454184118 -1.8339752990241303 -1.8119465971826196 -1.7879339734887583 -1.7620394438917368 -1.7343614176411433 -1.7049845750139458 -1.6739665538593222 -1.6413194957172115 -1.6069828742777357 -1.5707809340753252 -1.5323519293085117 -1.4910236050935295 -1.445581643255681 -1.3938148790549996 -1.3315743600922376 -1.2507507619009572 -1.1350051587095482 -0.9529209653217587 -0.6644619467379375 -0.3070553709893499 -0.05072916479682075 0.06328821391428206 0.11741554032601845 0.16770802008964353 0.2562031165338411 0.47088123433949347 0.9398433818862352 0.9411068816315018 0.6778065072420616 0.5741535907251291 0.5323381116963328 0.5133937485523452 0.5046722433071035 0.5013360783293919 0.5012345839786831 0.5032951839433167 0.5069320444588665 0.5117993486360176 0.5176774322501426 0.5244158280328387 0.5319028927252593 0.5400487931020028 0.548775643472163 0.5580116904368145 0.5676879029835542 0.5777360529224456 0.5880877496208663 0.5986740987485407 0.6094257712451971 0.6202733371055194 0.6311477609536716 0.6419809833990797 0.6527065312204403 0.6632601129120587 0.6735801668790397 0.6836083383922801 0.6932898687903563 0.7025738870995354 0.7114136000667151 0.7197663818284045 0.7275937687848776 0.7348613695630699 0.7415387026736439 0.747598977393008 0.7530188348763215 0.757778067585957 0.7618593352805226 0.7652478951905265 0.7679313626503443 0.7698995164426646 0.7711441604322264
0.7698724461160457 0.7696773847309125 0.7687466931302701 0.7670800333255228 0.7646796313121459 0.7615505179995348 0.7577008018082413 0.7531419600251671 0.7478891349546183 0.741961419900952 0.7353821201890851 0.7281789744526118 0.7203843224825522 0.7120352071624886 0.7031733998097947 0.6938453403449902 0.6841019862890513 0.6739985675480723 0.6635942471899264 0.6529516921662993 0.6421365621362491 0.6312169292442135 0.6202626472119396 0.6093446943415723 0.5985345228883656 0.5879034567823715 0.5775221925687796 0.5674604765605886 0.5577870575900956 0.5485700563284241 0.5398779599309741 0.5317815655810877 0.5243574005580165 0.5176935207916571 0.5118993094305707 0.507122343590255 0.5035784705371312 0.5016081899852054 0.501789418613272 0.5051821119497761 0.5139305958758609 0.5328092154163617 0.5744139740610598 0.6776386821043117 0.9327067220031489 0.883985926743626 0.44284586771772183 0.24352345080145366 0.16130018728833068 0.1160102861291698 0.0708046665131326 -0.02222774130981535 -0.24356616974207096 -0.5838967657246316 -0.879044745352123 -1.0698224852400182 -1.1909516407588534 -1.2748809804542518 -1.338990489038265 -1.3919170727121064 -1.4380481337167745 -1.4796984184845543 -1.5181254897382552 -1.5540193766833987 -1.5877510317265509 -1.6195054642140332 -1.6493570543551421 -1.6773144888285128 -1.7033489975173959 -1.7274129841099268 -1.7494528494486854 -1.7694180924056184 -1.7872678500663302 -1.802975530159423 -1.8165319077158273 -1.827946906895852 -1.8372502163288496 -1.8444908607839416 -1.8497358549504566 -1.8530680817934622 -1.8545835598983365 -1.8543882828134362 -1.852594824569247 -1.8493189072942033 -1.8446761190286498 -1.8387789574941935 -1.8317343649557662 -1.823641926186961 -1.8145929506316227 -1.8046708087737267 -1.7939532715362558 -1.7825185449913088 -1.7704591476815772 -1.7579146869428877 -1.7451563324308468 -1.7328350377497572 -1.722858142395479 -1.7224512213034668 -1.7738952788104903 -2.5825505195726106 -70.08557046983937 -2.5753168237187642 -1.7679812607370038 -1.717216728800044 -1.7184309317372115 -1.729373766166681 -1.7428040131451141 -1.7567864174064227 -1.7706352287408793 -1.784039620722955 -1.7968170065345963 -1.8088301057631095 -1.8199557877869603 -1.8300728733711475 -1.8390577867842288 -1.846783847588392 -1.8531224404149456 -1.8579452439754942 -1.8611270827196253 -1.8625491209020173 -1.86210218009803 -1.8596899839258578 -1.8552321423372722 -1.848666696835281 -1.839952062542371 -1.8290682254406354 -1.816017082429521 -1.8008218447356892 -1.7835254542829755 -1.764187982549798 -1.7428829792879252 -1.7196927044089212 -1.6947020896960727 -1.6679911100513278 -1.639624945848023 -1.6096407929770387 -1.5780292409105021 -1.5447064174061982 -1.509469807941731 -1.4719240961713058 -1.4313496848816512 -1.386456695210161 -1.3348994150036757 -1.272268911816906 -1.1899347297500922 -1.0705953184962334 -0.8820159419358843 -0.5894958477465149 -0.2502671633215738 -0.02695853177538881 0.06827266660180738 0.11483409212581086 0.16070879577934002 0.2431951497279862 0.4425862872318487 0.8849667258593372 0.9327804868472649 0.6778639934162102 0.5746396200282426 0.5330675972069581 0.5142318752636427 0.505532867482844 0.5021838277991053 0.5020420519693158 0.5040453305443076 0.5076134950346546 0.5124037827083953 0.5181981243981161 0.524846838436014 0.5322386403875452 0.5402838655583931 0.5489047591495668 0.5580297620009594 0.5675901671306572 0.5775182411973889 0.5877462800503083 0.5982062712608464 0.6088299519949326 0.6195491191319416 0.6302960902486371 0.6410042420956241 0.6516085716928831 0.6620462393539345 0.6722570635486637 0.6821839464237061 0.6917732160632301 0.7009748779985173 0.7097427739694725 0.718034650765893 0.7258121458500337 0.7330406999377982 0.7396894093421393 0.7457308326584152 0.7511407676552752 0.7558980146452872 0.7599841424558871 0.7633832719529008 0.7660818909490055 0.7680687118237566 0.7693345809602161
0.7676707576875558 0.7674919037710932 0.7665786798707428 0.7649307719390553 0.7625506673499004 0.7594438733478253 0.7556191557315182 0.7510887868663416 0.7458687913113381 0.7399791771481036 0.7334441408885937 0.7262922344499175 0.7185564831672905 0.7102744451101299 0.7014882029729181 0.6922442818137639 0.6825934874337012 0.6725906627515126 0.662294362104197 0.6517664463344593 0.6410716053238406 0.6302768187997092 0.6194507712045776 0.6086632427492574 0.5979845060129235 0.5874847673639255 0.5772337052238568 0.5673001753892255 0.5577521801194074 0.5486572392769234 0.5400833688341611 0.532100986029329 0.5247862614964265 0.5182268081716276 0.5125313055623875 0.5078460840740846 0.5043847247275532 0.5024935750562145 0.5027246222085782 0.5061321547232913 0.5148185969295027 0.5335325494017038 0.5747487402904605 0.6769731532745197 0.9185975290402845 0.824801424513238 0.41364218976367106 0.22991793882918246 0.15386638450235163 0.11307014463954304 0.0754188992604918 0.001446232522572227 -0.1824974600999028 -0.4967174094704805 -0.7948989264081022 -0.994179809256471 -1.1203960635503931 -1.2066353072060396 -1.271531196438054 -1.3244280081266357 -1.3700663587615192 -1.4109410689075796 -1.448408174731111 -1.4832173167728768 -1.5157803265504748 -1.546314099160384 -1.5749207075766534 -1.601634674226493 -1.626452246587064 -1.6493503465969073 -1.6702992983111828 -1.689271593235736 -1.7062479671466715 -1.7212215206151604 -1.7342003168917093 -1.745208727164861 -1.754287710127788 -1.7614941764314513 -1.766899579766752 -1.7705878814568705 -1.772653046144397 -1.7731962351816606 -1.772322869378161 -1.7701397311040337 -1.7667522701034195 -1.7622622717890806 -1.7567660512578216 -1.7503533681229337 -1.7431073545838949 -1.7351059896244978 -1.7264262279318845 -1.7171532927676603 -1.7074012584588543 -1.69736122214985 -1.6874254439993535 -1.6785532402299654 -1.6735700901866335 -1.6832460850327688 -1.7717755025371964 -3.0940122373676275 -58.874855607421445 -3.085146488401138 -1.7650218596634304 -1.677297703851622 -1.668531094325207 -1.674591191757145 -1.6846953806512948 -1.6959885551222262 -1.7074734448720694 -1.7187143497442132 -1.7294731088072768 -1.7395867002820098 -1.748920851768913 -1.7573512835331735 -1.7647562384212807 -1.7710141078320647 -1.776003571845014 -1.7796050717503167 -1.7817030118068935 -1.782188336730754 -1.7809612408604292 -1.7779338143158685 -1.7730324559682378 -1.7661998998814652 -1.7573967190324908 -1.7466021905832898 -1.7338144301296863 -1.7190497262391478 -1.702341025256276 -1.6837355241538825 -1.6632913163761596 -1.6410729900455163 -1.6171459811106579 -1.591569304496174 -1.5643859698985123 -1.5356098320048674 -1.5052066255831096 -1.4730650867227666 -1.4389505035371792 -1.402425903080332 -1.3627111211144185 -1.318417252508986 -1.267019627503161 -1.2037618837305115 -1.1193240053915738 -0.9951957645405479 -0.7985663142802377 -0.5033891234611978 -0.18982472148172444 -0.0034116911254865557 0.07284495549687386 0.11186853796165368 0.15325536624698483 0.22957597744379107 0.41337461100613504 0.825708933023908 0.919340065578356 0.6771995807828449 0.5749848936007522 0.5338096052197432 0.5151462288812965 0.5065118527437515 0.5031541780260192 0.5029681742253584 0.5049029096724377 0.5083924776313914 0.5130936381851915 0.518790388733962 0.5253341084752842 0.5326140533679653 0.5405408696562253 0.549037066274535 0.5580314177847107 0.5674556952279172 0.5772428312965106 0.5873259956528613 0.5976382575305719 0.6081126271380182 0.618682335226502 0.6292812522502319 0.6398443762698628 0.6503083378052531 0.6606118838494942 0.6706963142019642 0.680505851801435 0.689987936075655 0.6990934343331082 0.7077767713070084 0.7159959810752135 0.7237126891847874 0.7308920352671301 0.7375025485698878 0.7435159897951167 0.7489071735268293 0.7536537851101128 0.7577362054635407 0.7611373558851626 0.7638425734415025 0.7658395253500394 0.7671181684918622
0.7650424821310593 0.7648712163879061 0.7639675235024872 0.7623313557883229 0.7599657241785738 0.7568768845100969 0.7530745317680128 0.748571993848265 0.7433864160174936 0.7375389272496974 0.7310547798537974 0.7239634541350453 0.716298720343623 0.7080986509337183 0.6994055768127574 0.6902659824175867 0.6807303356018017 0.6708528497935872 0.6606911778728041 0.6503060394828861 0.6397607865222563 0.6291209152267258 0.6184535378911964 0.6078268330195041 0.597309500262024 0.5869702558647769 0.5768774175359747 0.5670986456494624 0.5577009344610495 0.5487509882583789 0.5403161838067588 0.5324664330048754 0.525277457255724 0.5188363479995983 0.5132563071365714 0.5086730985319028 0.5053015398132825 0.50347306150516 0.5037486498777712 0.5071558769163083 0.5157596699775913 0.5342255321963896 0.5748169315842803 0.6751629345324994 0.8987855136454581 0.7650945746048979 0.38531120912168404 0.216499343431811 0.14635905587463488 0.10978350385957607 0.07902286204193026 0.02267441296367321 -0.12275151910898642 -0.40223525257147247 -0.6997826298537283 -0.9088846787357969 -1.0415827139614287 -1.1308456544293848 -1.196799057570154 -1.2497045396927167 -1.2947707474063666 -1.3347323016045196 -1.3710759000722947 -1.4046292091763017 -1.4358561502671512 -1.4650126884685564 -1.4922333286550957 -1.5175815392835592 -1.5410805072726599 -1.56273266255544 -1.5825324768937943 -1.6004750211431318 -1.616561691510462 -1.63080392867452 -1.643225428877468 -1.6538631662185113 -1.6627674487583326 -1.6700011824982925 -1.675638496820452 -1.6797628787805863 -1.682464964084024 -1.683840133809395 -1.683986065572537 -1.683000385191366 -1.6809785626650597 -1.6780121995077601 -1.6741878766511284 -1.6695867946041094 -1.6642855911941798 -1.6583590749071735 -1.6518864272137943 -1.6449643901908997 -1.6377360069143652 -1.63045770709132 -1.6236725169935526 -1.6187226087802993 -1.6195807917817002 -1.641518809041641 -1.777614075537835 -3.845980501613708 -50.86984414304896 -3.835375597964644 -1.770250645269084 -1.6350758094174669 -1.614115229431723 -1.6144000457070387 -1.6206519821695118 -1.6288687942431022 -1.6376691059796114 -1.6464647348428922 -1.6549503210946839 -1.6629320014501074 -1.670262190704509 -1.6768127272890316 -1.6824635539792188 -1.6870983047671533 -1.6906032106091604 -1.6928676977878518 -1.6937858719992427 -1.6932584425611692 -1.6911948075857284 -1.6875151008953562 -1.682152043455852 -1.6750524674865037 -1.6661784016508567 -1.6555076241668167 -1.6430336085280057 -1.6287648017144545 -1.6127231834064382 -1.5949420513093626 -1.5754629536146445 -1.5543316324998995 -1.5315927335782755 -1.5072828407360703 -1.4814210549292797 -1.4539957344217764 -1.42494492931645 -1.3941260213133986 -1.3612661631820095 -1.3258772053062713 -1.2871021375752614 -1.2434235019837048 -1.192081435416809 -1.1278625225221384 -1.0405561286741827 -0.9102180790714134 -0.704193004680963 -0.40976282023701127 -0.1301757290296694 0.018041615514775358 0.076579003005992 0.10863526598795054 0.14576727307393544 0.21616429295709838 0.3850499238136211 0.7659007809722451 0.8998709055034257 0.6753715537227201 0.5750486880964576 0.5345064403205908 0.5160976840475386 0.5075516301353552 0.5041992868515812 0.5039731470187 0.5058431905148641 0.5092459533505509 0.5138475095060003 0.5194358163426548 0.5258615673273159 0.5330151141696097 0.5408075802829008 0.5491618996695163 0.5580073511865196 0.5672763696009313 0.5769027549593974 0.5868207649546617 0.5969647725382342 0.607269284387727 0.6176691827442117 0.6281000952427731 0.6384988251051704 0.6488037932376486 0.6589554579381339 0.6688966886126549 0.6785730786825838 0.6879331895134557 0.696928723149209 0.7055146257798769 0.7136491279037593 0.7212937294822711 0.7284131403815666 0.7349751878226344 0.7409507026074882 0.7463133962147667 0.7510397400406678 0.7551088569689519 0.7585024340812012 0.7612046636235523 0.7632022172422448 0.7644842567255246
0.7619736551587617 0.7618010598386089 0.7608988289103739 0.7592674225068587 0.7569106303722567 0.753835716756284 0.750053560599973 0.7455787851821346 0.7404298717792779 0.7346292520312544 0.7282033741666922 0.721182738492989 0.7136018978993461 0.7054994193299159 0.6969178024566384 0.6879033521349686 0.6785060015615468 0.6687790839197539 0.6587790512574787 0.6485651408855436 0.6381989921103296 0.6277442187992421 0.6172659479193492 0.6068303392678444 0.5965041090700958 0.586354089593613 0.5764468699393387 0.5668485813872032 0.5576249173321008 0.5488415189629081 0.5405648553411098 0.5328654711733116 0.5258173876634157 0.519507078926956 0.5140415109349327 0.50956397671336 0.5062823850114597 0.5045223542604886 0.5048334984240384 0.5082202578785975 0.5166972188986277 0.5348076977664266 0.5744589241164479 0.6717072533108693 0.8718861284110193 0.708280185943762 0.35925533455088343 0.20394174128367773 0.13914675754542635 0.10630413695889948 0.08143333833786097 0.04025274999766575 -0.06849132415277756 -0.30518902116259167 -0.595585214275012 -0.8151800554880095 -0.9559920790569554 -1.04922812506102 -1.1166513682018788 -1.1696856038661871 -1.2141520041438254 -1.2531012117826266 -1.288191306745682 -1.3203507127785634 -1.3501087154555418 -1.3777683259591191 -1.403501244525395 -1.4274025270138804 -1.4495234245658781 -1.4698918497669686 -1.4885254974140592 -1.505440391015263 -1.5206564326590273 -1.5342008859322334 -1.5461103605893676 -1.5564316665240048 -1.5652217908809136 -1.5725471914382185 -1.5784825664224675 -1.5831092448449142 -1.5865133332804722 -1.588783750008311 -1.5900102739564568 -1.59028173402975 -1.5896844670517367 -1.588301187729207 -1.5862104557100627 -1.5834870239770682 -1.580203572545113 -1.5764348181558294 -1.572266094989407 -1.5678111464103215 -1.563250668490713 -1.5589223381447572 -1.5555539811741026 -1.5549568497505206 -1.5625214958429827 -1.599187925478909 -1.7959187223812891 -4.937066049513824 -44.82916542507475 -4.924614097577935 -1.7882327499223667 -1.5925215584865098 -1.556860833467799 -1.5504542062154867 -1.5523639264392384 -1.557172187372767 -1.5630293302242335 -1.5691628744371295 -1.5751867116582863 -1.5808699002875322 -1.586048508961501 -1.5905889304650331 -1.5943719129451908 -1.5972857141442127 -1.5992235734837132 -1.6000833388310363 -1.5997681931353676 -1.598187921022784 -1.5952603875730145 -1.5909130171779335 -1.5850841207953545 -1.5777239555612963 -1.568795424418007 -1.5582743408941342 -1.5461491972372519 -1.5324203824574592 -1.5170987960480808 -1.5002037896715152 -1.4817603341172882 -1.4617952396325742 -1.4403321340697917 -1.417384687988469 -1.3929472014873563 -1.3669810068084491 -1.3393939406988185 -1.310007887374767 -1.2785049960504238 -1.2443342449264516 -1.2065411095209801 -1.1634415165104 -1.1119678189355822 -1.0463106887784486 -0.9551335222082679 -0.816919899442142 -0.6007311723025756 -0.31313416251212595 -0.07542748862644291 0.03614265932299362 0.07925915037497928 0.10527510975583312 0.1386081837644202 0.20363205079178415 0.35901240827897823 0.7089788768498647 0.8735011045872343 0.6718809792872203 0.5746722400145685 0.5350777510916549 0.517029088053097 0.5086134186101494 0.5052844479886928 0.505025204400066 0.5068288943249322 0.510143487010865 0.5146409183241547 0.5201108781584385 0.5264078028734316 0.5334226785132847 0.5410672996272304 0.5492661724303372 0.5579461079468659 0.5670421701767538 0.5764892546100504 0.5862229444690298 0.5961791572277813 0.6062941329937214 0.6165046311252717 0.6267482435412549 0.6369637606757357 0.6470915453305169 0.6570738838072995 0.6668552945854419 0.676382782756138 0.6856060355515101 0.6944775589156431 0.7029527594049854 0.710989978197919 0.7185504863214917 0.7255984509066434 0.7321008828497164 0.7380275760828131 0.7433510476892697 0.7480464870499453 0.7520917208762112 0.7554671990586221 0.758156004829943 0.7601438907608882 0.7614193405797193
0.7584479010118228 0.7582652151000806 0.7573567470881447 0.7557236935133198 0.7533708579935161 0.7503067465606202 0.74654364527485 0.7420976774356468 0.7369888383673773 0.731241006412143 0.7248819292329662 0.7179431846885126 0.7104601156887278 0.7024717380932735 0.6940206204705733 0.6851527340463502 0.6759172708998997 0.6663664281549696 0.6565551563814858 0.6465408709242744 0.636383126670797 0.6261432590717237 0.6158839980215485 0.6056690662908921 0.5955627811570876 0.5856296875203427 0.5759342635888061 0.5665382864313204 0.5575114958213452 0.5489150955985955 0.5408145657335244 0.5332783247696515 0.5263808247237839 0.5202078044264489 0.5148651930845698 0.5104944746341515 0.5073001191206867 0.5056010060125331 0.505933174166018 0.5092723848915814 0.5175675456567899 0.5351909406449539 0.5735043685179295 0.6660902170935208 0.8379950799235111 0.656974481954697 0.3364717588679985 0.19276234657825853 0.13253453091115674 0.10280629180319995 0.08267363336662485 0.05369970510289264 -0.02280247520734377 -0.2111959755681287 -0.48469590630795156 -0.7141116626357791 -0.8648474158297134 -0.9633148147214832 -1.0328244156377413 -1.0862308636007658 -1.1301490542812798 -1.1680439927611805 -1.2017975665731648 -1.2324676856975565 -1.2606652341930482 -1.2867495393159039 -1.3109345949520057 -1.333349442664017 -1.3540739214513025 -1.373160580937367 -1.3906484716271732 -1.4065719505276115 -1.4209662875902953 -1.4338711255374534 -1.4453324381529848 -1.4554034014502424 -1.4641444599284479 -1.4716227942554116 -1.477911352873705 -1.4830875847706042 -1.4872319956577735 -1.4904266410750668 -1.4927536650666315 -1.4942939944004663 -1.4951263079074972 -1.4953264295628805 -1.494967359295524 -1.4941202960724345 -1.4928573065402595 -1.491256937282039 -1.4894155210531064 -1.4874703944665102 -1.4856501701848372 -1.4843924671257658 -1.4846500478652611 -1.488806167110032 -1.5039984850808674 -1.5583022999350553 -1.8324988137583906 -6.490496364899409 -40.07011970757962 -6.476173599681174 -1.8248311346719799 -1.5517302403222106 -1.4984158090026214 -1.4843411912835744 -1.48144449302227 -1.4825649048154388 -1.4852836365809445 -1.4886060327254722 -1.4920489397403824 -1.495336538630722 -1.4982844086697154 -1.5007509978039617 -1.5026160961397863 -1.5037711276267223 -1.504114986718246 -1.5035526099799212 -1.5019949280948177 -1.499359496244055 -1.4955714106671167 -1.4905642742587193 -1.4842810568154448 -1.4766747417945283 -1.4677086801115717 -1.4573565892373264 -1.4456021457772015 -1.4324381222713705 -1.4178650108345554 -1.4018890535922668 -1.3845195541597966 -1.3657652625161987 -1.3456294847572592 -1.324103327411941 -1.301156067835451 -1.2767209004613718 -1.2506729534792513 -1.222793906704772 -1.1927125037685202 -1.1597999513802189 -1.1229773064203437 -1.0803438963286136 -1.0284294213886709 -0.9606529490716349 -0.8642911920845063 -0.7163352380175269 -0.4904241190012589 -0.21888779357496804 -0.028736036799240992 0.05031342747713891 0.08086313632666112 0.1019434171946301 0.1320751718317574 0.19249288262203232 0.3362567533403368 0.6575697771227773 0.8403486630504108 0.666216311125168 0.5736873537930074 0.5354364783816016 0.5178769974971125 0.5096439141898947 0.5063627234426094 0.5060824757271079 0.5078252796318095 0.5110528649695876 0.5154440795068334 0.5207922186625603 0.5269536877588112 0.5338206586472304 0.5413057941228867 0.5493334324216954 0.557834418843231 0.5667430899168224 0.5759917287454952 0.5855232847801854 0.5952733455277281 0.6051801292462156 0.6151825013111808 0.6252202243851844 0.6352342544686533 0.6451670422409627 0.6549628129415187 0.6645678086549208 0.6739304850089951 0.683001660277346 0.6917346195903041 0.7000851801466802 0.70801172535196 0.715475217030889 0.7224391948968298 0.7288697722664063 0.7347356357166365 0.7400080551937319 0.7446609092518204 0.748670728467642 0.7520167580763143 0.7546810394178813 0.756648508114289 0.7579071057673866
0.7544466227459352 0.7542457033768983 0.7533241804364299 0.751684190365949 0.749331751930739 0.7462768051402726 0.7425332195257704 0.738118772393247 0.7330550987108957 0.7273676154059557 0.7210854231594759 0.7142411890736452 0.7068710132470705 0.6990142815054063 0.6907135057218353 0.6820141518523757 0.6729644546591529 0.6636152171653418 0.6540195920416277 0.6442328423708757 0.6343120798390449 0.624315980204155 0.6143044793802465 0.6043352750208957 0.5944765185641492 0.5847866621916115 0.5753276902383941 0.5661616194481025 0.5573505969978771 0.5489573200503843 0.5410459626745829 0.5336839015564635 0.5269447153766156 0.5209132652189052 0.5156942965353644 0.5114272674610921 0.5083127787553482 0.5066619905059053 0.5069949872256774 0.5102526928626326 0.5183007854639688 0.5352828348637897 0.5717854606818937 0.6578514537639637 0.7982394499139097 0.6128909376812467 0.31761939995124383 0.1833391559712146 0.12676541745835038 0.09947091024747212 0.08292077614485606 0.06315412349103566 0.012773623697154676 -0.12624321678662348 -0.37040180038464676 -0.606567020175208 -0.7690185267761293 -0.8743495676413693 -0.946843462503278 -1.0010423944036604 -1.0445778125882113 -1.0814564981986285 -1.1138526207058819 -1.1429907014720924 -1.1695837347538813 -1.1940586889106664 -1.2166777717150534 -1.2376065264830012 -1.256953614039873 -1.2747948560160587 -1.291188155290964 -1.3061829082998497 -1.319825955805737 -1.3321652731923936 -1.3432521311174155 -1.3531421900492204 -1.3618958361588025 -1.3695779748091752 -1.3762574423058236 -1.3820061638588068 -1.3868981657249828 -1.3910085384745507 -1.394412445494164 -1.3971842758620938 -1.3993970610318807 -1.4011223192183841 -1.402430584650045 -1.4033930682938527 -1.4040852874369691 -1.4045943360673359 -1.4050333372760575 -1.4055710817611664 -1.4064963683767435 -1.4083692622224824 -1.4124163039317472 -1.4217198726537241 -1.4455800643209509 -1.5211143755001042 -1.895155667576349 -8.624655597142779 -36.18692491540802 -8.60875977301261 -1.8878926393084352 -1.5149897040399423 -1.440380311914334 -1.4175401734412798 -1.4093777529767473 -1.406575576416954 -1.4060205659034575 -1.40644922677271 -1.407261162623533 -1.4081257629726693 -1.4088325810654156 -1.4092285413362864 -1.409189782514334 -1.408608593523354 -1.4073873942567687 -1.4054361713009569 -1.402671650599496 -1.3990173296072783 -1.3944038918002377 -1.3887697284776448 -1.3820613995858126 -1.3742339251554208 -1.3652508337539102 -1.3550839136607682 -1.3437126214220438 -1.331123100493189 -1.317306749014102 -1.3022582447406006 -1.2859728791497622 -1.26844295664157 -1.2496528524814159 -1.229572047869632 -1.208144982718963 -1.1852757166627803 -1.1608038241918306 -1.1344649684706314 -1.1058236998126307 -1.07415389929571 -1.0382164710405875 -0.9958275920282408 -0.9429896649511391 -0.8721313796901643 -0.7688874299140428 -0.6092800142345646 -0.37629787479532945 -0.1329112991302619 0.00816769403774303 0.06057947750801904 0.0815186292736348 0.09879965489617026 0.12640156645229522 0.18312032168202386 0.31743941063101333 0.6133890221376535 0.8014392589121092 0.6579240590055221 0.5719295780575473 0.5354920954603042 0.5185725998542751 0.5105839822415443 0.5073813510226931 0.5070974405843907 0.5087895302069569 0.5119356027331503 0.5162225122886739 0.5214477014635162 0.5274698652295418 0.5341826008488783 0.5414996587997409 0.5493464186807696 0.5576548836549624 0.5663607505703594 0.5754017452692726 0.5847167448808127 0.5942453921743186 0.6039280126380733 0.6136954563057125 0.6235095103587996 0.6333043667674111 0.6430247037427479 0.6526167918633573 0.6620286704185924 0.6712102881347488 0.6801136091258663 0.6886926891700772 0.6969037296216047 0.7047051177298633 0.7120574622608381 0.7189236328638804 0.7252688100659002 0.7310605512670124 0.7362688759822499 0.7408663713170539 0.7448283167573339 0.7481328253321374 0.7507609967016066 0.7526970765202635 0.7539286156683722
0.7499493533984928 0.7497231211241011 0.7487831003101949 0.7471325337767517 0.7447788094828883 0.7417334379407365 0.7380119864448028 0.7336339741508228 0.7286227335458425 0.7230052451511926 0.7168119526953222 0.7100765661877172 0.7028358594939574 0.6951294679099362 0.6869996895909688 0.6784912928160528 0.6696513289270217 0.6605289490514659 0.6511752211760204 0.6416406842701907 0.6319842856257347 0.6222593799068259 0.6125227174022517 0.6028319401845917 0.5932453653227876 0.5838217900185712 0.5746203509738564 0.5657004887778341 0.5571220943654613 0.5489459546111912 0.5412346761450852 0.5340543690158728 0.527477548416798 0.5215880315081494 0.516489209884391 0.5123182774532549 0.5092715114390997 0.5076513293987706 0.5079593589400896 0.5110951066468625 0.5188219214446728 0.5349907194728607 0.5691549345576772 0.6466783583806686 0.7546723507566505 0.5769418423186057 0.30311969465664207 0.17594641700338012 0.12203122129527413 0.0964742082172795 0.0824413675506509 0.06917552635554575 0.038301200613351176 -0.05557257281758573 -0.25747805775417476 -0.4934182685499269 -0.6689599575966403 -0.7831987585223417 -0.8599459749884909 -0.9156020144908439 -0.9590776696468287 -0.9950857252602013 -1.0261829347469325 -1.053809349125258 -1.0788067858707466 -1.1016843645768581 -1.12275997387972 -1.1422388202227227 -1.16025876994856 -1.1769174379959975 -1.1922888383439387 -1.2064338359662332 -1.2194067833599729 -1.2312597277265693 -1.2420450219934296 -1.2518168577224822 -1.2606320536575806 -1.2685503237540168 -1.2756341819185224 -1.2819486006620788 -1.2875605176115241 -1.292538272825797 -1.2969510597556204 -1.3008684853526937 -1.3043603660772531 -1.3074969509654757 -1.3103498880525961 -1.3129944974000347 -1.3155144152062122 -1.3180107353501607 -1.3206201505590696 -1.323552272668016 -1.3271710017855376 -1.332186725569404 -1.3401613025539092 -1.3550391970179594 -1.3888265179322032 -1.4902494469368823 -1.9948234026521565 -11.35844973762796 -32.92432577928071 -11.34206480308857 -1.988387167069708 -1.4849450471890804 -1.3843321475138157 -1.3514105893171198 -1.3374923975526833 -1.3305610072720346 -1.3266477898195816 -1.324160829200093 -1.3223566939718743 -1.3208371868153457 -1.319358546465695 -1.317751361094811 -1.3158844549371707 -1.3136478666366724 -1.3109447094936042 -1.3076873756859972 -1.303795923276624 -1.2991975516001626 -1.2938265792010593 -1.287624594750279 -1.2805405877235438 -1.272530940742699 -1.2635592087711187 -1.2535956330845874 -1.242616346993914 -1.230602226409011 -1.2175373194117316 -1.2034067513678173 -1.1881939345103816 -1.1718767987310137 -1.1544225716016414 -1.1357803154440207 -1.1158698729264789 -1.0945648749027503 -1.0716656170389687 -1.0468540650805525 -1.0196161889161706 -0.9891022610151542 -0.9538648083069037 -0.9113474622522134 -0.8568620871940072 -0.781583873308577 -0.6693191319773512 -0.49644926389539257 -0.2628296088642782 -0.06060680009704766 0.03510718741200368 0.06739721372951864 0.0814478395705605 0.09599940295286803 0.12176923334418269 0.17578396936725618 0.30297962315902893 0.5773452820255678 0.7584964562192781 0.6467005264357164 0.569255911629481 0.5351545196189141 0.5190426559465868 0.5113688119510171 0.5082816351036245 0.5080167000229887 0.5096731199162522 0.5127477277839616 0.5169365051817433 0.5220415918744152 0.5279242999979181 0.5344799006625989 0.5416234617826496 0.5492816396010196 0.5573878430842869 0.5658793888092044 0.5746958670116193 0.583778257720144 0.5930685126467042 0.6025094207293371 0.6120446379629563 0.6216188023804177 0.6311776821970716 0.6406683246715992 0.650029361828301 0.6592312280314553 0.6682150645697296 0.6769340138816826 0.6853429200606783 0.693398376883848 0.7010587798109432 0.7082843906051131 0.7150374215636845 0.7212821444623512 0.7269850266288717 0.7321148941316511 0.7366431193177352 0.7405438276681611 0.7437941170411346 0.7463742808838187 0.748268026192457 0.7494626768602403
0.744934278970985 0.7446771244307712 0.7437149872195759 0.742052334895115 0.7396980188979566 0.7366651874482563 0.7329711434702109 0.7286371550450832 0.7236882277714477 0.7181528499116416 0.7120627216868038 0.7054524799371368 0.6983594283316404 0.6908222868461367 0.6828847424534632 0.6745899343232312 0.6659835060262721 0.6571126996982677 0.6480262106927319 0.6387740572542342 0.6294074584112237 0.6199787137910165 0.6105410810099947 0.6011486502958623 0.5918562222743784 0.5827192040286157 0.5737935515959975 0.5651358052548545 0.5568032900174599 0.5488545928726482 0.5413504885357489 0.5343555842843151 0.5279411233873607 0.522189689641674 0.5172031248449873 0.5131160943637201 0.510120073350926 0.5085076887780018 0.5087595673979984 0.5117270962937805 0.5190517500047066 0.5342261559874255 0.565507126137514 0.632503395501621 0.709928078096109 0.5494288436737838 0.29326542482399914 0.17079856176369787 0.11848908105242481 0.09398113855223092 0.08153454554089139 0.07252627664764932 0.05507860841624042 -0.002189551521628224 -0.15279637583131292 -0.3758569540451888 -0.5646528161513955 -0.6902715872733202 -0.7730134256127565 -0.8311194866598673 -0.8750716952845488 -0.9104970700417705 -0.9404543168176935 -0.9666644059923077 -0.990133654606456 -1.011472675415809 -1.0310650996115711 -1.049160342780104 -1.0659265962609201 -1.081482189794686 -1.0959147495684942 -1.1092932246782654 -1.1216756074656762 -1.1331139728152215 -1.1436577984533607 -1.1533561513191226 -1.1622591046007535 -1.1704186186333958 -1.177889039735641 -1.184727324163103 -1.1909930687594656 -1.1967484200924967 -1.202057938665096 -1.2069885160904485 -1.2116094887293978 -1.2159931782247795 -1.2202162528101863 -1.2243626190390795 -1.2285291879803129 -1.2328372002498578 -1.2374547927908013 -1.2426436730884711 -1.248861423927202 -1.2570044712862376 -1.2690505548227717 -1.2900235907877031 -1.335375558018029 -1.4690217606009133 -2.1473510674725143 -14.436233733798728 -30.11473258596662 -14.421683448841538 -2.1421936945978866 -1.4649119822591323 -1.3319089226482503 -1.2872151968870305 -1.2669626533460252 -1.2556960650240192 -1.2483751298615422 -1.2430005420381982 -1.2386518528288173 -1.234846461797213 -1.2312977411241985 -1.2278136886237174 -1.2242511346316756 -1.2204939821044063 -1.216442597721983 -1.2120086482084973 -1.2071126748812 -1.2016830425849796 -1.1956555384610899 -1.1889732184744424 -1.1815862702832463 -1.1734517555703388 -1.1645331483497587 -1.1547996142098185 -1.1442249859517235 -1.1327863865958083 -1.1204624277270072 -1.107230866334693 -1.093065523584312 -1.0779321366886288 -1.0617825919999522 -1.0445466085525248 -1.0261192774133152 -1.0063416651711632 -0.984969455987238 -0.9616202912419551 -0.9356818339423885 -0.9061447703868032 -0.8712874323144211 -0.8280605013158987 -0.7708740611235556 -0.6893473216071503 -0.5654275041965343 -0.37873827781021274 -0.15679175446307989 -0.0053609015463572515 0.05317295576246988 0.07145446605056548 0.08091652618018987 0.09369048468067429 0.11832651120474735 0.17069411449788718 0.29316841696888063 0.5497315538511541 0.7136184841925894 0.6324879772271863 0.5655653634895224 0.5343383086020682 0.5192103391482045 0.511927938675153 0.5089987315844966 0.508780671284237 0.5104214572790885 0.5134393868841542 0.517540693260014 0.5225327668296826 0.5282798702287053 0.5346792037945065 0.5416473889549362 0.5491125977906547 0.5570098932740231 0.5652784670707114 0.5738600308265669 0.5826979194849239 0.5917366339791815 0.600921649347308 0.610199375121953 0.6195171939168883 0.6288235310412136 0.6380679267893641 0.647201096885898 0.6561749764355376 0.6649427500220464 0.6734588752706371 0.6816791095524009 0.6895605506917629 0.6970596064370175 0.7041412431410227 0.7107641036396224 0.7168916464129006 0.7224893601628024 0.7275250050336848 0.7319688812729483 0.7357941162004654 0.738976958703344 0.7414970689367888 0.743337790726268 0.744486394398225
0.7393789360075882 0.7390870665461204 0.7381013984281162 0.736428266182483 0.7340769020373729 0.7310625552499186 0.7274041996999893 0.7231247599077137 0.7182507994658658 0.7128121809399245 0.706841712116151 0.700374793506829 0.6934490809146772 0.6861041749999264 0.6783813471075241 0.6703233072222443 0.6619740163833903 0.6533785421950029 0.6445829527434186 0.6356342415904641 0.6265802751115359 0.6174697529637273 0.6083521744337785 0.5992778067102649 0.5902976573521147 0.5814634622864971 0.5728277133530368 0.5644437674337041 0.5563661049637451 0.5486508433244818 0.5413566690553859 0.5345464473484155 0.528289927489959 0.5226682479963964 0.5177814763427178 0.5137614547405924 0.5107943534278013 0.5091619594998666 0.5093214217685262 0.5120695878698608 0.5189075987439495 0.5329089843415848 0.5607981920430997 0.6155804188503635 0.666552031834291 0.5302173181720605 0.2883236556589803 0.16809739778173216 0.11628165007656246 0.09214479779145496 0.0803981179262487 0.07399590142221998 0.06503454559008455 0.03404923502302395 -0.06470220219998307 -0.2565535680416221 -0.4554334045162229 -0.5954065335891239 -0.686502646456477 -0.748485377454255 -0.7937348015083406 -0.829052306158006 -0.8581554648274707 -0.8831341492259354 -0.9052076476032469 -0.9251145782920127 -0.9433184516946588 -0.960119834862776 -0.9757198611269721 -0.9902575260747534 -1.0038323696476894 -1.0165187424037176 -1.0283750753860759 -1.0394500967208766 -1.0497871274604944 -1.0594271299548315 -1.0684109155497674 -1.0767807599958206 -1.0845815811693051 -1.0918617791589438 -1.0986738112422056 -1.105074566582447 -1.1111256161586345 -1.116893445416153 -1.122449839385428 -1.1278727039479788 -1.133247816310676 -1.1386723976580568 -1.144262200136203 -1.1501654877597385 -1.156591072650793 -1.1638666573566911 -1.1725674556765877 -1.1838235207860601 -1.2001383912695294 -1.2279177267570318 -1.2871080921350904 -1.4619906770296078 -2.3759812291946067 -17.230315843291567 -27.644179673580293 -17.220682895306897 -2.3725934010396283 -1.4594333348368804 -1.2849724265128921 -1.2261852664087438 -1.1988381412019442 -1.1829873237519044 -1.1722191076944446 -1.1640179612265165 -1.157240092093792 -1.1512958538218514 -1.145843127001932 -1.1406592822023276 -1.1355833565602416 -1.1304884839302156 -1.1252683231827412 -1.1198303127343756 -1.114092360716814 -1.1079812682053716 -1.1014319853056802 -1.094387202733382 -1.0867969953607555 -1.0786183516359058 -1.0698144897624922 -1.0603538967078372 -1.0502090404727844 -1.0393547006335722 -1.0277658364282902 -1.0154148582620404 -1.0022680744478942 -0.9882809267985805 -0.9733913609429644 -0.9575102182250607 -0.9405067265384867 -0.9221856960997358 -0.9022502621363626 -0.8802386482350084 -0.8554126664905447 -0.8265535722261721 -0.7915751859289724 -0.7467735118580183 -0.6853853260364554 -0.5951163629072703 -0.4562929349414514 -0.25854185304269434 -0.0668392798921632 0.03256800896421584 0.06416953555484252 0.07350086496741923 0.08015776190639419 0.09201389922873111 0.1162093700478859 0.16804948547577142 0.2882715990978252 0.5303978272217118 0.6689855498963994 0.6155492995360724 0.5608184738715765 0.5329663965423638 0.5189957875977079 0.5121850791707022 0.5094613101246954 0.5093232046269428 0.5109734845223114 0.5139544313009992 0.5179836295138778 0.5228742731074538 0.5284939151232422 0.5347419471332753 0.5415367832624598 0.5488083485250776 0.556493600009706 0.5645338455917808 0.5728731555451374 0.5814574472316631 0.5902339833464743 0.5991511184783298 0.6081581874360867 0.6172054666581182 0.6262441662331388 0.6352264281923176 0.6441053202371902 0.6528348234293462 0.6613698189259278 0.6696660830274386 0.6776803014771079 0.6853701144693958 0.6926942018789892 0.6996124161165275 0.7060859663270822 0.7120776537862457 0.7175521544865748 0.7224763411445911 0.726819633558633 0.7305543639187593 0.733656142044639 0.7361042048557015 0.7378815904049131 0.7389759183001182
0.7332617848372993 0.7329335155773722 0.7319254137047331 0.7302445030006826 0.7279025402707563 0.7249158036764776 0.7213048067629901 0.7170939514203922 0.7123111356212418 0.7069873335818944 0.7011561667935085 0.6948534841608621 0.6881169679706809 0.680985780202186 0.6735002601959464 0.6657016810046733 0.6576320672022655 0.6493340727246635 0.6408509133496969 0.6322263452239381 0.623504678555932 0.6147308152686866 0.6059503003564879 0.5972093800775866 0.5885550660105692 0.5800352126308405 0.5716986288623911 0.563595261403263 0.5557765128341086 0.548295793988576 0.5412094661094746 0.5345784179071198 0.5284706734478639 0.5229656921932047 0.5181615109278914 0.5141868184833491 0.5112219527935735 0.5095368372269702 0.5095628584968908 0.5120366670018853 0.5183035404211926 0.5309698400514115 0.5550593638131719 0.5965135008961235 0.6258823627008759 0.5188221531140932 0.28862792604496873 0.16808165308968717 0.11556026549790205 0.09111182895721943 0.079501088190188 0.07429258011496066 0.07016927770567252 0.055937007840194036 0.0003554578844635116 -0.14256971448001804 -0.33987344229392547 -0.4975133882693461 -0.6003353680468102 -0.6682204199745264 -0.7159645923685268 -0.7518932271828735 -0.780589536161657 -0.8046305363302625 -0.825514773101996 -0.8441457272442088 -0.861087022924101 -0.8767010692355824 -0.891227028585835 -0.9048263015489421 -0.9176100786564344 -0.9296566893950612 -0.9410229775545049 -0.951752079590527 -0.9618789710062705 -0.9714345772303009 -0.9804489170231588 -0.9889535538617411 -0.9969835179796984 -1.004578797984706 -1.011785470649108 -1.018656532398037 -1.0252525131913781 -1.0316419979781848 -1.0379022627053744 -1.0441203784049806 -1.050395402981368 -1.0568427855209221 -1.0636031169675988 -1.0708594933313267 -1.07887255272965 -1.0880538215089937 -1.099128384840165 -1.1135262075486674 -1.1344333651794114 -1.1700763449287397 -1.2464456326318365 -1.475924453004645 -2.7135910559126635 -19.055942915458985 -25.432397645783816 -19.053161213336363 -2.7125434842554093 -1.475248226301016 -1.2459073087963908 -1.1696454775964835 -1.13410866688017 -1.1133118197314034 -1.099028288970381 -1.0880699788641142 -1.079004147077037 -1.0711026195925462 -1.0639507124018617 -1.0572847283345843 -1.0509187440381993 -1.04470968540439 -1.0385400593784841 -1.0323092810698913 -1.0259293285111108 -1.019322589705904 -1.012420775903681 -1.0051642808256027 -0.9975016326202216 -0.9893888322494371 -0.9807884552287724 -0.9716684384153657 -0.9620004915195144 -0.9517580687454091 -0.9409138054361115 -0.9294362617305437 -0.9172857021428077 -0.9044084474566612 -0.8907290072971216 -0.8761386330085956 -0.8604779202123853 -0.8435092398819376 -0.8248712809736853 -0.8040011798356972 -0.7799960995918437 -0.7513584830658786 -0.7155136063814294 -0.6678838329262958 -0.600156048878849 -0.4975523367125775 -0.3401716977222002 -0.1430065782765957 4.542836094818572e-6 0.055730966327192606 0.07006036834986067 0.07423576697176729 0.07948454027997914 0.09110961377953739 0.11556508590578188 0.16808716642050753 0.28862180234732104 0.5188319296076608 0.6263111615072877 0.5964948983018314 0.5550497789874531 0.5309722817428044 0.5183161363997152 0.512057724638229 0.5095910840397598 0.5095711279578755 0.5112612444105762 0.5142299983510421 0.5182073726175223 0.5230129152092937 0.5285178193232823 0.5346239380480639 0.541251719107936 0.5483330708178338 0.5558070691399162 0.5636173559605845 0.5717105673248093 0.5800353955109557 0.5885420395140493 0.5971818882612071 0.6059073367809316 0.6146716721221942 0.62342899112471 0.6321341295673568 0.6407425951153208 0.6492105052317694 0.6574945372649349 0.6655519012952853 0.6733403476479957 0.6808182202330189 0.6879445651222897 0.6946793002121261 0.7009834480510133 0.7068194294171957 0.7121514108725965 0.7169456955116132 0.7211711425892107 0.7247995993630295 0.7278063268748489 0.7301704009994419 0.7318750708539021 0.7329080582995475
0.7265598671005014 0.7261956827446158 0.725168855066979 0.723487611910882 0.7211649974893192 0.7182186035053817 0.7146702187939991 0.7105454134768242 0.7058730764714343 0.7006849271330484 0.695015022457492 0.6888992808102062 0.6823750414966963 0.6754806765281635 0.6682552672899891 0.6607383542311052 0.6529697628877904 0.6449895046342791 0.6368377461727601 0.6285548378946856 0.6201813889403313 0.6117583756387034 0.603327270940708 0.5949301854443493 0.5866100163540924 0.5784106089818621 0.570376947820733 0.5625554113090299 0.5549941484217624 0.547743670484414 0.5408578047898286 0.5343952408945287 0.5284220409187084 0.523015729157789 0.5182720191543971 0.5143160738076618 0.5113218445640171 0.5095464181160265 0.5093934568248127 0.5115350175177915 0.5171498289229158 0.5283498226554608 0.548396161151184 0.5762215121088482 0.587288003100898 0.5143509762597485 0.2946584078519935 0.17108185004560097 0.11651221636579467 0.09103361368359494 0.0789681865717678 0.07399712619061409 0.07220770419279302 0.06742157591722195 0.04158510551012582 -0.04664667467528732 -0.21812743698038398 -0.3934847291314473 -0.5135165119176128 -0.5903865792963346 -0.6423510139545942 -0.6799290411612422 -0.7088711648368047 -0.7324023356357292 -0.7523907543899989 -0.7699559433428931 -0.7857905577618687 -0.8003350096690314 -0.813875250559503 -0.8265995084039823 -0.8386325067200766 -0.8500569858748149 -0.8609278675777363 -0.8712820371989902 -0.8811454336654395 -0.8905384180738861 -0.8994799811962777 -0.9079911114315592 -0.9160975064547984 -0.923831735807473 -0.9312349271703586 -0.9383580454751512 -0.9452628591831445 -0.952022746117638 -0.9587235969983203 -0.9654652615800046 -0.9723643206523843 -0.9795596091778666 -0.9872232005252433 -0.9955822856399369 -1.004963532955757 -1.0158864469893742 -1.0292717055686968 -1.0469461475988928 -1.073012647151524 -1.118185834438726 -1.2168848929734255 -1.5214341120533794 -3.1995001598964206 -19.73760217416341 -23.420220034227704 -19.74113590067683 -3.201535092527244 -1.5229404858287392 -1.2181608896884164 -1.119237982795814 -1.0738197248292816 -1.0474871219391884 -1.029531233317948 -1.0158566253203827 -1.0046446166929015 -0.9949829231575225 -0.986360329435021 -0.9784580583551279 -0.9710561440547284 -0.9639888282094605 -0.9571224663619315 -0.9503443649110248 -0.9435571213262144 -0.9366757625547921 -0.92962626033159 -0.9223446415968669 -0.9147762490869705 -0.9068748917303195 -0.8986017280715017 -0.8899237825703227 -0.8808120178738509 -0.8712388816211136 -0.861175210879776 -0.8505863006210937 -0.8394268041663144 -0.8276338944928117 -0.8151177037794278 -0.801747338393776 -0.7873294773174401 -0.7715741858725083 -0.7540380729866636 -0.7340261552030322 -0.7104163789580322 -0.6813358411080968 -0.643548157595173 -0.5912745631313551 -0.5139355783141494 -0.39321477210874195 -0.21714797560797006 -0.0454600047447646 0.042510106534781114 0.06802883250011166 0.07259585727528971 0.07425474688036104 0.07910876955082348 0.09112727833481547 0.11657958508513025 0.17113763645870242 0.29469809366089944 0.5140917178272314 0.5859877856163911 0.5762452868068627 0.5483663300505628 0.5282994227307416 0.5170847843893219 0.511456446013737 0.5093022082275509 0.5094437320302582 0.5112094324818768 0.5141961100644662 0.5181471149431751 0.5228888992748979 0.5282966625320198 0.5342750025366121 0.5407466441185094 0.5476457000901989 0.5549135694796692 0.5624964155394886 0.5703436089545213 0.5784067657062151 0.5866391492452123 0.5949952913451725 0.6034307388671438 0.6119018686885972 0.6203657371947215 0.628779947439745 0.6371025290584095 0.6452918344153658 0.6533064595389994 0.6611052013558398 0.6686470633016967 0.6758913202384722 0.6827976510577545 0.6893263434952838 0.6954385714641559 0.7010967402121218 0.7062648902325156 0.7109091463263695 0.7149981949864453 0.7185037705699835 0.7214011294398319 0.7236694909964875 0.7252924256585664 0.7262581718296508
0.7192549650909441 0.7188577767524662 0.7178187426513191 0.7161471401130908 0.7138570643379364 0.7109671108739526 0.7074999718887132 0.7034819644681962 0.6989425122480513 0.6939136035675266 0.6884292498675658 0.6825249675172131 0.6762373040516907 0.6696034267401108 0.6626607871567105 0.6554468704740055 0.6479990330586208 0.6403544265312715 0.6325500017087266 0.6246225818547545 0.6166089917900306 0.6085462281953612 0.6004716571905712 0.5924232278365884 0.5844396958368916 0.5765608596898543 0.5688278233941524 0.5612833164062014 0.5539721244332658 0.5469417182638212 0.5402432178222192 0.5339329072341337 0.528074646038621 0.5227437429724656 0.5180332533126812 0.5140643902004518 0.5110041319172962 0.5090958249152833 0.5087138782843778 0.510463058636409 0.5153513401828538 0.5249962310803674 0.5409680626378521 0.5558339091408594 0.5490316208183609 0.5152473985745148 0.3071038496326115 0.177587067164483 0.11939524572918947 0.09208359250318354 0.07900765744458828 0.07356093285417109 0.07247306933831525 0.07223414064147864 0.06359247768249143 0.020132597706638618 -0.10007351456634125 -0.2775426168898509 -0.4225997638289638 -0.5142264876762555 -0.5731193861428814 -0.6138320969767891 -0.6439336395648411 -0.6675475240092037 -0.6870370990456097 -0.7038080937471641 -0.7187226522170621 -0.7323227487942116 -0.7449549063786662 -0.7568422703491452 -0.768127880593381 -0.7789017846437819 -0.7892188509469988 -0.7991110831478125 -0.808596578622217 -0.8176863524819934 -0.8263897243592401 -0.8347186639251599 -0.8426913179711264 -0.8503348486703952 -0.8576876705108465 -0.8648011712572491 -0.8717410351911439 -0.8785883613986658 -0.8854409052637214 -0.8924150101883271 -0.8996492307152525 -0.9073114758027798 -0.9156131637006629 -0.9248374241920121 -0.9353964341273892 -0.947952646937904 -0.9636910934695924 -0.9849851153681333 -1.0172225525258056 -1.0746686930854306 -1.2039788396596132 -1.6154493790546327 -3.8523300220978856 -19.6564794625523 -21.56104486741102 -19.664294641635575 -3.8584403802270097 -1.6194467570516349 -1.2072364377781948 -1.0773330036801587 -1.0192764706025075 -0.9863899415920167 -0.9644148433677981 -0.9479783960137194 -0.9347254480503205 -0.9234902835486241 -0.9136297667498875 -0.9047502186837497 -0.8965855003809104 -0.8889390804188256 -0.881655320713242 -0.8746049011124875 -0.867677357530069 -0.8607772512974406 -0.8538221479853075 -0.8467414071707788 -0.8394752150250433 -0.8319735259079366 -0.8241947102165136 -0.816103776643808 -0.8076700664329272 -0.7988643123420863 -0.7896549111520991 -0.7800031634329296 -0.7698570600135584 -0.759142891473547 -0.7477534291125828 -0.7355304963015911 -0.7222380726700645 -0.7075189734713111 -0.690822264726705 -0.6712771394650486 -0.6474661982773767 -0.6170038405749537 -0.5757168804052615 -0.5159291201229712 -0.42292977662949016 -0.27615900057331744 -0.09763472750232034 0.022390434795388398 0.06518543499188117 0.07327205609646789 0.07315795445074028 0.07393231665201569 0.07924610579376262 0.09224256803474484 0.11951171447003132 0.17769150435397052 0.3071865421612996 0.5145225258152103 0.5470183637068475 0.55592513974766 0.540927007119685 0.5248968257797847 0.5152097057304461 0.5102838886113604 0.5085005566650688 0.5088522143858494 0.5107349539993118 0.5137753091399071 0.517730871908165 0.5224355555436091 0.527768958815984 0.5336387281596158 0.539970115721017 0.5466996512467492 0.5537712381291 0.5611337136690228 0.5687393084580994 0.5765426614676235 0.5845001766872409 0.5925695858808497 0.6007096317699113 0.6088798195438846 0.6170402066847758 0.6251512174826253 0.6331734796390174 0.6410676877355618 0.6487945031807245 0.6563145022963994 0.663588184361612 0.6705760497830415 0.6772387555444797 0.6835373510286864 0.6894335926445274 0.6948903308037568 0.6998719579318375 0.7043449020086484 0.708278146601776 0.7116437559642144 0.7144173824130032 0.7165787333877479 0.7181119767363311 0.7190060652580019
0.7113324520981956 0.7109074456564861 0.7098653307218195 0.7082162081459852 0.7059749025733548 0.7031606076534892 0.6997964432110564 0.6959089442118983 0.6915275045136937 0.6866838002358076 0.681411218018533 0.67574431257805 0.6697183156465063 0.6633687150274639 0.6567309177219266 0.6498400063826764 0.6427305922227734 0.6354367626807095 0.6279921166059066 0.6204298759126738 0.6127830596081649 0.605084704701984 0.5973681191649597 0.5896671544397984 0.5820164905101204 0.5744519338788336 0.5670107404902549 0.5597319911161258 0.552657068599115 0.5458303178796777 0.5393000162487478 0.533119853912961 0.5273512422507678 0.522066965131006 0.517357033680844 0.5133382242973898 0.5101699121598622 0.5080808750764586 0.5074152439423675 0.5087097840839484 0.5128049534527713 0.5208540350565851 0.5329478792897638 0.5365195872871859 0.5100548709206331 0.5187719963810662 0.3268776608136441 0.188333716712655 0.12458522063944708 0.09448243225432217 0.07982111100597211 0.07338166487551867 0.07195796274948812 0.07323282091019799 0.07288162260307166 0.057322590220000996 -0.006784869158914773 -0.14999329565001213 -0.3182284139076109 -0.4363543306020812 -0.5077984295549639 -0.554030713405539 -0.5865665298233133 -0.6110520339332298 -0.6305576313486555 -0.646873795424585 -0.6610867762657587 -0.6738724810615645 -0.6856578395493911 -0.6967134744547814 -0.7072090687242097 -0.7172478687007109 -0.7268892166524039 -0.7361640322693924 -0.7450860099934242 -0.7536601048019991 -0.7618892028693497 -0.7697794869459018 -0.777344785806947 -0.7846100786275063 -0.791614272539428 -0.7984123681842127 -0.8050771705899487 -0.8117007973404978 -0.818396410246567 -0.8253009069928654 -0.8325798778279022 -0.8404372241112515 -0.8491340453013257 -0.8590261426974856 -0.8706403384475088 -0.8848365420956142 -0.9031743912531887 -0.9288184116615722 -0.9690514463364044 -1.043456943586107 -1.21710869477548 -1.7830505342195144 -4.583162198128823 -19.292869949303093 -19.814803015787113 -19.302960210634918 -4.594234388873489 -1.7899482333386234 -1.2224925881907487 -1.0478155516109622 -0.9724241276184594 -0.9311658612681925 -0.9044545585774566 -0.885025929094475 -0.8697415305225259 -0.8570705568560129 -0.8461823639835878 -0.836578337240465 -0.8279286762891025 -0.8199951238704947 -0.8125926657802678 -0.805570000011159 -0.7987994350337451 -0.7921716206356118 -0.7855927215581832 -0.7789827316227069 -0.7722741884464163 -0.7654108533619606 -0.7583460893719814 -0.7510407597569758 -0.7434605073280551 -0.7355722675073249 -0.7273398125556672 -0.7187180027135552 -0.709645196648228 -0.7000328808610908 -0.6897508915047371 -0.6786053842754879 -0.6663045048080151 -0.6524026224459674 -0.6362061746148269 -0.6166085677776061 -0.5917876146913683 -0.5586103188910247 -0.5112990798664611 -0.43811427408973425 -0.3175445439124828 -0.147178850579364 -0.0034901665600629737 0.059931815959259484 0.07467572058894016 0.07444393173828338 0.07263444878596646 0.07381887469482054 0.08010927383364938 0.09468120872735922 0.1247405189980436 0.18848805899883253 0.32699317038902015 0.5171676615827756 0.5082902161990059 0.5366914166370623 0.5329020830899612 0.5207105393825149 0.512590759223313 0.508433470362913 0.5070829027262063 0.5076991029193486 0.5097465033993915 0.512882347749972 0.5168792475660057 0.5215791544931577 0.526866501183695 0.5326523187103661 0.5388646507977826 0.5454426518022517 0.5523328892461836 0.5594869919216607 0.56686013031253 0.5744100141199107 0.5820962097898346 0.5898796528700941 0.5977222771741606 0.6055867130938766 0.613436029201529 0.6212335057060627 0.6289424388520287 0.6365259819470434 0.6439470327962153 0.6511681788398489 0.6581517110536987 0.6648597155155409 0.6712542485264863 0.6772975966798316 0.6829526188749357 0.6881831620347008 0.6929545378246227 0.6972340434316202 0.7009915059645689 0.704199828012136 0.7068355105632176 0.7088791298303545 0.710315745900457 0.7111352239133522
0.7027829605206466 0.7023374253020678 0.7013037121685877 0.6996924536900214 0.6975188043298531 0.6948020623877329 0.6915652052627899 0.6878343588487327 0.68363822476933 0.6790074910338255 0.6739742519605653 0.6685714621069101 0.6628324464799638 0.6567904858019107 0.6504784906083952 0.6439287731658991 0.6371729201718555 0.630241764053062 0.6231654455267528 0.6159735560815438 0.6086953461100463 0.6013599831194659 0.5939968448372004 0.5866358346518168 0.5793077114752706 0.5720444336743276 0.564879527318344 0.5578485037159929 0.550989371718559 0.5443433193923974 0.5379556826354925 0.5318773842603322 0.5261671322591526 0.520894839996215 0.5161470265056723 0.5120354664340321 0.5087112418621121 0.506387796862984 0.505378473057709 0.5061533608013328 0.5093960452893607 0.5158539534210353 0.524467177896931 0.5192571994595023 0.4712243929390552 0.5202262967036887 0.35500057543885327 0.204429270330704 0.1326473666928734 0.09853522997386734 0.08162883919496089 0.0737066598009465 0.0712631462027123 0.07233910933149301 0.07499102190823133 0.07309522442088677 0.04874192853611404 -0.034456633674420326 -0.18991667372956547 -0.3447747488014249 -0.4430401477724317 -0.500406320763334 -0.5374971363149587 -0.5639057355929717 -0.5840569778822183 -0.6003153389242153 -0.6140679118087977 -0.6261654600351562 -0.6371404315552782 -0.647327563323256 -0.6569349602944662 -0.666088035728169 -0.6748579662491262 -0.683281041364875 -0.6913724909947438 -0.6991368323785817 -0.7065759071483655 -0.7136952815518519 -0.7205094001194672 -0.7270457304746987 -0.7333480687915149 -0.7394791702285024 -0.7455229217500363 -0.7515863980578459 -0.757802370171066 -0.7643332513569855 -0.7713782345700396 -0.779186869492758 -0.7880853781894586 -0.7985286119466699 -0.8112057941435808 -0.8272660947895704 -0.8488329839423847 -0.8802870666530509 -0.9318671308446488 -1.0314773353326345 -1.272007715900215 -2.0469986370805118 -5.096559285371084 -18.913645824748816 -18.14385963877278 -18.92451385802062 -5.111879074095714 -2.0574282546467475 -1.279728966060814 -1.0376021599350802 -0.9366026590666431 -0.8836317968386211 -0.8507498507619131 -0.8277311076577486 -0.810224587756643 -0.7961425253384288 -0.7843730574738056 -0.7742633618434035 -0.7653923494943312 -0.757463579502857 -0.7502522233334957 -0.7435778972487506 -0.7372904555060177 -0.7312624492066566 -0.7253850070015411 -0.7195653827705997 -0.7137251792728248 -0.7077986648889922 -0.7017308230412075 -0.6954748913442246 -0.6889891950593279 -0.6822330698567757 -0.6751615963608832 -0.6677187112007096 -0.6598279696261438 -0.6513797242616651 -0.6422125880692025 -0.632085453045633 -0.6206334184635862 -0.6072954290095722 -0.5911900267049401 -0.5708885485745726 -0.543953974538257 -0.5058167911018141 -0.4466225333911279 -0.34555797869720645 -0.18772380345565687 -0.030849483225922333 0.05205303023050282 0.07555732795971733 0.07672603656038023 0.07359666082813526 0.07192648287339583 0.0741494087412313 0.08193113486175224 0.09875511938644316 0.13283605027780596 0.20463843725604147 0.3551196328641727 0.5167416659949524 0.4702080183148533 0.5195052415089817 0.524419443714131 0.5156719275062427 0.5091161682352161 0.5057878465855005 0.5049360355427761 0.5058776784744518 0.5081441775789726 0.5114239360853565 0.5155052808634482 0.5202388201006005 0.5255143151799988 0.531246564885992 0.5373666939740498 0.5438166922067877 0.5505459349192688 0.5575089285134892 0.5646638208599328 0.5719713908418229 0.5793943370445783 0.5868967515174562 0.5944437074048586 0.6020009177854173 0.6095344427043045 0.6170104351204475 0.6243949256772809 0.6316536521869103 0.6387519431449811 0.6456546656830449 0.6523262475666176 0.6587307808995128 0.6648322116097234 0.6705946148107487 0.6759825514702607 0.6809614971455875 0.685498329086431 0.6895618540316428 0.6931233560438017 0.6961571414352643 0.6986410571865201 0.7005569593669619 0.7018911097960487 0.7026344818915622
0.6936037788886211 0.6931468254455264 0.6921349658232576 0.6905790157349374 0.688493993249013 0.6858987335875211 0.6828154222406069 0.6792690671908833 0.6752869338387095 0.6708979678176201 0.6661322310312607 0.661020374986988 0.655593172995385 0.6498811290016102 0.6439141763236413 0.6377214742719761 0.631331305287456 0.6247710699432221 0.6180673724436003 0.6112461854227882 0.6043330801025548 0.5973535067936304 0.5903331111167716 0.5832980738111443 0.5762754664388106 0.5692936224691447 0.5623825328790171 0.5555742892140122 0.5489036158847476 0.5424085601538058 0.5361314471065733 0.5301202661756551 0.5244307484311292 0.5191295440010222 0.5142991561385781 0.5100456970296199 0.5065111830330652 0.5038929911940322 0.5024736136538266 0.502659602113067 0.5049945336100832 0.5098992983929669 0.5155609847062341 0.504581168603416 0.43589185490379084 0.5122903602126642 0.3921131938888083 0.22752042536620617 0.1444490220344088 0.10468927577791082 0.08470539018826027 0.0747921864734349 0.07084311251756194 0.07094956679336314 0.07361609207092658 0.07672551021235777 0.07243734049023007 0.0396366081373091 -0.057465750312041194 -0.21821766582787774 -0.3634578615281474 -0.4493703394644544 -0.49711269068432806 -0.5273567827679999 -0.548916823697138 -0.5655084385224576 -0.5790090379090953 -0.5905015080545398 -0.6006494892460905 -0.6098680183504144 -0.6184159247586138 -0.6264511280857389 -0.6340659075842918 -0.641310588469931 -0.6482102297633184 -0.6547769123328449 -0.6610191301043773 -0.6669491644474934 -0.6725889675534067 -0.6779748880087342 -0.6831614855361869 -0.6882246754981273 -0.6932645140572476 -0.698408101192427 -0.7038133937396198 -0.7096753018907397 -0.716236537976385 -0.7238078381914866 -0.7328066210322893 -0.7438328526733313 -0.7578234866711249 -0.7763834412672461 -0.8025454217791272 -0.8426760040235522 -0.911818544735937 -1.0507817463544882 -1.3881978020939034 -2.3586048478129413 -5.098812265281817 -18.53611150201752 -16.51087771561596 -18.546517771939577 -5.115197940885395 -2.3729721467574523 -1.3987143813570762 -1.0588533754371365 -0.9179963852503414 -0.8470827995024471 -0.8051857333676745 -0.7772486627595477 -0.7569286220523258 -0.7412302947791135 -0.7285907884546308 -0.7181153290824439 -0.7092435885640461 -0.701593367121628 -0.6948833199860786 -0.6888932348330146 -0.6834430447541746 -0.6783814977737507 -0.673579854792286 -0.6689281392521788 -0.6643325528978156 -0.6597132474264656 -0.6550019512148156 -0.6501391110652579 -0.645070273774126 -0.6397414211162159 -0.6340928791874767 -0.6280512222916025 -0.621518222985587 -0.6143552499719033 -0.6063603640157773 -0.5972332543779362 -0.5865190192137728 -0.5735125061849771 -0.5570792615339993 -0.5352603417569235 -0.5041860138713828 -0.4547580490138822 -0.3660163967789161 -0.21735533947999786 -0.05437149764221017 0.04307036393688019 0.07526245196584307 0.07884588357337284 0.07522428875224618 0.07181643617446222 0.07143636193222211 0.07520264434007967 0.08499870948758088 0.10491933508095866 0.1446717299908988 0.2277923988480527 0.3921603028746113 0.5036126436797206 0.4357153204760768 0.5048826102323638 0.5155105097591854 0.5096848237202268 0.5046585888278338 0.5022172535309606 0.5019358506832902 0.5032714092477092 0.5058191237878937 0.5092985447296474 0.5135143630051688 0.5183265289629001 0.5236307097774069 0.5293459200497037 0.5354066948587111 0.5417580853342627 0.5483524122710792 0.5551471231178513 0.5621033460232729 0.5691848853066516 0.5763574960276459 0.5835883345294822 0.5908455206475772 0.5980977733307026 0.6053140992230737 0.6124635262809188 0.6195148824509344 0.6264366250500332 0.6331967287905562 0.6397626415684976 0.6461013158873758 0.6521793216743941 0.6579630431789195 0.6634189584270698 0.6685139957237821 0.6732159572886149 0.6774939960484204 0.6813191280931723 0.6846647606196503 0.6875072132753483 0.6898262101806176 0.691605320346518 0.6928323257937232 0.693499499497132
0.6838002219054322 0.6833423993737223 0.6823672975107571 0.6808855223156296 0.6789114384527628 0.6764627946595565 0.6735602762605235 0.6702270046679122 0.6664880061864604 0.662369673841787 0.6578992458899828 0.6531043232741371 0.6480124458569109 0.6426507435158887 0.6370456738411785 0.6312228533096174 0.625206983716925 0.6190218708394764 0.6126905281379508 0.6062353546581161 0.5996783743371983 0.5930415226243531 0.5863469673222067 0.5796174526150748 0.5728766596564736 0.5661495836771618 0.5594629362592196 0.5528455942858242 0.5463291337305782 0.5399485106542803 0.5337429863701498 0.5277574457795495 0.5220443382382356 0.5166665968601423 0.5117020938400811 0.5072505032906391 0.5034438937076166 0.5004628243835361 0.4985591949821084 0.49808047037874326 0.4994511065787688 0.5028545618019447 0.506128060474473 0.49238444926341546 0.4093040791497674 0.48503426544839756 0.437059539276222 0.2599820539842633 0.16134429284297774 0.11362886904388331 0.08943239247371185 0.07691262817969005 0.07103253859786618 0.06952268391467777 0.07120948451608695 0.07468416772794575 0.07767205734579305 0.07114070518901454 0.03274095486396655 -0.07138226665905363 -0.23515338536863228 -0.3792382717787386 -0.4608335676277668 -0.5026132419186163 -0.5274117883193224 -0.5446756733028509 -0.5579188099403147 -0.5686958825292084 -0.5778414741222747 -0.5858548346520214 -0.5930467666100748 -0.5996114666481192 -0.6056685295987619 -0.6112902206170467 -0.6165203698227028 -0.6213880921340231 -0.6259181251996724 -0.630138846993531 -0.6340886317627876 -0.637820985539891 -0.6414088086332465 -0.6449481350726428 -0.6485618043983266 -0.6524037616582055 -0.6566651450893637 -0.6615841900032118 -0.6674636401701209 -0.6747026628060013 -0.6838571425632414 -0.6957573185430552 -0.7117467960229993 -0.7341937967234238 -0.7676554223600474 -0.8217243941692571 -0.9184842249582822 -1.1125982347595327 -1.53840926831697 -2.4703444835196735 -4.711310066994692 -17.98601815606349 -14.879000852527472 -17.99468696513934 -4.72591244306571 -2.4864153709611707 -1.5521297044614886 -1.1231532405486966 -0.9264282604775349 -0.827402683174877 -0.7711965378816188 -0.7356486556008448 -0.7111615374252892 -0.6932050171035024 -0.6794505710664297 -0.6685980173647792 -0.6598594217316333 -0.6527171404028113 -0.646804218018745 -0.6418427305929401 -0.6376109475932783 -0.6339253628434729 -0.6306305579504802 -0.6275931792895609 -0.6246979760312692 -0.621844714875113 -0.6189452487262495 -0.615920254553303 -0.6126952564655925 -0.6091955479226884 -0.6053395238698652 -0.6010297018906569 -0.5961402807668813 -0.5904992984260636 -0.5838619215817528 -0.5758679695855303 -0.5659673452574011 -0.5532652484812196 -0.5361173921889267 -0.5108452993562304 -0.4676934866227602 -0.38346705977696055 -0.2358776967494326 -0.06938961076395794 0.035691745745513904 0.07390502293599917 0.07993461947061002 0.07653019293481884 0.07219728823531663 0.07022255501941833 0.0715296074603124 0.07727134328574616 0.08970508528038555 0.1138662555025179 0.16160858474192719 0.26032351569760337 0.4368518608494289 0.4849789022483435 0.4098138981289125 0.49270379217427507 0.506071738802392 0.502614436657591 0.4990713652238793 0.4975778764246892 0.49794645063226106 0.4997533974831908 0.502653208030228 0.506396239200559 0.510804200164195 0.5157471675393988 0.5211273974012911 0.5268686535896138 0.5329092684446592 0.5391976116359688 0.5456890958336987 0.5523441640781237 0.5591269061141033 0.5660040783011266 0.572944382907971 0.579917914561565 0.5868957161962894 0.5938494102988545 0.600750887054087 0.6075720420348152 0.6142845631778684 0.6208597714725803 0.6272685217226754 0.6334811703581065 0.6394676163394113 0.6451974189119498 0.650639993145104 0.6557648807448666 0.660542089803108 0.6649424934953496 0.6689382742543959 0.6725033969382463 0.6756140922471057 0.6782493301203323 0.6803912625046067 0.6820256151952233 0.6831420103105863 0.6837342032724281
0.673386897836064 0.6729397261969552 0.6720171102975385 0.6706290247741555 0.6687886328652466 0.6665119410771483 0.6638173936415033 0.6607254247320559 0.6572579883712504 0.6534380870997504 0.6492893201243968 0.6448354704090377 0.6401001476197427 0.6351065005265897 0.6298770084317095 0.6244333568381535 0.6187963980818314 0.6129861936510373 0.6070221310356986 0.6009231054476715 0.5947077547946064 0.5883947358823758 0.5820030304951778 0.5755522725363492 0.569063091277475 0.5625574715568792 0.556059140120553 0.5495939980434057 0.5431906344288868 0.5368809774963819 0.5307011694919339 0.5246927966903744 0.5189046735860885 0.5133954848588714 0.5082377477671514 0.5035237885849426 0.49937470841023124 0.4959534199377107 0.4934816187921197 0.49225276548208463 0.4925943021420125 0.4945385660300996 0.4959195361564961 0.48188279939900325 0.39575886823826734 0.4304574812468699 0.483517367438698 0.3049524448531166 0.18547747832237815 0.1264389486783054 0.09638380876385097 0.08041802155265346 0.07212999018621186 0.06863103941672229 0.06854095793245371 0.07104427544022379 0.07506616974992782 0.07732942115335545 0.06981542321287396 0.030661801777714045 -0.07256174444487809 -0.23881374331179425 -0.39349076498538677 -0.48180124313150796 -0.5220966827469719 -0.542318831460053 -0.5550055365539526 -0.5643455226459595 -0.5717921887392932 -0.5779677558795959 -0.5832039739259147 -0.5877029861089457 -0.5915960871085633 -0.5949723436983828 -0.5978962505996929 -0.6004201676496328 -0.6025936712162545 -0.6044708497147072 -0.6061161687575607 -0.6076093651054372 -0.609049782223066 -0.6105606143392226 -0.6122937044632486 -0.6144359137351512 -0.6172187869716783 -0.6209345707912884 -0.6259641893867762 -0.6328277972144798 -0.6422786946733706 -0.655482581793225 -0.6743690122740349 -0.7023358926195269 -0.7456684651914604 -0.8162814338265524 -0.9362812072356272 -1.1435164289544437 -1.503707316368483 -2.2088396122663077 -4.26624533505955 -16.985271312271777 -13.214707442780554 -16.990952412325306 -4.27844084273348 -2.222172141259999 -1.5176840548888146 -1.1563807121706835 -0.9467418171006722 -0.8240114282311939 -0.750748446743239 -0.7049057298692785 -0.6745585457812328 -0.653424946471883 -0.6381295973513083 -0.6267765603891392 -0.6182372776830991 -0.6117940289559346 -0.6069574253375845 -0.6033704404998969 -0.6007565980209817 -0.598891291638721 -0.5975854795349798 -0.5966760612570862 -0.5960198244946151 -0.5954891980205356 -0.5949687651325968 -0.594351869332465 -0.5935368229405262 -0.5924222783412195 -0.5909012619595535 -0.5888531780058821 -0.5861326307086249 -0.5825526902974719 -0.5778563200372898 -0.5716554793912021 -0.5632625066490359 -0.551127150745671 -0.5308770311130453 -0.4896148353709941 -0.398968956322679 -0.24093459953524363 -0.07184172334028989 0.032749900663163675 0.0721603306311777 0.07949870729004006 0.07636765130404141 0.07202539545748343 0.06926778630742422 0.06916616094420282 0.07252600565344375 0.08071978264999535 0.09663425106616667 0.12668894153691 0.18579779585531592 0.30535399787922607 0.482624534369268 0.4303582838849882 0.3966678656584317 0.4821826798334584 0.4958540170728649 0.49428071018348163 0.4921855968542807 0.4917103858589924 0.4928192752721098 0.49518582082606766 0.49851867128476646 0.5025985067335144 0.5072647777519138 0.5123986021379514 0.5179096378399126 0.5237270379203933 0.5297933969843234 0.5360607113448489 0.5424876600466382 0.5490377464188045 0.5556779999844191 0.5623780439747001 0.5691094020996128 0.575844963295377 0.5825585534071209 0.5892245829561055 0.5958177542957942 0.6023128207210673 0.60868439639237 0.6149068196903038 0.6209540741941917 0.6267997720423719 0.6324172032176013 0.6377794527555258 0.6428595850882919 0.6476308921687943 0.652067198792827 0.6561432156000357 0.6598349274780196 0.6631200028349631 0.6659782073127027 0.6683918046119075 0.6703459267613237 0.6718288968409292 0.6728324885587349 0.6733521094968351
0.6623887765769001 0.6619642134459356 0.6611099175662285 0.6598347997918746 0.6581502660586613 0.6560699200468513 0.6536092220917711 0.6507851194073613 0.6476156641041693 0.6441196361950254 0.6403161882778705 0.6362245273068923 0.6318636465834147 0.6272521181546569 0.6224079523928594 0.6173485279114262 0.6120905912254042 0.606650322519245 0.6010434608748381 0.5952854804366549 0.5893918079053135 0.5833780716614869 0.5772603738627424 0.5710555792860004 0.5647816183117365 0.5584578065984336 0.5521051911501897 0.5457469419718688 0.5394088213503303 0.5331197808794512 0.5269127617988117 0.5208258120600335 0.5149036891983727 0.5092002017355078 0.5037816627123192 0.49873198965711285 0.4941601345644291 0.49021039484399576 0.48707457639816953 0.4849971021220206 0.48422891111547495 0.4847237561975784 0.4845590283165051 0.4717900653558837 0.3947214701020272 0.3570091557676937 0.5140462922868334 0.3654743725046925 0.22025148929090335 0.14489850534582419 0.10647486139461412 0.08581911896872171 0.07447415412027052 0.06861482795395851 0.06642083517086461 0.06697270544661205 0.06965684457900828 0.073524898899263 0.07534896897115273 0.06890376282976275 0.03491980592747108 -0.057534090950051464 -0.22141573472240128 -0.39911366334863635 -0.5135848310032033 -0.5625595104171199 -0.5801280300157675 -0.5871159553792737 -0.5908312189426048 -0.5933175829448474 -0.5950963485566274 -0.596306964478431 -0.5970064697660398 -0.5972415116486721 -0.5970642515171073 -0.5965357634139519 -0.5957271174056817 -0.5947201251525076 -0.5936078929197134 -0.5924950048206756 -0.5914971323041481 -0.590739864477726 -0.5903565449507878 -0.590484945080131 -0.5912628689058581 -0.5928237194713792 -0.5952957984884696 -0.5988163257420218 -0.6035881636622407 -0.6100410491300349 -0.6192071910823491 -0.633441609268075 -0.6575416957793654 -0.7003064468173824 -0.7774036854370687 -0.9194490403894581 -1.1992029507299593 -1.8435043408351242 -3.926149882940476 -15.305110286503767 -11.493237168405042 -15.30699710494294 -3.9362038164769326 -1.853251838785803 -1.208943283095554 -0.9292085786743193 -0.7869471705516907 -0.709118492152301 -0.6649090788373169 -0.6386817193271853 -0.6218869767328733 -0.6100348867054441 -0.601004022304743 -0.5938974683573849 -0.5883534013692934 -0.5842018658363324 -0.5813220271537419 -0.5795932501275088 -0.5788835579718714 -0.5790507374778552 -0.5799465688065986 -0.5814209633234276 -0.5833251616664379 -0.5855139515515649 -0.5878470986605708 -0.5901902222334676 -0.5924153372517094 -0.5944012722028428 -0.5960341195038393 -0.5972074971772461 -0.5978204306371849 -0.5977620615711937 -0.5968378051152535 -0.5944602996464827 -0.5884764234129543 -0.5713410299491885 -0.5217516691291014 -0.40515445686229645 -0.22435524489507833 -0.0578194255415278 0.03613741317784818 0.07072175068551857 0.0773861004116376 0.07456438312994841 0.07049875156540772 0.06763237843374735 0.06692917438141929 0.06900488073862043 0.0747779482147902 0.08606923620024569 0.10670992779805326 0.1451742251766167 0.22064623969258115 0.3658679085719503 0.5113722771814034 0.34695393296310956 0.3957113802769308 0.47204216674651933 0.48448276272929214 0.4844576288744584 0.4838084578397218 0.48443873553585626 0.4863922529340978 0.4894193267612732 0.4932777200958198 0.49777801626129126 0.502778264696939 0.5081716993567659 0.5138763444161578 0.519827509762804 0.5259726171156152 0.5322676714698884 0.538674844419534 0.5451607981370299 0.5516955008436245 0.5582513689233658 0.5648026274089784 0.5713248183999953 0.5777944124637493 0.5841884954924486 0.5904845151889506 0.5966600793707395 0.6026928033850723 0.6085602070007559 0.6142396624633684 0.6197083958531797 0.624943542834033 0.6299222588201746 0.6346218814885933 0.6390201415696122 0.6430954156661981 0.646827012626927 0.6501954832111123 0.6531829411344781 0.6557733825158438 0.6579529900687104 0.6597104085499643 0.6610369784353225 0.6619269163030741 0.6623774321615711
0.6508419444148015 0.6504518094022015 0.6496809939109094 0.6485369216457577 0.6470287032221029 0.645166904693588 0.6429632922262507 0.6404305642341221 0.6375820828541882 0.6344316170918871 0.6309931091443611 0.6272804742783273 0.6233074426717937 0.6190874491987854 0.6146335746144767 0.6099585386897977 0.6050747434727195 0.5999943623013735 0.5947294688108067 0.5892921988543522 0.5836949379442293 0.577950527509554 0.5720724844464574 0.5660752308258222 0.5599743340131695 0.5537867618760504 0.5475311637384663 0.5412281955961951 0.5349009187877197 0.5285753159958257 0.5222809895149743 0.5160521370077723 0.5099289445541229 0.5039596008694491 0.49820322475427536 0.492734100591218 0.4876476703363263 0.4830684569756566 0.4791584313136231 0.4761171699065079 0.47413578824897784 0.47314127360185165 0.4715857691128642 0.4606363188475284 0.4000927027571644 0.2920668967932484 0.49649986976083393 0.4402342799513067 0.27085601319410874 0.17201481143301792 0.12123969540208535 0.09393267553292413 0.07853926235244515 0.06980872437717606 0.06523428601950347 0.0635640071347307 0.06413829526423824 0.06649954079760964 0.06994150544362834 0.07256345786114377 0.06810521369307468 0.04502728051782115 -0.024454917612313977 -0.1684733919654973 -0.3688639649510795 -0.5420260945170811 -0.6325033149332264 -0.6610498985768102 -0.6639641858052986 -0.6598947134497525 -0.6549774591843397 -0.6506835416447547 -0.6472090911670279 -0.644535748517231 -0.64270266851056 -0.6418496348323492 -0.6421916748022974 -0.6439518084893243 -0.6472240622195009 -0.6516977499481097 -0.656140455318113 -0.6575891705123604 -0.650589536957493 -0.6278341225404819 -0.5841552005646856 -0.5224994050152169 -0.45473803657800715 -0.3945057486700588 -0.35029764244353706 -0.3247784765612959 -0.31761405081694005 -0.3282008302714113 -0.3575254452709752 -0.4099753674998348 -0.4967133080074509 -0.6445013196967068 -0.9239557821511649 -1.5666438245118 -3.682147634496371 -12.950292593432334 -9.705579643851262 -12.94938004173056 -3.689407118953356 -1.5736283991459235 -0.9304753981637629 -0.650495392933319 -0.5020996807924955 -0.4146804756056693 -0.36149612719039365 -0.3314042876763828 -0.32002754020727564 -0.32636466082697607 -0.3509586788893663 -0.39401753705464804 -0.45270605032569133 -0.5184451941235423 -0.5778028029231268 -0.6193834375711567 -0.6406528683700765 -0.6468884691570814 -0.6452950859586031 -0.6411837893102187 -0.6374088705771379 -0.6351315835152969 -0.6346131034996296 -0.6357184511606099 -0.6381850732546326 -0.6417570460445637 -0.6462521426157793 -0.6515882927490028 -0.6577410927289583 -0.6644676552352642 -0.6702243433539744 -0.6687062988348417 -0.6408571642931651 -0.5497338445254334 -0.3744236268334737 -0.17134161487000982 -0.02512421539370783 0.04577232188017129 0.06973176054057462 0.07324949165306438 0.07062991439540696 0.06711265098582925 0.06465395356771467 0.0639845197711983 0.06557227965188724 0.07008152725639161 0.07876780350621604 0.09414382527213708 0.12147321278258937 0.17233594695224858 0.2713346345654145 0.440384620360631 0.4871133710447111 0.29120574414115175 0.4009319726827102 0.4608272807074929 0.47150032861333835 0.4728780938359405 0.4737228433636069 0.4755692140140789 0.47848891792401826 0.4822923096646695 0.48678197529792866 0.4917982332022923 0.4972187786862229 0.5029502186756651 0.5089200762897709 0.5150707325455344 0.5213551235984286 0.5277337442183514 0.5341725634962232 0.5406415632416675 0.5471136985337044 0.5535641448563209 0.5599697412819205 0.5663085699649013 0.5725596328452356 0.5787026009094223 0.5847176207172244 0.5905851694900692 0.5962859540537172 0.6018008514114046 0.6071108898582201 0.6121972698467942 0.6170414234761176 0.6216251106213351 0.6259305485326172 0.6299405707694544 0.6336388097843958 0.6370098965580981 0.6400396696380453 0.6427153851454939 0.645025918979616 0.6469619522682698 0.6485161314007448 0.6496831947253981 0.650460058999994 0.6508458600929674
0.6387939225139898 0.638449304784773 0.6377756482684116 0.6367784960239024 0.6354641702893663 0.6338396229188503 0.6319122848212486 0.6296899209599314 0.6271804976064207 0.6243920681305042 0.621332682869072 0.6180103274636579 0.6144328925896043 0.6106081762651996 0.6065439182370851 0.6022478642942979 0.5977278568113311 0.5929919470083314 0.5880485235983343 0.582906452620102 0.5775752236384244 0.5720650988073815 0.5663872627228892 0.5605539736028238 0.5545787190530886 0.5484763835975424 0.5422634397314536 0.5359581806753808 0.5295810209876644 0.5231549029015014 0.5167058624318791 0.5102638328015259 0.5038637963363956 0.49754744304612464 0.49136555405302157 0.4853813867083043 0.4796753274491692 0.474350746491667 0.4695394455188033 0.46539912346800016 0.4620726815363968 0.45948959526917277 0.4564975918638835 0.44706828531903864 0.4039529426810639 0.27585111996944445 0.39908647614767545 0.5100608168522559 0.34378975588675614 0.2129651688277368 0.1433880117632882 0.10616881829017993 0.08509501073216238 0.07265979068128114 0.0652854562083348 0.06122589706935928 0.059498108228352116 0.05962799187197176 0.06131370479951062 0.06418753227814117 0.06731627404904611 0.06799227959663309 0.05746699486380909 0.022329961184777248 -0.06924758568208868 -0.2439330236678833 -0.4804704674413528 -0.6968394625235165 -0.8309683234837041 -0.8932810299421773 -0.922932304355265 -0.948856167499983 -0.9873282152829843 -1.048438468396858 -1.136371160103852 -1.234446041667653 -1.2684355552290585 -1.1122510290385448 -0.7583287413422759 -0.37480478168363596 -0.0823320685663671 0.10469214221554342 0.206923178034374 0.2478602862820229 0.25666794565773354 0.2076944617875637 0.16530192970884558 0.12492296619386302 0.07342263855912476 0.024650286299164242 -0.024049668870221558 -0.07517347438019516 -0.13242671294920258 -0.20214874704221833 -0.2966494540251392 -0.4432845945346727 -0.713866506185881 -1.3474001323934055 -3.453826660518888 -10.198599588898482 -7.86491434313251 -10.195757070642918 -3.4591100241695285 -1.3506884997878637 -0.7165057167670675 -0.44543238977271304 -0.2984729423459854 -0.20385541292698894 -0.1342918670799257 -0.07758713064434541 -0.0276380269654785 0.01867617099199935 0.06208539344293244 0.09792656588387705 0.1669576829870123 0.20973733400873526 0.1869403033549418 0.23049529542456315 0.2018084337610036 0.10483072938306327 -0.07887213860489602 -0.36854074252447944 -0.7496845334006781 -1.1029867814165892 -1.2609936848708803 -1.2294914165758832 -1.13343803972668 -1.0472148532928902 -0.9877782625363375 -0.9510473482772404 -0.9269012518968628 -0.898887823053298 -0.8376702063048772 -0.7035473239135579 -0.4859626996558827 -0.24756655402101735 -0.07100066703341026 0.022203907167075477 0.05881400539308222 0.06803488268073571 0.06759186143163542 0.0645471151974041 0.06168061040401346 0.059966441694778966 0.05979439829470823 0.06147829482584 0.06553717860868985 0.07285661417290137 0.0852666082422136 0.1063480307230906 0.14362408921515493 0.21333574958062437 0.34429319986419016 0.5093391801164895 0.398401179782798 0.27679889649487066 0.40456812873740716 0.4472024062353202 0.4564065496429778 0.4592422165042336 0.46168797168562725 0.4648896085520541 0.4689173839344243 0.47362996701195975 0.4788716790745495 0.4845127918017803 0.49045191727817206 0.49661048475584024 0.5029268277689372 0.5093514756505373 0.5158437106572811 0.5223691241507595 0.5288978963680848 0.535403583619007 0.5418622580269823 0.5482518923441341 0.5545519166725054 0.5607428975784976 0.5668063063363518 0.5727243539770945 0.5784798782124134 0.5840562721380784 0.5894374478454958 0.5946078297213566 0.5995523735580737 0.6042566077123535 0.6087066929767753 0.6128894974014591 0.6167926822999126 0.6204047954009304 0.6237153668019669 0.6267150035005582 0.6293954781328284 0.6317498077468326 0.6337723187161078 0.6354586943295879 0.6368060019876336 0.6378126978125975 0.6384786071118382 0.6388048799852215
0.6263034299299692 0.6260141061037165 0.6254490052635069 0.6246114469900799 0.6235045442925745 0.6221311492011758 0.6204938223059091 0.6185948274995102 0.6164361526117541 0.614019555579977 0.6113466349922942 0.6084189227887791 0.6052379959388828 0.6018056029851001 0.5981238007324421 0.5941950957317228 0.5900225851783966 0.5856100920890062 0.5809622902216427 0.5760848152824742 0.5709843605183343 0.5656687562689016 0.5601470353822403 0.5544294885636697 0.548527716319972 0.5424546871503708 0.536224815099754 0.5298540743651866 0.5233601743005785 0.5167628266243298 0.5100841481327159 0.5033492592411106 0.49658716233966593 0.4898320159218321 0.4831249576469612 0.47651665555427625 0.47007071848487436 0.46386860207260683 0.4580085964831656 0.45260972891567386 0.447773120001658 0.4434401206917615 0.43882221586395204 0.4300818873263894 0.4007410078208148 0.2992706069725192 0.2612218305111206 0.5151902463008275 0.4396297609970512 0.2761693302073582 0.17782221359025036 0.12505061767964523 0.09546910172976839 0.07790578821211586 0.06704112157641735 0.0602256673209023 0.05607450000292069 0.05384651398634879 0.05315389230667711 0.053801725456633864 0.056285940286112515 0.05989921670134715 0.06467547347146096 0.06939927890770825 0.0701921026253648 0.05481182491123821 0.010615895568281805 -0.08962746527487156 -0.25258039946850647 -0.44081653207044236 -0.5557868998270666 -0.42532843207526366 0.1343611938959909 1.068699010265991 1.9425545553440635 2.1825154276013126 1.7099053663361954 1.12302213419247 0.7142956181204589 0.46941126369603636 0.3242451876961804 0.23522742930333362 0.17807398690866694 0.1395687385231566 0.11232539044284512 0.09201841650465323 0.07594980016828352 0.06227975677208318 0.04957649164582542 0.03650268681633575 0.021521738393700376 0.00250688155790732 -0.023942921053915545 -0.06393365293590007 -0.1296973506002912 -0.24896247371397498 -0.4955162133770027 -1.114910139772899 -3.1383129584250815 -7.435447842400422 -6.009723237146417 -7.431809206921628 -3.1404579352142448 -1.1162810975675554 -0.4958374756024764 -0.24861746760906747 -0.1290275221007134 -0.06316491269346848 -0.023188904894539453 0.0032074018882770894 0.022168875102236883 0.03711314421868144 0.05017259706955198 0.0628849037166859 0.07658696746199403 0.09271008321444354 0.11309413912895622 0.14043827882366958 0.17907041827834685 0.2363803184764642 0.3255874007800697 0.47097680573479317 0.7161322284965012 1.125413694547707 1.7156655341333422 2.1861045201713467 1.9726555100078196 1.083797211661266 0.14669740565496045 -0.4171072211889689 -0.5516842804319758 -0.43955388053887434 -0.25283046592176306 -0.09025260108497907 0.010591652636646683 0.056395082400610114 0.06933102414340664 0.06898595138848901 0.06455212335871044 0.05994394884154927 0.05641787935399635 0.05432064770664512 0.05350685343438836 0.05411119710987661 0.056282445019615795 0.06039409046437823 0.06718330681748326 0.07803598283118678 0.09560698434288543 0.12522846632096657 0.17809642449840551 0.2766076852682797 0.43994715085376096 0.5117529073797915 0.25804700651319057 0.3002637091170507 0.4011275158810278 0.430162745480516 0.43873407271566517 0.44321917704021613 0.4474334775701343 0.45216162626406076 0.4574627294658974 0.46323721553477526 0.4693745360273073 0.4757645087245357 0.4823339444318595 0.48902073388229006 0.4957755144333744 0.5025582160008241 0.5093354634835289 0.5160787044840809 0.5227628843511026 0.5293655173750471 0.5358660408592133 0.5422453712814719 0.5484856058979872 0.554569830283203 0.5604820039082937 0.566206903608709 0.5717301100980299 0.5770380258521839 0.5821179149968609 0.5869579572228036 0.5915473086046217 0.5958761631263337 0.599935809236024 0.6037186764424006 0.6072183678074504 0.6104296749559961 0.6133485731946409 0.6159721953457121 0.6182987838773372 0.6203276220642233 0.6220589457282987 0.6234938380616672 0.6246341108977129 0.6254821761465275 0.626040911766697 0.6263135268005641
0.613439490783257 0.613213380704205 0.6127651969462319 0.6120957632637932 0.6112046606450083 0.6100902777083808 0.6087499109175949 0.607179910445712 0.6053758657510276 0.6033328236515332 0.60104553045987 0.5985086891066849 0.595717221585196 0.5926665271239101 0.5893527267441585 0.5857728856737068 0.5819252062380078 0.5778091855549532 0.5734257340023379 0.5687772530090336 0.563867672691007 0.5587024524425768 0.553288550033846 0.5476343668333582 0.5417496792528615 0.5356455684793175 0.5293343628931739 0.5228296103874339 0.5161461011565183 0.5092999667374078 0.502308888277076 0.49519245786129984 0.48797405134063676 0.48067647652622186 0.4733308818730496 0.46597365545276065 0.4586497922792707 0.45141541928463036 0.4443393218259132 0.4374989350926475 0.430955611024386 0.42465777067204785 0.4180890212880739 0.40896281906094173 0.3881941816142412 0.32348045926408375 0.1990582828058629 0.38127654783019227 0.5214451520308513 0.37139428684382997 0.23361988064137135 0.15550580627541918 0.11222053921227272 0.08688616459557719 0.07117132637427583 0.060968129376200025 0.05415324826650021 0.04958399067519957 0.046646245516082194 0.04505251983257857 0.04476857001630005 0.04602843965359674 0.04944516814772654 0.056272159481091516 0.068944812080386 0.09215669645856339 0.13484739567801873 0.21301214757043463 0.3492222234836302 0.5504640108142175 0.7430434354787104 0.770144052446472 0.6062206475141257 0.40090712363440334 0.25040559661126444 0.15877038577660943 0.10547328539439747 0.07408727721119888 0.05494596379983017 0.042762313853189064 0.03465047721405875 0.0289945188251466 0.02485354162427002 0.021651130256405728 0.019008906770835415 0.01665226358776397 0.01435109609319031 0.01187459926154705 0.008945230412855068 0.005175600411598317 -3.889584540481966e-5 -0.007730829677291849 -0.01982444503037762 -0.04027783828486767 -0.07825032404807207 -0.15797456787030895 -0.3528844515777522 -0.9137921903521706 -2.6622321940740954 -4.94849234992207 -4.2012717808241 -4.945343836481069 -2.6619567318808075 -0.913509760566105 -0.35223663202245925 -0.15728624953832535 -0.07765104209723246 -0.03977743437710984 -0.019399718212408948 -0.00735675931015076 0.00030466007654256916 0.005504039660843892 0.009270440249166678 0.01220592481458949 0.014695894979142785 0.017016159487322442 0.01939587161558295 0.022063491470259364 0.025291972481098494 0.02945803260998781 0.03513640391244184 0.04326617911293276 0.05546108735564083 0.07460369345217902 0.10597511435682776 0.15922994605762164 0.2507730894017032 0.4011100557484711 0.6062520537389425 0.7702811790391574 0.7436039163563696 0.5511722065356346 0.34967055949414894 0.2131725933574698 0.134880264770055 0.09217466547943237 0.06898879644474842 0.05634748655503474 0.04954441445125933 0.04614144261449041 0.044886273431481966 0.045168138976119016 0.04675540241454615 0.04968457319715054 0.05424533650219267 0.06105419978460515 0.07125700173840316 0.08698204954527941 0.11234626481691533 0.1556977865272271 0.2339356338811933 0.37180659946384065 0.520972087430221 0.3804984434436547 0.19956151094155572 0.324077234578635 0.3884145856838585 0.40900520352207104 0.418013250212029 0.4244817159953353 0.43068792830077096 0.43714703967733476 0.44391141453936367 0.4509210056691886 0.45809977614332414 0.4653802935748788 0.47270768120477563 0.48003805682890827 0.4873359786312669 0.4945723590352775 0.5017211051095976 0.5087615265637059 0.5156740605418316 0.5224407274105167 0.5290447336878983 0.535470232554684 0.5417022010010805 0.5477264034711061 0.5535294191296924 0.5590987147260877 0.5644227479111374 0.569491087898638 0.5742945415051026 0.5788252737871267 0.5830769133230821 0.5870446333877599 0.59072520162346 0.5941169921874102 0.5972199563692017 0.6000355494936227 0.6025666140697535 0.6048172211973908 0.6067924743442421 0.6084982814422384 0.6099411028897869 0.6111276843536355 0.6120647841884779 0.6127589057575515 0.6132160449223659 0.6134414625452089
0.6002798190228004 0.6001225061456601 0.5997958979987938 0.5992981383309631 0.5986250744979027 0.5977704177123716 0.5967259789829849 0.5954819707536549 0.59402736186464 0.5923502714258368 0.5904383860872073 0.5882793845975791 0.5858613535660189 0.5831731791774303 0.5802049010654777 0.5769480163798337 0.5733957247191587 0.5695431073566681 0.565387237464255 0.5609272211739876 0.556164172660417 0.5511011293760133 0.545742916414896 0.5400959710294653 0.5341681404788401 0.5279684674941624 0.5215069789792982 0.5147937378885197 0.5078422647553248 0.5006631218798234 0.4932688147793705 0.48567248492277004 0.4778881490466109 0.46993112721412295 0.46181871063163776 0.45357110973373055 0.4452126564781324 0.43677299860911567 0.4282872974157669 0.41979227821858767 0.4113084751821017 0.402778640433893 0.39386467803420666 0.3832653313440151 0.366324839643126 0.32687943270449904 0.22655345907421146 0.1880242035784374 0.4649814042089026 0.48363411735949147 0.3246545346028436 0.20727246310081104 0.14054150248661051 0.10229532994320846 0.0790726189350798 0.06409945722518534 0.05392640517370419 0.046715371146154615 0.04144995030277519 0.03757068371087949 0.03481118101404234 0.033142900272728024 0.03279636784721161 0.0343531506886314 0.03889409329887633 0.04807805422927122 0.0636244266303291 0.08491809542093767 0.10430674352612149 0.10732616872700376 0.08796566231081188 0.0585147839748241 0.03357982982635187 0.017706000240839972 0.00904998448972294 0.0047602067469474235 0.002806560571612847 0.002020273947701011 0.00178184337564977 0.0017727257586929723 0.0018290359207867486 0.001863088263306143 0.0018221795907938012 0.0016661731252963132 0.0013537671150895426 0.0008317195196363304 2.311187814337673e-5 -0.0011892483007036152 -0.0029900226143374075 -0.0056797930157800255 -0.00976717802441282 -0.016156152523122393 -0.02655837362332398 -0.04449297482823194 -0.07801130206343473 -0.14816852186458965 -0.3186177396189943 -0.7962272877799288 -2.0057392715853277 -2.876656656494993 -2.514978023883251 -2.8744459314133888 -2.0043464296238005 -0.7955571071551142 -0.31813054535822205 -0.1477984850376858 -0.07772269841748866 -0.044256655501094706 -0.026354695829674424 -0.015972448638141866 -0.009594966376334887 -0.005513001539806293 -0.002824037633760438 -0.001020469747270174 0.00019743209356237051 0.0010134941752756466 0.0015440308689819247 0.0018650342745904196 0.0020288016654335765 0.002075723652872452 0.0020451251383821444 0.001989069896111955 0.001994854468004615 0.0022263085818236272 0.0030023466924208875 0.004943379080608351 0.009219731375386425 0.017863712990342548 0.03372918244370465 0.05865942599071092 0.08810154376968304 0.10743174140633471 0.10435242428333433 0.08489902865752635 0.06356751283764589 0.04801580503855962 0.038846387044518704 0.034326677691456614 0.032790174169907094 0.03315298689839418 0.0348330218254605 0.03760035247873621 0.041484575741166534 0.046753361627073185 0.05396770378195774 0.06414604759542783 0.07912960805358116 0.1023732227247811 0.1406605651289238 0.20746711731580728 0.32494047908909096 0.4836918423016948 0.4619856737415306 0.1873862489646611 0.2271018811710208 0.3271513944026225 0.366433846389603 0.3832825408549386 0.39381086527690423 0.40266125172523587 0.4111321324283682 0.41956154758542247 0.42800744020786513 0.436450159201122 0.44485387776021934 0.4531842882174166 0.4614125246582587 0.4695149475495539 0.47747193325284043 0.4852666545597857 0.49288411355489287 0.5003104531988388 0.5075325075858068 0.5145375408839417 0.5213122249134298 0.5278464633631487 0.5341275291530834 0.5401441867440253 0.5458859118912951 0.5513431121368327 0.5565073615197964 0.5613716350060562 0.5659305282680118 0.5701804494268511 0.5741197702241517 0.5777489258307951 0.5810704543237049 0.5840889695336462 0.5868110636936663 0.5892451394272082 0.5914011738933951 0.5932904209831957 0.5949250605150691 0.5963178060270528 0.597481484909105 0.5984286063331004 0.5991709334296352 0.5997190763702731 0.6000821225512298 0.6002673188657349
0.5869084605160806 0.5868228016391527 0.586618180420214 0.5862899792618372 0.5858302501365256 0.5852279847584474 0.5844694848022582 0.5835388166551508 0.582418331923011 0.5810892326507004 0.579532158836967 0.5777277754908142 0.5756573369612833 0.5733032080967424 0.5706493238683539 0.5676815722753036 0.5643880891700193 0.5607594574838815 0.556788807684733 0.5524718207336256 0.5478030300599295 0.5427903634987956 0.5374325512750965 0.5317337617919329 0.5256995519445141 0.5193365021001376 0.5126518416106319 0.505653080245276 0.49834766022750143 0.4907426431167694 0.4828444455708194 0.4746586389496695 0.4661898289834267 0.4574416327668333 0.44841676746013714 0.4391172469320242 0.42954462246990194 0.41970002734962447 0.4095833002396488 0.3991891417231125 0.3884946015295269 0.37742170364053795 0.3657273759430816 0.35267171940292374 0.33597652189414173 0.30849338652981373 0.24955739797507343 0.14296720038148145 0.21803304148794517 0.4798851767640353 0.4459778590116885 0.2969149692116823 0.19136720263771567 0.12994057113238913 0.09370060730967289 0.0710557999011151 0.05598712940033326 0.04533891837434888 0.03738066367146182 0.03111722273103691 0.025954719628102283 0.02153330727616594 0.01763825628790737 0.014139546063523842 0.010913955695796979 0.007693683059924364 0.0038434520093547087 -0.001612612633982144 -0.00904499326724785 -0.016905270795299007 -0.02253466431951895 -0.024627865591479774 -0.023820345280179685 -0.021447223862487968 -0.01857298899907263 -0.015789975644320945 -0.013350117876217968 -0.011322377009497035 -0.009695056469298004 -0.008429541414044079 -0.00748540067774676 -0.006831259248507842 -0.0064495643403492085 -0.006339508783904659 -0.006520504969274237 -0.007038000979136302 -0.007973741020937692 -0.009463870665448569 -0.011731223396366716 -0.015144443742226656 -0.020330657634289536 -0.02840144762402214 -0.04143476909426762 -0.06357787022621253 -0.103768771572975 -0.18287192684178008 -0.35169542661611464 -0.7119846467793975 -1.2246633306611663 -1.2479726881830366 -1.0276355996351798 -1.2469126808572417 -1.223568074767822 -0.7114024906569495 -0.35138634713255057 -0.18267727228044353 -0.10362879398195865 -0.06346773259149036 -0.04134243467906858 -0.02832027381735189 -0.020256547090508253 -0.01507461955796813 -0.011663670838588814 -0.009397082746758656 -0.007906611384391278 -0.006969787731968508 -0.00645082454824596 -0.006268335787930918 -0.006377223135119948 -0.0067583989890989595 -0.007412950095031438 -0.008358643443086056 -0.009626986205086919 -0.011258449330264361 -0.01329159321689135 -0.0157379726094867 -0.018528411883829626 -0.0214107196247942 -0.023792343882971453 -0.024608857794277905 -0.022525901603914558 -0.016909422260829615 -0.009064806331594288 -0.0016469226241799945 0.003801432907993396 0.007652607540099388 0.010880011542138052 0.014115386317650913 0.017624032579833117 0.021527940371410967 0.0259567482230623 0.031125264267708015 0.03739366290984951 0.04535632872313349 0.05600913987369258 0.07108373108756387 0.09373765871610112 0.1299930986424411 0.19144552406390386 0.2970221050336019 0.44602029614910854 0.47937230515973045 0.21714467972898116 0.1431937039678422 0.24971965212694722 0.30856975062761804 0.33600863806694214 0.3526739235615078 0.3657042669951507 0.37737529567537986 0.3884264124804004 0.39910080373335727 0.4094767373677745 0.4195774983532063 0.4294087183897169 0.4389708717390772 0.4482631108038333 0.457284137265793 0.46603215228369693 0.4745046100001995 0.48269801417263625 0.4906078221302212 0.49822845975240465 0.50555343356893 0.5125755232285744 0.5192870384855592 0.525680126650728 0.5317471169755669 0.5374808885125868 0.5428752474551342 0.547925298948797 0.5526308104429214 0.5569844974596347 0.5609901268768726 0.5646510830899744 0.5679733092489612 0.5709653342194241 0.5736382030410395 0.5760053085029315 0.5780821254435122 0.5798858539138123 0.5814349812200157 0.5827487769636612 0.5838467383161531 0.5847480055599494 0.5854707697428686 0.5860316952417598 0.5864453800579916 0.5867238755870694 0.5868762855092586
0.5734127257083361 0.5733985715685495 0.5733117139637293 0.573144806016646 0.5728861954944238 0.5725202995424451 0.5720281009299013 0.5713877452197376 0.5705752144398899 0.5695650501371121 0.5683310972681613 0.566847201587779 0.5650875736113053 0.5630285867083932 0.5606482395727548 0.5579269247554812 0.5548477613117643 0.5513968046927786 0.5475631312916086 0.5433388001339445 0.5387186985314747 0.5337002825265984 0.5282832258233382 0.5224689931456046 0.5162603549154118 0.5096608602479511 0.5026742843906383 0.49530406495160406 0.48755273890512957 0.47942138973929366 0.4709091109734189 0.4620124895135742 0.4527251088142162 0.44303706761860484 0.4329345009485093 0.42239907004881394 0.41140733805394547 0.3999298264688838 0.38792924863215217 0.3753566767581656 0.36214252948799835 0.3481743839563597 0.3332403173363658 0.3168784989240953 0.297960579626829 0.2734995063335491 0.23538801662902437 0.16574838135405215 0.08082596402228988 0.2084964841138748 0.44283013908797586 0.4164703013986166 0.2830209659511572 0.1825294727110433 0.12178446174231418 0.0850746367273748 0.06166698950987035 0.045711887881602076 0.034045230759196105 0.02487419790819266 0.01710939014765754 0.010025857646876874 0.003087159697654683 -0.004135417904507076 -0.011953394615158743 -0.020421588804166543 -0.029056699336988304 -0.03663629573359643 -0.04158904772951299 -0.04301294204310035 -0.041290839374285834 -0.03763584259678906 -0.03326983350647604 -0.02900306650824535 -0.025231804594264218 -0.02208455462710048 -0.019555290645295376 -0.01758600454174266 -0.016109059911911784 -0.015066209006998125 -0.014416190547495319 -0.01413770351408021 -0.014231375209906194 -0.0147227857044659 -0.015668112522140454 -0.01716421458799955 -0.019365985825339094 -0.02251594385013047 -0.026995212753244294 -0.03341335943282478 -0.04277129841914583 -0.05676561311138267 -0.07837001512499574 -0.11294108534980078 -0.17012263177644354 -0.2655843194322957 -0.41234115509411307 -0.5568766074124161 -0.46068292004134426 -0.03711155080388784 0.19582337982792064 -0.03706989737047384 -0.4605001232834665 -0.5566165355698445 -0.41208695406898044 -0.2653786848279451 -0.16996892785283918 -0.11282906136965276 -0.07828885686218283 -0.05670700920688536 -0.042729402090651736 -0.0333841706785826 -0.026976003890850662 -0.022504823584871696 -0.019361583769010676 -0.017165455653093947 -0.01567405864540567 -0.014732530236648129 -0.014243980591669854 -0.0141521756760837 -0.014431484846839945 -0.015081262813642745 -0.016122847618590723 -0.017597611769061758 -0.01956400742809842 -0.022089992683143565 -0.02523405141467523 -0.02900289302791147 -0.03326895512674121 -0.0376371558102624 -0.041298366321336905 -0.04303095681418266 -0.04161997655078537 -0.036678277882332 -0.029103355584642047 -0.02046508520964277 -0.011988015962043401 -0.004158803803275754 0.003074802508465632 0.010022991693273052 0.017114000630808885 0.024884178389211354 0.03405843725527098 0.045725950856081735 0.06167884884175022 0.0850795882761829 0.12177426978364297 0.18248941999809254 0.2829324113077252 0.416365695650427 0.4429959622054892 0.20866073110214903 0.08079402699434717 0.16564819561626482 0.23531388588820626 0.2734506372226531 0.29793398548364886 0.316873054268186 0.33325531690954235 0.3482089870640463 0.36219561077355417 0.37542680046246235 0.3880146781482481 0.40002854381699016 0.41151706644184066 0.4225172981728743 0.4330585092496202 0.44316395732253716 0.4528518345698698 0.4621358964269063 0.47102597677771085 0.4795284725117525 0.4876468307185537 0.49538205127890045 0.5027332089581914 0.5096979944500338 0.5162732705322266 0.5224556365015862 0.52824199122024 0.5336300822860295 0.53861902665563 0.5432097864012501 0.5474055827269169 0.5512122312250133 0.5546383831189003 0.5576956590273823 0.5603986653426254 0.5627648871695792 0.5648144563064007 0.5665697978651583 0.5680542435579398 0.5692947813432516 0.5703172098707774 0.5711475670854371 0.5718110391898185 0.5723312205500217 0.5727293999261576 0.5730239013647607 0.5732295062397224 0.5733569803651374
0.5598786000037421 0.559932399210847 0.559954187848311 0.5599340217675738 0.5598567530561706 0.5597025049768978 0.5594472876290799 0.5590637281635428 0.5585218851715976 0.5577901139187866 0.556835948056422 0.5556269637946883 0.5541315943065107 0.5523198652836477 0.5501640266267075 0.5476390603372444 0.544723049975346 0.5413974029803259 0.5376469230196942 0.5334597347808839 0.5288270689020449 0.5237429188290397 0.5182035845635142 0.5122071204796523 0.5057527050672178 0.498839950186236 0.49146816571221436 0.48363559271287027 0.47533861457370913 0.466570950931847 0.4573228343054025 0.4475801633186895 0.4373236203901656 0.42652773334050853 0.41515984940330897 0.40317897038874206 0.390534360543165 0.37716376088956244 0.36299087628061516 0.34792142867385073 0.33183621981126926 0.3145776447448787 0.2959212210942825 0.2755113723091433 0.25270854084011024 0.22621037056336527 0.19311133467775304 0.14691565886144012 0.07775090967918617 0.012881512849932858 0.1175758790084535 0.3422225161505052 0.37641180335329905 0.27425195244349665 0.17698778441398455 0.11340816393426917 0.0738632112868664 0.048261503940236886 0.03048402934788895 0.017069066515289003 0.006002168410277318 -0.003953434986109302 -0.013569605496711417 -0.023237014487680282 -0.03288711881969189 -0.04186328981199102 -0.04899326716387819 -0.05310749733329713 -0.05377542918134548 -0.05157620399408051 -0.04766693210816487 -0.04316564344305924 -0.03883097346008948 -0.0350540063453746 -0.031976807605497024 -0.029609965703886947 -0.027910940929562568 -0.026827322052868675 -0.02631812162580662 -0.02636373452704611 -0.026971190394185843 -0.028178534091457017 -0.03006069985734904 -0.03273874023208197 -0.03639445852671586 -0.04129328706953836 -0.04781973282864183 -0.05653204676450415 -0.06824600028713548 -0.08416076219842411 -0.10603752666158621 -0.13641274348726787 -0.178699353411315 -0.2365730566812772 -0.31068667805345734 -0.3879086247312921 -0.41742161737982586 -0.2858104315516524 0.1473662135678505 0.7998881342578378 1.112323237344855 0.7993901629806175 0.14695520612161084 -0.2860254558998211 -0.4173796581153866 -0.38765015810299736 -0.31033395044926837 -0.23622308454438784 -0.17839827293354427 -0.13617356355808644 -0.10585818449989078 -0.08403402902489653 -0.06816377272321235 -0.056486861956617465 -0.04780509218920441 -0.041303534715097866 -0.03642453955103178 -0.032783974795564344 -0.030116624123972004 -0.028240821249754914 -0.027035646802287348 -0.026426358475430366 -0.026375208922450207 -0.02687560475000185 -0.027947751650191734 -0.029633430571700408 -0.031986082258517345 -0.035049572522919355 -0.03881498748542676 -0.04314224262361778 -0.04764223621766699 -0.05155754897017292 -0.053769409325836764 -0.0531171558165042 -0.04901616650398945 -0.041892435129270184 -0.032914356241630055 -0.023256242808147243 -0.013578012849844893 -0.0039511516399550455 0.006012840465165618 0.01708408346483336 0.03049734774745845 0.04826382559183767 0.07383918084028553 0.11333164915975416 0.17682030001020738 0.2739857999542021 0.3763004004328403 0.3432723356151956 0.11906884075907058 0.012705294999437934 0.07735387788546028 0.14660482310458633 0.19288949338682657 0.22606438789160635 0.25263307800584234 0.2755041577171544 0.2959802949500738 0.31470037244199 0.3320189993712644 0.34815964347243433 0.3632789320559421 0.3774951510364403 0.3909017411282142 0.40357423997038305 0.41557423398047005 0.42695187870262596 0.4377476946884792 0.44799397280372777 0.45771595481456145 0.46693287724578125 0.4756589288501671 0.4839041524296103 0.49167531015394844 0.4989767232128181 0.5058110902861007 0.5121802833293047 0.518086114183643 0.5235310611632961 0.5285189412922869 0.5330555114988689 0.5371489810984929 0.540810417927074 0.5440540319859062 0.546897323405898 0.5493610850130417 0.5514692548434097 0.5532486190730947 0.5547283717456268 0.5559395434578925 0.5569143166751427 0.5576852507170217 0.5582844435769151 0.5587426614229261 0.5590884687180306 0.5593473931179826 0.5595411585841764 0.55968701846634 0.559797216650028
0.5463910100495942 0.5465063411404857 0.5466227562599181 0.5467280113330258 0.5468039172105693 0.5468268918744611 0.5467686655044769 0.5465971089435794 0.5462771514039889 0.5457717504457078 0.5450428760894632 0.5440524715389672 0.5427633550125731 0.5411400306885292 0.5391493812263939 0.5367612197357428 0.533948685012146 0.530688470016909 0.5269608798224441 0.5227497211814163 0.5180420310868287 0.5128276562521673 0.5070986987355609 0.5008488449328832 0.49407259608084564 0.4867644173709121 0.4789178208988777 0.47052439391487927 0.461572779311289 0.45204760948005407 0.4419283880026516 0.43118830630188915 0.4197929739386751 0.40769903203262525 0.39485260698196023 0.3811875456565708 0.3666233472679188 0.3510626627788019 0.33438814981420223 0.316458310127257 0.29710161105341265 0.2761075159179464 0.25321160141074217 0.2280687697624717 0.20020150840586226 0.1688946335904176 0.1329771921574245 0.09040052328742966 0.03774390650056675 -0.02772262635184098 -0.0871748041360491 -0.048080936475483525 0.13036385880924722 0.25359899514886164 0.23328350742358683 0.15811996198452127 0.09418375373105248 0.050879540495943586 0.022024397049552426 0.0016294644055306548 -0.014109852319991269 -0.02737718417279364 -0.03927430606988555 -0.05007714208763904 -0.059369837156321374 -0.06630018165684687 -0.0700913085290506 -0.07059598670732227 -0.0684587892258554 -0.06477727910129401 -0.06062023692732828 -0.05675192930622382 -0.05360451273951303 -0.0513718518185344 -0.05011696398492163 -0.049851170723649224 -0.05058256066822392 -0.052343537570968005 -0.05520715471015662 -0.059298972934849786 -0.06480859390738289 -0.07200334566128548 -0.08124550393026303 -0.09301338364395656 -0.1079248840350606 -0.12675839838387168 -0.15045821679948881 -0.1800958554096856 -0.21672958103909637 -0.26105726112970834 -0.31270182112425854 -0.36896089806567534 -0.4230413998140548 -0.4623502134717475 -0.4679906955864666 -0.4155952453839358 -0.2730759734470991 0.014765620206719177 0.5474897204886635 1.308466925067486 1.7052444187540172 1.3081086788861451 0.5472333510207789 0.014410331732638837 -0.27339997748287354 -0.4156886217660053 -0.4677422828395976 -0.4617722587016867 -0.42224288958850287 -0.36808443135483127 -0.31186806228652625 -0.2603415160119739 -0.2161644165818129 -0.17968406791549674 -0.1501857588941567 -0.12660363965809301 -0.10786417758372335 -0.09302398878275486 -0.08130690626867206 -0.07209770814900661 -0.06492078570757125 -0.05941642287075756 -0.05531965628478441 -0.05244306882981938 -0.05066315510132717 -0.04990886724695687 -0.05014986163124842 -0.051380280038171564 -0.0535912858268777 -0.0567225643100976 -0.06058287986321308 -0.0647419476735143 -0.0684355526370635 -0.0705921379587763 -0.0701085590328696 -0.06633372297080987 -0.05941038114607514 -0.05011483821841682 -0.039302198062317995 -0.027392961172162174 -0.014116404291437904 0.0016234007078095823 0.02200228399084258 0.050813301432319546 0.09403260838952689 0.15786236917323962 0.23308854327452272 0.25414838919160354 0.1313406618542645 -0.04719635606635417 -0.08755120461978064 -0.028359136295743992 0.03717727268058957 0.08994553306190368 0.13263491587241383 0.16866517207119028 0.20008543999115566 0.22806569690023082 0.253319401967125 0.27632212536684847 0.2974170440243809 0.31686677347765513 0.3348801843091654 0.35162728951751543 0.36724821205771585 0.3818590622295578 0.3955561032185392 0.4084189047245479 0.4205128579078744 0.431891263420826 0.4425971209804697 0.45266470418281385 0.46212097822882964 0.4709869014006598 0.4792786390988449 0.48700870918874967 0.4941870691524846 0.5008221477373083 0.5069218174545931 0.5124942985408633 0.5175489808534247 0.522097147348262 0.5261525812476786 0.5297320395086026 0.5328555766511945 0.53554670637076 0.5378323925624567 0.5397428668539089 0.5413112756219891 0.5425731658397457 0.5435658255265422 0.5443275004456819 0.5448965142564324 0.545310323723167 0.5456045441406839 0.5458119821303946 0.5459617137130186 0.5460782446895903 0.5461807876491125 0.5462826860839408
0.5330214611618151 0.5331888589254461 0.5333814191312355 0.5335849792266449 0.5337788632317135 0.5339364895370028 0.5340261372915223 0.5340118396661229 0.5338543677591984 0.5335122660817035 0.5329428994816678 0.5321034721424485 0.5309519813741617 0.529448072530118 0.527553765995872 0.5252340326131921 0.5224571998950117 0.5191951778227077 0.5154234991323334 0.5111211750689358 0.5062703730741381 0.5008559272559645 0.4948646959039259 0.4882847825574866 0.4811046374501155 0.4733120555124923 0.4648930843438337 0.45583085185207994 0.44610431783563237 0.4356869473061879 0.42454529593676543 0.41263748976688647 0.39991157231389274 0.3863036824069215 0.37173601553013125 0.35611450860122307 0.33932617259913 0.3212359755788441 0.3016831464110619 0.2804767179180193 0.25739004252365716 0.23215386707953464 0.20444730091101168 0.1738855807191493 0.14000284535982535 0.1022272393551579 0.05984555775135542 0.011960993422547686 -0.042512320829916794 -0.10457699677411636 -0.1735071997018425 -0.23995336721023122 -0.2691879362064626 -0.2102770036144089 -0.08595516740867692 0.003968208905651638 0.021546574121205725 -0.0027888857686820395 -0.03352239866215788 -0.05843795388674325 -0.07720773352998436 -0.09174523427841252 -0.10331308773596351 -0.11220445107476121 -0.11812479276276058 -0.12078895236858042 -0.12043361905845774 -0.1179406730094595 -0.11454723961686683 -0.11143974526014061 -0.10951506646921652 -0.10935879252461711 -0.11134293293423773 -0.11574578783911998 -0.12284929254272531 -0.13300690197271325 -0.14668838517458976 -0.16450699689335374 -0.18722750071723607 -0.2157432238205833 -0.25099693262262085 -0.2938051730975179 -0.34453662979817834 -0.4026133679192518 -0.4658869119806277 -0.5301165150738786 -0.5889810497341132 -0.6350498187887361 -0.6616494566474767 -0.6647716290051976 -0.6438632168290599 -0.6010242887035583 -0.5391332815836305 -0.4596827734729292 -0.360475461415228 -0.23218462311467888 -0.0508440229399616 0.23934351584025843 0.752075190761037 1.5321895989418695 1.9835568613502474 1.5326973435606441 0.7528434415466236 0.23967666063288495 -0.0508520199964147 -0.2331103749207014 -0.3612601504187717 -0.46024089713139826 -0.5394295235697792 -0.6010457575442939 -0.6436095658551301 -0.6642632627946584 -0.6609463543937801 -0.6342614506142666 -0.5882486715741201 -0.5295713715754508 -0.46561056261505984 -0.40262330423289827 -0.3447982263457535 -0.29425551868869315 -0.25156661934686897 -0.2163700846774221 -0.18786257156143532 -0.16511536960454273 -0.14724755258895156 -0.13350434705903358 -0.12328025307595511 -0.11611156670840755 -0.1116497675022938 -0.1096170659705884 -0.10973848327740063 -0.11164400780434708 -0.1147478283897386 -0.11814969706076678 -0.12065647008912864 -0.12102236436867361 -0.1183579406498664 -0.11242320082303313 -0.10350551328861186 -0.09190617471466342 -0.07734157104271451 -0.05855915432762274 -0.03364745880613257 -0.0028916074001745784 0.021667718610384287 0.004886967132516712 -0.08487045065222801 -0.20844454558584052 -0.26904805708100804 -0.24056571627444265 -0.17432255534362054 -0.10537305384369773 -0.04321634622778683 0.011378260960317237 0.059400117971631694 0.10192892414997232 0.13985701653143978 0.17389370025245723 0.20460729499065278 0.23246045695817508 0.2578350605999897 0.2810494027945116 0.3023704123545586 0.3220226570494215 0.34019524874108703 0.3570473153289497 0.3727124542260442 0.3873024348191743 0.40091033095977024 0.4136132124403095 0.4254744915550794 0.436545998989751 0.4468698467948027 0.45648012354396184 0.4654044554091312 0.4736654570048771 0.48128208636102593 0.4882709101991079 0.49464727818494314 0.5004263985971404 0.5056243031912385 0.5102586858819519 0.5143495982044571 0.5179199852588372 0.5209960471911023 0.5236074154129438 0.5257871369175671 0.5275714661853605 0.5289994705309939 0.5301124612306853 0.5309532696043865 0.5315653932721901 0.5319920433249694 0.5322751274874871 0.5324542076277096 0.5325654717355949 0.5326407607617816 0.5327066891509534 0.5327838950400782 0.532886451148481
0.5198291264178543 0.5200363855083003 0.5202824316576089 0.5205516652860045 0.5208216062254187 0.5210635312471216 0.5212432684961962 0.5213221164499225 0.5212578507382498 0.5210057794997001 0.5205198070715804 0.5197534665709953 0.5186608840274153 0.5171976401316242 0.515321500117349 0.5129929873875338 0.510175782383026 0.5068369339228431 0.5029468766887312 0.4984792538788179 0.49341054964403547 0.48771954015026237 0.48138657550902125 0.47439270672937695 0.4667186726241957 0.45834376026127194 0.44924455021692783 0.439393553546283 0.4287577419671196 0.4172969659100834 0.40496224752238313 0.3916939271046932 0.377419632860963 0.3620520346316792 0.34548633345475255 0.32759743007646464 0.3082367072589785 0.2872283534628123 0.2643651499308092 0.23940364161715655 0.21205861903364234 0.1819968646807604 0.1488301865249756 0.11210792735323342 0.07130952347907896 0.02583857440275804 -0.0249780461269067 -0.0818776045012792 -0.1456151712134272 -0.21683430403774553 -0.2957355654563418 -0.3812677176670292 -0.4693134781983839 -0.5494751030363859 -0.6030149582848703 -0.6120630853662987 -0.5807212253777241 -0.5360643761229774 -0.49851105767804965 -0.471163947928625 -0.4512180609821316 -0.4347119787262464 -0.41975191344747803 -0.4057136700516286 -0.39268443370327544 -0.38146389703761946 -0.37352166418456434 -0.37067791736442096 -0.374724877921609 -0.387228474723991 -0.409527184269563 -0.44278621827376535 -0.4879398234344921 -0.5453836775289851 -0.6143251862910555 -0.69182294150876 -0.771855545201155 -0.8452209272801008 -0.9012035555440996 -0.9309979906658945 -0.9311073747538217 -0.9044048391864649 -0.8585091450550556 -0.8037041947998604 -0.7213494982031596 -0.6525387478245092 -0.5858217960278685 -0.5226338249362403 -0.4633161495579086 -0.4074634240497672 -0.35411461343466055 -0.3017680468539694 -0.24817320758344755 -0.18976671825834282 -0.1204126596551475 -0.028574867067759746 0.10936852203775588 0.34518104057280974 0.7866638948042664 1.5129045350862957 1.9769697572194667 1.514956724593708 0.7889356789923029 0.34654835144771245 0.1100643889574418 -0.028207953328763136 -0.12014530136674789 -0.18946840748566218 -0.24778945233807143 -0.30130738434516624 -0.3536394439163849 -0.4070796137156516 -0.4631589928874956 -0.5228498503696783 -0.5865472722828009 -0.6538770119237739 -0.7233507194088866 -0.8024038171057126 -0.8596998733199932 -0.9070391346605668 -0.9346455875734496 -0.9351277479648408 -0.9057381021210658 -0.8500177736010411 -0.7767590252267249 -0.6966587558527724 -0.6189334801052945 -0.5496521334775915 -0.4918149588173139 -0.44626539070156807 -0.4126423397511174 -0.3900295556019292 -0.3772657585179205 -0.37300498814728955 -0.3756648547542888 -0.3834308815449393 -0.39445952072905166 -0.4072620187765264 -0.42102698046322773 -0.4356607813857881 -0.45177489556216655 -0.47121122222084916 -0.4976498882739201 -0.5354397514323364 -0.5798621788548681 -0.6110307127589178 -0.6028064975611053 -0.5499047095535764 -0.47011351539231205 -0.38222354909588263 -0.29671567432527435 -0.21776021055102898 -0.14643687675464404 -0.0825612594042009 -0.02550039309283147 0.025492808976307884 0.0711490457604923 0.11213580898477839 0.14904458421328393 0.18239162484293558 0.21262380226147212 0.24012598037761657 0.2652284478866482 0.2882138351196045 0.30932332877789775 0.3287621635879758 0.3467044383718701 0.36329732952891997 0.3786647808493464 0.392910746425436 0.406122057323654 0.41837097484125557 0.4297174846347499 0.44021137683144523 0.449894147998874 0.45880075137493 0.46696121275933233 0.47440212083606853 0.48114799324338825 0.4872225129399668 0.4926496248307907 0.4974544790289888 0.5016642060238968 0.5053085089355681 0.5084200606507296 0.5110346969423837 0.5131914018893041 0.5149320876618956 0.5163011775552281 0.5173450076123867 0.5181110690229812 0.5186471193662886 0.5190001960368011 0.5192155692837086 0.519335675083164 0.519399069354481 0.5194394447466067 0.5194847492553695 0.5195564423831242 0.5196689192419233
0.5068547652072347 0.5070873432840386 0.5073606503341064 0.507658213478166 0.5079565332838011 0.50822572158812 0.5084302869076681 0.5085300358161037 0.5084810549938383 0.508236736255601 0.5077488062702487 0.5069683233603992 0.5058466056259432 0.5043360578836258 0.502390868495122 0.499967552080627 0.49702531889029955 0.49352625719356036 0.48943532042882865 0.4847201159310479 0.4793504973288662 0.47329796613255953 0.4665348917985282 0.45903356094251413 0.45076506709616976 0.4416980512321974 0.4317973006373445 0.4210222096530404 0.4093251001330352 0.39664939289029827 0.38292761380406953 0.36807921018649226 0.35200814491543964 0.3346002278525952 0.3157201374519876 0.2952080796720539 0.2728760289130029 0.2485034964350063 0.2218327793834458 0.19256366127963184 0.16034757038401395 0.12478126742873884 0.08540025110120622 0.04167227486843692 -0.007008271929055899 -0.06132374136274653 -0.12203190609142138 -0.18995563581404165 -0.26595615619743107 -0.3508774051053572 -0.4454412397573306 -0.550062887137318 -0.6645467863603207 -0.7876293311628612 -0.9163947913100515 -1.0457675250139375 -1.1685888249621297 -1.2769224135819144 -1.3644782935938777 -1.4284527982608428 -1.4690228172791264 -1.4874243342124303 -1.4858324444816315 -1.466936659084244 -1.4356676231915069 -1.3978713303031989 -1.358748742010392 -1.3214342954605531 -1.2865451590465733 -1.2527067758697514 -1.217625445843591 -1.1791988961584945 -1.1362762814000826 -1.0888950634890833 -1.0442980113225246 -0.9902661989994475 -0.9361400608752337 -0.8830026540298442 -0.8315533793473552 -0.7820975748485158 -0.7346332462500442 -0.688961718513977 -0.6447791476672756 -0.6017340494863568 -0.5594537463301935 -0.5175496110627621 -0.4756111021850986 -0.43319591328076423 -0.389820244142071 -0.34494937327124914 -0.2979819884089785 -0.2482061445647374 -0.19466668143019647 -0.1357938518698614 -0.0684350204511188 0.014554953926146535 0.13020597680068793 0.3196647473908263 0.6757726752109603 1.2957248221313127 1.7291543325878318 1.2997798606595174 0.6798693655017083 0.3220109266595239 0.13149812209723058 0.015422809442948587 -0.06752656310474708 -0.13452878876116342 -0.19285957308269494 -0.2457880756795365 -0.2949850784965432 -0.34148915535235114 -0.38607708962113935 -0.42939649598334045 -0.4720102867232357 -0.5144127579908545 -0.5570392733518099 -0.6002761162997526 -0.6444705743389028 -0.6899376992767751 -0.7369572455171176 -0.7857519618724402 -0.8364387833453886 -0.8889513393630146 -0.9429499063798988 -0.9977658984745778 -1.0524748152393746 -1.10628961778365 -1.1440093246785141 -1.1868196071707855 -1.2251047138395323 -1.2600242237888684 -1.2936551345641583 -1.3282448077790323 -1.3651185218992534 -1.403624263370171 -1.4406210632209775 -1.4709380799316636 -1.488795801529696 -1.489292113814559 -1.4699636250904182 -1.428732931731741 -1.3644048583514408 -1.2768083956816882 -1.1686633542749976 -1.0461313161767767 -0.9170427333529231 -0.7884994708620234 -0.66555872617979 -0.5511377168659668 -0.44650921776362756 -0.35187995812914724 -0.2668457795442991 -0.1906951551510484 -0.12259358819119674 -0.061688389302527416 -0.007164339397446059 0.041729535585153396 0.0856695936525854 0.1252561948799447 0.16101700752351622 0.19341255077270192 0.2228426032037731 0.24965272962114238 0.27414053731509264 0.29656147663178173 0.31713411588403523 0.33604488481949085 0.35345231485997625 0.36949082148784196 0.38427408097821164 0.3978980539620178 0.41044370550364984 0.4219794650754302 0.4325634630931293 0.4422455721824537 0.4510692731763361 0.45907335755003875 0.4662934705750424 0.4727634931385142 0.4785167550756852 0.48358706974086246 0.4880095781134597 0.4918213908904422 0.4950620195793619 0.4977735908009274 0.5000008434728517 0.5017909140234287 0.5031929214196311 0.5042573702326705 0.5050353961372993 0.505577884030386 0.5059344934946945 0.5061526299243724 0.506276401853116 0.5063456056544295 0.5063947779643774 0.5064523536737093 0.5065399633383828 0.506671898320142
0.49411598709517224 0.49435752971712404 0.49462909056804055 0.49491394573753367 0.49518842972256677 0.495422541971785 0.49558068382828785 0.4956224967479 0.49550376942352814 0.49517737988967775 0.49459423791852747 0.49370419390574943 0.49245688183905373 0.4908024665899648 0.4886922687118725 0.4860792437590325 0.48291829717260454 0.47916642019207095 0.4747826367631091 0.469727755772203 0.4639639271514603 0.45745400373742706 0.4501607135867317 0.4420456488758767 0.43306807787530727 0.4231835853000016 0.41234254354741573 0.40048841347867015 0.387555867655127 0.3734687228479367 0.3581376611487461 0.3414577118371418 0.3233054588273776 0.3035359322057154 0.28197913763116444 0.25843617500712635 0.23267489920958975 0.20442508274839227 0.17337305514373122 0.139155821966902 0.10135471321111089 0.05948868814285891 0.013007547294964148 -0.03871450140854869 -0.09638416798045504 -0.16079206516006425 -0.2328113898626612 -0.3133892383305761 -0.40352587768456766 -0.5042350119848326 -0.6164750263213901 -0.7410374839765927 -0.8783754643396077 -1.0283525419683253 -1.1898974692438755 -1.3605677118213195 -1.5360688554352644 -1.7098587327872143 -1.8730809048250534 -2.015166114810861 -2.125372638639968 -2.1951445585733347 -2.220510180396715 -2.203324103060967 -2.1505789139806524 -2.0721390797026844 -1.978108613477091 -1.8769436092635203 -1.774687632130381 -1.675077764102759 -1.5800692946908368 -1.4904295558285654 -1.406228165437463 -1.3271796920393562 -1.2528566677301658 -1.1828084245326613 -1.1166185836650164 -1.0539255704873405 -0.9944223994522233 -0.9378458187437273 -0.8839607173320801 -0.8325429564044778 -0.7833620491108496 -0.7361639752944782 -0.6906536477296233 -0.6464759420678217 -0.6031936834279573 -0.5602604948405473 -0.5169860834020064 -0.4724916479301825 -0.4256543186295581 -0.3750427184943047 -0.3188498405667424 -0.2548217584654808 -0.18009918121607707 -0.09050956326589064 0.02245921913521862 0.1821656414081755 0.4530950031115452 0.9295929834941252 1.2908539288775116 0.9357742474156319 0.4589341250139143 0.1857425737599685 0.02451731899013269 -0.08908740714802503 -0.1786404011922045 -0.2528883781155049 -0.31620938236016316 -0.3716262805853541 -0.42151660482638786 -0.4677778240200333 -0.5119052819810395 -0.5550642698485703 -0.5981578110199602 -0.6418844715311727 -0.6867846027012954 -0.7332764566546247 -0.7816847174101169 -0.8322640154494475 -0.8852195911452064 -0.9407267578807502 -0.9989502595247296 -1.0600639986268456 -1.124270799391136 -1.1918206925728985 -1.2630243921682682 -1.338255817160948 -1.417933250983396 -1.502462602141198 -1.592118277669047 -1.6868291491567713 -1.7858350427008494 -1.887197243095009 -1.9872083282555346 -2.0798741259116147 -2.1568147379296767 -2.208031089433206 -2.2237827914157813 -2.197197251877848 -2.12650612076462 -2.0157119530311163 -1.8733439921409287 -1.7100764955871592 -1.5363952364816629 -1.361078293743328 -1.1906064502393785 -1.029232800608058 -0.8793763284199065 -0.7420981341633867 -0.6175335331492013 -0.5052338751835377 -0.4044150791750572 -0.3141276535617507 -0.23336716873324043 -0.16114239387559315 -0.09651467956652647 -0.03861850776132702 0.01332989024218134 0.060031210535055016 0.1021060128083102 0.14009997296219903 0.17449023525163374 0.20569212056741787 0.2340657519522345 0.25992235197020447 0.28353008771291116 0.3051194147099622 0.3248879162738766 0.3430046615749984 0.35961412007446825 0.37483967617561814 0.3887867890310489 0.40154583981064473 0.41319470363966415 0.42380107682182905 0.4334245827768543 0.4421186724418988 0.44993232781797193 0.4569115713373983 0.4631007786629042 0.4685437892680206 0.4732848078088397 0.4773690892734546 0.48084340316213164 0.48375627514250613 0.48615800944487947 0.48810050063059873 0.4896368493417693 0.49082080243803033 0.49170604364285997 0.49234536558191466 0.49278975810298353 0.4930874504313358 0.49328294623179925 0.49341609055186403 0.49352120623928913 0.49362633445314097 0.4937526096121435 0.4939137935620426
0.4816022636573202 0.4818352273506967 0.48207416776067885 0.4823027613673905 0.4824980574104492 0.48263102061642393 0.48266717976290946 0.4825673566666683 0.4822884481987258 0.4817842324924948 0.48100617044349253 0.4799041739274668 0.4784273135350783 0.47652444013833184 0.4741446969272111 0.47123790102349633 0.4677547765616935 0.4636470244255393 0.4588672169189725 0.4533685089304576 0.447104160239483 0.44002686621147025 0.43208789602773834 0.4232360385740167 0.4134163559355531 0.4025687429788893 0.3906262886187609 0.3775134301962304 0.3631438871471051 0.34741835393571346 0.33022192566097974 0.3114212232882678 0.290861179712866 0.268361443463786 0.2437123550719701 0.21667045275813265 0.18695347095473508 0.15423480996066652 0.1181374811698396 0.07822757597197792 0.03400737706689792 -0.015091656727029966 -0.06971562416745407 -0.13059394779565117 -0.19854305297172845 -0.2744661675674304 -0.35934641744880347 -0.45422883420376603 -0.5601845995712484 -0.6782476281106774 -0.8093093983919263 -0.9539532796083863 -1.1122062802843078 -1.2831886551663028 -1.464659014966777 -1.6524981538832417 -1.8402615920722996 -2.0190513676202233 -2.1780490065041835 -2.3059758431944872 -2.3933683193564677 -2.434957904540307 -2.4310733196925245 -2.38732182709853 -2.3127419921729753 -2.2173958972655297 -2.1104048948103413 -1.9989013310163508 -1.887817727821636 -1.7801819595152875 -1.6776001935379994 -1.580729180029414 -1.4896528033521066 -1.404147681697805 -1.3238539840540637 -1.248376061285477 -1.1773355065141358 -1.1103940339861156 -1.0472583206792845 -0.9876747753688724 -0.9314191845982226 -0.8782841328297778 -0.8280657063514233 -0.7805500304874101 -0.7354994531693393 -0.6926375188352283 -0.6516311239220625 -0.6120672636962471 -0.5734203954161061 -0.5350044993552353 -0.4959014654436485 -0.4548553060067731 -0.410123240257192 -0.3592892940829515 -0.2990905307924077 -0.22536278670790613 -0.13292901416438646 -0.0127984363689201 0.16395526982260752 0.4643525117440922 0.7140607227587734 0.4724053425976603 0.17112329959729375 -0.008635791676351375 -0.13067172589061085 -0.2237978651839552 -0.29738061942994465 -0.3569604409803483 -0.4069685039953523 -0.45084970605668007 -0.491142751220038 -0.529673617989038 -0.5677539916865739 -0.6063369716829146 -0.6461266554958808 -0.687652002436834 -0.7313163191031263 -0.7774312018645915 -0.8262410974346893 -0.8779425740625749 -0.9327009357035004 -0.9906657861582603 -1.0519863720636242 -1.1168268463718096 -1.1853808513799973 -1.2578838541494226 -1.3346202886988034 -1.415920515055804 -1.502139623164589 -1.5936059691164435 -1.6905221443014382 -1.7927959124740704 -1.8997766956496411 -2.009881564402868 -2.120125840103336 -2.2256427733442083 -2.3193892362079125 -2.3923532225495032 -2.434591943359165 -2.4371781888000847 -2.3945861773368926 -2.3065212818680125 -2.178234412552264 -2.019130946480616 -1.8404112407125708 -1.6528154121459457 -1.4651762246937254 -1.2838912974726657 -1.1130507314885105 -0.9548811878782925 -0.8102580394384703 -0.6791567031029468 -0.5610002995113446 -0.45490597408412237 -0.3598492840780492 -0.2747685504091183 -0.1986277829084686 -0.1304521634652463 -0.0693459123412947 -0.014499163040016609 0.03481180579165152 0.07922818201796666 0.11931430224284388 0.1555642989498892 0.18840903703552855 0.2182229385269512 0.2453304684993783 0.2700121648601351 0.2925101636606252 0.31303321342965623 0.33176119763814715 0.3488491981791903 0.36443113926970366 0.378623052916734 0.3915260045388404 0.403228713378655 0.41380989610492763 0.42334035572483164 0.4318848311736093 0.43950361731829185 0.4462539598296844 0.4521912263925583 0.4573698535400451 0.4618440684112791 0.4656683861951394 0.4688978867361509 0.47158827794693575 0.47379575800526 0.47557669368563177 0.47698713677945953 0.4780822053129069 0.4789153600455598 0.4795376095338778 0.47999667893286985 0.480336178106332 0.4805948040171211 0.48080561018209766 0.4809953728919156 0.48118407938299207 0.4813845579280787
0.4692690541651468 0.4694753953082369 0.4696499630670341 0.4697774811057372 0.46983657579353616 0.46980022331386095 0.46963627102708083 0.46930801306739445 0.46877479888437923 0.4679926528941508 0.46691488333826475 0.46549265896058073 0.46367553258778943 0.46141189179861014 0.4586493176839059 0.4553348341161582 0.45141503115023 0.44683604783600606 0.4415434014934632 0.43548165198852834 0.42859389146862453 0.42082105119022795 0.41210101777364055 0.4023675513281354 0.39154899672393534 0.3795667772153336 0.3663336561620148 0.3517517483059558 0.33571025671792254 0.31808290597721856 0.29872503650714843 0.2774703203407998 0.25412705534157043 0.2284739944148071 0.2002556695738852 0.16917717984442404 0.1348984293858127 0.09702783248516013 0.05511555159455662 0.008646414285890754 -0.04296721841342819 -0.10039215936507016 -0.16437989109999002 -0.23576957241300034 -0.3154865219193523 -0.40453299646298263 -0.5039663801965382 -0.6148574682273801 -0.7382182579220136 -0.8748847113205853 -1.0253361887810726 -1.1894320432850685 -1.3660522398454975 -1.5526515064021673 -1.7447865850128985 -1.9357596338425982 -2.116619730712983 -2.2768115766985693 -2.4056413317875935 -2.4943682959703772 -2.5382538363649565 -2.537677442336417 -2.497779410142826 -2.426844075806254 -2.33421817831653 -2.2285733044156304 -2.1169129826992634 -2.0042923829671446 -1.8940009065591954 -1.7879467587667184 -1.6870663427990504 -1.5916714771421474 -1.5017088175080688 -1.416937217957831 -1.3370401274793644 -1.2616912015874537 -1.190588337570469 -1.123467498106749 -1.060104271997259 -1.0003084875213193 -0.9439153045237675 -0.8907749016968184 -0.8407419729054465 -0.7936656023919362 -0.7493795904282956 -0.7076928466457816 -0.6683789662698387 -0.631163448896581 -0.5957060554470247 -0.5615743529813334 -0.5282023905681981 -0.4948259183338594 -0.46038470902691503 -0.423392599351283 -0.3818296498198999 -0.33330268065968643 -0.2761932827281404 -0.21258027933945942 -0.1468821396890063 -0.054118369232025836 0.047778546250581644 -0.044649961826125066 -0.13908552752257944 -0.20831225850962645 -0.27390757104542157 -0.3315727236813959 -0.37980440751145006 -0.4206564078323575 -0.45679437903536424 -0.49040591430824043 -0.5230837571623014 -0.5559579576002129 -0.5898382341557045 -0.6253178631463142 -0.6628416572522784 -0.7027491099750865 -0.7453021182571269 -0.7907037518430619 -0.8391122182759204 -0.890652611415436 -0.9454280050753698 -1.003530761477714 -1.065054402631128 -1.1301059299435232 -1.1988179771194325 -1.2713595429193811 -1.3479431580731644 -1.4288250474195567 -1.5142929780282626 -1.6046338732063414 -1.7000698726949508 -1.8006476821137172 -1.9060630643108096 -2.015403339876692 -2.126801984794851 -2.2370305044295056 -2.3411137486395788 -2.4321445275558125 -2.5015568975074522 -2.5401068773933053 -2.539593732163211 -2.4949255547838547 -2.4057267397292845 -2.2766977430617095 -2.116512616698176 -1.935788633559083 -1.7450106839027055 -1.5530747847180206 -1.366641930172438 -1.1901346844029437 -1.0260899970457458 -0.8756280353504882 -0.738894794817391 -0.6154191125705188 -0.5043744762746147 -0.40475857671150933 -0.31550993749270784 -0.235579786093101 -0.1639736083884859 -0.09977291064282431 -0.04214446273548529 0.009658122128348504 0.05629731023664714 0.09835705438819506 0.13634941862262578 0.17072164104879625 0.20186316639341884 0.23011237747000116 0.2557628794019432 0.27906926854419534 0.30025236655494686 0.3195039296852473 0.3369908605777263 0.3528589587137416 0.3672362491116362 0.3802359281337492 0.39195896212411874 0.40249636981115483 0.41193121373261427 0.4203403205897829 0.4277957453144264 0.43436598989605246 0.4401169855228182 0.44511284547073504 0.44941639687192364 0.4530895008871833 0.4561931739144754 0.458787525474487 0.46093153232746537 0.4626826717284998 0.46409643997557454 0.4652257847784524 0.46612048163055075 0.4668264848846792 0.4673852838803946 0.467833292896992 0.46820130123432774 0.46851400641202223 0.46878964911886595 0.46903976387172885
0.4570295283862093 0.4571914172429691 0.45726997155008725 0.45725156741782885 0.4571172027675425 0.4568428191643949 0.4563996603560995 0.45575465399226445 0.4548708026627994 0.45370757065868295 0.4522212530468566 0.45036531398204954 0.44809068122987733 0.4453459839768538 0.44207772068113294 0.43823034359079127 0.4337462462852998 0.42856564010617976 0.4226263055174559 0.4158632039887437 0.4082079358053017 0.3995880286967281 0.3899260411616757 0.37913846266846524 0.36713439047644164 0.35381395937758625 0.3390664965838446 0.32276836925324615 0.3047804872338573 0.28494541942709356 0.26308407882100737 0.23899193049644293 0.21243467896373588 0.18314339844580643 0.15080908320151276 0.11507661857972044 0.07553821174134806 0.031726381358165856 -0.016893298314315932 -0.07092935352741382 -0.13107088598445474 -0.1980924194184309 -0.27285560729470615 -0.356305438855638 -0.4494573170285648 -0.5533695690722484 -0.6690934715827762 -0.7975897436701624 -0.9395970770552016 -1.0954358575672862 -1.2647315934569132 -1.4460529527573645 -1.6364866293736693 -1.8312235263134455 -2.023307351025902 -2.203771690365484 -2.3623984361162087 -2.4891796069319776 -2.576229115054693 -2.6195202478840334 -2.619722263694538 -2.581764491107172 -2.513372218407091 -2.4232466114540205 -2.319543104970106 -2.2089732177721486 -2.0965123801730643 -1.9855175144621942 -1.8780397828299729 -1.7751789334945989 -1.6773975064740465 -1.584765441544836 -1.4971345916063916 -1.4142547918224404 -1.3358458832610658 -1.2616386430903535 -1.1913948221800938 -1.1249137653493653 -1.0620308568412091 -1.002611362446419 -0.946542048291308 -0.8937221254093334 -0.8440544920360254 -0.7974378346007478 -0.7537598426268378 -0.7128915452648388 -0.6746825533736691 -0.6389567660295807 -0.6055078678426195 -0.5740937521410169 -0.5444291170123936 -0.5161768658229373 -0.4889450448080374 -0.46231881530783314 -0.4360377496208503 -0.410706182978924 -0.39029688956550807 -0.38960932201332843 -0.4467191246850031 -0.5870692600821753 -0.6646004007673364 -0.5771767881580745 -0.4390171039469228 -0.38554429900761533 -0.38801571473498875 -0.40878348629618844 -0.4337250355816954 -0.45929351988734773 -0.48512530982267443 -0.5116210867080404 -0.5392825194750103 -0.5685575773807365 -0.5998191085367299 -0.6333728761109596 -0.6694686262101585 -0.7083088955090061 -0.750055610960285 -0.7948355606952753 -0.8427457491301587 -0.8938593668929481 -0.9482328228452983 -1.0059140329698 -1.0669519231556663 -1.1314068488635807 -1.1993613299058263 -1.2709300936731565 -1.3462678519123306 -1.4255724168843005 -1.5090795840788094 -1.5970445471400014 -1.6897023823507489 -1.7871974071206909 -1.8894684429565334 -1.996075519294716 -2.1059562219763452 -2.2171119113689115 -2.3262528168430463 -2.428483081969472 -2.5171785142848684 -2.5842709493338853 -2.621135588884265 -2.6201004269021833 -2.5762564154732135 -2.4889182397674383 -2.3620658400993544 -2.203520696301409 -2.0232233916547653 -1.8313337688052334 -1.6367752701403693 -1.4464773415422767 -1.265235900603821 -1.0959610820702863 -0.9400875449690075 -0.7979968327060355 -0.669377388600815 -0.5534998731751276 -0.4494126923357818 -0.35607305460262706 -0.27243028027441374 -0.19747571150612514 -0.130270216189345 -0.0699571694070161 -0.015766328731543523 0.03298778663962288 0.076910661081696 0.11653418924437056 0.15232378116270312 0.18468558627242374 0.21397349000790666 0.24049568585214345 0.26452072023993445 0.2862829682340454 0.30598753558323905 0.3238146066329502 0.339923271323084 0.35445487133591697 0.36753590810895737 0.37928055406434574 0.3897928052874681 0.39916830949576615 0.4074958983910564 0.414858849179919 0.42133589639769187 0.42700201295446816 0.43192897800341257 0.4361857491454328 0.43983865747581363 0.4429514451576974 0.44558516718273117 0.4477979802953189 0.44964484366553137 0.4511771563274943 0.45244235670726257 0.45348350868749526 0.4543388972289488 0.45504165439059696 0.4556194337915681 0.45609414814366367 0.4564817808338098 0.4567922786200915
0.44474045838543247 0.4448409693015392 0.4447928739365346 0.44458472587607467 0.44420056934791086 0.4436201099050104 0.44281887945186144 0.44176838938465385 0.4404362665795503 0.4387863679104934 0.4367788694634733 0.4343703269068721 0.43151370303274805 0.4281583575836376 0.4242499930037376 0.4197305479622152 0.4145380282659908 0.40860626239303655 0.4018645663977385 0.39423730021830306 0.3856432945343457 0.3759951241960547 0.36519820053272184 0.3531496508274904 0.33973694856285797 0.3248362532622106 0.30831041363740136 0.2900065838925217 0.26975339965362777 0.24735765975474786 0.22260046248214443 0.1952327521517399 0.16497024489422785 0.13148772369650774 0.0944127252318691 0.05331868989554873 0.007717721557316449 -0.042946782067399894 -0.0993071902013027 -0.16207767879417465 -0.23205811742609733 -0.31013403521840843 -0.39726995419595934 -0.4944920161951463 -0.6028539414739822 -0.7233778977063835 -0.8569589815607046 -1.0042193444783005 -1.1652970865967307 -1.3395590336021537 -1.5252406451875278 -1.7190473904524155 -1.9158046956312738 -2.1083114845491684 -2.287603790554389 -2.4438072093791634 -2.5675849141669387 -2.6518825401994066 -2.693391500047673 -2.6931407063632764 -2.655979317011817 -2.589220596631558 -2.501028442464246 -2.3990813305591736 -2.2897724535535584 -2.1779299304757207 -2.0668964216818235 -1.958789391614332 -1.8548098953326146 -1.7555257519764889 -1.6610991257918846 -1.57145439744809 -1.486394084278559 -1.405674142715866 -1.3290495420120108 -1.2562990731108141 -1.1872362090801583 -1.1217109705986266 -1.0596063035189673 -1.0008314159633307 -0.945313770541736 -0.8929909020216945 -0.8438028651681011 -0.7976858658586345 -0.7545674616360359 -0.7143636268235531 -0.6769779755539705 -0.6423035774917155 -0.6102282182827976 -0.5806449797437422 -0.5534724707812305 -0.5286951181510959 -0.5064497723986512 -0.4872288198959151 -0.472399904232519 -0.4656479271921929 -0.477223976718771 -0.5363089835947981 -0.7174287265097912 -1.1056483752352066 -1.3865572638379762 -1.0962586426012189 -0.7104692326195194 -0.5326709469397649 -0.47501986725573403 -0.46362898875987735 -0.46997262486512004 -0.4841641347371519 -0.5027122352646101 -0.5243589059914171 -0.5486787882220115 -0.5755778483679991 -0.6050984264922235 -0.6373363501598859 -0.6724024610657254 -0.7104034369202874 -0.7514320220165049 -0.7955625778853286 -0.8428501843316778 -0.8933324750561045 -0.9470337706453603 -1.0039711924850423 -1.0641624285201592 -1.127634726794549 -1.194434527303187 -1.2646368950933364 -1.3383535595699254 -1.415737848025688 -1.4969840571188413 -1.582317751727145 -1.6719720336121764 -1.7661429521281726 -1.864915063664144 -1.968146191547005 -2.0752999500128193 -2.1852181107150037 -2.2958366889050126 -2.4038754013466734 -2.5045742384788765 -2.591608911091066 -2.6573638372416726 -2.693723909458882 -2.6934027674534455 -2.6515513419081174 -2.56711438026263 -2.443354179686506 -2.287269527392133 -2.1081434702151904 -1.9158064775216543 -1.7191919827504596 -1.5254836272577752 -1.3398491279524414 -1.1655835592222141 -1.004456537595159 -0.8571086720162855 -0.7234101904889083 -0.6027472666598944 -0.4942326280694458 -0.3968511895327014 -0.30955548643725794 -0.23132481046602119 -0.16119930394561996 -0.09829740803257742 -0.041822609843096784 0.0089364486771627 0.05460979530425759 0.09575212119458185 0.13284981255788467 0.1663283074401916 0.19655933683575127 0.22386778611184488 0.24853802708297784 0.27081964605172193 0.29093254254621864 0.30907140622259865 0.3254096007846136 0.3401024968996185 0.3532903030692857 0.36510044581823725 0.3756495498312151 0.38504506541453165 0.39338658679236416 0.40076689993016745 0.40727279468762184 0.41298567233920574 0.4179819768228378 0.42233347613384514 0.4261074187872058 0.4293665892568264 0.4321692852405642 0.43456923864571795 0.4366155005338048 0.43835230884101195 0.43981895508802077 0.4410496641373634 0.4420734980916257 0.44291429235415697 0.4435906290869561 0.44411585015121663 0.44449810897660164
0.43217441565323933 0.4321981344837864 0.431994421222745 0.43155441208638495 0.43086569973491773 0.42991233235152165 0.4286747612032561 0.42712973856976405 0.4252501701862871 0.423004928087301 0.4203586305734129 0.4172713963662725 0.41369857894550566 0.40959048541749027 0.40489208128473486 0.3995426788582112 0.3934756026318059 0.3866178198059613 0.37888951845005686 0.3702036098248523 0.36046512454252844 0.3495704654564657 0.33740647273329555 0.32384924936204584 0.30876268829565734 0.2919966368248574 0.2733846297750114 0.2527411223009436 0.22985815639678828 0.20450140355958252 0.1764055410569923 0.14526894129038453 0.11074768553809723 0.07244895714307564 0.02992393140252975 -0.017339631055878657 -0.0699247464874255 -0.12849198152650473 -0.1937847825412643 -0.266632032908418 -0.3479458047130917 -0.43871124293473734 -0.539964073589026 -0.652749292616349 -0.7780522048355885 -0.9166904410518888 -1.0691537416352934 -1.2353790140935705 -1.4144548241369972 -1.6042671125540655 -1.8011319914318884 -1.9995132989578297 -2.1919803528030486 -2.3695897669139696 -2.522817831240655 -2.6429849316907186 -2.72384147460478 -2.7627846588509017 -2.7612340053309077 -2.724037141127581 -2.6581955690162116 -2.571420209647528 -2.4709557882779567 -2.3628760847172163 -2.2518290956935387 -2.1410958515936414 -2.0328120861880534 -1.9282394076815572 -1.8280201546160137 -1.7323873313154232 -1.6413236534313058 -1.554674771466111 -1.4722255914788054 -1.3937487852360995 -1.3190332537719247 -1.2478986246441885 -1.180200322853384 -1.1158285207580216 -1.054703348907335 -0.9967680831417527 -0.9419815534366545 -0.8903106922033273 -0.8417239145307075 -0.796185879571934 -0.7536541145586273 -0.7140780064908727 -0.6774008342616458 -0.6435659376466926 -0.6125290552596728 -0.5842808844605872 -0.5588883780952375 -0.5365735974251692 -0.5178741194814676 -0.5039947690291107 -0.49764507592303625 -0.5052124764619916 -0.542864215770375 -0.6541931915460109 -0.9518049728693443 -1.5897496712681316 -2.0887052894732654 -1.5817736029994198 -0.9461292730605189 -0.6511956118201331 -0.5408976354332374 -0.5033097925182601 -0.49538161406394143 -0.5012232800340704 -0.5145890964672833 -0.532848476331512 -0.5548445111346529 -0.5800699490231936 -0.6083212402134799 -0.6395407082838401 -0.6737389515433182 -0.7109542922227078 -0.7512308239226504 -0.7946067080311372 -0.8411087373926478 -0.8907511552227829 -0.9435376264768964 -0.9994656676098306 -1.058533000546208 -1.120745317669031 -1.1861248780179403 -1.2547192147085193 -1.3266090140994125 -1.4019139048501081 -1.480794430023911 -1.563447812515749 -1.6500941991016589 -1.7409488284315313 -1.8361740177145771 -1.9358031605781854 -2.039627579711043 -2.1470372223365706 -2.256810009022235 -2.3668556519172808 -2.47394237442082 -2.5734721887679854 -2.6594180199795265 -2.724573664658318 -2.7612534733997487 -2.7624638887364026 -2.723346334811693 -2.6424535549101504 -2.5223495592081435 -2.3692418385266834 -2.19177186447336 -1.9994339421076346 -1.8011524195153799 -1.6043484283745095 -1.414555873640887 -1.235461229976073 -1.0691838982432427 -0.9166418941836632 -0.7779051583959931 -0.6524905066788022 -0.5395862930569386 -0.4382125184892419 -0.3473288038428863 -0.26590339186498047 -0.19295452141188063 -0.12757298741660278 -0.068932319229113 -0.016291079869436384 0.0310096546174033 0.07355160251739101 0.111846041054107 0.14634117023400087 0.1774295283049725 0.20545511488918142 0.23072001230940378 0.2534903856815656 0.27400180528935897 0.29246387874439334 0.30906421242465065 0.32397174374553783 0.3373395003410601 0.3493068503955803 0.3600013111302156 0.3695399816669203 0.3780306625613824 0.3855727188983024 0.39225773784621065 0.3981700250827252 0.4033869787715978 0.40797937411002505 0.41201158644476493 0.4155417763362972 0.41862205543826575 0.4212986480177002 0.4236120586562842 0.425597253029381 0.42728385485909365 0.4286963586957781 0.42985435552067225 0.4307727654132055 0.4314620698237143 0.4319285347729576
0.41895934728314954 0.4188928206923305 0.4185064136953429 0.41779409003414786 0.41674726607530727 0.41535462510200727 0.4136018326308655 0.41147116355390473 0.4089410554901579 0.4059856051783394 0.4025740263662492 0.39867008766385753 0.39423154751578193 0.389209600487093 0.38354834450648734 0.3771842725363481 0.3700457846535848 0.362052707273174 0.3531157962809126 0.34313618934871326 0.33200476074907254 0.3196013199661408 0.30579358345104485 0.2904358391490828 0.2733672159052279 0.2544094672481516 0.23336418192114647 0.2100093436873371 0.18409518101185432 0.1553392741057096 0.12342092207721923 0.0879748183001199 0.04858413894474653 0.004773224186892698 -0.04399986566127773 -0.09835048714892383 -0.15897358594339525 -0.22664790185267142 -0.3022366825257555 -0.3866826093393371 -0.48099353138637835 -0.5862140842100022 -0.7033763150362917 -0.833420171796363 -0.9770725950403092 -1.1346730696362766 -1.305935976799263 -1.4896494539469203 -1.6833313687492113 -1.882899253063685 -2.0824604503251356 -2.274374798901201 -2.4497478018045165 -2.599429409075292 -2.715402824487121 -2.7922125881465223 -2.8279525092904914 -2.824446962415154 -2.786587182932322 -2.7211252172705986 -2.6353744453581607 -2.5361762553357647 -2.429286040603526 -2.3191502047740262 -2.208955392284897 -2.1008214828271274 -1.99604135291795 -1.8953099281834542 -1.7989163824664753 -1.7068928677274946 -1.6191230682860664 -1.5354176474441266 -1.4555641613311343 -1.3793581002459512 -1.3066203900520441 -1.2372054145481672 -1.1710025746413402 -1.1079336041739618 -1.0479472846271234 -0.9910127902813725 -0.9371126078065587 -0.8862357761587202 -0.8383720632283508 -0.7935076266237366 -0.7516227107381778 -0.712692041295666 -0.6766888722490559 -0.6435942802490029 -0.6134146366202127 -0.5862129909210854 -0.5621661753879081 -0.541673228822638 -0.5255738929438852 -0.5156211392438481 -0.5155874238829369 -0.5340873358864769 -0.5924163944816149 -0.7474059145893258 -1.1489421697088806 -2.0267404823820474 -2.748398840447481 -2.0209711302551407 -1.1449811590759762 -0.7452760460434594 -0.5909203002581571 -0.5325878062545494 -0.5138232069132415 -0.5135116593327247 -0.5231282861132526 -0.5389499900028237 -0.5592535589540563 -0.5832178823755442 -0.6104549801129285 -0.6407930676198459 -0.6741688905706689 -0.7105710855505024 -0.750009194129502 -0.7924966218366478 -0.8380418488510343 -0.8866449720887642 -0.9382979768524469 -0.9929877664669208 -1.0507012677049152 -1.1114320371892161 -1.1751877986325947 -1.2419982753895076 -1.3119225553361282 -1.3850550315927943 -1.4615286773590956 -1.5415140054851382 -1.6252114839278087 -1.7128343808603264 -1.8045779617700823 -1.9005696805988395 -2.0007936708054928 -2.1049819154128167 -2.2124649735413953 -2.3219789067450995 -2.4314349563585234 -2.5376780606379845 -2.6362916697381875 -2.7215459227936334 -2.7866178759333966 -2.824203018924403 -2.827547074113355 -2.791745630265437 -2.7149524274129653 -2.599047059984199 -2.4494583662420797 -2.2741804861714354 -2.0823470852947885 -1.8828429844253591 -1.683304441101168 -1.4896244146064108 -1.305888298201523 -1.1345824965736955 -0.9769236131102511 -0.8332019442611885 -0.7030823402782123 -0.5858417351705546 -0.4805435701222289 -0.3861587248115901 -0.301645072217378 -0.22599690161246316 -0.15827334338028012 -0.0976126691263921 -0.04323738859099053 0.005546452262434138 0.04935347364501322 0.08872513808632261 0.1241368949705562 0.15600563282623878 0.18469700537038825 0.21053234768074133 0.23379500230869618 0.2547359501972161 0.2735786984950444 0.2905234224057104 0.30575039357442446 0.31942275365121336 0.3316887094014873 0.34268323548119056 0.3525293738608326 0.3613392159555589 0.36921464694596823 0.3762479221849218 0.3825221350652736 0.38811162442396163 0.39308235902583066 0.3974923261433556 0.4013919423647493 0.40482449613146876 0.40782662435649136 0.4104288193063978 0.4126559566213311 0.4145278316217125 0.4160596879396652 0.417262721125215 0.41814453912372374 0.4187095623332224
0.4044370150865588 0.404268933761414 0.40367405842491094 0.4026492239269634 0.4011896641371978 0.39928863858328484 0.396936914334067 0.39412212378106876 0.3908280237902028 0.3870336853530775 0.3827126448528983 0.37783204799236936 0.3723518151584167 0.3662238522945652 0.35939132378612154 0.35178799378562076 0.34333762935860784 0.33395344335981836 0.32353753744769975 0.311980286734723 0.29915958860612113 0.2849398807770415 0.2691708202125791 0.251685506653963 0.23229813570687052 0.21080097786769642 0.18696060269936707 0.1605133022694947 0.13115971253105976 0.09855868485224782 0.06232052016302084 0.021999746626355246 -0.022912296372466175 -0.07299469690330708 -0.12890350443850923 -0.19137679144574032 -0.26123710332990485 -0.3393895903273229 -0.42681327744659725 -0.5245417446172566 -0.6336279070346991 -0.7550856382765453 -0.8897988956720819 -1.038387417453241 -1.2010182894469672 -1.377157095411108 -1.565264513037653 -1.7624681128390485 -1.9642766161141676 -2.1644491901020655 -2.3551650071762857 -2.5276212635738395 -2.6730837053351904 -2.784224479589231 -2.856387629877306 -2.8883589133304004 -2.882370630305394 -2.843378273974682 -2.7779173701289297 -2.6929344557951036 -2.5948834365974514 -2.48919819475155 -2.380105190431173 -2.2706705122993687 -2.1629712966187764 -2.0583088544121386 -1.957414071728816 -1.8606219950604326 -1.7680091513320166 -1.679495811704994 -1.5949188847992244 -1.5140817672548794 -1.436786833205735 -1.3628551823030441 -1.292137208902101 -1.2245166692329033 -1.1599102426737102 -1.0982640866511182 -1.0395485341432544 -0.9837518380114523 -0.93087369930707 -0.8809192048840621 -0.8338937354436102 -0.78979939099375 -0.7486335374361504 -0.7103902522242576 -0.6750658361077784 -0.6426703619800861 -0.6132488719078929 -0.5869192415400771 -0.5639410670080343 -0.5448464933184216 -0.5307035385900037 -0.523683892703045 -0.5283869361037935 -0.5552064530468203 -0.629685388819706 -0.8201455961959182 -1.3108998394279756 -2.4096235593038755 -3.348984572201661 -2.406664466309073 -1.3089726647484934 -0.8191140417901998 -0.6289280251647074 -0.554424909141893 -0.5274682021806986 -0.522598376107961 -0.5294616121504412 -0.5434800913308395 -0.5624949580776178 -0.5854460995595486 -0.6118058928971207 -0.6413165427756989 -0.6738595709766527 -0.7093871293936925 -0.7478843151742216 -0.7893481755717342 -0.8337763996731722 -0.8811620889415797 -0.9314926308106143 -0.9847515001946426 -1.0409221997513434 -1.0999937241436308 -1.1619669899924303 -1.226861660552125 -1.29472273115282 -1.365626131669382 -1.4396824361877667 -1.5170375267972336 -1.5978687073685598 -1.6823742661877144 -1.7707538031918184 -1.863175750020995 -1.9597274498272337 -2.060342100379789 -2.164696215290903 -2.272071899822823 -2.381181716607766 -2.4899625809542543 -2.595361774996148 -2.693164539157017 -2.777945965921283 -2.8432574011579055 -2.882153095950226 -2.888093614815499 -2.8561153454419306 -2.7839749231971354 -2.6728744018505926 -2.5274583316351653 -2.3550454161087906 -2.164363734405621 -1.9642128508596575 -1.7624127416268698 -1.5652050367406347 -1.3770827706002637 -1.20092056200562 -1.0382600144440277 -0.8896377249347854 -0.7548885980923296 -0.6333946670888873 -0.5242735303148172 -0.42651267133594356 -0.3390603535198026 -0.2608840142487443 -0.19100549631537578 -0.1285203733320988 -0.07260667979134183 -0.02252677517196987 0.022375111999060233 0.06267795168062808 0.09889045046003767 0.1314582916431036 0.1607715491801602 0.18717190463844008 0.21095940482840703 0.2323985799467569 0.25172381046154785 0.2691438911484262 0.2848457937680561 0.29899767418857515 0.3117512041377673 0.32324333029090074 0.33359757485634717 0.342924992894261 0.3513248940752902 0.35888542365885584 0.3656840804617978 0.37178823131867694 0.37725566331950966 0.3821351981098116 0.38646737745713405 0.39028521655706416 0.39361501132374926 0.3964771782716758 0.39888710022710017 0.40085594816971737 0.4023914486524846 0.40349856716060606 0.40418008047641757
0.38730793025443855 0.38702888632263344 0.38619894978600516 0.3848176344819515 0.3828836647563287 0.3803944293596599 0.3773452530766708 0.3737285178101652 0.36953267145633284 0.36474116744928875 0.35933137980817836 0.3532735374278588 0.34652971639352526 0.3390529202860353 0.3307862644199576 0.32166226183798613 0.3116021859120805 0.3005154582143352 0.2882989822171459 0.2748363161762185 0.2599965555596009 0.24363278035831634 0.22557992008356645 0.20565190188773522 0.18363797733702492 0.15929817020382833 0.13235784855246405 0.10250149422232743 0.069365815934679 0.03253242453211994 -0.008479640394126834 -0.05422116715882665 -0.105319348351383 -0.16248306514414854 -0.22650602609739057 -0.29826651600299076 -0.3787219005183901 -0.46889512848866993 -0.5698492122403362 -0.6826440290972006 -0.8082678770781404 -0.9475343882399226 -1.1009344698559966 -1.2684344713913498 -1.449218319181371 -1.6413863433409628 -1.8416500348600926 -2.0450995812818764 -2.2451602983728516 -2.433871414622359 -2.602581315070338 -2.743032523392369 -2.8486295233506573 -2.915532604699508 -2.9432163560189006 -2.934314134054306 -2.893847267200947 -2.8281453499055296 -2.743799510017729 -2.6468796498568956 -2.5424898797440774 -2.4346185133923917 -2.32618779859963 -2.2192088810464092 -2.1149720114446238 -2.014230150355482 -1.9173562135854056 -1.824468203642503 -1.7355238599036165 -1.6503895124621908 -1.568888466327055 -1.4908337581655462 -1.416049255934505 -1.344382182581811 -1.2757093878726313 -1.2099391088305542 -1.147009532413403 -1.0868851776150086 -1.0295519097770904 -0.9750112649322658 -0.9232746733566733 -0.8743581183781938 -0.8282777493862024 -0.7850469929735827 -0.7446758031912216 -0.7071729155517777 -0.6725524309653385 -0.6408469833305694 -0.6121316156155593 -0.5865663562297389 -0.5644737911816674 -0.5464866454889921 -0.5338451304077964 -0.5290382543567835 -0.537299211843072 -0.5704109260507471 -0.6573227119024037 -0.8759238269316207 -1.4408065434061286 -2.7353541539716244 -3.878908268369458 -2.7355760994867966 -1.4411143071141386 -0.8761978149073889 -0.6575657362352553 -0.5706456897063781 -0.5375404493500672 -0.5292922407187287 -0.534112314326518 -0.5467636477889761 -0.564754703494986 -0.5868436213205522 -0.6123966816277338 -0.6410908359007624 -0.6727660532932238 -0.7073476985053736 -0.7448039121143132 -0.7851216905911373 -0.8282936702777958 -0.8743114898188363 -0.9231634773378209 -0.9748353378261384 -1.0293129773156033 -1.0865868254638966 -1.1466571135389152 -1.209539591633344 -1.275271149566673 -1.3439147539479313 -1.4155630243983761 -1.4903396362965042 -1.568397534320238 -1.6499126429141293 -1.735071334953476 -1.8240493351839244 -1.9169789797702415 -2.013900862863135 -2.1146950308953283 -2.2189864001703934 -2.3260197146676616 -2.434502413041662 -2.5424211588761785 -2.646851788548403 -2.7438045140603546 -2.82817435432712 -2.893891269445341 -2.9343647862772437 -2.94326670536152 -2.9155776461837486 -2.8486664454060344 -2.7430605936217107 -2.6026014534796564 -2.43388558932054 -2.245170908964614 -2.045108960828374 -1.8416601310736025 -1.6413985737343513 -1.4492335571960338 -1.2684531117149624 -1.1009565298779553 -0.9475596167395979 -0.8082958541171148 -0.6826742496562526 -0.5698811512522418 -0.4689282873857939 -0.3787558366485994 -0.2983008568512404 -0.22654047065268632 -0.1625173749329491 -0.1053533309518591 -0.0542546551179687 -0.008512468279900126 0.0325004422736689 0.06933490391415774 0.10247193018905938 0.1323299710471389 0.15927237922683063 0.18361472771611762 0.205631689676717 0.22556326276422828 0.24362019203327215 0.2599885184820954 0.274833250345771 0.28830121476231424 0.30052319443751774 0.31161548370227643 0.32168101125495896 0.3308101738545588 0.3390815104837543 0.34656232320130764 0.3533093237143877 0.35936935660722136 0.3647802237148247 0.3695716115177687 0.3737661048844221 0.37738025698063943 0.38042567609380423 0.3829100854765643 0.3848383112903165 0.38621315583670873 0.3870361181271829
0.3646903727418873 0.3642921115188004 0.36319511054184334 0.3614011667056303 0.35891193421281137 0.35572825902756844 0.3518493163165943 0.34727159581416445 0.3419877876928971 0.33598562531435394 0.32924674094722833 0.3217455840569653 0.3134484390018982 0.3043125587431509 0.294285403782635 0.28330394188673247 0.2712939264900271 0.2581690337335784 0.24382970506183244 0.22816152001095455 0.21103291865289459 0.1922921094869743 0.17176303980046706 0.14924036930733264 0.12448347064147715 0.09720957248135526 0.06708625365415104 0.03372357955182016 -0.0033337587391656415 -0.04461388656491881 -0.09072429925028913 -0.14235698416267936 -0.20029144077075645 -0.2653946968791071 -0.3386170190966185 -0.4209813712388699 -0.5135637076501283 -0.6174598499975426 -0.7337330102319678 -0.8633341802347038 -1.0069861130454245 -1.1650214986176526 -1.3371689855479922 -1.522289584797609 -1.7180838070606839 -1.9208184527941277 -2.125158211582286 -2.324218139049931 -2.5099532074085547 -2.6739404097109163 -2.8084770450345515 -2.907755803713246 -2.9687754184477138 -2.991693504668667 -2.9795272513091993 -2.9373498335804187 -2.8712787407906104 -2.787547128518202 -2.6918353910716712 -2.58890567843558 -2.4824896465251265 -2.375343915511387 -2.269392282665721 -2.165895971159728 -2.0656171175924225 -1.9689591270020164 -1.8760791563466297 -1.786974143945955 -1.7015443704923574 -1.6196390928009423 -1.5410883905789097 -1.4657246303650875 -1.3933961865942035 -1.3239754071479715 -1.2573623034417418 -1.1934850764473617 -1.1322983356237417 -1.0737796985978212 -1.01792535167696 -0.9647450858564606 -0.9142572862115615 -0.8664843416838839 -0.8214489570041753 -0.7791719048302641 -0.7396718838626675 -0.7029684101764805 -0.6690891854904707 -0.6380844065132607 -0.6100525212720209 -0.5851861481915454 -0.5638559014054386 -0.5467702128919408 -0.5352978888608368 -0.5321646702654926 -0.5430794994782825 -0.5808818784404808 -0.6771671429914015 -0.9174932001157896 -1.541934251352369 -3.0035064714397812 -4.330817332077552 -3.0070288714587914 -1.5445507074668912 -0.9192257662224993 -0.6786262979827568 -0.5823752668203294 -0.544726138637059 -0.5339927882033295 -0.5372893957006362 -0.5488808112470204 -0.5660253033542579 -0.5873442248637911 -0.6121237165082852 -0.6399913632927897 -0.6707559628676731 -0.7043234203807931 -0.7406505675212607 -0.7797191121372571 -0.8215209837112666 -0.8660505658727685 -0.9133013586869639 -0.963265639374224 -1.0159362093895732 -1.0713095783384896 -1.1293900628078806 -1.1901943322787467 -1.2537559481988128 -1.3201294276333333 -1.3893933250065673 -1.4616517584566175 -1.5370336981872337 -1.615689165980396 -1.6977812411523217 -1.7834724012387984 -1.8729032200822082 -1.966160792930885 -2.0632334954479754 -2.163947942879938 -2.2678836121912265 -2.374261138380529 -2.4818028544415425 -2.5885702888401463 -2.6917949448536937 -2.7877370828833348 -2.871631106716276 -2.9377983415988096 -2.980012530210837 -2.9921675790937003 -2.969204766773081 -2.9081223775006295 -2.8087770690691523 -2.6741813456850143 -2.510149729840219 -2.324388114535274 -2.125319450260546 -1.920986578952941 -1.7182712022012623 -1.5225051312244124 -1.337418289403075 -1.1653073301438515 -1.0073088942094803 -0.8636924307661257 -0.7341237180341147 -0.6178787630335877 -0.5140055595029047 -0.42144005871223733 -0.3390857507355512 -0.2658661293361712 -0.20075781554342018 -0.14281027230453763 -0.09115635664377995 -0.04501661799305196 -0.003699286758008163 0.03340274630008627 0.06681705768060815 0.0969982540484262 0.12433542629279597 0.14916002334235962 0.1717537287576607 0.1923559790523715 0.21117083240532397 0.22837297992065578 0.24411278479146067 0.2585203273280759 0.27170851673984703 0.2837753944799431 0.2948057944061757 0.3048725409470044 0.3140373599964414 0.32235165396317583 0.32985725834437896 0.3365872581976303 0.342566904923178 0.34781463973473764 0.35234320325361956 0.3561607910632115 0.3592722032663508 0.36167993103722357 0.3633851241336963 0.36438838857086947
0.32963824800093616 0.32911392848116006 0.32770829791356937 0.32542526272523736 0.32226939961895945 0.3182453078360284 0.31335680030384694 0.3076059877395071 0.3009923135366721 0.29351159412858085 0.2851551070549355 0.2759087470688974 0.2657522385006854 0.254658351940575 0.24259202813237352 0.22950926707472047 0.2153556033918342 0.20006396760465536 0.1835517352658469 0.16571679702438002 0.14643254414763052 0.1255417513781631 0.10284944275729627 0.07811493163616146 0.05104331911764123 0.021276804918671427 -0.011613790133674484 -0.04813686042480055 -0.08888674616110724 -0.13454883240663637 -0.18590238463662132 -0.24382032426380842 -0.30926490229873677 -0.38327785377147505 -0.46696301990092914 -0.5614584957318607 -0.6678940167076294 -0.7873275864709012 -0.9206535732553319 -1.0684733736312781 -1.2309205592407002 -1.407437213035528 -1.5965095905427567 -1.795391789271676 -1.9998758982088587 -2.2042000729864406 -2.401205935679976 -2.582837992303814 -2.740997746481657 -2.868629349512154 -2.9607762607575094 -3.0152968077473528 -3.0330185176935536 -3.0173137657278595 -2.973280473888207 -2.906805598821863 -2.8237524766806956 -2.7294011368969637 -2.6281577933102986 -2.523479482278822 -2.417936903905173 -2.3133465366538077 -2.210923353702481 -2.111425790324623 -2.015279870181134 -1.9226789228969938 -1.8336603370469478 -1.7481628637170512 -1.6660684062286035 -1.5872318661927305 -1.5115019691978646 -1.4387353272908883 -1.3688054229051385 -1.3016077525151044 -1.237062044551815 -1.1751122434897445 -1.1157248080796245 -1.0588857845488624 -1.0045970674196647 -0.9528722403397688 -0.9037323877766511 -0.85720228532267 -0.8133074166554657 -0.7720723442974557 -0.7335211135947676 -0.6976806597817238 -0.6645887459924855 -0.6343090473248763 -0.6069581614184908 -0.5827537818568953 -0.5621028206401714 -0.5457697958246573 -0.5352173090763273 -0.533342456133408 -0.5461989233888245 -0.5873991463361149 -0.6905093667035026 -0.9469666908662366 -1.6173097208722718 -3.2153076698503207 -4.7007399188149535 -3.2220009598032204 -1.622173490365968 -0.95022909354349 -0.6933216690793519 -0.5903053167214987 -0.5493973898170599 -0.5368711606400791 -0.5390338026124093 -0.5497865987130309 -0.5662052095093345 -0.5868105113265182 -0.610829223231225 -0.6378521036637831 -0.6676648731112459 -0.700159609732468 -0.7352861104551521 -0.7730243470134434 -0.8133687500694735 -0.8563195381120512 -0.9018784899344195 -0.9500476568634487 -1.000830073628648 -1.054231819187027 -1.1102649304796628 -1.16895074820325 -1.230323310467519 -1.2944324224109751 -1.361346024759324 -1.4311514605815636 -1.50395518980916 -1.5798804133857622 -1.659061925577344 -1.7416372919436314 -1.8277331268276205 -1.917444798133716 -2.0108073116758804 -2.107754455761166 -2.208062632132241 -2.311275422421692 -2.416605345455713 -2.5228113151061318 -2.628055296034737 -2.7297511480336247 -2.8244338647711635 -2.9076976786220174 -2.9742717095425166 -3.0183098330926237 -3.033948603264635 -3.016117044353491 -2.961469576544611 -2.8692017495778366 -2.741471941167816 -2.5832459440153213 -2.4015819882431253 -2.2045758332218734 -2.000277265043918 -1.7958378596594675 -1.5970128371216925 -1.4080043123141361 -1.2315534093382026 -1.0691700378220126 -0.9214090412311627 -0.7881343417758098 -0.6687424470365172 -0.5623372012976019 -0.4678590765033153 -0.3841770789830514 -0.31015215826203185 -0.2446798726398488 -0.18671829080114405 -0.13530540095771632 -0.08956896103032794 -0.04873080052023092 -0.012106996080205969 0.020895028798527344 0.05078167335230915 0.07797995728648806 0.10284541440127973 0.1256706144458275 0.1466938834570776 0.16610782556520398 0.18406729581523326 0.20069654422030214 0.21609534455268356 0.23034402722727432 0.24350743856789422 0.2556379350395498 0.2667775807911214 0.2769597456676285 0.2862103005852377 0.29454858347882035 0.3019882701106504 0.30853823847274914 0.3142034699905952 0.31898599186034193 0.32288583451413416 0.32590195890799567 0.32803309878448167 0.32927846278309625
0.2654570049867539 0.26481186642724147 0.26307065991861955 0.2602413021427605 0.2563350163855109 0.25136592967810395 0.2453505942635116 0.23830745913876025 0.23025630286664195 0.22121761316919566 0.2112118622827804 0.20025858067546648 0.18837508342384704 0.17557465804018443 0.1618639934046795 0.14723962543309888 0.1316832105059762 0.11515551700006954 0.09758915230323398 0.07888020458243969 0.0588791537662 0.037381555693807356 0.014119081182828957 -0.011248547970506144 -0.03914036240196943 -0.07005961506138843 -0.10459814195270445 -0.14343997372811154 -0.18736434130687854 -0.23724756406264433 -0.29406233566370754 -0.35887196940714267 -0.43281660476430767 -0.5170883152784116 -0.61289214654609 -0.7213897229670032 -0.84362078018028 -0.9803961106188304 -1.1321541625438993 -1.2987748977624847 -1.4793509816851707 -1.6719304691365324 -1.8732682542997408 -2.0786534939591963 -2.281907674948076 -2.4756543060846967 -2.651922794939117 -2.8030534788822083 -2.9227395101626463 -3.0069377718021495 -3.0543795784297227 -3.0665374611392644 -3.0470978263574358 -3.0011451275949628 -2.9343088865837696 -2.8520655851542105 -2.7592820977656665 -2.659995322665911 -2.557371703681827 -2.453777976468393 -2.3509050162545053 -2.249905050263647 -2.1515196782152763 -2.0561886578243413 -1.9641370891956211 -1.875442609510532 -1.7900858068977434 -1.707987330019362 -1.6290348070736147 -1.5531021039137478 -1.4800628580935138 -1.4097997165791702 -1.3422103067390947 -1.2772106807622836 -1.2147367736422352 -1.154744287350163 -1.0972073380034395 -1.042116166356812 -0.98947419997908 -0.9392947640943203 -0.8915977588292209 -0.846406658484899 -0.8037462464315838 -0.7636415973072427 -0.7261189889878135 -0.6912097398576366 -0.6589585542151707 -0.6294390932609504 -0.6027817376600223 -0.5792231286955024 -0.5591969766616456 -0.5435079559285858 -0.5336839698498479 -0.5327392665772681 -0.5469618977330605 -0.5904931570155602 -0.6982723481691209 -0.965963505065194 -1.6695914965602894 -3.372981889409749 -4.987379113872246 -3.3824878249788033 -1.6765040961553637 -0.970725367504065 -0.7024725125156714 -0.5948554466636005 -0.5517391196437818 -0.5379689027071517 -0.5392963291963034 -0.5493734944052304 -0.5651501000490471 -0.5850766421594533 -0.6083374073195373 -0.6344964762854425 -0.6633229232071468 -0.6946993589293401 -0.7285717472739143 -0.7649208957584219 -0.8037459946252465 -0.8450552364452238 -0.8888608209252108 -0.9351767960866643 -0.9840187824592072 -1.03540494180946 -1.0893577222870654 -1.1459060053604957 -1.205087333404611 -1.2669499274066744 -1.3315542204082038 -1.3989736352851532 -1.4692943209936151 -1.5426135233192249 -1.6190361896811385 -1.6986692799946155 -1.7816130558268182 -1.8679483265137962 -1.9577182294832436 -2.0509026038211524 -2.1473824114929947 -2.2468910637313666 -2.3489491294119103 -2.4527791525239424 -2.5571988813926296 -2.660495164393 -2.760288408444659 -2.8534099669533908 -2.935831953021663 -3.0027073233188566 -3.048588638244962 -3.0678816767960546 -3.055539410146864 -3.007910251717433 -2.9235495486514553 -2.8037440697163616 -2.6525445678012325 -2.47625658456326 -2.282532413186378 -2.079332365329334 -1.8740222776715745 -1.6727711701032224 -1.4802821538408018 -1.2997943299228398 -1.133255021546612 -0.9815679077997869 -0.8448499852553817 -0.722660148044744 -0.6141852354384892 -0.5183834588189452 -0.4340915714153539 -0.36010349853805906 -0.29522689399245255 -0.238322221152964 -0.18832768395494953 -0.14427295982784374 -0.10528479748458 -0.07058750482502062 -0.03950080820589809 -0.01143661495119201 0.014104773726807898 0.03753912559422582 0.059203778388942585 0.07936442049140743 0.09822310043795902 0.11592712407647472 0.13257831389235517 0.14824206045729055 0.16295566747817533 0.17673563870306375 0.1895837267419932 0.2014917247047607 0.21244510595947416 0.22242569513845145 0.23141358602066614 0.23938851651650642 0.24633087982242463 0.2522225065474498 0.25704730489436883 0.26079180339058655 0.26344560800900985 0.2650017642101582
0.12693072073394865 0.1262134223386003 0.1242202167769905 0.12097405764947106 0.11651170656571101 0.11088352884166414 0.10415311250625525 0.09639656562399843 0.08770129985271173 0.07816407113156382 0.06788802985529363 0.05697854184281276 0.045537581772834825 0.033656566274102746 0.021407570632645534 0.008832943554663353 -0.004066603570422886 -0.017345278565427877 -0.031126544817777158 -0.045617860345714405 -0.06112459283042072 -0.07806112630723579 -0.09695650574111069 -0.11845190150997045 -0.14328832447675632 -0.17228569327930215 -0.2063180537558846 -0.24629291982462936 -0.2931430914227802 -0.34783511471588935 -0.41139003654095413 -0.48490264004104033 -0.5695404526792068 -0.6665073602859195 -0.7769667022627383 -0.9019279987830061 -1.0421036895500575 -1.197738051909624 -1.3684065892976334 -1.5527880591012415 -1.7484266953631193 -1.9515279911765004 -2.1568611287540955 -2.357861322294615 -2.5470159461977295 -2.716560755537583 -2.8594071595467105 -2.970104554362489 -3.0455788376990034 -3.0854334493442472 -3.091745403479201 -3.068460888653654 -3.0206035420128434 -2.95351338952729 -2.872261329023997 -2.78128931545701 -2.684254345938895 -2.5840198097113447 -2.4827337160868086 -2.3819454443903503 -2.2827291655323427 -2.1857964823407565 -2.091590975352819 -2.0003634193790285 -1.912229509045858 -1.8272131033304733 -1.7452781167684588 -1.66635181220132 -1.5903417100219457 -1.5171477931835942 -1.4466712288754153 -1.3788204684000465 -1.3135153230169787 -1.2506894300628273 -1.1902914047320248 -1.1322849032112123 -1.0766477876835563 -1.0233705763699787 -0.9724543719069291 -0.9239084862462296 -0.8777480169624503 -0.8339916813463428 -0.7926602865835237 -0.7537763265960008 -0.7173653817647635 -0.6834603269387887 -0.6521099610671167 -0.6233948354219001 -0.5974553564188188 -0.5745419560479488 -0.5551072297323864 -0.5399827409688552 -0.5307378173881978 -0.5304579903460491 -0.5455710856134438 -0.5905347529992949 -0.7011298974512907 -0.9757345929328703 -1.7010673643579277 -3.47932884396925 -5.191532507295128 -3.4910961255752166 -1.709700150147099 -0.9818544818738764 -0.7066378483179847 -0.5962741581975813 -0.5518250626261486 -0.5372557464589264 -0.537982474527359 -0.5475070463989319 -0.5627016685532198 -0.5819719649171619 -0.6044740339043454 -0.6297536534331639 -0.6575684230475947 -0.6877948550369567 -0.7203774218142172 -0.7552995323249986 -0.7925666006970236 -0.8321961313069666 -0.8742120719691147 -0.9186418655399126 -0.9655152475204383 -1.0148641694642955 -1.0667234124154221 -1.1211315618941653 -1.1781320812082283 -1.23777426389758 -1.3001138751276315 -1.3652133105906221 -1.4331411076201304 -1.5039706319538846 -1.5777777275480342 -1.6546370446746927 -1.7346166404751306 -1.8177702577215744 -1.9041264167173864 -1.9936730852232678 -2.0863362193640738 -2.1819499172313006 -2.2802153702598713 -2.3806454060197804 -2.4824915177811175 -2.5846514266845158 -2.6855582742175628 -2.783058591461725 -2.8742962945439983 -2.955634319409067 -3.022661999318993 -3.0703484720625713 -3.0933985218718347 -3.086833057930802 -3.046744812402304 -2.9710855052607053 -2.860267655331397 -2.717368623570646 -2.547832119719786 -2.358733668012001 -2.157822316338394 -1.9525963988727435 -1.7496089313368748 -1.5540818514898578 -1.3698032592968246 -1.1992242509204774 -1.0436624105926033 -0.9035390474656018 -0.7786068745134133 -0.6681505697889619 -0.5711580199725593 -0.4864639211867794 -0.4128635275592958 -0.3491900787941106 -0.2943515867530996 -0.24733189771347677 -0.20717106618785072 -0.17294379702707002 -0.1437499908859389 -0.11872203026481759 -0.09704486710083875 -0.0779806417215949 -0.06088980809773734 -0.04524382507824943 -0.030628160641809683 -0.0167370656486396 -0.0033627769777532196 0.009618209195947044 0.02225979688639719 0.03456063419396999 0.046477467085179684 0.057937166643479227 0.06884725853110674 0.07910486232977165 0.0886040124689125 0.09724140395753118 0.10492068447056105 0.11155548198766826 0.1170713993222385 0.12140721910545427 0.12451554763615041 0.12636309167708448
-0.15246569196142354 -0.1526322846199284 -0.15300904284221925 -0.15358546802269654 -0.15434861401893865 -0.15528730615981423 -0.1563968740243315 -0.1576834868407568 -0.15916722911599743 -0.16088326696559754 -0.16288078977342296 -0.1652197852549089 -0.16796602603918523 -0.17118486142588973 -0.17493453072872783 -0.1792598677806948 -0.18418767393548094 -0.18972604126559897 -0.1958718625040954 -0.20263377884249859 -0.21008098392488864 -0.21842840434080613 -0.22815933887231835 -0.2401609208570366 -0.2558101327598651 -0.27692805038085944 -0.30556076459338916 -0.3436486200198328 -0.39273376881979294 -0.45384379093639154 -0.5275868054100993 -0.6143846035997234 -0.7147104946264905 -0.8292002936222378 -0.9585705955641226 -1.1033768640127928 -1.2637033271796483 -1.4388619736305186 -1.6271311746847599 -1.8255434655440848 -2.0297505033447263 -2.234027523551554 -2.4314981257694153 -2.6146381833304515 -2.776045020877542 -2.9093511411512454 -3.0100690058619453 -3.076134832477507 -3.108003357128247 -3.1082973016413584 -3.081155618845016 -3.031486916720017 -2.964307535638081 -2.8842652801347723 -2.7953688136294383 -2.700889193625024 -2.603379076080586 -2.5047572317961486 -2.4064188313840504 -2.309346522826478 -2.2142092435576313 -2.1214438012532386 -2.03131897771914 -1.9439842164506218 -1.859505761718593 -1.7778931064248438 -1.699118221227374 -1.6231295342939571 -1.5498621416676988 -1.4792453124926206 -1.4112080245867673 -1.345683022588641 -1.282609718893583 -1.221936143133895 -1.1636200758648656 -1.1076294652841225 -1.0539422144134785 -1.0025454334471557 -0.9534342744659849 -0.906610500214367 -0.8620809851565988 -0.8198564075497038 -0.7799504742907446 -0.7423801426133263 -0.7071674995535256 -0.674344300425786 -0.6439607879365794 -0.6161015912686596 -0.5909138248914221 -0.5686572607652051 -0.5497966306737472 -0.535179093024805 -0.52639498087374 -0.5265615726627368 -0.542164124488402 -0.5877894275081055 -0.6995846706332267 -0.9772607185294769 -1.71370104396934 -3.5374687679432744 -5.315630737139536 -3.5508013899873454 -1.723612670896011 -0.9844884556467878 -0.7062050635758411 -0.5947050584078946 -0.5496663562831902 -0.5346660665324939 -0.5349805008197472 -0.5440479301854324 -0.5587052396171954 -0.5773351950293708 -0.599077862138048 -0.6234677297858351 -0.6502551137478695 -0.679313009616161 -0.710586044423018 -0.7440613340340639 -0.7797513262723113 -0.817683513513681 -0.8578942484617744 -0.9004250927914582 -0.9453207590750714 -0.9926280499411813 -1.042395394141173 -1.094672696181141 -1.149511291362466 -1.2069638497325417 -1.2670841105196207 -1.329926355387199 -1.3955445455824609 -1.4639910508830134 -1.535314883216961 -1.609559307539846 -1.6867586275714852 -1.7669338233816951 -1.850086536002473 -1.9361906392714048 -2.025180296109077 -2.1169329643679475 -2.2112453119775997 -2.3077994827005814 -2.40611675423148 -2.505495607876021 -2.6049320225203028 -2.7030220973333257 -2.7978518073323304 -2.886886766616851 -2.9668867724033228 -3.0338844810867 -3.083280455136865 -3.1101091226326454 -3.1095095709901104 -3.0773819846047603 -3.011129881898203 -2.9103098321737635 -2.7769828791902635 -2.615623285658252 -2.432579649435411 -2.2352348755778815 -2.031095834027926 -1.8270257592843953 -1.6287403786473562 -1.4405822384760982 -1.2655150343783599 -1.1052575041993324 -0.9604947183113941 -0.8311387822326655 -0.7166295593069847 -0.6162453119087876 -0.52934641357253 -0.4554598508223709 -0.3941706085010261 -0.34488409242053003 -0.306590288489525 -0.2777635974589974 -0.2564740507742473 -0.24067737348420717 -0.22854746800064707 -0.21869974441533963 -0.21024072098509974 -0.20268373101680132 -0.19581328012732424 -0.1895614078658064 -0.18392154422820847 -0.17889910218810348 -0.17448826168303022 -0.170664384889922 -0.16738468322842256 -0.1645928193457921 -0.16222513236658032 -0.1602172109859129 -0.15850996822441354 -0.15705452978103607 -0.15581536832244058 -0.15477132088723303 -0.15391443588125664 -0.15324695891216553 -0.15277709529810218 -0.1525143995253965
-0.09655590567403259 -0.09657554897429836 -0.09656152631863835 -0.09654450133533345 -0.09657457100932068 -0.09671846105083727 -0.09705615932885515 -0.0976774840686241 -0.09867908481050312 -0.10016231433985011 -0.10223231401003056 -0.10499854890785337 -0.10857693894785264 -0.11309366955762448 -0.11869073080768033 -0.12553320155020997 -0.1338182040115356 -0.14378517237168864 -0.15572634514341835 -0.16999470327742247 -0.18700312444027947 -0.20720249307874694 -0.23101931163278017 -0.25873689274956063 -0.29035935277322883 -0.3256730929681669 -0.3649339536213062 -0.41021153672096927 -0.46594696881846415 -0.5371387531110502 -0.6267083470911672 -0.7348032073480584 -0.8599800973223061 -1.0006548983863999 -1.1558353023007255 -1.3249525614583866 -1.5071610701302232 -1.7006425379122252 -1.9021983677322267 -2.1071409454462553 -2.309434294628523 -2.502079184499055 -2.6777465850542823 -2.8296018793655473 -2.952169239522185 -3.0420256442860167 -3.098138112502686 -3.121767547161835 -3.1160042810393196 -3.08510169856062 -3.033794968625855 -2.966743235475302 -2.8881572735476833 -2.8016091967181134 -2.7099838135477006 -2.6155209898010305 -2.5199046771032934 -2.4243669426994963 -2.3297879219699578 -2.236782315057914 -2.145769395953204 -2.0570270879384474 -1.9707323346921557 -1.8869905098717397 -1.805856499215659 -1.7273497011693133 -1.6514647254886687 -1.578179121878129 -1.5074590923633917 -1.4392638385145007 -1.3735489676842365 -1.3102692178532822 -1.2493806481836949 -1.190842368436794 -1.1346178385237147 -1.0806757494351926 -1.0289904972369757 -0.9795422760781115 -0.9323168442026339 -0.8873050567373635 -0.8445023109785375 -0.8039081170736949 -0.7655260970229943 -0.7293648449054042 -0.6954402855353319 -0.6637805161229084 -0.6344347401113393 -0.607489082346133 -0.5830943902898535 -0.5615158646133579 -0.543224508795397 -0.5290732833036426 -0.5206557603031119 -0.5210863481150239 -0.5368350772319447 -0.5824512227792076 -0.6940206478730008 -0.9713272083671872 -1.7091951980971993 -3.550700113329846 -5.363379752652042 -3.564815279598817 -1.7198595674117647 -0.979317866266537 -0.7014542478637517 -0.5902325583773779 -0.5452446457100283 -0.5301235959779047 -0.5301803705297033 -0.5388667138764264 -0.5530213744904189 -0.5710235256669833 -0.5920077165048655 -0.6155030897198057 -0.6412560920803543 -0.6691381575070138 -0.699095157220596 -0.7311184900419716 -0.7652279235642858 -0.8014610871751187 -0.8398668642734419 -0.8805011303558883 -0.9234239191837513 -0.9686974507453644 -1.016384657559126 -1.0665479705426282 -1.119248207686234 -1.1745434655635385 -1.23248795734539 -1.2931307710870243 -1.3565145435773225 -1.4226740534679918 -1.4916347322582186 -1.5634110666567549 -1.6380048176059243 -1.7154028989575092 -1.7955746357949247 -1.8784679455372109 -1.9640037430802153 -2.052067554591857 -2.1424969302374293 -2.2350627873027453 -2.329442336707789 -2.4251808509206056 -2.521639416590979 -2.6179263233590064 -2.7128114098365046 -2.8046262638041948 -2.891159510862111 -2.969566123031403 -3.036322290649623 -3.0872701623348346 -3.1178032391944672 -3.123233278507971 -3.0993429317362295 -3.043063209867132 -2.95313849695099 -2.830592625695591 -2.6788292695095235 -2.503300284583215 -2.310816950331195 -2.1086892342528967 -1.9039031303443705 -1.7024869758253185 -1.509124996895977 -1.327014683559088 -1.1579729591077197 -1.0028407759709275 -0.8621770441590352 -0.7369618314119111 -0.6287734093615034 -0.5390648532124286 -0.4677140189941069 -0.4118226619379404 -0.3663896128310987 -0.326950972596055 -0.29142726823566406 -0.25957670327372917 -0.23163464039538048 -0.20761252691071005 -0.18723397533021374 -0.17007352844297768 -0.15567841889760056 -0.14363280669418058 -0.13358061156775644 -0.12522678977534743 -0.11832958029022185 -0.11269008445052155 -0.10814201186616407 -0.10454270045919983 -0.10176576786500327 -0.09969546667983901 -0.09822272851165031 -0.0972428556019273 -0.09665479169508223 -0.09636184801340508 -0.09627367302998538 -0.09630914863601484 -0.09639979377112111 -0.09649318666788974
-0.031437004274058065 -0.031546946411572886 -0.031856345121444696 -0.03237404344068642 -0.033114580138250325 -0.034097727636034546 -0.03534798308120463 -0.03689414094154002 -0.03876908829387186 -0.04100996754684361 -0.043658851850814424 -0.04676408475183831 -0.05038245751182728 -0.05458244776588761 -0.05944883638271739 -0.0650891778846605 -0.07164285732819739 -0.07929387669648934 -0.08828916639124451 -0.098965252373995 -0.1117877325973838 -0.12741045309217638 -0.1467644610263819 -0.17118906076279136 -0.20261037790489095 -0.24372679218055962 -0.29799472098155416 -0.3688546769222981 -0.457790839599676 -0.5637498893661893 -0.6873133547990651 -0.8314049269698864 -0.9956082710207431 -1.1755069102689764 -1.366232870204367 -1.5646352203927434 -1.7687157157285593 -1.9759461316252118 -2.18225854985255 -2.3820333622179537 -2.5686761520238117 -2.735454237729056 -2.876405973589838 -2.987150977858821 -3.065424832847583 -3.1112201408577054 -3.1265320268013186 -3.114821634494656 -3.0803696421480256 -3.0276781372472343 -2.9610187656789706 -2.884156683744721 -2.800230385325129 -2.7117444366093832 -2.6206298247864543 -2.528335332812507 -2.4359252153094952 -2.344169047146353 -2.25361735126741 -2.164661487150826 -2.0775789392792183 -1.9925663186970095 -1.90976268206451 -1.8292655985409352 -1.7511420203998893 -1.6754355858146226 -1.6021715806595898 -1.5313604413001527 -1.463000404178942 -1.397079693653375 -1.333578481343441 -1.272470736454098 -1.2137260076173368 -1.157311126395986 -1.1031917933389639 -1.0513339957794545 -1.0017052108874416 -0.9542753639691653 -0.9090175420614028 -0.8659085046800878 -0.8249290885205657 -0.786064674070968 -0.7493059763721899 -0.7146505575734049 -0.6821056672615442 -0.6516933664016986 -0.6234595141040313 -0.5974893658281372 -0.57393482092335 -0.5530630333242494 -0.5353461076005306 -0.521634184693576 -0.5135083921082865 -0.514049565456175 -0.5296477124179065 -0.5746650528925888 -0.6847398088131815 -0.9585812566078049 -1.689056309356673 -3.522481995569669 -5.3394879517701686 -3.536520771876071 -1.6998993233938737 -0.966919480946277 -0.6926054585120768 -0.582914750314382 -0.5385357530909136 -0.5235590457960456 -0.5234871661702346 -0.5318541881559835 -0.5455338095453218 -0.5629186424674039 -0.5831469149212283 -0.6057475116236657 -0.6304658110480871 -0.6571731493416136 -0.6858172994156461 -0.7163941117658159 -0.7489305600909759 -0.7834741609220941 -0.8200860565355154 -0.8588362389032907 -0.8998000275990933 -0.9430552681371304 -0.9886799256653083 -1.036749878123872 -1.0873367997384167 -1.1405060868648957 -1.196314823331158 -1.254809814807989 -1.3160257435974274 -1.3799835051062388 -1.4466887842066685 -1.5161309121731326 -1.5882820072910142 -1.663096343076957 -1.7405097978853243 -1.820439114138853 -1.902780522843565 -1.9874070625245426 -2.074163632129572 -2.1628584628387864 -2.2532492847836134 -2.3450220329244384 -2.437759560859268 -2.5308976588062864 -2.6236659656285353 -2.715012538753298 -2.8035135049427784 -2.8872740888067825 -2.9638350598382273 -3.030109269194782 -3.0823848922688257 -3.116440863532443 -3.127817914962638 -3.1122658935337557 -3.0663388036331245 -2.988040593620469 -2.8773638180175 -2.7365487881827324 -2.5699484501475136 -2.38349928859777 -2.183915075180989 -1.9777794059215972 -1.7707089677580383 -1.566774290608632 -1.3685061143267272 -1.1778971186553215 -0.9980840286297525 -0.8339276602744854 -0.6898497412429525 -0.5662353203245242 -0.46006505506426704 -0.37074223311282056 -0.29944189084927714 -0.24478345415794178 -0.20335540304139957 -0.1716934757661536 -0.1470840044024949 -0.12758769133096984 -0.11185552085478845 -0.09894948121945261 -0.08821062218504497 -0.07916944217581187 -0.07148628871172462 -0.0649116328984114 -0.05925926875436371 -0.054387939252792186 -0.05018852623900346 -0.04657498552999523 -0.04347786786811136 -0.04083968277616247 -0.03861162508481959 -0.036751347126000034 -0.035221557263575586 -0.033989278219773746 -0.033025622401602735 -0.03230594729884135 -0.03181025291106846 -0.03152368344710356
-0.01094808442732476 -0.01106171214388411 -0.011398612346071424 -0.011961881959468871 -0.012756574493673695 -0.013789675442255336 -0.015070118415097334 -0.016608889354642786 -0.018419275690499674 -0.020517325482792923 -0.022922591545954885 -0.025659250439653326 -0.028757711178546978 -0.03225687075566434 -0.03620724333415971 -0.040675303002580855 -0.045749563179895536 -0.05154921386886711 -0.058236632480540854 -0.06603592217623541 -0.07526109422879892 -0.08636014440222328 -0.09998617476520118 -0.1171161384891946 -0.13925636704833613 -0.1688105982340658 -0.20975166985233953 -0.268801492120278 -0.3570038985402997 -0.48894127397833975 -0.6706798819427935 -0.8850551734833739 -1.113760656245138 -1.3504259118996558 -1.5877565425634022 -1.8188613888759684 -2.040862083097404 -2.2523056612578705 -2.4502805713908553 -2.6301789148038472 -2.786811003846083 -2.9156303020931893 -3.0136308336705184 -3.079799684320526 -3.1151220484986317 -3.122227812967494 -3.1048353566051747 -3.0671598334016634 -3.0134122992620846 -2.947451879997738 -2.872596028282308 -2.7915591849395156 -2.7064780337617247 -2.6189844504428073 -2.5302968579789797 -2.4413112450347616 -2.3526817640627193 -2.2648868432513987 -2.178280402574459 -2.093129680031547 -2.0096419647032313 -1.9279826667275142 -1.8482869506430546 -1.7706668128151462 -1.6952151054642648 -1.622007656161515 -1.551104325528021 -1.4825495946532314 -1.416373074668252 -1.3525901768246038 -1.2912030662869285 -1.2322019372067419 -1.1755665865804263 -1.1212682231747748 -1.0692714239999295 -1.019536140699637 -0.9720196622435597 -0.9266784568103209 -0.883469845028826 -0.8423534991965159 -0.8032928190235636 -0.7662563073589603 -0.7312191664712071 -0.6981654733727409 -0.6670915020570318 -0.6380111099203041 -0.6109647209662479 -0.5860345879260463 -0.5633712568802274 -0.5432407308331506 -0.5261116064053785 -0.5128235174217676 -0.5049311366043931 -0.5054542274093021 -0.5206445558364946 -0.5645424694203611 -0.6719890160583339 -0.9395766871722878 -1.6546553692459067 -3.4562015556858823 -5.249458929255889 -3.469460473752631 -1.6650973476011504 -0.9478088342118528 -0.6798539211193048 -0.5728075186295525 -0.5295269069099773 -0.5149228199934369 -0.5148306322097255 -0.5229285341080431 -0.5361547625516337 -0.5529305267709668 -0.5724058443893872 -0.5941137454525655 -0.6178008638028122 -0.6433395316690692 -0.6706797641514202 -0.6998217396532518 -0.7307992415743415 -0.7636691453031657 -0.7985043054228353 -0.8353883652836084 -0.8744116385151129 -0.9156675651385041 -0.9592494548316797 -1.0052473629817886 -1.0537450344366124 -1.1048169138143065 -1.1585252671233122 -1.214917492181167 -1.2740237160064907 -1.335854785997126 -1.400400757780048 -1.4676299654566207 -1.5374887274039035 -1.6099016903783996 -1.684772743988455 -1.7619863407200735 -1.8414089294786735 -1.9228900457113607 -2.006262391620556 -2.091339981674058 -2.1779131174073587 -2.2657386001586333 -2.3545232145094417 -2.4438981739276553 -2.5333820221002403 -2.62232962572817 -2.709865689564985 -2.794803147622047 -2.8755504467003314 -2.9500177698014483 -3.0155409423593773 -3.0688523806140147 -3.106138186071178 -3.1232235995449424 -3.1159171358296756 -3.0805091614498195 -3.014363494940128 -2.9164760731137105 -2.7878331360813724 -2.6314122454606994 -2.4517357928759456 -2.2539784337197517 -2.042745024581896 -1.820954951825259 -1.5900705117469707 -1.3529708989015152 -1.1165628401102885 -0.8881528618483726 -0.6738319442689424 -0.4915617739013201 -0.35887919035137245 -0.27008689677863235 -0.21063232411002053 -0.16941302046861947 -0.13966038484952623 -0.11737371967480394 -0.10013327290758868 -0.08642324672979296 -0.07526078000312743 -0.06598880705421828 -0.058156434828679854 -0.05144733892141677 -0.045635426920219505 -0.04055652523453847 -0.03608978778134105 -0.03214517782943666 -0.028654847789771017 -0.02556708585132068 -0.02284199727667395 -0.02044839002104674 -0.018361520802110613 -0.01656147392849572 -0.015032017634680438 -0.013759826823648855 -0.012733987184225895 -0.01194571072785022 -0.011388201653148461 -0.011056618320035478
-0.0032625886495705842 -0.0033691113654577155 -0.003690144791188799 -0.004226644456530426 -0.004980119508251673 -0.0059527151972348135 -0.00714735410155797 -0.008567959576497065 -0.010219791422407365 -0.012109931311338383 -0.014247964855914886 -0.01664692107370107 -0.019324551250464922 -0.02230506265627441 -0.025621475566027584 -0.02931885588491949 -0.03345880982640271 -0.03812584399649507 -0.04343655298069489 -0.04955320342537215 -0.056704342748670374 -0.06521697185508916 -0.07556840984678985 -0.08847302665516116 -0.10503359827429953 -0.12701900843181185 -0.15740457818086342 -0.20149416893682628 -0.2693834628547628 -0.381207391489852 -0.5732415064806399 -0.8706126731039361 -1.2094065433557901 -1.527065735675218 -1.8196945604721686 -2.081513659228037 -2.310947975547811 -2.511614347795226 -2.685285856152361 -2.8309018835544806 -2.946542450721305 -3.031059985452525 -3.0848121544478126 -3.1097182182222194 -3.108916144101366 -3.0862533591804593 -3.0457838744402372 -2.9913737899974104 -2.9264513143121547 -2.853891067709749 -2.7759995016283026 -2.694563696650735 -2.6109315533300452 -2.526100726106138 -2.4408025635067734 -2.3555741635241256 -2.2708162037656647 -2.1868368732032177 -2.103883572957433 -2.022164562308046 -1.9418627591104936 -1.8631437005909013 -1.7861593691537834 -1.7110492677657159 -1.637939830578103 -1.5669429911996131 -1.4981545101414246 -1.4316524807001885 -1.3674962860731619 -1.3057261636019148 -1.2463634403982642 -1.1894114332832542 -1.1348569526379506 -1.082672311167039 -1.0328177138725456 -0.9852438938745968 -0.9398948606797034 -0.8967106416137004 -0.8556299254167288 -0.8165925582469106 -0.779541898376855 -0.7444271093263668 -0.7112055689921378 -0.6798457106622806 -0.65033082090022 -0.6226646635670331 -0.5968804024763488 -0.5730554145052947 -0.5513367615380452 -0.5319865202782946 -0.5154656347474719 -0.5025963030863088 -0.49489411235374603 -0.4952929629924704 -0.5098538804168747 -0.5521736904715527 -0.6559806755367746 -0.9148095848978318 -1.6072818644509297 -3.355489439437679 -5.099431940528158 -3.3673016853958413 -1.6167814515826346 -0.9224803257767886 -0.6633959868928196 -0.5599819884735358 -0.5182289930801175 -0.5041938500073767 -0.5041715874791651 -0.5120399138302455 -0.5248281005381739 -0.5409994963581696 -0.5597231158330469 -0.5805399948137623 -0.6031999902537837 -0.6275772656992049 -0.6536242096375553 -0.6813450188477486 -0.7107797150815905 -0.7419938345464155 -0.7750712318935619 -0.8101085761110335 -0.8472107300120346 -0.8864865532951417 -0.9280448793668894 -0.9719905502181245 -1.0184204854049963 -1.0674198258292353 -1.1190582401632534 -1.1733865133833647 -1.2304335563876798 -1.2902039816006345 -1.3526763831166828 -1.417802440860806 -1.485506934414577 -1.555688705776122 -1.628222546166288 -1.7029619019616142 -1.7797421925587529 -1.8583844078809104 -1.938698498588033 -2.020485885127914 -2.1035401873723347 -2.187645014258239 -2.272567356484226 -2.3580448109848473 -2.443764573143492 -2.529331937637635 -2.6142260925778675 -2.6977415083122245 -2.7789145725407027 -2.8564377996813604 -2.9285685096307787 -2.9930457464016307 -3.047038179185996 -3.0871551630461993 -3.109559032939852 -3.1102123053407698 -3.0852706503565424 -3.031586119211321 -2.947218978262416 -2.8317853059051052 -2.686406885304296 -2.5129854109880596 -2.3125775668336748 -2.083423116634547 -1.8219238854326423 -1.529690303841272 -1.2126362639480017 -0.8742835382032448 -0.5761342753136746 -0.3830431293694977 -0.270547155197509 -0.2022637175090613 -0.1579262998579246 -0.12737202193384026 -0.10526470343371179 -0.08861269389101217 -0.07563829643808906 -0.06523364005660978 -0.05668117103108923 -0.049501381346115134 -0.04336558870750193 -0.03804380839792883 -0.033372443442643035 -0.029233614953639478 -0.025541564331852288 -0.022233480742513682 -0.019263171383274432 -0.01659660232609717 -0.01420869862537236 -0.01208101178353467 -0.010199998910947338 -0.008555744206394884 -0.0071410082074899826 -0.005950525377260124 -0.004980492730463791 -0.004228206194574644 -0.0036918104299727443 -0.0033701341943348463
8.145928924004409e-5 -1.8436227145130078e-5 -0.0003210035184161149 -0.0008260531589470889 -0.0015332194444352364 -0.002442083736530414 -0.0035523619960722177 -0.004864169709640619 -0.006378382315411299 -0.008097115419314292 -0.010024357505675544 -0.012166800087782235 -0.014534928556101112 -0.017144465158060413 -0.02001829912040012 -0.02318910704986499 -0.026702974750843437 -0.03062450580774604 -0.035044189278209 -0.04008928381569946 -0.04594031960587698 -0.05285683800160569 -0.061218827898301735 -0.0715958663938113 -0.08486739603789883 -0.10244260823484193 -0.12668754987985617 -0.16181988000892558 -0.21596747707037825 -0.30642220483264854 -0.4735373410548772 -0.7992865944242529 -1.283105107611252 -1.7133506680882133 -2.061333802173563 -2.3419249100207216 -2.560607587226969 -2.7322833926221133 -2.866981603378213 -2.9686559172415903 -3.039115896351036 -3.0803223836693596 -3.0950547781941125 -3.0868044782346407 -3.0594055413638714 -3.0166537314369855 -2.9620213117574314 -2.8984940884441124 -2.8285153405591683 -2.7540053888397904 -2.6764250859729475 -2.5968581008488543 -2.516095109681722 -2.4347101810393474 -2.3531248627481682 -2.271658818370043 -2.1905677504750916 -2.110070257425788 -2.0303655825352624 -1.9516441952382573 -1.8740929629690375 -1.7978964286033496 -1.723235454636035 -1.650284255396577 -1.579206626855855 -1.510151996712268 -1.443251759620407 -1.3786162265546922 -1.3163324028737164 -1.2564627132764152 -1.1990447106276318 -1.1440917390763625 -1.0915944681511136 -1.0415231735274522 -0.9938306119198387 -0.9484553222844667 -0.905325183656639 -0.8643610719488866 -0.8254804836709988 -0.7886010348448461 -0.7536437982123256 -0.7205365148169873 -0.6892168138208421 -0.6596357114597255 -0.6317618668104257 -0.6055874087291873 -0.5811367348163391 -0.5584807639223532 -0.5377612189597598 -0.5192337710434357 -0.5033479555376367 -0.49090223453264686 -0.48336164987269464 -0.48355183088003784 -0.49729575986449737 -0.5376373871548066 -0.6369091518697757 -0.8847468678826875 -1.5481898284385882 -3.2240267915054557 -4.896054443530362 -3.2338694276219986 -1.5562848479661724 -0.8914364951815446 -0.6434474130530725 -0.5445364000106007 -0.5046845560380845 -0.4913850597509307 -0.4915056055152261 -0.4991728313980746 -0.511530704886975 -0.5270968267625705 -0.5450656578988684 -0.5649896806374869 -0.5866236977934529 -0.6098443846978772 -0.6346065250354439 -0.6609179364691601 -0.6888242287564742 -0.7183988249829104 -0.7497357924370553 -0.7829441250568134 -0.8181427147763863 -0.8554555902499412 -0.8950072094109558 -0.9369177265441571 -0.9812982475549235 -1.028246152422124 -1.0778406115371897 -1.1301384534027796 -1.1851705594826762 -1.2429389647655666 -1.3034148344144063 -1.3665374624471238 -1.432214403720295 -1.5003228008300271 -1.5707119061044388 -1.6432067244002206 -1.7176126133023244 -1.7937205749486094 -1.871312853114655 -1.9501683109408838 -2.030066904265427 -2.1107923811038978 -2.1921321278685757 -2.2738728497655263 -2.3557905263621928 -2.4376328478055833 -2.519092166719594 -2.59976699097226 -2.6791103645051977 -2.756364401493619 -2.830482140019055 -2.9000412339165638 -2.963159247921222 -3.017427536936761 -3.059888999428497 -3.0870916836026265 -3.095249869932963 -3.0805284642931965 -3.039424680650472 -2.9691400273378554 -2.8676916251565703 -2.7332519759734772 -2.5618628321240555 -2.3435103603156437 -2.063318704259122 -1.7159168108011211 -1.286739843099479 -0.8027166922413472 -0.47552149623316115 -0.30755514488997765 -0.21667567306927007 -0.16228955858766633 -0.12700581839525205 -0.10265577229847642 -0.0850032179886308 -0.07167286957901925 -0.06125056989644383 -0.05285400997395657 -0.04591181197297146 -0.04004272188229508 -0.03498618398442507 -0.030560750463147004 -0.026638264101808466 -0.02312732635579114 -0.01996241394876889 -0.017096531169197994 -0.01449613165317706 -0.012137530250624693 -0.010004313826566169 -0.008085435611699564 -0.006373787282875656 -0.004865112796886666 -0.0035571730919332174 -0.0024491001083618473 -0.0015408977942714776 -0.0008330600715388245 -0.00032628406258553293 -2.1262165176497582e-5
0.0016492594592958758 0.0015542480721211587 0.0012666787095323008 0.0007875283764039456 0.00011843076489586086 -0.0007384727828785397 -0.0017807503118912292 -0.003005971662240857 -0.004412087392001296 -0.005997910608373339 -0.0077637256199367816 -0.009712058374146935 -0.011848660139970286 -0.014183780945318674 -0.01673384748105216 -0.01952371956919032 -0.02258979285400365 -0.025984366311168308 -0.029781941456431097 -0.03408854092513395 -0.0390558670836977 -0.044903442521717185 -0.05195434642778569 -0.06069499262500323 -0.07187933105650367 -0.08671957351513819 -0.1072567037489068 -0.1371363820299505 -0.18340130586592843 -0.26120581483756056 -0.4082614130337728 -0.7288021702200588 -1.353370750021512 -1.9213987900880807 -2.3076648761088663 -2.5830104932806752 -2.7678456083804797 -2.894542373072838 -2.9819382401619277 -3.0378542214127924 -3.0664814531790547 -3.0714020799078976 -3.056273163717914 -3.0247539799153373 -2.9802813347289834 -2.925888633692681 -2.8641135884184594 -2.7969850277464126 -2.7260635562915416 -2.6525111269895283 -2.5771705702288137 -2.500642862161737 -2.4233554484559883 -2.345618801866181 -2.267670779664672 -2.189709652791259 -2.1119172817850442 -2.0344740998941657 -1.957567527365794 -1.8813952994295542 -1.8061650111279766 -1.7320909979790435 -1.6593894982019446 -1.5882728839255504 -1.518943606253538 -1.451588369625668 -1.3863729346849127 -1.3234378416875872 -1.2628952496751218 -1.2048269988397207 -1.1492839250967655 -1.0962863865739825 -1.0458259049078025 -0.9978677767608642 -0.9523544780353808 -0.9092096631273191 -0.868342555295953 -0.8296525336554406 -0.7930337450875413 -0.7583796081519659 -0.7255871294073357 -0.6945610248597722 -0.6652177356047322 -0.6374895624606104 -0.611329346720219 -0.5867164519320608 -0.5636653661678477 -0.5422392804465802 -0.5225729964429017 -0.5049135649163424 -0.4896956831160663 -0.4776883081627222 -0.47029551155252686 -0.4702144387222684 -0.48298767027722234 -0.5210089009249107 -0.614963884984985 -0.8498488325905152 -1.4786350528125938 -3.065607732876658 -4.64637369926921 -3.0731346442663723 -1.4849760896657553 -0.8552075332337015 -0.6202548321960408 -0.5266029722277645 -0.4889719274704338 -0.47654575348001876 -0.4768642326763721 -0.4843465471404327 -0.49627234616900967 -0.5112242996019194 -0.5284281255429653 -0.5474508832232129 -0.5680539013586852 -0.5901169898089961 -0.6135973322123397 -0.638505969242197 -0.6648934518501975 -0.6928403167394557 -0.7224500508875696 -0.7538432583173275 -0.7871523150880367 -0.8225161295956144 -0.8600748291249241 -0.8999643279097498 -0.9423108244278942 -0.9872253427116262 -1.0347984796263616 -1.0850955513724223 -1.1381523487458418 -1.1939717124496632 -1.2525211269692966 -1.3137315049036755 -1.3774972935432797 -1.4436779824465793 -1.5121010272061426 -1.5825661292799147 -1.6548507282914469 -1.7287164711201675 -1.8039163206193172 -1.8802018595372751 -1.9573302266512835 -2.0350699952774645 -2.1132051638192633 -2.191536275044204 -2.269877512698796 -2.348048447931891 -2.4258589362880936 -2.5030855332909523 -2.579437768526791 -2.654512812498896 -2.7277376808597134 -2.7982994360366567 -2.865066244501669 -2.926506027803144 -2.9806150064769383 -3.0248752207718836 -3.0562661500735984 -3.0713559540737045 -3.0664822126716014 -3.0379776847745585 -2.982245844867262 -2.8950822822351463 -2.7686625572668775 -2.5841641043310504 -2.309236841294508 -1.9236588564142172 -1.3570256216315653 -0.7313538164138268 -0.40949450469574156 -0.2618884918023602 -0.18382695452270917 -0.13741799577049388 -0.10744601027296004 -0.08684411851020482 -0.07195576858429914 -0.06073457971017694 -0.05196546456034339 -0.04489283116798505 -0.03902924012618978 -0.034050884400093906 -0.029737639290607118 -0.025937233518211193 -0.022543063320184173 -0.019480018600443162 -0.01669516901319447 -0.01415148212976188 -0.011823480445548897 -0.0096941653690974 -0.00775278571072829 -0.005993179845442061 -0.004412515470131992 -0.003010311389254951 -0.001787665059817485 -0.0007466356096895938 0.00011025086385881575 0.0007803956807632716 0.0012614361491076623 0.0015514781602080712
0.002379414706311324 0.0022877940459224495 0.0020115494487728857 0.001552293229562737 0.000912666482251617 9.616613462645353e-5 -0.0008931006520018911 -0.0020507380269349953 -0.0033724651488029915 -0.004854612700385276 -0.006494729793479308 -0.008292329151286484 -0.010249813916524094 -0.012373652769814699 -0.014675905355407698 -0.017176254611569786 -0.019904788371556223 -0.022905910991684944 -0.026243993907305627 -0.03001176231142852 -0.03434309460000179 -0.0394331429078926 -0.04557100098735793 -0.05319470298388913 -0.0629877638226095 -0.07605719284574797 -0.09428196786574047 -0.12104852372770315 -0.16296485960023346 -0.234443157223551 -0.37254199026120444 -0.694774977686471 -1.4635379570178983 -2.157957703851163 -2.544382001364206 -2.7823072235371384 -2.9128383038002057 -2.987044300287074 -3.027909396183332 -3.0438480642306014 -3.0393184646038978 -3.017909963763525 -2.982911356205588 -2.9372878960741224 -2.8835884806285534 -2.8238999196793717 -2.759856691919114 -2.6926888973882726 -2.6232894539934235 -2.5522862968522597 -2.4801106776453716 -2.407056887340808 -2.333331574065024 -2.2590925332502496 -2.1844777518707335 -2.1096258912754524 -2.034689509800365 -1.9598422971527318 -1.8852814996608742 -1.8112266020542889 -1.7379152182158715 -1.6655970366327182 -1.5945265667739683 -1.524955338697276 -1.4571241163383004 -1.3912555943235263 -1.3275479573545244 -1.2661695905704207 -1.2072551400195282 -1.1509030356407277 -1.0971745080648565 -1.04609405602441 -0.997651256510434 -0.9518037566043326 -0.9084812457738793 -0.8675901821218307 -0.8290190354733076 -0.7926438159817282 -0.7583336773756254 -0.7259564205538092 -0.6953837755660589 -0.6664964108992018 -0.6391887144719626 -0.6133735240705446 -0.5889871830175788 -0.5659956127417105 -0.5444026349981309 -0.5242627595528746 -0.5057025415296182 -0.48895842685172 -0.47444712007031353 -0.46290277001221963 -0.4556590123329218 -0.4552664205104339 -0.46694972606525376 -0.5023670705537672 -0.5903395240448516 -0.8105860166927779 -1.3999026074248921 -2.884145622606861 -4.357737100840625 -2.8892030684747647 -1.4042760201926163 -0.8143617859062708 -0.594100933944922 -0.5063500753878053 -0.47120570069521184 -0.4597611152849215 -0.460313945214731 -0.4676137795900553 -0.4790943425758276 -0.4934129889974445 -0.5098319633643125 -0.5279358178649745 -0.5474939380288724 -0.5683899225915201 -0.5905834266034243 -0.6140883925878995 -0.6389597382088892 -0.6652844006619268 -0.6931745364280434 -0.7227616666822472 -0.7541911041532067 -0.7876163167170478 -0.8231930817909906 -0.8610734185263562 -0.9013993780470497 -0.9442968390757226 -0.9898695047324017 -1.038193327413106 -1.089311604089016 -1.1432309847606825 -1.199918620997242 -1.259300651193078 -1.321262174177268 -1.3856488048599502 -1.452269836993168 -1.5209029592332868 -1.5913003866998268 -1.6631961802714494 -1.7363144348138655 -1.8103779262261857 -1.8851167154862882 -1.9602761195962133 -2.0356233683638134 -2.110952176300861 -2.1860843624444253 -2.2608675504008375 -2.3351678721587685 -2.4088564927525966 -2.481788685865079 -2.5537741678293555 -2.6245375198493264 -2.6936679376898915 -2.7605584581140294 -2.82433652502686 -2.883790616975541 -2.9373019011918857 -2.982795244184378 -3.017728659171983 -3.0391386668584124 -3.0437334367913786 -3.0279171822656124 -2.9872251538016914 -2.9132421505491055 -2.7829957833062515 -2.545425277513512 -2.1595869400778525 -1.4666284211881115 -0.6964318727353439 -0.37325369556147664 -0.2348244610958117 -0.1631983635062046 -0.12120039393820992 -0.09438182089960173 -0.07612058792921614 -0.06302403545820968 -0.053210156480426714 -0.04557036147327498 -0.03942025339699828 -0.03432125682256255 -0.02998389429508826 -0.026212689416472 -0.022873446696892803 -0.019873106042569946 -0.01714693582632677 -0.014650150542411049 -0.012352272154111736 -0.010233234776251793 -0.008280620786617714 -0.006487645231135064 -0.0048516441129543625 -0.0033729087082872747 -0.0020537632072811494 -0.0008978191579199457 9.063604782089978e-5 0.0009071434241242844 0.0015474857032308261 0.0020080192327133007 0.0022859297281337494
0.0026670643558983137 0.0025777603445309217 0.0023099365719906634 0.0018657683014609815 0.0012487803316045263 0.00046364753710651717 -0.00048408346786426914 -0.001588351391044136 -0.002843018037670052 -0.004242392662064943 -0.005781855337479792 -0.007458601657317192 -0.009272546255541282 -0.011227445183976543 -0.013332331335207304 -0.015603409518048873 -0.018066640095088616 -0.020761372819440897 -0.023745612634986972 -0.027103875279295142 -0.0309592542302629 -0.03549253303166199 -0.040973480851614695 -0.047814045862446516 -0.056662738679027776 -0.0685808193506784 -0.08539209170247687 -0.11043334099507664 -0.1503378247735499 -0.21993171047482069 -0.3589191653322488 -0.707387879822974 -1.6708402203177006 -2.407241171553273 -2.747972202595686 -2.917976942040641 -2.9853733112155965 -3.0107509560579637 -3.0135350644077037 -2.99972346429227 -2.972548154855464 -2.9346631996677446 -2.888419075624659 -2.835824509183749 -2.778510299540427 -2.71773661357311 -2.6544327816802213 -2.589253426484449 -2.5226388616794653 -2.454872432927797 -2.386131029393689 -2.3165272778607613 -2.246143248594309 -2.1750561812436993 -2.1033570385691585 -2.0311627897363995 -1.9586233199802328 -1.88592382230792 -1.8132834755793603 -1.740951166882606 -1.669198973884916 -1.5983140825430675 -1.5285897742928074 -1.4603160677512073 -1.393770544491133 -1.3292098211999486 -1.266862055342352 -1.2069207884268955 -1.1495403425863062 -1.0948328969611811 -1.0428672828168244 -0.9936694542913346 -0.9472245190064098 -0.9034801516671068 -0.8623511666292258 -0.8237249940685011 -0.7874677894477689 -0.7534309075602248 -0.7214574907984239 -0.6913889553667395 -0.6630712110332473 -0.6363605195626981 -0.6111289919812595 -0.5872698561417429 -0.5647028187358345 -0.5433801499190517 -0.5232946319175054 -0.5044914389398913 -0.4870877821471496 -0.47130771101263746 -0.4575470171376899 -0.4465001670907745 -0.43942183631949483 -0.438700089824587 -0.4492094121047292 -0.481799599729387 -0.5632430929865291 -0.7674504012910561 -1.3133239688352467 -2.6836678734535533 -4.0376935263506795 -2.686291831384266 -1.3156623498726177 -0.7695079959873966 -0.5653038338689137 -0.4839800051031948 -0.45153375062661555 -0.44114898262648117 -0.4419530010300037 -0.44905785926608816 -0.46006718119343265 -0.4737214791848513 -0.4893243245192366 -0.5064805435666994 -0.5249691411910458 -0.5446782697144837 -0.5655702675715067 -0.5876618003855946 -0.6110117062712311 -0.6357127133492831 -0.6618849700108748 -0.6896702581407043 -0.7192262758313388 -0.7507206816720897 -0.7843247861666528 -0.8202069073116993 -0.8585255006590454 -0.8994222429773496 -0.9430152971852426 -0.9893930184854374 -1.038608376562264 -1.0906743675662882 -1.1455606715308906 -1.203191776796087 -1.2634467428093055 -1.3261607096082644 -1.3911281865862353 -1.4581080695659374 -1.5268302458518614 -1.5970035562101663 -1.668324793578172 -1.74048833519471 -1.8131959288386137 -1.8861660889292977 -1.9591425018131996 -2.0319007941674627 -2.1042529779274393 -2.176048848000402 -2.247173569988474 -2.3175406509815857 -2.3870794401416022 -2.455716266423106 -2.5233483209711363 -2.589809487990013 -2.6548276310296357 -2.717973524551291 -2.778602941123135 -2.8357956949240135 -2.888299007143252 -2.9344873102816695 -2.972354740013814 -2.9995514164615016 -3.013422249057799 -3.010734127432209 -2.9854907951938148 -2.9182730162262547 -2.7484834368955258 -2.408034866385737 -1.6727909761189421 -0.7082652514433811 -0.3592434011086337 -0.22009199070442023 -0.15043031853446315 -0.11049013798098441 -0.08542676295734272 -0.068600183600919 -0.056670760502934826 -0.04781336320350503 -0.04096607220180591 -0.03548002678297765 -0.030943072984484874 -0.027085297875503088 -0.023725793210549736 -0.02074133763532614 -0.018047274151375647 -0.01558544069240926 -0.013316317166421444 -0.011213765768415507 -0.009261405168336404 -0.007450035621109353 -0.005775752188036611 -0.004238516244454138 -0.002841038026450294 -0.0015878756805710445 -0.00048469076980913947 0.00046237692969275845 0.0012472372483774705 0.0018642918306719643 0.002308796085280506 0.0025771424256277047
0.002696064726535226 0.0026083654488198256 0.0023468595383787758 0.0019142483479949854 0.0013148783815482728 0.0005545107643494851 -0.0003599961720640403 -0.001421087552316134 -0.0026209937589566626 -0.003952294787607883 -0.005408574851641869 -0.006985185050613389 -0.00868014705346214 -0.010495253591505634 -0.012437455708963239 -0.014520678923125786 -0.01676829248607249 -0.019216588289817836 -0.021919846734471327 -0.024957946928371794 -0.028448155309380007 -0.032563976542101074 -0.03756635432199224 -0.04385735227824125 -0.052076742362219715 -0.06328527926400553 -0.0793357268101143 -0.10368798682186964 -0.14340543530337255 -0.21486683388135364 -0.36462348892568036 -0.7792073100726357 -2.021790234999817 -2.630265218867394 -2.892602686370518 -2.9779480541072116 -2.9889653253499437 -2.977404710552846 -2.953984209872679 -2.9213048975075213 -2.8809884972787945 -2.834560099280777 -2.783405625226113 -2.7286841821555123 -2.6712970509352005 -2.6119002325695524 -2.55093976797416 -2.4886956155334423 -2.4253259459826766 -2.3609076948133993 -2.295471544732405 -2.229030779939639 -2.1616040928515936 -2.0932327124620786 -2.023992335897574 -1.9540003774910688 -1.88341905690626 -1.812454853135237 -1.7413548614604952 -1.6704006074590467 -1.5998998875251809 -1.5301772166563192 -1.4615634625215643 -1.394385229604156 -1.328954522609682 -1.2655591679031533 -1.20445440318003 -1.145855965194169 -1.0899349150245827 -1.0368143448495448 -0.9865680155661705 -0.9392208839945176 -0.8947513965841363 -0.8530953575619595 -0.8141511246430951 -0.7777858482234529 -0.7438424493355524 -0.712147030208431 -0.682516426225057 -0.6547656412045069 -0.6287149584200592 -0.6041965901122589 -0.5810608220258173 -0.5591817402177874 -0.5384628143623095 -0.5188429027040553 -0.5003037277578456 -0.48288073482209987 -0.4666808808496862 -0.45191418270365763 -0.4389528060900375 -0.4284470838581288 -0.4215651789824438 -0.4205189667855683 -0.4298055938773779 -0.4594068429970856 -0.5338981682602802 -0.7209609973720514 -1.2202834634520836 -2.4682964787268737 -3.693890520976348 -2.4686930078676617 -1.2206630361064568 -0.7212902733869442 -0.5342113105570754 -0.459722830963681 -0.4301311375810279 -0.4208541391382148 -0.42190636317800395 -0.42878845890945516 -0.4392871830295614 -0.4522335559617372 -0.46697685150766066 -0.4831448729051087 -0.5005279006408089 -0.5190195786230067 -0.5385853408294627 -0.5592445929238749 -0.5810598182908624 -0.6041290603072292 -0.6285798694577365 -0.6545636673514686 -0.6822499643454154 -0.7118201579513633 -0.7434608274076268 -0.7773565694566043 -0.813682514826254 -0.852596734626372 -0.8942327964530377 -0.9386927622628082 -0.9860409354063738 -1.0362986617608199 -1.0894404692367639 -1.1453917921841963 -1.2040284722758254 -1.2651781576792938 -1.328623640881385 -1.394108084126779 -1.4613419866500477 -1.5300116525416532 -1.5997888274900016 -1.670341091876001 -1.7413425298052443 -1.812484142748964 -1.8834834425039417 -1.9540926426447944 -2.024104866609402 -2.093357801836564 -2.1617342455328683 -2.229159004483198 -2.2955916222239656 -2.3610144133327826 -2.4254152908330187 -2.4887649075805633 -2.5509877441691824 -2.6119270658648044 -2.6713043102625758 -2.728674737888249 -2.7833835127986983 -2.8345303638556847 -2.8809570611137447 -2.921278522435778 -2.953970673963538 -2.9774133218193417 -2.989007349580933 -2.9780324891769285 -2.892708362691824 -2.6303177913621174 -2.021999379470228 -0.7792852345306918 -0.3646175863640549 -0.21484995167369642 -0.1433886798120308 -0.10367287295946208 -0.07932208117446597 -0.0632726939758205 -0.052064866683247196 -0.04384593659310799 -0.03755523983112044 -0.03255307592903121 -0.02843743476391926 -0.02494741130279545 -0.021909527582379483 -0.019206534216383894 -0.01675856136340371 -0.014511331727971003 -0.012428551771982014 -0.010486847183931582 -0.0086722852002703 -0.006977906459784527 -0.005401909779678612 -0.003946265647772834 -0.0026156162278683365 -0.0014163719316429683 -0.0003559488003030621 0.0005578862521004871 0.0013175800276098903 0.0019162751390676763 0.0023482109533354335 0.0026090412155521784
0.0025580704235371034 0.002471544461344784 0.0022149192527675266 0.0017914025531326487 0.0012061306346441323 0.0004659009146964704 -0.0004211920551851312 -0.0014462097955147304 -0.002599905769185142 -0.0038733407186112463 -0.005258580729171585 -0.006749491744405841 -0.008342660243067538 -0.010038493457714005 -0.011842587856202607 -0.013767508338234483 -0.015835204855562054 -0.018080429707261744 -0.020555747908750276 -0.02333913113726705 -0.026545842400264953 -0.030347659316426363 -0.03500510078845713 -0.04092368438340944 -0.048756873160324884 -0.05960537286326229 -0.0754305782421408 -0.0999912066481688 -0.14123162658287614 -0.21852183262980138 -0.3918217780252011 -0.9476489791729741 -2.444823289291313 -2.798076797072616 -2.9591138060417825 -2.9662481862299996 -2.9383477993047737 -2.9040323875527925 -2.8656214759186303 -2.8230745432297604 -2.776744695792699 -2.7272557968490214 -2.6752560969804806 -2.621292539922801 -2.565769471430549 -2.508950867726957 -2.450982115453179 -2.3919188221214687 -2.331756422717373 -2.2704576215155767 -2.207976364286962 -2.1442778457723195 -2.0793544361130416 -2.0132375818509147 -1.9460058191858287 -1.8777890904023582 -1.8087696043312969 -1.7391795406996016 -1.6692959608830258 -1.5994333543549573 -1.529934308122077 -1.46115883360923 -1.3934729130091386 -1.3272368318356542 -1.2627938464723338 -1.2004596920740174 -1.1405133722313066 -1.0831895902284525 -1.0286730869338694 -0.9770950486494988 -0.9285316451040235 -0.8830046586011886 -0.8404840743540835 -0.8008924249154906 -0.7641106191285636 -0.729984942144301 -0.6983348874072851 -0.6689614760674145 -0.641655731393969 -0.6162070083956819 -0.5924109284738318 -0.570076740620432 -0.5490340248187581 -0.5291387829113425 -0.5102791446920507 -0.492381193631226 -0.4754158696108619 -0.45940870190184224 -0.4444556231054897 -0.4307511039485928 -0.41864116738835616 -0.408728005059947 -0.40208675840777997 -0.40074184382358347 -0.40879160926695035 -0.43530396850600367 -0.5025461990550334 -0.6716641304692409 -1.1222143784056897 -2.242213235567273 -3.33396448913477 -2.2407248889974265 -1.120840219388947 -0.6703771796006202 -0.5011909527873052 -0.4338271161707842 -0.40719150037781554 -0.39904057138058885 -0.40031899719003305 -0.4069360728403215 -0.4168722666396597 -0.4290553192674429 -0.44288416805076286 -0.4580122429795114 -0.4742428856298991 -0.49147638317964787 -0.5096819184163325 -0.5288818867219508 -0.5491423424397464 -0.5705663212077489 -0.5932882788801247 -0.6174686814784196 -0.6432882311225768 -0.6709414887926441 -0.7006298365955292 -0.7325538513398686 -0.7669052567252538 -0.8038586931725087 -0.8435635965670764 -0.8861365105060229 -0.9316541715883192 -0.9801477037272429 -1.0315982341055652 -1.0859342015610907 -1.1430305682823512 -1.202710070183172 -1.264746552047603 -1.3288703366213563 -1.3947754739679719 -1.462128617285491 -1.5305791771435955 -1.5997703242197934 -1.6693503466480748 -1.7389838246250615 -1.808362065206966 -1.8772122442411365 -1.9453047288358 -2.0124580979950375 -2.0785414368006427 -2.1434735424306184 -2.207218741833225 -2.269779076534273 -2.331182658040054 -2.391468047511072 -2.45066459344703 -2.508768830844418 -2.5657174223002124 -2.621357929980987 -2.675420362015303 -2.727495708384416 -2.777033964481542 -2.823385574448877 -2.865927096543973 -2.9043070891931864 -2.9385668330539896 -2.966376866636008 -2.9590583852467276 -2.797648289309599 -2.443391810358301 -0.9465701504417672 -0.39147703634306463 -0.2183482228695064 -0.14112602234926724 -0.09992079668264532 -0.07538130047572306 -0.059570075854313516 -0.048731436051760155 -0.04090546854075952 -0.034992253114226796 -0.030338774194179508 -0.026539790723745946 -0.02333497328360042 -0.0205526911256316 -0.018077809528734032 -0.01583247913375445 -0.013764257059083749 -0.011838514312287583 -0.010033423921641948 -0.008336540303588564 -0.006742378375574485 -0.0052506298355245624 -0.003864790551072369 -0.0025910570450295213 -0.0014374037179677366 -0.00041278753145678685 0.00047354955301272874 0.0012126942555340224 0.0017965953114912794 0.002218513491679142 0.0024733820630731705
0.0023007119096627514 0.002215138359158316 0.001962484502945137 0.0015464533331838316 0.000972953718585093 0.00024978954879514175 -0.0006137593011295552 -0.0016074521810801078 -0.002720687537262402 -0.00394317926201145 -0.0052657082458260245 -0.006680959306174634 -0.00818447091538165 -0.009775750590312425 -0.011459646270531889 -0.01324812084355059 -0.01516266600308809 -0.017237736496302985 -0.01952583111377828 -0.022105277256806468 -0.025092561179796795 -0.028662536866517624 -0.03308280675766241 -0.03877475560704652 -0.046427459023548195 -0.05722349468340316 -0.07332136881089615 -0.09899049707194127 -0.14365771131090146 -0.23188353710116022 -0.44956577541193293 -1.3195252575295064 -2.6928737092957924 -2.898807939500887 -2.9452633468237717 -2.900648186298036 -2.8525546311664596 -2.807317993728742 -2.762326412276296 -2.716153771026386 -2.668413381627701 -2.619159273426869 -2.5685688164784253 -2.516806209142172 -2.463974156258673 -2.4101061213471517 -2.3551764724930098 -2.2991177688130127 -2.2418400444711075 -2.183249597042038 -2.1232660394814213 -2.0618369661403384 -1.9989498638323424 -1.9346410456725824 -1.8690014827514085 -1.8021794946750547 -1.7343803524625765 -1.6658629470834598 -1.5969337804930928 -1.5279386366266183 -1.4592523791105863 -1.3912673936957918 -1.3243812403258448 -1.2589840996441932 -1.1954465888225878 -1.134108484075611 -1.0752688239816108 -1.019177783349608 -0.9660306085132979 -0.9159637954788449 -0.8690535821512048 -0.8253167173320992 -0.7847133703727209 -0.7471519592563838 -0.7124956052819501 -0.6805698717849391 -0.6511714135125882 -0.6240771535899133 -0.5990536152745869 -0.5758660670883354 -0.554287190840464 -0.5341050544672 -0.5151302681666325 -0.4972023309056034 -0.4801953523732436 -0.4640235980595563 -0.44864772473992637 -0.4340833004991436 -0.4204145560840157 -0.40781900119463393 -0.3966142022028704 -0.3873506919348583 -0.38100522447484175 -0.3794060831466083 -0.38623732052130194 -0.40962158818850447 -0.4694453172625214 -0.6201291101111972 -1.020585844962268 -2.0096103231758544 -2.9654232913312137 -2.0066729820201235 -1.0177669668544491 -0.6174466963844838 -0.4666176231675199 -0.40654864677675173 -0.3829168507098076 -0.37588239212867547 -0.37734804537806566 -0.38364555740751155 -0.3929569406366266 -0.40431167675077234 -0.4171618842804515 -0.4311892061410961 -0.4462119615981601 -0.4621384575577078 -0.4789425362500992 -0.4966500828004987 -0.5153308638431761 -0.535092745432258 -0.5560766844382038 -0.578451609271819 -0.6024087214694962 -0.6281550099272762 -0.655905945660789 -0.6858774542490738 -0.7182773595987354 -0.7532965677537822 -0.7911003130635008 -0.8318198234495858 -0.8755447766286031 -0.9223169129450333 -0.972125144736423 -1.024902455813379 -1.080524819423289 -1.1388122814872792 -1.1995322608332004 -1.2624050134828333 -1.3271111002240399 -1.3933005900089859 -1.4606036335686656 -1.5286419580719823 -1.5970407700048792 -1.6654405138170663 -1.7335079234018949 -1.8009458193630168 -1.867501149975084 -1.9329708405282016 -1.9972051017044679 -2.0601079436074383 -2.1216347405957774 -2.181786787173822 -2.240602871652093 -2.2981479756412737 -2.354499299088412 -2.409729952570787 -2.4638909355056238 -2.5169926063700157 -2.5689881000585415 -2.6197637936217006 -2.669147521079405 -2.716957140123185 -2.763136909504748 -2.8080739198673887 -2.853193522954085 -2.9010934812181493 -2.945362063125389 -2.898207127939016 -2.6912217724822116 -1.3160078361052097 -0.4487784411440511 -0.23155197783587883 -0.14347504264195474 -0.09887681280538096 -0.0732462646173648 -0.057172753369729976 -0.04639338669572999 -0.03875264601831109 -0.03306945357865203 -0.02865554953256362 -0.025090033720631948 -0.022105625632102898 -0.019527715860862327 -0.017240029906423253 -0.015164442140072315 -0.013248655959221284 -0.011458421926258159 -0.009772454563828104 -0.008178992732833087 -0.006673378685958114 -0.005256275839857677 -0.00393229008421141 -0.0027088483263350885 -0.0015952444790283868 -0.0006018004053510031 0.00026088553142244965 0.00098261264379711 0.0015541738458074777 0.0019678655761186914 0.002217900572307594
0.0019490320331208852 0.0018643459788433364 0.0016151716741525648 0.0012056999737853158 0.0006426014192273895 -6.53354782934942e-5 -0.0009076873823728442 -0.0018729831977166277 -0.0029493777050716126 -0.00412539798413463 -0.005390756721824566 -0.006737239408043617 -0.008159691692032858 -0.009657161115859642 -0.011234288223519132 -0.01290310351427278 -0.014685482958333437 -0.016616672758463336 -0.018750563608619344 -0.02116787428883115 -0.023989291837368944 -0.027397329151867707 -0.03167413018791173 -0.03726987175682678 -0.04493333506874553 -0.05597797393385571 -0.0728704062766062 -0.10067949525332526 -0.1512235451250506 -0.258114337236342 -0.5620528068561759 -2.123717411679491 -2.7760557653478917 -2.915899266885911 -2.8700085947674605 -2.8033349256485645 -2.74869603404689 -2.7003801966512837 -2.6541043224679757 -2.6080169175802794 -2.5614151322532037 -2.514058248605828 -2.465865738940543 -2.416791028586765 -2.3667732663984107 -2.315724267777491 -2.2635314951281114 -2.2100682092042794 -2.155206493118481 -2.098830931046572 -2.040851688726427 -1.9812162008298206 -1.9199189053826382 -1.8570086078187606 -1.7925931735455352 -1.726841361917905 -1.6599817369395773 -1.5922987197941763 -1.5241259789695738 -1.4558374782637946 -1.3878366127260253 -1.3205439503091503 -1.2543841573366936 -1.1897727146602666 -1.1271030279499323 -1.0667345000557797 -1.0089820703122443 -0.9541076384662334 -0.9023136865716465 -0.8537392978672 -0.8084586527334806 -0.7664819667227649 -0.7277587280887793 -0.6921829987811788 -0.6596004655507383 -0.6298168707001071 -0.6026074158710409 -0.5777267185131613 -0.5549189092091616 -0.5339274889125135 -0.5145046176818655 -0.4964195811550354 -0.47946627942245207 -0.4634697125427304 -0.4482916095434248 -0.4338355962129187 -0.4200526824173764 -0.40694850475762445 -0.3945949653782391 -0.38315128547503824 -0.37290448814144744 -0.36435048518734264 -0.3583635362171547 -0.35656989648497367 -0.36223008559168535 -0.38250506528325084 -0.4348671752068062 -0.5669403104149446 -0.9168822948987811 -1.774628380848362 -2.595522639166511 -1.770723608900119 -0.9129994132341339 -0.5631690873862145 -0.43085987388701713 -0.37813853989375795 -0.3575069086370138 -0.35155435016074976 -0.3531545790770304 -0.35906921565149363 -0.36768679393049136 -0.378142280392299 -0.3899439824383408 -0.40280422812001326 -0.4165583269117199 -0.4311241840777295 -0.4464814570910471 -0.4626602659059838 -0.4797344448916813 -0.49781668832240605 -0.517054137520089 -0.5376236048522557 -0.5597260106156363 -0.5835798526059879 -0.6094136998337277 -0.6374578301557815 -0.6679352314359389 -0.7010522631916434 -0.7369893315966156 -0.775891966345676 -0.8178627018440191 -0.862954157117548 -0.9111636789291124 -0.962429861868777 -1.016631188327962 -1.0735869440542816 -1.133060464001116 -1.1947646532742984 -1.2583696145345333 -1.323512102125909 -1.3898064217610109 -1.4568563078560457 -1.5242672471861611 -1.591658679909645 -1.6586755025636768 -1.7249983219802767 -1.7903519651607989 -1.854511832225866 -1.9173077836491341 -1.9786253711784867 -2.038404345950539 -2.0966344993038333 -2.1533490069158887 -2.208615553258297 -2.262525621167237 -2.3151824678656077 -2.366688536916185 -2.4171335088183685 -2.4665851535747625 -2.51508722397964 -2.5626731845194564 -2.609414811172031 -2.655548308568869 -2.7017751688366825 -2.749945129224616 -2.804327170155776 -2.870559397080018 -2.9155429004277167 -2.7744454392915796 -2.115208044208991 -0.56049534826575 -0.257593745100288 -0.15096684010654643 -0.10053051885080172 -0.07277684918348297 -0.05591738272537101 -0.04489434419271204 -0.037245900593242585 -0.03166089082585564 -0.027391732834818446 -0.023988937204405 -0.02117080063630141 -0.01875513305904259 -0.016621517639329755 -0.014689486234173333 -0.012905394744536317 -0.011234244797590167 -0.009654408377804458 -0.008154097949914027 -0.006728903343914652 -0.005379986128151603 -0.004112679782485254 -0.0029353401935173 -0.0018583522881175589 -0.0008932390766251719 -5.184721149332687e-5 0.0006543979533617834 0.0012151620290580896 0.001621782560214141 0.0018677443358097135
0.0015157896314050693 0.001432041121760547 0.0011861900873736152 0.0007829085526177102 0.0002296184394879887 -0.00046392894891104437 -0.0012862097344450468 -0.0022245964377979777 -0.003266114817137489 -0.00439826849492132 -0.005609920669061623 -0.006892237212808234 -0.008239717565508415 -0.00965137119562173 -0.011132142643604244 -0.012694755996753 -0.014362256075365959 -0.0161716996901603 -0.01817975440054654 -0.02047151102278056 -0.023174848505817705 -0.026484721362041136 -0.03070594327530109 -0.03633226254087867 -0.044201217965009726 -0.05581983819190711 -0.07411485228095391 -0.1053837807511306 -0.16534509750348653 -0.30434046403917775 -0.8011201727672141 -2.86017461864439 -2.831291462786043 -2.8502096726899966 -2.761810156351359 -2.692760438789828 -2.6391442569589825 -2.5920364309198964 -2.5472791255578238 -2.5031074199144605 -2.4587586475544567 -2.413878251247084 -2.368269555583202 -2.3217876710676384 -2.27429632522368 -2.22565358127614 -2.175711412228544 -2.124322085987103 -2.0713478107340353 -2.0166716677718424 -1.9602085929737267 -1.9019155274663835 -1.8418000589290404 -1.7799270158631855 -1.7164226054154486 -1.6514758178724447 -1.58533696374873 -1.5183133577733219 -1.4507623133056062 -1.3830817494617318 -1.3156988373752292 -1.2490572100514383 -1.183603328919245 -1.1197726357660527 -1.0579761181947294 -0.9985878833499078 -0.9419342702406734 -0.8882849417930743 -0.8378462893119517 -0.7907573621793353 -0.7470884116870598 -0.7068420151822224 -0.6699566330688437 -0.6363123500659769 -0.6057384682517537 -0.5780225554964966 -0.5529205120422763 -0.5301672001764193 -0.5094871887040552 -0.49060519539429975 -0.47325586445538925 -0.4571925939553628 -0.44219522965787705 -0.42807657073602384 -0.41468780210174133 -0.40192320041350643 -0.38972481214668486 -0.3780883839227048 -0.36707288124356324 -0.3568179994319102 -0.3475783983523486 -0.3397930399665559 -0.33423095886727344 -0.3323134284422195 -0.33687467216334116 -0.35411278007546115 -0.39909245683059946 -0.5126869025644101 -0.8125777906403191 -1.5412854444706956 -2.2311393729137077 -1.5368935248526805 -0.8080470196982439 -0.5081896943753242 -0.3942669756492592 -0.3488321438040212 -0.33114918628957024 -0.32622293592186 -0.3278957378035316 -0.3333600296855685 -0.34121287963142966 -0.35069709681061545 -0.3613795753723029 -0.37300560015411116 -0.3854295074262813 -0.3985805253792614 -0.41244548583381613 -0.42705970494242923 -0.4425016356363435 -0.458888946836071 -0.476374729019149 -0.4951430993884478 -0.5154038240323507 -0.5373858030412522 -0.5613294307766843 -0.5874779721145855 -0.6160681981604361 -0.6473206051610508 -0.6814295989662803 -0.7185540632966332 -0.7588087432109623 -0.8022568638566615 -0.8489043705860457 -0.898696120149767 -0.9515142765860679 -1.0071790725065366 -1.065451990876058 -1.1260413081812244 -1.1886098230452693 -1.252784480293918 -1.3181674964901593 -1.3843485053775968 -1.4509171765730202 -1.5174757247983102 -1.5836507222365006 -1.6491036562838872 -1.7135397364658203 -1.7767145467506194 -1.8384382545827922 -1.8985772198553001 -1.9570529876405722 -2.01383878823809 -2.068953800826763 -2.1224555607920865 -2.174431008797898 -2.224986812019865 -2.2742397809798356 -2.322308558617722 -2.3693084875026282 -2.415353133500356 -2.4605694286735664 -2.505141357275704 -2.5494160375286783 -2.5941529703847137 -2.641114956498706 -2.6944485937134073 -2.7630209967005634 -2.850488988782665 -2.8297590956620815 -2.8544026948788166 -0.7976928398535955 -0.3035433340655542 -0.16500594290422504 -0.10520323586673955 -0.07400786085628608 -0.05575339924451694 -0.04415987847766524 -0.03630764921103928 -0.030692903557866497 -0.026479715381383214 -0.02317522368747169 -0.020475159556968412 -0.018184949302081383 -0.01617701832086155 -0.014366547335516342 -0.01269712859290149 -0.01113196199214987 -0.009648257558702394 -0.008233540822942914 -0.006883105305457959 -0.005598160052393045 -0.004384395905372372 -0.0032508006538681 -0.0022086209011481445 -0.0012704135905691558 -0.00044916141859907625 0.0002425518484257553 0.000793295284049166 0.0011934539667822898 0.001435777414812448
0.0010067511872379423 0.0009240753034285957 0.0006816674763834354 0.00028467244816935214 -0.0002587505231079809 -0.0009379151810736902 -0.0017402485692066707 -0.0026520518893991393 -0.003659349460151224 -0.004748798659059251 -0.005908645125355692 -0.00712972555013585 -0.008406546098089726 -0.009738500383847487 -0.011131341965231837 -0.012599102383661727 -0.014166765962622844 -0.01587421296559886 -0.017782294113396636 -0.019982543686226345 -0.022613272865678224 -0.02588726523407541 -0.030141553688572253 -0.03593162643986696 -0.04422131129063147 -0.0567968857990126 -0.07726720142430138 -0.11384155751570277 -0.18886725900539283 -0.3871256279225886 -1.4404255517088302 -2.746909618822051 -2.8237515835647486 -2.735336393604657 -2.6436906208217623 -2.5809193177027243 -2.5315169941112194 -2.4874571950383033 -2.4453446270876587 -2.403696512407938 -2.3618164740365706 -2.319338416646467 -2.2760334427122473 -2.23172553722386 -2.1862554978148916 -2.139467822712478 -2.091209247260236 -2.041333472614472 -1.9897091906424043 -1.9362296681087399 -1.8808226991688572 -1.8234600148723932 -1.764165409278999 -1.7030209778572962 -1.6401709982469561 -1.5758231266483904 -1.510246737415555 -1.443768393743698 -1.376764596090771 -1.3096521039409839 -1.242876257663364 -1.176897832102965 -1.1121790278462065 -1.0491692447389809 -0.9882912847097605 -0.9299285976774813 -0.8744141200600095 -0.8220211638717777 -0.772956703722725 -0.727357285829908 -0.6852876546358388 -0.6467420654576954 -0.6116481323013722 -0.5798729524116435 -0.551231159261511 -0.5254944856375673 -0.5024023725827029 -0.4816731383231666 -0.46301522724373145 -0.4461380899920802 -0.43076230280010147 -0.41662861476367863 -0.40350571630985343 -0.3911966518352637 -0.3795439634254216 -0.3684338696015039 -0.35780009896382653 -0.3476285072905484 -0.3379645145358993 -0.3289271588949104 -0.32073723500259727 -0.3137751424105956 -0.308703445442914 -0.3067385450109023 -0.3102921873094505 -0.32461365911940193 -0.3624057262022861 -0.4579515378109509 -0.7090901073715419 -1.3134009521389012 -1.8786459799344644 -1.3089592185463084 -0.7044006728699085 -0.45311353855150466 -0.3571580483291586 -0.3188399952759339 -0.30401091641059075 -0.3000390237952221 -0.3017180377525819 -0.30666565902171905 -0.31368644131578216 -0.3221318888127132 -0.3316291476826552 -0.3419584151457521 -0.35299501275285355 -0.36468127624861696 -0.37701270616568267 -0.390030941756053 -0.40381976669064024 -0.4185020997592611 -0.4342368193324137 -0.4512147701295738 -0.4696536094012861 -0.4897913623183084 -0.5118787170699288 -0.5361702195359402 -0.5629146323894292 -0.5923448070763893 -0.6246674777437392 -0.6600534225269018 -0.6986284491362934 -0.7404656467898715 -0.7855793075152001 -0.8339208577781432 -0.8853770594842477 -0.9397706418280395 -0.9968634158438107 -1.056361807041389 -1.1179246231353932 -1.1811727591980254 -1.2457004382653656 -1.3110874973581053 -1.3769121642156963 -1.4427637335891033 -1.5082545486827954 -1.573030724574858 -1.6367811157226801 -1.6992441261805498 -1.7602120828944499 -1.819533032410208 -1.877109970676437 -1.932897665929208 -1.9868973784516164 -2.039149913812533 -2.089727569246581 -2.1387256590026267 -2.186254467102912 -2.232432747986033 -2.2773844370070773 -2.3212413877970897 -2.3641575062971234 -2.4063454844736305 -2.4481612554243815 -2.490296335840411 -2.534231339807773 -2.583354273902662 -2.6456522614778453 -2.736445996773098 -2.822956729102482 -2.7444058400325795 -1.4304616508376418 -0.3858256772894947 -0.1884190740870849 -0.11362807142689296 -0.07714937241710945 -0.05672705726154735 -0.04417911486401172 -0.03590685780135174 -0.030128360071691007 -0.025881863132980285 -0.022612962146038085 -0.019985254931224942 -0.017786374024777035 -0.01587832237416985 -0.014169832920595867 -0.012600302186609957 -0.011130089416742376 -0.009734446069578623 -0.00839957164702087 -0.007119934647815919 -0.005896348105865165 -0.004734489367485777 -0.0036436738898909912 -0.002635768931264553 -0.0017241840784145983 -0.0009229113879732954 -0.0002456135268879203 0.00029522386753521045 0.0006890482791789253 0.0009278725071072113
0.00042358455593083865 0.00034218033335615744 0.00010356922160228337 -0.0002866437824326951 -0.0008195836573549538 -0.0014836682018197376 -0.0022653415607131206 -0.0031499365696129513 -0.004122623970775991 -0.005169413523520791 -0.006278186311716506 -0.007439759451756569 -0.008649014849468678 -0.009906165159392466 -0.01121828845098927 -0.012601349824535674 -0.014083066216814152 -0.015707203706093364 -0.01754031183777026 -0.019682674537075374 -0.02228677245413423 -0.025589666066234223 -0.029972488835215447 -0.036076038673343594 -0.045041453514892506 -0.059057313987406726 -0.08275631307466869 -0.12741761034484148 -0.22745420845608008 -0.5526449378841228 -2.975344706625246 -2.72524226701381 -2.728639642215039 -2.6077093717405155 -2.528697941428792 -2.4742959233476873 -2.4298352393622493 -2.3892197191346844 -2.3498804312750208 -2.3106490970732856 -2.270943576385472 -2.230436772764464 -2.1889128249201204 -2.146202088805787 -2.102152213675218 -2.056617191063914 -2.0094560654234472 -1.9605371341811662 -1.9097452873982803 -1.8569909665593418 -1.8022196199249074 -1.7454207458915785 -1.6866357611712115 -1.6259640596603593 -1.5635667632778059 -1.4996678142910809 -1.4345522185502284 -1.3685614144585287 -1.302085906460734 -1.2355554551682173 -1.1694272504624974 -1.1041726031555839 -1.0402627669226805 -0.97815454322516 -0.9182763258261784 -0.8610152089510619 -0.8067057186549539 -0.7556206356393255 -0.7079642658416196 -0.6638683910701885 -0.6233910013332856 -0.5865177804954818 -0.5531661937703908 -0.5231919129633493 -0.49639721987968655 -0.47254095300257226 -0.4513495111006886 -0.4325284033608149 -0.4157738392087928 -0.4007838834568442 -0.3872687613392858 -0.37495998206005055 -0.3636180568073985 -0.3530387167279745 -0.34305769484266385 -0.3335543367348403 -0.32445458514528164 -0.3157343202523838 -0.30742480002241585 -0.2996234079451649 -0.29251594704467904 -0.28642343884757604 -0.2819023068695798 -0.27996732265611773 -0.2826181405056821 -0.2941842696127873 -0.32509022523989184 -0.40329919183629065 -0.607821659191557 -1.0945194390091784 -1.543791463546169 -1.09038948603181 -0.6032904510665561 -0.39849325672026165 -0.31981445619183063 -0.28834180383182173 -0.2762336667655329 -0.2731327839401105 -0.2747524772804727 -0.2791237237183827 -0.28525438787893137 -0.2926038995159657 -0.30086045676333134 -0.30984067641125673 -0.3194426232234474 -0.3296234782929703 -0.3403889524895013 -0.3517882333546837 -0.3639112622761048 -0.3768865858503455 -0.39087877556423894 -0.4060848378497212 -0.4227293095784161 -0.4410579308025324 -0.4613299418880053 -0.4838091811169718 -0.5087542663603365 -0.5364082307968395 -0.566988044366245 -0.6006744899592232 -0.637602871702743 -0.67785501446694 -0.7214529690136577 -0.7683547690592651 -0.8184524992618492 -0.8715728312820508 -0.9274800726211717 -0.9858816563436745 -1.0464358818080652 -1.1087616040272852 -1.1724494667472813 -1.23707418774402 -1.3022073414597481 -1.3674300477610404 -1.4323449723598702 -1.4965870761588154 -1.5598326161282212 -1.621805998837499 -1.6822842109991316 -1.741098694885702 -1.798134689939994 -1.8533282169561007 -1.9066610305048244 -1.9581540020250439 -2.007859520463366 -2.0558536156690628 -2.1022286462422226 -2.1470876002596837 -2.1905414509838756 -2.2327118360403224 -2.2737431463054385 -2.313832238089501 -2.353293749913592 -2.392703448611188 -2.4332274038572006 -2.4774309027877894 -2.5313871617232713 -2.6096511157082416 -2.729012241017142 -2.722714762887907 -2.9583444931219276 -0.5501506466330373 -0.22683601682374505 -0.1271630139629988 -0.0826276879184747 -0.058985109395777696 -0.04499895391637477 -0.03605101793263285 -0.02995849760359705 -0.025582840025281602 -0.022284522306253187 -0.019683106352948964 -0.017541958567557806 -0.015708898520048347 -0.014083883477189326 -0.01260057899326112 -0.011215423620062875 -0.009900901010984451 -0.008641243678288599 -0.007429565813020609 -0.0062658368474307405 -0.0051553402654355525 -0.004107400004727658 -0.003134243740587424 -0.0022499307404033535 -0.001469313595226209 -0.000807033591000122 -0.00027657120285468935 0.00011061280649594639 0.0003458036322760818
-0.00023444718588961616 -0.0003143312058796941 -0.0005485903309617409 -0.0009311778352528164 -0.0014525355284266742 -0.002100240043039321 -0.0028598389332851614 -0.0037158233352944485 -0.004652684420263903 -0.005656010107745975 -0.006713596558051424 -0.007816575847095763 -0.008960597459519553 -0.01014714975038022 -0.01138517493413658 -0.01269323148365277 -0.014102619091993207 -0.015662157843453272 -0.017445814861999438 -0.019565326347273527 -0.022191870431185957 -0.025594865302419362 -0.03021497461601315 -0.036810142719712065 -0.046770971294519945 -0.0628725491962407 -0.09132348144435297 -0.14857407081409274 -0.2934166558210229 -0.9835615463423937 -2.7649968727326177 -2.7144203299961656 -2.593814376849695 -2.486833768439655 -2.4224818255893728 -2.3757453878791424 -2.3357817221856854 -2.2982547435329463 -2.2612876516297407 -2.223993463075586 -2.185912567067903 -2.1467777107655053 -2.106408291043064 -2.06466082317696 -2.021406232319907 -1.976521194615425 -1.9298874752970165 -1.8813960802859977 -1.8309543095374405 -1.778494381224643 -1.7239825812710114 -1.6674280545335725 -1.6088904775975292 -1.5484859740699504 -1.486390766429932 -1.422842207107883 -1.3581369919136599 -1.2926265253397549 -1.2267095715332672 -1.160822478270701 -1.0954273966191748 -1.0309990275421705 -0.9680105047109263 -0.9069190635848113 -0.8481521517976613 -0.7920946045210289 -0.7390774446945263 -0.6893687788820503 -0.6431671487329215 -0.60059757567771 -0.5617104063519652 -0.526482935860857 -0.4948236605266384 -0.4665788957025726 -0.44154139406763154 -0.41946051904429904 -0.40005347232348143 -0.3830170469697022 -0.3680393796172373 -0.3548112088694088 -0.34303620736239393 -0.33244004294319157 -0.32277793271049765 -0.3138405832174083 -0.3054585615409283 -0.2975053262950705 -0.28989939210686183 -0.2826064677365933 -0.2756430312168925 -0.2690839831386268 -0.2630794434733253 -0.2578911088178298 -0.2539712298917547 -0.25213933862358895 -0.2539998081565878 -0.2630057654826692 -0.28742313754913534 -0.34926718112478 -0.5100357375557293 -0.8878384621721603 -1.2315938423524537 -0.8842844940533393 -0.5059661226689696 -0.34482143238945034 -0.28247620714942084 -0.2574840486642216 -0.247931139035089 -0.24561130116325083 -0.24711182513448787 -0.2508587082959867 -0.2560558028514981 -0.2622679748474186 -0.26924428115776916 -0.2768386816554656 -0.2849734116082168 -0.29362207148295005 -0.3028020727199362 -0.31257139737414763 -0.3230270324824791 -0.33430360294155415 -0.34657133863707473 -0.36003286915808214 -0.37491857871889306 -0.39148043370526425 -0.40998434498574554 -0.4307012549876821 -0.4538972484637584 -0.4798230740796066 -0.5087035268379553 -0.5407271776820212 -0.576036942607588 -0.6147219608525933 -0.6568112015380182 -0.7022691437243967 -0.7509937832513744 -0.8028171131326691 -0.8575081121065126 -0.9147781594420349 -0.9742886798605144 -1.035660714194941 -1.0984860129573752 -1.1623391678431012 -1.226790234015503 -1.2914172617117097 -1.3558181518064218 -1.4196212802290522 -1.4824944009658039 -1.5441514333619444 -1.604356862682393 -1.6629276250890752 -1.719732501667744 -1.7746892025869885 -1.8277594716340972 -1.8789426798501008 -1.9282684988792778 -1.9757893555219253 -2.0215734836836585 -2.065699545853075 -2.1082540767907103 -2.149333582204399 -2.1890543950652277 -2.2275762551672775 -2.2651522724265276 -2.302234431715856 -2.339707302168233 -2.3794466846266724 -2.4257777750638314 -2.4894814884610077 -2.5952692723578026 -2.713022559957766 -2.762430575669988 -0.9767635315836739 -0.29248788302465256 -0.1482599831358012 -0.09118132118279638 -0.06279770830308587 -0.04672801031087872 -0.03678441328921816 -0.03019945717515611 -0.025585724040685702 -0.022186734708857903 -0.019562564214220157 -0.017444208433672777 -0.01566075470010216 -0.014100665177748647 -0.01269014291630899 -0.011380528274026934 -0.010140680233739954 -0.008952199341877222 -0.007806301290996568 -0.006701650600819382 -0.00564273992394785 -0.004638561653687422 -0.0037014188447296024 -0.0028457901181106033 -0.002087211775810695 -0.0014411767762864207 -0.0009220769269983241 -0.0005422325030754229 -0.0003110623215275971
-0.0009694102002699436 -0.0010474862579994547 -0.0012766626950483926 -0.0016504775610463695 -0.0021587362133918837 -0.00278824880115267 -0.00352377745774426 -0.004349126965264736 -0.005248313903433706 -0.006206761699374712 -0.007212491939215072 -0.008257315261752418 -0.00933806854504413 -0.010458002055984395 -0.011628498820291504 -0.012871426171095567 -0.014222610998181739 -0.01573726495865239 -0.017498804816600908 -0.01963371630123656 -0.022337570447068314 -0.025922626569360396 -0.030909776828687244 -0.03821850137815982 -0.04959434105103597 -0.06868533551643982 -0.10421389509296683 -0.18194235732860373 -0.41888221620610044 -2.6465757288736347 -2.6092592307584304 -2.6079433928533247 -2.4623467092488536 -2.378969531450116 -2.326672110003325 -2.2860399412658428 -2.2496671692549923 -2.214537800679747 -2.1793019428222733 -2.143303413554708 -2.1061964235645965 -2.0677791535389343 -2.0279159193301384 -1.986499393417706 -1.943432865282639 -1.8986235688662871 -1.8519826651664846 -1.8034294368362405 -1.7528981269981483 -1.7003462561168794 -1.6457634504464658 -1.5891799387698573 -1.53067397854858 -1.470377585068158 -1.4084800650661171 -1.3452290013876347 -1.280928493045403 -1.21593461737352 -1.150648242742826 -1.0855054703667428 -1.0209661167880242 -0.9575007554474568 -0.8955769119670762 -0.835645048869589 -0.7781249803797846 -0.7233933287247954 -0.6717725724606517 -0.6235221515444178 -0.5788319883198557 -0.5378186650043487 -0.5005243719024252 -0.46691861181609234 -0.43690252076805763 -0.4103155465864933 -0.38694412294396446 -0.3665318913580882 -0.34879096340327187 -0.33341368449078757 -0.32008436182525973 -0.3084904517688233 -0.2983327656240147 -0.2893343410915851 -0.28124773723066643 -0.27386063755803713 -0.2669997898175573 -0.26053347737495836 -0.2543729271818143 -0.24847335827247174 -0.24283586627600526 -0.2375122508873311 -0.2326167489727986 -0.22835271212854152 -0.22507185889352077 -0.22340797264180073 -0.22459312123593084 -0.231260954983082 -0.24967171893074594 -0.29635708834270086 -0.4168923930939769 -0.696144746327906 -0.9462491634311606 -0.6933238983930519 -0.41349866346672765 -0.29252782705131325 -0.24534262477323907 -0.22638135680162122 -0.21919027889745352 -0.21755901294779117 -0.21889020226947703 -0.22198060400233452 -0.2262196168838491 -0.23127326754977218 -0.23695017663519388 -0.24314186306672186 -0.24979570495119474 -0.25690301710265145 -0.2644942506717055 -0.2726373701088127 -0.2814373007235022 -0.29103523783219665 -0.3016070895066986 -0.3133606171407228 -0.3265310430985699 -0.34137505862233924 -0.35816330765162663 -0.3771715480353626 -0.3986708009818194 -0.42291688795868654 -0.4501398177706973 -0.4805335204994729 -0.5142464284561694 -0.5513733768425529 -0.591949240559265 -0.6359446445890141 -0.6832639883707744 -0.7337459165190766 -0.7871662556909049 -0.843243324059659 -0.9016454113728433 -0.9620001253358291 -1.0239052090824297 -1.086940357418225 -1.1506795023619103 -1.214703005260535 -1.2786091892190394 -1.3420246741879112 -1.4046130387961493 -1.466081425840545 -1.52618482728441 -1.5847279236369305 -1.6415645026044734 -1.696594634727546 -1.7497599314957573 -1.801037346327945 -1.8504320976805537 -1.8979703959466687 -1.9436927533185446 -1.9876487727595884 -2.0298945097566556 -2.070493900783059 -2.10952662905069 -2.147106765112626 -2.1834210659667352 -2.218806812744308 -2.2539174202111054 -2.2901032946214053 -2.3303773172157154 -2.38211577122319 -2.4645796427741797 -2.608154864370892 -2.606054788432467 -2.6211821164505893 -0.4172586283808284 -0.1815327362750206 -0.10405226937168008 -0.0686065610879829 -0.049550345934563415 -0.038191525421271404 -0.03089215953568707 -0.025910606863089564 -0.022329049206060197 -0.019627359896506633 -0.017493662506938824 -0.01573260190346677 -0.014217837778852094 -0.012866073084495317 -0.011622210713037345 -0.010450541533574643 -0.009329321043132013 -0.008247292237658962 -0.007201329925962936 -0.006194715789394001 -0.005235744779342837 -0.004336481131915207 -0.0035115608660219485 -0.002776994786894604 -0.002148969453264357 -0.0016426765442917042 -0.0012712238282744143 -0.0010446929602496075
-0.001783948191618452 -0.0018598979752667217 -0.002083111411742192 -0.0024467473321894712 -0.0029400381264676097 -0.003549125466376504 -0.004258126081943632 -0.005050346528812228 -0.005909568595669809 -0.00682134359764316 -0.007774262749932231 -0.00876121132293211 -0.00978066616554892 -0.010838163261910595 -0.011948154494184798 -0.013136612515362769 -0.01444497437757168 -0.01593642750201894 -0.017706321512685336 -0.019900039716656867 -0.022744914008288635 -0.02661000672325435 -0.03212492454969932 -0.04043424676399051 -0.053797371991265906 -0.07719813289459772 -0.12355988511082008 -0.23708039720769766 -0.7223329698925509 -2.888202644516369 -2.6101295824374837 -2.4663162396362477 -2.3483869141708005 -2.2845232438414227 -2.241031504300533 -2.204867294676155 -2.1710679251610667 -2.1375405084113437 -2.103321383178707 -2.0679370450023757 -2.031141424847514 -1.992796803850422 -1.9528158008438343 -1.9111322140382532 -1.8676870243060684 -1.8224232258847677 -1.7752862441217425 -1.7262280460137924 -1.6752136481136872 -1.6222289987796898 -1.5672893502434253 -1.5104473291878417 -1.4518000020853112 -1.3914943348411999 -1.3297305659580423 -1.266763151719837 -1.202899091359127 -1.1384935973005772 -1.07394322961341 -1.0096767583399238 -0.9461441452408474 -0.8838041386068833 -0.8231110489563573 -0.7645013126738935 -0.7083804569794514 -0.6551110527049763 -0.6050021859942142 -0.5583009002953625 -0.5151859625449248 -0.4757641958032462 -0.44006950082063134 -0.40806456480597186 -0.37964513129674704 -0.3546465867739294 -0.3328525120792179 -0.3140047581947932 -0.29781454122875867 -0.28397401755803714 -0.27216779912084255 -0.2620839015641679 -0.253423681706089 -0.24591041064584257 -0.23929623817477277 -0.23336742761122817 -0.22794787471854874 -0.22290107270247742 -0.2181308609778352 -0.21358153172759078 -0.20923823798670857 -0.20512931388428152 -0.20133345466803435 -0.19799761525364115 -0.19537829824146627 -0.193936030155779 -0.19455934694470486 -0.19913174016891222 -0.212090569562893 -0.24501874811230479 -0.3294160811601233 -0.5217616113533237 -0.6910610529620318 -0.5197257355612984 -0.3268135037593651 -0.2420130139086131 -0.20857709054650092 -0.19512142817306907 -0.1900754715058981 -0.18904077263589888 -0.19016481092172308 -0.19258520112104377 -0.19586342130842888 -0.1997605724698852 -0.2041423657365438 -0.20893728794660388 -0.21411827104312925 -0.21969525734378448 -0.22571283413183604 -0.232250002898149 -0.23942047084420165 -0.2473725071971756 -0.2562877680115978 -0.26637872334069107 -0.2778844937133007 -0.2910650499891743 -0.3061938650337427 -0.32354922802503355 -0.3434045403246929 -0.3660179991268368 -0.39162213731925777 -0.4204137195426397 -0.4525444938379531 -0.48811326622132845 -0.5271597040056365 -0.5696601899285422 -0.6155259484982191 -0.6646035573983354 -0.7166778450744589 -0.7714770681546963 -0.8286801601066017 -0.8879257495592375 -0.9488225646009077 -1.0109607703094863 -1.073923734969613 -1.1372996915958933 -1.2006927573851975 -1.263732801256612 -1.3260837075851202 -1.3874496716299496 -1.4475792759300268 -1.5062672285637921 -1.5633537884619986 -1.6187220494238987 -1.6722933964147182 -1.7240215772716907 -1.7738859459628857 -1.8218845276752145 -1.868027638888081 -1.9123328838305151 -1.9548224852692453 -1.9955241811084343 -2.0344775182458608 -2.0717487231396015 -2.1074604161976294 -2.14184976887961 -2.175387138028882 -2.2090372633972937 -2.244894233284698 -2.287909658999749 -2.3510569195222524 -2.467659945862203 -2.6081690159153847 -2.8864439624587184 -0.7184635976277293 -0.23650288558671365 -0.12336896002131774 -0.07711342048640607 -0.053751717387792705 -0.04040571497223457 -0.032105036083276355 -0.026595054570726903 -0.0227330681901665 -0.019890255307652198 -0.017697896443965005 -0.015928820438113906 -0.014437734749934969 -0.013129360774111858 -0.0119405842399303 -0.010830051191088182 -0.009771882456846655 -0.008751726552030588 -0.007764149389161391 -0.006810771350505771 -0.0058987935238781555 -0.005039694397374041 -0.004247970703590606 -0.003539863104135252 -0.002932059469314847 -0.002440408863715293 -0.0020787084141847567 -0.0018576414907855163
-0.0026807022473241834 -0.0027541863717083113 -0.0029704363251094584 -0.0033222782781717744 -0.0037984537636386695 -0.004384559888736044 -0.00506423981000256 -0.005820525824223149 -0.006637242498710985 -0.00750039909856066 -0.008399537201540186 -0.009329048670920386 -0.010289541177436403 -0.01128940773777221 -0.01234686630437199 -0.013492903862013916 -0.01477584449373778 -0.01626878028331067 -0.018082106706354885 -0.020385444655428398 -0.02344762307266494 -0.02771348829119446 -0.03396141085278827 -0.04365429832530278 -0.05981205195175334 -0.0895338186935365 -0.15320000330761507 -0.33723756890719947 -1.9889780294273625 -2.503825086784253 -2.506126411030377 -2.33899121671762 -2.252243172668447 -2.2020048797177303 -2.1645576491051925 -2.1314088325664797 -2.099211544247331 -2.0665040983114573 -2.032602930352167 -1.997177522935464 -1.9600672804292496 -1.921194703093934 -1.8805212875070743 -1.838024546365157 -1.793686683411024 -1.7474904044452453 -1.699419457954874 -1.649462422276719 -1.597618663519912 -1.5439055715480308 -1.488366275153651 -1.4310771069904997 -1.372154162690379 -1.311758389463935 -1.2500987501580654 -1.187433136914257 -1.1240668487509955 -1.0603485934330392 -0.9966641189366341 -0.9334277149059838 -0.8710719443629669 -0.8100360627469526 -0.7507536499681307 -0.6936400205008667 -0.6390799829192761 -0.5874164991396432 -0.5389407447036414 -0.493884002077773 -0.4524117315646555 -0.41462006359063613 -0.3805348455566372 -0.35011325868810206 -0.3232479000133787 -0.2997731070095782 -0.27947319347995664 -0.26209217317161004 -0.2473444796406257 -0.23492615273167636 -0.22452595900323713 -0.21583594430607272 -0.20856097990072747 -0.20242695225331006 -0.19718735362005868 -0.19262814835195546 -0.1885709137190144 -0.18487438369036105 -0.18143466767117788 -0.17818459411101584 -0.17509289022255609 -0.17216435694310617 -0.1694430730169194 -0.16702253715455137 -0.1650710004093268 -0.16389107302912334 -0.16406186875187112 -0.1667971498474555 -0.17490669209665322 -0.19570479285866807 -0.24848243539911116 -0.3665095947450432 -0.4683936846957274 -0.36521688768766103 -0.24668730822381194 -0.1935271181971266 -0.17232202695034163 -0.16377292344698727 -0.16063530242912744 -0.1601070971384082 -0.1609994626132585 -0.1627557870361937 -0.16509329108103804 -0.16786028019085544 -0.17097586999010803 -0.17440405221421318 -0.17814308379147004 -0.18222198440290877 -0.18670025475883992 -0.19166878976137913 -0.1972508244384192 -0.20360218878440048 -0.2109104011092394 -0.21939230376337143 -0.2292900869381392 -0.24086567675066478 -0.2543935885439136 -0.27015246364939105 -0.2884156127044446 -0.30944097360962725 -0.3334609511309698 -0.3606726333654675 -0.39122887509295806 -0.4252307007884096 -0.46272141434529673 -0.5036827140392908 -0.5480330094901587 -0.5956280280919759 -0.6462636911246883 -0.6996811376169005 -0.7555736810780238 -0.8135954017956121 -0.87337100559752 -0.9345065212336148 -0.9966003647998585 -1.0592542749044933 -1.1220836214898524 -1.1847266165190447 -1.246852009348371 -1.3081649306821266 -1.3684106549789454 -1.4273761743839184 -1.4848896117730157 -1.5408176381253322 -1.5950611923749596 -1.6475499227375237 -1.6982358737144643 -1.7470870277204353 -1.794081380321971 -1.8392022945183273 -1.8824359725051711 -1.9237720679207666 -1.9632088710465514 -2.0007654255471032 -2.0365050468483044 -2.070579643786625 -2.1033163405561894 -2.1353997073253 -2.168294466958139 -2.2053459737195373 -2.255018047890739 -2.340869316405665 -2.5059435698241193 -2.5006702387232966 -1.9714930516346731 -0.33632426566755996 -0.1529649984729501 -0.08944104455916906 -0.05976453581112986 -0.043624473594862746 -0.033939724866365685 -0.02769621638117906 -0.023433156967805683 -0.02037298298703041 -0.018071153517300095 -0.016258950497470438 -0.014766796453626206 -0.013484326648445821 -0.01233848956400427 -0.011281018166714465 -0.010280997472731512 -0.009320290848627162 -0.00839058872556409 -0.007491361872725703 -0.006628285782369592 -0.005811870586991433 -0.005056140171065054 -0.004377283164923708 -0.003792260463065649 -0.0033174032021568594 -0.002967071839918031 -0.002752468799944662
-0.0036618245071334795 -0.003732494669752461 -0.003940696550386268 -0.004278981167674532 -0.004735700859401942 -0.005296059407993507 -0.005943431803462156 -0.006660837835144444 -0.0074324621015054515 -0.008245141673366475 -0.009089788429999012 -0.009962772859556853 -0.010867369989651461 -0.011815461900074946 -0.012829822391941142 -0.013947515117523785 -0.01522529326432623 -0.016748554352802557 -0.01864671827932965 -0.021120637742644183 -0.024493716916415456 -0.02931282851119802 -0.03656248169583079 -0.04816381368594213 -0.06829194760180736 -0.10753793124435522 -0.20064271672809583 -0.5592104079410387 -3.24204385680984 -2.523221883552157 -2.3648739264840533 -2.235151707288446 -2.1708271626616744 -2.129531199898997 -2.09600006835551 -2.064653779782582 -2.0331956256202357 -2.0005953938505576 -1.966373370957118 -1.9303112650853829 -1.8923215340554755 -1.8523825410613448 -1.8105041784070244 -1.7667092305448986 -1.7210238358400263 -1.6734737800383446 -1.6240848143866946 -1.5728858306133344 -1.5199140020409323 -1.465221121344185 -1.4088804277184297 -1.3509932666191808 -1.2916949848956085 -1.231159542661356 -1.1696024207001403 -1.1072815171321808 -1.0444958534355553 -0.981582042775068 -0.9189086045975811 -0.856868333518696 -0.7958690396293263 -0.7363230658491194 -0.678636052394256 -0.6231954554750014 -0.5703593372516168 -0.5204459286584434 -0.4737244286150087 -0.4304074458956862 -0.3906454166320496 -0.3545232429090446 -0.32205929925366067 -0.2932068449900365 -0.26785776632468394 -0.24584845664099775 -0.22696753458861052 -0.21096500490899556 -0.19756239518336874 -0.18646335995763205 -0.1773642362263256 -0.1699640627281924 -0.16397363539279441 -0.15912325716105147 -0.1551689425044424 -0.15189694706569856 -0.14912660499057884 -0.1467115670289495 -0.14453964612917541 -0.1425316040039394 -0.1406393782550323 -0.13884450929208905 -0.13715800174679346 -0.1356238365683468 -0.13433056924468237 -0.13344088436893842 -0.13326337530372045 -0.13441567627925366 -0.13839016810520757 -0.148757465187741 -0.1748102992522942 -0.23168102484310293 -0.2796498430121265 -0.23101508996035 -0.1737491962626261 -0.14737182877394867 -0.13668452480800494 -0.13239467393338578 -0.13091115371214104 -0.13080099426970107 -0.1314494341972289 -0.1325659211976463 -0.1340044370104492 -0.1356909215609006 -0.13759301087591577 -0.13970784414264487 -0.1420580911373111 -0.14469178149170833 -0.1476837308848331 -0.15113733361518486 -0.15518595895205187 -0.15999344059750273 -0.1657533090832553 -0.17268654081728058 -0.1810377108675823 -0.19106954951071703 -0.20305601635480602 -0.21727411595335627 -0.23399477878669236 -0.25347321173515713 -0.27593917731886103 -0.3015876834811878 -0.3305705561226471 -0.36298932348839075 -0.3988897716548441 -0.43825843923403746 -0.48102121606811443 -0.5270441040897489 -0.5761360956643785 -0.6280540301730101 -0.6825092072967038 -0.7391754643099369 -0.7976983656789771 -0.8577051060476675 -0.9188146938869064 -0.9806479654551539 -1.0428369816316294 -1.1050333852790464 -1.166915347702833 -1.2281928077021917 -1.2886108028723067 -1.3479508056542426 -1.4060300989467323 -1.462699351530708 -1.5178386740719332 -1.571352546283729 -1.623164099186367 -1.673209311633551 -1.7214317371356362 -1.7677784263446727 -1.812197772991965 -1.8546401335061 -1.8950623508032876 -1.9334379537601354 -1.969776265761415 -2.0041570224412366 -2.036795164028156 -2.0681710208762722 -2.0993180801649536 -2.132535568956229 -2.173394658097212 -2.2370960583571478 -2.3656617325943268 -2.5211264141214103 -3.240911435230246 -0.5574149762981433 -0.2003428953603366 -0.10743622369733545 -0.06824355885745553 -0.048133969476741555 -0.03654037581226379 -0.029294659502325078 -0.02447803801721447 -0.02110683187599797 -0.018634446383045098 -0.016737552728163275 -0.015215309071049008 -0.013938299157459637 -0.012821144180896213 -0.011807130121186832 -0.010859249670368219 -0.009954795162692737 -0.009081951825639884 -0.008237505314430193 -0.007425133421177182 -0.006653956933557521 -0.0059371551338497225 -0.00529054475832266 -0.00473109487739534 -0.004275409923598713 -0.003938259034462805 -0.003731258710277444
-0.004728548874052354 -0.004796063579018449 -0.00499509282727817 -0.005317980583067635 -0.005752811074734963 -0.006284573460595118 -0.006896613957950378 -0.007572240051709499 -0.008296354395129851 -0.009057033264580709 -0.009847021113051293 -0.010665184910258339 -0.011518059545442142 -0.012421726967405433 -0.013404430175921606 -0.014510578342530927 -0.01580725361677901 -0.017395198108898693 -0.019428014676867687 -0.022147068985452264 -0.025948138450263055 -0.03151693021437299 -0.040127725263552266 -0.054374652972499736 -0.08024099179213257 -0.13438416978625692 -0.2827306959247655 -1.3673212120131226 -2.4274056670363207 -2.434115648483938 -2.2436738245172365 -2.1508630262128468 -2.1009619192255333 -2.0653047143035503 -2.0340906587238026 -2.003560724389525 -1.9721046219446552 -1.9389902010534996 -1.9038877777435679 -1.8666680782498255 -1.8273064526108391 -1.785833125121697 -1.7423056184616974 -1.6967931057247696 -1.6493679489043778 -1.6001020295166855 -1.5490665043100684 -1.4963340687126672 -1.441983000846993 -1.3861023380812572 -1.3287975781962296 -1.2701963309841615 -1.210453392519253 -1.1497547777884651 -1.0883203294056212 -1.026404618343346 -0.9642959616925579 -0.902313498162112 -0.8408023768356783 -0.7801272238102213 -0.7206641475299217 -0.6627916233514096 -0.6068806563894887 -0.5532846579222067 -0.5023294850652943 -0.45430408640169756 -0.40945217133178957 -0.3679652791107422 -0.32997756667331757 -0.29556256352822713 -0.26473205728558424 -0.23743717619211002 -0.2135716289876426 -0.19297695145080487 -0.17544950116262512 -0.16074884605036832 -0.14860711666164056 -0.13873884599025413 -0.1308508078452638 -0.1246513881841193 -0.11985907826007396 -0.11620975859873642 -0.11346253743134231 -0.11140400787529758 -0.10985088643047584 -0.10865108805718646 -0.10768337933592773 -0.106855834664125 -0.10610340782561105 -0.10538503518806724 -0.10468083219503989 -0.103990187041268 -0.10333202154469256 -0.10271759668380404 -0.10230602267650887 -0.10220636927873566 -0.10272071636529272 -0.10449744647865913 -0.1089582328425577 -0.11802834687068339 -0.12527470523744677 -0.11782186516755597 -0.10848484500119822 -0.10378278208492905 -0.10178314890647511 -0.10105323206350685 -0.10094544080416262 -0.10116510703619569 -0.10156714191030324 -0.10208294915288411 -0.10268252337784814 -0.10335831234894359 -0.10412045810402921 -0.10499601934521542 -0.10603047906083563 -0.10729026928929755 -0.10886551275079738 -0.110872420753332 -0.11345492783453708 -0.11678524263146957 -0.12106307772698503 -0.1265134028309886 -0.13338265283609038 -0.1419334173175659 -0.15243773893282805 -0.1651692492521959 -0.18039446292341083 -0.19836362564786317 -0.2193015602684297 -0.24339897226723517 -0.2708046599992702 -0.30161902693243453 -0.33588921895666674 -0.3736061163938525 -0.41470330802369443 -0.45905807043135516 -0.5064942795650131 -0.5567870960924722 -0.6096691945716906 -0.6648382487346108 -0.7219653397733468 -0.7807039207880022 -0.8406989487047812 -0.9015957868706014 -0.9630484895771997 -1.0247271069314716 -1.0863236963597074 -1.1475567950803347 -1.2081741940312274 -1.2679539537435882 -1.3267037102093608 -1.3842584290800726 -1.4404768711411269 -1.4952371272373068 -1.5484316601827186 -1.5999623531959264 -1.6497361095782803 -1.6976615823213446 -1.743647652744722 -1.7876043581413317 -1.8294471607228118 -1.8691059018900293 -1.9065408143173472 -1.9417703095066452 -1.9749207517201197 -2.0063220105797868 -2.0367088436583614 -2.0676948974407274 -2.1030386087704573 -2.1525193802664546 -2.2446797901524427 -2.4335893976707976 -2.4252387287644193 -1.361149331590836 -0.2823403672218001 -0.13427750831492302 -0.08019539355050208 -0.05434775820675419 -0.04010782289869624 -0.03150026315881549 -0.02593342332593575 -0.02213384003804331 -0.01941605908608359 -0.017384358180089533 -0.015797367118448865 -0.014501473829946245 -0.013395942756704225 -0.012413718220975372 -0.011510433404960016 -0.010657895726318726 -0.009840073035379548 -0.009050472158268708 -0.008290254834695294 -0.007566690482418339 -0.0068917029710543675 -0.006280379383759741 -0.005749395979500297 -0.005315388681514716 -0.0049933522526818645 -0.004795189940013809
-0.005880804947130191 -0.005944848460466896 -0.006133592466585325 -0.006439251501567382 -0.0068497809894744145 -0.007350160442373011 -0.007923979743466116 -0.008555172248875509 -0.009229757802555671 -0.00993750656050995 -0.010673504266530494 -0.011439686017250567 -0.012246509238171312 -0.013115069551276247 -0.014080156834299603 -0.015195070205254976 -0.016539598670095742 -0.018233725185594515 -0.02046199550683663 -0.02351872809762824 -0.027896556510181407 -0.03447231548293834 -0.04493400351103116 -0.06288619466102584 -0.0972411609142869 -0.1759100615502003 -0.44789077925309817 -4.017376466539561 -2.4569904803958913 -2.296345893692903 -2.1489016064999142 -2.0810022349033166 -2.040034658468995 -2.0077354659102147 -1.9776393070446794 -1.9471348076723691 -1.915067427116602 -1.8809141111783716 -1.8444572411431666 -1.8056391734525665 -1.764490029294642 -1.721088446403682 -1.6755387744490438 -1.6279574248642188 -1.5784649261044466 -1.527181908632601 -1.4742279857481504 -1.4197228202120602 -1.3637888004892362 -1.3065548024463147 -1.2481605352213616 -1.1887609910319736 -1.1285305502126746 -1.0676663399387791 -1.0063905089193925 -0.944951157948605 -0.8836217553430544 -0.8226989603391215 -0.7624988733500142 -0.7033518230112312 -0.6455958818832594 -0.5895693714983488 -0.5356026707125869 -0.4840096778831871 -0.4350792971841889 -0.3890673239547051 -0.34618909425473027 -0.30661324004641416 -0.27045685421720844 -0.2377823174036393 -0.20859597044361056 -0.18284873349274758 -0.1604386764929386 -0.1412154412468684 -0.12498631036262495 -0.11152362134620664 -0.10057314526707481 -0.09186299745589147 -0.08511262854966006 -0.08004145928047417 -0.07637676938312979 -0.07386052150040091 -0.07225488585157346 -0.07134631958356416 -0.07094813890264454 -0.0709015969222028 -0.07107554353037679 -0.07136479263454831 -0.07168734884181015 -0.07198062924763617 -0.07216756601792126 -0.07226717503757346 -0.07221572175956437 -0.07195870307100355 -0.07139531019837739 -0.0702995729985212 -0.0680971762957664 -0.06320313592197406 -0.051324299713373364 -0.025765424658710876 -0.004785211601812077 -0.025825548924059485 -0.05124172829201991 -0.06297188089962878 -0.06773796877890882 -0.06982021128630657 -0.07079903380756478 -0.07125084823869955 -0.0714069660739932 -0.07137496760615741 -0.07121655878374739 -0.07095538286849729 -0.07066708159602512 -0.07039360228196052 -0.07020099065295264 -0.07017294359233339 -0.07041446358215094 -0.07105458477259863 -0.07224803242423446 -0.07417565858599949 -0.07704352139856775 -0.08108052347557766 -0.08653458893230583 -0.09366743586393661 -0.10274808698758942 -0.1140453507651192 -0.1278195877143031 -0.14431414389019917 -0.16374687474144525 -0.18630219311141932 -0.21212405242209398 -0.24131022263189666 -0.2739081381046486 -0.309912501848676 -0.34926472911531886 -0.3918542140385504 -0.4375213136662624 -0.4860618684607412 -0.5372330191278774 -0.5907600361501059 -0.6463438478750593 -0.703668934755808 -0.7624112494905959 -0.8222458263441991 -0.8828537587703914 -0.9439282553705824 -1.0051795299142432 -1.0663383431723106 -1.127158088971293 -1.1874154023243297 -1.2469093585448463 -1.3054594226820704 -1.3629023955357624 -1.4190886781126608 -1.473878239352842 -1.5271367187720948 -1.5787321267653798 -1.6285326272148852 -1.6764059103597302 -1.7222207172701505 -1.7658512123255181 -1.8071852254115714 -1.846138127921009 -1.8826757793186184 -1.9168538165538758 -1.9488897736448114 -1.979308244570489 -2.009266217034065 -2.0413765726627116 -2.0820993907218304 -2.149661617700691 -2.296475512320768 -2.4556739122727635 -4.013808026936252 -0.44739459681571503 -0.175817171747282 -0.09720779280766885 -0.0628681256739431 -0.04492071267225501 -0.034460775154200526 -0.02788586272713854 -0.023508631560144367 -0.02045243511650294 -0.018224673515274094 -0.016531017839141526 -0.015186909462149274 -0.014072364767667317 -0.013107608676556786 -0.012239366972061428 -0.011432879350826682 -0.010667077713032123 -0.009931524561868434 -0.00922429383021459 -0.00855029730194916 -0.00791975275861683 -0.007346622443382317 -0.006846953776935595 -0.006437140562419952 -0.0061321928307081575 -0.005944151635590343
-0.0071168737591902195 -0.007177176683537573 -0.007354592592582094 -0.007641292176942263 -0.008025257436373737 -0.008491687160730677 -0.009024718252889526 -0.009609284665973876 -0.010232963572668135 -0.010887719062616768 -0.011571538858652275 -0.012290062413699709 -0.013058421444319077 -0.01390367371505613 -0.01486845055962886 -0.016016849862976364 -0.017444379117503732 -0.01929530295507545 -0.021794037772770447 -0.025304659634123112 -0.030450645636209802 -0.038375126522885654 -0.05136650796243076 -0.07458319023087422 -0.12187583832986604 -0.244038626067233 -0.9262415491802294 -2.418453327826629 -2.3977841108352322 -2.1791136074738824 -2.074066654436375 -2.0215835377103826 -1.9859799024691627 -1.9554492026820482 -1.9255670566056484 -1.8944600631465136 -1.8612821882034394 -1.8256595362445436 -1.78745950757281 -1.7466829610084575 -1.7034082678735252 -1.6577594923210806 -1.6098869498107937 -1.55995483223831 -1.5081333452104286 -1.4545940303490794 -1.399507499207431 -1.3430430482659124 -1.2853697228834853 -1.2266584334088744 -1.1670847374882918 -1.1068319122038437 -1.046093955594486 -0.9850781872374428 -0.9240071594499771 -0.863119645313826 -0.8026705344762588 -0.7429295375350514 -0.6841786725211784 -0.6267085780167727 -0.5708137628023717 -0.5167869599372439 -0.46491280096465104 -0.41546106383120823 -0.3686797758070508 -0.3247884701852596 -0.28397190363175534 -0.2463745379990459 -0.21209607447677806 -0.18118829682460247 -0.1536534317965639 -0.12944416799361982 -0.10846539050522186 -0.09057759289695753 -0.07560182686750999 -0.06332595309939001 -0.053511874488961005 -0.04590337450149151 -0.040234155390233554 -0.03623567615104385 -0.0336444252485778 -0.032208321548792725 -0.03169200796612857 -0.031880875979441885 -0.0325837276091489 -0.0336822961958967 -0.03492235897776772 -0.03624927046641831 -0.03756627548114297 -0.03879228262134786 -0.03985568769310725 -0.04068542414007616 -0.04119628115659042 -0.041260700681569396 -0.04064605196126613 -0.03885780416214444 -0.03471116278639419 -0.02511418994849127 -0.002147802116285719 0.045419083125886474 0.08317553987660062 0.04528624987274756 -0.0022338592326053433 -0.025136289049697676 -0.03468599997944997 -0.03879400648964817 -0.04054690665086874 -0.04112810637897225 -0.041032782476192395 -0.04049516472539058 -0.039644814066946504 -0.03856903398254585 -0.03734086359070777 -0.036033602058948 -0.03472963405627719 -0.033526509678227484 -0.032459768165179724 -0.03182100946873345 -0.03170915047492922 -0.0323138174631898 -0.033847532859864825 -0.03654311563079977 -0.040649732870094775 -0.046427693633085215 -0.054142146026028244 -0.0640559126071472 -0.07642177052065431 -0.09147453973626334 -0.10942337625830485 -0.13044467049571862 -0.15467592125902002 -0.18221089687669226 -0.2130963121615934 -0.24733015403187458 -0.28486168833796743 -0.32559308650921626 -0.3693825287973285 -0.4160485769789514 -0.46537556319175793 -0.5171197134753157 -0.5710157108853414 -0.6267834017378486 -0.68413435688871 -0.7427780177356875 -0.8024271824744611 -0.8628026247901354 -0.9236366820880824 -0.9846757063815701 -1.0456813338761755 -1.1064305987121272 -1.1667149867278224 -1.2263385951092702 -1.2851156264266448 -1.3428675007256439 -1.3994199107391492 -1.4546001749975763 -1.5082352606112148 -1.5601508560189286 -1.6101718865883041 -1.6581249005554464 -1.7038428522363605 -1.7471730524044602 -1.7879896097479149 -1.8262129141309191 -1.8618414680987783 -1.8950078059000022 -1.926086244550606 -1.9559235293993664 -1.9863935994187882 -2.021919933956917 -2.074302405117087 -2.179193966292064 -2.3975291953049673 -2.4179801638704403 -0.9258503257904734 -0.2440223501076914 -0.12187658074232777 -0.07458493750069144 -0.05136691172768646 -0.03837396187621019 -0.03044810528695641 -0.025300994963343742 -0.021789477125785894 -0.01929003862864682 -0.017438572616632675 -0.01601064135506122 -0.014861967999376217 -0.013897039875612603 -0.013051758154600497 -0.012283491813817623 -0.011565182002719634 -0.010881692563372163 -0.010227375285464779 -0.009604229448447636 -0.00902027479368897 -0.008487916502824894 -0.008022203417020812 -0.00763898359731292 -0.007353046478524942 -0.007176401844384812
-0.008433089365214608 -0.00848944826240196 -0.008654623698424844 -0.008920834204428426 -0.00927625707410381 -0.009706560094176586 -0.010196758487526738 -0.01073319609344385 -0.011305488400749936 -0.011908341696995535 -0.012543265698842287 -0.013220319109569102 -0.013960173036751709 -0.014796970706402365 -0.015782762965104002 -0.016994832730526523 -0.018548251948613655 -0.020618129777495536 -0.02348061104100981 -0.027592372814977985 -0.0337552920662148 -0.04348802907269965 -0.05996514993617074 -0.0907972692783338 -0.15857590342451994 -0.36799164504444853 -3.88007883109769 -2.406459524904053 -2.2660633578588785 -2.0897029199725994 -2.0129102522938753 -1.9697294480662617 -1.9371539854714794 -1.907263827515891 -1.8769113299260454 -1.8447090963765391 -1.8100240357119532 -1.7725903229243303 -1.7323407589645892 -1.6893245867979034 -1.6436630363319351 -1.5955228644787567 -1.5450992967870396 -1.4926044054962428 -1.4382589990589967 -1.3822870300718295 -1.3249119592710383 -1.2663547055755164 -1.206832890857651 -1.1465611136381424 -1.0857519891823113 -1.0246176918702736 -0.9633717375945928 -0.9022307532850287 -0.8414159997553552 -0.7811544425631886 -0.7216792018884773 -0.6632292552890375 -0.6060483135808991 -0.5503828389109824 -0.49647922141436507 -0.4445801775340118 -0.3949204761128435 -0.34772213879624847 -0.30318929853120696 -0.26150293208428893 -0.2228157107403602 -0.18724723190867743 -0.15487990247462013 -0.12575573633057135 -0.09987430179190931 -0.07719200568395858 -0.05762283254821297 -0.041040571662120856 -0.027282468670151036 -0.01615414309533338 -0.00743552648910821 -0.000887510209876462 0.0037410469210419103 0.006706308735094236 0.008140124275932099 0.008533042673587572 0.00800477455240119 0.006771737952753538 0.005029626725819702 0.0029519639817360693 0.0006900996334223402 -0.0016253674558778554 -0.003881735481316713 -0.005979754637935439 -0.007827018849564688 -0.009327620741171754 -0.010364063378128358 -0.01076124147689771 -0.010205621462585798 -0.008044853116371216 -0.002750339216360285 0.009565479921836257 0.03848819599677625 0.0963368813258983 0.14075964785320147 0.09630489367328438 0.03845517934353375 0.009535594266018108 -0.0027888696711522174 -0.008104289821803508 -0.010295563549205643 -0.010888015668944078 -0.010530483510051935 -0.00953285851865769 -0.008066587254607488 -0.0062456257245353496 -0.004162604791147632 -0.0019070659568522705 0.0004240551909529301 0.0027196998857732507 0.004850145048380677 0.006664083536120156 0.007987170574020114 0.008622031361089421 0.00834974984761478 0.007000402401863975 0.004173239396168296 -0.0003125426732481891 -0.006717568870457928 -0.015297768940557545 -0.026297196146490273 -0.03994082059751705 -0.056427662766587984 -0.07592462861207475 -0.09856137192218206 -0.12442644411569667 -0.15356490514385415 -0.18597747091600295 -0.2216211738954283 -0.26041142405860146 -0.30222528437755947 -0.3469057219478434 -0.39426656477172306 -0.44409788236911774 -0.4961715131865722 -0.5502464795851798 -0.606074058352715 -0.6634023081481323 -0.7219798947921816 -0.7815590979938518 -0.8418979301834482 -0.9027613472483607 -0.9639215823823836 -1.0251576848562374 -1.0862543946158478 -1.1470005271934605 -1.207187081510093 -1.266605310977539 -1.3250450179840236 -1.3822933408212967 -1.4381343031637164 -1.4923493943486434 -1.5447194510408209 -1.5950281360551668 -1.6430673878337623 -1.688645406380115 -1.7315981715938444 -1.7718064217534693 -1.8092220603502804 -1.8439125893560095 -1.8761433100953666 -1.9065460395160152 -1.9365063504790996 -1.9691701039599432 -2.0124578745328354 -2.089391401716403 -2.2660447866592115 -2.407150772614265 -3.8861063839224554 -0.3682639310237961 -0.158659840698384 -0.09083891713177253 -0.05999043284554418 -0.04350471063796619 -0.03376639766528421 -0.027599352113933138 -0.023484313602330806 -0.020619156184618515 -0.018547089988275024 -0.016991909741037516 -0.01577846341653648 -0.014791640014613052 -0.01395411750383467 -0.013213806736416301 -0.012536529720602844 -0.011901586825691982 -0.01129889859811681 -0.01072694206701976 -0.010191003067502187 -0.009701460111336957 -0.00927196116403582 -0.008917476929965135 -0.008652317273169024 -0.008488273750653358
-0.009823590932868703 -0.009875884112078603 -0.010028097530758182 -0.010272593667338353 -0.010597924240755684 -0.010990493020593696 -0.011436549554676557 -0.011924289330392203 -0.012445888256541443 -0.012999395247276923 -0.013590530808200794 -0.014234584125252065 -0.014958774186668748 -0.015805677607042823 -0.01683870914779303 -0.018151342946144202 -0.019883152949596916 -0.02224867230848437 -0.025591587359758004 -0.03049238262108268 -0.03799833660179037 -0.05016399533350276 -0.07149456410172074 -0.11358249665814621 -0.2155053834950183 -0.6504377764965922 -2.6358699400130288 -2.3965563847488234 -2.1483007913483503 -2.020491431250683 -1.9610451692549131 -1.9233383372704957 -1.8922249251908396 -1.8621608293108303 -1.8308198502166457 -1.797142339913749 -1.7606447619087713 -1.7211405616858149 -1.6786133468416433 -1.6331526838996409 -1.5849179777702842 -1.5341159668338686 -1.4809853665559036 -1.4257856284019088 -1.3687883411511954 -1.3102705371044496 -1.2505095170360776 -1.189778971385762 -1.1283462445786814 -1.0664706109908824 -1.004402430081839 -0.9423830364127747 -0.8806452077928618 -0.819414043098354 -0.7589080750297935 -0.6993404427289026 -0.6409199544977607 -0.5838518832816172 -0.5283383555114621 -0.47457821773132874 -0.4227662945522318 -0.3730919858063922 -0.3257371903830216 -0.28087358803798457 -0.23865935841792102 -0.19923546600534214 -0.16272168765376221 -0.1292126027283316 -0.09877379762982885 -0.07143855398658742 -0.0472052852590756 -0.026035960116753576 -0.00785569877835311 0.007446344040924689 0.020014784407364934 0.030024572088891078 0.0376764708585787 0.04305433053899459 0.04664883944000164 0.04859373232281898 0.049136612617659337 0.04852062510203109 0.046979130155173944 0.044731356207281074 0.04197922469252442 0.03890546847515164 0.03567310170513936 0.03242626753809469 0.029292524631503156 0.026386800775301356 0.02381768759573718 0.021697821229037715 0.02016267814450212 0.019408626415729824 0.019778454001024202 0.02197168169624076 0.027599161489015814 0.040666124484028725 0.07065426619668011 0.1282637990459536 0.1708125008760373 0.12846913571326446 0.07087146039260897 0.0408621861960356 0.027763173625353504 0.022083070410051822 0.019814516761051757 0.01935054493278391 0.019998700302421984 0.02142492692796291 0.023442369577998324 0.025925201868987977 0.028770028645311578 0.031876598679725476 0.03513698374922742 0.03842890525320274 0.0416114774483846 0.04452270646758022 0.046978526611529264 0.048773318465520916 0.04968188315863575 0.04946281089955518 0.04786311465729037 0.044623922958448026 0.039484592325972026 0.0321876721037002 0.022511771682133787 0.010242828390607897 -0.004806879758576399 -0.022793570128696282 -0.04383788069084974 -0.06802209114732498 -0.09538875498844253 -0.12594075661870194 -0.15964270901718838 -0.19642352190500525 -0.2361799053201212 -0.2787805326112306 -0.3240705709020442 -0.3718762938039287 -0.4220095162244027 -0.47427163048197274 -0.5284570706797779 -0.5843560849026948 -0.641756748745264 -0.7004462054149628 -0.7602111668075139 -0.820837753452626 -0.8821107892846624 -0.9438126985569918 -1.0057221758664165 -1.0676128161290521 -1.1292518992506437 -1.1903995243166279 -1.250808280757502 -1.3102236319391785 -1.3683851708126253 -1.4250288948574652 -1.4798906432275192 -1.5327108596627441 -1.5832409120941666 -1.6312513630951948 -1.676542935768062 -1.718961655900193 -1.7584212129914851 -1.7949390201737792 -1.8287004630346901 -1.8601859227672681 -1.890450409132185 -1.9218152865004265 -1.9598236922424406 -2.0196419053909835 -2.148037737634023 -2.397840188097234 -2.6367954751101856 -0.65193082890146 -0.21578389013327073 -0.11370036012304297 -0.0715621840316625 -0.050209021272706024 -0.03803028679379168 -0.03051531445734148 -0.025607611527020575 -0.02225912974770365 -0.019889050249115314 -0.018153516284577835 -0.01683788118426933 -0.01580247360977122 -0.014953727152311963 -0.014228142513043187 -0.01358307382826826 -0.012991255210915646 -0.012437376078958005 -0.011915717545631267 -0.011428247220204269 -0.010982808401164132 -0.010591213841354991 -0.010267199249001923 -0.010024315658683051 -0.00987393459007435
-0.011280127023563818 -0.011328324138567377 -0.011467102319965006 -0.011689067314846579 -0.011983332237585785 -0.012337317839333454 -0.01273888572818021 -0.013178555721244887 -0.013651628501497511 -0.014160153574672703 -0.014714831603472226 -0.01533711116208387 -0.016061947195250188 -0.01694198250212578 -0.018054408260721046 -0.019512693962605923 -0.02148727284132593 -0.024243344040265895 -0.02821327991511005 -0.034144167088561966 -0.043423638490118203 -0.058879743091347934 -0.08705098873542873 -0.14620704523319256 -0.30958189340759396 -1.850543626892776 -2.3680507639419703 -2.279889320198179 -2.05875818806951 -1.9645035371998356 -1.9155000276178162 -1.8808241559686343 -1.8500935483669607 -1.8192600511391304 -1.7865413008560718 -1.7511034628300786 -1.7125694651406318 -1.6708113025956184 -1.6258521796909986 -1.5778152793719264 -1.5268938600106186 -1.4733317446480203 -1.4174091958610024 -1.3594317991394065 -1.299721212983608 -1.2386072481396468 -1.1764210411499756 -1.1134892366143196 -1.050129160814275 -0.9866449917316108 -0.9233249267654754 -0.8604393305609512 -0.7982398168031392 -0.7369591861381649 -0.6768121083311829 -0.617996405843961 -0.5606947681226988 -0.5050767052207635 -0.45130053633450856 -0.39951520663917756 -0.34986173527871234 -0.3024741196692677 -0.25747955769219194 -0.2149978981615206 -0.1751402896271476 -0.13800706506406446 -0.10368496955202584 -0.0722439054518815 -0.043733426787035 -0.0181792576133148 0.0044198699041550545 0.02409476536283591 0.04090745690284616 0.05495179078091536 0.06626736159834674 0.07513936964816252 0.08170731750661182 0.08617743644595739 0.08877302753152984 0.08972870580970194 0.08928442987707498 0.08767966942401538 0.08514804459408959 0.08191272687242389 0.07818282864869935 0.0741509378005896 0.06999188958369368 0.06586283117361019 0.061904657714280775 0.058245044675444606 0.0550037028882842 0.052301454904147254 0.05027707340385801 0.049121684086086526 0.04915599974629657 0.05101846342824572 0.05615179755050025 0.0680525687438554 0.09457198685423207 0.14289169822887454 0.17674909552471244 0.14342262210062756 0.09519191106803974 0.06867127696509993 0.056751556037690075 0.05156470905293315 0.04960652249773018 0.049437872992261496 0.05043026498985286 0.052276402618101354 0.0548003882576903 0.0578793293100539 0.06140797811836471 0.06528104077255695 0.06938333506879699 0.07358386986919103 0.07773226951502195 0.08165693877775704 0.08516476042768102 0.0880422561511506 0.09005815721879168 0.09096728651959061 0.0905155828029202 0.08844602159018086 0.08450512026682871 0.07844966757395877 0.0700532967662403 0.05907876450856206 0.04543599654928028 0.02893853455563555 0.009475714321312593 -0.013027584333911402 -0.03861065609373886 -0.06727800710327297 -0.09900156083286155 -0.13372379976536247 -0.17136155212125523 -0.21181010374979323 -0.254947315606187 -0.30063745442281725 -0.3487344917816875 -0.3990846897319012 -0.4515283629162342 -0.5059007801198463 -0.56203223922783 -0.6197474115315073 -0.6788641028359779 -0.7391916172563628 -0.8005289329925177 -0.8626629093674413 -0.9253667406782122 -0.988398857199726 -1.051502448904372 -1.114405756436256 -1.176823238283735 -1.2384576879138656 -1.299003342624842 -1.3581500029178302 -1.4155881733252549 -1.4710152556335556 -1.5241428909624 -1.5747056957658818 -1.6224719392786686 -1.6672573161278643 -1.708944205205153 -1.747511441498997 -1.78308556920106 -1.8160389373492498 -1.8471980115589632 -1.8783366232849221 -1.9134974155778235 -1.9630757039531115 -2.0581047697182284 -2.2808916422648227 -2.371563146434399 -1.8621817895239123 -0.31032484497579255 -0.14646671021361146 -0.0871878474743756 -0.05896760620856828 -0.043485657874483184 -0.034189568834322635 -0.028246533773511863 -0.024267061474014244 -0.021503254945394346 -0.019522334763599127 -0.018058850416877055 -0.01694217724770294 -0.01605868361996937 -0.015331043755403232 -0.01470651679193109 -0.014150095250697851 -0.013640325951055457 -0.013166544141154052 -0.01272675945250913 -0.012325729255175562 -0.011972964262294055 -0.01168058319477319 -0.011461081820965823 -0.011325198677371152
-0.01279190862392886 -0.012836073144860032 -0.012961244956221502 -0.013160375333033021 -0.013423331832419708 -0.013738844817491018 -0.014096785413555914 -0.014490500964941836 -0.014919025973998953 -0.015389133120903875 -0.01591736726989468 -0.016532408045640285 -0.017278356560831768 -0.01821991127266551 -0.019451043940811298 -0.02111004226789186 -0.023406391965042902 -0.026670702090854877 -0.03145234605699907 -0.03872385581120339 -0.05034841870636691 -0.07028264532940871 -0.10822758093307375 -0.19409050536222625 -0.484566000876407 -3.977684942273878 -2.4147595514876965 -2.1575819985877036 -1.990316668916103 -1.9170392913455525 -1.8742041760742099 -1.8409499490125147 -1.8098402674661849 -1.7777999810253 -1.7434164768841451 -1.706014306443307 -1.665292795228644 -1.6211671315938567 -1.5736911746852233 -1.5230158610818487 -1.4693640787070492 -1.4130134895074815 -1.3542833159142655 -1.2935231832880476 -1.231103123151366 -1.1674043596138635 -1.1028107762049502 -1.0377011051924743 -0.9724419543733892 -0.9073818125076178 -0.8428461713506649 -0.7791338758818885 -0.7165147725006363 -0.6552286712101508 -0.5954855769666878 -0.537467081176744 -0.4813287427903702 -0.4272032315310213 -0.37520396131066847 -0.3254289117355172 -0.2779643243067319 -0.2328879714103803 -0.19027172872150017 -0.15018323710783982 -0.11268651257637166 -0.07784144886907172 -0.04570224910937871 -0.01631491347717147 0.010286007068302681 0.034081113466076195 0.05506999196458248 0.07327483049442679 0.08873769747113196 0.10149221912582564 0.11169058618244408 0.11947062833030722 0.12499750517444772 0.1284605516956937 0.13006902330427156 0.13004701366610677 0.12862787699329645 0.12604851375984982 0.1225438738289284 0.11834199624805769 0.11365984678757397 0.10870014269685602 0.1036492828530155 0.09867644892132924 0.09393393679901593 0.08955886592152774 0.0856766971622895 0.08240770171820969 0.07987924995505162 0.07825108611082958 0.07777191629209351 0.07891560704311253 0.08272359725989237 0.09162676542201653 0.11061062289995888 0.14226787982216335 0.16241107829964074 0.14315922296179362 0.11172636253538865 0.09280693879387372 0.08393420031786412 0.0801024352491579 0.07886813938359549 0.07919267174455848 0.08061426414270066 0.08290163989322073 0.08591548919010865 0.08955025600677904 0.0937075196325134 0.09828250008851742 0.10315649430029064 0.10819239211044532 0.11323216214988394 0.11809590926446598 0.12258238132655694 0.12647088109649857 0.12952452112472868 0.13149469612277834 0.13212656651511548 0.13116526773008452 0.1283624960699337 0.12348308316667175 0.11631116316911198 0.10665556171521487 0.09435409178048024 0.07927652373636085 0.0613921301614879 0.0405562934839477 0.01675277858426764 -0.010024037124857664 -0.03975306185581451 -0.07239025883924306 -0.10787276543374227 -0.1461229910030357 -0.18705234020235095 -0.23056425711997766 -0.27655635877360124 -0.3249215164142934 -0.3755478401313955 -0.4283176196983937 -0.4831053625845941 -0.5397751441874431 -0.5981775395729607 -0.6581464375538856 -0.7194960466012318 -0.7820183882255624 -0.8454815400021415 -0.9096288415802039 -0.974179217665996 -1.038828707155404 -1.1032532231799417 -1.16711250964694 -1.230055211969953 -1.2917249474585712 -1.3517672517778179 -1.4098373007135498 -1.465608375880447 -1.5187811884019844 -1.5690944491986674 -1.6163375958714805 -1.6603676023422658 -1.7011338825666356 -1.7387198451398151 -1.7734202997947888 -1.8059009910842052 -1.8375624512922761 -1.8714691553604914 -1.9150604950063326 -1.9892688775610154 -2.1580967801592585 -2.41900061034302 -3.9803180222031576 -0.4865482222071166 -0.19461199480712027 -0.10847455416405473 -0.07043284899948167 -0.05045191617971748 -0.038799376110634984 -0.031508456428550456 -0.02671207272009354 -0.023435996779201256 -0.021130014157644175 -0.019463026867909308 -0.01822521539432783 -0.017278041814152947 -0.01652735041716364 -0.015908328542107088 -0.015376836517131618 -0.014904229365871397 -0.014474054136293464 -0.01407965766373631 -0.013722113379250703 -0.013408128996404416 -0.01314780101535143 -0.012952259454240113 -0.01283139002643634
-0.014345501727790788 -0.014385787496017832 -0.014497535536086448 -0.01467414866124247 -0.01490644758408562 -0.01518477567152384 -0.01550143041437507 -0.015853121636195875 -0.016243275581446885 -0.016684184168158367 -0.017199211637689157 -0.017825511772767685 -0.018618013376493693 -0.019655901302043262 -0.0210536724207012 -0.022980546019903555 -0.025695613484175067 -0.029614222786286604 -0.03544067480159034 -0.044453968289894515 -0.05918598659196145 -0.08525619174294342 -0.13737409255081942 -0.26679672622787626 -0.9195230754769163 -2.4071123120015834 -2.3398240669130455 -2.061201911383278 -1.9354706075224999 -1.8750286216107044 -1.8356543452832237 -1.8027263754936647 -1.770690164029399 -1.7371236098621357 -1.7008714752431415 -1.6613708927790196 -1.618376027025974 -1.5718335050851582 -1.521820407267309 -1.4685100482041806 -1.4121506326173323 -1.3530499572774206 -1.2915628995059547 -1.228080125552087 -1.1630173100755195 -1.0968046196336068 -1.0298764728117575 -0.9626617386334876 -0.8955746148461649 -0.8290064616996873 -0.7633188646108061 -0.6988381681217437 -0.6358516684600974 -0.5746055774305022 -0.5153047821760474 -0.45811432850603845 -0.4031624578028462 -0.35054493532629005 -0.30033032883179267 -0.25256583827558693 -0.20728324537197493 -0.16450455063329097 -0.12424689659510925 -0.08652643748392394 -0.051360902553069875 -0.01877070531855034 0.011221435749660676 0.03859228573287969 0.06332110644825502 0.08555492618164269 0.10492388918824586 0.12163395320102711 0.13572165267342917 0.14724891157133063 0.15630546104437712 0.16300984948444086 0.16750893506270187 0.16997587902741415 0.17060678097621856 0.1696162025190683 0.1672319040433413 0.1636891640021267 0.15922505833361028 0.15407305099529084 0.14845819050468737 0.14259313091529127 0.1366751109610469 0.13088394651038573 0.1253810369269996 0.12030938175633465 0.11579469840893891 0.11194803078368436 0.10887100514622948 0.10666679498915524 0.10546462945693799 0.10547736749196089 0.10713518091072556 0.11133212278058958 0.11928183900442724 0.12872172599987863 0.13190861758646338 0.12995541168847935 0.1209186552446225 0.1131399643168465 0.10905458299357305 0.10742987411838893 0.10735574326763449 0.10840386320306439 0.11037485999310177 0.11316002448271874 0.11668094230171981 0.12086299669465882 0.12562273386610134 0.13086108525752843 0.1364593545990429 0.14227683962050747 0.14814974309602696 0.15389132744180556 0.1592933520364836 0.1641288145983533 0.1681559482336035 0.1711233328852005 0.17277588275787664 0.1728613855173018 0.17113720607938807 0.16737673650705867 0.16137517847784913 0.15295428655505064 0.14196577556641465 0.1282931976548196 0.1118522137234286 0.09258931049987179 0.07070414388952588 0.04580347159708254 0.018062324691806696 -0.012488512694713877 -0.0458064173579647 -0.08184104500431641 -0.12053768111970976 -0.16183950286205268 -0.20568853121313946 -0.2520251722532019 -0.300786373079686 -0.3519025399214461 -0.40529347397240545 -0.46086366597510386 -0.5184973469746499 -0.578053716802172 -0.6393627632365454 -0.702222045584588 -0.7663947511245355 -0.8316092484680714 -0.8975602662905576 -0.9639117267752624 -1.0303011688366805 -1.096345614198889 -1.1616486656018459 -1.2258085876815625 -1.2884271116830135 -1.3491187345398257 -1.4075203604348805 -1.4633012818822724 -1.5161737592220725 -1.565904924117119 -1.6123315960828222 -1.655381302811659 -1.6951063771896395 -1.7317461181412246 -1.7658519278656863 -1.7985639964598352 -1.8322890549951556 -1.8725754991008368 -1.9340846353586645 -2.0613169902742254 -2.3433372812563125 -2.41298660751204 -0.9260990632162825 -0.26780835772094475 -0.13779253576567704 -0.08549413955943232 -0.059344382715027316 -0.044567993577314564 -0.03552557231968025 -0.029677821309208582 -0.02574255628558407 -0.02301392314643844 -0.021075712627028283 -0.01966829550670174 -0.01862209399212037 -0.017822382166151025 -0.01718986284425885 -0.016669606763670942 -0.01622455855378316 -0.01583152256170897 -0.015478400729264838 -0.015161930284234142 -0.014885477901925216 -0.01465668967800484 -0.014485008141799666 -0.014379243751290068
-0.01592474591771904 -0.015961391365663196 -0.016060305657580973 -0.01621545495442319 -0.01641881882853561 -0.016662669051464303 -0.016942167665524286 -0.017257957136052875 -0.017618568375546376 -0.01804269278885884 -0.018561618873360775 -0.019222421379991163 -0.02009286577499374 -0.021269594059974674 -0.02289229087541967 -0.025168842997487482 -0.028421515011965534 -0.03317569209361918 -0.04034134683754559 -0.051615482869408855 -0.0704749985720206 -0.1050104178583141 -0.17801381857822138 -0.38316707857295174 -3.2405563964783766 -2.416540089261528 -2.2174260144218563 -1.9875653649164904 -1.8891024705211177 -1.836408564163586 -1.7987195959349909 -1.7653505373781744 -1.731990715747944 -1.6966691279947288 -1.6584133003239068 -1.616741008924483 -1.5714453616410344 -1.5224951130774969 -1.4699841296700578 -1.4141029768501354 -1.35512066045426 -1.293370896556044 -1.2292401738058163 -1.1631562922875673 -1.095576813224163 -1.0269772794767251 -0.9578393216906844 -0.8886389212303083 -0.8198351919618142 -0.7518600858285969 -0.6851094278443327 -0.6199356519134791 -0.5566425418542625 -0.4954821880545521 -0.4366542551950886 -0.3803075275963975 -0.3265435651638405 -0.27542217456976775 -0.2269682875549605 -0.18117975063159683 -0.13803547770121882 -0.09750340361243869 -0.0595477060635844 -0.02413483202017969 0.008762033128173963 0.03916029096508139 0.06706715280489649 0.09274774739813159 0.11563899810353545 0.13600036516942235 0.15382629053396238 0.1691225362054133 0.18191199658541332 0.19223979911969108 0.20017725384564855 0.20582432350117744 0.20931042105973705 0.21079348800689873 0.21045744986839923 0.20850827213359302 0.2051689382099575 0.20067373251483975 0.19526223255775185 0.18917339329050953 0.18264005023007462 0.17588408235963943 0.16911237110362587 0.16251357693926324 0.1562556349582935 0.15048374161779593 0.14531844507762665 0.14085320066230886 0.1371502518382867 0.13423249634742443 0.1320656648679081 0.13051444330917225 0.12921654608993552 0.12715873236012348 0.12123085434410594 0.10477939882732541 0.08945325362987305 0.10629010050070807 0.12334466708967838 0.12958039816822192 0.13185417715281333 0.13326264126971984 0.13480183279696137 0.13683510893263504 0.13951190445411496 0.14288898355781438 0.14697131898933044 0.15172770765859012 0.1570970030419932 0.16299046247218876 0.1692925242264932 0.17586119137551598 0.1825287193737359 0.18910305364750496 0.19537029249875978 0.20109830457812566 0.20604149113873865 0.2099465504186249 0.2125589815451729 0.21362996817435614 0.21292321715061524 0.21022130185572355 0.20533107695760677 0.19808778967251517 0.1883576075751916 0.1760384053207808 0.16105879153050218 0.14337549995487775 0.12296940343139197 0.0998405235727782 0.07441357810454502 0.045923930212460634 0.014751195333507255 -0.019081273237216697 -0.0555524647622085 -0.09464520288184498 -0.1363459142461504 -0.18064261406760232 -0.2275212073481525 -0.27696035417969894 -0.32892527525496346 -0.383360970330903 -0.44018537939688496 -0.4992830314490695 -0.5604996972947183 -0.6236384969752373 -0.6884578130233364 -0.7546712406275696 -0.8219496725482662 -0.8899254840541303 -0.9581986593295587 -1.026344597291689 -1.0939232569634763 -1.1604892580980457 -1.2256025465302045 -1.288839270600083 -1.3498026042857505 -1.408133410013513 -1.4635208929378274 -1.5157138300657615 -1.5645337163467592 -1.609892599296502 -1.6518212767197293 -1.6905198977246827 -1.7264581255578917 -1.7605912420879855 -1.7948711790373815 -1.8335950059404615 -1.8874647880242517 -1.9874083875009176 -2.2200056316152295 -2.423949871931811 -3.2807718686599525 -0.38514261748418055 -0.17869525142412512 -0.10536793514711873 -0.07070304058594767 -0.05177632542037685 -0.04046050724735517 -0.03326559560292516 -0.02848909021652136 -0.02521839344716404 -0.022926719236190513 -0.021290987451637933 -0.02010282148638353 -0.019222267769963164 -0.018552593361723237 -0.018026094559606277 -0.017595880685101047 -0.017230923784390444 -0.01691280725033869 -0.016633217092655268 -0.016391599580989506 -0.016192698428378116 -0.01604393751977614 -0.015952830660119172
-0.01751068442921951 -0.017544010200653628 -0.017631150361527445 -0.017766755332872655 -0.017944179698021808 -0.01815795502059236 -0.018406572176680867 -0.0186952176810537 -0.019038303196637667 -0.01946189639228947 -0.020006465064279538 -0.02073069116678412 -0.021717576874190465 -0.023084846849179986 -0.025003165357536446 -0.02772884724396263 -0.03166472007007834 -0.03747921990506823 -0.04635570462934324 -0.060562405089356515 -0.08491617564939569 -0.13120457553269924 -0.23554036896775168 -0.5896326694294733 -3.223731842045076 -2.421613915732825 -2.108576563108978 -1.9291298028604071 -1.8479226278447445 -1.7997390683251986 -1.7625291982858509 -1.7281692867956062 -1.6931981371856515 -1.6559644472850317 -1.6156276339097195 -1.5717632777720163 -1.524191373794272 -1.4728951738944032 -1.4179795588357913 -1.359647321677745 -1.2981835004105005 -1.2339430043900776 -1.167339181969537 -1.0988321999119737 -1.028916779755637 -0.9581092400011144 -0.8869340480862801 -0.8159102534089829 -0.7455382753383791 -0.6762875726038459 -0.6085857266252821 -0.5428094337876876 -0.4792778257491514 -0.41824842437997156 -0.35991589831747767 -0.3044136282294354 -0.25181791989146046 -0.2021545398327611 -0.15540710224987814 -0.11152671901687085 -0.07044225037966217 -0.03207046867715397 0.003674525723540092 0.03687321943541946 0.06759439851558723 0.09620890284666189 0.1221291533193114 0.1456593082428641 0.16680002191751106 0.185544015174081 0.2018825425780069 0.21581252003967363 0.22734367044511755 0.23650507087557524 0.24335056154556414 0.24796259541314347 0.2504542562738473 0.25096933758514295 0.24968053812522012 0.24678597834087806 0.2425043591626983 0.23706916276847578 0.23072232595395642 0.22370780034070675 0.21626535267509306 0.2086248591917158 0.201001217049031 0.1935898349914355 0.18656246368388207 0.18006284275428136 0.17420117011398795 0.1690454774346868 0.1646059658440866 0.16080346961524994 0.1574004968382589 0.15383764907909728 0.14881290033951397 0.13914823827141146 0.117222565780288 0.07306907900724213 0.03918993821690401 0.07475411111837169 0.11970526316877127 0.1420902826965917 0.1520868900202212 0.15731111521823357 0.16092518728228478 0.16423190045802286 0.16780473733493617 0.17190444157217236 0.1766397019769072 0.18203386644955033 0.1880544673181596 0.1946269574152711 0.20164147730342916 0.2089566502114878 0.21640239354316215 0.223782814343928 0.23087977204807333 0.23745738893919316 0.24326756475946584 0.2480563694323446 0.25157103840838535 0.2535671817373565 0.25381574749755337 0.2521092577901402 0.24826686309440574 0.24213783521516974 0.23360323332619015 0.22257562055640995 0.2089968672137775 0.192834236648123 0.17407509693259843 0.1527207232657205 0.12877974169042028 0.10226180680947922 0.0737173685219308 0.04204246428896052 0.007756727869793064 -0.0291615785406887 -0.0687425210703165 -0.11102092788222077 -0.15603083709930612 -0.20379831328542583 -0.2543331351855084 -0.3076199625564497 -0.36360964592837247 -0.4222113459845742 -0.4832860795752126 -0.5466422142515273 -0.6120333001824292 -0.6791584709118825 -0.7476654758647681 -0.8171562412837917 -0.8871947060654236 -0.9573165548484257 -1.0270403815015718 -1.095879768648044 -1.1633557658522902 -1.2290092967629485 -1.292413127272507 -1.3531831955685916 -1.4109893666594833 -1.4655660844743026 -1.5167240797835522 -1.5643655256560418 -1.6085074479019112 -1.6493233259682913 -1.6872246191183116 -1.7230335248176034 -1.758379823762673 -1.7967057262358779 -1.846135954072241 -1.9288124866705738 -2.1105071202047943 -2.428429666703862 -3.230592983564804 -0.5937535827953655 -0.23662194983635537 -0.13171971959166767 -0.08522856203915355 -0.06077702181602179 -0.04651305322810754 -0.03759806411525379 -0.03175498082684139 -0.027796324263939444 -0.02505152950477893 -0.023116594891951642 -0.0217345584662016 -0.02073444986638324 -0.019998490566821493 -0.019443820514451936 -0.019012041062360947 -0.018663042158782957 -0.018371107972841822 -0.01812208602063468 -0.017910875984201387 -0.01773884098676623 -0.01761104568924426 -0.017533488754528342
-0.019081495727448536 -0.01911191269290956 -0.019188886337084366 -0.019307885926181777 -0.01946387368354784 -0.019653995570548637 -0.019880569794767527 -0.02015398830029422 -0.02049539277261346 -0.02093931402658998 -0.021536826349687555 -0.022360183735603868 -0.02351048805620678 -0.025130959781525235 -0.027430412946520325 -0.03072585773141306 -0.03552288021772904 -0.04267586088557549 -0.053731491695961114 -0.07173874975848306 -0.10341656366046482 -0.1661083802206214 -0.3184877556996692 -1.0671858188299177 -2.435552162931762 -2.3305131751100236 -2.0227758816518464 -1.8802091366738038 -1.8097872183547452 -1.7639843492884681 -1.726407848241568 -1.6906573663427074 -1.6538694200262518 -1.6146244465250355 -1.5721781897902247 -1.5261472989902565 -1.4763692547122673 -1.4228353574746015 -1.3656561848967006 -1.3050417690022533 -1.2412881628640438 -1.1747662818666196 -1.105910951192612 -1.035209170538525 -0.9631872282634601 -0.8903966871243713 -0.8173995239359172 -0.7447528828265171 -0.6729940184843093 -0.602626067434875 -0.5341052972828316 -0.46783044607094826 -0.4041346790874528 -0.3432805631793915 -0.285458295961769 -0.23078723886760613 -0.17932060242137754 -0.13105293426213538 -0.08592988047184605 -0.04385954690847187 -0.004724690642934192 0.031605065645620115 0.06526177826821118 0.09636918323919569 0.12537384960141768 0.15171406160290535 0.17574186620269563 0.19748864962311072 0.21696526894041832 0.23416764523028077 0.24908399017440902 0.2617029768947976 0.2720221234623898 0.28005567749538585 0.28584136794142634 0.28944551678807967 0.29096616589567065 0.29053405591057774 0.2883114780503217 0.2844891872171577 0.27928170125407054 0.27292140296244216 0.26565190125866434 0.25772109224408574 0.249374292055674 0.24084769541430281 0.2323622501445785 0.22411782236901798 0.21628722988334298 0.2090092587400475 0.2023789459668594 0.1964317190296852 0.19111421710934018 0.18622562485085745 0.18129046037104102 0.17526229715980277 0.1657904510899268 0.14739694879166199 0.10812177137335038 0.036221129385757056 -0.014962013944149864 0.03795345048291478 0.11081279983297403 0.15069458199842584 0.16953367712429096 0.17929437500268552 0.18544276617527017 0.19033069702651623 0.19501811963153845 0.20000331984273084 0.20551670781409137 0.21164593512833482 0.21839258024699207 0.22569935742524852 0.23346402787688258 0.24154725271643598 0.24977788269912007 0.25795748761924514 0.2658650832480996 0.2732625301417017 0.27990075668591824 0.2855267186124861 0.28989082188456083 0.29275440140642295 0.29389676758967065 0.29312131046407053 0.29026018670285997 0.28517720375158906 0.2777686479508943 0.26796196651462656 0.25571239146056685 0.24099777039623224 0.22381202915464588 0.20415782045894684 0.18203899956814654 0.15745360424855676 0.1303879982525933 0.10141808868742376 0.0692458308881837 0.03443428558417389 -0.003088725665204778 -0.043403181198774024 -0.08658948231567307 -0.13271926133332645 -0.18184500716269886 -0.2339892529757128 -0.28913412148619794 -0.34721201112588435 -0.4080981335866963 -0.4716054874387691 -0.5374826859136604 -0.6054148638941956 -0.6750276863079372 -0.7458942840999212 -0.8175447688343341 -0.8894778361649913 -0.9611738698926898 -1.0321089090950497 -1.1017688438946784 -1.1696632633540525 -1.2353384944194505 -1.2983895525082563 -1.3584709915386184 -1.4153070399409462 -1.4687020419063594 -1.5185533136163285 -1.5648705830539145 -1.6078104159839113 -1.6477434827309612 -1.6853954582117285 -1.722163299745486 -1.7608882412595002 -1.8079609835913173 -1.8798216000988812 -2.024311328710857 -2.3359085355755336 -2.4444481012646957 -1.0777373156173156 -0.3201800394866841 -0.16682398466084003 -0.10382569607262172 -0.07201100596337145 -0.05392805787363523 -0.042823743744158406 -0.03563571273571866 -0.03081121022270383 -0.027492813303425418 -0.025173325853851704 -0.02353490656526398 -0.022368395408977032 -0.02153056137363617 -0.020920530839141048 -0.02046643199375426 -0.020117636684708156 -0.0198400266835385 -0.019612741687788916 -0.01942545512317398 -0.019275640405630876 -0.019165650002906053 -0.01909975050503452
-0.02061242778885433 -0.020640462427363112 -0.020709527583804167 -0.020816065660164626 -0.020956904756397426 -0.021132194217076093 -0.02134862405524288 -0.021622514385160333 -0.02198267078496624 -0.022473298372437854 -0.023157700269753754 -0.024123988688663812 -0.025494772395736474 -0.027444122008158926 -0.030227841498991884 -0.034238980435800453 -0.040114059763070996 -0.0489487968809696 -0.0627718871200021 -0.08569731993294978 -0.12713925931959683 -0.2128029685282752 -0.4413221718547713 -3.196319869525357 -2.4539144628550007 -2.2155065026962193 -1.9548613072284162 -1.8370852363292403 -1.773261861370214 -1.7283892473163576 -1.6898376978193612 -1.652404398279196 -1.613657872313965 -1.572349838555801 -1.5278069201841018 -1.479674281082165 -1.4277993648372957 -1.3721759314324513 -1.3129152758566234 -1.2502297040092587 -1.184421069302969 -1.1158707341705962 -1.0450291016829856 -0.9724038353584165 -0.8985464685501633 -0.8240374863145304 -0.7494702288744921 -0.6754341544864855 -0.6024981279673458 -0.5311944729925451 -0.4620045443230542 -0.39534653835997885 -0.3315661701215632 -0.27093070423103754 -0.21362664535504752 -0.15976117948291219 -0.10936722746044575 -0.06241174256740815 -0.018806673592910945 0.021578156786254403 0.058901125601926486 0.09333475230577239 0.12532710575932213 0.1545442637817545 0.1813434618140915 0.20583340243600975 0.22809198755332388 0.2481666141900028 0.2660775212467551 0.28182372961740665 0.2953909384693971 0.30676061969742985 0.31591949837404804 0.3228686217801613 0.327631298659767 0.33025932474195113 0.33083708536844725 0.3294833242308119 0.32635056908859283 0.32162239150394417 0.3155088298627838 0.3082404087990115 0.3000612331203561 0.2912216161290202 0.2819706209040757 0.27254875162345266 0.26318082991102776 0.25406881366305445 0.24538391209252153 0.23725668935684535 0.2297626178577929 0.22289800289958864 0.21653555376135192 0.21033552927143406 0.20355509868522464 0.1946122580695096 0.1800408628041294 0.15205598258926079 0.09486763747780541 -0.003230794023485406 -0.06944894776455812 -0.0015877333799022286 0.09757086097840642 0.1554884582575038 0.18401531412614128 0.19895347072442737 0.2080818917030621 0.21486911665685016 0.22090980326977705 0.22696806772717787 0.23341175879812812 0.24040133495290847 0.24797691189468885 0.2561008070791048 0.26467968965971744 0.2735771384929679 0.28262178141739275 0.2916136500708443 0.30033014073977443 0.308532289545965 0.3159716407464569 0.3223976829586261 0.3275656020587555 0.33124393899703586 0.3332216460702643 0.33331400889028046 0.3313669417027981 0.32725926446940695 0.32090271922659264 0.31223966504999967 0.3012385875622557 0.28788775222955876 0.27218750313223067 0.254141845237981 0.2337500362026913 0.21099894456162582 0.18585690060165477 0.1582696748896307 0.12815907217976408 0.09597012956014091 0.060411781387447495 0.021975977043520827 -0.01946136276269148 -0.06401464426094036 -0.11177626463362991 -0.1628039422739362 -0.21710863396140087 -0.2746439295927283 -0.3352977163950838 -0.3988867494409147 -0.4651545648003138 -0.5337729461293222 -0.6043469215040427 -0.6764230449974613 -0.749500521343503 -0.823044578293833 -0.8965013853589044 -0.969313770144155 -1.0409369918245364 -1.1108539008511154 -1.178588942196199 -1.2437206536259693 -1.3058925842837141 -1.364822951189342 -1.4203139456166802 -1.472262585960414 -1.520676806763931 -1.565704048812565 -1.6076873700154082 -1.6472823540194454 -1.6857149781858047 -1.7253932664982683 -1.7715040867098018 -1.8366969234137411 -1.9561493447755944 -2.21966377054766 -2.4625826753167996 -3.2362040330853077 -0.4439683630051965 -0.21376289923309716 -0.1276518914711973 -0.08602586704218199 -0.06300436666046658 -0.04912221029261582 -0.04024633219054673 -0.03433965024003728 -0.030302349350359938 -0.027495807323574654 -0.025525938140203593 -0.024136542951015385 -0.023153576509941282 -0.02245473270623701 -0.021952361734804984 -0.021583669752796037 -0.021304896245618318 -0.021087512402531185 -0.020915224407491453 -0.020781068282367334 -0.02068431155423181 -0.020627267146397482
-0.022075754058971338 -0.02210209665421287 -0.022166294682663117 -0.022265945604349583 -0.02240004028312129 -0.02257217057178694 -0.02279400437297251 -0.023088587745802486 -0.02349342055990635 -0.02406373148330566 -0.024876893487032613 -0.02603953117236628 -0.0276998037212817 -0.030069104444256343 -0.03346107568345996 -0.0383638894579682 -0.04558052645790846 -0.05651899443390811 -0.07384502055510023 -0.1031186193487334 -0.1575517866717796 -0.2754107313721348 -0.6329173041879489 -3.5179214427633902 -2.4455263382443166 -2.1133404564351186 -1.8988789143504992 -1.7973719679262334 -1.7373698950158445 -1.6924079097582445 -1.652435443469667 -1.6131068440593566 -1.5723104284123217 -1.5289266164807966 -1.4823342984480732 -1.4321975292115137 -1.3783675616421547 -1.3208356869137698 -1.2597092264505794 -1.1951978515948063 -1.1276038885178616 -1.057313335637584 -0.984785902426922 -0.9105432707845544 -0.8351553356771887 -0.759224558535558 -0.6833688385757262 -0.6082035063938644 -0.5343231829080385 -0.4622843281386273 -0.39258932806319125 -0.32567293195293073 -0.2618917580990365 -0.20151743540278394 -0.14473375016337953 -0.09163793177674122 -0.04224595523086272 0.0034985193881467156 0.045712188325789264 0.0845579417738784 0.12040214997842641 0.15316121564499613 0.18316740943020848 0.21061215636008965 0.23566185930847072 0.25845058813428906 0.27907634850408347 0.2976009766724903 0.31405342950747894 0.32843599019949266 0.3407327096987258 0.35091926702017534 0.35897336735331464 0.364884806885845 0.3686644142042451 0.3703512188173437 0.3700173834758814 0.3677706490934267 0.3637542591111623 0.3581445317260167 0.35114641426060267 0.34298746607402414 0.3339107633667783 0.3241671938494609 0.31400751118932946 0.30367434938028876 0.2933941519846496 0.2833686264861787 0.27376481601372593 0.26470200630230695 0.25623202769868647 0.24830607522666362 0.24071356561823465 0.2329608057211178 0.2240139427643838 0.21172245085646424 0.19148316438102667 0.15332778755315704 0.07844375613808383 -0.04294079975029716 -0.12119482675549065 -0.04151773106330378 0.08094814131384309 0.15663966459936712 0.19540142928433857 0.21606200965626512 0.22859088466317704 0.23759571500974633 0.24523873232985244 0.2525727224240618 0.2601166042948948 0.26811120420507806 0.2766390870595933 0.28568402707930274 0.2951624109851537 0.3049411427567118 0.31484902617153765 0.32468516432679473 0.3342262464965553 0.34323369917485075 0.3514611354140242 0.3586621654183372 0.36459836109670685 0.36904697697667566 0.3718079165656913 0.37270939845206047 0.37161181777468044 0.3684094077905106 0.3630294691078969 0.3554291323975109 0.34558983386774506 0.3335098909216869 0.31919574937501516 0.30265261646155595 0.28387528265261175 0.2628399607095828 0.23949792805864978 0.21377164923267647 0.18555388547382465 0.15471008009788123 0.12108405755877173 0.08489477959774354 0.045104983383423086 0.0020423223309139153 -0.044421816905191806 -0.0943768137641155 -0.14785928806733986 -0.20484138780786743 -0.26522174963317224 -0.32881980561766994 -0.39537387970415133 -0.4645432617298576 -0.5359141867185235 -0.6090094028439699 -0.6833007996204317 -0.7582244038155298 -0.8331969424239776 -0.9076331252632414 -0.9809628166597373 -1.0526473440163011 -1.122194331997051 -1.1891706551297883 -1.2532133825308474 -1.3140389757759985 -1.3714515672255239 -1.4253520504823216 -1.4757513063354182 -1.522793969648145 -1.5668056440955975 -1.6083913487223067 -1.648649989581596 -1.6896705262515541 -1.735779918205742 -1.7970320824053287 -1.8999859792799425 -2.1165861389355443 -2.4527278108850616 -3.5275655237144297 -0.6371524187696804 -0.2766518339011359 -0.1581642050132216 -0.10349447618645155 -0.074104440851987 -0.05670999860742103 -0.045725520317359235 -0.0384743863279231 -0.033543401033077194 -0.030126987028195468 -0.027735726593302614 -0.026055521576473326 -0.024875017787444362 -0.0240464014631631 -0.023463551926015413 -0.023049626945512117 -0.022749835448752913 -0.022526920008831438 -0.022357808251409757 -0.0222305010061571 -0.02214077503036398 -0.022088750388903133
-0.02344079231052732 -0.02346637063232859 -0.02352969369250662 -0.02362973430949732 -0.02376799975351235 -0.023952034755263717 -0.024199172437837216 -0.024540072819999766 -0.025022068304887058 -0.02571291078183592 -0.026706126299126654 -0.0281299251576935 -0.030162801624366617 -0.033061265484894006 -0.0372100403519632 -0.043215992171863775 -0.05209296698456499 -0.06565117121184258 -0.0873931133349106 -0.12482628437848102 -0.19645698747910106 -0.3593310178716874 -0.9747804784183517 -2.5192823653591354 -2.36674548845403 -2.0296183867295157 -1.8505028769334173 -1.7595274267135694 -1.7014480536515546 -1.6556609817432313 -1.6139375442002597 -1.5725622970343145 -1.529665345542531 -1.4842251366459516 -1.4356589353614528 -1.3836421673879122 -1.3280247781591874 -1.268791208537785 -1.2060404014674215 -1.1399746055404065 -1.070891286462106 -0.9991751541708822 -0.9252887417887714 -0.8497608039754957 -0.773172336572827 -0.6961403924335922 -0.6193001451856304 -0.5432858593603325 -0.46871157293298665 -0.3961523879377818 -0.326127293462252 -0.25908441262951104 -0.19538946833962112 -0.13531810557945753 -0.07905249755561837 -0.026682410631757778 0.021789373852623164 0.06643766476889701 0.10740213900799121 0.1449834038286993 0.17922586347845226 0.2104415379657333 0.23886579409373682 0.2647180044429278 0.2881898698304836 0.3094371957597341 0.3285754984759715 0.3456795134103946 0.36078637985082485 0.37390200687315567 0.38500990763282417 0.3940816389899299 0.40108791033967095 0.40600943192111 0.40884665455105856 0.40962769881566075 0.4084139665805714 0.4053031517025379 0.400429597545654 0.3939621633912268 0.3860999372906209 0.37706625010616845 0.36710148975562074 0.35645517802260157 0.34537765297796363 0.33411149822898123 0.32288256888572014 0.31189004921621327 0.30129434051828813 0.29120048175382085 0.28163270468007895 0.2724913690934544 0.26347396351617514 0.2539198920046605 0.24248649376724363 0.22643854776741817 0.20006228979956453 0.15145920169611687 0.05984622747241566 -0.08082737652096128 -0.16767863033311323 -0.0797348316674441 0.06194851921030382 0.1543857131262152 0.20361439099509082 0.23043216897500457 0.24674617452380407 0.25827753721510377 0.2677723842254994 0.27658942592738844 0.2854104900264072 0.29456381921731367 0.3041781980589619 0.3142606056393634 0.3247377731228691 0.33548005592679087 0.3463164718971351 0.35704539918144923 0.3674433179280676 0.377272867938124 0.3862908364282045 0.39425625091298033 0.4009384368668129 0.40612467727501234 0.4096269757791266 0.41128737776300656 0.41098134157440747 0.4086187656483796 0.40414245022961365 0.39752398420397006 0.38875727510373914 0.37785016147574335 0.3648147402062676 0.3496571898702988 0.3323679597388328 0.31291321417311374 0.29122836799756535 0.26721442272096135 0.2407376223203385 0.21163270490520136 0.17970975134869635 0.14476434572494132 0.10688203461349727 0.0652029789681535 0.01995110392216375 -0.028990362285581273 -0.08167988644002987 -0.13810503601600307 -0.19817293460970417 -0.26170446204087755 -0.3284326362364999 -0.3980053340192362 -0.4699922266638006 -0.5438955454817999 -0.6191640702757137 -0.6952095637147984 -0.7714247664561495 -0.847202024773828 -0.9219516459874859 -0.9951191647842518 -1.066200852668974 -1.1347570166072005 -1.2004229166120726 -1.262917516734451 -1.3220508270782991 -1.3777314370956029 -1.4299772773836135 -1.4789353539797057 -1.5249217574892975 -1.568505632822674 -1.610690694417065 -1.653326585756497 -1.7001102471246647 -1.7592648944719942 -1.8514409203023339 -2.0321446275406694 -2.3721194770186287 -2.5269251928783887 -0.982076016433126 -0.36086663184835244 -0.19714810271382935 -0.12523018415477213 -0.08766378457674012 -0.06584700800524709 -0.052240276617776006 -0.04332791364454081 -0.03729359495267475 -0.03312046946362145 -0.03020024867849264 -0.02814768565309124 -0.026706290091728452 -0.02569790597114206 -0.02499481132317999 -0.024503976982702284 -0.024158036538785847 -0.02390983829663478 -0.02372863940624917 -0.023596741308093926 -0.02350597033508988 -0.023453975580971533
-0.024674050206344143 -0.02470012774553461 -0.024767722016070217 -0.024877454865300068 -0.025033784972575315 -0.025248819008801132 -0.025546347498914282 -0.025965638534959423 -0.026565112369382343 -0.02742670392148284 -0.02866244103335604 -0.030425668824286132 -0.032930861905859636 -0.03648899193177418 -0.04157193155642686 -0.048934114871767 -0.059855153306159585 -0.0766597467928206 -0.10393961322189516 -0.1517920054341782 -0.24597387533652199 -0.47150319980774147 -1.8488689026637115 -2.4602423637752415 -2.264360938573804 -1.960841966885951 -1.8068749154388462 -1.7225529121773324 -1.6650611423163344 -1.6179080361942002 -1.574189324258279 -1.5306642526912981 -1.4856491833725587 -1.4381980290067686 -1.3877558699429227 -1.3340035375610377 -1.276785377533121 -1.2160750892463241 -1.1519591460818763 -1.084627786540614 -1.0143683952414997 -0.9415585019588497 -0.8666569370596376 -0.7901924651856109 -0.7127497368571102 -0.6349527668486711 -0.5574464279176804 -0.48087666041938676 -0.4058702524257373 -0.33301513976998104 -0.26284221017852477 -0.1958095648217545 -0.13229009448327403 -0.0725630668866661 -0.016810203582526044 0.034883539480635994 0.08252456621118177 0.12620098825695417 0.16611575150056895 0.20241401973900897 0.23536518189833394 0.2652290924774404 0.29226422044443795 0.3167121874763481 0.3387851873268791 0.3586569971437812 0.37645799762513865 0.39227429990833523 0.4061507618333038 0.41809739149406827 0.4280984042576438 0.4361230385402151 0.4421371549977078 0.44611464666230083 0.4480477688564162 0.44795564714015523 0.4458904225418561 0.44194072596993106 0.4362324141377825 0.4289267229541276 0.4202161760983299 0.41031870447422325 0.3994704698534036 0.3879178338441902 0.3759087692649184 0.36368377457675016 0.35146601323173116 0.33944991413284215 0.32778671324015474 0.3165640954521322 0.30577454847040303 0.29526177496807327 0.2846230822503906 0.2730199117537718 0.25878919448566107 0.2386130177825587 0.20574414559697246 0.14673218694570442 0.04005285255226008 -0.11513044289352603 -0.20697430635878528 -0.11444673175043646 0.04158007538987034 0.14902651886247192 0.20862747813751953 0.2419147339752019 0.2623540683383724 0.27670351696119033 0.28829142252634615 0.29879381112791115 0.30906572471500204 0.31952982416067516 0.3303652578835472 0.3416043395494667 0.35318500325372054 0.36498121515125337 0.37682208370107895 0.38850514075769854 0.399806711048165 0.4104909548043563 0.42031839544113225 0.42905423880874405 0.4364764312394258 0.4423831484803316 0.4465992481867236 0.4489811555261817 0.44941968202349025 0.44784039178593077 0.44420130864351576 0.4384879793217975 0.43070614659662554 0.42087251711610785 0.4090043095506122 0.3951084202044812 0.37917113090087856 0.3611492973971618 0.34096389153356815 0.31849662861486955 0.29359020108925066 0.2660523759968403 0.235663916594576 0.20218998329409793 0.16539438158047282 0.1252486620296791 0.08110908147202703 0.033109917558479376 -0.018824784296709158 -0.07469445677888126 -0.13441218494583526 -0.19779896916768827 -0.2645824948750494 -0.33440052853317204 -0.4068087624836847 -0.48129266121705405 -0.5572826335446185 -0.634171684869784 -0.7113345972216988 -0.7881476477094298 -0.864007905156929 -0.9383512395369092 -1.010668334756286 -1.080518212942448 -1.1475390651265613 -1.211456561374156 -1.2720903395567735 -1.3293601636218495 -1.3832945599819368 -1.4340471562335828 -1.4819307850095658 -1.5274899194848244 -1.5716566675123966 -1.6160983871325911 -1.664039918486399 -1.722376704959252 -1.8076197262359743 -1.962713037701761 -2.268059413897832 -2.4660923931716305 -1.8634065357122256 -0.47328933055690586 -0.24669522080226738 -0.15219150408554136 -0.10419848647856199 -0.07684301545727253 -0.05999116213589344 -0.049036704321028364 -0.04164836558701539 -0.03654335121735348 -0.03296572237758492 -0.030443028883355018 -0.028664263265979577 -0.02741522011560592 -0.02654295700575015 -0.025935845606892678 -0.025512238864567067 -0.025213815858332135 -0.025001179230904905 -0.024850178578792414 -0.024748146784107652 -0.024689913753870227
-0.025739577781462263 -0.02576787222763379 -0.02584627568128479 -0.025977407317433563 -0.026169226676813206 -0.026439145099096915 -0.026818335112413952 -0.02735578864354211 -0.02812239203695415 -0.029216089278230283 -0.030770047374080872 -0.03296683458960217 -0.03606354725820023 -0.04043677193029919 -0.04666488341334438 -0.05568488685173714 -0.06910906983464431 -0.08991415945652284 -0.12409138032683714 -0.1851173576745168 -0.30841115712424616 -0.6210806740866454 -4.078104520712257 -2.4492527758229077 -2.1666098925009205 -1.9026556932698133 -1.766150070655657 -1.6858129744850727 -1.62794846247694 -1.5790276639728806 -1.5331352640247866 -1.4873960307398462 -1.4402722094681837 -1.390876279671448 -1.3386729922855272 -1.2833438113366258 -1.2247238835013603 -1.1627727462089805 -1.0975606700831047 -1.0292615833171477 -0.9581477990519656 -0.8845839511925677 -0.8090187608852848 -0.7319740026375381 -0.6540305408847545 -0.5758116739614978 -0.497964301522585 -0.42113864625184627 -0.3459674172525941 -0.27304540192433785 -0.2029105112818354 -0.13602727621866328 -0.07277369825841039 -0.01343219714200932 0.0418148229561392 0.09288453786161632 0.13977711148091523 0.1826136875597782 0.22155300328580718 0.25681753000769436 0.288665816838342 0.317373682750461 0.3432161383335612 0.3664512109990712 0.38730667617231096 0.405970449005546 0.42258508916898985 0.43724654237314364 0.45000691566568324 0.46088078744397265 0.46985431113104337 0.4768962017777214 0.4819696076784743 0.48504386736792443 0.48610523190538646 0.48516578227839036 0.48226997598369375 0.4774984947153177 0.47096931205613746 0.46283612941505103 0.4532845130257366 0.4425261800668012 0.4307919093006229 0.41832348077413783 0.40536487803258364 0.3921527144676239 0.3789054595694554 0.36581048559168333 0.3530070803693576 0.34056202782190814 0.3284313731716614 0.31639586264099173 0.3039444464333357 0.2900513978717121 0.27272847131991446 0.2480972716178712 0.2085080329825864 0.1394542422519751 0.019996485354477622 -0.14444617042181665 -0.23775443131400345 -0.1442090274668225 0.02082589034941163 0.14091420015722694 0.21045783839062612 0.25039258151507204 0.2752458614825382 0.29268198989009975 0.30658974738563716 0.31896733290747253 0.3308518390145787 0.3427676815747478 0.3549493914284353 0.36745764811758164 0.38024316061884766 0.39318410394528125 0.4061096964920937 0.41881636612565365 0.4310799618007766 0.44266591526032717 0.4533383716600671 0.46286873936908446 0.471043708728617 0.477672503571195 0.4825929459336069 0.4856758340030136 0.4868271542740959 0.4859877602172138 0.4831303320805893 0.4782536607071669 0.47137454426945735 0.46251782434649824 0.451705292565539 0.4389443510740415 0.4242173942908554 0.40747288520450614 0.38861902298781753 0.3675207418447104 0.34400055329804347 0.3178434623021633 0.28880587272695224 0.25662807805874494 0.22104963526754956 0.18182667116627257 0.13874999386307624 0.09172058642808052 0.04049643325060008 -0.014822696333118019 -0.0741531281689633 -0.13731460056013686 -0.20402952097216254 -0.2739270522528188 -0.346551799401039 -0.42137659382920334 -0.49781864417581617 -0.5752581561775321 -0.6530584224529128 -0.7305863518400342 -0.8072324427837309 -0.8824293043395425 -0.9556679870643144 -1.0265116049560805 -1.0946060139081095 -1.1596876839982184 -1.2215894120721615 -1.2802452716807762 -1.335697420527168 -1.388109573539533 -1.4377962275581602 -1.4852857864524889 -1.531456444590438 -1.5778348506328173 -1.6272848146300365 -1.6857133741024966 -1.7666543259199117 -1.9038577093209852 -2.1688299771505766 -2.452942013978857 -4.09062286810254 -0.62294293573483 -0.30907231837771115 -0.18546363216469344 -0.12430784052926609 -0.09006356428871903 -0.06921799380560531 -0.05576611000293535 -0.046725072587974134 -0.0404796655960551 -0.03609148520442405 -0.032981577686570646 -0.03077324146767061 -0.02920951751203887 -0.028108080518381588 -0.027336001300352242 -0.026795486338361693 -0.02641566006641375 -0.026147381499321387 -0.025959179646194413 -0.025833228016107063 -0.025761076756442913
-0.026599610201621587 -0.026632425497920935 -0.026729838381568963 -0.026896918326507563 -0.027145833708081712 -0.0275002210429051 -0.02799972389233328 -0.028704309992500763 -0.02969883440299931 -0.031099244528514786 -0.03306279620986724 -0.03580597982807372 -0.039636302231867974 -0.04500919908650751 -0.052632643619175294 -0.06366807387383061 -0.08014045193294414 -0.10584242008188673 -0.14853089698298752 -0.22597183011432972 -0.3859486775014228 -0.822567721273969 -2.902863573939097 -2.395709542022767 -2.0813702715440914 -1.8516600383331185 -1.7271476026834323 -1.6489246343553077 -1.5899868360562868 -1.539000737373428 -1.4908087125498024 -1.4428229037205174 -1.3936215914220287 -1.3423629895952 -1.288525184823667 -1.2317864578006767 -1.1719697730089131 -1.109017558360333 -1.0429805553069138 -0.9740124501930013 -0.9023658323997599 -0.828387030634927 -0.7525085213604789 -0.6752383194895811 -0.5971462495630891 -0.5188473561608137 -0.44098298861382706 -0.3642003086337431 -0.2891311263921018 -0.2163710714104271 -0.14646014512263722 -0.07986567857816876 -0.016968627658029756 0.04194601838199716 0.09669415942371193 0.14716842049907405 0.1934135363421709 0.23552072695011841 0.2736621459634828 0.3080661398407151 0.3389988073217 0.36674491584577346 0.3915894500713032 0.4138009947314293 0.43361798693357556 0.4512386262301656 0.46681492697016824 0.48045106427259376 0.4922058325227305 0.502098732050396 0.5101189504314008 0.5162363277135497 0.5204133008086136 0.5226168147918547 0.5228292637264091 0.5210576711815285 0.5173405246011609 0.5117519177333771 0.5044029056635904 0.49544020949385886 0.48504259234706465 0.47341533836402944 0.4607832810581486 0.4473827363017263 0.43345249643791667 0.4192237355035154 0.40490824422949057 0.3906837909590414 0.3766744137539983 0.362921688668144 0.3493396234095354 0.335638930454002 0.32119197731029814 0.30477883937174927 0.28408947900784537 0.25473054102915393 0.2083382709721186 0.1299510605120248 0.0005447626643123628 -0.16773988479618818 -0.25926245387803737 -0.1679428418761839 0.0006188089785247007 0.13044241564879203 0.20915591623608232 0.25576809579245013 0.2852657553135114 0.3060310687044747 0.32246822031871636 0.33689453355398397 0.35053618164845557 0.3640271626520263 0.37766365810512953 0.39153910818692794 0.40561975768690606 0.4197894695129288 0.4338781086711681 0.4476808882023314 0.46097266492501343 0.4735194071138859 0.4850880602478208 0.4954554081114253 0.5044160884310407 0.511789608487567 0.5174260007659296 0.521209662072797 0.523060930217298 0.5229350596916909 0.520818441122403 0.5167221410523177 0.5106730890847224 0.5027034795696629 0.49283916000062405 0.4810879271312147 0.46742872920938583 0.4518027687799176 0.4341074110801603 0.41419363174403007 0.391867494335408 0.366895850980781 0.33901613203930453 0.3079497612661932 0.27341843076088157 0.23516222286439223 0.19295839634284961 0.14663957751575918 0.09612212392269295 0.0413469459903957 -0.01755893317986295 -0.08041257977243539 -0.14693125719761588 -0.21673720223171425 -0.28936706607902457 -0.3642854710847762 -0.4409019120179438 -0.5185900708143572 -0.5967085203739435 -0.6746217671823455 -0.751720622213151 -0.8274409901964063 -0.9012803250134076 -0.9728112149193523 -1.041691839611664 -1.107673404525284 -1.170605148872657 -1.2304382419835538 -1.2872310274793206 -1.3411600819220788 -1.3925453907515777 -1.441905876767398 -1.4900791818449102 -1.5384819591941659 -1.5896965491069341 -1.6488756724234612 -1.7273514916051185 -1.8521411657136135 -2.082220501477465 -2.3971549607197375 -2.9042064534684178 -0.8240247028090745 -0.3863962043837636 -0.22619609652580946 -0.14866693136433287 -0.10593397468578401 -0.08020580769425155 -0.06371606690228311 -0.05266798919033142 -0.04503463818932219 -0.03965359820698469 -0.03581643049468688 -0.03306751059937985 -0.03109928756640223 -0.02969528732581598 -0.028698273238791528 -0.027992282205127728 -0.027492389261500817 -0.02713850101591876 -0.02689080588314918 -0.026725478620598146 -0.02663016223649717
-0.027215566884133298 -0.027255932160474762 -0.02738252096979722 -0.02760345276423785 -0.02793602952416466 -0.028411266978724314 -0.029078570808410916 -0.0300102865566555 -0.0313068619450528 -0.03310440878177764 -0.03558755870227949 -0.03901211366319547 -0.04374508984942005 -0.05033635860986317 -0.059650720313322234 -0.07312320242057598 -0.09328455279834541 -0.12493092650756442 -0.17799036040364338 -0.2754563224576412 -0.48003625089625196 -1.1098105687533721 -2.466732546397532 -2.3144909197822883 -2.008179438707054 -1.8054720156384032 -1.6891199915657338 -1.6116842118101766 -1.5511615516924209 -1.4978940423548648 -1.447319808833927 -1.3970817462645588 -1.3458519066582215 -1.292824449037458 -1.2374858851783381 -1.1795083095597745 -1.118700098040962 -1.054984107615636 -0.9883886763115365 -0.919043755319426 -0.8471779869710935 -0.7731144030028552 -0.6972635014006099 -0.6201131482633767 -0.5422152270405132 -0.4641693100302715 -0.3866038977717844 -0.31015598042534526 -0.2354498303123381 -0.16307603374687552 -0.09357181234166888 -0.027403664317446255 0.03504672944528383 0.09349254015325359 0.1477432746388 0.19769055161249643 0.2433646520709479 0.2848618381505652 0.322352098668489 0.356062897130888 0.3862609141310433 0.41323302150767516 0.43726776264353057 0.4586385508547357 0.4775896393440989 0.49432567653805864 0.5090053609186187 0.5217393784793238 0.5325924724098354 0.5415891884146519 0.5487225843271384 0.5539650088703153 0.5572799519456055 0.5586339530099509 0.5580076212161877 0.555404962367678 0.5508604083957498 0.5444431844011856 0.5362589000112967 0.5264484856977121 0.5151847782668795 0.502667163506784 0.4891146855876628 0.4747579215725557 0.459829694073299 0.44455435554767 0.4291349034380398 0.4137364976119819 0.3984638495452647 0.38332799033272125 0.36819416611803135 0.35269510161126066 0.33607853394742765 0.3169264351901405 0.29262091344049057 0.25832713220460746 0.20521781643939357 0.11856402495881244 -0.017513130180099618 -0.18434022107077705 -0.2712611859363751 -0.18493432876092214 -0.018178928411487334 0.11803784060116643 0.20479414974750138 0.257946203693928 0.29225200980216315 0.3165613014963206 0.3357207376083122 0.3523533641213937 0.3678786689086443 0.38304831127538536 0.3982277695498556 0.41354930818062086 0.42899904317582166 0.44446929349581665 0.45979201570220163 0.4747615868664371 0.4891514312072633 0.5027270192093227 0.5152566650237322 0.5265208608764907 0.5363204143376278 0.544483316395347 0.5508700444209621 0.5553768939915529 0.5579369361245226 0.5585183008700777 0.5571196724153417 0.5537631152612058 0.5484846032219952 0.5413228628147249 0.5323073432235399 0.5214462663164442 0.5087157764650189 0.49405119258577435 0.4773412605882789 0.45842611794639015 0.4370994248396072 0.4131148073439032 0.38619642257686526 0.35605312285478286 0.32239539571304476 0.2849540170021937 0.24349919700778175 0.19785893882574754 0.14793536764105997 0.09370165970542794 0.035258372491692024 -0.02720346863320537 -0.0933961785401656 -0.1629368698330015 -0.235357539238324 -0.31011921126914976 -0.3866293435830665 -0.46426154914314804 -0.54237660581926 -0.6203437051348312 -0.697560934046677 -0.7734740830293138 -0.8475930275234924 -0.9195051378082317 -0.9888854417369254 -1.0555036157980462 -1.119228354753519 -1.180030357038492 -1.2379862454855413 -1.2932876029405995 -1.3462627819974995 -1.3974261777450572 -1.4475849120240238 -1.4980684078820903 -1.5512350836569084 -1.6116472379322013 -1.6889607869731136 -1.8051709662452176 -2.0077007522936086 -2.313822057720179 -2.4657124501152246 -1.1095828145633244 -0.48002373328842957 -0.27546595843428306 -0.1780010032135392 -0.12493940042162109 -0.09329079660819378 -0.07312783684363361 -0.05965452730766758 -0.050340121414506625 -0.04374950634751021 -0.039017727942916046 -0.035594705588173736 -0.03311317690755339 -0.03131708177209008 -0.030021547115162514 -0.029090264784261632 -0.028422659078493555 -0.027946338880340652 -0.027611937868169418 -0.027388556057873787 -0.027259067093300542
-0.02754943144733456 -0.027601243249988482 -0.027769487261423653 -0.028066137113112514 -0.028514846998951716 -0.02915547075290365 -0.030048715341999745 -0.03128087059131486 -0.032969715401068626 -0.035273848922662 -0.03840892961194181 -0.0426762363733973 -0.04851286493649407 -0.05658128751668605 -0.06793469017174951 -0.08433792786356743 -0.10893168243405721 -0.14771717753402308 -0.21319521653378032 -0.3343532478746303 -0.5904915453665296 -1.5855182401207106 -2.374658649599032 -2.2257061295780893 -1.9444295183735498 -1.762458123365811 -1.651599637192378 -1.5740131990133133 -1.5115398557966797 -1.455842298473231 -1.4028406515513903 -1.3503676324000875 -1.2971725795546296 -1.2424782368702245 -1.1857758370562956 -1.1267290266292633 -1.0651297520521945 -1.0008793429520793 -0.9339813496249464 -0.8645389869024687 -0.7927532252735896 -0.7189193129442107 -0.6434205438951879 -0.5667187523860383 -0.4893414767438944 -0.4118660776435241 -0.3349013580394337 -0.25906743360919404 -0.18497475087472526 -0.1132032463786725 -0.04428268238654598 0.021324822500006106 0.0833167569508427 0.14122536277474795 0.19495334308964377 0.24440759378352392 0.2895898348672399 0.330588143940488 0.36756447467413017 0.4007390068674641 0.4303723912566718 0.4567470932906894 0.4801490887746222 0.500851115213522 0.519098538428494 0.5350986668057535 0.5490140572043004 0.5609600325434381 0.5710063020300367 0.5791822682245896 0.5854853465855955 0.589891431006192 0.5923665262970221 0.5928785404158499 0.5914082847222495 0.5879588621454922 0.5825628174560165 0.5752866605176893 0.5662326258042933 0.5555377666007995 0.54337066568446 0.5299261426714412 0.5154183284033023 0.5000723471047653 0.48411459753168967 0.46776125414955616 0.4512040939753724 0.43459200510831986 0.41800532725120804 0.40141803637507867 0.3846387456593915 0.36721361067044683 0.3482586735979104 0.3261589417264585 0.2980171035245762 0.25866476545646916 0.1991274084122734 0.10565447462926902 -0.03347405523576377 -0.1939199163413721 -0.27396666103101086 -0.1948208138951979 -0.034792002642753755 0.10415596939152288 0.19745864541626304 0.2568159641910773 0.29601280516237527 0.3240507726093097 0.3461117834065395 0.36509689527361816 0.3826183882526932 0.3995530760824678 0.41634450226555414 0.4331715362501106 0.4500462878255477 0.46687389159824344 0.4834910941116128 0.4996926581108346 0.5152505427207109 0.5299286746578684 0.543494921198402 0.5557311318808442 0.5664416097896887 0.5754600139877364 0.582654456245487 0.5879304360900943 0.5912312568181792 0.5925356702707998 0.5918526858045947 0.5892137168763413 0.5846624921376149 0.5782433946431145 0.5699890853149145 0.5599083953333289 0.5479755222883512 0.5341215292695677 0.5182290240191848 0.5001306919884776 0.4796120868802045 0.45641876440470114 0.43026750623819776 0.4008610512560141 0.36790545965982835 0.33112900996255085 0.29030138967349817 0.24525189901236705 0.19588544632462412 0.14219526432036683 0.08427150334703166 0.02225094793494831 -0.04348551263101263 -0.11258723074896067 -0.1845849337374068 -0.258940741984426 -0.33506581873972674 -0.41234020370019553 -0.49013381646647647 -0.5678276026390245 -0.6448338394795945 -0.7206147133963177 -0.7946984275881145 -0.8666922952857539 -0.936292530577931 -1.0032907851802155 -1.0675779361831899 -1.1291462896952624 -1.1880923932225214 -1.2446243876378196 -1.2990810151562049 -1.3519756870601076 -1.4040923197523973 -1.456689720400242 -1.5119437688314266 -1.5739413287094426 -1.6510206067408106 -1.7613248401579409 -1.942641730637805 -2.2231078805865345 -2.371282802567334 -1.5802210255893048 -0.5896384012773224 -0.33402808586481814 -0.2130292094431768 -0.1476175294443454 -0.10886570872236376 -0.08429218137430401 -0.06790333906585161 -0.056561858253882324 -0.04850433744752612 -0.04267804659059332 -0.03842040045507945 -0.03529387721920148 -0.03299664686631542 -0.03131252728561314 -0.03008254256280291 -0.029188761497592575 -0.028544992964779144 -0.028090854818750535 -0.027786981431067614 -0.02761029567894036
-0.027565471475390776 -0.02763364323838175 -0.027858750070863084 -0.028257707258181986 -0.02886213588886406 -0.029722585010459275 -0.030912909389046433 -0.032535092402813375 -0.03472608815531817 -0.037669460330731916 -0.04161593507762631 -0.04691929098385803 -0.05409887446944729 -0.06395059991153167 -0.07775170546045578 -0.09765871219199919 -0.12753148979615397 -0.17476975064190642 -0.2547594134480743 -0.4027280378342743 -0.7144996045670664 -2.3976892573919146 -2.315648331327915 -2.1393714176303904 -1.8874248472728983 -1.7214700113747847 -1.6142883690855343 -1.5359114060620993 -1.4712429561578113 -1.4130267202069982 -1.3575866569993296 -1.3029166847831786 -1.2478317527788563 -1.1915779763453573 -1.133648739428 -1.0736977155431466 -1.0114991637928206 -0.9469314604516514 -0.879971504851723 -0.8106933042358975 -0.7392669803461641 -0.6659560796309577 -0.5911120555725032 -0.515165434377283 -0.4386136232531619 -0.3620056505470826 -0.28592437824276296 -0.2109669180657006 -0.13772412275153556 -0.06676011495982422 0.0014071439323820626 0.06647909914614743 0.1277546616264122 0.1851027726298014 0.23832594948695285 0.28732224406020757 0.3320821302170255 0.37268090121479247 0.4092670914650496 0.44204770519506587 0.4712712532262548 0.49720974809138685 0.5201408695911657 0.540331481201276 0.5580235520028287 0.5734233310166347 0.5866943488759699 0.5979545113150546 0.6072772273497518 0.6146962104573883 0.6202133280117824 0.6238086722883289 0.6254518995129438 0.6251138389868897 0.6227774136101973 0.6184470315335435 0.6121557943529581 0.6039701009249452 0.593991479521652 0.5823557198745952 0.5692295619652791 0.5548052948537343 0.5392936004142808 0.5229148321809303 0.5058886485635891 0.48842152120098214 0.4706910854126932 0.4528254925011842 0.43487462935999377 0.41676780254278023 0.39824829164161274 0.3787672619314084 0.3573046607559942 0.33205804046428417 0.29989955885631736 0.25547784659923256 0.1900541399994319 0.09161518159854029 -0.04672644564259748 -0.19646971725478574 -0.2679764616775234 -0.19756929189409222 -0.04854688974226269 0.08928224727376806 0.18724809887981286 0.252234919498391 0.2962994004841134 0.3282135198506344 0.35334494684737705 0.374824829812901 0.3944496240362685 0.41322649240492065 0.43168612210653307 0.4500631642488915 0.46840359043625396 0.48663143151593385 0.5045924159215186 0.5220840664806268 0.5388775999034374 0.5547346961460261 0.5694209116838715 0.5827167124811878 0.5944265635571873 0.6043861329933398 0.6124674186318498 0.6185814821985647 0.6226784759120416 0.6247447582954951 0.6247970918566417 0.6228741607168309 0.6190259023827703 0.6133013807344032 0.6057361086743452 0.5963398396885193 0.5850858758443388 0.571902880409334 0.5566700385957586 0.5392161879859605 0.5193232564980852 0.49673402191465116 0.47116386997595516 0.4423159070107884 0.40989850768420405 0.3736441732853807 0.33332846000127087 0.28878771841874273 0.23993446517036188 0.18676937348867237 0.12938910468894893 0.06798948351808978 0.0027826202977967837 -0.0657085265417999 -0.1370730140085952 -0.21077874061642268 -0.28624627024036936 -0.3628684790026111 -0.44003124397617444 -0.5171341846615634 -0.59361051261126 -0.668945134382117 -0.7426902883076278 -0.8144781788184695 -0.8840303129263309 -0.9511635625859397 -1.0157934147372172 -1.0779355043190624 -1.1377075049838843 -1.1953350859343241 -1.2511685753531279 -1.30572262783665 -1.3597628486957718 -1.4144888759604237 -1.4719226774554761 -1.5357544768762585 -1.613246897287664 -1.7194811342960816 -1.8843643980603126 -2.1350348745692185 -2.3100852140234873 -2.3827001093821942 -0.7122370586521946 -0.40191793142925514 -0.2543601386818766 -0.17453831990351953 -0.12738369360924887 -0.09755955027865573 -0.07768534961414617 -0.06390968325122359 -0.054079846377082734 -0.04692007053090509 -0.0416346139840459 -0.03770359877278261 -0.03477242009220742 -0.03258954701620349 -0.030970870972277523 -0.029779299758233107 -0.02891315694231245 -0.02829927019805434 -0.02788800398019502 -0.02764872414944159
-0.027232173630612207 -0.02732280993272197 -0.027623260144305144 -0.028156858621891784 -0.028965341588351658 -0.03011233393684905 -0.031687072543088605 -0.03380919250275551 -0.03663676158036139 -0.040380924600306074 -0.04533191991139232 -0.05190395615082373 -0.06071243416127341 -0.07271003032304839 -0.089436748093429 -0.11350438222293989 -0.14959369849486323 -0.20664609142168366 -0.3030095134716066 -0.4793804664142696 -0.8460500118696204 -2.6851337587935014 -2.2435661228236428 -2.058202571909444 -1.834820909722857 -1.6816268065588826 -1.5769642377631747 -1.4974080787482063 -1.43041225882661 -1.3696475845181966 -1.3117923790675627 -1.254983916603773 -1.1980956366609956 -1.1403939995016066 -1.0813731926235546 -1.0206762052725293 -0.9580589918721882 -0.8933761215039184 -0.8265765324634937 -0.7577031131502194 -0.6868925407984408 -0.6143733534140992 -0.5404611745514398 -0.4655506295164807 -0.39010392422863477 -0.31463637357504837 -0.23969940357919567 -0.16586173022911838 -0.09368954749821333 -0.02372664028000259 0.04377009816669202 0.10787693196447634 0.16844782210081516 0.22518990772900316 0.27789922361871844 0.3264629604115961 0.3708572257132586 0.41114047148908905 0.44744303042260236 0.4799534639477566 0.5089026432904404 0.5345466410599125 0.5571495883452251 0.5769676404302562 0.5942350929793089 0.6091535070501641 0.6218844520457769 0.632546182961734 0.6412142577886656 0.6479257991731145 0.6526868357483611 0.6554819436341175 0.6562852629708366 0.655071898579126 0.6518287329282269 0.6465637816057717 0.6393133978902232 0.630146864459231 0.6191681681632826 0.6065149997974343 0.5923552126931283 0.5768810725267294 0.5603016080951532 0.5428332166855833 0.5246883883857838 0.5060619899991292 0.4871139603570173 0.46794641443148777 0.44857179881014525 0.4288664202487656 0.40849952114023824 0.38682061706981424 0.3626748022241208 0.33409531903813017 0.297801414783299 0.24846079514729175 0.17801320052320815 0.07688710690574174 -0.05675908246788204 -0.19227158947215825 -0.25420020662746556 -0.19345267974417305 -0.058889329558098294 0.07393749284814388 0.17428424568275375 0.2440217871047364 0.2927805159515268 0.32866289965675377 0.35702205565430145 0.3811429596667548 0.40298431342714663 0.4236835448734401 0.4438662497015489 0.4638325862736486 0.4836716080268949 0.503333932228874 0.5226800341829401 0.541513940545701 0.5596079177532136 0.5767214165728292 0.5926161777688038 0.6070685582006436 0.6198795663047209 0.6308826977022007 0.6399494030638093 0.6469918964527943 0.651963020211009 0.6548530069934299 0.6556831910023505 0.6544969788540085 0.6513486534888812 0.6462908147883539 0.639361429214181 0.63057154997574 0.6198947698068831 0.6072593795676384 0.5925440333967426 0.5755774771441226 0.5561425991207892 0.5339847345377603 0.5088238234883492 0.4803697170950014 0.4483396728650646 0.41247690248573665 0.3725689473451912 0.32846466509638267 0.2800887111354186 0.22745257887049106 0.17066150249529496 0.10991680290918168 0.04551354584557894 -0.022285899027284218 -0.09281263597818219 -0.16563174734029748 -0.24017875942221154 -0.3158656048671389 -0.3921006990144842 -0.46830898969975954 -0.5439510859194852 -0.6185406543314217 -0.6916593952416834 -0.7629690769039069 -0.8322203298193969 -0.8992582033935606 -0.9640249051455979 -1.0265607492440725 -1.0870052769598366 -1.1456020471432635 -1.2027133003024566 -1.2588557911072698 -1.3147792830840932 -1.371630814314861 -1.4312958929771642 -1.4971177023747426 -1.5754388195480156 -1.6787970902643434 -1.8305665553985309 -2.0523396713220414 -2.2361463553122847 -2.6699986598318732 -0.8415597798255641 -0.47790607804530455 -0.3023164150650692 -0.20626139899928747 -0.14935838741349022 -0.11335294166940922 -0.0893393539643295 -0.07265249215621387 -0.060687722160500154 -0.051908026698316186 -0.04536144984873652 -0.04043208324250518 -0.03670467281720245 -0.0338879167731966 -0.0317699764907205 -0.030192695887811614 -0.029037010800651412 -0.028214785149340487 -0.027663768553122366 -0.027343602625401812
-0.026524177985090977 -0.026644814657252724 -0.027043158555501982 -0.027750975728010382 -0.028822986991298826 -0.030338969912217455 -0.032406277586424025 -0.035164400920454204 -0.0387945349688202 -0.043538123245241554 -0.04972973370101148 -0.05785279596599732 -0.06863398977036404 -0.08320772450091804 -0.1034158358484204 -0.13238267942986034 -0.17568013689726028 -0.24381213358571055 -0.3577128072756924 -0.5612286564669523 -0.9764019235712109 -2.3319308770221325 -2.157596054714298 -1.9813678300910242 -1.7845396229752253 -1.6421225181058505 -1.5393838938042412 -1.4585004487974709 -1.3891633360103228 -1.3258862017509012 -1.2656783202299282 -1.2068133574277065 -1.148221175180915 -1.089188165315649 -1.0292094951029718 -0.9679177724519692 -0.9050507997527554 -0.8404391392249365 -0.7740030639471521 -0.7057530286238282 -0.6357902822575519 -0.5643056933808798 -0.49157575742154364 -0.4179553504601035 -0.3438672072950595 -0.2697884014829361 -0.19623432700838264 -0.1237408460050873 -0.052551651186845245 0.01626929057033748 0.08249056491608703 0.14567765996840523 0.2054610533307423 0.26154695677307666 0.3137243506032658 0.3618679348395066 0.4059368496485496 0.44596926709044266 0.48207321557039473 0.5144142467781981 0.5432007711889573 0.5686680519983436 0.5910619407433945 0.6106234500950405 0.6275751860699561 0.6421105083327142 0.6543860654406961 0.6645180808354767 0.6725824679418981 0.6786185539821443 0.6826359155411631 0.6846235968442654 0.6845608125086555 0.6824281446706713 0.6782182391359469 0.6719450896608548 0.663651166701645 0.6534118793425837 0.6413371253479881 0.627569942821289 0.6122824805625462 0.5956696099742729 0.5779404787021734 0.5593081425983644 0.539977108682697 0.5201281770535086 0.49989935477108277 0.4793607334141519 0.4584798587846869 0.43707187169236106 0.4147248853618767 0.3906847129671196 0.3636733275918315 0.33160417405725257 0.2911602404318261 0.23728812185292256 0.1630855177925821 0.061976279134966505 -0.06317914646409006 -0.1818756861324029 -0.23379735353524161 -0.1830276344860826 -0.06540892593051423 0.05868369333189774 0.1587372810498184 0.2319646582222299 0.28502385983863565 0.32487272577182197 0.35659273124417107 0.3835080010915408 0.4076966345813635 0.43041616080407535 0.45239069251724995 0.4739945356085722 0.4953694920052799 0.516501614929822 0.5372733179389274 0.5575003154392013 0.5769590184797242 0.5954077394499864 0.612603689705709 0.6283168791955399 0.6423414307165252 0.6545044055686536 0.6646719711302517 0.6727526192497142 0.6786971641686845 0.6824953925233193 0.684169471915653 0.6837645034305027 0.6813368791778557 0.6769413371929246 0.6706177626647989 0.6623788495452431 0.6521997049157737 0.6400103543820279 0.6256919011615318 0.6090768217474645 0.5899535682337858 0.5680753166681206 0.5431723793727908 0.5149675139987581 0.48319313729998253 0.44760930598368964 0.4080212716015448 0.3642954530514379 0.3163727919247509 0.26427864782034194 0.20812863214557642 0.14813004694724574 0.08457886659238811 0.01785245494176475 -0.05160156631324244 -0.12347364729447657 -0.19684844058231582 -0.27132994726304105 -0.346355385199278 -0.42138132517796456 -0.4959018588010323 -0.5694650768598041 -0.6416872073623575 -0.7122639127198027 -0.7809784490150854 -0.8477066711641417 -0.9124192641514609 -0.9751821597831647 -1.0361569879716084 -1.0956048519075274 -1.153899200106351 -1.2115581192193992 -1.2693152017071978 -1.328266141705328 -1.3901662371437382 -1.458034791868521 -1.5373796668149697 -1.6385126591890435 -1.7792282542596547 -1.974237011474293 -2.1487394172834744 -2.3191011281153004 -0.9685862740805167 -0.5588884127222143 -0.35666365267083644 -0.24325523192883092 -0.1753551906352698 -0.1321836737019316 -0.10329451382727407 -0.08314093148011104 -0.06861017317876024 -0.05786548749325258 -0.04977405862512985 -0.043608902931775835 -0.03888541655441797 -0.03526774867425293 -0.03251363293186871 -0.030441861147314703 -0.028913819093010565 -0.027823719912238337 -0.027093642659136878 -0.026670594625260977
-0.025423902651943442 -0.025583896472034257 -0.02610804956629523 -0.027039307015481694 -0.028449225568684615 -0.030437749560819845 -0.033133737356086254 -0.0366990285188008 -0.04133998214183179 -0.047331048250535475 -0.055056153649777465 -0.06507729611996849 -0.0782482994088971 -0.09590977205210259 -0.12023893669081637 -0.1549079411782647 -0.2063762894304698 -0.28649654936271507 -0.41769189224447484 -0.6428425440414278 -1.095133244062813 -2.1139315037710142 -2.0622496479277586 -1.9064739836634954 -1.7345185497673592 -1.602021399602299 -1.5011553609747315 -1.419063180321268 -1.3475154468555184 -1.2818468633290843 -1.2194012410923654 -1.1585943976201754 -1.098417047382907 -1.0381786943512628 -0.977377824856522 -0.9156383952939824 -0.8526812440946434 -0.7883135523253669 -0.7224269406910786 -0.6549987861694953 -0.5860935926670016 -0.5158625913714363 -0.44454059522169653 -0.37243969651051556 -0.2999397896988388 -0.22747618296749625 -0.15552476921529768 -0.08423105550927512 -0.014736295988556282 0.0527607958620055 0.1177960842827561 0.17994950083363978 0.23885858416456196 0.2942292163335418 0.3458430112307362 0.3935609718421564 0.4373232287464591 0.4771448954524846 0.5131083130748559 0.5453521914062767 0.5740583658584483 0.5994370599926004 0.6217116546187931 0.6411040023512286 0.6578212857355235 0.6720452970614956 0.6839248277198733 0.6935716084001106 0.7010599585068937 0.7064300062813799 0.7096940540618055 0.7108454095987881 0.7098688068214591 0.7067514171014257 0.7014934204306518 0.6941171721567327 0.684674161619305 0.6732491965390995 0.6599615270437569 0.6449628998820746 0.6284327541525909 0.6105708870429856 0.5915878998780031 0.5716935675494775 0.5510829614223671 0.529919699024256 0.508315071036923 0.4863009277125509 0.46379292297716546 0.4405387257051729 0.41604272690699695 0.38945433643577143 0.35940204594900127 0.3237557541082664 0.27932830616766957 0.22165984479581569 0.14547158768604468 0.0474619023789078 -0.06574447289046914 -0.16608256209298772 -0.20812423415465925 -0.16711508808407843 -0.06787435668067338 0.04412284037406625 0.1408674265210093 0.21585371799442704 0.272494193753274 0.3161416452840457 0.3512950456342282 0.38115438361465515 0.407843211593745 0.43271161623668486 0.4565769837283928 0.47989243674225657 0.5028609170093978 0.5255129419902994 0.547760988215439 0.5694389267013009 0.5903318013609558 0.6101992230571373 0.628794354692652 0.6458795959225663 0.661239468511931 0.6746907759447173 0.6860898388632333 0.6953364904314212 0.7023745501161923 0.7071886619373267 0.709797646033649 0.7102448188449986 0.7085860329875884 0.7048764256642207 0.6991570120516262 0.6914423010254055 0.6817100439466715 0.6698940633507741 0.6558808653295234 0.6395104398924706 0.6205813243117091 0.5988596713584182 0.5740917559023377 0.546019092413648 0.5143951449815243 0.479002502158785 0.4396693695713523 0.3962842993233925 0.3488082180826831 0.2972830168821621 0.24183620527776806 0.18268138774649018 0.1201145697892082 0.05450652920722289 -0.01370831882797191 -0.0840459815203562 -0.15622254279069653 -0.22924164533754662 -0.3027901181585126 -0.3763620307035281 -0.4494905839071704 -0.5217634926375375 -0.592836130452703 -0.6624419608459453 -0.7303999634175737 -0.7966190231183277 -0.8610996236105478 -0.9239337355173776 -0.9853046271885356 -1.0454896626970822 -1.1048713982503082 -1.1639662796561683 -1.223487692174199 -1.2844745690589545 -1.3485453065541957 -1.4183912437788415 -1.4987080182202677 -1.5977425456587244 -1.7283532119848983 -1.8983971688961065 -2.052431864259692 -2.1011072720634143 -1.0827630225202691 -0.639429952461447 -0.4162263098628609 -0.2857509093921982 -0.2059620549902827 -0.1546683282835876 -0.12010264280289008 -0.09584243159519423 -0.0782327426550528 -0.065104167268368 -0.055118935389371335 -0.047423341932785065 -0.04145420330037489 -0.03682614021600008 -0.03326376578542546 -0.030560794103258883 -0.028556594471286292 -0.027124376793235726 -0.026166549377781914 -0.025613581383379536
-0.023922447768055317 -0.02413368477970651 -0.024819222591453603 -0.026036942730255242 -0.027880435141698728 -0.03047509768587098 -0.033975539867529166 -0.03856874873480169 -0.044488147015049294 -0.05204357525125902 -0.061673049281829616 -0.07402608557221502 -0.09009805798054019 -0.11145473963798633 -0.1406246732518882 -0.18181161368715384 -0.24221535077610806 -0.3344336436320486 -0.480334807766063 -0.7164587829065014 -1.1890906040554365 -1.9712511496129177 -1.9597359670404206 -1.8302886329355876 -1.682376431529908 -1.5599925437726274 -1.4615423966574872 -1.3786977823880968 -1.305271619925689 -1.2374584403681697 -1.1729712954002236 -1.1103905405215229 -1.0487814583289472 -0.9874852937221427 -0.9260095693602527 -0.8639735450210251 -0.8010838488320482 -0.7371260889960941 -0.6719642090868847 -0.6055427097485915 -0.5378888313755664 -0.46911300502101955 -0.3994066642960043 -0.3290370393210389 -0.25833892452431967 -0.18736432328138958 -0.11714520883238326 -0.047862393691591294 0.020016824937166392 0.08603072741194737 0.14973919821304177 0.2107386281173864 0.2686750062328568 0.3232545810815034 0.37425156698473544 0.4215125040576473 0.46495704501461355 0.5045751358947481 0.54042077062325 0.572602717516837 0.6012728225869557 0.6266126711081625 0.6488195175629181 0.6680924601919319 0.6846198297043428 0.6985686788663613 0.7100771032536802 0.7192499035817757 0.726157831883948 0.7308403675568419 0.7333116688801748 0.7335690669289551 0.7316032390088443 0.7274090433521536 0.7209959378259998 0.7123969552714272 0.7016753661472388 0.688928406864824 0.6742877519798158 0.6579167083420289 0.6400043512923411 0.6207569556775276 0.6003870643338319 0.5791003718475722 0.557080288941664 0.5344696022063625 0.5113480481915713 0.48770383501807435 0.46339607643796854 0.43810364048351336 0.41125406247504376 0.3819245196306678 0.34870802239066434 0.30955069908839916 0.2616159268093883 0.2013826233887442 0.12555701474122635 0.0339834905143879 -0.06441137863371413 -0.14592839808967073 -0.17868886093014263 -0.1467813976269448 -0.06627947341085438 0.030878424345018363 0.12107933862816664 0.19554923574704614 0.25458354283414447 0.3015724722636014 0.3400916230149369 0.37299992853955455 0.402349775345511 0.4295286130791306 0.45542559923281845 0.4805684577172036 0.5052252640935597 0.5294782946790585 0.5532780426164314 0.5764837341593712 0.5988947570682588 0.6202759085680615 0.640378280743767 0.6589568092231155 0.6757849254928365 0.6906663286018402 0.703443620572413 0.714003438649494 0.7222777676631256 0.7282413089521735 0.731905077856688 0.7333067416455747 0.732498532383896 0.7295338205819459 0.7244535789749426 0.7172739852457648 0.7079763109199689 0.69650003787187 0.6827398602324675 0.6665468981108424 0.6477341016937737 0.6260854900458553 0.6013685744277454 0.5733490835063494 0.5418069528756813 0.5065524721939372 0.46744150074030266 0.42438875876867327 0.3773783640522135 0.3264709916037869 0.2718072687576719 0.21360725676877546 0.15216609518993776 0.08784608347761658 0.021065636254028693 -0.04771432792955065 -0.11800591868593238 -0.1895656788739997 -0.26138063910372406 -0.33323897935290875 -0.4047181257343557 -0.47545006382681493 -0.545133374906873 -0.6135426892163817 -0.6805352756799179 -0.7460547244665114 -0.8101320251108507 -0.8728848550210394 -0.9345166671143883 -0.9953183749197118 -1.0556774042516248 -1.1161022415673507 -1.1772765596008978 -1.2401677659604649 -1.3062339526520694 -1.3778031951243612 -1.4587206360668226 -1.5552078674910308 -1.6756279005927746 -1.821655752470554 -1.9494765397402585 -1.9584624965440052 -1.171475167789334 -0.7117962556642798 -0.47839965871962786 -0.3334845697751682 -0.24171277333643346 -0.1815386164175092 -0.14048243845597588 -0.11139542976828103 -0.09009776192895476 -0.07407208810507836 -0.061757119897409625 -0.05215827107630248 -0.044624963423506 -0.03871761439275354 -0.03412534069426965 -0.030614877050487783 -0.028000793785543134 -0.02613108779614902 -0.024883229990948514 -0.02416590236431044
-0.022019204429080744 -0.022297485959459407 -0.02319200659691569 -0.02478072133419575 -0.02718629173422156 -0.030566572295513423 -0.035107241536554 -0.04102341876170743 -0.0485768702563133 -0.05811401791813378 -0.07012996278805274 -0.08536770324356391 -0.10497188753453847 -0.13073571010082924 -0.16551282794705938 -0.21391801306598912 -0.2834928945203125 -0.3864198750281663 -0.5410664887506547 -0.7727545813220963 -1.2378385009753428 -1.8404076226808264 -1.849387074014217 -1.7488085962798783 -1.624978363058141 -1.5139127775172652 -1.419131014814474 -1.336459485223628 -1.2617954729031775 -1.1922901295858217 -1.1260976760965828 -1.0620082240379207 -0.999189303274577 -0.937031231497279 -0.8750618796491081 -0.8129035039446348 -0.7502538880810562 -0.686880796921782 -0.6226229713964381 -0.5573934893063605 -0.49118293781650463 -0.4240608908792317 -0.3561748881449017 -0.2877466017106827 -0.218657053384891 -0.14996423898748432 -0.08172360067167539 -0.0143478848870593 0.051734737086119746 0.11609575923289295 0.17832122346946316 0.23802575212035554 0.2948651112390408 0.3485467319601388 0.39883768952229215 0.4455697425083911 0.488641167925343 0.5280152919261285 0.5637158026457874 0.5958191320567005 0.6244443933468614 0.6497415418422391 0.6718785734070868 0.6910286685806579 0.7073582195190486 0.7210166320941096 0.7321286748423625 0.740789953694235 0.747065838101842 0.7509938672786357 0.7525893493860422 0.7518535599845518 0.7487836820871665 0.7433834412630712 0.7356733041768 0.7256991462886776 0.7135384546775699 0.6993033956760097 0.6831404014377145 0.6652262564793376 0.6457609316298776 0.6249575638925375 0.6030299839201803 0.580178040242622 0.5565706754934205 0.5323262990749723 0.5074894918487676 0.4820024820240348 0.4556691672645173 0.4281088395837356 0.39869664016974726 0.3664895096349706 0.3301437967301348 0.28785320529041736 0.2373942987170093 0.17649702723584781 0.10397730447036316 0.022193934685861394 -0.05939312496473101 -0.12266732521664234 -0.14710919140819184 -0.12331487530163643 -0.06089501791089996 0.01954841620432041 0.0999785926444575 0.17109574694958493 0.23069958421619166 0.2800923111877207 0.32161709709663117 0.3575333181503792 0.38965486403761906 0.41931141373240405 0.4474153512534199 0.47454787807120785 0.5010362696028423 0.5270164831295334 0.5524825164532864 0.5773255199097717 0.60136544839338 0.624377367525555 0.6461138322576465 0.666324145022115 0.684770794780899 0.7012429869920018 0.7155669187767945 0.7276123540343071 0.7372951204703253 0.7445753692074364 0.7494517665031383 0.7519521637247839 0.7521216465653509 0.7500091361932445 0.7456538613312229 0.7390730236961139 0.7302518457561747 0.7191369435074552 0.7056336423079149 0.6896074896201752 0.6708898521931139 0.6492871494436583 0.6245929962076061 0.5966023249071641 0.5651264404046902 0.5300079322643885 0.4911344239701639 0.448450264034747 0.4019654433927446 0.3517612364166649 0.29799228884107687 0.24088509587918533 0.1807330120889843 0.11788810221766609 0.052750271885201594 -0.014245787846182988 -0.0826452472461096 -0.15198874533776263 -0.221828313712099 -0.2919682514625705 -0.361542842452082 -0.43048552837748577 -0.49854144635884 -0.5655290160036457 -0.6313455858422866 -0.6959702793610122 -0.7594643055794209 -0.8219694594609606 -0.883706225046403 -0.9449739360772214 -1.006157072483858 -1.0677443729775535 -1.130371682807583 -1.1949062293478925 -1.2625996312955179 -1.3353442063844205 -1.4160380958562484 -1.5088366723479845 -1.61798095155465 -1.740070015027592 -1.8392371121314801 -1.8281798305520844 -1.216210289060813 -0.7667531266619956 -0.5386241212019494 -0.38525351116170925 -0.2829008031901335 -0.21361649976441988 -0.16537163051188095 -0.13069128448740272 -0.10499238382230053 -0.0854365031309064 -0.07023700312859454 -0.05825096172402049 -0.04873459471023952 -0.04119118194881621 -0.0352731587871977 -0.030718993854031047 -0.027315493123941877 -0.024880176410452978 -0.023258621040389543 -0.022330647680144734
-0.019719194858916655 -0.02008713526953495 -0.021259155886539493 -0.023340221936009164 -0.026491528891741313 -0.030912585676245236 -0.036826580489180145 -0.044479316534360165 -0.054160140705541426 -0.0662496464837564 -0.08129735201666706 -0.10013587067995487 -0.12404733869894971 -0.15501287975526684 -0.1960940788451706 -0.2520015619649223 -0.3298320771255461 -0.4395724080177808 -0.5929317348846682 -0.8023089338570798 -1.2188140134874728 -1.7002717798384432 -1.728144649177563 -1.6569679478727755 -1.557835397211786 -1.460224504562588 -1.371226445323728 -1.2903303518838465 -1.2155644531109995 -1.145175298493511 -1.0778708630229281 -1.012726531490484 -0.9490605765007266 -0.8863437286593545 -0.8241450035695947 -0.7621038992499557 -0.6999193828038219 -0.6373485507768293 -0.574210088631897 -0.5103893120785108 -0.4458427469425829 -0.3806010372891002 -0.31435568281038606 -0.24800221427166053 -0.18144885311952777 -0.11498481772444068 -0.04894432372565159 0.016305396194029917 0.08037718593358376 0.14287762100252974 0.2034206597607193 0.2616407251155609 0.31720466413521087 0.36982206186810374 0.4192534344373231 0.4653159007763769 0.507886035128352 0.5468997358814914 0.5823491066163273 0.6142765269598318 0.6427662811242306 0.6679342968135071 0.6899167092110611 0.7088580855211551 0.7249002093661303 0.7381723176302987 0.7487835970384941 0.7568185823421604 0.7623358588450078 0.7653701741612822 0.7659377317117351 0.764044104121709 0.75969390720989 0.7529011551870989 0.7436991109393556 0.732148475114882 0.7183429263490627 0.702411309551707 0.6845161219157929 0.6648483025336592 0.643618624016755 0.6210461581020352 0.5973443123280776 0.572704812236421 0.5472797600968544 0.5211615833096571 0.4943603507947929 0.4667776657608489 0.43817628377950835 0.40814508920367176 0.3760608560804791 0.3410530448717833 0.3019893244939037 0.2575241294076186 0.20629930819206183 0.14745568467157286 0.081658492096347 0.012670206153325671 -0.05121566131143659 -0.0977423545166728 -0.11506888939388206 -0.09819036268650817 -0.052313389733663646 0.010623066699143365 0.07840940344239572 0.14288845613180406 0.2004532015494719 0.2505685898313839 0.29418420733230183 0.3327105145913271 0.3675139310618579 0.39972283846770285 0.4301844408561886 0.45948357285883024 0.48798158037771855 0.5158579355526763 0.5431485383656884 0.5697793537850093 0.5955957341882743 0.6203881966305866 0.6439153241616351 0.6659241668872601 0.6861681779543785 0.7044224137115559 0.7204955151521226 0.7342379139680606 0.7455457944749082 0.7543605864257198 0.7606641241103671 0.7644700201113441 0.76581219231242 0.7647317803385381 0.7612638445438829 0.7554252358769757 0.7472048667354445 0.7365573312169545 0.7234004611523326 0.7076170095212619 0.6890602691328067 0.6675630983477506 0.6429495631482933 0.615048231566392 0.5837060771822046 0.5488019593655384 0.510258737905876 0.46805323122198755 0.4222234211536644 0.37287252130585724 0.32016974098915757 0.2643477756405601 0.20569722547350736 0.14455828006564858 0.08131010643478694 0.016358444407380275 -0.04987804756284127 -0.11698213418423431 -0.18455246553389004 -0.25221759679912115 -0.31964901597271456 -0.38673182186764415 -0.4528982187543847 -0.518212327331869 -0.5826120810531455 -0.6461114820262872 -0.7087998683158595 -0.7708392441811726 -0.8324608464912711 -0.8939629313599206 -0.9557129329101819 -1.0181588155291537 -1.0818567045444911 -1.1475243947507259 -1.2161307471069602 -1.2890191924976806 -1.3680017889615248 -1.4551198093150657 -1.5509766906361953 -1.6486152289050333 -1.7186653573259634 -1.6891992144742645 -1.1970036678125602 -0.7950667299679809 -0.5899736932580422 -0.43817492176377476 -0.3291434850121351 -0.25167056501513346 -0.19595626431502527 -0.1549867922167428 -0.12409176626823949 -0.1002295096178896 -0.08142798662465292 -0.06640803565835597 -0.054336717418300415 -0.044662926116414675 -0.037004845454492 -0.03107344724401152 -0.02662526551142101 -0.023441002392652042 -0.021325249230095412 -0.02011950429205006
-0.01702597088986557 -0.01751959300532788 -0.019078331843810713 -0.02184294858841676 -0.02602525913678207 -0.03187782277024 -0.03966805263758331 -0.04967223329484062 -0.062200209886321405 -0.07765384278525549 -0.0966177351400562 -0.11998210152384894 -0.14910351583967915 -0.1860143735991304 -0.23368387139322133 -0.29627919628532773 -0.3791923074901485 -0.4881559854563505 -0.6265013525835856 -0.7971568258662395 -1.1325115948577817 -1.5413913413974107 -1.5905160108816259 -1.547980974392605 -1.4742036573948045 -1.3928531881754878 -1.3127244413839108 -1.2361565168655064 -1.1632213639624234 -1.093385248940333 -1.0260492557764758 -0.9606823022082686 -0.8968297318711285 -0.8340952786666832 -0.7721255678202943 -0.7106030980315483 -0.6492466336639389 -0.5878163750014261 -0.5261214187258348 -0.4640276092966745 -0.40146453501443374 -0.33787527709182597 -0.2742702320403765 -0.2103526739300374 -0.14630751070545475 -0.0823741368457386 -0.018837803388841657 0.043980645034473534 0.10573620727112226 0.1660718575811534 0.22463088291278638 0.28106893307261327 0.335065295847099 0.3863329218194247 0.4346267511944271 0.4797499427513228 0.5215576787127769 0.5599583231035069 0.594911845480463 0.6264255832719928 0.6545475956914918 0.6793580476647484 0.7009592369779887 0.7194650226213242 0.7349905080368754 0.7476428623009312 0.7575141103638322 0.7646765847688607 0.7691815061068872 0.7710608612021157 0.7703324012394158 0.7670072229460994 0.761099069715962 0.7526342446681132 0.7416609062853508 0.7282565470233608 0.7125326382509636 0.6946357346443461 0.674744713842357 0.6530642141081051 0.6298146532081396 0.6052194146742544 0.579489849761011 0.5528086782295843 0.5253122228282057 0.4970717537246713 0.4680741473710993 0.4382022219688629 0.40721572717836996 0.3747354419396608 0.34023588770561586 0.30305795930502183 0.26246286685836184 0.21776407987995183 0.1685909333530184 0.11533871010667533 0.05980020606055508 0.005787567581950924 -0.04074890263152163 -0.07273600714208914 -0.08426471833673545 -0.07301438835639157 -0.04146684140827475 0.00437395325407336 0.057443854257878575 0.11188172177368957 0.16400058766421438 0.21212987729893584 0.25597198639042157 0.29596391023713964 0.3328283636459449 0.36731434283721204 0.4000698441799575 0.431592252046357 0.46221960633613524 0.49214148149772075 0.5214183090705107 0.5500037112016349 0.5777673977511121 0.6045175983943487 0.6300225725240833 0.6540308689127439 0.6762899224381611 0.6965624201862856 0.7146397438997716 0.7303517712706342 0.7435724381524702 0.754220733416771 0.762257187297382 0.7676763606286141 0.7704962672657251 0.7707459899188042 0.7684529244749024 0.7636310854359322 0.7562717328854497 0.7463372745768899 0.7337590058626838 0.7184388307716367 0.7002547108542984 0.6790692537846127 0.6547406079247842 0.6271346838997036 0.596137680496855 0.5616679385192633 0.5236862674494139 0.4822040629444568 0.43728873673321866 0.38906619229307665 0.33772028079911937 0.2834893483936036 0.2266601287653522 0.16755934088395663 0.10654342266633833 0.043986872380122534 -0.019730311417822048 -0.08423559562319792 -0.14917679021267294 -0.21423434981923858 -0.27913262009775563 -0.34364956511574807 -0.40778180226044397 -0.4710810103901576 -0.5337265953804536 -0.5957638112250175 -0.6573044266222327 -0.7185221737051772 -0.7796467619167123 -0.8409577896863661 -0.9027804774646737 -0.9654857248206378 -1.0294971606552965 -1.095306358556231 -1.1634905033797283 -1.2347038278450897 -1.309545959651709 -1.3880255566113275 -1.4679060429600308 -1.540515679425522 -1.5822467400129874 -1.532043077182803 -1.114684829431618 -0.7891079508623445 -0.6230740323441852 -0.48651546346158187 -0.37839006873010567 -0.2959071268649708 -0.2335436516234149 -0.18600467206669638 -0.14917185602134667 -0.12010113423643398 -0.09677226274355129 -0.0778332964651396 -0.06239442549299645 -0.04986964413212022 -0.03985586196506484 -0.0320436874023631 -0.02615968620162424 -0.021941217646065322 -0.019140709982585782 -0.017549329089830586
-0.013923821569591504 -0.014609572704546023 -0.016754590008812232 -0.02054313698151469 -0.026249367623376218 -0.03418940062649141 -0.04467708943729746 -0.05800784861228485 -0.0744849336625948 -0.09448701862169322 -0.11856559565891159 -0.14755832135455357 -0.18270447408784807 -0.2257404891256807 -0.2789208196550316 -0.3448282489073681 -0.4256951190259295 -0.5218869969167914 -0.6301781911828308 -0.7515198597394229 -1.0011732656289087 -1.3541082814898038 -1.427085364307582 -1.411811065477228 -1.3634855863898248 -1.3012780536075683 -1.2339346856835494 -1.1654281596492728 -1.0974611330122805 -1.0306967173875345 -0.965330242676246 -0.9013411912822682 -0.8386020297189736 -0.7769274505815463 -0.7161006645149157 -0.6558917154709752 -0.596073308787667 -0.5364357420856304 -0.47642322922539093 -0.4164771691695547 -0.35627035130542817 -0.29576628502949337 -0.23498754576969963 -0.17401617685928503 -0.11299141737105835 -0.05210502983853347 0.00840542679103026 0.06826499297064946 0.1271709641589428 0.18480338867606233 0.2408359856986203 0.29494705766026674 0.34682996947393774 0.39620276678866134 0.4428165151862523 0.4864619659630428 0.5269742018988537 0.564234992031804 0.5981726932094318 0.628759676665837 0.6560074243891127 0.6799596228312494 0.700683764174735 0.7182619291815493 0.7327815479234562 0.7443269951856495 0.7529728560999643 0.7587795832858824 0.7617920564264598 0.7620412598639748 0.759548938188291 0.7543347144726974 0.7464248113907118 0.7358612568993697 0.7227103316086549 0.7070690536421805 0.6890687005885858 0.6688747055442152 0.64668267799761 0.6227107170193893 0.5971885363376951 0.57034416139016 0.5423890752704459 0.5135027091307941 0.48381715156245175 0.4534029772722523 0.42225727392832546 0.3902954100218854 0.3573489934718841 0.3231740020058785 0.28747536212745456 0.2499572041258905 0.2104107552275614 0.16885173581301863 0.12571064108651026 0.08205417641308807 0.03976939574432754 0.0015877296217922164 -0.02918731132770763 -0.0492943105164497 -0.05634175196291789 -0.04944593181668627 -0.029596096563697525 0.0007431029413103845 0.03829493363969578 0.07979502662108084 0.12258810346299218 0.16487737333298802 0.20568141765145376 0.24463838421271866 0.28177959313572315 0.3173387239950361 0.35161624401960123 0.384894375913807 0.41739006662831324 0.4492337127846056 0.48046431646024057 0.5110347586544208 0.5408231753248142 0.5696479326880102 0.597284578410125 0.6234835871829659 0.6479878847019683 0.6705491591470611 0.6909419632964192 0.7089746605835732 0.7244964330480211 0.7373998681074356 0.7476190560531389 0.7551236047011123 0.7599094342758657 0.7619875749511666 0.7613723898991405 0.7580706586150432 0.7520727848783693 0.7433470779571547 0.731837650874875 0.7174660477804653 0.7001363109818001 0.6797428693131125 0.6561804010996657 0.6293547057511004 0.5991936042888263 0.5656569654753479 0.5287450991327052 0.4885049466316044 0.44503370623994243 0.398479735612709 0.3490407587806508 0.296959557606289 0.24251744364230002 0.1860258837427667 0.1278166978564931 0.06823126631153847 0.007609186118995975 -0.05372318951425973 -0.11546390173367292 -0.1773458044392551 -0.23914583114812293 -0.3006926956041377 -0.3618726252483039 -0.4226327592008084 -0.4829819046750625 -0.5430997653270309 -0.6028384198008763 -0.6625310153757458 -0.7223817426473099 -0.7826194582906854 -0.8434839582335283 -0.9052108173593408 -0.9680133612928001 -1.0320564427918126 -1.0974072747334538 -1.1639269929622222 -1.2310197636375801 -1.2970625843824055 -1.358174557591725 -1.4057012418079613 -1.4205040682574905 -1.3469818561009936 -0.9892399647344651 -0.7436177177588934 -0.626437348422338 -0.5200065953747516 -0.4247502440099581 -0.3443872134137301 -0.2787593033474716 -0.22573700102262861 -0.1827928686795443 -0.1477027479024984 -0.11874594600108082 -0.09469005275913947 -0.07469902438725853 -0.058220485002821884 -0.044874732880362984 -0.03435925483370146 -0.026382210906088496 -0.0206357672722762 -0.01681014160554931 -0.014634706699965796
-0.01032689974045292 -0.011354665659296149 -0.014524725537443882 -0.020048418595170193 -0.028250195159157145 -0.03949953405471788 -0.054132330928740126 -0.07240822140591602 -0.09452835062338653 -0.12070296321199576 -0.1512372085548987 -0.18659890482544486 -0.22743207877310168 -0.2744740441096653 -0.3283191505983189 -0.388964576335075 -0.4551298280067037 -0.5236226989895656 -0.5901652949126187 -0.6606959914488832 -0.8361364069404021 -1.1221134537568727 -1.2193960779458755 -1.2306566538070003 -1.2073115200707678 -1.1664670256401135 -1.1160532180001201 -1.0604171625392973 -1.0020973766115007 -0.9426100412065145 -0.8828597667117867 -0.8233688234464617 -0.7644106973054 -0.7060924358280436 -0.648409662098385 -0.5912870454882649 -0.5344652814522927 -0.4778820114342761 -0.4214155537293102 -0.36494552698190785 -0.3083837996934915 -0.2516838682362174 -0.19484690022537138 -0.13792466263104833 -0.08101961854065322 -0.02428252688829586 0.032092090746131195 0.08787223953923376 0.14279611941176387 0.19658079947623688 0.24893153099470944 0.29955133101761755 0.34815046404729755 0.3944554410791239 0.4382171510482762 0.47921774448102905 0.5172759141862509 0.5522502678142346 0.5840405720196553 0.6125867652946173 0.6378657878268966 0.6598864505647895 0.6786827495083563 0.6943062048399357 0.7068179454112397 0.7162813420221125 0.7227559970009467 0.7262938052844448 0.7269376093326435 0.7247226848177404 0.7196809425010533 0.7118473565567953 0.7012677858088001 0.6880071009847862 0.6721564191859192 0.6538383061601033 0.6332090365910436 0.6104573683520349 0.585799726352444 0.559472132734568 0.5317195958987815 0.5027839406173822 0.4728912178976579 0.44223990111939154 0.4109911050232006 0.37926211102796986 0.3471245924280033 0.31460911643942263 0.28171771251146027 0.2484463846837605 0.21481912419389632 0.18093376751165427 0.1470173553830484 0.11348404758034039 0.0809825101242824 0.050414067606760926 0.022901849236793625 -0.00030093976039345985 -0.01795780244821105 -0.02902347908599355 -0.03281630843396582 -0.029092898180981562 -0.018150814165202957 -0.0007142778710387335 0.022152322357092434 0.049219292880233516 0.07926350879824003 0.11120794939445004 0.14420431185557175 0.17765534053375515 0.21119020783053205 0.24461314593545147 0.27784377727001675 0.31086169766981164 0.3436617276992936 0.3762217605216871 0.408482567706554 0.44033780545953394 0.471632196552197 0.5021659780171893 0.5317039254577549 0.5599874490109625 0.5867483656145593 0.6117230050441027 0.6346653505447178 0.6553580094898062 0.6736200032111777 0.6893106829157699 0.7023295065813426 0.7126119025558914 0.7201219249379615 0.7248427939423971 0.7267666460613228 0.7258848592692043 0.7221801707052852 0.7156215037708138 0.7061620270363995 0.6937405442080837 0.6782859228374754 0.6597239555902791 0.6379858382050839 0.6130173517624236 0.584787845720781 0.5532982142842329 0.5185872171138803 0.4807356886469702 0.43986838416685436 0.39615340208256933 0.3497992871304441 0.301050047234613 0.2501784063632267 0.19747766797557864 0.14325258674184638 0.08780964717414658 0.03144713899326709 -0.02555459344547763 -0.08294235758854504 -0.14049840616844805 -0.19804744162581644 -0.25546194748938245 -0.3126654555928746 -0.36963336503786764 -0.4263909520017691 -0.48300825444346984 -0.5395915776699202 -0.5962179067445208 -0.6530349151476704 -0.7102270849645486 -0.7678837265004401 -0.8260299139676629 -0.8845866871238783 -0.9433162440447809 -1.0017395315440571 -1.0590024203361712 -1.113645877257959 -1.1631937778400692 -1.2033632627222564 -1.2262824044247498 -1.2148757973441988 -1.1175847870804192 -0.8299394653865905 -0.6545045183239158 -0.5865082315881097 -0.5215742619177222 -0.4540190661162254 -0.38841200719524793 -0.32810143612284376 -0.2744566204094151 -0.22753413817362095 -0.18677248764305762 -0.15145346632793708 -0.12094281085424337 -0.09477634465584159 -0.07264922345284437 -0.0543508023732675 -0.03968123008081565 -0.02838552592962667 -0.020135830350044546 -0.014571559526895634 -0.011373298295054913
-0.3801323138530529 -0.3805359440853585 -0.3823041548721947 -0.3864728074516127 -0.3944000801598746 -0.0521933476380296 -0.0734844515451746 -0.09906491946497703 -0.12868333540365218 -0.16192223077021015 -0.1982710710661678 -0.23715350326175755 -0.27788724527572495 -0.31958106300789724 -0.3609956671837525 -0.40042040314480254 -0.4356605216257623 -0.4643973891739029 -0.4862621402698106 -0.5152003292654047 -0.6243733402988954 -0.8155543008303168 -0.9252795067984944 -0.963668385015526 -0.9660843125507909 -0.9487101103868848 -0.9192274038835365 -0.8819052019564697 -0.8394203720411043 -0.7935725888214489 -0.7456076381585464 -0.6976386889454173 -0.6478995432726486 -0.5978951675005658 -0.5478527309250457 -0.49788476837469575 -0.4480235333885276 -0.39824995575632466 -0.34851801189473697 -0.2987749028828711 -0.2489772689392431 -0.1991036414890218 -0.14916335881792767 -0.09920222723700688 -0.04930525299662372 0.0004031955914639892 0.04976142596491908 0.098574291435681 0.14661853962124863 0.193649304649545 0.23940742032087053 0.28321065279717894 0.32551623128874557 0.3657576512894941 0.403699207382891 0.4391304755408288 0.4718713854139149 0.5017756234174715 0.5287321600614051 0.552664819883681 0.5735299611302948 0.5913124952250023 0.6060206383743434 0.6176799316585865 0.6263271722053887 0.6320049467192237 0.634757435439832 0.6346280472749453 0.631659257760006 0.6258947597070077 0.6173837299247313 0.6061867007554284 0.5923822522264582 0.5760735577024375 0.5573937652993703 0.5365093005635932 0.513620427553351 0.48902943903882345 0.4628791855300115 0.4354934011034206 0.4071531713837456 0.3781393482394858 0.348723536167254 0.31916065946260275 0.28968396506327465 0.2605030687285364 0.23180534488701793 0.20376059942626418 0.17652854897585052 0.1502681719435443 0.12514754381848348 0.10135241699597963 0.07909168942825762 0.05859816674890665 0.0401237269856097 0.02392906043560149 0.01026931492464456 -0.0006221423953273505 -0.008549341570411248 -0.013366471319087352 -0.014991089062541532 -0.013396397990511517 -0.008618305161430547 -0.0007712948341032838 0.009993556469734339 0.02347752602406973 0.03945273830508396 0.05767711452586931 0.0779088878320442 0.09991852157778444 0.12349623544698324 0.148454205431433 0.17462357557084304 0.20184736863640443 0.22997097478658177 0.2588320716508725 0.288251654165126 0.3180274667237657 0.34793065620429764 0.3777059962142121 0.40707561056544417 0.4357457594681212 0.463415948157051 0.48978937849095494 0.5145727795512681 0.537543063126606 0.5584625173694974 0.5771394191477395 0.5934181757870313 0.6071774970334353 0.6183258932754842 0.6267952768240551 0.6325336535001755 0.6354979520168482 0.6356479497660663 0.6329420417483662 0.627335307354649 0.6187800087088661 0.6072283494076122 0.5926370721984133 0.574973299410809 0.5542209304295822 0.5303869032299906 0.5035066880364456 0.4736484944894239 0.44091581970975247 0.40544812162245003 0.3674195581120592 0.32703586909938 0.2845295945185907 0.24014775362494298 0.19417233093780742 0.14686702982682204 0.09849872748927693 0.04932243705795571 -0.00042632203637251224 -0.05053840347779954 -0.10083683790726247 -0.15118122091765968 -0.20147032307854362 -0.2516425427704391 -0.30167381517008446 -0.35157259736615454 -0.401371581326254 -0.45111583007383244 -0.500847085961098 -0.550584029906029 -0.600298244707522 -0.6498854710543445 -0.6991313340106663 -0.7461250955346005 -0.7935064789231617 -0.8387671666379837 -0.880695461886794 -0.9175270370275236 -0.9466208699068511 -0.9637444807792349 -0.9612568756038805 -0.9230302633289766 -0.8137452322560528 -0.622636752947613 -0.5124267370258567 -0.48366802290997796 -0.46254702754985355 -0.43449350982942864 -0.39977260932832137 -0.3607175178672197 -0.3195555917173149 -0.2780285104047023 -0.2374010641360453 -0.1985837639615511 -0.1622723358996246 -0.12905210705848585 -0.09944123726864987 -0.07387221550313633 -0.05266123656916117 -0.3949723739522261 -0.38694644123178473 -0.3826402607408667 -0.3807096316939378
-1.0281943554346125 -1.0293243819234612 -1.0340844299185987 -1.0450092586745074 -1.0642155945647551 -1.0922113520382408 -1.1277776485216 -0.8534706356464139 -0.48097477923565507 -0.5161312923205849 -0.22861315721530762 -0.2526620895801024 -0.27186344878356206 -0.28571783158688874 -0.2936418113761293 -0.2951608486854829 -0.290219031008959 -0.28020229266867636 -0.27081551036386714 -0.2769749701201106 -0.3182490438470214 -0.3892845623571138 -0.4582232213564063 -0.5062291573946832 -0.5326043504743337 -0.5446615869709908 -0.5428598949162216 -0.5322869460147085 -0.5153378682603453 -0.4937336715942959 -0.4687324671638074 -0.44126426339849284 -0.41201715135672357 -0.38149526227345665 -0.35006068602517104 -0.31796609666967657 -0.2853816308562944 -0.2524177617555565 -0.21779931734952873 -0.18453919601836083 -0.15099629961686067 -0.11722811647450997 -0.08329484029926848 -0.049269519001787124 -0.015243970873574821 0.01866833950295636 0.05233176102537417 0.08558975207945248 0.11826761369926929 0.1501763152245607 0.18111710138439047 0.21088659516956487 0.23928212288370293 0.2661070009398707 0.29117553256660084 0.3143174774036139 0.33538177876065317 0.3542393715367243 0.37078494530681283 0.3849376090832297 0.3966404898354818 0.405859394852195 0.4125807665404433 0.41680924980251133 0.4185652593135968 0.4178829662333928 0.4148091033131267 0.4094029095388084 0.4017373896051627 0.3919018625818465 0.38000553156425554 0.3661815572970276 0.35059090588367003 0.3334251137648683 0.31490711656186765 0.29528945064854456 0.27484945433904334 0.2538815317255768 0.23268701939439668 0.2115626186651908 0.1907886254391552 0.17061824216079982 0.15131977239416228 0.1329696942313502 0.1157483753086922 0.09974640991323643 0.08501508252883067 0.07157154880891135 0.059405170391086025 0.048484285805315386 0.038762812646004174 0.030186225368114807 0.022696616364406785 0.01623669815235466 0.010752736754347016 0.0061965080315276744 0.0025264410602170062 -0.0002918476395987512 -0.002285410834773989 -0.003474284127461977 -0.003871209326206244 -0.003480996266761522 -0.0023009867150009734 -0.00032382283150380074 0.0024689130252142804 0.006103064419130964 0.010613136338571486 0.01604220907787443 0.02244132382595823 0.029868131869439193 0.038384624968350045 0.04805381194859798 0.0589352820384491 0.07107969939725746 0.08452240146573625 0.09927642452849167 0.11532543711331278 0.1326172125879649 0.15105838123348772 0.17049219340672153 0.1907685149700567 0.21165167661343093 0.2328821323767662 0.2541735983823641 0.2752242866250828 0.2957291177925445 0.31539157825758934 0.33393396034137546 0.35110502052256015 0.36668453705329396 0.3804847455928428 0.39234907740666214 0.4021489452957201 0.4097794781197477 0.415155097073558 0.4182056863664867 0.4188738839053332 0.41711375646898396 0.41289087361199384 0.40618358679211364 0.39698517564245117 0.38530644482450194 0.371178339776945 0.3546541842922723 0.3358112149788705 0.3147511802486697 0.2915998714905066 0.2665055509218758 0.23963632522362693 0.21117658358061353 0.18132266953076087 0.15027799242757345 0.1182478061468769 0.08543389872230264 0.05202944830181002 0.01821431366617283 -0.01584894923135881 -0.050018026162125896 -0.08417237596609234 -0.11821291889899933 -0.1520593274301004 -0.18564411017749446 -0.21890209312981312 -0.25342015224624875 -0.2863536545889958 -0.318874143161546 -0.35087249495582506 -0.38218149156674097 -0.41255292813564765 -0.441630674843751 -0.46891796081134685 -0.49373535316745215 -0.5151627419168612 -0.5319532240902436 -0.5423986942725292 -0.5441196814955616 -0.531798251627585 -0.5056859430909127 -0.4580202403211834 -0.3895088611840306 -0.31882101207682445 -0.277525708017692 -0.27110412587692523 -0.28036857541173926 -0.2905506487696049 -0.2959218072048347 -0.29502077820362255 -0.28781056064931637 -0.2746576186355057 -0.2560024207913683 -0.2320397016854558 -0.5204295252250705 -0.48547446265682515 -0.8538440877252368 -1.1283853833062865 -1.0928617142685013 -1.0648485341423957 -1.0455579155036512 -1.034489015302244 -1.029539218835387
-1.3504768672037868 -1.3564819563572366 -1.3741286925623082 -1.4023418141331265 -1.439426119642622 -1.4831978466816746 -1.5311433669452454 -1.5805848546076988 -1.628828844753045 -1.673254060473691 -1.284425243790813 -1.3078257220181944 -0.8843520795976793 -0.8873140691294622 -0.877443566546931 -0.44764953230239257 -0.4434668291129716 -0.006586994558729881 -0.0015875536255624805 -0.0005717995144596857 -0.0003510689888142884 -0.0003644242958303369 -0.0004514746936194696 -0.0005520192667891739 -0.0006400207857658851 -0.0007042091632806862 -0.0007409530513310897 -0.0007510060541180761 -0.0007376701884059184 -0.0007055744091738511 -0.0006597917231105296 -0.0006051947087357678 -0.0005460155343871315 -0.0004855811502641382 -0.00042620832775147594 -0.00036923160159418883 -0.0003151361171651763 -0.0002637637052014269 -0.00021455912447734747 -0.000166823799519567 -0.00011994703701705578 -7.358956165325138e-5 -2.780102864725217e-5 1.6938491027398205e-5 5.975401415792503e-5 9.948023870372519e-5 0.00013481954201336263 0.00016453173119816453 0.0001876302435005914 0.00020355840254873066 0.00021232077890902574 0.0002145486162322628 0.00021148436404093283 0.00020487845923361443 0.00019680119945869368 0.00018938348614635833 0.00018451153888944053 0.0001835112845372558 0.00018686635039588084 0.0001940174541359562 0.00020328843321790115 0.0002119735569554776 0.00021660159941187576 0.0002133656027822248 0.0001986766255730875 0.00016977043705944622 0.00012527466220787676 6.563671491394772e-5 -6.6756275524658834e-6 -8.725845764931798e-5 -0.0001701525300155321 -0.00024848026442151255 -0.0003152512368931014 -0.0003642165061468372 -0.00039064290699961974 -0.000391893643471479 -0.0003677368455257705 -0.0003203504068505045 -0.0002540390018085875 -0.0001747183563291107 -8.924708887731442e-5 -4.696192259392647e-6 7.235728506747878e-5 0.00013643869300141465 0.0001836306013426341 0.00021183834345754458 0.0002208509093094412 0.00021220211794763306 0.00018885642118602106 0.00015476164323587494 0.00011432570696234191 7.188337785523582e-5 3.122027836891286e-5 -4.786419133403706e-6 -3.436813514534057e-5 -5.688699573417375e-5 -7.268799240167393e-5 -8.281503151894018e-5 -8.864510180853319e-5 -9.15049746499575e-5 -9.23445832489649e-5 -9.150492865851633e-5 -8.864512285929515e-5 -8.281515603942154e-5 -7.268839497183702e-5 -5.688789424084519e-5 -3.4369781380291446e-5 -4.789090638005821e-6 3.1216305938379374e-5 7.187785932811634e-5 0.00011431845582703711 0.00015475256347979163 0.0001888455459609127 0.0002121896185401225 0.0002208371045862292 0.00021182369626803057 0.00018361569100536955 0.0001364242868891199 7.234391166475021e-5 -4.707896707978122e-6 -8.925658834326808e-5 -0.00017472526236451646 -0.00025404310898440214 -0.0003203517000787479 -0.0003677354910168994 -0.0003918899578135437 -0.0003906373082828997 -0.0003642094578644814 -0.00031524318973438916 -0.0002484716106963649 -0.00017014356841741908 -8.72493748299273e-5 -6.6664971917620325e-6 6.564591838016988e-5 0.00012528403942046012 0.00016978013108816603 0.00019868678950419087 0.00021337636966516557 0.00021661305322015828 0.00021198571809267092 0.00020330124636079724 0.0001940307897171415 0.0001868800107924292 0.0001835250162912466 0.00018452505033388807 0.00018939646441300053 0.00019681332732902708 0.00020488942729942518 0.0002114938782895677 0.0002145564018932735 0.0002123265789422339 0.00020356197152809354 0.0001876313445541027 0.00016453013006287204 0.00013481500859459237 9.947255128368117e-5 5.974297843602801e-5 1.6923960271121423e-5 -2.7819117015144142e-5 -7.3611155181637e-5 -0.00011997192180330383 -0.0001668515643044354 -0.00021458913205562295 -0.000263795075112564 -0.00031516773141895696 -0.0003692621273157618 -0.0004262362680574855 -0.0004856049185090912 -0.0005460335404095792 -0.0006052054684861055 -0.0006597939555106494 -0.0007055672072307677 -0.0007376529581116318 -0.0007509787062851139 -0.0007409159855054291 -0.0007041632698514656 -0.0006399674083235003 -0.000551960091457582 -0.00045141157732416377 -0.00036435904469064927 -0.00035100295636195295 -0.0005717332140869058 -0.0015874889390545043 -0.006586991091981223 -0.44346688819520835 -0.4476495989359291 -0.8774428958675967 -0.8873137885503269 -0.8843523066829978 -1.3078254130229825 -1.2844249579938294 -1.673254984458767 -1.628829119435113 -1.5805849787388357 -1.531143434145622 -1.4831978859245356 -1.439426142971574 -1.402341827689263 -1.3741286999318363 -1.3564819596146975
-1.0281942898854952 -1.0295391195246089 -1.0344888556359386 -1.045557690016388 -1.0648482611612557 -1.0928614177753813 -1.1283850609340806 -0.8538441001779074 -0.48547232746214 -0.5204279907442299 -0.23204000463854701 -0.2560036691606717 -0.27466004400168875 -0.28781438608993937 -0.2950262893544907 -0.2959294482777057 -0.29056117712843366 -0.28038325954095633 -0.27112468554006236 -0.27755284354439896 -0.3188511231065281 -0.38953541381108914 -0.45804012596649857 -0.5056996451071444 -0.5318070344553546 -0.5441279370208987 -0.5424049739802549 -0.531958081887716 -0.515166548485753 -0.49373836257182313 -0.46892035192312154 -0.4416325780354903 -0.4125544401516501 -0.3821826875427571 -0.350873433601597 -0.31887487190086483 -0.28635421279858775 -0.25342057269142215 -0.21890069463127312 -0.18564300641768794 -0.15205844339831645 -0.11821221018310393 -0.08417181502380493 -0.05001759470729063 -0.015848634337710235 0.01821452232767943 0.05202955981505623 0.08543392181333526 0.11824774932094015 0.15027786471888632 0.18132248032489112 0.211176342439089 0.23963604215168738 0.2665052358921699 0.29159953456223947 0.3147508312820826 0.33581086352625095 0.3546538392936001 0.37117800937964274 0.38530613610018183 0.39698489437923445 0.40618333735833023 0.41289065864453023 0.4171135769010943 0.4188737389284576 0.41820557354375293 0.41515501243991615 0.4097794164770049 0.40214890045648954 0.39234904247695757 0.3804847132389454 0.36668449972832706 0.35110497068107377 0.33393389064289464 0.31539148167848285 0.29572898787271285 0.2752241176109889 0.25417338541080564 0.23288187165187804 0.21165136548359187 0.19076815198116565 0.1704917781623857 0.15105796602392357 0.13261675918134108 0.11532494660835779 0.09927589786241445 0.08452183932856198 0.07107910222198058 0.05893465015193046 0.04805314565982394 0.03838392479647229 0.029867398635244947 0.022440558878341066 0.01604141425996623 0.010612314058958827 0.006102217488487846 0.0024680443418118895 -0.0003247111304622556 -0.0023018967833844653 -0.003481902696010661 -0.003872116983997101 -0.0034751877600245765 -0.0022862966888697735 -0.00029271427538208916 0.0025255954962631385 0.006195688367993766 0.010751948651799762 0.016235947589463354 0.02269590940748464 0.030185567956373352 0.038762210261645225 0.048483743182908386 0.059404691105399546 0.07157113504462873 0.08501473477890242 0.09974612691295089 0.11574815397300917 0.13296952984195406 0.15131965891531668 0.17061818489017785 0.19078860772626094 0.21156263161702932 0.23268705482921892 0.25388158246483183 0.2748495143136926 0.29528951494179434 0.3149071813037443 0.33342517592383547 0.35059096306787757 0.36618160751618295 0.38000557308884525 0.39190189376519113 0.40173740884003495 0.4094029151577805 0.41480909356802853 0.4178829392435889 0.4185652130914955 0.4168091821668545 0.4125806752993355 0.40585927763705376 0.39664034424112593 0.3849374326336551 0.37078473558527386 0.35423912606368163 0.3353814950985573 0.31431715301718777 0.29117516494056866 0.26610658742078686 0.23928166083468413 0.21088608170835405 0.1811165336346203 0.15017569028755484 0.1182669288666107 0.08558900482667013 0.05233094933812782 0.018667461765737123 -0.01524491534145303 -0.049270530154407285 -0.08329591725904203 -0.11722925737558518 -0.1509975019172214 -0.18454045643319003 -0.2178006324084611 -0.2524193766536637 -0.2853833316821063 -0.3179678911077373 -0.35006258675434276 -0.3814972900481545 -0.4120193372758012 -0.4412666542544478 -0.4687351312922081 -0.49373670975397976 -0.515341428449886 -0.5322912504683315 -0.5428652832388995 -0.5446685904350304 -0.5326135512045468 -0.5062422271404866 -0.4582419594435607 -0.38931025386486323 -0.31827911155421185 -0.27700214002496126 -0.27083531764862123 -0.28021547668674956 -0.29022767688083273 -0.29516652780970826 -0.2936454817998508 -0.28572007080210254 -0.2718646403664738 -0.2526625480821037 -0.22861327540635065 -0.5161306906973199 -0.4809738684315037 -0.8534705514842817 -1.1277779539570845 -1.0922115263473788 -1.0642156761717754 -1.0450092676837688 -1.0340843941964952 -1.0293243285157865
-0.38013226742608686 -0.38070957820315293 -0.3826401830776328 -0.38694633337825046 -0.39497224439802076 -0.05266103790074931 -0.0738722242492717 -0.0994414070540434 -0.12905245426799783 -0.162272891802333 -0.19858456957264026 -0.237402175239814 -0.278030009173161 -0.31955760781897663 -0.36072026879516433 -0.39977648241717134 -0.43449924582797417 -0.4625561797438848 -0.483684189884407 -0.5124577882677547 -0.6226822814187388 -0.8137765366952241 -0.9230468594546959 -0.961266275837162 -0.963750234348117 -0.9466245278460431 -0.9175293402752278 -0.8806967935044644 -0.8387677321217792 -0.793506379570701 -0.74612435607541 -0.6991320973376665 -0.6498860247549045 -0.6002986284969849 -0.5505842752874611 -0.5008472185786937 -0.4511158715231508 -0.4013715499049465 -0.351572509075753 -0.3016736840338024 -0.2516423811656553 -0.20147014195580878 -0.1511810300810248 -0.10083664595568903 -0.05053821794297344 -0.0004261494279410101 0.04932259135171044 0.09849885905724952 0.14686713529540402 0.19417240791393192 0.24014780069169978 0.28452936236724613 0.3270355839083686 0.3674192341129588 0.4054477713303311 0.44091545431663615 0.47364812425086844 0.5035063222077643 0.5303865501290238 0.5542205971289518 0.5749729917129739 0.5926367943630131 0.6072281040192162 0.6187797966806469 0.6273351279442404 0.6329418927124479 0.6356478277054571 0.635497852691509 0.6325335722667413 0.6267952089468447 0.6183258341634821 0.6071774423008048 0.5934181210997674 0.5771393598968675 0.5584624481482608 0.5375429771850473 0.5145726682633758 0.4897891726048329 0.4634157090755997 0.4357454810999628 0.40707528677794425 0.37770562105637795 0.34793022393900885 0.3180269719711298 0.2882510917935928 0.2588314367733856 0.22997026266490528 0.20184657447658716 0.1746226946285433 0.14845323299876828 0.12349516711618069 0.09991735360655031 0.07790761798183943 0.05767574255135084 0.0394512666028336 0.02347596006408766 0.009991904544223355 -0.0007730236661596756 -0.008620108874775809 -0.013398193604936867 -0.014992891066303497 -0.013368256247222255 -0.008551055072266769 -0.0006237909126403156 0.010267748503005504 0.023927594896939124 0.04012237923870675 0.058596950454620184 0.07909061421343067 0.10135148782728638 0.12514676066108604 0.15026753001173182 0.17652803907875403 0.20376020882960127 0.23180505844857136 0.26050286995846295 0.2896838372611884 0.31916058672756403 0.3487235040719744 0.37813934431683155 0.4071531854125382 0.43549342507301253 0.46287921338678617 0.48902946637089684 0.5136204855116713 0.5365093478933134 0.5573938020514195 0.5760735845494522 0.5923822701925107 0.6061867111146483 0.6173837341596611 0.625894759476661 0.6316592548490034 0.6346280435107814 0.6347574325284775 0.6320049460717374 0.626327174718998 0.6176799375095194 0.6060206468533544 0.5913125046651873 0.5735299688251845 0.552664822156691 0.5287321523223822 0.5017756002834431 0.4718713408653339 0.4391304029560299 0.4036990997455743 0.36575750114778693 0.3255160308977906 0.28321039404591924 0.23940716288826158 0.19364898500872935 0.14661815138824416 0.09857382951451382 0.04976088682654239 0.0004025774117143639 -0.04930595001083278 -0.09920300100106544 -0.14916420531636232 -0.19910455490726864 -0.24897824198816343 -0.2987759269249908 -0.3485190778366582 -0.3982510539803662 -0.4480246551771815 -0.4978859061108737 -0.5478538796775602 -0.597896326073131 -0.6479007159890181 -0.6976398887670833 -0.7456091004356551 -0.7935741128999965 -0.839422040475943 -0.8819071423552626 -0.9192298275326412 -0.9487133889983045 -0.966089159377394 -0.9636763220078539 -0.9252941884830787 -0.815584342627382 -0.6244206848057976 -0.5152317216923064 -0.4862767035834829 -0.4644044408163217 -0.4356641596101347 -0.4004223180999522 -0.3609966373915517 -0.3195814881140426 -0.27788735030747147 -0.23715342421415614 -0.19827089402738451 -0.16192201128671455 -0.1286831087127609 -0.09906470677449176 -0.07348426337671547 -0.05219318008519935 -0.3943999795597561 -0.38647271330846555 -0.3823040776045709 -0.380535886681961
-0.0103269232316951 -0.011373315708609631 -0.01457156273527129 -0.020135822876282277 -0.028385522412337102 -0.03968125260917526 -0.054350876733578336 -0.07264937678884743 -0.09477660460706479 -0.12094320636713118 -0.15145402998255691 -0.18677325980210388 -0.22753517339765933 -0.2744579989203704 -0.3281032855734454 -0.38841455150641063 -0.4540227475106886 -0.5215800943529482 -0.58651903688237 -0.6545300151893857 -0.8299930776853668 -1.1176126936302804 -1.2148875044775478 -1.2262885467729026 -1.2033669749642057 -1.1631961904015669 -1.113647489428477 -1.0590034893237268 -1.0017402068623862 -0.9433166203724043 -0.8845868277135376 -0.8260298624233019 -0.7678835123995188 -0.7102267261794812 -0.6530344187120493 -0.5962172675607049 -0.5395915749330751 -0.4830082002997475 -0.4263908560592198 -0.36963323564328765 -0.31266530031268636 -0.2554617731936767 -0.19804725467118545 -0.14049821249678315 -0.08294216276779928 -0.025554402603982396 0.03144732101686956 0.08780981598767101 0.14325273836231583 0.19747779892728123 0.25017851371511185 0.3010501286798524 0.34979934101216204 0.39615342748688653 0.4398683809649443 0.4807356574990931 0.5185871594286954 0.5532981321910911 0.5847877419375103 0.6130172295029377 0.6379857009727268 0.6597238070298432 0.6782857665469646 0.6937403835208931 0.7061618649191275 0.715621342683409 0.7221800125139899 0.7258847052152273 0.7267664967731631 0.7248426494428504 0.7201217847058304 0.7126117655686621 0.7023293713483725 0.6893105474823673 0.6736198651600612 0.655357865895394 0.6346651979216319 0.6117228392838563 0.586748181956016 0.5599872419898847 0.5317036888811426 0.5021657049560155 0.47163187937237483 0.44033743572245887 0.4084821360799924 0.3762212567645403 0.34366114033149714 0.3108610137810671 0.27784298215538716 0.2446122231598567 0.21118913919809978 0.1776541066900763 0.14420289357620086 0.11120632966990013 0.0792616755344717 0.04921724203201713 0.022150060523858914 -0.0007167345297511988 -0.018153451093961315 -0.029095801171780438 -0.03281897723125244 -0.02902608240395004 -0.017960259067191012 -0.0003032387606311057 0.022899750998049355 0.050412202616592516 0.08098089646019363 0.1134826893358481 0.14701624408142 0.18093288496950127 0.2148184453572449 0.24844588064803175 0.2817173531747698 0.31460887245714286 0.3471244367631553 0.3792620200675211 0.41099105883688075 0.44223988378110834 0.47289121719223204 0.5027839477255444 0.5317196048116642 0.5594721396728833 0.5857997291255964 0.6104573658585123 0.6332090283674583 0.6538382920671205 0.6721563992638834 0.6880070753960291 0.7012677549309618 0.7118473210839751 0.719680903591531 0.7247226442014225 0.7269375693467086 0.7262937688302575 0.7227559674095374 0.7162813228422831 0.7068179401105783 0.6943062165270186 0.6786827805598271 0.6598865023599247 0.6378658604692717 0.6125868574345125 0.584040680720166 0.5522503885204433 0.5172760407789669 0.4792178694245603 0.4382172655760361 0.3944555355230133 0.34815052814663955 0.2995513543129627 0.2489315032068421 0.1965807110323704 0.14279596176443007 0.08787200561360224 0.032091775247650625 -0.02428292710667054 -0.08102010427124164 -0.13792523224910797 -0.19484754960559705 -0.25168459078962047 -0.3083845866310086 -0.3649463675079059 -0.4214164355040694 -0.47788292106017394 -0.5344662050750487 -0.5912882152544874 -0.6484107739439776 -0.7060934937410979 -0.764411702620517 -0.8233697795200595 -0.8828606819183238 -0.942610933986632 -1.0020982820919304 -1.0604181451962673 -1.1160543954119069 -1.1664686220630958 -1.207313997167775 -1.230661095947123 -1.2194056077374682 -1.122139540585011 -0.8361929451780593 -0.6607206300312839 -0.5901739169685511 -0.5236263769440715 -0.45513158715139884 -0.38896544809901323 -0.32831956179402655 -0.2744741986163724 -0.2274320854403494 -0.18659882734360234 -0.15123708670260047 -0.12070282277396643 -0.09452820880261459 -0.07240808961598144 -0.054132216901944356 -0.03949944330953931 -0.028250131566864817 -0.020048384257818214 -0.014524719261492606 -0.011354680700014587
-0.013923833978537468 -0.014634720318841802 -0.01681015374789119 -0.020635780418119188 -0.02638223323216265 -0.03435929929062115 -0.04487481562595384 -0.05822062403925632 -0.0746992390221112 -0.09469036399609838 -0.1187463782318593 -0.14770333180480527 -0.1827936457904587 -0.22573803152424182 -0.27876067989103837 -0.3443890908386856 -0.42475291510259416 -0.5200107258846643 -0.6264448966265513 -0.7436369123686246 -0.9892988669423902 -1.3470062802542313 -1.4205128395504734 -1.4057057094768115 -1.358177281343193 -1.2970643984566195 -1.2310210223896403 -1.1639278788491503 -1.0974078957525135 -1.0320568691330076 -0.9680136412480075 -0.9052109852253957 -0.8434840388602916 -0.782619469548457 -0.7223816972168482 -0.6625309217238166 -0.6028382830561027 -0.5430995876153318 -0.48298185698734275 -0.42263267984553565 -0.3618725191691625 -0.30069256750729934 -0.23914568567680108 -0.17734564626856164 -0.11546373550797775 -0.05372301988152942 0.00760935452024014 0.06823142889904442 0.12781685018385042 0.18602602159227707 0.24251756313439293 0.2969596552851001 0.3490408317510836 0.39847978166482234 0.445033723919868 0.48850493537095796 0.5287450592428689 0.5656568981576486 0.5991935115583701 0.6293545903355539 0.6561802662755943 0.6797427187294807 0.7001361484401202 0.7174658770266066 0.7318374753959574 0.7433469008626913 0.7520726087403213 0.7580704854567889 0.7613722211407435 0.7619874114613312 0.7599092764245456 0.7551234524208643 0.7476189089131622 0.737399725346473 0.7244962935929198 0.7089745230250022 0.6909418258350144 0.6705490194938292 0.6479877399672205 0.6234834337764983 0.5972844118857091 0.5696477476327068 0.5408229652065352 0.5110345156536618 0.4804640312293224 0.449233374057595 0.4173896608294682 0.3848938865440312 0.35161565083599905 0.3173380022060023 0.28177871266054266 0.2446373090362649 0.20568010650009394 0.16487578137694603 0.12258618698182197 0.07979275020967425 0.038292279774135206 0.0007400792784970191 -0.029599464628246655 -0.0494497258475181 -0.05634524417099421 -0.04929764524728071 -0.02919040683372845 0.001584938597639961 0.03976697528621347 0.0820521540520821 0.12570901026195225 0.16885046530258133 0.21040979933087914 0.2499565109605818 0.2874748796980984 0.3231736820711947 0.3573487935928107 0.3902952946136974 0.4222572142697102 0.45340295120775564 0.4838171427573798 0.5135027062529401 0.5423890711070503 0.5703441519278557 0.597188519862979 0.6227106933738316 0.6466826478615184 0.668874669949633 0.6890686605636875 0.7070690100548378 0.7227102851165944 0.7358612080869047 0.7464247609468703 0.7543346634318882 0.7595488881158439 0.7620412130238755 0.7617920158354821 0.7587795526632295 0.7529728397023837 0.7443269975459983 0.7327815735460249 0.7182619821397557 0.7006838477562141 0.6799597391666646 0.656007574151115 0.6287598588135258 0.5981729048559099 0.5642352283793587 0.5269744562865198 0.4864622299630321 0.44281677887857235 0.3962030190625606 0.34683019832433126 0.29494725073036554 0.240836130679194 0.18480347380716675 0.12717097874932984 0.06826492782882575 0.008405274677863579 -0.052105273831208714 -0.11299175551932636 -0.17401660867671664 -0.23498806776933578 -0.29576689081596846 -0.3562710317870251 -0.41647791260166794 -0.47642402178634946 -0.536436734849303 -0.5960742880283701 -0.6558926737931035 -0.7161015916458024 -0.7769283350881657 -0.8386028608894697 -0.9013419605941031 -0.9653309456985952 -1.0306973563882813 -1.0974617209817163 -1.1654287283651006 -1.2339353019119301 -1.301278856970882 -1.3634868885245381 -1.4118136536042145 -1.4270917436147754 -1.3541302631288927 -1.001234597333652 -0.7515369222998607 -0.6301832962700336 -0.5218890236777819 -0.4256960417577701 -0.3448286861270844 -0.27892101240898715 -0.22574054701688484 -0.1827044539321219 -0.14755825603371608 -0.11856550595284629 -0.09448691873038192 -0.07448483359992232 -0.05800775572115346 -0.044677009170719484 -0.034189336903753594 -0.02624932284431728 -0.02054311166299069 -0.01675458228306477 -0.014609578125648177
-0.017025979521791686 -0.017549342522736253 -0.019140727389538766 -0.021941241349980704 -0.02615972200663903 -0.03204374413877456 -0.0398559506843866 -0.04986977732937734 -0.06239461684018478 -0.07783356122871864 -0.09677261910479405 -0.12010160559794135 -0.14917247470770315 -0.18600548548458978 -0.2335447327272598 -0.2959085951927866 -0.3783921410140587 -0.486518608672601 -0.6230796084756308 -0.7891221056919081 -1.1147456315027173 -1.5320654928381714 -1.5822537979571485 -1.5405192078820011 -1.467908223008573 -1.3880270420299268 -1.3095470206421889 -1.2347046048634291 -1.1634910808486447 -1.09530679148908 -1.0294974864442417 -0.9654859693968455 -0.9027806587427759 -0.840957920063842 -0.779646849682201 -0.7185222241844001 -0.6573044429677064 -0.5957637949778585 -0.5337265469745269 -0.47108092945079794 -0.40778168799867315 -0.3436494738024881 -0.2791325086150154 -0.21423422243530885 -0.14917665138094166 -0.08423545000195654 -0.019730163738534767 0.04398701733572318 0.10654356013776384 0.16755946628662868 0.2266602377498667 0.2834894370000678 0.3377203456038642 0.38906623054941714 0.4372887464790842 0.48220404312284426 0.5236862179773346 0.5616678602811201 0.5961375753225434 0.6271345544412978 0.6547404575024551 0.6790690862083325 0.7002545301545067 0.7184386410288952 0.7337588109531061 0.7463370780084231 0.7562715376711807 0.7636308940213091 0.768452738710738 0.7707458111113976 0.7704960962383292 0.7676761978147846 0.7622570328337649 0.7542205872263736 0.7435722999895603 0.730351640722957 0.7146396203475652 0.6965623027267533 0.6762898097524127 0.6540307591252745 0.6300224630088533 0.6045174855875171 0.5777672769611462 0.5500035763227012 0.5214181522532255 0.4921412926851863 0.4622193726995373 0.4315919570921729 0.4000694665409665 0.36731385491917445 0.33282772963266066 0.29596308407807537 0.255970910171257 0.2121284805436947 0.16399879024423406 0.11187944207407234 0.057441026025769795 0.0043705477560365275 -0.0414708050056553 -0.07301897210278176 -0.08426897299121142 -0.0727399953937217 -0.04075251840502689 0.005784450936425061 0.059797656982179793 0.11533672049388449 0.1685894454505323 0.2177630126116126 0.26246213445370437 0.3030574818775909 0.34023559622795485 0.37473527960044484 0.4072156489940211 0.43820219369590807 0.46807414391109436 0.4970717576911552 0.5253122230606603 0.5528086684372476 0.5794898273235358 0.6052193795081736 0.6298146068480274 0.6530641588833339 0.674744652255953 0.694635668949014 0.7125325702148537 0.7282564778606607 0.7416608367877356 0.7526341754036892 0.7610990013314065 0.7670071564731519 0.7703323383568925 0.7710608044181023 0.7691814588383985 0.7646765512819772 0.7575140955986154 0.7476428715949051 0.7349905467557553 0.7194650957519169 0.7009593486991361 0.6793582009195208 0.6545477918709169 0.6264258218959283 0.594912124008673 0.5599586368588714 0.5215580208671501 0.47975030446773814 0.4346271218240433 0.38633328925243615 0.3350656468387748 0.28106925376098235 0.224631159308131 0.166072076079478 0.10573635523542027 0.04398071134358308 -0.018837827888272596 -0.08237425886494897 -0.1463077341468737 -0.21035299962178378 -0.27427065754691093 -0.3378757966931781 -0.40146532630914933 -0.46402843269997507 -0.5261222715793828 -0.5878172491048999 -0.6492475168558675 -0.7106039755722983 -0.7721264234961052 -0.8340960961565899 -0.8968304954955297 -0.9606829983777415 -1.0260498739544694 -1.0933857833775156 -1.163221816089306 -1.2361569000944754 -1.312724792305466 -1.3928535938173665 -1.4742043325187033 -1.5479825149923412 -1.590520501974154 -1.541410609863972 -1.1325722141745804 -0.7971680571450865 -0.6265044415344688 -0.48815715770701856 -0.37919282468532983 -0.2962794333701793 -0.23368396815101916 -0.186014391678104 -0.1491034868276136 -0.11998204408941464 -0.09661766165753101 -0.07765376216306277 -0.06220012902701968 -0.0496721576537965 -0.039667986487000775 -0.03187776926945302 -0.026025220204563826 -0.02184292465917358 -0.01907832170741635 -0.017519593967181824
-0.019719200901222617 -0.02011951752516363 -0.02132526978617669 -0.023441032502822406 -0.02662530966135546 -0.031073511899391115 -0.03700493852497542 -0.044663056501446544 -0.05433689493909228 -0.0664082714386113 -0.08142829418390918 -0.10022990672516917 -0.12409227808137187 -0.15498745623711027 -0.19595713896126063 -0.25167174612116366 -0.3291451430852751 -0.4381774091667049 -0.5899779769956467 -0.7950771653616062 -1.1970597621646193 -1.6892212533854376 -1.718671364022835 -1.6486181663632284 -1.5509785282745479 -1.4551210849554548 -1.368002720148155 -1.2890198938814532 -1.216131288371398 -1.1475248208014208 -1.0818570451205554 -1.0181590903697946 -0.9557131549756697 -0.8939631088723918 -0.8324609845127465 -0.7708393455189195 -0.7087999343651327 -0.6461115132565177 -0.5826120774799728 -0.518212288801002 -0.4528981451612481 -0.3867317133796561 -0.31964892345813917 -0.25221748827441864 -0.18455234572759507 -0.11698200798934899 -0.049877919971785055 0.01635856841869992 0.08131022199638653 0.14455838248497518 0.20569731037521066 0.26434783907636245 0.32016977957877546 0.37287253237800433 0.42222340285903687 0.4680531826482667 0.5102586591407663 0.5488018515133933 0.5837059423060806 0.6150480726053671 0.6429493837491972 0.6675629026421346 0.6890600615160128 0.7076167944000009 0.7234002427377032 0.7365571133298618 0.7472046526563777 0.7554250282788257 0.7612636454927405 0.7647315913086622 0.7658120142925997 0.7644698537115651 0.7606639696899 0.7543604442122023 0.7455456646230343 0.7342377966261473 0.720495410429199 0.7044223216202354 0.6861680982884288 0.6659240990631776 0.6439152670412654 0.6203881482742741 0.595595691602813 0.5697793126336627 0.54314849260513 0.5158578769128964 0.4879814977531144 0.459483451298631 0.43018426027342493 0.3997225717698862 0.3675135416100399 0.3327099528944927 0.29418340707051627 0.250567463877104 0.20045164018376474 0.14288633115539257 0.07840658622378778 0.010619464463178126 -0.05231779216298199 -0.09819560464732931 -0.11507382662391594 -0.0977469101666909 -0.051219669414198025 0.012666922883493461 0.08165597124039897 0.14745385304950814 0.20629804305183513 0.2575233008811406 0.30198881619526924 0.3410527607598806 0.37606072084533265 0.4081450457198546 0.4381762901216931 0.46677769230445476 0.49436037765166563 0.5211615982150635 0.5472797566899523 0.5727047884212876 0.5973442690520339 0.6210460981759567 0.6436185511959748 0.6648482207600144 0.6845160347550154 0.7024112198592735 0.7183428361286922 0.7321483855674 0.7436990226563288 0.7529010684693125 0.7596938224439083 0.7640440221258941 0.7659376540681898 0.765370103412428 0.7623357985929073 0.7568185371998434 0.7487835724412061 0.7381723195407695 0.7249002438970087 0.7088581584838636 0.6899168256569854 0.6679344605878382 0.6427664944629975 0.6142767901660788 0.582349417812857 0.5469000908869442 0.5078864274145277 0.4653163215655435 0.41925387292379057 0.36982250547208817 0.3172050989325846 0.26164113629235664 0.2034210321357916 0.14287793961063733 0.08037743659588603 0.016305566133076817 -0.04894424537485144 -0.11498483935300731 -0.18144898025288708 -0.24800244919684755 -0.31435602437249605 -0.3806016252057362 -0.44584339912641324 -0.5103900242027007 -0.574210851702608 -0.6373493520079911 -0.6999202064917882 -0.7621047277233077 -0.8241458180255179 -0.8863445101923884 -0.9490613069738136 -1.0127271945120908 -1.0778714448143258 -1.145175789019262 -1.2155648474976872 -1.2903306534504602 -1.3712266724811588 -1.4602247101227583 -1.5578357293328298 -1.656968868388847 -1.7281479695282589 -1.7002897529827288 -1.2188659749476287 -0.8023161252160493 -0.5929336391272825 -0.4395731152728192 -0.3298323845820038 -0.2520016987719574 -0.19609412825880063 -0.15501287818443604 -0.12404730515741691 -0.10013581683405022 -0.0812972861807248 -0.06624957506254467 -0.05416006900923104 -0.04447924893217813 -0.03682652057708967 -0.0309125361531917 -0.026491491442866888 -0.02334019709151851 -0.02125914300440272 -0.020087132791977116
-0.022019208343942154 -0.0223306603429635 -0.023258643165451107 -0.02488021016360664 -0.02731554216692434 -0.030719063090390047 -0.0352732540096442 -0.04119130957147336 -0.04873476178403345 -0.05825117628701202 -0.07023727515370294 -0.08543684604993212 -0.10499281705785608 -0.13069183752188226 -0.1653723499379473 -0.21361746267554588 -0.2829021461729325 -0.38525550855222335 -0.5386274820247616 -0.7667608638340664 -1.2162545942049563 -1.8282033889846823 -1.83924245164158 -1.7400725402580624 -1.6179825467321676 -1.5088377955716834 -1.4160389285341157 -1.3353448458758057 -1.2626001367702262 -1.1949066382922515 -1.1303720191811315 -1.0677446519482126 -1.006157303407745 -0.9449741244278718 -0.8837063738173058 -0.8219695700932463 -0.7594643787152343 -0.6959703153017991 -0.6313455849171011 -0.5655289788301433 -0.49854137396716147 -0.4304854223315094 -0.3615427048530413 -0.29196808510675903 -0.22182820504505413 -0.1519886338662382 -0.08264513821251188 -0.014245686352704245 0.052750360968279106 0.1178881743885078 0.1807330632954945 0.2408851225865145 0.29799228818401147 0.3517612062647975 0.40196538250768626 0.4484501721326026 0.49113430175418127 0.5300077814486257 0.5651262636552866 0.5966021257265103 0.62459277874839 0.64928691833248 0.6708896122481058 0.6896072456265783 0.705633398778961 0.7191367044967719 0.7302516147160436 0.7390728034102867 0.7456536538923852 0.7500089430630282 0.7521214686783879 0.7519520016280241 0.7494516204968931 0.7445752395003686 0.7372950072942154 0.7276122577104294 0.7155668397505135 0.701242925773029 0.6847707518607014 0.666324120718952 0.6461138264905589 0.6243773796208413 0.6013654767547292 0.5773255617493626 0.552482567364696 0.5270165366212557 0.5010363164324858 0.4745479052615688 0.4474153408593533 0.41931134073010357 0.38965469366383376 0.35753300168954283 0.32161656652517684 0.2800914720064491 0.23069830844420214 0.17109386984243843 0.09997592414769874 0.019544783390981608 -0.06089969508220201 -0.12332062294653118 -0.14711471214064062 -0.12267235082682601 -0.05939739304342573 0.02219062550771716 0.10397492582435143 0.17649542240941996 0.2373932814597909 0.28785260830822085 0.33014348602032456 0.36648938394046504 0.39869662526786726 0.42810888265489067 0.4556692316613953 0.48200254353282374 0.5074895356496208 0.5323263174286532 0.5565706658651713 0.580178003773341 0.6030299241273579 0.6249574855788139 0.6457608400029599 0.6652261564307436 0.6831402970606577 0.6993032900148007 0.7135383496366945 0.7256990427792358 0.7356732023908646 0.7433833410562569 0.7487835834125184 0.7518534632841125 0.752589255964327 0.7509937795223964 0.7470657595903185 0.7407898891676308 0.7321286300167809 0.7210166133769282 0.7073582336040586 0.69102872200552 0.6718786720629858 0.6497416905119233 0.6244445952485285 0.5958193884984452 0.5637161127309798 0.5280156523661865 0.4886415729785485 0.44557018404535875 0.39883815713916587 0.34854721328109384 0.2948655923026268 0.23802621779247068 0.17832165800337485 0.11609614684192338 0.0517350625414934 -0.01434763559787346 -0.08172343981830987 -0.149964176459183 -0.21865709623910645 -0.28774689958556554 -0.3561752676430334 -0.4240613544278676 -0.49118348296410497 -0.5573941091136996 -0.6226236549669729 -0.6868815300194542 -0.7502546538045621 -0.812904283426947 -0.8750626530092067 -0.9370319786613599 -0.9991900048551122 -1.062008862259216 -1.1260982355239384 -1.1922905979581953 -1.2617958420530755 -1.3364597528675817 -1.41913118870707 -1.5139128888585853 -1.6249785131561527 -1.7488091479670655 -1.849389661578098 -1.8404256722273082 -1.2378756810528495 -0.7727590912416675 -0.541067679025436 -0.3864203168779586 -0.2834930853837988 -0.2139180940962522 -0.1655128502600821 -0.13073569642466215 -0.10497185020794825 -0.08536765034913539 -0.07012990039950834 -0.05811395107389031 -0.04857680328148364 -0.0410233553802407 -0.03510718482211144 -0.030566524584007326 -0.027186254536015125 -0.024780695236454098 -0.02319199134449114 -0.02229748074398283
-0.02392245001675403 -0.02416591425093675 -0.024883252593150464 -0.02613112321053096 -0.028000845072220254 -0.030614948022973612 -0.03412543564180393 -0.03871773791916574 -0.04462512051686984 -0.05215846746899017 -0.061757362842965395 -0.07407238766543135 -0.0900981329817441 -0.1113958952993105 -0.14048303529099515 -0.1815394059783723 -0.24171386464585418 -0.3334861785426791 -0.47840231501296626 -0.7118020270833696 -1.1715057236620356 -1.9584904441818523 -1.9494814713963695 -1.8216579642087083 -1.6756293067849028 -1.5552088677906284 -1.4587213851359948 -1.3778037772748442 -1.306234418935262 -1.2401681479699174 -1.1772768767959017 -1.116102505747681 -1.05567762225826 -0.9953185504196959 -0.9345168019762332 -0.8728849501485403 -0.8101320811385595 -0.7460547421468329 -0.6805352562168037 -0.6135426343985724 -0.5451332871997268 -0.4754499463716874 -0.40471798226228006 -0.3332388141563055 -0.26138045698530704 -0.18956548510882573 -0.11800582771718392 -0.04771425070627981 0.02106569507188617 0.08784611977280991 0.15216610547609505 0.21360723826295674 0.27180721944817193 0.3264709102985349 0.3773782504686167 0.4243886135925539 0.4674413256232204 0.5065522697568515 0.5418067266035947 0.5733488376451871 0.6013683138100656 0.6260852198407392 0.6477338271924771 0.6665466244664402 0.6827395922383485 0.6964997797611623 0.7079760662319037 0.7172737567585223 0.7244533687000235 0.729533629820123 0.7324983618520674 0.7333065916200883 0.7319049483583028 0.7282411999175858 0.7222776790998425 0.7140033707446851 0.7034435737473206 0.6906663035176794 0.6757849229554465 0.6589568300527864 0.6403783255892702 0.620275977641696 0.598894849866187 0.5764838491235318 0.553278176735843 0.5294784430230213 0.5052254191472905 0.4805686085114312 0.4554257300413521 0.4295287015619037 0.402349789699637 0.3729998231982157 0.34009133238526745 0.3015719016279253 0.25458255684788444 0.19554764696136068 0.12107690756914764 0.030874896218954402 -0.0662842660561223 -0.1467874871530211 -0.17869484809667507 -0.14593378380019034 -0.06441577545351294 0.03398027224481506 0.12555485239618774 0.2013812735252876 0.2616151514876869 0.30955030825138596 0.34870787628713795 0.38192451918127407 0.4112541388836115 0.4381037469781214 0.46339618223310997 0.48770392101688664 0.5113481039278918 0.534469623561941 0.5570802763129354 0.5791003286941612 0.600386995956834 0.6207568681711313 0.6400042506979733 0.6579166000203632 0.6742876401589927 0.6889282944527564 0.7016752547137257 0.7123968452520336 0.7209958288566121 0.7274089347026105 0.7316031300461471 0.7335689575681592 0.733311559964797 0.7308402611101529 0.7261577312385333 0.7192498133652467 0.7100770292315767 0.6985686276658102 0.6846198084157046 0.6680924759428196 0.6488195770258053 0.6266127800044595 0.6012729852440671 0.5726029364575618 0.5404210462494451 0.5045754662381959 0.4649574256276574 0.4215129280101403 0.3742520249668496 0.32325506159098427 0.2686754959603718 0.2107391123187926 0.14973966124651394 0.08603115329956124 0.020017197971216424 -0.04786208832211414 -0.11714498439892432 -0.1873641909208685 -0.25833900920228153 -0.32903721006264275 -0.39940692648044324 -0.4691133597303088 -0.5378892754762021 -0.6055432360940449 -0.6719648068109227 -0.7371267439697428 -0.8010845442449197 -0.863974262149331 -0.9260102883479914 -0.9874859943717009 -1.0487821210671806 -1.1103911471717003 -1.1729718298928655 -1.2374588894920506 -1.3052719739420988 -1.3786980360783103 -1.4615425520207868 -1.5599926186641428 -1.6823764954661795 -1.8302889752972153 -1.9597381146101782 -1.9712708540344144 -1.189113243722541 -0.7164615571726586 -0.48033555757537466 -0.33443392550285467 -0.2422154709051392 -0.18181165971404875 -0.1406246775054974 -0.11145471701520217 -0.09009801704977748 -0.074026032299573 -0.06167298846929866 -0.052043511027581695 -0.044488083062998354 -0.03856868822974716 -0.03397548546096136 -0.030475051405274015 -0.02788039827230117 -0.02603691587267451 -0.024819205745257363 -0.024133677615735098
-0.02542390382411638 -0.02561359253080315 -0.026166571772218063 -0.027124412428137193 -0.02855664593712833 -0.030560864394264208 -0.03326385807544029 -0.03682625776630453 -0.041454349563326796 -0.047423520916507235 -0.05511915228381302 -0.06510442951008859 -0.07823306154440979 -0.09584282493752802 -0.12010313940597457 -0.15466897653524497 -0.20596294090317988 -0.2857522016057248 -0.4162284072780265 -0.6394342741725517 -1.0827826047330074 -2.1011452123841816 -2.0524366133532794 -1.8983991251475503 -1.728354459260195 -1.5977434389194314 -1.4987086903993594 -1.418391768659881 -1.348545728483679 -1.2844749148737615 -1.22348797790518 -1.1639665145888813 -1.1048715875200408 -1.0454898089719233 -0.9853047318433396 -0.9239337995184254 -0.8610996480373514 -0.7966190095539698 -0.7303999141967298 -0.6624418791122824 -0.59283602015838 -0.521763358455304 -0.44949043106634506 -0.3763618648950499 -0.30278994534235476 -0.22924147161899203 -0.15622237435441205 -0.08404593091852955 -0.013708293796126913 0.05450652513509421 0.12011453390622866 0.1826813182438392 0.24183610122479365 0.29728287826502714 0.3488080458307108 0.39628409530729275 0.4396691365923151 0.47900224389076224 0.5143948658644024 0.5460187975404049 0.5740914507937459 0.5988593617694218 0.6205810159775563 0.6395101383154642 0.6558805754999137 0.6698937896253606 0.6817097898805332 0.6914420693195538 0.6991568045378898 0.7048762433878392 0.7085858763225612 0.7102446876685702 0.7097975399086062 0.7071885803345115 0.7023744925805452 0.6953364567453829 0.6860898291403085 0.6746907906584967 0.661239508454578 0.645879662086128 0.6287944480933108 0.6101993444798803 0.5903319510770174 0.5694391040991874 0.5477611914289274 0.5255131673985627 0.5028611586193813 0.47989268537715146 0.45657722587629784 0.43271183225787246 0.40784337308968566 0.38115444918285235 0.35129495444869463 0.3161413070878377 0.2724934741732331 0.21585242053677361 0.14086527908104846 0.04411951750338598 -0.06787911995497019 -0.16712135298373307 -0.20813055565895835 -0.1660881874070173 -0.06574887413311178 0.04745886591115779 0.14546968365758922 0.221658752104499 0.27932775186908904 0.323755539194039 0.35940203341836213 0.3894544339605862 0.41604287299261394 0.4405388801420852 0.4637930604797434 0.4863010336761159 0.508315138548399 0.5299197267525506 0.5510829519131231 0.5716935258696278 0.5915878324572813 0.6105708007028279 0.6284326553221329 0.6449627939978742 0.6599614181640797 0.6732490871995136 0.6846740528713541 0.6941170638153358 0.7014933114478867 0.7067513060219024 0.7098686923048356 0.7108452908722191 0.7096939313132937 0.7064298809497683 0.7010598334343563 0.6935714878514918 0.6839247172429186 0.6720452032494374 0.6578212158770526 0.6411039639999472 0.6217116551246995 0.5994371060303803 0.5740584629477895 0.5453523434865954 0.5131085221307411 0.4771451612540509 0.4373235486368291 0.3935613406779511 0.3458434214189871 0.29422965796489897 0.23885904528792845 0.17994996783834616 0.11779654233287143 0.05276122943699066 -0.014735902511128706 -0.08423071717107572 -0.1555246061810564 -0.2274760853302464 -0.29993976942264083 -0.3724397623558142 -0.4445407523852787 -0.5158628413632386 -0.5860939331146178 -0.6549992109299472 -0.7224274400525891 -0.7883141133807704 -0.8526818512373813 -0.9156390309410127 -0.9773784701524543 -1.0381793299993591 -1.0984176544982827 -1.1585949584450643 -1.2194017398215315 -1.2818472866572128 -1.3475157844923658 -1.419063425862777 -1.501155513312869 -1.602021469082684 -1.734518585491039 -1.906474222542132 -2.0622515694565067 -2.1139550309638135 -1.0951456376275173 -0.6428442163696482 -0.4176923637268968 -0.2864967289608503 -0.20637636275714694 -0.15490796283695213 -0.12023892756680399 -0.09590974231258496 -0.07824825527276544 -0.0650772422354792 -0.055056093941190404 -0.04733098619220576 -0.041339920875504824 -0.036698970779658655 -0.03313368540516912 -0.030437705104268672 -0.028449189709615214 -0.027039280292249557 -0.026108032114977735 -0.02558388826709288
-0.02652417876709684 -0.026670605257674018 -0.027093664471919906 -0.027823754743700663 -0.02891386913637852 -0.030441928750698687 -0.03251372043200595 -0.03526785833737382 -0.03888555070146081 -0.04360906427918697 -0.049774250821557044 -0.05786571598563326 -0.06861044650853515 -0.08314126334353034 -0.10329492660355181 -0.13218420510605647 -0.17535590767202433 -0.24325626488498162 -0.35666530061234997 -0.5588916522080674 -0.9685985777722855 -2.3191617658694086 -2.1487442524385982 -1.9742387490695057 -1.7792293603811287 -1.6385134545195148 -1.5373802649608574 -1.4580352576236963 -1.3901666093492544 -1.3282664433935136 -1.2693154462667995 -1.2115583142476927 -1.1538993497056154 -1.0956049582912044 -1.0361570525844326 -0.9751821839808247 -0.9124192497261637 -0.8477066207102932 -0.7809783660286712 -0.7122638016854705 -0.6416870735648293 -0.5694649263025521 -0.4959016980072565 -0.4213811609040361 -0.34635522424384546 -0.27132979632329446 -0.19684830609868512 -0.12347353535427813 -0.05160157830520276 0.017852407157644138 0.0845787812516747 0.14812992332799335 0.2081284705392825 0.2642784495074474 0.3163725591564243 0.3642951889835731 0.40802098025224764 0.4476089921194817 0.4831928063220161 0.5149671717974165 0.5431720321271956 0.5680749706547829 0.589953229552446 0.6090764961324516 0.6256915937692189 0.640010069597736 0.6521994462488241 0.6623786195576675 0.6706175629718784 0.6769411685234489 0.6813367415050946 0.6837643961488942 0.6841693940375828 0.6824953429149081 0.6786971417570671 0.6727526232044345 0.6646720010139333 0.6545044614053516 0.6423415129826584 0.6283169887516731 0.6126038276163421 0.5954079067728242 0.5769592159411734 0.5575005431251457 0.5372735748517704 0.516501898527604 0.49536979761481126 0.47399485568985417 0.4523910155724175 0.43041646982771536 0.4076969046073476 0.3835081953271161 0.356592794820325 0.32487257557282634 0.28502336848003007 0.23196363095755462 0.15873543082223163 0.05868064288843457 -0.06541353544074416 -0.1830339130010285 -0.2338038669493072 -0.1818814242480558 -0.06318343971009831 0.061973490435209194 0.1630838900652286 0.2372872736026567 0.29115988081738486 0.33160410593374556 0.3636734222579328 0.39068488712257177 0.4147250854614364 0.4370720638573926 0.45848002268537486 0.4793608582034009 0.49989943638170886 0.5201282162515631 0.5399771095338659 0.559308111189494 0.5779404220927913 0.595669535283262 0.6122823942244179 0.6275698500510729 0.641337029797496 0.6534117829945805 0.6636510699483379 0.6719449915757078 0.6782181378724981 0.6824280379542472 0.6845606981438479 0.6846234731968517 0.6826357819575771 0.6786184110886012 0.6725823178428345 0.6645179271501904 0.6543859132314608 0.642110363899944 0.6275750566642312 0.6106233435198494 0.5910618649229928 0.5686680145172556 0.5432007788280852 0.5144143050465407 0.4820733283173379 0.4459694361724279 0.4059370746671587 0.3618682129893933 0.31372467662902814 0.26154732301846884 0.20546144991943993 0.14567807509695285 0.08249098524682366 0.01626970172476918 -0.05255126410807345 -0.12374057301554135 -0.19623409794251562 -0.26978822985608003 -0.3438671046273155 -0.41795532571686483 -0.49157581660076866 -0.564305839200749 -0.6357905139163632 -0.7057533418121862 -0.7740034509500687 -0.8404395892061376 -0.9050512992460823 -0.9679183058955168 -1.0292100455890107 -1.089188715299848 -1.148221707267824 -1.20681385513646 -1.2656787686147906 -1.3258865881016668 -1.389163650277068 -1.4585006842520492 -1.5393840481853294 -1.6421225980784944 -1.784539665883131 -1.9813680389899377 -2.157597917712565 -2.3319607527156596 -0.976408298540152 -0.561229640745933 -0.35771309901714604 -0.24381224443777874 -0.17568017719816456 -0.13238268308978507 -0.10341581652781812 -0.08320768928028098 -0.06863394332710632 -0.05785274199378749 -0.04972967544898227 -0.04353806368413776 -0.038794476775980684 -0.03516434643029716 -0.03240622870899142 -0.030338928056174597 -0.028822953059815994 -0.027750950177227108 -0.027043141569305318 -0.026644806378678203
-0.027232174717486877 -0.027343613059636 -0.027663789606538466 -0.028214818460073735 -0.02903705819876406 -0.03019275920733089 -0.03177005742854529 -0.03388801686563644 -0.036704793578761274 -0.0404322264567469 -0.0453616180444125 -0.051908223848397696 -0.060687954714470284 -0.07265277063304608 -0.08933969567245151 -0.11335337578999381 -0.14935896557981196 -0.20626222062292143 -0.30231770240284805 -0.4779085041276354 -0.8415675850678803 -2.6700993368679553 -2.2361517007616674 -2.052341217433992 -1.8305675320035222 -1.6787977936161325 -1.5754393450221595 -1.497118106895444 -1.43129621086661 -1.3716310657464192 -1.314779479637916 -1.2588559393128769 -1.2027134038115777 -1.1456021082019008 -1.0870052973504418 -1.0265607309926783 -0.9640248508789889 -0.8992581167072541 -0.8322202152531035 -0.762968940033943 -0.6916592424530664 -0.6185404926417314 -0.5439509227190112 -0.4683088324721671 -0.392100555057842 -0.3158654811045166 -0.24017866224521822 -0.16563168254369168 -0.09281260869243355 -0.02228591375521595 0.04551340979998572 0.10991662478909064 0.17066128384470408 0.2274523222810029 0.2800884201570032 0.32846434412743025 0.3725686015461315 0.41247653762248365 0.44833929517784615 0.4803693331576436 0.5088234399839783 0.533984358090109 0.556142236073549 0.5755771333393863 0.592543714026927 0.6072590889723272 0.6198945113951262 0.6305713261437278 0.639361241339536 0.6462906632883791 0.6513485379512147 0.6544968981827975 0.6556831436461839 0.6548529911655654 0.6519630341319174 0.6469919385643285 0.6399494722071866 0.630882793239118 0.6198796881540563 0.6070687068050117 0.592616353964929 0.5767216213832087 0.5596081520951017 0.541514204905471 0.5226803281965803 0.5033342542205144 0.4836719544629008 0.46383295105299926 0.44386662320391046 0.4236839125983259 0.4029846538095911 0.3811432406159919 0.35702222876086886 0.3286628904832659 0.29278020781520964 0.24402099526878115 0.17428268341665198 0.0739347533031878 -0.0588936840559595 -0.19345882101680376 -0.2542067653458557 -0.19227731351860752 -0.056763171430716096 0.07688460945252139 0.17801185036470152 0.24846017109647334 0.29780122289738054 0.3340953717720053 0.36267498240493756 0.3868208513915865 0.40849976381598785 0.42886664330323054 0.44857198623703287 0.4679465585279937 0.48711405931245966 0.5060620461305864 0.5246884067629549 0.5428332039798319 0.5603015716010078 0.576881019305697 0.5923551489078484 0.6065149302101162 0.6191680958397856 0.630146790685945 0.6393133222860834 0.6465637024122893 0.6518286474119539 0.6550718035323423 0.6562851552177336 0.6554818205239469 0.6526866955800863 0.6479256415421084 0.6412140837957268 0.6325459953183232 0.6218842550486307 0.6091533064565302 0.5942348957601743 0.5769674544506292 0.5571494219711839 0.5345465027304511 0.5089025410527992 0.4799534050090944 0.44744302070808256 0.411140515247267 0.3708573251993018 0.3264631156437645 0.27789943222887115 0.22519016490203997 0.16844812069554785 0.10787726263996682 0.04377044977771985 -0.023726331177868317 -0.09368924001604684 -0.16586143821595453 -0.23969914073556764 -0.31463615285648067 -0.3901037571983915 -0.4655505258353635 -0.5404611414288626 -0.6143733952280062 -0.6868926588568552 -0.7577033055358124 -0.8265767941170733 -0.8933764444117033 -0.9580593654675833 -1.020676616844778 -1.0813736280141397 -1.1403944436836477 -1.198096074479227 -1.2549843334799393 -1.3117927616004121 -1.3696479210776435 -1.4304125401734493 -1.4974082984694896 -1.5769643935937658 -1.6816269042068799 -1.8348209819173757 -2.0582028044290475 -2.243568060971013 -2.6851657008355176 -0.8460531528473195 -0.4793810278903345 -0.30300968758836333 -0.20664615473396705 -0.14959371493763385 -0.11350437258757086 -0.0894367213170585 -0.07270999141468422 -0.0607123866773977 -0.051903903084987026 -0.04533186397366465 -0.04038086830282649 -0.036636707204670646 -0.03380914201823819 -0.031687027542340075 -0.030112295561598865 -0.028965310547825605 -0.02815683527428611 -0.027623244660573747 -0.027322802513722773
-0.02756547347813489 -0.02764873468802339 -0.027888024191391646 -0.028299301478191735 -0.028913200785171737 -0.029779357579682805 -0.030970943992152087 -0.03258963626188326 -0.03477252651461574 -0.03770372352131363 -0.04163475880228615 -0.04692023833628268 -0.054080042063708963 -0.06390991493381917 -0.0776856306813383 -0.09755990323924454 -0.12738415799393077 -0.1745389708148909 -0.2543611397567607 -0.401919746386686 -0.7122421176498732 -2.382784599407038 -2.310091877014365 -2.135036257445962 -1.8843652536543 -1.719481750880181 -1.6132473514930512 -1.535754818815635 -1.4719229380477075 -1.4144890733639996 -1.359762993432068 -1.3057227260074982 -1.251168630661869 -1.1953351009579876 -1.1377074821335584 -1.0779354463525057 -1.0157933251523144 -0.9511634457616855 -0.8840301742869324 -0.8144780246862622 -0.7426901257593786 -0.6689449710176892 -0.5936103562519979 -0.517134043034195 -0.44003112447424847 -0.3628683884025428 -0.2862462145842518 -0.2107787251185538 -0.1370730429980977 -0.06570860356022318 0.0027824924224638128 0.06798925330295356 0.12938883283332409 0.18676906377276528 0.2399341223185056 0.28878734790708016 0.333328067917449 0.37364376619521644 0.40989809241662567 0.4423154905669295 0.47116345931450687 0.49673362377529895 0.5193228772415776 0.5392158334069757 0.5566697137779091 0.5719025895645216 0.585085622226457 0.5963396255135999 0.6057359351240913 0.6133012479871767 0.6190258097036111 0.6228741066144003 0.6247970742785834 0.6247447748502742 0.6226785241287692 0.6185815597499243 0.6124675235617141 0.6043862638606761 0.5944267195443131 0.5827168933865148 0.5694211178499515 0.5547349282820466 0.5388778588440439 0.522084352845698 0.5045927297358108 0.48663177176686373 0.46840395453271927 0.45006354740796667 0.43168651647366574 0.41322688586903955 0.3944499983525295 0.3748251575612551 0.35334518627119016 0.32821360594183796 0.29629922942771836 0.25223432212563285 0.1872468011339767 0.08927983433228456 -0.04855091212512762 -0.19757516134149403 -0.2679829219527835 -0.19647530704954314 -0.04673025290066068 0.09161299945652482 0.1900530574236502 0.25547742320735894 0.2998995092907869 0.3320581917671937 0.3573049087906234 0.3787675434675733 0.39824856828269606 0.4167680516197189 0.4348748386270214 0.45282565689516957 0.4706912048948797 0.48842159921937245 0.5058886908213039 0.5229148455875456 0.5392935921850494 0.5548052717498331 0.5692295296521532 0.5823556824877536 0.5939914394069988 0.6039700585734777 0.6121557485344691 0.618446979583523 0.6227773518379675 0.6251137631526243 0.6254518053399325 0.6238085559578905 0.6202131866031506 0.6146960423058273 0.6072770323208336 0.5979542909549357 0.5866941064612455 0.5734230714998626 0.5580232818529439 0.5403312081396344 0.5201406022792767 0.4972094957245512 0.47127102512244456 0.44204751029391515 0.40926693791030144 0.37268079587906017 0.33208207832254005 0.2873222488216867 0.23832601188141322 0.18510289121864784 0.1277548325232275 0.06647931609839385 0.0014073761834699212 -0.06675985582367777 -0.13772384782511485 -0.21096663947344854 -0.28592410859096296 -0.36200540231321654 -0.4386134081801921 -0.5151652629118637 -0.5911119363149823 -0.6659560189054057 -0.7392669818849938 -0.8106933689504815 -0.8799716308733814 -0.9469316431976643 -1.0114993961898133 -1.0736979884522215 -1.1336490420928003 -1.1915782969707092 -1.2478320790896185 -1.3029170046607836 -1.3575869590871896 -1.4130269944445208 -1.4712431944337119 -1.5359116028944262 -1.6142885230150383 -1.7214701292898567 -1.887424963666478 -2.139371716627384 -2.315650423566948 -2.3977087202047955 -0.7145010865831712 -0.4027283442952522 -0.25475951078804976 -0.1747697812264661 -0.1275314893952268 -0.09765869330374252 -0.07775167391494614 -0.06395055928152996 -0.054098827503181686 -0.046919240105772156 -0.041615882536012186 -0.037669408257314324 -0.034726038465036614 -0.032535046752758257 -0.030912869078528398 -0.02972255095034705 -0.028862108615355726 -0.028257687013670117 -0.027858736980744328 -0.027633637480250522
-0.027549434794060537 -0.02761030652461616 -0.027787000716162635 -0.028090883684283103 -0.028545032594234503 -0.029188812970960498 -0.030082606760516547 -0.03131260488162407 -0.03299673845722665 -0.035293983545581664 -0.03842052275377701 -0.042678187045774196 -0.04850449983996803 -0.056562048901130084 -0.06790356840229668 -0.08429246679880878 -0.1088660804403102 -0.14761804391186545 -0.2130299863236421 -0.33402944454853334 -0.5896417613294686 -1.5802555119841941 -2.371292569992398 -2.2231091452564464 -1.9426424729759943 -1.761325376025272 -1.6510209923425214 -1.573941608351419 -1.5119439711651212 -1.4566898625962668 -1.4040924119769178 -1.351975735548624 -1.2990810240498283 -1.2446243602129603 -1.188092332597379 -1.1291461993972387 -1.067577820408074 -1.003290648968441 -0.9362923798295401 -0.8666921366775375 -0.7946982684194495 -0.7206145613019956 -0.6448337021867845 -0.5678274876382465 -0.4901337307603092 -0.4123401535451745 -0.33506580946693515 -0.2589407779648455 -0.1845850183176443 -0.11258736637587335 -0.043485700957919364 0.022250705854895973 0.08427118528465626 0.1421949101949901 0.19588506173995618 0.24525149022589657 0.29030096339721734 0.33112857319682876 0.3679050195036622 0.40086061478214385 0.43026708032493877 0.4564183556271321 0.4796117013520129 0.5001303352234666 0.5182287008427429 0.534121243665996 0.5479752773125234 0.5599081930721869 0.5699889268188995 0.5782432799676196 0.5846624203783815 0.5892136863046311 0.5918526940322065 0.5925357144508484 0.5912313338933506 0.5879305430353549 0.5826545903059488 0.5754601728830473 0.5664417918455543 0.5557313360879755 0.5434951471987559 0.5299289226112662 0.5152508130972185 0.4996929514171423 0.4834914105191121 0.46687423053223426 0.4500466474814059 0.4331719130128667 0.41634488993770596 0.3995534648788197 0.3826187631722709 0.3650972335032869 0.3461120498286596 0.3240509119013915 0.29601272744294915 0.25681551933137364 0.19745758108286898 0.10415388159219408 -0.034795638980391355 -0.19482629780997304 -0.27397288921075236 -0.19392526442234775 -0.0334775235812887 0.10565261586201066 0.19912657605939962 0.25866451819034186 0.2980171730273736 0.32615917243067916 0.348258974852773 0.3672139289381556 0.3846390493583391 0.4014183075886743 0.4180055570189041 0.4345921905697942 0.4512042365065548 0.4677613580129133 0.4841146687681449 0.500072392602567 0.5154183550882698 0.5299261567989627 0.5433706722752728 0.5555377690528904 0.5662326256469684 0.5752866573913886 0.5825628092249797 0.5879588452009212 0.5914082543460868 0.592878491269116 0.5923664529050138 0.5898913282538808 0.5854852101660737 0.5791820950334727 0.5710060904810005 0.5609597827984557 0.5490137712713641 0.5350983486148047 0.5190981937134064 0.5008507513679891 0.48014871457554165 0.4567467185880278 0.43037202653805795 0.4007386628333241 0.3675641617351673 0.33058787170605464 0.2895896117282625 0.24440742643229468 0.19495323617290042 0.14122531861022306 0.08331677536655632 0.02132490023304747 -0.04428255279126754 -0.11320307156343863 -0.18497453946789638 -0.259067195833224 -0.3349011051916534 -0.4118658215891664 -0.48934122928487195 -0.5667185247155307 -0.6434203460483555 -0.7189191532825451 -0.7927531101895999 -0.8645389204678136 -0.9339813335353901 -1.0008793764717212 -1.065129832165707 -1.1267291482659174 -1.1857759934313554 -1.242478419929769 -1.2971727804241018 -1.350367841928868 -1.402840860812412 -1.4558424993896464 -1.511540041765878 -1.5740133657863846 -1.6515997848929493 -1.7624582621670535 -1.9444296912278347 -2.2257065319551375 -2.3746607902488948 -1.585525307833231 -0.5904922046605616 -0.3343534047336634 -0.21319526510409006 -0.14771718654242105 -0.10893167104810007 -0.08433790344726609 -0.06793465653100753 -0.05658124723233107 -0.048512820150251 -0.04267618904966924 -0.03840888162720309 -0.03527380205490897 -0.03296967126004727 -0.03128083053988074 -0.030048680438926337 -0.029155441700176386 -0.028514824180716082 -0.028066120666901277 -0.02776947722700247 -0.027601239738638386
-0.027215571769870057 -0.02725907828790524 -0.027388574278752853 -0.02761196399956222 -0.02794637384067849 -0.02842270368463685 -0.029090319674834435 -0.030021612757408264 -0.03131715856184239 -0.03311326535808132 -0.03559480662783918 -0.039017843273630316 -0.043749638972091186 -0.05034027635153125 -0.05965471278107008 -0.07312806641646384 -0.09329109345255032 -0.12493980697501345 -0.17800160683718066 -0.2754669794915245 -0.4800260201962651 -1.109596980538145 -2.465730226861616 -2.3138233009671443 -2.0077013895545557 -1.8051714295251218 -1.6889611087847676 -1.6116474577573932 -1.551235229235316 -1.4980684963905357 -1.4475849540358119 -1.3974261801604393 -1.3462627497859703 -1.293287540220716 -1.237986156219514 -1.1800302454563443 -1.1192282256070183 -1.0555034744416896 -0.9888852941821967 -0.9195049906388433 -0.8475928876933634 -0.7734739576637556 -0.6975608302102579 -0.620343629536263 -0.5423765645490523 -0.46426154749013393 -0.3866293858398768 -0.3101193006927492 -0.23535767804913307 -0.1629370592975598 -0.09339641914855074 -0.027203760345606412 0.03525803004636986 0.0937012669952078 0.1479349547586847 0.19785850640559693 0.24349875195025317 0.28495356630828017 0.32239494629948684 0.35605268142797464 0.38619599554705275 0.41311440073679795 0.43709904421006673 0.4584257682949276 0.4773409462968095 0.49405091730538253 0.5087155430529795 0.5214460767582614 0.5323071985712029 0.5413227631595311 0.5484845477115018 0.5537631021697621 0.5571196992623907 0.5585183645878756 0.5579370332825777 0.5553770210312523 0.5508701979107842 0.5444834932492921 0.5363206120081321 0.5265210774645858 0.515256899314012 0.5027272706103201 0.48915169961335403 0.4747618724118797 0.4597923184661217 0.44446961312502475 0.42899937845939573 0.41354965652227227 0.39822812632012217 0.38304866890835154 0.36787901556713587 0.3523536814975684 0.33572099710245595 0.31656145738442865 0.29225198647718875 0.257945871949945 0.20479328478837688 0.11803606441295418 -0.018182146476872114 -0.18493933810716412 -0.27126706511515225 -0.18434523751910933 -0.017516222513686633 0.11856248466795978 0.2052172121910535 0.2583270366457807 0.2926210808329708 0.31692672856604 0.33607887589366087 0.3526954476713296 0.36819449090861894 0.383328280159871 0.39846409830340945 0.41373670430567766 0.42913507056957445 0.444554487942048 0.4598297978978649 0.4747580035155015 0.48911475211201594 0.5026672202451519 0.5151848295000215 0.5264485340064676 0.5362589460781279 0.5444432269772479 0.550860444436124 0.5554049872800824 0.558007629243141 0.5586339376569562 0.5572799064709735 0.5539649267644992 0.548722459772374 0.5415890167244818 0.5325922503837724 0.5217391046890649 0.5090050359307903 0.49432530303412026 0.47758922213221333 0.4586380967929703 0.4372672804749057 0.41323252155683987 0.38626040796343997 0.3560623970933676 0.32235161740814455 0.2848613880584615 0.2433642447661374 0.19769019738398205 0.1477429819964598 0.09349233530416493 0.03504659135649555 -0.027403733624751885 -0.09357181351694799 -0.16307597010636898 -0.23544970764628909 -0.31015580666773085 -0.386603682627586 -0.4641690644467441 -0.5422149626449447 -0.6201128768526829 -0.6972632343392043 -0.7731141507427595 -0.8471777586446223 -0.9190435583301804 -0.9883885161561612 -1.054983987773536 -1.1187000198541504 -1.179508272404826 -1.2374858866487337 -1.2928244851987865 -1.3458519724215101 -1.3970818358042298 -1.4473199160129546 -1.497894161372235 -1.5511616777218808 -1.6116843423438416 -1.6891201291542457 -1.8054721761999146 -2.008179682132832 -2.3144914539374497 -2.4667337282092556 -1.1098123391445287 -0.4800365181335304 -0.2754563956054129 -0.17799037989986777 -0.12493092268202158 -0.09328453545587594 -0.07312317587858713 -0.05965068711469529 -0.0503363206681669 -0.04374504885845254 -0.03901207122681883 -0.03558751637646904 -0.03310436803284992 -0.031306824111529 -0.03001025275192797 -0.02907854187234453 -0.02841124344016282 -0.02793601162967187 -0.02760344054800122 -0.027382514380128748 -0.027255931207522677
-0.026599616574327654 -0.026630173633813068 -0.02672549554957262 -0.02689082899638694 -0.02713853100951434 -0.027492426762262198 -0.027992327704591514 -0.02869832709511492 -0.02969534985080879 -0.031099359178470277 -0.03306759206391646 -0.03581652322860521 -0.03965370467396899 -0.04503476247572169 -0.05266813789899742 -0.06371625073874401 -0.08020604460852206 -0.10593429679286069 -0.14866740267938425 -0.22619687000708585 -0.3863977996925231 -0.824031469641959 -2.9042513904894807 -2.3971564176353253 -2.082221043020796 -1.8521415677845856 -1.7273517573239128 -1.6488758375551715 -1.5896966420682783 -1.538481998242907 -1.4900791787225711 -1.441905839549726 -1.392545325551191 -1.3411599939018368 -1.2872309214523305 -1.2304381227885293 -1.1706050215920984 -1.1076732745366942 -1.0416917126158793 -0.972811096892757 -0.9012802220513068 -0.8274409083424726 -0.7517205672737115 -0.6746217445043696 -0.5967085346358382 -0.5185901258744843 -0.4409020107548824 -0.3642856154124178 -0.28936725693281823 -0.21673743966805292 -0.14693154067027653 -0.0804129082860344 -0.017559305633941254 0.04134653058365063 0.09612166624888765 0.1466391387594593 0.1929579505127354 0.23516177640639474 0.2734179898820168 0.30794933182829487 0.33901571951687387 0.36689546045041344 0.39186713044223 0.41419329871288285 0.43410711265873564 0.45180250821068296 0.46742850912692724 0.4810877494944498 0.49283902601089297 0.5027033895728366 0.5106730425498369 0.5167221365555567 0.5208184764078414 0.5229351317969653 0.523061035633829 0.521209796976002 0.5174261612513577 0.5117897908226143 0.5044162892684632 0.4954556246615227 0.4850882903731248 0.47351964933971097 0.4609729183733542 0.447681152428697 0.4338783834289929 0.4197897544499978 0.4056200519751717 0.3915394100688389 0.3776639643561003 0.36402746782245793 0.3505364769297158 0.336894804970994 0.32246844556698673 0.3060312113526158 0.2852657538334993 0.2557678423315355 0.20915521697638717 0.13044092929195955 0.0006160218512231662 -0.16794731485869852 -0.25926788925038896 -0.1677444999276952 0.000542064879145961 0.12994982358206061 0.2083378697147577 0.25473057328369014 0.2840897248099311 0.30477918045584784 0.3211923488331438 0.3356392962846061 0.3493399637321561 0.36292199352936405 0.37667467952605294 0.3906840182245321 0.40490843638459983 0.419223897739845 0.4334526348897201 0.44738285731330335 0.4607833905469406 0.4734154412538427 0.4850426921298639 0.49544030791550975 0.5044030025506995 0.5117520109624331 0.5173406102170199 0.5210577436347044 0.5228293162134119 0.522616839656727 0.5204132900098136 0.5162362732869069 0.5101188449901942 0.5020985692139796 0.4922056073593689 0.48045077364411054 0.4668145698352069 0.45123820386023417 0.43361750303051033 0.4138004554501744 0.39158886390409503 0.36674429343327886 0.3389981611145532 0.3080654837023906 0.273661494628572 0.23552009548956154 0.1934129395346505 0.14716787222844444 0.09669370406688599 0.04194562811953148 -0.016968943829900895 -0.07986591430591279 -0.14646029701893692 -0.21637113904045102 -0.28913111234269356 -0.3642002181674088 -0.44098282944776407 -0.5188471379760413 -0.5971459835616023 -0.6752380177850468 -0.7525081965237719 -0.8283866950941211 -0.9023654980032849 -0.9740121277130304 -1.0429802541708466 -1.1090172863310859 -1.1719695360314464 -1.2317862599237375 -1.2885250282358225 -1.3423628747375014 -1.393621517207997 -1.442822867907157 -1.4908087120411588 -1.5390007688525393 -1.5899868969042272 -1.6489247242356282 -1.7271477277425549 -1.851660223777269 -2.081370605983519 -2.3957102006782076 -2.902855378193425 -0.822567952314531 -0.38594876993180766 -0.2259718603616545 -0.14853090132929506 -0.1058424102651068 -0.08014043286359468 -0.06366804818988095 -0.05263261312853789 -0.045009165284904167 -0.03963626648439339 -0.035805943456902634 -0.033062760485781405 -0.03109921066991007 -0.029698803483198612 -0.028704282909397083 -0.027999701295274883 -0.027500203310220236 -0.027145820962873258 -0.026896910503235054 -0.026729835335191923 -0.026632427129946293
-0.025739585349432603 -0.025761088038758435 -0.02583324333631204 -0.02595919947401637 -0.026147406366185216 -0.026415690472385338 -0.026795522700574517 -0.027336043950349585 -0.028108129763045143 -0.029209573762715806 -0.030773305433405194 -0.03298165061725432 -0.03609156920904383 -0.0404797640925267 -0.04672519098524784 -0.05576625690319144 -0.06921818330807336 -0.09006382097413007 -0.12430821177179521 -0.1854642253259589 -0.30907346029074456 -0.6229466170658539 -4.090731990888708 -2.4529442744937127 -2.1688304344127864 -1.903858065372077 -1.7666545468566137 -1.6857134927014539 -1.6272848618076492 -1.5778348469753454 -1.5314564038037883 -1.4852857182913324 -1.437796139565275 -1.3881094720383158 -1.3356973112318775 -1.2802451599108837 -1.2215893030301874 -1.1596875827398483 -1.0946059254447176 -1.0265115342111428 -0.9556679386986183 -0.882429282768985 -0.8072324520029884 -0.7305863952738095 -0.6530585028681274 -0.5752582755447795 -0.49781880363676734 -0.42137679367059844 -0.3465520391583962 -0.2739273308063537 -0.20402983683869808 -0.13731495207434316 -0.07415351384423627 -0.014823115053358529 0.040495981979096825 0.091720102485107 0.13874956684648324 0.18182624850640988 0.2210492219038798 0.25662767847032086 0.28880549095428043 0.3178431020536079 0.3440002179673663 0.3675204345906951 0.3886187467784077 0.40747264273866823 0.4242171880038471 0.4389441830011887 0.45170516421484375 0.4625177365658091 0.47137449714795265 0.4782536534695494 0.48313036307590573 0.4859878269645365 0.48682725357412193 0.4856759621073743 0.4825930987806439 0.47767267702329197 0.47104389881721087 0.46286894251412025 0.45333858481672507 0.44266613601993177 0.4310801883940272 0.4188165973509652 0.4061099315654321 0.3931843422758124 0.3802434015294979 0.367457890485239 0.35494963321880657 0.34276791924642946 0.33085206657419997 0.3189675404617208 0.3065899185559633 0.2926820970391282 0.2752458564884793 0.2503923774525842 0.2104572735597124 0.14091297665821567 0.02082352952289623 -0.14421293051371623 -0.23775935362486897 -0.14445033574734265 0.019994183952563516 0.13945328585903136 0.20850780768502003 0.24809740835343153 0.2727287772579545 0.2900517728705051 0.30394483726591204 0.316396240685877 0.3284317235542108 0.34056234386493933 0.3530073605830196 0.3658107318740066 0.3789056760088371 0.39215290646979695 0.4053650515718906 0.41832364177027503 0.4307920630511709 0.44252633076123615 0.45328466336201334 0.46283628031996954 0.4709694625271376 0.47749864180173557 0.48227011487543775 0.4851659065121503 0.4861053336702915 0.4850439378752347 0.4819696376014726 0.476896181712478 0.46985423208551635 0.46088064132413775 0.4500066957482208 0.43724624372587495 0.42258470904267154 0.40596998714614346 0.3873061350221997 0.3664505958237407 0.3432154572008651 0.3173729463993337 0.28866503838709834 0.25681672458267085 0.22155218750577696 0.18261287893711023 0.13977632777573645 0.09288383899408684 0.04181417441476068 -0.013432779682895761 -0.07277420130570833 -0.13602768899309678 -0.20291082608093688 -0.2730456143755068 -0.34596752636109945 -0.4211386543057684 -0.4979642138594822 -0.575811498672767 -0.6540302883668954 -0.7319736850616546 -0.8090183917433621 -0.8845835446922995 -0.9581473696046391 -1.0292611449823441 -1.0975602361419259 -1.1627723287079457 -1.2247234930045876 -1.2833434565819126 -1.3386726801195905 -1.3908760150226973 -1.4402719954266543 -1.4873958687139204 -1.5331351541326292 -1.5790276056569106 -1.6279484555928094 -1.685813021613817 -1.7661501832612159 -1.9026559113916641 -2.1666103500190705 -2.4492534059181046 -4.078042978066423 -0.6210805437686658 -0.3084111818553142 -0.18511736981970595 -0.12409137916341019 -0.08991414882871912 -0.06910905240779296 -0.055684864474841396 -0.04666485751811193 -0.04043674375165646 -0.036063517941665846 -0.03296680522478938 -0.030770019009319097 -0.02921606287879116 -0.028122368462326044 -0.027355768582090816 -0.026818319036018955 -0.026439133245528698 -0.026169219059929628 -0.025977403787582252 -0.025846276004938232 -0.02576787620530289
-0.024674058493209146 -0.024689924467765828 -0.024748160118733233 -0.024850194878487594 -0.025001198922715347 -0.025213839382146386 -0.02551226662228444 -0.025935877955607776 -0.02654299430270144 -0.02741526282084303 -0.028664312090669632 -0.03044308498965486 -0.03296578763536024 -0.03654342855910609 -0.04164845954068849 -0.0490368219189441 -0.059991314639682866 -0.07684322196979698 -0.1041987825758569 -0.15219196634912152 -0.24669606076605255 -0.4732915484118625 -1.863438705882009 -2.466096977375867 -2.268059807095108 -1.9627133670719354 -1.8076199178110977 -1.7223767883083394 -1.664039929302297 -1.6160983497784522 -1.5716565984466497 -1.5274898306349536 -1.481930685659805 -1.4340470540035088 -1.383294461412488 -1.3293600744548193 -1.2720902648763495 -1.2114565056761084 -1.147539032352504 -1.080518206501862 -1.0106683574623767 -0.9383512936707227 -0.8640079923742447 -0.7881477690258352 -0.7113347530049038 -0.6341718748117163 -0.5572828567013457 -0.4812929160277726 -0.4068090469863744 -0.3344008404622796 -0.2645828319608338 -0.19779932936685732 -0.1344125667587877 -0.07469485946868722 -0.0188252080455829 0.03310947164707135 0.08110861149747275 0.12524816567807684 0.16539401486492628 0.20218963134010706 0.23566358155001527 0.26605205976883267 0.29358990547431757 0.31849635546652133 0.3409636428311203 0.36114907526234746 0.3791709375618286 0.3951082578581796 0.4090041802112639 0.42087242239900285 0.4307060875178451 0.43848795612582725 0.4442013206973292 0.44784043752404656 0.4494197589736733 0.448981260445974 0.4465993772388449 0.44238329745867105 0.4364765958325846 0.4290544148391279 0.4203185790799476 0.41049114273402504 0.3998069005602274 0.38850532977060015 0.3768222707107466 0.3649813991069503 0.3531851833717656 0.3416045150520242 0.33036542765969806 0.31952998626923124 0.3090658756776812 0.2987939447440933 0.2882915278263185 0.2767035743754773 0.2623540421583427 0.24191455696887615 0.20862702012950854 0.1490255284898575 0.04157812173896724 -0.1144500585406269 -0.20697867316975427 -0.11513413039230475 0.04005093558146864 0.14673148262525604 0.20574406821652283 0.23861323630101114 0.2587895432380143 0.2730203076406703 0.2846234825827187 0.29526215780842185 0.30577490328318324 0.3165644183973991 0.32778700463506705 0.3394501769467176 0.35146625206129034 0.3636839948999089 0.375908976807362 0.38791803403504466 0.3994706673449251 0.410318902724582 0.42021637703237696 0.42892692673166644 0.4362326189994147 0.4419409282096531 0.4458906165743674 0.4479558256809211 0.4480479231719647 0.4461147669137252 0.44213723064706983 0.4361230588008418 0.4280983585879685 0.4180972701092599 0.40615055623120844 0.3922740033465022 0.3764576056059218 0.3586565077872536 0.33878460171919916 0.31671150983184787 0.29226345820594585 0.2652282562421838 0.2353642851872234 0.20241307864340718 0.1661147841898133 0.12620007974629957 0.08252366021586872 0.034882657405980275 -0.016811040711642775 -0.07256383927385404 -0.1322907843336128 -0.19581015700607513 -0.2628426926941455 -0.33301550414881576 -0.4058704939294124 -0.4808767780740477 -0.5574464243887214 -0.6349526482688854 -0.7127495124505111 -0.7901921468600539 -0.8666565388881438 -0.9415580396197372 -1.0143678854107305 -1.0846272463545428 -1.151958592445585 -1.2160745383368106 -1.2767848443290337 -1.3340030354104242 -1.387755410266803 -1.4381976211651955 -1.485648834567914 -1.53066396806304 -1.5741891072781815 -1.6179078892448817 -1.6650610681902298 -1.7225529173534164 -1.8068750194286924 -1.960842233482981 -2.2643615659895318 -2.460242269415635 -1.8488561219038124 -0.47150304575555996 -0.24597388310785503 -0.15179201390799849 -0.10393961289880396 -0.07665973901965344 -0.05985514001183646 -0.0489340976367782 -0.04157191166521134 -0.03648897048388269 -0.032930839889095766 -0.030425647147351957 -0.028662420535588068 -0.027426685351899002 -0.026565096372407022 -0.025965625604404147 -0.025546337934183184 -0.02524881291706525 -0.025033782263631437 -0.024877455307636107 -0.024767725308622496 -0.02470013361443453
-0.02344080072069193 -0.0234539851967286 -0.023505981286230156 -0.02359675387647944 -0.023728653981681003 -0.023909855312256464 -0.024158056427716665 -0.024504000165121578 -0.02499483823762788 -0.02569793714962682 -0.026706326276637996 -0.028147727961912925 -0.03020029881138403 -0.0331205299874914 -0.03729366972167741 -0.04332800850325203 -0.05224040070485059 -0.06584717641643494 -0.08766402448459935 -0.1252305512624022 -0.197148738201686 -0.36086808044588875 -0.9820852672913538 -2.5269368780614383 -2.37211987268507 -2.0321449523867745 -1.8514411025816537 -1.7592649571848438 -1.7001102335280223 -1.6533265256292204 -1.6106906079040813 -1.5685055344978778 -1.5249216586094358 -1.4789352635900521 -1.429977202903494 -1.3777313845605266 -1.3220508013349472 -1.2629175214432538 -1.2004229543744374 -1.1347570889820522 -1.066200960289412 -0.9951193073593887 -0.921951822445462 -0.8472022332483728 -0.7714250045610975 -0.695209828494636 -0.6191643583909544 -0.5438958533722851 -0.4699925507310397 -0.39800567089152544 -0.32843298302934537 -0.2617048166149386 -0.19817329584507706 -0.1381054040047478 -0.0816802625812059 -0.0289907492097126 0.019950702554357914 0.06520255894870469 0.10688159178799894 0.14476405809979284 0.17970947780223817 0.21163244514696347 0.24073737624649694 0.2672141906468598 0.29122815077306957 0.31291301327311866 0.3323677772082183 0.3496570281739176 0.3648146020343741 0.3778500494525969 0.38875719150929255 0.39752393067388875 0.40414242756033686 0.40861877362850213 0.41098137893950815 0.41128744223518915 0.40962706418754813 0.40612478576043765 0.4009385611227458 0.39425638645865035 0.386290978855136 0.3772730131423679 0.36744346228910263 0.35704553967659025 0.34631660615899856 0.33548018223089854 0.32473789030230465 0.3142607129550706 0.3041782949531261 0.294563904972704 0.2854105632176868 0.2765894835214475 0.2677724199989206 0.25827753873172665 0.2467461171782086 0.2304320034551045 0.2036140166629947 0.15438492517329008 0.06194694222922058 -0.07973760008022737 -0.16768242503997033 -0.08083057664899759 0.05984467203595264 0.1514587172147072 0.20006233189334138 0.22643882596898973 0.24248686867162858 0.2539202961979073 0.263474363741944 0.2724917492744775 0.2816330580192452 0.29120080681466504 0.3012946391119008 0.3118903251376921 0.32288282706513843 0.3341117440918849 0.34537789191838647 0.35645541493792077 0.36710172864465257 0.37706649372021767 0.38610018684705355 0.3939624183534822 0.4004298554911053 0.4053034082852401 0.4084142155690157 0.40962793222439653 0.4088468628619861 0.4060096043794754 0.4010880353305299 0.39408170446712126 0.3850099016266706 0.37390191800700046 0.3607861979045888 0.34567922989658406 0.32857510713730104 0.3094366930927572 0.2881892554509139 0.2647172813821097 0.23886496897658455 0.21044062098618527 0.17922486824247225 0.14498234702329887 0.1074011192172053 0.06643661125046882 0.021788309780313767 -0.02668346110475906 -0.07905351015580184 -0.13531905693006335 -0.19539033674072612 -0.25908517889651783 -0.3261279414591571 -0.3961529051656707 -0.4687119508330842 -0.5432860935042797 -0.619300235354609 -0.6961403424749966 -0.773172154193532 -0.849760500424256 -0.9252883313269165 -0.9991746535224281 -1.0708907142189976 -1.1399739814555725 -1.2060397457498422 -1.2687905411193152 -1.328024118158497 -1.38364153247543 -1.4356583413331634 -1.4842245970998673 -1.5296648716833665 -1.5725618977212048 -1.6139372262784284 -1.6556607507974967 -1.7014479159862645 -1.759527394241805 -1.850502981529453 -2.0296187305348083 -2.3667463328843015 -2.5192784173959915 -0.9747772690389186 -0.35933092271894485 -0.19645700041932204 -0.12482629691537997 -0.08739311764743697 -0.06565116862779756 -0.05209295944537012 -0.0432159812821016 -0.037210027380833864 -0.03306125146731908 -0.03016278743695876 -0.028129911553038334 -0.026706113926304103 -0.02571290019261855 -0.02502205992976687 -0.024540066951468976 -0.024199169206318972 -0.023952034130867723 -0.02376800155137135 -0.0236297382281117 -0.023529699387275706 -0.023466377789206072
-0.02207576195177004 -0.022088758366123958 -0.022140783225006802 -0.022230509705808435 -0.022357817863914747 -0.022526931010398325 -0.022749848335342163 -0.023049642223422383 -0.023463570124268838 -0.024046423191724835 -0.02487504382952007 -0.026055553018259712 -0.02773576499874113 -0.030127034667366877 -0.033543461222862135 -0.03847446398583919 -0.04572562295778905 -0.056710138335670596 -0.07410463877962506 -0.10349477367367722 -0.1581646992316027 -0.2766528431940619 -0.637156343593003 -3.527609826373283 -2.4527284813925916 -2.1165864798838587 -1.8999861772316697 -1.7970321424652593 -1.735779894336077 -1.689670455737367 -1.6486498972515986 -1.6083912523171486 -1.566805557101014 -1.522793902648466 -1.4757512676292661 -1.4253520463978002 -1.371451602207901 -1.3140390525594607 -1.2532135021730202 -1.189170817158724 -1.1221945345535487 -1.0526475839963723 -0.9809630899192987 -0.9076334268506819 -0.833197266807202 -0.7582247451233233 -0.6833011518934028 -0.609009760350957 -0.5359145441892268 -0.4645436147092709 -0.39537422483030044 -0.32882014088258965 -0.2652220746306399 -0.20484170388208198 -0.14785959831200576 -0.09437712284512534 -0.044422130726062256 0.0020419971393823397 0.04510464022847061 0.08489441276338981 0.12108385820425954 0.15470988725606655 0.18555369689094103 0.21377146347092263 0.23949774475006705 0.2628397806118383 0.2838751076555937 0.3026524494014833 0.3191955937794745 0.3335097506555652 0.345589712751619 0.3554290338224333 0.3630293956948357 0.36840936113552203 0.3716117982869166 0.37270940529340635 0.3718079477191332 0.36904702938087885 0.3645984308750999 0.35866224813824416 0.3514612263772777 0.3432337936864291 0.33422634013063013 0.3246852531237707 0.3148491068076582 0.3049412126393259 0.2951624683027073 0.285684070769379 0.2766391167032772 0.2681112198214768 0.26011660595753594 0.252572709604403 0.24523870270894002 0.2375956621950383 0.2285907935667942 0.21606184663908795 0.19540112032942122 0.15663904906860082 0.08094690241835067 -0.04151997847841945 -0.12119805565778932 -0.042943518899801 0.07844253114808923 0.1533274885031565 0.1914832976899877 0.2117227673005514 0.2240143277439726 0.23296120598333675 0.24071395621815506 0.2483064451461185 0.25623237330245335 0.2647023281365995 0.2737651170661952 0.28336891114144974 0.29339442532847104 0.30367461666438567 0.31400777740142577 0.3241674633239323 0.33391103946573353 0.34298775088474687 0.3511467083586686 0.35814483399006275 0.36375456658344085 0.36777095693366213 0.3700176849610656 0.37035150544412265 0.3686646758489228 0.3648850320763284 0.35897354358421674 0.35091938118359284 0.3407327485703593 0.3284359409872608 0.3140532804228481 0.29760071756649026 0.2790759714483735 0.2584500879698668 0.23566123415751836 0.21061140796218578 0.18316654336673038 0.1531602414460482 0.12040108098095456 0.084556885549464 0.04571106142364076 0.003497344034954097 -0.042247154355769215 -0.09163912844685487 -0.14473491764296081 -0.2015185473290653 -0.2618927894824117 -0.32567385998437276 -0.39259013282126737 -0.4622849932814978 -0.5343236961389908 -0.6082038597982133 -0.6833690288272962 -0.7592245869579142 -0.8351552081451751 -0.9105429974210214 -0.9847854972659764 -1.0573128159824714 -1.1276032743497058 -1.195197164798998 -1.2597084899731636 -1.3208349240277484 -1.3783667951294603 -1.4321967806550653 -1.4823335876638222 -1.528925961019825 -1.5723098433345657 -1.6131063418228258 -1.6524350343244365 -1.6924076028127066 -1.7373697009384332 -1.7973719063405096 -1.8988790365267445 -2.1133409262840543 -2.4455273483394326 -3.5178863343517173 -0.632916136150416 -0.2754107015438746 -0.15755181256432774 -0.10311863938578403 -0.07384503137071793 -0.05651899824478618 -0.04558052552639804 -0.038363885529156885 -0.03346107008051475 -0.03006909817281689 -0.027699797566741482 -0.0260395257506099 -0.024876889267132784 -0.024063728811664242 -0.023493419657387916 -0.02308858870341163 -0.022794007146304657 -0.02257217499160551 -0.022400046064894912 -0.02226595239727835 -0.022166302121200417 -0.02210210442126688
-0.020612434557181477 -0.020627272999438468 -0.020684316689229112 -0.02078107305492328 -0.020915229296353616 -0.021087517961632992 -0.021304903058578014 -0.021583678418392503 -0.02195237286920748 -0.02245474698902339 -0.02315359475420032 -0.024136566212549313 -0.025525967857006067 -0.027495845507143544 -0.030302398867576723 -0.03433971524666554 -0.04024641891847606 -0.04912232855816984 -0.06300453309959728 -0.08602611295655002 -0.12765228569662593 -0.21376363943701684 -0.4439704790368182 -3.2362533047814783 -2.4625846000763625 -2.2196641372881154 -1.956149587929153 -1.8366970021423494 -1.7715040686872832 -1.725393199086572 -1.6857148920067153 -1.6472822705055399 -1.6076873051737537 -1.5657040148720707 -1.5206768129722805 -1.4722626389181275 -1.4203140493892776 -1.3648231075091528 -1.305892792633905 -1.2437209113936152 -1.1785892449393434 -1.1108542425033303 -1.040937365060068 -0.969314166688417 -0.8965017964094739 -0.8230449948651464 -0.7495009347305723 -0.6764234471311005 -0.6043473054217221 -0.5337733062711736 -0.46515489744065514 -0.39888705289204435 -0.33529799125198595 -0.27464417877822095 -0.217108862610845 -0.16280415748649874 -0.11177647503201592 -0.06401485926755886 -0.019461591848424945 0.02197572531054639 0.060411500261118266 0.095969815001637 0.12815894669922992 0.1582695386992463 0.1858567519908845 0.2109987835779779 0.23374986460030434 0.25414166629025453 0.27218732134360313 0.28788757289966127 0.3012384163032942 0.31223950730453537 0.3209025798148584 0.3272591471966595 0.3313668490951417 0.33331394203350323 0.33322160457373695 0.3312439210780668 0.3275656047160269 0.3223977022170218 0.3159716719557609 0.30853232768868777 0.3003301807478205 0.29161368711607283 0.2826218111787613 0.27357715736169164 0.2646796949183129 0.256100796987153 0.247976885720467 0.24040129289972711 0.233411701788039 0.22696799695680747 0.2209097193651819 0.21486901800031674 0.20808177099092748 0.19895330744812062 0.18401505725931966 0.15548798718339954 0.09756991692749599 -0.001589510766914038 -0.06945163572377994 -0.0032330516892345503 0.0948667062255915 0.1520558336693174 0.18004105972795775 0.1946125921785355 0.2035554782708293 0.2103359137018729 0.21653592528434934 0.2228983547918734 0.2297629490995337 0.23725700206032277 0.24538421010479106 0.25406910172405844 0.26318111308486575 0.272549034869645 0.2819709087281986 0.2912219122861145 0.3000615403474253 0.3082407285846921 0.31550916224284614 0.32162273489151966 0.3263509201490986 0.32948367780021937 0.3308374344440271 0.33025966051548183 0.3276316106432138 0.32286889802182117 0.31591972574512595 0.306760784276917 0.2953910260303042 0.2818237261613126 0.26607741363169474 0.24816639076051616 0.22809163881017072 0.20583292164386457 0.18134284555893052 0.15454351238855413 0.12532622360146428 0.09333385348860768 0.058900108299041534 0.021577035664198385 -0.01880787960063026 -0.06241301085720389 -0.10936853255368283 -0.15976249394151504 -0.21362794071552033 -0.270931951952181 -0.33156734257044385 -0.39534760970566935 -0.46200549134550406 -0.531195275826569 -0.6024987707583243 -0.6754346258833027 -0.7494705223746392 -0.82403760050653 -0.8985464071444895 -0.9724036070001041 -1.0450287196333452 -1.1158702158089429 -1.1844204353800136 -1.2502289779082003 -1.3129144827248356 -1.3721750972070026 -1.427798515432044 -1.4796734415049937 -1.527806113795692 -1.5723490865393726 -1.613657193280211 -1.6524038081680512 -1.6898372103313388 -1.728388875492186 -1.7732616215173658 -1.837085159368843 -1.9548614752403692 -2.2155071746681725 -2.45391508474953 -3.1962691401513257 -0.44132173781044437 -0.21280299030688332 -0.12713929899529186 -0.08569734823515646 -0.06277190491999432 -0.04894880740775765 -0.04011406564860986 -0.03423898359645562 -0.0302278433105452 -0.027444123457843066 -0.02549477418689797 -0.024123991300555 -0.023157703997825654 -0.022473303357334228 -0.02198267703170568 -0.021622521777574667 -0.021348632368819696 -0.02113220314256966 -0.02095691391932125 -0.020816074671432292 -0.02070953608119945 -0.020640470132502472
-0.019081500856167197 -0.019099753856585622 -0.019165651889464067 -0.019275641297426295 -0.01942545560540332 -0.019612742418376634 -0.019840028345365586 -0.020117639968084713 -0.020466437593008747 -0.0209205394853958 -0.021530573893914107 -0.022368412812149553 -0.023534930165302427 -0.025173357422969347 -0.02749285530786637 -0.0308112661718979 -0.03563578780795464 -0.042823845944068184 -0.05392820044244907 -0.07201121294925687 -0.10382601745799404 -0.16682454949424208 -0.3201813634660311 -1.077747126200789 -2.4444544778948383 -2.3359089283291317 -2.0243116488085153 -1.8798217220871671 -1.8079609891009327 -1.7608881909448686 -1.7221632314425441 -1.6853953976066802 -1.6477434485730587 -1.607810422314831 -1.5648706401539627 -1.5185534284066453 -1.468702218172488 -1.4153072784642973 -1.3584712902758556 -1.2983899068134934 -1.2353388972795076 -1.1696637058101185 -1.1017693154210804 -1.0321093980964717 -0.9611743642105233 -0.8894783236529875 -0.8175452379438977 -0.7458947244202662 -0.6750280890837698 -0.6054152225238841 -0.5374829963179892 -0.4716057483830817 -0.40809834681976825 -0.3472121813419832 -0.28913425614541804 -0.2339893619049559 -0.18184510195399553 -0.13271935456604766 -0.08658958666242084 -0.043403308403944706 -0.0030888855598171488 0.03443408595147468 0.0692455879781344 0.10141780285871838 0.13038788353997055 0.15745345963103258 0.18203882668232463 0.20415762308607097 0.2238118128644093 0.24099754206293422 0.25571215867928804 0.26796173702064224 0.2777684290486936 0.28517700181935834 0.2902600067754247 0.29312115597876576 0.29389664023956885 0.2927543011504036 0.28989074704582063 0.2855266660981999 0.27990072226010404 0.2732625087639444 0.26586506943139065 0.25795747578673733 0.2497778675388536 0.24154722950655907 0.23346399276567725 0.22569930766043145 0.2183925143264133 0.21164585286767926 0.2055166102832883 0.2000032091157955 0.19501799822711033 0.1903305667424798 0.18544262564229005 0.1792942141254192 0.16953346387435053 0.15069423049186043 0.11081210596377772 0.037952084584129325 -0.014964199355838259 0.036219303428548344 0.1081210936786027 0.1473969149484431 0.16579068523405888 0.17526262946454343 0.18129081988669057 0.18622598199953957 0.1911145602918094 0.19643204506930556 0.20237925592885975 0.20900955590238265 0.2162875186440593 0.224118107586384 0.23236253668296647 0.24084798782001018 0.24937459429043857 0.2577214074633266 0.265652231612104 0.2729217494119507 0.2792820634064089 0.28448956317673885 0.28831186428494116 0.290534447153934 0.2909665550918693 0.2894458950950576 0.2858417247882432 0.28005600074990367 0.27202239967269354 0.2617031916425003 0.24908412851611864 0.2341676922545001 0.21696521038827854 0.1974884725630252 0.1757415597084916 0.15171361743430287 0.12537326279859826 0.09636855525098624 0.06526100720565432 0.03160415574835015 -0.004725730211756532 -0.04386070220596917 -0.08593113310921904 -0.1310542619475078 -0.1793219796551794 -0.23078863776744366 -0.28545968717678827 -0.34328191680815834 -0.4041359656064599 -0.46783163731090577 -0.5341063672409797 -0.6026269931819376 -0.6729947808805248 -0.744753467210392 -0.8173999206563248 -0.8903968919085418 -0.9631872423508228 -1.0352090007369148 -1.1059106095072095 -1.174765785109251 -1.2412875319764558 -1.3050410281972322 -1.3656553607462047 -1.4228344779826958 -1.4763683482425782 -1.5261463933645654 -1.5721773114798898 -1.614623619892297 -1.653868666895366 -1.6906567059835695 -1.7264072979673504 -1.763983926629904 -1.8097869471310633 -1.8802090647656393 -2.0227761404475757 -2.3305141430095966 -2.4355497987109893 -1.0671795968904951 -0.31848764010187797 -0.1661084372931232 -0.10341661486085928 -0.07173878557304576 -0.05373151607246402 -0.042675877838257846 -0.03552289267491377 -0.030725867737154564 -0.027430421912459764 -0.02513096866600483 -0.023510497471723013 -0.02236019402343149 -0.021536837626452393 -0.020939326228563104 -0.02049540568847512 -0.020154001606273165 -0.01988058308614055 -0.019654008396108445 -0.01946388559183514 -0.019307896502554617 -0.019188895249387973 -0.019111919735585355
-0.017510687547728294 -0.017533489372789375 -0.017611044273143923 -0.017738838148183524 -0.017910872440412708 -0.01812208254559146 -0.018371105350878984 -0.01866304116356891 -0.019012042450266685 -0.019443825048013095 -0.019998499068455525 -0.020734463282859522 -0.021734577978252446 -0.02311662204371015 -0.025051566394478364 -0.027796373835429967 -0.03175504736369203 -0.037598154145633035 -0.04651317733976746 -0.060777198674538124 -0.08522882863682969 -0.13172016357546504 -0.23662285978026978 -0.5937571604677896 -3.2306192787701873 -2.4284302244175144 -2.11050754242182 -1.9288126793935476 -1.8461360019947768 -1.796705707114803 -1.758379784341722 -1.7230334956958868 -1.6872246220412084 -1.6493233769061468 -1.608507558308953 -1.5643657029101785 -1.5167243275311402 -1.4655664027403714 -1.4109897520724988 -1.3531836416366192 -1.292413624665685 -1.2290098338126143 -1.1633563289932625 -1.0958803430867148 -1.027040951843446 -0.9573171058488146 -0.8871952233457923 -0.8171567120334663 -0.74766588957758 -0.6791588198832395 -0.6120335800401475 -0.5466424242272303 -0.4832862225954883 -0.4222114286250523 -0.3636096780905992 -0.3076199569235843 -0.2543331065336743 -0.20379827753058616 -0.1560308103094119 -0.11102092519752944 -0.06874255564089944 -0.029161660635515004 0.0077565916616819785 0.04204227142745912 0.07371712067076025 0.10226167507305822 0.1287795627781496 0.15272050149651065 0.1740748389823624 0.19283395103012824 0.20899656363263314 0.22257530919946225 0.23360292420428497 0.24213753753026143 0.24826658471223675 0.25210900486024224 0.25381552419839076 0.25356699017772677 0.25157087865907557 0.24805623967951143 0.24326746155474888 0.23745730753554692 0.23087970677849706 0.2237827590450598 0.21640234197567293 0.20895659648507559 0.20164141626875867 0.19462688500883013 0.18805438084704676 0.18203376478724154 0.1766395856415633 0.17190431265275471 0.16780459917461196 0.16423175689504937 0.1609250409926088 0.15731096380288576 0.1520867163005082 0.14209002962038653 0.11970477603673865 0.07475309599225152 0.039188208312132766 0.0730676470074701 0.11722209980384207 0.13914828565569648 0.14881314704726584 0.15383796159838922 0.15740082270278744 0.16080378877679186 0.16460627182899915 0.16904576992604778 0.17420145174830637 0.1800631175899573 0.18656273637085372 0.19359011026822495 0.20100149941024548 0.20862515265701048 0.216265660604675 0.22370812528575967 0.2307226695196808 0.23706952548430874 0.24250474034483896 0.24678637595531702 0.2496809486555095 0.25096975590839143 0.25045467556119205 0.2479630070825662 0.24335095527348227 0.23650543468367086 0.22734399091252394 0.2158127825869825 0.20188273190305062 0.18554411577018098 0.16680001870147068 0.145659187227281 0.12212890233574275 0.09620851224732985 0.06759394935024865 0.03687262241156401 0.0036737794375150765 -0.0320713610043454 -0.07044328074861755 -0.11152787462961049 -0.15540836584599463 -0.20215589009213844 -0.2518193320407631 -0.3044150747958592 -0.3599173498528215 -0.41824985043958707 -0.47927919569327554 -0.542810717749136 -0.6085868964646706 -0.676288602770538 -0.7455391437932155 -0.8159109424326682 -0.8869345449152058 -0.958109537423048 -1.0289168763952077 -1.0988321003176893 -1.1673388964551332 -1.2339425486356612 -1.2981828948476672 -1.3596465906420057 -1.4179787296443727 -1.4728942758414496 -1.5241904370359602 -1.5717623323463086 -1.6156267087490763 -1.6559635695066601 -1.6931973315179576 -1.7281685756801146 -1.762528602758588 -1.799738611384654 -1.8479223436518555 -1.9291297652555264 -2.1085769810813773 -2.421615172200167 -3.2237072249329097 -0.5896312454075754 -0.23554039964021134 -0.1312046540079611 -0.08491623507799148 -0.06056244694072856 -0.04635573468583071 -0.03747924264197383 -0.03166473857938378 -0.027728863627397148 -0.02500318102168027 -0.023084862698988365 -0.021717593420059744 -0.02073070860450965 -0.02000648333191681 -0.01946191522386717 -0.01903832216986537 -0.018695236268593454 -0.018406589800013088 -0.018157971105145325 -0.017944193721060146 -0.017766766871829896 -0.01763115913553272 -0.017544016103019706
-0.015924746834637495 -0.0159528284919883 -0.01604393289852835 -0.016192692122749312 -0.0163915924461154 -0.01663321001996378 -0.01691280111840893 -0.017230919438101372 -0.01759587892557048 -0.018026096165475992 -0.018552599126184847 -0.0192222785703211 -0.020102838363084918 -0.0212910117254711 -0.022926752665704927 -0.025218438469317674 -0.028489150343689148 -0.03326567612994606 -0.040460616637337646 -0.05177647823479061 -0.07070326456619812 -0.10536829160725175 -0.17869591514686298 -0.38514446623130844 -3.2807994778073266 -2.4239515999691013 -2.2200061508177615 -1.9874086799057809 -1.8874648979631932 -1.8335950317267402 -1.794871178423826 -1.7605912512779573 -1.726458169574747 -1.6905199946326888 -1.6518214392340809 -1.609892835507492 -1.5645340299449557 -1.515714220617703 -1.463521356100097 -1.4081339377551654 -1.3498031853229766 -1.288839890898862 -1.225603189856329 -1.1604899067256644 -1.0939238925208745 -1.0263452015695045 -0.9581992152429457 -0.8899259764982866 -0.8219500892178346 -0.7546715727216806 -0.6884580557973872 -0.6236386500600792 -0.560499764795774 -0.4992830217791994 -0.44018530487518853 -0.3833608465029472 -0.32892512008515884 -0.2769601869729671 -0.22752104766966097 -0.18064248054511034 -0.1363458234742614 -0.09464516840550635 -0.055552496341552356 -0.01908137630391194 0.014751019821728653 0.04592368560060411 0.07441327157936768 0.09984027255323916 0.12296909845876589 0.14337515118704883 0.16105841078617938 0.17603800531620067 0.18835720113321236 0.19808738898373685 0.20533069293795003 0.21022094363630417 0.21292289169695522 0.21362968008425828 0.21255873298579528 0.20994634120703506 0.20604131895100783 0.2010981652606353 0.19537018046092225 0.18910296231860016 0.18252864168857771 0.17586112027678139 0.16929245315943287 0.16299038583869047 0.15709691660377578 0.1517276088535925 0.14697120714671796 0.14288885996982215 0.13951177225566916 0.13683497267374647 0.13480169738844192 0.13326250938757342 0.1318540424403182 0.1295802263397152 0.12334434645286396 0.10628937724986019 0.08945192758674102 0.10477831703150155 0.12123055799676481 0.12715882916005497 0.12921678300247472 0.13051472000879444 0.1320659450223512 0.1342327679200317 0.13715051252442637 0.14085345233809893 0.1453186914684014 0.15048398719052225 0.1562558843193118 0.16251383448582774 0.1691126408020671 0.17588436759864334 0.18264035372589288 0.18917371700103502 0.19526257761289534 0.2006740991223545 0.2051693255566326 0.20850867825466818 0.2104578714970835 0.2107939204377458 0.2093108579972136 0.20582475695972416 0.20017767409352843 0.19224019470968617 0.18191235450062387 0.16912284209486736 0.15382652909000777 0.1360005206410799 0.11563905488071292 0.09274769069976532 0.0670670351252179 0.03916004040286343 0.008761639795040157 -0.024135374635897544 -0.05954840051252175 -0.09750424804381282 -0.13803646564809488 -0.1811808709933158 -0.22696952477017093 -0.27542350895737566 -0.3265449734083788 -0.3803089833431849 -0.43665572972448413 -0.4954836510912469 -0.5566439623777065 -0.6199369990848994 -0.6851106719266233 -0.7518611992053101 -0.8198361500936187 -0.8886397035956974 -0.9578399126270998 -1.0269776688042558 -1.0955769967871185 -1.163156272090535 -1.229239958027864 -1.2933704992269517 -1.3551201008436349 -1.4141022787396633 -1.469983320411591 -1.5224942225069533 -1.5714444210318386 -1.6167400498243967 -1.6584123536191593 -1.6966682230038275 -1.7319898797823277 -1.765349795878999 -1.798718974038502 -1.8364080916462435 -1.8891021963118635 -1.9875654028311365 -2.217426686385473 -2.416540951127225 -3.2405132701364185 -0.3831667602815838 -0.17801391479547232 -0.10501050727808088 -0.07047506296523981 -0.05161552911147153 -0.04034138153222563 -0.0331757198605577 -0.028421538958836323 -0.02516886520142903 -0.022892312694694956 -0.02126961631059257 -0.020092888851242826 -0.019222445327578833 -0.018561643455697753 -0.018042717544096375 -0.01761859268533284 -0.017257980288327847 -0.016942188930441023 -0.016662687745336798 -0.01641883437632856 -0.01621546694300596 -0.01606031387240393 -0.015961395814568652
-0.014345500443257789 -0.014379238923999447 -0.014485000566934025 -0.014656680274213093 -0.014885467655522008 -0.015161920189163947 -0.015478391749026703 -0.0158315155962276 -0.01622455443215831 -0.016669606261350226 -0.017189866721720102 -0.017822391214589 -0.018622109113987408 -0.019668317810853844 -0.021075743559910428 -0.023013964691441034 -0.025742611281824312 -0.0296778940140756 -0.03552566946447016 -0.044568126532761335 -0.0593445724459722 -0.08549442987080554 -0.13779303857081743 -0.2678094996394977 -0.9261059044288739 -2.4129934924760343 -2.3433378433983685 -2.061317407730139 -1.9340848270989361 -1.8725755826540207 -1.8322891016612657 -1.7985640488903774 -1.765852014624192 -1.73174625948282 -1.6951065873066302 -1.6553815906549114 -1.6123319657315824 -1.565905375041895 -1.5161742864790704 -1.4633018764315961 -1.4075210095567705 -1.3491194222683884 -1.288427819577192 -1.2258092955419124 -1.16164935241916 -1.096346259127192 -1.0303017522973734 -0.9639122314340812 -0.8975606781273635 -0.8316095575537591 -0.7663949522679401 -0.7022221386971423 -0.6393627534195252 -0.5780536141654912 -0.5184971660910974 -0.4608634251212405 -0.4052931941823613 -0.3519022438207922 -0.3007860836280115 -0.25202491152164186 -0.2056883192089042 -0.16183935642372196 -0.12053761309926171 -0.08184106370126254 -0.045806526261687214 -0.012488710546246624 0.018062043474313515 0.04580311630470721 0.07070372661402441 0.09258889575204261 0.11185175304812936 0.12829270624627875 0.14196526905691748 0.1529537801774261 0.16137468629933066 0.16737627077079417 0.17113677674592065 0.17286099990104148 0.17277554537990117 0.17112304547124904 0.16815570985688583 0.16412862196158112 0.15929319986140972 0.15389120893673974 0.14814965050058357 0.14227676476465898 0.1364592894860167 0.13086102261275329 0.1256226676464958 0.12086292251333115 0.11668085776000212 0.11315992936671754 0.11037475631703561 0.10840375502903993 0.10735563609212917 0.10742977328614402 0.10905448921568799 0.113139860174554 0.12091846506565518 0.12995492536914488 0.13190764181157486 0.12872094603536002 0.11928167102810162 0.11133223996288406 0.10713538854070029 0.10547759480980422 0.10546485383845168 0.10666701094721665 0.10887121360869556 0.11194823518800938 0.11579490310683328 0.12030959126524715 0.12538125553965024 0.13088417808015537 0.13667535878096315 0.1425933976673948 0.14845847823795272 0.15407336111175043 0.1592253915757521 0.16368952040413914 0.16723228284684943 0.16961660205121193 0.17060719850010334 0.16997631054627263 0.1675093751409943 0.16301029107813372 0.15630589539037998 0.14724932814600458 0.13572203923731152 0.12163429602765034 0.10492417333990844 0.08555513600090493 0.06332127090197617 0.0385923501227952 0.011221385163177017 -0.01877088410962146 -0.05136122036367005 -0.08652690201876259 -0.12424751187518537 -0.16450531659435721 -0.2072841575539526 -0.25256688780153913 -0.30033150243948237 -0.3505462156007881 -0.4031638235306539 -0.4581157551184714 -0.5153062423761104 -0.5746070417755551 -0.6358531062095456 -0.6988395480668048 -0.7633201560349828 -0.8290076354081372 -0.8955756442421674 -0.9626626007313797 -1.0298771492128675 -1.0968050973096872 -1.163017581996824 -1.228080190957183 -1.2915627640996568 -1.353049632921172 -1.4121501369134593 -1.4685094037106226 -1.5218196406847413 -1.5718326461442578 -1.618375107381865 -1.6613699448975336 -1.7008705313137744 -1.7371227009593513 -1.7706893196394893 -1.8027256240155307 -1.835653716436996 -1.875028153996798 -1.9354703714791752 -2.0612020815980734 -2.3398250803059146 -2.407109205292651 -0.9195187338908365 -0.2667967468069661 -0.13737421416477313 -0.08525628482727718 -0.05918605324552258 -0.04445401746764775 -0.03544071319502225 -0.029614254889712508 -0.02569564229486171 -0.022980573512070283 -0.021053699849120602 -0.019655929369293883 -0.01861804234212626 -0.01782554153160928 -0.017199241785269728 -0.01668421406883177 -0.016243304445264364 -0.01585314859844245 -0.015501454620699996 -0.015184796357194184 -0.014906464146375498 -0.014674160708320451 -0.014497542929838328 -0.014385790359303288
-0.012791905330605242 -0.012831382852371323 -0.012952249327834415 -0.01314778898281483 -0.013408116151165874 -0.013722100803281309 -0.01407964638357842 -0.014474045089185227 -0.014904223398649604 -0.015376834391494999 -0.015908330971648916 -0.016527358111862425 -0.017278055545829837 -0.01822523607504909 -0.019463055664185696 -0.021130052653484447 -0.023436047236926653 -0.02671213851997938 -0.03150854288508271 -0.038799492078044964 -0.050452077567568865 -0.07043308755282471 -0.10847494437044697 -0.19461277134858387 -0.48655088932129686 -3.9803409276349067 -2.419001391721427 -2.158097327227472 -1.9892691699168794 -1.915060647924177 -1.8714692561112685 -1.8375625499384378 -1.8059011199912463 -1.7734204815300068 -1.7387200954854702 -1.7011342115822208 -1.6603680148220852 -1.6163380916061907 -1.5690950231764953 -1.5187818311061139 -1.4656090736788878 -1.40983803640568 -1.3517680052833518 -1.2917256966358193 -1.2300559336514294 -1.1671131807338528 -1.1032538218875831 -1.038829214184053 -0.9741796173155379 -0.909629122784619 -0.84548169700459 -0.7820184210466946 -0.7194959611227485 -0.6581462453103992 -0.5981772571234387 -0.5397747922699329 -0.48310496502893513 -0.4283172021887361 -0.3755474288147065 -0.32492113662850436 -0.2765560337324268 -0.23056400678606095 -0.18705218040085755 -0.14612293274931293 -0.10787281459700361 -0.07239041611729585 -0.03975332308224246 -0.010024393841824733 0.01675233835672243 0.040555784297411634 0.061391568209256266 0.07927594268571492 0.09435348730839162 0.10665495200368624 0.11631056539549497 0.12348251271510735 0.12836196594764257 0.13116478807779583 0.13212614435731493 0.13149433526871493 0.12952422223918708 0.12647064194214913 0.122582197132831 0.11809577320735754 0.11323206591315486 0.10819232651508216 0.10315644993747307 0.09828246796058789 0.09370749174293005 0.089550225881208 0.08591545230581338 0.08290159397957023 0.08061420934836615 0.07919261062510316 0.0788680766190697 0.0801023767499704 0.08393415050946346 0.09280689162431557 0.11172627108713196 0.14315892287649531 0.1624103982630589 0.14226734960834025 0.11061054366754722 0.09162687734137837 0.08272375951797938 0.07891577438863416 0.07777207733600884 0.07825124046828259 0.07987940088494061 0.08240785361280391 0.08567685455777271 0.08955903305803561 0.09393411740641011 0.09867664612737274 0.10364949916791738 0.10870038004394451 0.11366010656224727 0.11834227937050357 0.12254418077726376 0.12604884456377602 0.12862823116389327 0.130047390083361 0.13006942003629351 0.1284609657728698 0.12499793235678514 0.11947106287955339 0.11169102066908224 0.10149264431267789 0.08873810230501276 0.0732752264238318 0.05507034511144417 0.03408140867029434 0.010286228458952733 -0.016314781850427538 -0.04570222258494544 -0.07784154145473317 -0.11268673620215977 -0.15018360099178238 -0.1902722387677378 -0.23288862978581748 -0.27796512908156057 -0.32542985675351754 -0.37520503614435535 -0.4272044215817082 -0.48133002951258075 -0.5374684423949753 -0.595486987298322 -0.65523010267616 -0.7165161951443119 -0.7791352587012731 -0.8428474831671517 -0.9073830230480097 -0.97244303539776 -1.0377020316305734 -1.1028115271547179 -1.1674049193286102 -1.2311034817132525 -1.2935233371125279 -1.3542832679412908 -1.413013249088504 -1.4693636612642968 -1.5230152874475458 -1.5736904702624026 -1.621166325391322 -1.6652919186675046 -1.7060133922671097 -1.7434155580210957 -1.7777990897717755 -1.8098394351989997 -1.8409492070336242 -1.8742035594436475 -1.9170388505011555 -1.990316505514812 -2.1575823731284527 -2.4147607522577594 -3.9776476799728413 -0.48456525189295985 -0.19409063399478368 -0.10822770766117788 -0.07028273743142577 -0.05034848569916021 -0.03872390685780495 -0.03145238745977385 -0.026670738028391195 -0.023406425205335108 -0.021110074614278468 -0.019451076498112445 -0.018219944603161196 -0.017278390778276434 -0.016532442898358778 -0.015917402204971353 -0.015389167356200516 -0.01491905858704801 -0.014490530976351227 -0.014096811888515056 -0.013738866941866955 -0.013423348997352157 -0.01316038718580124 -0.012961251433339548 -0.012836074481478268
-0.011280122098576362 -0.011325189628050712 -0.01146106967643842 -0.01168056909074407 -0.011972949366477451 -0.012325714708877797 -0.012726746320639512 -0.013166533385328201 -0.013640318420169226 -0.014150091690457733 -0.014706517870673577 -0.015331050107611705 -0.01605869589667779 -0.01694219619237584 -0.018058876954917636 -0.019522370140107964 -0.02150330093345752 -0.02426712072882067 -0.02824661045345803 -0.03418966980781278 -0.043485795227970366 -0.058967803175789216 -0.08718815500460411 -0.14646726815908007 -0.31032627001737517 -1.8621924537528023 -2.3715659277812358 -2.2808922609318305 -2.0581051771074335 -1.9630759360690748 -1.9134975753802175 -1.8783367692861181 -1.8471981801193795 -1.816039153414265 -1.7830858502398368 -1.747511798912689 -1.708944644850886 -1.6672578385574197 -1.6224725399474031 -1.5747063652611404 -1.5241436154492694 -1.4710160172944342 -1.4155889510839934 -1.3581507733594311 -1.2990040810001482 -1.2384583694002982 -1.176823839270181 -1.114406255876583 -1.0515028296167472 -0.9883991069337902 -0.9253668530431138 -0.8626628842553442 -0.8005287767956579 -0.739191342555776 -0.6788637277959626 -0.6197469589612538 -0.5620317353758492 -0.5059002533086809 -0.4515278421544612 -0.39908420321345633 -0.34873406562195614 -0.30063711141653626 -0.2549470742613322 -0.21180997756362518 -0.17136154913242055 -0.13372392243852932 -0.09900180631410473 -0.06727836765038943 -0.03861111981584782 -0.013028136108703412 0.009475091953817405 0.028937860415353036 0.04543528998246603 0.059078044666868904 0.0700526011858244 0.07844900032001428 0.08450449730593457 0.08844545587103153 0.09051508386890092 0.0909668603154614 0.09005780611577166 0.08804197909828809 0.08516455331472152 0.08165679490804154 0.07773218017415076 0.07358382499960159 0.06938332395382116 0.06528105273372097 0.061408003178794295 0.05787935879042302 0.05480041527799659 0.05227642248353906 0.05043027544122227 0.04943787431172914 0.04960651742027644 0.05156470232755268 0.05675155293645264 0.06867127783623626 0.09519189028207632 0.14342246047436252 0.17674865521275956 0.1428913624836598 0.09457195889699313 0.06805265357106428 0.05615190215590092 0.05101856359487581 0.04915609279871937 0.04912177330329336 0.05027716350514058 0.052301550650438185 0.05500380858565452 0.05824516398346928 0.06190479358322879 0.0658629858646082 0.06999206475060205 0.07415113460170983 0.07818304787927884 0.08191296907527959 0.08514831014518626 0.08767995855278735 0.08928474260179517 0.08972904183790882 0.08877338602782046 0.08617781578412433 0.08170771497789145 0.07513978115747118 0.06626778140572757 0.054952223472962344 0.04090788418746217 0.024095176135822995 0.004420251235924511 -0.01817892011297088 -0.04373314857529099 -0.07224370246186429 -0.10368485755714438 -0.1380070589279521 -0.17514040267579375 -0.21499814144766796 -0.2574799394092732 -0.3024746446475194 -0.34986240458670365 -0.39951601731774555 -0.4513014812630943 -0.5050777730683648 -0.560695943441037 -0.6179976692479789 -0.6768134368246779 -0.7369605535943381 -0.7982411945701261 -0.8604406882558993 -0.923326233216984 -0.9866462160306593 -1.0501302735002065 -1.1134902108514377 -1.1764218538802869 -1.2386078810703385 -1.299721653429288 -1.3594320406367681 -1.4174092384654025 -1.4733315949348416 -1.5268935309076817 -1.577814789539231 -1.6258515528070092 -1.6708105663254231 -1.7125686501450856 -1.751102601510024 -1.7865404263554927 -1.819259196487721 -1.8500927464495875 -1.8808234410827063 -1.9154994412894488 -1.9645031459285613 -2.0587581382000684 -2.279889961657746 -2.3680507254198018 -1.8505311814907819 -0.30958185348894995 -0.14620720020097716 -0.08705111067751403 -0.05887983160162814 -0.043423704694991246 -0.03414421939833552 -0.02821332395489798 -0.024243383535703662 -0.021487310250870105 -0.019512730858646115 -0.01805444556111339 -0.016942020604240528 -0.016061986067160482 -0.015337150414397337 -0.01471487056033564 -0.01416019134947405 -0.013651664082388364 -0.013178588068249498 -0.0127389138642972 -0.012337340944540207 -0.011983349721463674 -0.011689078873463576 -0.01146710796281542 -0.011328324189936262
-0.009823584908867481 -0.00987392427800202 -0.010024302141026181 -0.01026718370234146 -0.010591197470130279 -0.010982792372163179 -0.011428232613552788 -0.011915705331709048 -0.012437367099454071 -0.012991250190340538 -0.013583073398577993 -0.014228147245300771 -0.014953737601770208 -0.015802490381037364 -0.016837905008039895 -0.01815354812838318 -0.01988909149065311 -0.022259182452795203 -0.025607678932346264 -0.030515401870089342 -0.03803040340346571 -0.0502091842051607 -0.07156242884050502 -0.11370077475880626 -0.21578477852483205 -0.6519345862792969 -2.6368073330230595 -2.397840798955972 -2.1480382587012135 -2.019642223822979 -1.9598239140630094 -1.9218154792603164 -1.8904506133270105 -1.8601861656959198 -1.8287007639109056 -1.7949393919067123 -1.758421662818409 -1.7189621855544444 -1.6765435417078536 -1.6312520366654673 -1.5832416398723468 -1.5327116239383842 -1.479891422699269 -1.4250296654675347 -1.3683859069000095 -1.310224307481102 -1.250808870806539 -1.1904000064121532 -1.129252254910087 -1.0676130320347794 -1.0057222448414427 -0.9438126201872786 -0.8821105701128517 -0.8208374067309444 -0.7602107118284928 -0.7004456665142252 -0.6417561540853878 -0.584355464948962 -0.5284564567204315 -0.4742710531442904 -0.4220090040275303 -0.3718758719429078 -0.3240702601811565 -0.2787803486398366 -0.23617985805466757 -0.19642361540564873 -0.15964294157300293 -0.1259411211560324 -0.09538923974189788 -0.06802268049356562 -0.04383855609685881 -0.02279431113696126 -0.0048076648818148595 0.010242020855119122 0.02251096299637521 0.03218688251758879 0.03948384062125781 0.04462328326116168 0.047862550511243815 0.049462330356613106 0.04968149027238672 0.048773013444744245 0.04697830609744348 0.04452256401604885 0.04161140411068605 0.03842889025755003 0.03513701522642706 0.031876664401782655 0.02877011674489127 0.02592530148400517 0.023442471414600922 0.02142502369543936 0.019998787021625598 0.01935061910022974 0.019814578358597734 0.022083121693757337 0.02776321835875554 0.040862226701967076 0.07087148470991464 0.12846906547957243 0.1708122411051738 0.12826359953836608 0.0706542544829755 0.040666164440827976 0.027599200182926664 0.021971711099474434 0.019778477567268873 0.019408649670287235 0.020162706410334987 0.021697859078947484 0.02381773872330227 0.026386867992183236 0.029292609932701184 0.032426372223985936 0.03567322654433143 0.03890561390295137 0.04197939099870447 0.04473154371053889 0.04697933932186293 0.048520856585410124 0.049136867210436454 0.04859401082529355 0.04664914241431254 0.04305465800400473 0.03767682138576592 0.030024945889774356 0.020015178173717365 0.007446752631901599 -0.007855282566317975 -0.026035545617591756 -0.04720488388434291 -0.07143817901662707 -0.0987734638690364 -0.12921232596534793 -0.16272148410726942 -0.19923535157754263 -0.23865934803453606 -0.28087369490770325 -0.32573742532932043 -0.37309235670461344 -0.422766805839964 -0.4745788700318954 -0.5283391453256217 -0.5838528028623333 -0.6409209917717722 -0.6993415814057273 -0.7589092947812404 -0.8194153199823779 -0.8806465147733359 -0.9423843440659456 -1.0044037076276469 -1.0664718272897817 -1.1283473693302355 -1.1897799764059855 -1.2505103773726296 -1.3102712322049694 -1.3687888557529724 -1.4257859532182322 -1.4809854987548672 -1.5341159101657014 -1.584917742428342 -1.6331522860903323 -1.678612808106439 -1.7211399079890204 -1.7606440225889126 -1.797141546536535 -1.8308190355616576 -1.862160026667267 -1.892224168651903 -1.9233376642708084 -1.9610446292602668 -2.0204911123573646 -2.148300896713535 -2.396557219637183 -2.6358606006446257 -0.6504362615429519 -0.21550551352835098 -0.11358264758203118 -0.0714946769968573 -0.050164079135709236 -0.03799840158826128 -0.030492436006394293 -0.025591633952400106 -0.022248715298161074 -0.019883194423560735 -0.01815138420501676 -0.016838750892304966 -0.01580572005787554 -0.014958817167109879 -0.01423462712972669 -0.013590573072571716 -0.012999435822251316 -0.012445926096132784 -0.011924323381567402 -0.011436578853007097 -0.010990516772032674 -0.01059794190295728 -0.010272604990214491 -0.01002810258609181 -0.009875883288724269
-0.008433082897445111 -0.0084882628912762 -0.008652303104902219 -0.008917460625250648 -0.009271943917687094 -0.009701443079167133 -0.010190987323358413 -0.010726928570422902 -0.011298888179552014 -0.011901580193850158 -0.012536527478051703 -0.013213809408972706 -0.013954125580504283 -0.014791653997824656 -0.015778483891056978 -0.01699193746542646 -0.018547126035899156 -0.02061920216115401 -0.023484372026680415 -0.027599427087612267 -0.033766496190514625 -0.04350484542102282 -0.05999062909319609 -0.09083923231532105 -0.15866044244107255 -0.3682656538333937 -3.8860954663271263 -2.407152140854426 -2.266045371502822 -2.0893918082510328 -2.012458159093072 -1.9691703413121235 -1.9365065852181191 -1.9065463011175656 -1.8761436194810144 -1.8439129610587963 -1.8092225031904228 -1.7718069390888371 -1.7315987613718262 -1.688646061259904 -1.6430680954864398 -1.5950288795760605 -1.5447202095594312 -1.492350143947002 -1.4381350179213084 -1.3822939941567325 -1.3250455841107531 -1.2666057664587373 -1.2071874068097221 -1.1470007080017166 -1.0862544229389204 -1.0251575597710854 -0.9639213102421199 -0.9027609415079729 -0.8418974107443915 -0.7815584901827277 -0.7219792279884071 -0.6634016143272933 -0.6060733704889921 -0.5502458300742271 -0.4961709323873008 -0.4440973973335811 -0.39426619810599073 -0.346905490983259 -0.3022252006285996 -0.26041149292103716 -0.22162139468767883 -0.18597783723138928 -0.1535654053910201 -0.12442706238884389 -0.09856208887773338 -0.07592542249162115 -0.05642851036314477 -0.03994169814013104 -0.026298080074437114 -0.015298636559084316 -0.00671839890557204 -0.00031331580239127635 0.0041725400460143 0.006999790707950518 0.008349327161725126 0.00862170900818588 0.007986946006011283 0.006663950664759164 0.00485009483792712 0.0027197210341123037 0.00042413488259447976 -0.0019069412846208656 -0.004162448705087841 -0.0062454511103205036 -0.008066405719996644 -0.009532679926822222 -0.010530315649777276 -0.010887864076359204 -0.010295431493977153 -0.008104178484559903 -0.002788778656529276 0.009535665362188535 0.03845522434039984 0.09630486596192098 0.1407595040821477 0.09633675704165845 0.03848816797789526 0.009565461233285059 -0.0027503707185449634 -0.008044894460205482 -0.010205665692671168 -0.010761282232376667 -0.010364095559162935 -0.009327640487434062 -0.007827023425272734 -0.0059797422999211085 -0.0038817053140123084 -0.0016253191679333704 0.0006901659583664916 0.0029520481397638356 0.005029728646954185 0.006771857916845379 0.008004913332677503 0.008533201595939038 0.008140305166110248 0.006706505832583723 0.003741270732763597 -0.0008872576420489961 -0.007435243681334897 -0.01615382953634292 -0.027282125251768388 -0.04104020107912038 -0.05762243963602706 -0.07719159762326434 -0.09987388819396224 -0.12575532910965165 -0.15487951562442745 -0.1872468810673327 -0.22281541258128496 -0.2615027036796582 -0.30318915659909496 -0.34772209892975003 -0.39492055204127735 -0.44458038044530374 -0.49647955932099586 -0.5503833161932734 -0.606048930577549 -0.663230007993703 -0.7216800817592184 -0.7811554364970051 -0.8414170902748136 -0.9022319187414204 -0.9633729527802741 -1.0246189286405218 -1.0857532174321216 -1.1465623023404004 -1.206834009249743 -1.2663557244401242 -1.3249128521775844 -1.3822877744823228 -1.438259577391669 -1.4926048058881234 -1.5450995136285477 -1.5955228987223835 -1.643662895393664 -1.6893242842714902 -1.732340314024048 -1.7725897594897726 -1.8100233813783448 -1.8447083813994696 -1.8769105861896942 -1.9072630881139172 -1.9371532853850586 -1.969728827985616 -2.0129097712529656 -2.089702693151071 -2.266063630912462 -2.4064598111884012 -3.880053631854042 -0.3679914605191974 -0.15857606264973662 -0.09079740566529723 -0.05996525259951819 -0.043488108055381725 -0.033755355902455625 -0.027592427389734688 -0.02348066029654961 -0.020618176326886138 -0.018548297472926384 -0.01699487822855883 -0.0157828089048977 -0.01479701712988252 -0.013960219632504725 -0.013220365280437124 -0.012543310630978112 -0.01190838442525327 -0.01130552789541778 -0.010733231343613966 -0.010196788582395061 -0.00970658430599817 -0.00927627492160649 -0.008920845496683392 -0.008654628554662858 -0.00848944710831521
-0.007116867578885421 -0.007176391212607277 -0.007353032426381721 -0.007638967243398248 -0.008022185906706319 -0.008487898949409637 -0.009020258238014594 -0.009604214824076175 -0.010227363409768563 -0.01088168413336752 -0.011565177605704316 -0.012283491952034906 -0.01305176328053188 -0.013897050430186093 -0.014861984473149542 -0.01601066436456836 -0.017438603017188387 -0.019290077693749744 -0.021789526831625015 -0.025301058503359335 -0.030448188028752186 -0.03837407332436466 -0.05136707000533425 -0.07458518128352835 -0.12187700956170526 -0.24402333290404093 -0.9258548572894832 -2.417986140221315 -2.3975297239427973 -2.1791944490901334 -2.0743027500319697 -2.0219202122624713 -1.9863938588756387 -1.9559238013658855 -1.9260865514478573 -1.8950081638767373 -1.8618418877720078 -1.8262134007182589 -1.7879901631142323 -1.747173667071184 -1.7038435175566622 -1.6581256010740595 -1.6101726025860796 -1.5601515643727824 -1.5082359358395043 -1.4546007905841354 -1.3994204406465116 -1.3428679209980496 -1.2851159167779287 -1.2263387404088633 -1.1667149782088693 -1.10643043471269 -1.0456810202697717 -0.984675256375475 -0.9236361156136856 -0.8628019674654286 -0.8024264642613316 -0.7427772713704334 -0.6841336163212084 -0.6267827004066621 -0.5710150803292581 -0.5171191819619738 -0.46537515458145895 -0.41604830985499175 -0.3693824158483038 -0.3255931342132611 -0.2848618969248971 -0.24733051772669884 -0.21309681971219568 -0.18221153229372025 -0.15467666476333153 -0.1304454994731306 -0.10942426630018023 -0.09147546556453535 -0.07642270689683102 -0.06405683503689749 -0.054143031417492826 -0.046428520881893726 -0.04065048337253755 -0.03654377383980566 -0.03384808678887185 -0.03231425918071538 -0.03170947648280143 -0.03182122089498133 -0.032459870717820534 -0.03352644931068921 -0.034729504488767056 -0.0360334179239085 -0.03734063986948011 -0.03856878530796368 -0.039644554117087595 -0.040494905744223764 -0.041032534949678436 -0.04112787888506635 -0.040546705922456364 -0.03879383773734981 -0.034685867596685155 -0.025136197983968066 -0.0022338180697380862 0.045286212056476136 0.08317544032567464 0.04541897059005297 -0.002147876646553599 -0.02511427737344684 -0.03471126513216894 -0.038857912934062384 -0.04064615935864917 -0.04126080089330258 -0.04119637009670714 -0.040685499141177514 -0.03985574727211669 -0.03879232627115421 -0.03756630343665979 -0.036249283428707604 -0.03492235781020467 -0.03368228159959607 -0.03258371277305944 -0.03188084713762338 -0.03169196370737895 -0.03220825973291367 -0.03364434303354468 -0.036235570037352456 -0.040234021429096656 -0.04590320863313581 -0.05351167292124704 -0.06332571279374434 -0.07560154605107733 -0.09057727158560319 -0.10846503094572296 -0.12944377503931434 -0.1536530130894615 -0.18118786284321547 -0.21209563837041545 -0.24637411522682365 -0.2839715114223057 -0.32478812686276803 -0.36867949999276683 -0.4154608736087154 -0.4649127130554148 -0.5167869889442378 -0.5708139204051076 -0.6267088723886387 -0.6841791077924598 -0.7429301133873557 -0.8026712458727691 -0.8631204823560692 -0.9240081074590553 -0.9850792269792189 -1.0460950637473645 -1.106833062098197 -1.1670858999185314 -1.2266595777156737 -1.2853708182055377 -1.3430440647411508 -1.3995084092600651 -1.4545948098775834 -1.5081339746522238 -1.5599552974453703 -1.6098872426630546 -1.657759611111046 -1.7034082173515184 -1.7466827521532917 -1.7874591570525422 -1.825659065688147 -1.8612816231564329 -1.894459432106818 -1.9255663901160474 -1.955448533054184 -1.985979265122438 -2.021582976569975 -2.074066239133464 -2.1791134782578387 -2.3977844300401494 -2.4184492794356838 -0.9262390370799324 -0.24403870052206764 -0.12187598637809684 -0.07458330972651933 -0.05136660080248851 -0.03837520114679664 -0.030450708661131965 -0.02530471564514625 -0.02179408985618646 -0.01929535314181762 -0.01744442866904416 -0.01601689946295113 -0.014868500441595243 -0.013903723745845288 -0.013058471199086073 -0.012290111232670643 -0.011571585914304773 -0.010887763419355417 -0.010233004262987599 -0.009609320763617707 -0.009024748939108955 -0.0084917118029166 -0.008025275627142036 -0.007641303782947259 -0.007354597760458398 -0.007177175838632455
-0.005880799815638994 -0.005944142015081013 -0.006132179660228583 -0.006437124864885174 -0.006846936609864937 -0.007346604847649983 -0.007919735722585914 -0.008550281727088894 -0.009224280515240536 -0.009931514195205198 -0.010667070884975987 -0.01143287656231156 -0.012239368668283545 -0.013107615280158764 -0.014072376723217013 -0.015186927309246723 -0.016531042297718686 -0.018224705630511758 -0.020452476483298947 -0.023508684707580264 -0.027885931823082123 -0.034460867389624866 -0.044920841267797926 -0.06286831729817177 -0.09720810974895729 -0.175817802862051 -0.4473965418487353 -4.013802969888124 -2.455674674926256 -2.2964760220281506 -2.1496620150604273 -2.0820997044961773 -2.0413768505277377 -2.0092664913683533 -1.9793085389582896 -1.9488901057174879 -1.916854198724755 -1.8826762189121606 -1.8461386270062907 -1.807185780759335 -1.7658518154917462 -1.7222213548121899 -1.6764065643374741 -1.6285332759486155 -1.5787327458780736 -1.5271372824474796 -1.4738787218665403 -1.4190890554661157 -1.362902647111051 -1.3054595327497833 -1.2469093175766472 -1.18741520788125 -1.12715774610582 -1.0663378643992867 -1.0051789346068476 -0.9439275687944879 -0.8828530107134691 -0.8222450495612769 -0.7624104780745684 -0.7036682024925665 -0.6463431867420416 -0.5907594749640099 -0.5372325823998605 -0.4860615755180275 -0.4375211780152248 -0.3918542429608548 -0.34926492360242223 -0.309912856787671 -0.27390864271802096 -0.24131086118761805 -0.2121248050574148 -0.1863030368889272 -0.16374778461845999 -0.14431509373947832 -0.12782055126611608 -0.11404630241307315 -0.10274900249964541 -0.09366829300788423 -0.08653536805505607 -0.0810812079715334 -0.07704409824785334 -0.07417611876547996 -0.07224837127919909 -0.07105480222083309 -0.07041456412528936 -0.07017293604646202 -0.07020088761729634 -0.07039341935774866 -0.07066683638255228 -0.07095509387915874 -0.07121622746086838 -0.07137463561173929 -0.07140664631260327 -0.07125055214301879 -0.07079877154611265 -0.06981999240235387 -0.06773780351569231 -0.0629717826129832 -0.05124171642576758 -0.025825654046388452 -0.0047853467378134945 -0.025765590731566496 -0.051324448862288076 -0.06320329905229721 -0.06809734711420844 -0.07029974315561524 -0.0713954736958644 -0.07195885598911804 -0.07221586176626213 -0.07226730107988624 -0.07216767810010702 -0.0719807372372654 -0.07168744838649228 -0.07136488444041546 -0.07107562809388289 -0.07090167435821032 -0.07094820876068406 -0.07134638067139791 -0.07225493606603327 -0.07386055773816565 -0.07637678750677118 -0.08004145420684687 -0.08511259444803744 -0.09186292807168547 -0.10057303437141384 -0.11152346326815751 -0.1249861005984035 -0.1412151770930009 -0.16043835760998668 -0.1828483623984573 -0.20859555286660456 -0.2377818624286585 -0.27045637420768015 -0.3066127503521205 -0.34618861269878565 -0.38906687012633956 -0.43507889161128427 -0.48400934114597244 -0.5356024224698328 -0.5895692296107063 -0.645595861536852 -0.703351935999345 -0.7624991274143541 -0.8226993586415023 -0.8836222961362163 -0.9449518343347312 -1.006391308918514 -1.0676672466605825 -1.1285315422817797 -1.1887620432870627 -1.2481616195457472 -1.3065558888480302 -1.3637898582775452 -1.4197238192459143 -1.474228897725027 -1.5271827082895857 -1.578465592339432 -1.6279579416242675 -1.6755391314714352 -1.7210886396343978 -1.764490061012056 -1.8056390521179118 -1.844456980925553 -1.880913731235108 -1.9150669506969782 -1.9471342611179558 -1.9776387190567475 -2.007734867445644 -2.0400340846315808 -2.08100173193874 -2.1489012519174047 -2.296345817249979 -2.4569902999891924 -4.017349265309406 -0.44789036262520315 -0.17591017900349631 -0.09724128774183576 -0.06288629815515667 -0.04493408761041085 -0.034472386406852094 -0.02789661909297355 -0.023518785733688263 -0.020462050482152196 -0.018233778965873495 -0.016539652104088188 -0.015195123669672038 -0.014080210334305307 -0.013115122796363366 -0.012246561710163171 -0.0114397370246778 -0.010673553001375546 -0.00993755215378841 -0.009229799385732729 -0.00855520901043046 -0.007924010987920563 -0.007350185639773771 -0.0068497998167330555 -0.006439263868292992 -0.006133598530560282 -0.005944848618111351
-0.004728545527500637 -0.004795182075506203 -0.004993340679684131 -0.005315374299908364 -0.005749379730531751 -0.006280362216837551 -0.006891685806080813 -0.007566674177795759 -0.008290240172250926 -0.009050459831653167 -0.009840063644623016 -0.010657889797994402 -0.01151043140381174 -0.012413720585435474 -0.013395949936196494 -0.01450148633909819 -0.015797385617199816 -0.01738438358047574 -0.01941609273054646 -0.02213388399078688 -0.025933480890853608 -0.03150033986628126 -0.04010792855152168 -0.054347911606460894 -0.08019563526746355 -0.13427794466468979 -0.2823414037454697 -1.3611524831090032 -2.425241995930429 -2.433589821299574 -2.2446802192385817 -2.152519721119799 -2.1030388980130117 -2.067695166692213 -2.0367091169363407 -2.006322306639753 -1.9749210846982201 -1.9417706888437372 -1.9065412444628278 -1.8691063821897886 -1.829447685269471 -1.7876049159564062 -1.743648228214052 -1.6976621557595826 -1.6497366582976287 -1.5999628526988554 -1.5484320856391176 -1.4952374551313246 -1.440477080862044 -1.384258504624509 -1.326703641403018 -1.2679537372623366 -1.2081738339206594 -1.1475563027340088 -1.0863230900990992 -1.024726410989853 -0.9630477328152645 -0.9015950012859277 -0.8406981677595664 -0.7807031778245943 -0.7219646665026 -0.66483767384844 -0.6096687426655847 -0.5567867867590661 -0.5064941267222319 -0.4590580819094194 -0.4147034854729107 -0.37360645537069836 -0.33588970932902884 -0.30161965350193176 -0.27080540330036695 -0.24339980954874732 -0.21930246646904702 -0.1983645744617381 -0.18039542773637907 -0.1651702040161579 -0.152438658935189 -0.14193427985934223 -0.13338343776762912 -0.12651409307655456 -0.12106365973833468 -0.1167857067551152 -0.11345526865051199 -0.11087263727055872 -0.10886560841419185 -0.10729025180545897 -0.10603035999056104 -0.1049958134456439 -0.10412018250789433 -0.10335798562077472 -0.10268216453955449 -0.10208257678805781 -0.10156677343905979 -0.10116475455294574 -0.10094512876553241 -0.1010529744268609 -0.10178296255275272 -0.10378269153237893 -0.10848488909916987 -0.11782209858969662 -0.12527496282218506 -0.11802863242286346 -0.10895848287777732 -0.10449768990120185 -0.10272095110208415 -0.10220659285398874 -0.10230623348348412 -0.10271779396247523 -0.10333220235663734 -0.10399036036808312 -0.10468099995528654 -0.10538519916413797 -0.10610356955105327 -0.10685599531942122 -0.10768353962026822 -0.10865124800839024 -0.10985104526428258 -0.11140416377568112 -0.11346268739797928 -0.11620989834555516 -0.11985920219767769 -0.12465148949235569 -0.13085087868994294 -0.13873887787212558 -0.1486071009191672 -0.1607487744285712 -0.17544936655009616 -0.1929767485601502 -0.21357135508647815 -0.23743683167452972 -0.26473164617919004 -0.2955620936778592 -0.3299770498063558 -0.36796473055871276 -0.40945160952908927 -0.454303532155783 -0.5023289607039223 -0.5532841862840321 -0.6068802598155265 -0.6627913226673877 -0.7206639610610719 -0.7801271665868262 -0.8408024597751065 -0.902313727519801 -0.9642963386482312 -1.0264051387307385 -1.0883209836833618 -1.1497555512573623 -1.2104542656698034 -1.2701972802195756 -1.328798576636866 -1.386103356595657 -1.4419840092135143 -1.4963350368926822 -1.5490674036571879 -1.6001028340858436 -1.6493686365200166 -1.6967936589434673 -1.7423060253205487 -1.785833379572236 -1.8273065547748664 -1.8666680342843611 -1.903887599378101 -1.9389899049403498 -1.972104228810295 -2.0035602580484237 -2.0340901454515166 -2.0653041828627847 -2.100961402950383 -2.1508625702963533 -2.2436734987960243 -2.4341154352881906 -2.427402799024654 -1.3673180926873258 -0.2827306483720382 -0.13438427805504177 -0.0802410970554579 -0.05437474240309876 -0.04012780179981596 -0.031516997988789534 -0.025948200768267073 -0.02214712820155105 -0.019428072353809955 -0.017395255190418606 -0.015807310567175766 -0.014510635249413822 -0.013404486838004477 -0.01242178296277016 -0.011518114284860048 -0.010665237696297911 -0.009847071183961961 -0.009057079842884652 -0.008296396731745476 -0.0075722774689486105 -0.006896645889236494 -0.006284599482883153 -0.005752830942077346 -0.005317994237263817 -0.004995100412363362 -0.00479606543511807
-0.003661823605339813 -0.003731253250907592 -0.003938249680874501 -0.004275397429213449 -0.004731080056337412 -0.005290528456972194 -0.0059371381959156325 -0.006653940176921033 -0.007425117609594215 -0.008237491151513164 -0.009081939941215984 -0.009954786123001989 -0.010859243990102511 -0.011807128284627565 -0.012821146678564547 -0.013938306530062707 -0.015215321971567233 -0.01673757201253631 -0.018634473246053985 -0.021106868071663704 -0.024478086240316544 -0.029294724099162783 -0.03654046418957378 -0.048134095173620085 -0.06824374917102258 -0.10743654255524006 -0.20034353736417052 -0.5574169118239108 -3.240915658244078 -2.5211268460359006 -2.3656621408369807 -2.237096411809671 -2.1733949502082166 -2.1325358259741907 -2.099318325214575 -2.0681712732186006 -2.0367954391712106 -2.004157331820866 -1.9697766162365216 -1.9334383473112187 -1.8950627843569607 -1.8546405988765118 -1.8121982571950186 -1.7677789122129521 -1.7214322041781043 -1.6732097371930281 -1.6231644598243755 -1.571352819458089 -1.5178388396681468 -1.4626993935010253 -1.4060300066833147 -1.347950574971209 -1.2886104366122244 -1.228192315846058 -1.1669147469713628 -1.10503269827767 -1.0428362356307617 -0.9806471909227618 -0.9188139229468439 -0.857704370862053 -0.7976976969728774 -0.7391748900813703 -0.6825087516984191 -0.6280537125843083 -0.5761359300601708 -0.5270440986487516 -0.4810213729663868 -0.438258754740844 -0.3988902364392297 -0.36298992319867057 -0.33057127209916753 -0.30158849366573276 -0.2759400572385037 -0.25347413553968023 -0.2339957201740108 -0.21727504910569645 -0.20305691668872322 -0.19107039443168222 -0.1810384802564548 -0.17268721760852426 -0.16575387961385096 -0.15999389498693625 -0.15518629136751108 -0.1511375424175527 -0.14768381866558344 -0.14469175494937134 -0.142057960723437 -0.13970762357282604 -0.1375927164148186 -0.1356905712679512 -0.134004049892482 -0.132565516442183 -0.1314490305559559 -0.13080060972450694 -0.1309108055874077 -0.1323943920267173 -0.13668433173715963 -0.1473717627074567 -0.17374932377030816 -0.23101551394421332 -0.27965031384528205 -0.2316814947257867 -0.17481067477244228 -0.14875779192024197 -0.1383904609843321 -0.13441594431919834 -0.13326361080659022 -0.13344110780744275 -0.13433078541980073 -0.13562404950970527 -0.13715821483585486 -0.13884472531229086 -0.14063959936793527 -0.14253183170281147 -0.1445398811276951 -0.1467118091068355 -0.1491268528162172 -0.15189719801268872 -0.15516919249673053 -0.1591235005796986 -0.16397386505759728 -0.16996427001630654 -0.17736441129175654 -0.1864634921135619 -0.19756247347474531 -0.21096501874186135 -0.22696747451109617 -0.24584831514283803 -0.26785753860552575 -0.2932065297140998 -0.32205889905167095 -0.35452276471135274 -0.3906448716988486 -0.43040684962243797 -0.4737238000151012 -0.5204452896286523 -0.5703587116473134 -0.6231948680560937 -0.6786355277231824 -0.7363226271889941 -0.7958687078993346 -0.8568681263509014 -0.9189085355362164 -0.9815821206366694 -1.0444960818075857 -1.107281894127616 -1.1696029389453135 -1.231160189370102 -1.2916957423390631 -1.350994112733935 -1.408881336938745 -1.4652220655732473 -1.519914951840325 -1.5728867563672844 -1.6240856876214045 -1.6734745745759618 -1.7210245289705246 -1.766709803931695 -1.8105046189016314 -1.8523828411272212 -1.8923216920342059 -1.9303112850303563 -1.9663732623388148 -2.000595170813557 -2.033195306159606 -2.06465338483326 -2.095999621034382 -2.1295307253214912 -2.1708266893400707 -2.235151269573728 -2.3648735330568353 -2.523221045686936 -3.2420259701449834 -0.5592097395154735 -0.2006427428577791 -0.10753801911922517 -0.06829203375264245 -0.04816389100864691 -0.03656255156961114 -0.029312893357428222 -0.024493778790856017 -0.021120698123532858 -0.018646778104146493 -0.01674861410607077 -0.015225353067250104 -0.01394757480587843 -0.01282988159042506 -0.011815520078263088 -0.010867426515034225 -0.009962827049494966 -0.00908983958594266 -0.008245189117235676 -0.007432505208128846 -0.006660876059604954 -0.005943464697398081 -0.0052960866461419405 -0.004735722251193449 -0.00427899666974236 -0.003940706271931155 -0.003732498873569856
-0.0026807043239436504 -0.0027524662524537878 -0.00296706517755275 -0.003317393034731553 -0.0037922474753906655 -0.004377268100411144 -0.005056123802268008 -0.005811853691555673 -0.0066282691163902984 -0.007491346157726174 -0.008390574635374253 -0.00932027900725407 -0.010280988460779256 -0.011281012540991021 -0.01233848788257797 -0.013484329513034224 -0.014766804552917154 -0.016258964683438074 -0.018071174911776202 -0.020373013145899937 -0.023433198166798945 -0.027696272124373797 -0.033939800864557466 -0.04362457979905636 -0.05976469109287837 -0.0894412892494611 -0.15296543681940525 -0.3363252793605606 -1.9714906135328665 -2.5006719579367744 -2.505943852108854 -2.340869653891984 -2.2550183308118825 -2.2053462109130098 -2.1682946778602883 -2.135399910571493 -2.1033165524328514 -2.0705798773343873 -2.036505311171737 -2.000765725246191 -1.9632092058414172 -1.9237724325999765 -1.8824363570038698 -1.8392026844868912 -1.7940817578420323 -1.7470873724026041 -1.698236164021528 -1.6475501375110908 -1.5950613123895334 -1.5408176476739461 -1.4848894999437818 -1.4273759362228688 -1.368410292049203 -1.3081644512860209 -1.2468514282535132 -1.1847259541794646 -1.1220829029582322 -1.0592535285185383 -0.9965996206207403 -0.9345058096234987 -0.8733703557094852 -0.8135948403969065 -0.755573231372 -0.6996808184239686 -0.6462635162216808 -0.5956280057890313 -0.5480331424093244 -0.5036829991830297 -0.46272184332483224 -0.42523126035028885 -0.3912295477406399 -0.3606733982307828 -0.3334617848578459 -0.3094418513484832 -0.288416509087187 -0.2701533536286978 -0.2543944482551586 -0.24086648415405892 -0.2292908224272102 -0.21939295063805522 -0.2109109459501138 -0.20360262178757554 -0.19725113961941482 -0.1916689850846789 -0.186700332179568 -0.18222194972205963 -0.1781429463940155 -0.17440382467242274 -0.17097556748921544 -0.1678599198965501 -0.16509289145893355 -0.16275536721783304 -0.16099904193861245 -0.1601066950035131 -0.1606349386982489 -0.16377261991306327 -0.17232184303901882 -0.1935270943128767 -0.24668754625130193 -0.3652175616284213 -0.4683944581784908 -0.3665103103721892 -0.2484829592923643 -0.19570520511665884 -0.1749070370821894 -0.16679743423353788 -0.16406212909331513 -0.1638913207135074 -0.1650712436687406 -0.16702278221653058 -0.16944332468993517 -0.1721646189093449 -0.17509316515789275 -0.17818488366711804 -0.1814349724288543 -0.18487470300267628 -0.18857124555143553 -0.19262848913792957 -0.19718769808006228 -0.20242729335696932 -0.20856130886970287 -0.21583625073679066 -0.2245262311589487 -0.23492637796629012 -0.247344644991872 -0.26209226606321157 -0.2794732025661172 -0.29977302304715236 -0.32324771668164637 -0.3501129733749808 -0.380534459939665 -0.41461958396655185 -0.45241116896702127 -0.49388337204097205 -0.5389400667317158 -0.5874157959754882 -0.6390792795649929 -0.6936393431269431 -0.7507530247289226 -0.810035514647457 -0.8710714961651974 -0.9334273861030904 -0.9966639249727242 -1.0603485449648675 -1.1240669512047659 -1.1874333902121714 -1.2500991485933883 -1.311758921935036 -1.3721548130523014 -1.4310778546646103 -1.4883670959420316 -1.543906438574172 -1.5976195483642728 -1.6494632961706355 -1.699420293008564 -1.7474911747828883 -1.7936873663201358 -1.8380251232144647 -1.88052174446041 -1.921195031637437 -1.9600674774986313 -1.9971775908806042 -2.032602876492535 -2.0665039343343916 -2.0992112852622813 -2.131408496093235 -2.164557254014785 -2.2020044451167315 -2.252242715449609 -2.338990734756541 -2.5061257165882145 -2.5038223253879033 -1.9889751695234978 -0.3372373564778675 -0.1532000355603936 -0.08953388608020858 -0.05981212177483884 -0.043654365042382126 -0.033961474490672126 -0.02771354996342191 -0.023447683861897446 -0.020385505335166528 -0.018082167698250596 -0.016268841690440624 -0.014775906154483416 -0.013492965408118361 -0.012346927222019702 -0.011289467419319488 -0.010289598970939872 -0.00932910391814887 -0.008399589270674414 -0.007500447404747577 -0.006637286526454578 -0.005820565137718323 -0.00506427405689 -0.004384588812419151 -0.003798477204035773 -0.003322296180742024 -0.0029704487448887983 -0.0027541934768001235
-0.0017839536157761566 -0.0018576421764195457 -0.0020787047322894815 -0.002440401287961442 -0.002932048572856686 -0.0035398495412172115 -0.004247955189433693 -0.00503967768290548 -0.00589877636943986 -0.006810754509813234 -0.0077641335883732255 -0.008751712485501849 -0.009771870787304175 -0.010830042563409336 -0.01194057929788725 -0.013129360195719983 -0.014437739286222702 -0.01592883097062563 -0.017697914065448364 -0.019890281450037045 -0.02273310483317874 -0.02659510461051022 -0.032105104014568175 -0.04040580824376975 -0.05375184933730286 -0.07711361745984593 -0.12336928206952721 -0.23650350615608368 -0.7184650835335866 -2.8864468751769206 -2.6081691753606475 -2.4676602071707388 -2.3510571730114886 -2.287909866567411 -2.244894404433878 -2.2090374140261115 -2.1753872841313915 -2.1418499244872806 -2.1074605922098963 -2.0717489264986044 -2.0344777513865804 -1.9955244417063396 -1.9548227662818838 -1.9123331738857987 -1.8680279228845145 -1.8218847878234574 -1.7738861629647265 -1.7240217317359006 -1.672293470364704 -1.618722027757776 -1.5633536602789995 -1.5062669882234334 -1.4475789237098529 -1.3874492140369132 -1.3260831571335152 -1.2637321758865847 -1.200692079473739 -1.1372989867888825 -1.0739230307786145 -1.010960094737356 -0.9488219448062573 -0.8879252105720646 -0.8286797238658093 -0.7714767526295775 -0.716677663588799 -0.6646035182604643 -0.6155260547218937 -0.5696604392638989 -0.5271600891446687 -0.48811377518109417 -0.4525451105899739 -0.4204144247460654 -0.39162290916396336 -0.3660188142624666 -0.34340537475395655 -0.32355005798769204 -0.30619466776772847 -0.2910658044535573 -0.2778851811263384 -0.2663793276826592 -0.2562882763597324 -0.2473729100513675 -0.23942076226838369 -0.2322501806708629 -0.22571289970734723 -0.21969521577822018 -0.21411813075308758 -0.20893706036688386 -0.20414206486953035 -0.19976021437026192 -0.19586302354676785 -0.19258478230185988 -0.19016439039683375 -0.18904037058237225 -0.19007510972925679 -0.1951211323915888 -0.20857689575919686 -0.24201304964455922 -0.326813877415566 -0.519726710652897 -0.6910622098615302 -0.5217626278282529 -0.32941677428778404 -0.24501924789789922 -0.21209093756201514 -0.19913204845594765 -0.19455962403630533 -0.19393629384575128 -0.19537856042407875 -0.1979978843589751 -0.2013337368595239 -0.20512961365251894 -0.2092385583872718 -0.21358187446725158 -0.2181312263662227 -0.22290145956276253 -0.22794828024023656 -0.2333678471869349 -0.239296665332379 -0.24591083697386626 -0.2534240969039464 -0.2620842936459805 -0.2721681547177669 -0.2839743224066963 -0.29781478080812845 -0.3140049184755351 -0.3328525804044941 -0.35464655275892354 -0.37964498770395166 -0.408064308308543 -0.44006913260863173 -0.47576372191704364 -0.5151853939851415 -0.5583002527325651 -0.6050014793058316 -0.6551103101362842 -0.7083797041668777 -0.7645005765586382 -0.8231103565196778 -0.8838035157738711 -0.9461436157202365 -1.0096763426593274 -1.0739429442227808 -1.138493453963163 -1.202899096624188 -1.266763306690374 -1.329730866204911 -1.391494770574448 -1.4518005585524518 -1.5104479871950949 -1.5672900870017454 -1.6222297887800912 -1.6752144642828823 -1.7262288607600877 -1.7752870305687347 -1.8224239590091382 -1.8676876819504216 -1.9111327778156701 -1.952816256808418 -1.9927971429927482 -2.031141643143282 -2.0679371434072102 -2.103321367099841 -2.137540387071881 -2.1710677105614002 -2.2048670002467587 -2.241031142958633 -2.2845228241454176 -2.34838642731485 -2.466315587139333 -2.610128174863379 -2.888191593416972 -0.7223321792335274 -0.2370802992464951 -0.12355990750687662 -0.07719818233541348 -0.053797427754259566 -0.04043430375466291 -0.032124981828716974 -0.026610064471559277 -0.022744972589428297 -0.019900099371834967 -0.017706382269670484 -0.01593648917179909 -0.014445036585770692 -0.013136674746077425 -0.011948216138249026 -0.01083822366649134 -0.009780724672031657 -0.008761267302945313 -0.007774315623520925 -0.006821392854629406 -0.005909613797296036 -0.005050387308367329 -0.004258162145684792 -0.003549156583306961 -0.002940064135379406 -0.002446768135983501 -0.0020831269937669466 -0.0018599083984932577
-0.0009694191425518242 -0.0010446969909387325 -0.0012712231978315022 -0.0016426716235614564 -0.002148960727115793 -0.002776982850574858 -0.003511546400345969 -0.004336464883546461 -0.005235727533931879 -0.00619469834485748 -0.007201313077539237 -0.008247276757550364 -0.00932930768579665 -0.010450531035643853 -0.011622203811424538 -0.012866070538931507 -0.014217840403526675 -0.01573261061878129 -0.017493678396562556 -0.019627384303161553 -0.022329083888949063 -0.025910654258278817 -0.030892223234078905 -0.03819161107514 -0.04955046311204804 -0.06860672740503226 -0.10405252103465165 -0.18153316080933787 -0.41725948545931335 -2.6211729833766735 -2.606055439919419 -2.6081549424551795 -2.4645798288995944 -2.382115933851195 -2.3303774417227356 -2.290103390029626 -2.253917500370565 -2.218806891649515 -2.183421155581634 -2.147106874222351 -2.1095267624405136 -2.070494058822922 -2.0298946882991435 -1.9876489633705359 -1.943692943845305 -1.8979705713680892 -1.8504322411445164 -1.8010374405282592 -1.7497599599657898 -1.6965945832803402 -1.641564360548397 -1.5847276848337948 -1.52618449080992 -1.46608099635891 -1.4046125264487161 -1.3420240941761035 -1.2786085609682474 -1.2147023513839563 -1.1506788474327785 -1.0869397267283536 -1.0239046273933519 -0.9619996157034579 -0.9016449941925374 -0.8432430162223163 -0.7871660699601715 -0.7337458610757639 -0.6832640665808037 -0.635944854973307 -0.5919495769251556 -0.5513738286408433 -0.5142469812795333 -0.4805341567977944 -0.45014051756572493 -0.4229176296914922 -0.3986715623905126 -0.3771723069616979 -0.358164042764493 -0.34137575014870497 -0.3265316733405193 -0.31336117095345023 -0.30160755464943073 -0.29103560523538247 -0.2814375646610225 -0.2726375282843251 -0.2644943042067597 -0.25690297042777743 -0.24979556561637759 -0.24314164144578077 -0.2369498855633048 -0.2312729218814445 -0.22621923311705452 -0.22198019992088056 -0.21888979685551896 -0.21755862670586246 -0.21918993513660873 -0.22638108488150427 -0.2453424678281084 -0.29252785894172606 -0.413499193797855 -0.6933252117216699 -0.946250767432411 -0.6961461092295387 -0.41689327365888373 -0.2963576539651518 -0.2496721273827224 -0.2312612819247443 -0.22459340872235226 -0.22340824531438877 -0.22507213236356416 -0.22835299698375094 -0.23261705264515906 -0.23751257854742655 -0.24283622125896379 -0.24847374222505775 -0.2543733400881241 -0.2605339174569309 -0.267000253462089 -0.2738611191864563 -0.2812482292280485 -0.28933483383255637 -0.29833324753342577 -0.30849090958612907 -0.32008478096518134 -0.33341404958375703 -0.34879125892197044 -0.36653210248705886 -0.38694423639587916 -0.41031555153242316 -0.4369024097001942 -0.4669183812708612 -0.5005240230646039 -0.5378182040094047 -0.5788314262547286 -0.6235215042407642 -0.6717718599079655 -0.7233925742471594 -0.7781242096861759 -0.8356442888979545 -0.8955761897169902 -0.9575000968016366 -1.020965545475106 -1.0855050069560932 -1.150647903822352 -1.2159344149668303 -1.2809284340878815 -1.3452290875536324 -1.4084802926799553 -1.470377945301948 -1.530674457751128 -1.5891805190896797 -1.6457641105062375 -1.7003469719652833 -1.7528988731126085 -1.8034301871950145 -1.8519833943805082 -1.8986242532391946 -1.9434334837525953 -1.9864999284056708 -2.027916357322373 -2.0677794854867892 -2.106196644952089 -2.1433035242433705 -2.1793019465170747 -2.2145377041421765 -2.249666981019844 -2.2860396696209926 -2.3266717591120045 -2.378969091207523 -2.4623461167356946 -2.607942346039615 -2.609256442239827 -2.6465720724409763 -0.4188818561725312 -0.1819422917825854 -0.10421390515706808 -0.06868536966744399 -0.04959438429779074 -0.03821854890123089 -0.0309098271057676 -0.025922679178178344 -0.022337625269435186 -0.019633773214255478 -0.017498863581049656 -0.01573732519445608 -0.01422267219488846 -0.012871487724053264 -0.011628560071184303 -0.0104580623307027 -0.009338127189806759 -0.008257371667530529 -0.007212545560523224 -0.006206812060868773 -0.005248360597042065 -0.004349169645199267 -0.00352381582961599 -0.0027882826161209095 -0.002158765262924814 -0.0016505016803359867 -0.0012766817739049154 -0.0010475002497745813
-0.00023445960730554324 -0.00031106958156780544 -0.0005422347660287326 -0.0009220744959999533 -0.0014411700930668232 -0.002087201412738239 -0.0028457767605946814 -0.003701403267102308 -0.004638544687980478 -0.005642722437547367 -0.006701633466772182 -0.007806285374648947 -0.00895218548601067 -0.010140669268964907 -0.011380521021780629 -0.012690140207622526 -0.014100667881270897 -0.015660763757600768 -0.01744422490969251 -0.019562589368376175 -0.02218677010386161 -0.02558577173359211 -0.030199520046065405 -0.03678449564008286 -0.04672811903204077 -0.06279785527432566 -0.09118152871255991 -0.14826029793161305 -0.2924884151698871 -0.9767638573091235 -2.7624313516532126 -2.713022399064076 -2.5952693197576258 -2.4894815794366 -2.4257778421677414 -2.3794467215844364 -2.339707317528623 -2.3022344376886545 -2.2651522810166447 -2.227576276208642 -2.189054435115647 -2.149333643867642 -2.1082541585187373 -2.065699641988188 -2.0215735849045124 -1.9757894495757558 -1.9282685714934673 -1.8789427158983634 -1.8277594564191535 -1.7746891230278106 -1.7197323475379227 -1.662927389932125 -1.6043565445484427 -1.5441510351521033 -1.4824939305198834 -1.419620749942607 -1.3558175780271913 -1.2914166638788895 -1.22678963359145 -1.1623385872107688 -1.0984854742753014 -1.0356602383846811 -0.9742882856383226 -0.9147778625121309 -0.8575079245470918 -0.8028170429662317 -0.7509938341574129 -0.7022693149548896 -0.6568114880271612 -0.6147223535393626 -0.5760374287803798 -0.5407277416725181 -0.508704150623279 -0.4798237380806333 -0.4538979323305807 -0.4307019383231242 -0.40998500809348776 -0.39148105821014606 -0.374919148167738 -0.360033369376504 -0.3465717581533015 -0.3343039332330524 -0.32302726809104043 -0.3125715360387397 -0.3028021153204376 -0.29362202195509723 -0.2849732767489592 -0.276838470892612 -0.26924400622580963 -0.2622676494451226 -0.25605544235603317 -0.2508583295541407 -0.2471114465598379 -0.24561094334527156 -0.24793082652449108 -0.2574838143202267 -0.2824761024738418 -0.34482155124337643 -0.5059668245140666 -0.8842861629048948 -1.2315959313730882 -0.8878402042451303 -0.5100368201673815 -0.3492678417377867 -0.28742358559104775 -0.2630061080347577 -0.25400010163153464 -0.25213961466909046 -0.25397150783094785 -0.25789140126439203 -0.2630797589862457 -0.26908432745106653 -0.27564340783178637 -0.2826068781662457 -0.2898998359371505 -0.2975058011891862 -0.30545906312475124 -0.31384110505953805 -0.3227784662686932 -0.3324405776381665 -0.3430367307240274 -0.35481170683989827 -0.3680398369402313 -0.38301744776705804 -0.40005380083074826 -0.4194607603376561 -0.4415415349947695 -0.46657892570687814 -0.4948235725060323 -0.5264827268251916 -0.5617100779146261 -0.6005971343183384 -0.6431666057680873 -0.689368150177213 -0.7390767500588774 -0.7920938669097929 -0.8481513963062262 -0.9069183163692287 -0.9680097918889543 -1.0309983740245334 -1.0954268251406354 -1.1608220084822247 -1.2267092192230415 -1.292626301941721 -1.3581369040071969 -1.422842256282102 -1.4863909492506964 -1.5484862822799972 -1.6088908984521972 -1.6674285713292962 -1.7239831741062837 -1.7784950278271754 -1.8309549862217074 -1.8813967629677888 -1.929888140460889 -1.9765218204152442 -2.021406799297027 -2.064661315076163 -2.1064086952684393 -2.146778018720443 -2.185912774126535 -2.2239935683121086 -2.2612876572192993 -2.2982546537110933 -2.335781541502052 -2.375745117856149 -2.4224814571111724 -2.4868332586375677 -2.5938135593632645 -2.714418617388686 -2.764990104786785 -0.9835609639144723 -0.2934164388052279 -0.14857401466158507 -0.09132348022377501 -0.06287257018465532 -0.046771002911581046 -0.0368101805230572 -0.03021501683955614 -0.02559491120722928 -0.02219191963401151 -0.019565378526238197 -0.017445869641605778 -0.015662214752406246 -0.014102677567953876 -0.012693290894863303 -0.011385234610433783 -0.010147209020133384 -0.00896065567201929 -0.00781663240069939 -0.006713650904925876 -0.00565606176159352 -0.004652732949188992 -0.003715868350988942 -0.002859880084698052 -0.0021002770052708907 -0.001452568004768415 -0.0009312055606292347 -0.0005486130811910354 -0.0003143488272039004
0.0004235689067251705 0.0003457934833682138 0.00011060803776804817 -0.0002765708711076762 -0.0008070286072981544 -0.0014693045588798988 -0.002249918387068885 -0.003134228910471913 -0.004107383613658334 -0.0051553232716522 -0.006265820220281905 -0.0074295505138056335 -0.00864123064694446 -0.009900891157864305 -0.011215417834555007 -0.012600578154244473 -0.014083888477285764 -0.015708910292679897 -0.017541978126762784 -0.019683134841178302 -0.02228456108044864 -0.025582890788904383 -0.02995856262459266 -0.0360511004333771 -0.04499905878416635 -0.05898524453162226 -0.08262786694712633 -0.1271632619256022 -0.22683638057425504 -0.5501511124481019 -2.9583358351849744 -2.722714570197077 -2.729012039072227 -2.6096510879851036 -2.5313871528402023 -2.4774308753303202 -2.4332273553817316 -2.3927033869287824 -2.3532936854440054 -2.3138321806212745 -2.273743103285838 -2.2327118117274747 -2.1905414458893415 -2.1470876110998005 -2.1022286662786627 -2.0558536352421495 -2.007859527809817 -1.9581539842770956 -1.90666097479086 -1.8533281114805087 -1.798134525102668 -1.7410984641649438 -1.6822839116146624 -1.6218056321792944 -1.5598321878653252 -1.496586596054557 -1.432344453800688 -1.3674295070433105 -1.3022067969615472 -1.237073658910591 -1.1724489731666323 -1.1087611644140494 -1.0464355131325236 -0.985881373114127 -0.9274798862033248 -0.8715727494797225 -0.8184525260167336 -0.7683549043070789 -0.7214532087954871 -0.677855351087429 -0.6376032941484989 -0.6006749843861773 -0.5669885946994413 -0.5364088194318316 -0.508754874857545 -0.4838097908804154 -0.4613305348816883 -0.44105849011494086 -0.42272981997202036 -0.40608528621357015 -0.39087915121050637 -0.37688688080790306 -0.3639114714377582 -0.35178835451839796 -0.34038898638202614 -0.3296234284482307 -0.3194424958296151 -0.3098404800763473 -0.3008602022470115 -0.29260359946729814 -0.28525405664097075 -0.2791233772295604 -0.2747521333615656 -0.27313246319252227 -0.27623339490946747 -0.28834161721962065 -0.3198144149059373 -0.39849347523480316 -0.603291331098555 -1.0903915032035851 -1.5437940420232623 -1.0945215771716916 -0.607822953773641 -0.4032999510833484 -0.3250907136203248 -0.2941846267654757 -0.2826184374272183 -0.27996759796472065 -0.28190258342368907 -0.28642373113926556 -0.29251626458102153 -0.29962375687049203 -0.30742518388118983 -0.3157347403610551 -0.32445504068920666 -0.3335548248349488 -0.3430582105187508 -0.35303925289106114 -0.363618604293713 -0.374960529742855 -0.38726929634671 -0.4007843915041706 -0.4157743050333446 -0.43252881135802246 -0.4513498459808995 -0.472541200580569 -0.49639736790171285 -0.5231919519010996 -0.5531661175646199 -0.5865175871314252 -0.6233906932440075 -0.6638679753304606 -0.707963754009386 -0.755620043443771 -0.8067050653966705 -0.8610145166354225 -0.9182756183126533 -0.9781538451034679 -1.0402621024880574 -1.1041719954410503 -1.169426720244824 -1.235555020236033 -1.3020855809271308 -1.3685612082755665 -1.4345521372374896 -1.4996678587184549 -1.5635669297381107 -1.6259643400856556 -1.6866361434255133 -1.745421214397328 -1.802220156237018 -1.856991550252068 -1.909745896841549 -1.960537747552173 -2.0094566615509155 -2.0566177503218808 -2.1021527187384126 -2.146202525222873 -2.1889131814711438 -2.230437041714602 -2.2709437533713412 -2.3106491806683063 -2.349880422253534 -2.389219619055812 -2.429835047993343 -2.4742956331132886 -2.528697523022362 -2.607708727704669 -2.728638446669222 -2.725239697291382 -2.9753385340060325 -0.5526445483406506 -0.22745405252102663 -0.1274175570558005 -0.08275630235625209 -0.059057323373984505 -0.045041473906362324 -0.03607606617144605 -0.02997252171275674 -0.02558970351861804 -0.02228681402971201 -0.01968271987972893 -0.01754036056065872 -0.01570725535140936 -0.014083120245610021 -0.01260140563308903 -0.011218345395417127 -0.009906222582081604 -0.008649072099853506 -0.007439815909246932 -0.006278241387803117 -0.005169466667572118 -0.004122674664789149 -0.003149984321321693 -0.0022653858982198405 -0.001483708671659732 -0.0008196198266449354 -0.0002866752526383072 0.00010354279331348313 0.00034215921478035325
0.001006732758466809 0.0009278600155801943 0.0006890416079399108 0.00029522270267260016 -0.00024560969091516973 -0.0009229032339725498 -0.0017241724438678838 -0.002635754772446163 -0.003643658244056411 -0.004734473311619649 -0.005896332727562134 -0.0071199210147339055 -0.008399560788575601 -0.009734438966031222 -0.011130087001157819 -0.01260030535211962 -0.014169842541291763 -0.015878339322987153 -0.017786399208603074 -0.019985289325581003 -0.022613006861248622 -0.025881919496046336 -0.030128429770052235 -0.03590694312150604 -0.04417921908869021 -0.056727185357645676 -0.07714953220683719 -0.11362827531745003 -0.1884193390359347 -0.3858259824251099 -1.4304598166753042 -2.7444052176504568 -2.822956195602426 -2.7364457747134576 -2.6456521454623525 -2.583354170758246 -2.5342312265986813 -2.4902962118783263 -2.4481611272839694 -2.4063453604122893 -2.3641573935765234 -2.3212412914111598 -2.2773843587631157 -2.2324326864736816 -2.18625441771182 -2.1387256143274214 -2.0897275197965737 -2.0391498488552737 -1.9868972869137917 -1.9328975374055442 -1.877109796358309 -1.8195328059009859 -1.7602118008819878 -1.6992437888495564 -1.6367807269124481 -1.573030291709413 -1.5082540824913382 -1.4427632475132472 -1.3769116737588256 -1.3110870192103634 -1.245699989544456 -1.1811723565112602 -1.1179242818034612 -1.0563615403603186 -0.9968632344620368 -0.9397705533053617 -0.8853770679351948 -0.8339209637509181 -0.7855795079906458 -0.7404659353458036 -0.6986288162641683 -0.6600538560470842 -0.6246679633595461 -0.5923453289903771 -0.5629151739338235 -0.5361707638193375 -0.5118792475976807 -0.48979186357621385 -0.4696540673328987 -0.4512151725904794 -0.43423715642513616 -0.4185023640519795 -0.4038199534014225 -0.39003104882072454 -0.37701273421187037 -0.36468122851811746 -0.3529948949342185 -0.34195823517492957 -0.3316289155208116 -0.322131616239996 -0.3136861417870411 -0.30666534771325515 -0.3017177320008775 -0.30003874431503685 -0.3040106901650394 -0.31883986221171157 -0.3571580772588844 -0.4531138644459262 -0.7044017281033466 -1.3089615493822395 -1.8786490133259264 -1.3134034851489498 -0.7090916180098388 -0.45795239832220636 -0.3624062566525321 -0.3246140313646854 -0.3102924866680519 -0.3067388167835592 -0.3087037157682551 -0.31377542740330633 -0.3207375449146232 -0.3289275001038988 -0.3379648905236536 -0.3476289190858507 -0.3578005453673969 -0.3684343472839156 -0.37954446695835964 -0.3911971737650002 -0.40350624721896927 -0.41662914347932434 -0.4307628166286244 -0.44613857510598304 -0.4630156691428261 -0.4816735224533415 -0.5024026849682701 -0.5254947136496807 -0.5512312923078571 -0.5798729827021201 -0.6116480553904783 -0.6467418807898258 -0.6852873657626171 -0.727356900532799 -0.7729562337640387 -0.822020624653919 -0.8744135299523428 -0.9299279772619512 -0.9882906558865876 -1.0491686297727025 -1.1121784484141253 -1.1768973084463064 -1.2428758077283857 -1.3096517427595968 -1.3767643352453265 -1.443768241006791 -1.5102466964903265 -1.575823197110999 -1.6401711756439825 -1.7030212539267586 -1.7641657723306319 -1.8234604502750629 -1.8808231900122276 -1.9362301959138355 -1.98970973611941 -2.0413340164840608 -2.09120977108703 -2.1394683095510727 -2.186255932846859 -2.231725908224269 -2.276033740286944 -2.319338634303085 -2.3618166079944514 -2.403696560985358 -2.445344589745941 -2.487457070422971 -2.531516776176977 -2.580918986652603 -2.643690117923899 -2.7353355418129177 -2.8237499167241933 -2.746905658561874 -1.4404255679430624 -0.38712536042451623 -0.18886713683624418 -0.11384150582802358 -0.07726718300581373 -0.0567968847580542 -0.044221320592615625 -0.03593164290317423 -0.030141575874528342 -0.025887292487423795 -0.02261330485267801 -0.019982580159029303 -0.017782334800250984 -0.015874257512047175 -0.0141668139299912 -0.012599153243402092 -0.011131395126675804 -0.00973855521139468 -0.008406601929840577 -0.007129781714257025 -0.005908700950814381 -0.004748853476949993 -0.0036594026058080517 -0.002652102701911657 -0.0017402964000758075 -0.0009379593927262635 -0.0002587905071629459 0.000284637248579179 0.0006816375409534832 0.000924051004613066
0.0015157690413648388 0.001435763300190949 0.0011934461688680581 0.0007932934076479482 0.00024255527143585105 -0.0004491535202693492 -0.0012704022121631433 -0.0022086071645567584 -0.003250785762189779 -0.0043843810918818135 -0.00559814654677134 -0.00688309429258618 -0.008233533416403925 -0.009648254794019439 -0.011131964813903803 -0.012697137869163901 -0.014366563865329321 -0.01617704285567375 -0.01818498256975549 -0.02047520229584994 -0.02317527668822396 -0.02647977953979811 -0.030692979960480055 -0.03630773926039168 -0.04415998406897741 -0.05575352302327765 -0.07400800646696554 -0.10520340767233646 -0.16500614194177388 -0.30354352566745935 -0.7976924935767377 -2.8543983909591404 -2.829758264774224 -2.850488479021435 -2.7630207264055064 -2.694448395878989 -2.6411147740793406 -2.594152788227898 -2.549415855323639 -2.505141179811713 -2.4605692616701624 -2.415352981491657 -2.3693083528073102 -2.322308440850632 -2.2742396770329907 -2.224986716291967 -2.174430913692794 -2.1224554574285666 -2.068953679801446 -2.0138386405058633 -1.9570528052955292 -1.8985769968508814 -1.8384379873793937 -1.7767142346887583 -1.713539382000986 -1.6491032650144384 -1.5836503026803874 -1.5174752879676554 -1.450916735521206 -1.3843480744354921 -1.3181670905475233 -1.2527841140940563 -1.1886095103938674 -1.126041061228207 -1.0654518195553926 -1.0071789840786143 -0.9515142752656147 -0.8986962069015304 -0.8489045431450983 -0.8022571168302223 -0.7588090682906506 -0.7185544497105312 -0.6814300339119757 -0.6473210743641108 -0.6160686864543513 -0.5874784640675795 -0.561329911229112 -0.5373862576855827 -0.515404239866978 -0.4951434651471251 -0.4763750354798052 -0.4588891870933496 -0.4425018052487703 -0.4270598019883353 -0.4124455109047917 -0.3985804815238592 -0.3854293999733477 -0.3730054365529367 -0.36137936497265427 -0.35069685073120044 -0.3412126106633433 -0.3333597524623236 -0.32789546939672837 -0.32622269734818893 -0.33114900596636104 -0.3488320654413923 -0.39426707679694367 -0.5081901296155251 -0.8080480959534815 -1.536896106625404 -2.231142785625306 -1.5412883519001095 -0.8125795371764961 -0.5126878650323301 -0.39909303124240564 -0.35411316879711713 -0.3368749740023611 -0.33231369490352286 -0.3342312190057145 -0.33979331122875217 -0.34757869149369836 -0.3568183208694161 -0.3670732342337764 -0.37808876916003115 -0.3897252280517955 -0.401923643301697 -0.4146882663323973 -0.42807704878714115 -0.4421957123248799 -0.45719307055901154 -0.4732563231272286 -0.4906056235115144 -0.5094875732954285 -0.5301675285758303 -0.5529207724145212 -0.5780227375188043 -0.6057385637576064 -0.636312353600367 -0.6699565423395867 -0.7068418314463003 -0.7470881398415585 -0.7907570107429074 -0.8378458701573887 -0.8882844697279009 -0.9419337623108816 -0.9985873581915297 -1.0579755951573564 -1.1197721340691038 -1.1836028668860366 -1.2490568043317507 -1.3156985023161438 -1.3830814965806828 -1.4507621509327921 -1.5183132907705732 -1.5853369933960029 -1.65147594196372 -1.7164228182955643 -1.7799273087957324 -1.8418004204562064 -1.901915943865147 -1.960209048879141 -2.0166721467899347 -2.0713482961440066 -2.1243225614075234 -2.175711862223346 -2.225653991979801 -2.2742966847204236 -2.3217879697309205 -2.368269786223556 -2.4138784089563106 -2.4587587294119606 -2.503107424240969 -2.5472790505522718 -2.592036272028413 -2.639144001218873 -2.6927600508131317 -2.7618095392047626 -2.850208566037998 -2.831289431643696 -2.8601697942693884 -0.8011200443134078 -0.3043402740110385 -0.16534499926456075 -0.10538373132288589 -0.07411482788409889 -0.05581982771233081 -0.04420121626081862 -0.036332267302330266 -0.030705953556799084 -0.026484736854925764 -0.023174869159296403 -0.020471536836559223 -0.01817978532152195 -0.01617173555812519 -0.014362296605647373 -0.012694800780006118 -0.011132191159593829 -0.009651422827431148 -0.008239771625258565 -0.006892292945223718 -0.005609977274669468 -0.004398325136615065 -0.0032661706287491826 -0.0022246505377357174 -0.0012862612379282638 -0.00046397699368941694 0.00022957467210633036 0.0007828698034538898 0.0011861569794865492 0.0014320141307625693
0.0019490100333162835 0.0018677294448134578 0.0016217745412338753 0.0012151603581963327 0.000654401839384365 -5.183879101139954e-5 -0.0008932273298624695 -0.0018583385585872396 -0.0029353258986547235 -0.004112666347677526 -0.0053799749496308055 -0.00672889573462131 -0.008154095112933767 -0.009654411382056438 -0.01123425457028287 -0.012905412080169279 -0.01468951179738121 -0.016621551983815742 -0.018755176655875134 -0.02117085389834678 -0.02398900050835891 -0.027391806563557854 -0.031660975402658074 -0.03724599651580977 -0.04489445206496134 -0.05591750320563175 -0.07277698265150893 -0.10053066404187962 -0.15096698849469062 -0.25759385427763865 -0.5604951522822466 -2.115204105613518 -2.774444154187599 -2.915542048109633 -2.870558914787134 -2.804326850714565 -2.7499448686667005 -2.701774930254965 -2.6555480809728835 -2.6094145935964126 -2.5626729794732555 -2.515087034366061 -2.466584981091719 -2.4171333532158235 -2.3666883958407654 -2.315182336798056 -2.2625254938839454 -2.2086154223611816 -2.153348864427587 -2.0966343373907153 -2.038404157649146 -1.9786251510049198 -1.9173075281247414 -1.8545115403063428 -1.790351638450256 -1.724997964803104 -1.6586751218375437 -1.5916582848981662 -1.5242668490041074 -1.4568559189668044 -1.389806055299225 -1.3235117712414273 -1.2583693317020843 -1.1947644296725972 -1.1330603088640456 -1.0735868642569886 -1.0166311880173564 -0.9624299422431569 -0.9111638381838395 -0.8629543905351261 -0.8178630019985059 -0.7758923234579351 -0.7369897339679542 -0.701052697681073 -0.6679356840317949 -0.637458286531928 -0.6094141458863755 -0.5835802749909291 -0.5597263971654801 -0.5376239450267508 -0.5170544227054131 -0.4978169120712001 -0.47973460305880283 -0.4626603567678522 -0.44648148128874543 -0.43112414458154436 -0.41655822884244104 -0.4028040786253455 -0.38994379049744793 -0.37814205670008155 -0.36768655087826796 -0.35906896760252766 -0.35315434312162436 -0.3515541478977611 -0.35750677017418514 -0.37813851287415506 -0.4308600444230351 -0.5631696279246491 -0.9130006611688669 -1.7707263528512156 -2.5955263168830314 -1.7746316238407176 -0.9168842527940503 -0.5669413728827671 -0.43486779491610317 -0.38250547210348856 -0.36223039051912764 -0.35657015655948704 -0.35836378295422433 -0.36435073704163273 -0.37290475608670287 -0.3831515757707887 -0.3945952809131322 -0.40694884583099766 -0.42005304706968416 -0.43383598054562067 -0.4482920079121384 -0.46347011773898356 -0.47946668289606464 -0.4964199732840685 -0.514504988107824 -0.5339278269005721 -0.5549192041556342 -0.5777269603820767 -0.6026075957449798 -0.629816981302959 -0.6596005017591715 -0.6921829579968722 -0.7277586105964372 -0.7664817758214834 -0.8084583947972691 -0.8537389821451207 -0.9023133249084577 -0.9541072447436734 -1.0089816599307813 -1.0667340891869272 -1.1271026328609628 -1.1897723509658402 -1.2543838393462545 -1.3205436904491252 -1.3878364210781766 -1.4558373621941125 -1.524125942929989 -1.5922987651913554 -1.6599818621715547 -1.7268415624960851 -1.792593442335687 -1.8570089353612473 -1.9199192802995744 -1.9812166102755064 -2.040852118947812 -2.0988313679230868 -2.1552069226691946 -2.2100686181976927 -2.263531871490049 -2.315724601004995 -2.366773547825977 -2.4167912515654995 -2.465865898713813 -2.5140583422097302 -2.561415157909337 -2.6080168738273946 -2.6541042063771143 -2.700380000371205 -2.748695736968239 -2.803334474937771 -2.8700078556516377 -2.915897960749797 -2.7760536068430364 -2.1237171536846864 -0.562052675092003 -0.25811420418108183 -0.151223467647874 -0.10067944958445804 -0.07287037762717839 -0.055977955007728245 -0.04493332255108648 -0.037269864359032165 -0.03167412764619744 -0.027397331668966456 -0.023989299787421894 -0.021167888039000667 -0.018750583419953205 -0.016616698732670715 -0.014685515015724659 -0.012903141388840895 -0.011234331475905943 -0.009657209142345519 -0.008159743753599248 -0.006737294637556122 -0.005390814150921736 -0.004125456561284546 -0.0029494363166512987 -0.0018730406926870235 -0.0009077426040841411 -6.538730051593338e-5 0.0006425540524515559 0.001205658001974609 0.0016151358749128752 0.001864316917900712
0.002300689334381868 0.002217885829901738 0.001967858315008014 0.0015541733729734777 0.0009826179541873445 0.0002608953533085864 -0.000601787551711614 -0.001595230202635521 -0.0027088343031411543 -0.003932277978380538 -0.005256267241667234 -0.006673375055303505 -0.008178995354954468 -0.009772464532224847 -0.01145844012078176 -0.013248683044465782 -0.015164478582531242 -0.017240075989796103 -0.019527771705826303 -0.022105691219510632 -0.025090108915592775 -0.02865563409513991 -0.033069547170847084 -0.0387527481700137 -0.04639349670926432 -0.0571728700565277 -0.07324638556838074 -0.09887693239034218 -0.14347514576691675 -0.23155201727764524 -0.4487782283564774 -1.3160061129686957 -2.6912194450425386 -2.898205964981431 -2.9453613256533755 -2.901093010926186 -2.8531931721584654 -2.8080736242283257 -2.7631366436291924 -2.7169568949453464 -2.669147294208219 -2.619763584918536 -2.5689879094843326 -2.5169924328308793 -2.4638907764155866 -2.409729803791735 -2.3544991551046652 -2.2981478299797264 -2.2406027174011407 -2.181786617546339 -2.1216345495046585 -2.0601077262397647 -1.9972048549533332 -1.9329705633944183 -1.8675008438029117 -1.8009454878504734 -1.7335075726198534 -1.665440151947675 -1.597040406963119 -1.5286416050451164 -1.4606033024192495 -1.3933002927699696 -1.3271108483276692 -1.2624048171824667 -1.1995321287591412 -1.1388122200303232 -1.0805248324762342 -1.0249025445247937 -0.9721253074211476 -0.9223171451664813 -0.8755450714048895 -0.831820171550016 -0.7911007033845934 -0.753296987868912 -0.7182777961928951 -0.6858778937277288 -0.6559063746075925 -0.6281554156579958 -0.6024090924585752 -0.5784519355040171 -0.5560769577851522 -0.5350929598316272 -0.5153310154861567 -0.496650170182152 -0.4789425601742678 -0.46213842104387776 -0.4462118697698 -0.43118906604378965 -0.4171617047706903 -0.40431146837254955 -0.39295671569398216 -0.3836453302945032 -0.3773478335028726 -0.3758822179727959 -0.38291674633335016 -0.40654866385254285 -0.4666178559589473 -0.6174473326074426 -1.0177683621649714 -2.0066757781898015 -2.9654270884484477 -2.009613847499854 -1.0205879926564463 -0.6201302677315106 -0.4694459825403539 -0.40962201444801866 -0.3862376293048929 -0.379406336157912 -0.38100545520759993 -0.3873509194731343 -0.39661443750002845 -0.40781925012455406 -0.4204148210575914 -0.4340835813053985 -0.44864801910653274 -0.4640239020026131 -0.48019566049275364 -0.49720263662562836 -0.5151305640734433 -0.5341053325455138 -0.5542874428510504 -0.5758662849062293 -0.5990537913011239 -0.6240772811712162 -0.6511714872915857 -0.6805698881445719 -0.712495562637154 -0.7471518582832813 -0.7847132141815202 -0.8253165114644353 -0.8690533344697684 -0.9159635158916284 -0.9660303086025925 -1.0191774758558272 -1.075268522253783 -1.1341082014813497 -1.1954463380618654 -1.2589838922418288 -1.3243810861127965 -1.3912673003716265 -1.459252352010547 -1.5279386784729112 -1.5969338914072253 -1.665863124607586 -1.7343805917362758 -1.8021797886698077 -1.8690018225967744 -1.9346414210297824 -1.9989502633616025 -2.0618373778999444 -2.123266451418226 -2.1832499974332484 -2.2418404223490747 -2.2991181142863995 -2.3551767771333 -2.41010637828964 -2.4639743603647073 -2.5168063570035426 -2.5685689061128194 -2.619159304024181 -2.6684133528860943 -2.7161536819630436 -2.762326259173915 -2.8073177657886723 -2.852554300851465 -2.9006476866232647 -2.9452625299558157 -2.898806644503102 -2.6928718076424634 -1.3195257635606372 -0.44956569832429855 -0.23188345234546093 -0.1436576544484772 -0.0989904571558353 -0.07332133772966828 -0.057223468444794784 -0.04642743613275618 -0.038774735938586345 -0.0330827908771101 -0.02866252564325289 -0.02509255553513254 -0.02210527802327521 -0.01952583894286238 -0.017237751803574963 -0.015162688949252299 -0.013248151323474922 -0.011459683922320977 -0.009775794814902176 -0.008184520895985713 -0.006681014035268266 -0.005265766553947592 -0.003943239844311654 -0.002720748996414585 -0.0016075130657695936 -0.0006138181534776441 0.000249734144507447 0.0009729030732716816 0.0015464085955845341 0.0019624466020890336 0.0022151079493071524
0.0025580481283069114 0.0024733684005378274 0.0022185079698720266 0.0017965970352909956 0.0012127019660159528 0.0004735616856841899 -0.0004127727642956498 -0.0014373882490140712 -0.0025910428502445683 -0.0038647795680149585 -0.005250623879163303 -0.006742379068166668 -0.008336549022729027 -0.010033441767794995 -0.011838542085727731 -0.013764295253444315 -0.01583252795366099 -0.018077868897049962 -0.020552760719373665 -0.02333505254432814 -0.026539878879534136 -0.030338870261873083 -0.03499235586390763 -0.040905576416714426 -0.04873154697431877 -0.05957018677489732 -0.075381406375984 -0.09992088812885684 -0.14112607898782886 -0.21834819346232312 -0.39147676431356754 -0.9465690119893221 -2.4433888491411775 -2.7976468723564247 -2.9590574038611015 -2.9663762289787976 -2.9385663821552104 -2.9043067353909806 -2.8659267984057726 -2.8233853130968303 -2.7770337311924593 -2.7274954987757543 -2.6754201731552105 -2.621357758894018 -2.5657172652573776 -2.5087686832051497 -2.450664449667042 -2.391467901445336 -2.331182503356633 -2.2697789071600307 -2.207218552461655 -2.1434733289642427 -2.0785411967718654 -2.012457830874922 -1.9453044362495018 -1.8772119299937942 -1.8083617352409298 -1.738983486817407 -1.6693500104803616 -1.5997700003106443 -1.5305788767299304 -1.4621283516541268 -1.3947752538642 -1.3288701716575682 -1.264746450158255 -1.2027100372080888 -1.143030607657848 -1.0859343140401858 -1.0315984177530113 -0.980147953946048 -0.931654481332467 -0.8861368705832257 -0.8435639960047875 -0.8038591197112269 -0.766905697352004 -0.7325542927242806 -0.7006302656635867 -0.6709418931987392 -0.6432885996964264 -0.6174690045684605 -0.5932885487124078 -0.5705665320800271 -0.5491424908693646 -0.5288819715059471 -0.5096819406288232 -0.491476346082703 -0.4742427945424693 -0.45801210513036344 -0.442883992441186 -0.4290551165993409 -0.4168720494402597 -0.4069358558486511 -0.40031879844973056 -0.399040414533903 -0.40719141964456596 -0.4338271672751108 -0.5011912374266542 -0.6703778974021772 -1.1208417298502455 -2.2407276138108774 -3.333968241474925 -2.2422169775394285 -1.122216688887955 -0.6716653758383487 -0.502546908947862 -0.4353044150184606 -0.4087919225510853 -0.40074208932498123 -0.40208697106546093 -0.4087282042356435 -0.41864136374594346 -0.43075130280915025 -0.4444558262734249 -0.45940890866688244 -0.47541607740488345 -0.4923813985344793 -0.510279341778206 -0.5291389666064467 -0.5490341892080761 -0.5700768798044701 -0.592411036866421 -0.6162070810548508 -0.641655764350243 -0.6689614665363901 -0.6983348341593791 -0.7299848456174614 -0.7641104816686267 -0.8008922506996812 -0.8404838694877412 -0.8830044309078675 -0.928531403881188 -0.9770948043123454 -1.0286728506499905 -1.0831893733160713 -1.1405131857308335 -1.2004595461840746 -1.2627937500415334 -1.3272367919495693 -1.3934729346772916 -1.4611589194950179 -1.5299344584319912 -1.5994335669193056 -1.669296231191644 -1.7391798622004504 -1.8087699686881384 -1.8777894878641723 -1.9460062391144326 -2.0132380129831615 -2.079354867188875 -2.144278265828131 -2.2079767630844738 -2.2704579899020456 -2.3317567528805374 -2.3919191077786173 -2.450982351994977 -2.5089510521920855 -2.565769602416566 -2.6212926174453948 -2.6752561221200377 -2.727255771253789 -2.776744620886438 -2.823074418985267 -2.865621298503945 -2.9040321445825334 -2.938347459922857 -2.9662476823938997 -2.959113031824959 -2.7980758030761583 -2.4448224954769597 -0.9476493603349235 -0.39182176760704246 -0.21852179341313174 -0.14123159184133663 -0.09999117487221185 -0.07543054674217996 -0.059605340674588336 -0.04875684066063608 -0.040923652731613795 -0.03500507152697597 -0.03034763409611457 -0.0265458227954936 -0.023339118525108563 -0.0205557433861764 -0.018080434045194122 -0.01583521847092095 -0.013767531289618773 -0.01184261985894233 -0.01003853389714369 -0.008342708205799639 -0.006749546054480361 -0.005258639985338059 -0.0038734033427184748 -0.00259997005586561 -0.0014462739711969344 -0.0004212543391526878 0.0004658422336199067 0.0012060771310649142 0.0017913555880613781 0.0022148799054041383 0.002471513467336989
0.0026960435218627244 0.0026090294990834435 0.002348208074220903 0.0019162799789275628 0.0013175910442512892 0.0005579015597162043 -0.0003559313407607636 -0.0014163546065379877 -0.0026156013573500766 -0.003946255475027094 -0.005401906374271658 -0.0069779116258372595 -0.008672300413246696 -0.010486873541686238 -0.01242858996570849 -0.014511382035407193 -0.016758623659112466 -0.01920660798400758 -0.021909611954180508 -0.024947505057855503 -0.02843753636146314 -0.032553183488730174 -0.03755535108015063 -0.043846048720578734 -0.052064976059885686 -0.06327279556102722 -0.07932216725986452 -0.10367293038895432 -0.14338868325783188 -0.2148498454459948 -0.3646172282937664 -0.7792842178025757 -2.0219969651224394 -2.6303161860898476 -2.89270721744948 -2.978031701255235 -2.989006800780782 -2.977412912839555 -2.9539703504221473 -2.9212782558646264 -2.8809568359237043 -2.8345301706275037 -2.78338334481475 -2.728674589373646 -2.6713041754601314 -2.6119269387640958 -2.5509876183995663 -2.4887647766424523 -2.4254151484079043 -2.3610142536966 -2.2955914406373 -2.2291587975571066 -2.1617340116347954 -2.0933575412511956 -2.0241045817657946 -1.9540923380897197 -1.8834831248212252 -1.8124838202842268 -1.74134221239302 -1.670340790288483 -1.5997885529637004 -1.5300114161483767 -1.4613417987976787 -1.394107953940158 -1.3286235757389795 -1.2651781627519585 -1.2040285502905579 -1.1453919432177924 -1.0894406906505585 -1.0362989483494693 -0.9860412795665787 -0.9386931543038606 -0.8942332250416405 -0.8525971872076993 -0.8136829781432715 -0.7773570300631905 -0.7434612721831848 -0.7118205745981727 -0.682250341784047 -0.6545639961348563 -0.6285801420482324 -0.6041292713265323 -0.5810599646061898 -0.5592446737312882 -0.5385853576445817 -0.5190195351526972 -0.5005278026520159 -0.48314472808611125 -0.4669766693150385 -0.4522333475803089 -0.43928696151106034 -0.4287882396799656 -0.42190616520640983 -0.4208539874704361 -0.4301310687494904 -0.4597229045963007 -0.5342116347938298 -0.7212910558453756 -1.2206646243349277 -2.4686955341826806 -3.6938940636117534 -2.4683003739689795 -1.2202859078078845 -0.7209623216780023 -0.5338989209223786 -0.45940731006920676 -0.4298059121547274 -0.4205192045217922 -0.4215653720473006 -0.42844725158304603 -0.4389529586211347 -0.4519143247015767 -0.46668101343958557 -0.4828808568171927 -0.5003038363863023 -0.5188429942318195 -0.5384628845861588 -0.5591817848257242 -0.5810608369891823 -0.6041965720217156 -0.6287149047777133 -0.6547655506390521 -0.6825162987797337 -0.7121468674067729 -0.7438422543355712 -0.7777856258285574 -0.8141508812336283 -0.8530951009582382 -0.8947511358875222 -0.9392206292323982 -0.9865677773685311 -1.0368141340128834 -1.0899347420518672 -1.1458558398131673 -1.204454333893392 -1.2655591615378967 -1.328954583936478 -1.394385361088958 -1.46156366415449 -1.530177485894097 -1.5999002193852707 -1.6704009946787883 -1.7413552948858397 -1.8124553220000217 -1.8834195494153418 -1.9540008812293177 -2.023992838441955 -2.093233201763541 -2.1616045577825966 -2.229031210666741 -2.2954719330112128 -2.3609080342160063 -2.425326232023685 -2.488695845734503 -2.55093994168774 -2.611900350876493 -2.671297116400609 -2.728684198386248 -2.783405596521386 -2.834560029951853 -2.880988390899391 -2.9213047556047402 -2.9539840296911692 -2.9774044809598768 -2.988965019840797 -2.9779476268873086 -2.892602127780553 -2.6302647508869965 -2.021790535741142 -0.7792076614914374 -0.36462354922342427 -0.21486684084729019 -0.14340542529680111 -0.1036879659588108 -0.07933569715113073 -0.06328524277553853 -0.052076701365550704 -0.04385730935170026 -0.03756631210217727 -0.032563937568897375 -0.028448121891652068 -0.02495792104429582 -0.021919829970171813 -0.01921658178964215 -0.016768296932462307 -0.014520694540176298 -0.012437482272081263 -0.010495290455251024 -0.008680193188334613 -0.0069852390927654376 -0.00540863515184078 -0.003952359474794862 -0.0026210608070525105 -0.0014211548536820701 -0.0003600616260620075 0.0005544491730052853 0.0013148224873103618 0.001914199719732362 0.0023468194000053465 0.0026083346060635807
0.002667044903576733 0.002577133349552349 0.002308796570638598 0.0018643005173816785 0.0012472522972013162 0.00046239610683432227 -0.00048466997544185133 -0.0015878559412344949 -0.0028410220345757857 -0.004238506580158196 -0.005775751196959919 -0.007450045309714621 -0.009261427113628016 -0.011213801057799514 -0.013316366357526203 -0.015585503800346887 -0.018047350655344813 -0.02074142649358025 -0.023725892891798148 -0.02708540637462431 -0.030943187837920008 -0.03548014503900522 -0.040966190331367086 -0.04781347691583119 -0.056670864365475936 -0.06860027028367231 -0.08542682174072129 -0.11049015162760138 -0.15043025625959047 -0.22009179099703327 -0.3592429267218148 -0.7082641980484183 -1.6727890725827281 -2.4080332394906963 -2.748482242890054 -2.918272137801323 -2.98549017291252 -3.010733676437852 -3.0134219112472937 -2.999551156949839 -2.9723545372679787 -2.934487149855992 -2.8882988781674928 -2.8357955881793453 -2.7786028481453378 -2.7179734371695217 -2.6548275412908615 -2.5898093883579714 -2.5233482045690216 -2.455716127394417 -2.38707927403543 -2.3175404550476784 -2.2471733434536123 -2.17604859229175 -2.1042526967058572 -2.0319004932986844 -1.9591421891694822 -1.8861657741114417 -1.8131956227245878 -1.7404880494106565 -1.6683245399845275 -1.5970033462222908 -1.5268300899256926 -1.4581079765441627 -1.3911281633612709 -1.3261607606490553 -1.263446869930549 -1.203191979062375 -1.1455609452829283 -1.090674706494577 -1.0386087720296877 -0.9893934598286822 -0.9430157721914807 -0.8994227383075636 -0.8585260024191309 -0.8202074015321332 -0.7843252593520954 -0.750721121257797 -0.719226670643822 -0.6896705987487868 -0.6618852490504863 -0.6357129257172541 -0.6110118492510661 -0.5876618737104694 -0.5655702733497084 -0.544678212326839 -0.5249690271318026 -0.5064803812701462 -0.4893241242281109 -0.4737212528952517 -0.4600669428175109 -0.4490576251979433 -0.4419527914282386 -0.44114882414120066 -0.4515336821612326 -0.48398008990434765 -0.5653041853652235 -0.7695088255413159 -1.315663977273998 -2.686294040761011 -4.037696715660108 -2.6836718684871412 -1.313326521221521 -0.7674517962009977 -0.5632438864233353 -0.4818000874881901 -0.4492097358735985 -0.43870031984704244 -0.439422008940588 -0.4465003013842841 -0.45754712262671826 -0.4713077916284302 -0.48708783837175484 -0.5044914691303473 -0.523294633231404 -0.5433801190144234 -0.5647027523085182 -0.5872697513876213 -0.6111288470093286 -0.6363603337089894 -0.6630709851328221 -0.6913886918758297 -0.7214571939414374 -0.7534305833257886 -0.7874674454758781 -0.8237246395451575 -0.8623508119836839 -0.9034798082772357 -0.9472241988329541 -0.9936691694662783 -1.0428670451118833 -1.094832717341703 -1.149540230755618 -1.2069207523745842 -1.2668621008562897 -1.329209951633052 -1.3937707604785308 -1.460316367081827 -1.5285901519416634 -1.59831453080851 -1.6691994825797134 -1.7409517238102454 -1.8132840669791137 -1.8859244334346055 -1.9586239356829536 -2.0311633951359886 -2.1033576196462596 -2.1750567253514532 -2.2461437450063952 -2.3165277180013386 -2.386131407190462 -2.4548727448766696 -2.5226391067659883 -2.5892536060892404 -2.6544328992629294 -2.7177366743721447 -2.7785103100767663 -2.8358244768365877 -2.8884190079676593 -2.9346631039595508 -2.9725480371604935 -2.999723328443986 -3.013534910456798 -3.0107507783245087 -2.985373098051098 -2.9179766919252597 -2.7479720044757037 -2.4072412854971206 -1.6708409092659122 -0.7073882690180058 -0.35891930025757485 -0.21993176658377372 -0.15033784308217468 -0.11043333427703497 -0.08539206648099482 -0.06858078052401306 -0.056662690647638216 -0.04781399274559588 -0.040973426505326406 -0.03549248097302512 -0.030959207565179243 -0.027103836638940983 -0.023745584113832638 -0.02076135594886741 -0.018066635826387296 -0.015603418231506018 -0.013332352856126281 -0.011227478819068853 -0.009272590846950238 -0.007458655638717168 -0.005781916801588257 -0.004242459435769133 -0.0028430877714262916 -0.001588421648692137 -0.00048415182545795806 0.00046358338583789115 0.0012487224755415374 0.0018657185104044819 0.002309896203337173 0.002577730269655706
0.0023793973553373313 0.0022859236546585843 0.0020080234500846005 0.0015474986089670034 0.0009071628706676647 9.065944584935693e-5 -0.0008977947156344328 -0.0020537407922442724 -0.0033728914046967763 -0.004851634860442049 -0.006487646673169198 -0.00828063513803263 -0.010233263720992591 -0.012352316755798284 -0.014650211199087161 -0.017147012238093173 -0.019873197219157465 -0.02287355097723387 -0.02621280448277492 -0.029984017202171854 -0.03432138399319696 -0.03942038058013101 -0.045570483628272554 -0.05321026751585913 -0.06302412773143695 -0.07612065133413894 -0.09438184106070086 -0.12120034867181179 -0.16319821527066883 -0.23482414024726186 -0.37325306384778273 -0.6964306960040119 -1.4666267363971008 -2.1595854626941495 -2.5454241396196613 -2.78299489793157 -2.913241502053508 -2.9872246878952673 -3.0279168488184425 -3.0437332000761357 -3.0391385019404074 -3.0177285476391367 -2.982795171302315 -2.9373018541838225 -2.88379058421987 -2.824336495660018 -2.7605584219841712 -2.693667885587956 -2.6245374437739972 -2.5537740613389115 -2.481788544439404 -2.4088563140398422 -2.335167656311382 -2.2608673000882686 -2.1860840828994363 -2.11095187514732 -2.035623055361518 -1.9602758061555736 -1.8851164142360066 -1.8103776502802413 -1.7363141972441258 -1.6631959933028908 -1.5913002612041982 -1.5209029040990867 -1.452269858713096 -1.385648907159898 -1.321262357844825 -1.2593009140447748 -1.1999189579809983 -1.1432313881237735 -1.0893120637332592 -1.0381938312676493 -0.9898700392433372 -0.9442973897435302 -0.9013999299440704 -0.8610739568177722 -0.8231935922955915 -0.7876167863961879 -0.7541915215250282 -0.7227620222365988 -0.693174822897968 -0.6652846132422213 -0.6389598746670538 -0.614088453283828 -0.5905834144471109 -0.5683898428571657 -0.5474937982228588 -0.5279356274665978 -0.509831733711352 -0.4934127332128737 -0.47909407574376495 -0.4676135193497803 -0.4603137131206973 -0.45976093973510995 -0.47120562290112455 -0.5063501618876012 -0.5941013022004175 -0.8143626469540829 -1.4042776517221878 -2.889204865273502 -4.357739839760189 -2.884149688715828 -1.399905251254724 -0.8105874768652971 -0.5903403572370838 -0.5023675795125624 -0.4669500561657154 -0.45526664341722406 -0.4556591646032936 -0.46290287031941163 -0.47444717728335123 -0.488958444242537 -0.5057025190041102 -0.5242626951806793 -0.5444025260408087 -0.5659954564029814 -0.5889869770659613 -0.6133732673980563 -0.6391884074341445 -0.6664960557016468 -0.695383376424052 -0.7259559837745697 -0.7583332113591881 -0.7926433310475324 -0.8290185436315816 -0.8675896967372542 -0.9084807811308518 -0.9518033273902987 -0.9976508773475121 -1.046093740841192 -1.0971742695894173 -1.1509028848521066 -1.2072550856724225 -1.2661696387477126 -1.327548111138177 -1.3912558536028448 -1.4571244776618941 -1.5249557953058268 -1.5945271087738924 -1.6655976513378237 -1.737915890545947 -1.8112273151331955 -1.8852822354709637 -1.9598430372369697 -2.0346902360581463 -2.109626586667581 -2.1844784011266225 -2.2590931234414313 -2.333332095057051 -2.407057332153132 -2.480111042521417 -2.5522865813141697 -2.6232896606061176 -2.692689031448786 -2.759856761024124 -2.823899933187133 -2.8835884490689536 -2.9372878304739904 -2.9829112675368243 -3.01790986218774 -3.0393183589272823 -3.043847961321122 -3.0279093007709204 -2.98704421648273 -2.912838242785548 -2.782307230682686 -2.5443822079644844 -2.157958278403693 -1.4635387528470565 -0.6947754348985302 -0.3725422048722819 -0.2344432673517562 -0.16296491086289405 -0.12104853503823564 -0.09428195010932124 -0.07605715401109894 -0.06298771053343806 -0.05319464107097045 -0.04557093563433684 -0.03943307870229771 -0.03434303550939644 -0.030011711651119818 -0.026243954305459737 -0.022905884375106534 -0.01990477596525576 -0.017176256937346708 -0.01467592228568504 -0.01237368355775463 -0.010249857267071304 -0.008292383290456905 -0.00649479255307361 -0.00485468160935232 -0.003372537538912963 -0.002050811138416344 -0.0008931717495470257 9.609964188146519e-5 0.0009126069266590068 0.0015522425696663418 0.0020115091695104828 0.0022877650758776472
0.0016492439525814676 0.001551474809790114 0.001261443798899104 0.0007804124854395842 0.00011027437369373581 -0.0007466083472862455 -0.0017876373423515702 -0.0030102867038898132 -0.0044124973038496594 -0.005993171503099856 -0.007752790144998369 -0.009694185009287619 -0.01182351706845319 -0.014151536755317343 -0.01669524183459569 -0.019480108940976047 -0.02254316963349275 -0.025937353391705942 -0.029737769468012133 -0.034051020791273263 -0.03902937780311608 -0.04489296427800011 -0.0519655861675351 -0.06073468143512268 -0.07195583997748671 -0.08684414586606802 -0.10744597445865339 -0.13741786805537123 -0.1838266883147449 -0.26188800623053227 -0.4094936593952002 -0.7313524627352643 -1.3570240426131492 -1.9236575766039883 -2.3092358211355717 -2.5841632827654033 -2.768661937394971 -2.8950818383512336 -2.982245541616929 -3.0379774908969788 -3.0664821029568574 -3.071355907847821 -3.0562661495946055 -3.024875250060393 -2.9806150507566573 -2.92650607328712 -2.8650662784662977 -2.7982994470910434 -2.727737659370125 -2.654512750991089 -2.5794376620302772 -2.503085379660352 -2.4258587364115236 -2.3480482057804903 -2.2698772352362084 -2.191535971970802 -2.113204847154546 -2.035069678767645 -1.9573299251542398 -1.8802015882023777 -1.8039160942016088 -1.7287163031376285 -1.6548506303807864 -1.5825661106141342 -1.5121010940549853 -1.443678137825151 -1.377497537181413 -1.3137318332410255 -1.2525215332997033 -1.1939721872879225 -1.138152880211337 -1.0850961256429623 -1.0347990815073589 -0.9872259561867026 -0.9423114332262171 -0.8999649160701769 -0.8600753815640098 -0.8225166326028385 -0.7871527567747056 -0.75384362897021 -0.7224503433347598 -0.6928405264879391 -0.6648935772151854 -0.6385060113830857 -0.6135972949785399 -0.5901168796251614 -0.5680537269378564 -0.547450655393081 -0.5284278570177364 -0.5112240048938685 -0.49627204179296813 -0.4843462521845545 -0.4768639702887823 -0.4765455538674919 -0.4889718341029723 -0.5266030545199565 -0.6202552105251461 -0.8552084150450083 -1.484977699633057 -3.073135971073591 -4.646375963752398 -3.0656118809373503 -1.4786377875996515 -0.8498503585049905 -0.6149647592265098 -0.5210094326992255 -0.4829880083365323 -0.47021465599693174 -0.4702956447618726 -0.4776883756274253 -0.48969569317782774 -0.5049135202863514 -0.522572896690408 -0.5422391235428029 -0.5636651496513545 -0.5867161737249869 -0.6113290058400768 -0.63748915951854 -0.6652172732718903 -0.6945605081186874 -0.7255865657513192 -0.7583790075087434 -0.7930331197380452 -0.8296518979608671 -0.8683419252609732 -0.9092090559110955 -0.9523539113656556 -0.9978672682668318 -1.0458254715034783 -1.0962860437073556 -1.1492836861867775 -1.2048268746877515 -1.262895247923906 -1.323437966558632 -1.3863731865749056 -1.4515887450624345 -1.5189440978862592 -1.588273480722306 -1.6593901857382645 -1.7320917590057858 -1.8061658260846054 -1.8813961472348955 -1.957568386238765 -2.034474948226795 -2.1119180989878954 -2.1897104201546784 -2.2676714811086325 -2.345619424534449 -2.423355983171867 -2.500643303707114 -2.577170917366607 -2.652511382360193 -2.726063726054462 -2.796985121090947 -2.864113617004709 -2.9258886108694826 -2.980281274841247 -3.0247538975146666 -3.0562730728086214 -3.0714019933839047 -3.066481382470041 -3.037854176689522 -2.9819382319751626 -2.894542417207144 -2.767845737775867 -2.583010778908491 -2.3076654281210933 -1.9213996514739753 -1.3533716237340225 -0.7288027089930024 -0.4082617128103671 -0.261205985560584 -0.18340139610929435 -0.13713641620529068 -0.10725669717160975 -0.08671953744373596 -0.0718792745902621 -0.060694923479175364 -0.05195427127305436 -0.04490336711392516 -0.03905579632851188 -0.03408847887213394 -0.02978189130098114 -0.025984330393345127 -0.022589772674489837 -0.019523715813150558 -0.01673386007212703 -0.014183809088494712 -0.011848702410610094 -0.009712112799225575 -0.007763789775281606 -0.005997981735991088 -0.004412162514691004 -0.0030060477067003952 -0.001780824239036226 -0.0007385417263862015 0.00011836937237902999 0.0007874766799734043 0.001266638323022428 0.0015542199762875598
8.144409420538307e-5 -2.1264411534539985e-5 -0.0003262746720595396 -0.0008330411123001414 -0.0015408720153183553 -0.002449070812447073 -0.003557143962050546 -0.0048650877389451305 -0.006373770179165291 -0.008085430139902271 -0.010004323228017285 -0.012137557155149723 -0.014496177901497717 -0.01709659768518741 -0.01996250065061684 -0.02312743208866405 -0.02663838662360894 -0.030560886439069766 -0.034986328987763375 -0.04004287040535376 -0.04591195736554646 -0.0528541443332538 -0.061250683805853794 -0.07167295164362657 -0.08500325394482103 -0.10265574352111688 -0.1270056991233195 -0.1622893109745539 -0.21667523823928947 -0.30755442939613775 -0.47552037516392454 -0.8027151761785338 -1.286738393317359 -1.7159157028576422 -2.0633178101126872 -2.3435096348533357 -2.561862280243346 -2.7332515879144452 -2.8676913788692118 -2.9691398979352286 -3.0394246445117425 -3.080528499824032 -3.0952499572961614 -3.0870918042069837 -3.059889135650278 -3.01742767209509 -2.963159366610088 -2.9000413223391477 -2.8304821865713725 -2.7563643972574776 -2.6791103036995856 -2.599766871369397 -2.5190919897358057 -2.437632618631438 -2.355790253698328 -2.273872545519216 -2.1921318065108757 -2.110792059018243 -2.030066598901432 -1.9501680398739034 -1.8713126331429526 -1.7937204212369253 -1.7176125386030814 -1.6432067384053795 -1.5707120150452853 -1.5003230071677234 -1.4322147061442696 -1.366537855965682 -1.3034153106154691 -1.2429395122627414 -1.1851711643964555 -1.1301390999884398 -1.0778412826753545 -1.028246830394158 -0.9812989145472397 -0.9369183653264729 -0.8950078038272278 -0.855456125820441 -0.8181431790919088 -0.7829445082492898 -0.7497360873910418 -0.7183990275825965 -0.6888243379692206 -0.6609179543305037 -0.6346064565091708 -0.6098442374960694 -0.5866234820876913 -0.5649894087708376 -0.5450653441655655 -0.5270964873096613 -0.5115303578149464 -0.49917249743453224 -0.49150530948147464 -0.4913848336961252 -0.504684445616443 -0.5445364772554111 -0.6434478005260695 -0.8914373949127522 -1.5562864263519542 -3.233870281622027 -4.896056308385917 -3.2240310864838024 -1.5481926768495526 -0.8847484691135845 -0.6369100724177076 -0.5376379453886981 -0.4972961088731767 -0.4835520453322697 -0.4833617669397747 -0.4909022724246713 -0.5033479223013035 -0.519233669126372 -0.5377610478100746 -0.558480521680902 -0.5811364195089403 -0.6055870191533859 -0.6317614032638296 -0.6596351763198789 -0.6892162119066519 -0.7205358537024669 -0.7536430883064202 -0.7886002893047162 -0.8254797181916069 -0.8643603043691259 -0.9053244333992807 -0.948454609723052 -0.9938299576906083 -1.0415225976968387 -1.0915939894177547 -1.144091374097677 -1.199044473217536 -1.2564626138411537 -1.316332447965886 -1.3786164184612149 -1.4432520962089588 -1.510152471387605 -1.5792072287250938 -1.6502849695494803 -1.723236262637413 -1.797897309189355 -1.8740938927066515 -1.9516451495397733 -2.030366536512311 -2.1100711869544626 -2.1905686331409777 -2.2716596343453372 -2.3531255956578594 -2.4347108185111854 -2.516095643829859 -2.5968585284208263 -2.6764254083857466 -2.754005611861459 -2.8285154738989595 -2.8984941451047717 -2.9620213072059034 -3.016653682787195 -3.059405466400269 -3.086804394491059 -3.095054702108565 -3.0803223301154885 -3.0391158786341235 -2.9686559482855874 -2.866981698877567 -2.7322835774422325 -2.5606079053762203 -2.3419254299419663 -2.0613345868367494 -1.7133516835825593 -1.2831060863650967 -0.7992872358937458 -0.47353773149464945 -0.3064224439338149 -0.21596761395129951 -0.1618199433337369 -0.12668755919404465 -0.1024425783007593 -0.08486733869828297 -0.07159579151131573 -0.06121874382802423 -0.05285675183959365 -0.045940237304038685 -0.040089210244538445 -0.03504412826976151 -0.03062446017875394 -0.026702946327108228 -0.023189096723136675 -0.020018306893544446 -0.01714449023798687 -0.014534969417190952 -0.012166854587100883 -0.010024422992570768 -0.008097188866136142 -0.006378460447113521 -0.004864249148409927 -0.003552439401986772 -0.002442155961637126 -0.0015332836749669813 -0.0008261070518848483 -0.00032104532090876424 -1.8464873322331442e-5
-0.0032626080854888774 -0.0033701401240617684 -0.0036918042669837497 -0.004228190198538277 -0.004980469919830324 -0.0059504993837087555 -0.007140983101922728 -0.008555724279813758 -0.01019998843622119 -0.012081014771770657 -0.014208718583843953 -0.016596642016607738 -0.01926323264309568 -0.022233564291679078 -0.02554166967398731 -0.029233740278932874 -0.03337258558355081 -0.03804396280733606 -0.043365749436216114 -0.049501540998016694 -0.056681320683039646 -0.06523376903054828 -0.07563839191849919 -0.08861274025029195 -0.1052646810054034 -0.1273719050225968 -0.15792605334802776 -0.20226329142605284 -0.2705464781004209 -0.3830421119604298 -0.5761328850995964 -0.874282017422519 -1.2126350035664737 -1.529689327392741 -1.8219230917855602 -2.0834224814783595 -2.312577093434829 -2.5129850953880584 -2.6864067131889575 -2.831785257132065 -2.947219030661538 -3.0315862504817543 -3.085270838751031 -3.1102125298582757 -3.1095592733583546 -3.087155400022456 -3.0470383946778457 -2.9930459241654956 -2.9285686359126935 -2.856437863912633 -2.7789145678716345 -2.69774143203693 -2.6142259464667412 -2.529331727841787 -2.4437643099649655 -2.3580445084455053 -2.2725670315671795 -2.1876446860769527 -2.1035398761088153 -2.020485610963189 -1.9386982806547124 -1.8583842631937322 -1.7797421352422422 -1.702961942481622 -1.6282226909243451 -1.5556889568616192 -1.4855072896031916 -1.4178028937994505 -1.3526769237433414 -1.2902045966180584 -1.2304342299428555 -1.1733872276262323 -1.1190589761033345 -1.067420563891404 -1.018421206182591 -0.9719912350966693 -0.9280455111283263 -0.8864871166462319 -0.8472112120860786 -0.8101089668373694 -0.7750715243063082 -0.7419940249718492 -0.7107798032020152 -0.6813450077015883 -0.6536241054000739 -0.6275770774943502 -0.6031997297967515 -0.5805396761264514 -0.5597227549131206 -0.5409991110538126 -0.524827710674649 -0.5120395418285248 -0.504171259873423 -0.5041936007141317 -0.518228869899179 -0.5599820660091336 -0.6633963899730304 -0.9224812513866982 -1.6167830105342662 -3.367302134836332 -5.0994336020339635 -3.355494012669876 -1.6072848785773652 -0.9148112831037805 -0.6559816531635151 -0.5521742817138529 -0.5098542454043891 -0.49529317929498284 -0.49489421830740754 -0.50259631726231 -0.5154655652890323 -0.5319863697097247 -0.5513365295097206 -0.5730550995740872 -0.5968800033545731 -0.6226641800314069 -0.6503302545600347 -0.6798450654856111 -0.7112048517392091 -0.7444263297626577 -0.7795410693630506 -0.816591695561942 -0.8556290474994609 -0.8967097690581166 -0.9398940156103422 -0.9852430991760511 -1.0328169923683836 -1.0826716847238407 -1.1348564412822937 -1.1894110543787966 -1.2463632078945286 -1.3057260873607381 -1.367496371446263 -1.4316527282001918 -1.4981549153198495 -1.5669435446820952 -1.6379405183711941 -1.711050071672704 -1.7861602673798995 -1.863144668563549 -1.9418637703446495 -2.0221655894688904 -2.1038845888716504 -2.1868378519870824 -2.27081712189168 -2.3555750006955614 -2.4408033035701124 -2.526101357604528 -2.610932069936259 -2.6945640972867024 -2.775999790418047 -2.8538912535332295 -2.9264514103116652 -2.9913738127179754 -3.0457838429041373 -3.0862532937691167 -3.1089160653618992 -3.109718145759018 -3.084812105983948 -3.03105997648885 -2.946542495047319 -2.830901995210305 -2.685286053256647 -2.5116146579313314 -2.3109484402773104 -2.0815143280135326 -1.8196954575804685 -1.527066805808071 -1.2094076085055439 -0.8706134731315599 -0.5732420098811662 -0.3812077100108748 -0.26938365625666383 -0.20149426975695903 -0.1574046096257904 -0.12701898876633674 -0.10503354236490696 -0.08847294686713647 -0.07556831655040411 -0.06521687373763624 -0.05670424704360579 -0.04955311602222791 -0.04343647850634859 -0.03812578588769125 -0.03345877037788634 -0.02931883631948591 -0.025621476096544603 -0.02230508258356161 -0.01932458904896271 -0.01664697450779853 -0.014248031112970471 -0.012110007131203351 -0.010219873254540022 -0.008568043732981308 -0.007147436924681477 -0.005952793224636249 -0.004980189629180569 -0.004226704065175681 -0.0036901919301570722 -0.0033691448356277577
-0.010948121288867347 -0.011056641717198284 -0.011388212975442727 -0.01194571233570364 -0.012733982292933686 -0.013759819351156971 -0.015032011996467864 -0.016561474775449194 -0.018361532764133007 -0.020448417380272067 -0.022842043716517484 -0.025567154166111647 -0.028654939623163622 -0.03214529349328558 -0.03608992609138322 -0.040556683394290666 -0.04563560041139333 -0.05144752149567436 -0.058156618394843526 -0.06598898160519029 -0.07526093338713676 -0.08642336437534653 -0.10013333717666234 -0.11737370893101204 -0.13966027193892266 -0.1694127704934831 -0.21063189168054658 -0.2700862249729158 -0.3588782213826504 -0.49156050037338006 -0.6738305141029519 -0.8881515486724665 -1.1165617625977193 -1.35297001482498 -1.5900697857228612 -1.8209543817158418 -2.042744615954675 -2.253978185542928 -2.4517356948985816 -2.631412280256211 -2.7878332819742226 -2.916476306478486 -3.014363791630581 -3.0805094976549308 -3.115917488452335 -3.123223946531719 -3.1061385067640894 -3.068852656402215 -3.0155411573297655 -2.9500179116192453 -2.8755505072229113 -2.7948031234760475 -2.709865582482136 -2.622329442554806 -2.533381774474706 -2.4438978777432196 -2.354522889083006 -2.265738267156364 -2.177912799744674 -2.0913397021311404 -2.0062621716773728 -1.9228899044215997 -1.8414088824762986 -1.761986399432869 -1.6847729152415507 -1.60990197608743 -1.5374891246221554 -1.4676304667322073 -1.4004013515241855 -1.335855457190169 -1.2740244468705206 -1.2149182629768132 -1.1585260569610245 -1.104817701378858 -1.0537457987748495 -1.0052480841871643 -0.9592501146621758 -0.9156681475836782 -0.8744121303137747 -0.8353887562807862 -0.7985045889007402 -0.7636693181140787 -0.7307993042180835 -0.6998216962278522 -0.670679622108717 -0.6433393015856625 -0.6178005589985134 -0.5941133816025409 -0.57240543919712 -0.5529300998219756 -0.5361543353530891 -0.5229281307612068 -0.5148302809649882 -0.5149225566312353 -0.5295267815020157 -0.5728076087130505 -0.6798543548994448 -0.9478098070898877 -1.6650989278057786 -3.469460673166855 -5.249460722201862 -3.456206613666443 -1.654658636060769 -0.9395785189782212 -0.6719900687260393 -0.5645431042709783 -0.5206449445743953 -0.5054544527193954 -0.5049312390843242 -0.5128235167834525 -0.5261115114088225 -0.5432405444858555 -0.5633709793808587 -0.5860342184850069 -0.6109642591175247 -0.6380105564680835 -0.6670908598144607 -0.6981647477053685 -0.73121836569952 -0.7662554429586568 -0.8032919056958125 -0.842352554596818 -0.8834688895420163 -0.9266775129492123 -0.9720187539557049 -1.0195352925311951 -1.0692706602221567 -1.1212675667669834 -1.1755660582834138 -1.2322015546682294 -1.2912028432304496 -1.3525901224582484 -1.4163731931383718 -1.4825498848594396 -1.551104780972968 -1.6220082652050694 -1.6952158515659719 -1.7706676751902375 -1.8482879049436811 -1.9279836859464676 -2.0096430201956403 -2.0931307426070362 -2.178281443672047 -2.2648878360751556 -2.3526826846765667 -2.4413120733743914 -2.530297578578366 -2.6189850531528767 -2.706478514087749 -2.7915595440981376 -2.872596273105104 -2.947452022441628 -3.01341235570349 -3.0671598236847717 -3.1048353027915487 -3.122227737973734 -3.115121974603458 -3.0797996317712397 -3.0136308197898938 -2.9156303412077547 -2.7868111083795144 -2.630179097627755 -2.450280849164922 -2.2523060574413543 -2.040862627912828 -1.8188621103815026 -1.5877574438814002 -1.3504269446869321 -1.1137617148191896 -0.8850561089660908 -0.6706805666405067 -0.48894171611741943 -0.35700417151361935 -0.2688016451332972 -0.20975173310265074 -0.16881059430727666 -0.1392563143981596 -0.11711605255718716 -0.09998606849727883 -0.0863600286410903 -0.07526097797931687 -0.06603581278694749 -0.058236535795813775 -0.051549134320098215 -0.04574950390537352 -0.040675265897413604 -0.036207229140829994 -0.0322568791715317 -0.028757740931011095 -0.025659299420690704 -0.02292265692547919 -0.02051740388852411 -0.018419363335175274 -0.016608982225602417 -0.015070212458087883 -0.013789766757723504 -0.012756659512793238 -0.011961957630381699 -0.011398676309470564 -0.011061762861620542
-0.03143710427953483 -0.031523771551445166 -0.03181033005597482 -0.0323060156304037 -0.033025685153164855 -0.03398933950001224 -0.035221621800529776 -0.036751419937688885 -0.038611711122937833 -0.04083978655238525 -0.04347799311115251 -0.04657513483963115 -0.050188700781525784 -0.05438813851644857 -0.05925949036003293 -0.06491187244431254 -0.07148653964631203 -0.07916969570486984 -0.08821086716383818 -0.09894970396220551 -0.11185570486920307 -0.12758781691580304 -0.14708404800565292 -0.17169340919504628 -0.20335519274972416 -0.24478306153425175 -0.2994412760611415 -0.3707413690284223 -0.4600639602244229 -0.5662340975026151 -0.6898485422656697 -0.8339265768877256 -0.9980830768750985 -1.1778962971172415 -1.368505431308912 -1.5667737602623262 -1.7707086011621356 -1.9777792059448656 -2.183915035225836 -2.3834993938115043 -2.5699486795418 -2.736549116907982 -2.8773642193195257 -2.9880410403001556 -3.0663392691190086 -3.1122663525082563 -3.1278183438985008 -3.116441241301711 -3.0823852008246897 -3.0301094943445506 -2.9638351920722945 -2.887274123825503 -2.80351344420597 -2.715012389353279 -2.623665740163243 -2.5308973746797463 -2.437759239295356 -2.345021697909335 -2.253248961569214 -2.1628581766700306 -2.074163406776879 -1.987406918993118 -1.9027804783174713 -1.8204391811726146 -1.7405099838762221 -1.6630966499807653 -1.5882824317800734 -1.5161314459233528 -1.4466894144577456 -1.3799842153451007 -1.3160265144671977 -1.2548106248798256 -1.1963156500764534 -1.1405069074520242 -1.0873375918737513 -1.036750620773201 -0.9886805997704069 -0.9430558571779968 -0.899800518089539 -0.8588366207827337 -0.8200863234374555 -0.7834743103659909 -0.7489305934705017 -0.7163940342863634 -0.6858171198303891 -0.6571728796486482 -0.6304654660812254 -0.6057471086464109 -0.583146473254145 -0.5629181832549421 -0.5455333558938021 -0.5318537657194023 -0.5234868048694311 -0.5235587833346127 -0.5385356421156073 -0.5829148722469508 -0.6926059473513644 -0.9669205377190542 -1.6999009992788179 -3.5365209741684303 -5.339490358188691 -3.5224878242476314 -1.6890599547995913 -0.9585832762531395 -0.6847409631712991 -0.574665746958005 -0.5296481362680355 -0.5140498099821748 -0.5135085019146662 -0.5216341816013969 -0.5353460016492375 -0.553062828473716 -0.5739345182239705 -0.5974889653551139 -0.6234590162922087 -0.6516927730481323 -0.6821049821960677 -0.7146497872493744 -0.7493051302060043 -0.7860637646569247 -0.8249281316588533 -0.865907519147315 -0.9090165493070529 -0.9542743874832285 -1.001704275513396 -1.0513331268559591 -1.1031910157026952 -1.1573104634095042 -1.2137254801212558 -1.272470361912744 -1.3335782729991221 -1.3970796598461357 -1.4630005479554777 -1.5313607601279835 -1.6021720664563053 -1.6754362251668733 -1.7511427949488534 -1.8292664857485084 -1.909763655875967 -1.9925673506381976 -2.0775799995483584 -2.1646625457035396 -2.2536183790474795 -2.3441700172716877 -2.4359261042318887 -2.5283361212010638 -2.620630498419352 -2.711744986986596 -2.800230809929224 -2.884156986275563 -2.961018955686254 -3.027678229685892 -3.0803696564658445 -3.1148215934390198 -3.126531954823794 -3.1112200622871815 -3.0654247701305275 -2.9871509499985978 -2.87640599555032 -2.735454320823793 -2.5686763055039252 -2.3820335955204133 -2.1822588747936322 -1.9759465633278404 -1.7687162706460617 -1.5646359095068194 -1.36623368715567 -1.1755078202132052 -0.995609211465037 -0.8314058230232566 -0.6873141349516546 -0.5637504994433711 -0.4577912638355749 -0.36885493746723075 -0.2979948519157989 -0.243726824275094 -0.20261033662488018 -0.17118896720296498 -0.14676433278874224 -0.12741030490572341 -0.11178757672376137 -0.09896509897982719 -0.0882890238010556 -0.07929375151257559 -0.07164275462246157 -0.06508910128910254 -0.059448788174738726 -0.054582428945625705 -0.050382467874196764 -0.04676412299890285 -0.043658915685675426 -0.04101005380670855 -0.038769193124247606 -0.03689425995222226 -0.03534811156013334 -0.03409786082109404 -0.03311471343187495 -0.032374172688387916 -0.031856466833457144 -0.031547058023487194
-0.09655628264105193 -0.09649355245780566 -0.09640014714572571 -0.09630949059961784 -0.09627400666745731 -0.09636217810026969 -0.09665512407571011 -0.09724319664876563 -0.09822308447031458 -0.09969584303159189 -0.10176616881149486 -0.1045431284798196 -0.10814246733033019 -0.11269056537507552 -0.11833008213552186 -0.12522730531714346 -0.1335811308038546 -0.14363331672185914 -0.15567890380169735 -0.1700739690543806 -0.1872343489124329 -0.2076128067080266 -0.23163479535072615 -0.25957669843785397 -0.2914270677079529 -0.32695054830471965 -0.3663889616336461 -0.4118218217331325 -0.4677130622472474 -0.539063855063555 -0.628772423081362 -0.7369608901499286 -0.8621761736650028 -1.002840002161442 -1.157972308157875 -1.3270141785066285 -1.5091246541410428 -1.7024868028169258 -1.9039031249810832 -2.108689385426573 -2.310817239373154 -2.503300687018371 -2.6788297571194297 -2.830593168401977 -2.953139064531524 -3.043063773231324 -3.0993434639303428 -3.123233755464794 -3.117803640440195 -3.08727047174072 -3.0363224971368177 -2.9695662212670038 -2.8911595016502347 -2.8046261541658977 -2.712811212815766 -2.6179260572931304 -2.521639104122008 -2.4251805177387777 -2.3294420100645277 -2.2350624944466255 -2.1424966968611603 -2.0520674035137416 -1.9640036929823605 -1.8784680100871327 -1.7955748230860948 -1.7154032112708915 -1.6380052514827537 -1.563411613263878 -1.4916353780079687 -1.422674780835925 -1.3565153319587695 -1.293131597824942 -1.2324887986235686 -1.1745442973968567 -1.1192490067712209 -1.0665487151208324 -1.0163853280188238 -0.9686980303697226 -0.9234243944993319 -0.88050149159663 -0.8398671056757031 -0.8014612070462158 -0.7652279242937712 -0.7311183779465363 -0.6990949423304975 -0.6691378531204166 -0.6412557144193705 -0.6155026574330258 -0.5920072502598807 -0.5710230479872908 -0.5530209098189914 -0.5388662892773571 -0.5301800175165315 -0.5301233543530504 -0.5452445712542789 -0.5902327379579959 -0.701454825445694 -0.9793190600801175 -1.7198614505399286 -3.56481657668718 -5.363383400166947 -3.550706851299407 -1.709199389417259 -0.9713294895060413 -0.6940219407994795 -0.5824519977725227 -0.5368355518617544 -0.5210866257724807 -0.5206558917885077 -0.5290732938111877 -0.5432244104403673 -0.5615156628054657 -0.5830940872051847 -0.607488679073723 -0.6344342380118141 -0.6637799178198558 -0.6954395956390693 -0.7293640705403619 -0.7655252482077619 -0.8039072068638475 -0.8445013555392726 -0.8873040751038931 -0.9323158579531892 -0.9795413087732684 -1.0289895736644918 -1.0806748947788285 -1.1346170773567585 -1.190841723722659 -1.2493801402737055 -1.3102688635623565 -1.373548779451084 -1.4392638237698498 -1.5074592531044055 -1.5781794544713834 -1.6514652207293967 -1.7273503445094123 -1.8058572712743068 -1.886991387221373 -1.9707332905926331 -2.0570280934987357 -2.145770421158399 -2.2367833299891458 -2.329788898028112 -2.4243678537391475 -2.5199055005901463 -2.6155217077794037 -2.709984413432185 -2.8016096719213643 -2.8881576238715168 -2.966743467164659 -3.0337950941034655 -3.085101735774508 -3.1160042523100677 -3.1217674775692297 -3.098138027775293 -3.042025568562371 -2.9521691933217324 -2.8296018784063484 -2.6777466401021983 -2.502079302463645 -2.309434480333046 -2.107141203379315 -1.9021987031969252 -1.7006429567760448 -1.5071615769566997 -1.3249531557008993 -1.1558359734067318 -1.0006556220530565 -0.8599808364557929 -0.7348039194203004 -0.6267089947482792 -0.5371393112867531 -0.46594742491431707 -0.4102118862674601 -0.36493419573713665 -0.32567322947513033 -0.2903593904340881 -0.2587368444513025 -0.23101919463416132 -0.20720232627339913 -0.18700292628297088 -0.16999449076241038 -0.15572613345365685 -0.1437849747723104 -0.13381803194782815 -0.12553306470300366 -0.11869063706834555 -0.11309362508096994 -0.10857694805419968 -0.10499861401861887 -0.10223243562017141 -0.10016249093082842 -0.09867931293092937 -0.0976777584364952 -0.09705647310068416 -0.09671880618621224 -0.09657493871819116 -0.09654488270829875 -0.09656191295686564 -0.0965759335882989
-0.15246632617161524 -0.15251495494359912 -0.15277757387271518 -0.1532473688616771 -0.15391479082095563 -0.15477163836966407 -0.15581566819060874 -0.1570548322148424 -0.1585102918793312 -0.16021757131805467 -0.16222554030276604 -0.16459328033148848 -0.16738519672592636 -0.17066494428937581 -0.17448885459576904 -0.17889971082240358 -0.18392214618811195 -0.18956197702017974 -0.1958137878043689 -0.2026841474397421 -0.21024101737544715 -0.2186998957833274 -0.2285474563178547 -0.24067719073099367 -0.25647370074734854 -0.2777630951057992 -0.3065896570083447 -0.34488335923227553 -0.39416980207303187 -0.45545899967164366 -0.529345546719932 -0.6162444598447634 -0.7166287539762604 -0.8311380559219222 -0.9604941014024001 -1.105257022750956 -1.2655147078393574 -1.4405820781339564 -1.6287403869220816 -1.8270259297086735 -2.031096151943043 -2.2352353192473506 -2.432580191602113 -2.6156238954059225 -2.776983523900657 -2.91031047945432 -3.0111305011837732 -3.0773825484569675 -3.1095100560909286 -3.1101095105253753 -3.0832807329826135 -3.0338846421719987 -2.9668868165686737 -2.8868867003809844 -2.7978516436100582 -2.7030218547699225 -2.604931724487507 -2.5054952810713935 -2.4061164272058333 -2.3077991841062233 -2.2112450690488816 -2.116932801271536 -2.0251802328103308 -1.9361906904983053 -1.8500867106056211 -1.7669341240973604 -1.686759051103244 -1.6095598449112545 -1.5353155204864468 -1.4639917699370666 -1.395545325149446 -1.3299271720306016 -1.267084939687276 -1.206964666782593 -1.1495120724950536 -1.0946734193032244 -1.0423960395768521 -0.992628601080968 -0.9453212028605767 -0.9004254200831698 -0.8578944542685609 -0.8176835970979821 -0.779751291067927 -0.7440611875220845 -0.7105857977890606 -0.6793126773306182 -0.6502547131524058 -0.6234672806322789 -0.599077386168722 -0.5773347157699049 -0.5587047825907598 -0.5440475236468453 -0.5349801778431598 -0.5346658692694031 -0.5496663446243538 -0.5947053270196824 -0.7062057722326543 -0.9844898558738345 -1.7236149110312866 -3.550803452579422 -5.315636384585124 -3.537477118270878 -1.7137059910673909 -0.9772633563042892 -0.6995861505002405 -0.5877903122926926 -0.542164670684683 -0.5265619015335211 -0.5263951522004138 -0.5351791369239591 -0.5497965622162168 -0.5686570873354462 -0.5909135501035769 -0.6161012172785071 -0.6439603169557606 -0.6743437357181576 -0.707166846180826 -0.7423794079385606 -0.7799496683380952 -0.8198555432155753 -0.8620800781809335 -0.9066095690650775 -0.9534333399670879 -1.002544518283278 -1.0539413423945985 -1.1076286605212937 -1.1636193618538135 -1.2219355417325555 -1.2826092493396444 -1.3456827005896455 -1.4112078615463324 -1.4792453148797047 -1.5498623106076728 -1.6231298654065838 -1.6991187047036798 -1.7778937273095274 -1.8595065004858244 -1.9439850496924276 -2.0313198790383122 -2.121444742339445 -2.2142101952383695 -2.3093474562729 -2.4064197192856955 -2.504758049524414 -2.6033798027373476 -2.7008898131195513 -2.7953693154359254 -2.8842656600090613 -2.9643077959772355 -3.0314870666843587 -3.0811556739324963 -3.108297282805233 -3.1080032891179536 -3.0761347415967117 -3.0100689173713118 -2.909351076728744 -2.776044996923002 -2.6146382104001713 -2.4314982093200967 -2.2340276654403883 -2.029750703504276 -1.8255437231600178 -1.6271314886987447 -1.4388623422437867 -1.2637037467374974 -1.1033773274181804 -0.9585710907958213 -0.8292008030438801 -0.7147109958599964 -0.6143850724190486 -0.5275872196703885 -0.45384413434314497 -0.39273403281974 -0.3436488033540884 -0.3055608713879022 -0.27692808772658306 -0.25581010892216904 -0.24016084442767466 -0.22815921888985075 -0.21842825102341634 -0.21008080946667881 -0.2026335977184293 -0.19587169146031064 -0.18972589861884864 -0.18418757872309524 -0.17925983857661504 -0.1749345845789625 -0.17118501252917656 -0.16796628470304714 -0.16522015672211607 -0.1628812735934926 -0.16088385653542503 -0.15916791180573167 -0.15768424455151697 -0.15639768438932017 -0.1552881440501981 -0.15434945338998252 -0.15358628402473462 -0.153009813570151 -0.15263299279558099
0.12693072905426997 0.126363108611728 0.1245155745117689 0.12140725650701076 0.11707144692058724 0.11155553847906448 0.1049207474692046 0.09724147008701255 0.08860407756918316 0.07910492173989175 0.06884730764957264 0.05793720151047263 0.04647748509064259 0.03456063481523161 0.022259782156490042 0.009618184196118046 -0.003362804078484246 -0.01673708387099808 -0.03062815675008299 -0.045243784488675054 -0.06088971599709733 -0.07798048422592808 -0.09704463246149128 -0.1187217098723243 -0.14374958007013183 -0.17294329560192243 -0.20717047880295308 -0.24733123401934826 -0.2943508613909729 -0.34918931127036673 -0.41286274169122683 -0.48646314432547294 -0.5711572816754933 -0.6681499001030078 -0.7786063020216745 -0.9035385973266506 -1.043662102721503 -1.1992240986577283 -1.369803268447271 -1.554082019970907 -1.7496092491695538 -1.9525968486861311 -2.157822874299585 -2.3587343051376988 -2.5478328036639066 -2.7173693205804628 -2.860268332365504 -2.9710861318780655 -3.0467453622415595 -3.0868335098893986 -3.0933988608739944 -3.070348689660996 -3.022662094003803 -2.9556342966264464 -2.8742961664819213 -2.783058376365571 -2.685557995339943 -2.584651110928461 -2.4824911941374372 -2.380645103825462 -2.28021511748115 -2.1819497389691938 -2.086336136457249 -1.993673113226964 -1.9041265651777075 -1.8177705299308806 -1.7346170335023638 -1.654637549846526 -1.5777783309578466 -1.5039713154686334 -1.4331418498031046 -1.3652140878798618 -1.300114662841837 -1.2377750373493983 -1.1781328166776273 -1.1211322375447113 -1.0667240090049512 -1.014864670985786 -0.9655156417099376 -0.9186421442081697 -0.8742122311819094 -0.8321961714224146 -0.7925665262985491 -0.7552993519732791 -0.7203771477223981 -0.6877945026478527 -0.6575680105234446 -0.6297532012896593 -0.6044735645435306 -0.581971502552912 -0.5627012394274578 -0.5475066797389375 -0.5379822050281647 -0.5372556190693638 -0.551825142650252 -0.5962745512747882 -0.7066387377218238 -0.9818561730526096 -1.7097029335731273 -3.4910994865328355 -5.191541016626299 -3.4793393339841234 -1.7010733201514763 -0.975737705154233 -0.7011316255573871 -0.5905357845337346 -0.5455717298557271 -0.5304583929706874 -0.5307380505013098 -0.5399828414642459 -0.5551072167018488 -0.5745418393819228 -0.5974551414149911 -0.6233945253761044 -0.6521095589067908 -0.6834598363439479 -0.717364807860401 -0.7537756765111527 -0.792659569825858 -0.833990909949079 -0.8777472055324378 -0.9239076518944801 -0.9724535338652699 -1.0233697555517034 -1.0766470060512905 -1.132284182983749 -1.1902907675143188 -1.2506888959088114 -1.313514909529066 -1.3788201898067083 -1.446671095348859 -1.5171478102572786 -1.5903418781564778 -1.6663521266816324 -1.7452785677901617 -1.8272136762959144 -1.9122301850976438 -2.0003641761536852 -2.0915917877926904 -2.1857973237184525 -2.282730008474714 -2.381946262045532 -2.4827344832151383 -2.5840205038928437 -2.684254948547663 -2.7812898128169805 -2.872261713186496 -2.9535136591066196 -3.0206037025727817 -3.0684609526850406 -3.0917453897692306 -3.0854333814666677 -3.045578741707824 -2.9701044558373373 -2.859407080745333 -2.7165607132164507 -2.547015950756385 -2.3578613781798126 -2.156861235862277 -1.9515281464694882 -1.7484268942527676 -1.5527882962262372 -1.3684068587149594 -1.1977383468907383 -1.0421040021699648 -0.9019283195198472 -0.7769670198814969 -0.6665076621185128 -0.5695407254479196 -0.48490287104866164 -0.41139021505244583 -0.34783523313300513 -0.29314314585461626 -0.24629291004472903 -0.2063179825717872 -0.1722855656727265 -0.14328814673202014 -0.11845168071952412 -0.0969562495051381 -0.07806084267983143 -0.06112429032770917 -0.04561754790377809 -0.031126231586062272 -0.01734497353648775 -0.004066315062083278 0.008833208433824387 0.02140780635646368 0.03365676927943255 0.04553775051286123 0.056978676697547886 0.06788813285673848 0.07816414561241812 0.08770134999204274 0.09639659602462967 0.10415312787055368 0.110883533758949 0.11651170529894435 0.12097405405772958 0.12422021432490499 0.12621342402480834
0.2654568268116239 0.265001554605944 0.26344537074679614 0.26079154332725857 0.2570470277262418 0.25222221861467575 0.24633058772840688 0.2393882268931524 0.23141330521286158 0.22242542896401216 0.21244485963234905 0.20149150271088037 0.1895835329930237 0.17673547659373398 0.1629555401568683 0.14824197109106854 0.13257826583030638 0.11592712112154718 0.09822314686312383 0.07936452100236857 0.05920393790373606 0.037539348901090855 0.014105064972027187 -0.01143625287731231 -0.03950037428150297 -0.0705870005647469 -0.1052842275672021 -0.14427233246813606 -0.18832701125735476 -0.23832151904286816 -0.2952261819714471 -0.36010279900360603 -0.43409090870840095 -0.5183828579346555 -0.614184720625039 -0.72265974126941 -0.8448497047995878 -0.9815677670125841 -1.133255027909944 -1.2997944843781049 -1.4802824505114442 -1.672771596291196 -1.8740228142381425 -2.0793329874678412 -2.2825330916010262 -2.47625728710705 -2.6525452614611993 -2.8037447227319636 -2.9235501325476747 -3.007910742920664 -3.055539791215531 -3.067881937145333 -3.0485887744854527 -3.0027073393011214 -2.935831859514851 -2.853409780930493 -2.760288152162391 -2.660494863975323 -2.5571985652984184 -2.4527788497931167 -2.348948868025993 -2.246890868941157 -2.1473823044695166 -2.050902600538519 -1.9577183400604283 -1.867948554787868 -1.781613399467074 -1.698669730813244 -1.6190367342782395 -1.542614144085765 -1.4692949969473685 -1.398974343354248 -1.331554936507297 -1.2669506274576758 -1.205087994466398 -1.145906606482119 -1.0893582452454664 -1.0354053717450669 -0.9840191083384393 -0.9351770110199299 -0.888860922272551 -0.845055225836956 -0.8037458778005876 -0.7649206823047154 -0.7285714502517564 -0.6946989944701821 -0.6633225100098645 -0.634496035178358 -0.6083369609854661 -0.5850762150801472 -0.5651497188642856 -0.5493731892368404 -0.5392961364030129 -0.5379688707967888 -0.5517393210778925 -0.5948560020207672 -0.7024736379948944 -0.9707274473498646 -1.6765076409650228 -3.3824930920819054 -4.9873914072728125 -3.3729951024768043 -1.669598756222676 -0.9659672339664626 -0.6982744000007293 -0.5904943812792743 -0.5469626727076856 -0.5327397700856277 -0.5336842903419909 -0.5435081391929397 -0.5591970469979475 -0.5792230991504946 -0.602781615498903 -0.629438882941467 -0.6589582592914163 -0.6912093641103885 -0.7261185372640324 -0.7636410760447212 -0.8037456640469793 -0.8464060255618251 -0.8915970881911663 -0.9392940706969111 -0.9894735007027314 -1.0421154795693612 -1.0972066830405818 -1.154743683728693 -1.2147362404321718 -1.2772102355983834 -1.3422099651376933 -1.409799491006699 -1.4800627573790974 -1.5531021326748917 -1.629034965417896 -1.7079876133560625 -1.7900862060443774 -1.87544311099757 -1.9641376757572775 -2.0561893090419114 -2.1515203713288136 -2.249905761052314 -2.3509057200447754 -2.4537786491997253 -2.5573723229788947 -2.659995868953869 -2.75928255540534 -2.8520659434975 -2.934309141046449 -3.0011452803676324 -3.0470978867957865 -3.0665374454140735 -3.054379508227453 -3.0069376720252587 -2.9227394058760776 -2.8030533920978855 -2.6519227421984866 -2.475654297320424 -2.2819077137089887 -2.0786535786734377 -1.8732683799195429 -1.6719306285893303 -1.479351166919974 -1.2987751003082981 -1.1321543737325217 -0.980396321641777 -0.8436209821326095 -0.721389906981851 -0.612892304057552 -0.517088438449425 -0.43281668702622517 -0.3588720059809182 -0.29406232399403837 -0.23724750403586342 -0.18736423519099746 -0.14343982585229284 -0.10459795820976082 -0.07005940230028733 -0.03914012783469409 -0.011248298667423195 0.014119338615111532 0.03738181543873206 0.05887941086512365 0.07888045499414692 0.09758939292875068 0.11515574558889756 0.13168342554515028 0.14723982595681814 0.16186417882304927 0.17557482788012665 0.18837523713143225 0.20025871740934412 0.21121198077291678 0.2212177116694191 0.23025637915006622 0.23830751062661798 0.24535061817793122 0.2513659233070044 0.25633497734371363 0.2602412286234261 0.263070551014416 0.26481172221915744
0.32963794564019344 0.3292781171518379 0.3280327144447022 0.3259015420645161 0.3228853928274963 0.3189855341746369 0.3142030059973736 0.30853777833438917 0.3019878240760662 0.2945481614487318 0.2862099118363387 0.2769593984835655 0.26677728234003906 0.25563769120563945 0.24350725394032796 0.23034390517647724 0.2160952873412411 0.20069655318919766 0.1840673715628079 0.16610796807043218 0.14669409222055055 0.12567088845555613 0.10284575207617269 0.07798035628272318 0.05078213028340665 0.020895538905991443 -0.012106439275816876 -0.0487302055536646 -0.08956833872344237 -0.13530476453503792 -0.18671765576205296 -0.24467925644621596 -0.31015157975438923 -0.3841765576149406 -0.4678586313796778 -0.5623368500939128 -0.6687422049397531 -0.7881342204664605 -0.9214090480104816 -1.0691701749697586 -1.2315536736538468 -1.4080046949113896 -1.59701332350127 -1.7958384300136159 -2.0002778949674855 -2.204576494713902 -2.4015826512677125 -2.5832465783255514 -2.741472518338998 -2.869202244998424 -2.9614699710181673 -3.0161173252423334 -3.0339487650252166 -3.0183098773942154 -2.9742716450191824 -2.907697520180377 -2.8244336326267296 -2.7297508664647063 -2.628054991878176 -2.522811016048777 -2.416605078435122 -2.311275212008992 -2.208062499087996 -2.107754416032396 -2.0108073755798364 -1.917444969976774 -1.8277334048526175 -1.741637668783022 -1.6590623887421718 -1.5798809461937167 -1.5039557724280979 -1.4311520710864216 -1.361346640315017 -1.2944330203724561 -1.230323869345318 -1.1689512485958133 -1.110265355811297 -1.0542321563132766 -1.0008303132149123 -0.9500477936606924 -0.9018785228083924 -0.8563194700667784 -0.8133685880019103 -0.7730241014052516 -0.7352857950334548 -0.7001592409684999 -0.66766446982442 -0.637851686658337 -0.6108288150663902 -0.5868101363324341 -0.5662048945423988 -0.5497863746358993 -0.5390337078626817 -0.5368712481318261 -0.5493977413833456 -0.5903060727235077 -0.6933230897674255 -0.9502316700964651 -1.6221780395294778 -3.2220087812705445 -4.700756921968672 -3.2153242293099473 -1.617318620245444 -0.9469712042694244 -0.690511833293626 -0.5874006190260125 -0.5461998683788477 -0.533343092306517 -0.535217745798987 -0.5457700903332467 -0.5621030038041036 -0.5827538706365368 -0.6069581653382676 -0.6343089721227765 -0.6645885957045634 -0.6976804380837507 -0.7335208247009144 -0.7720719935333343 -0.8133070108431126 -0.8572018330286473 -0.9037318994060645 -0.9528717281129233 -1.004596545145583 -1.0588852673615772 -1.115724311981805 -1.1751117847316908 -1.237061639019709 -1.3016074150281087 -1.3688051664552774 -1.4387351624072966 -1.5115019033352646 -1.5872319032478808 -1.6660685462353215 -1.748163102704885 -1.8336606671114448 -1.922679332450973 -2.0152803443432954 -2.1114263115213587 -2.2109239022965457 -2.3133470918293857 -2.4179374445153723 -2.5234799878148375 -2.6281582450279717 -2.72940151882722 -2.823752776975804 -2.9068058107973087 -2.9732805972067275 -3.0173138069722705 -3.0330184903609294 -3.0152967311960737 -2.9607761579816345 -2.8686292440431878 -2.740997659166333 -2.582837938640599 -2.4012059246128374 -2.20420010696031 -1.999875974369128 -1.7953919010492647 -1.5965097291384238 -1.4074373686429522 -1.2309207217859734 -1.0684735332855533 -0.9206537207128663 -0.7873277131856665 -0.6678941151054536 -0.5614585594760668 -0.46696304413137446 -0.38327783540317906 -0.30926484021030776 -0.24382021940683565 -0.18590224000099762 -0.13454865279216016 -0.08888653781191891 -0.048136630572925256 -0.01161354639969918 0.021277055046733457 0.051043568781762604 0.07811517500497946 0.10284967528143679 0.1255419698984769 0.14643274687738186 0.16571698338117774 0.18355190565061172 0.20006412306119847 0.21535574526421128 0.22950939662712272 0.2425921462503935 0.25465845884237404 0.2657523335491962 0.27590882867112937 0.28515517263986206 0.29351164026073234 0.3009923360659013 0.3076059820669291 0.31335676167878646 0.31824523168231794 0.3222692819247659 0.3254251003269748 0.3277080888417954 0.3291136722147035
0.36469001277467256 0.3643879814016224 0.36338467464679897 0.3616794459118048 0.3592716908338928 0.3561602610503965 0.35234266643919687 0.3478141075874507 0.3425663891681827 0.33658677039664225 0.3298568094633108 0.3223512540272432 0.3140370177061767 0.30487226350084634 0.2948055872800169 0.28377526141712234 0.27170845971742086 0.2585203466699538 0.24411287932480888 0.22837314715568077 0.2111710687332533 0.19235627996169427 0.1717540889393592 0.1491604368294693 0.12433588642851727 0.09699875348814263 0.06681758824636791 0.03340329889166918 -0.0036987223216290352 -0.045016053001178204 -0.09115580353646073 -0.14280974450802084 -0.20075732717599584 -0.2658656947821156 -0.3390853840624185 -0.42143977296074786 -0.5140053659893152 -0.6178786705758651 -0.7341237323142348 -0.863692553755205 -1.007309123773081 -1.165307659801698 -1.3374187082544178 -1.5225056240773294 -1.718271749883148 -1.9209871589779384 -2.125320037713232 -2.3243886833992584 -2.510150254625249 -2.674181803216407 -2.808777440235491 -2.9081226486404788 -2.969204930555196 -2.9921676349175255 -2.9800124840368603 -2.937798205439468 -2.8716308978219067 -2.7877368225038897 -2.6917946570031366 -2.5885699986470136 -2.4818025866344495 -2.3742609158430446 -2.2678834544954043 -2.16394786520472 -2.063233507871884 -1.9661608999448172 -1.8729034205442165 -1.7834726886466226 -1.6977816042684004 -1.6156895895825798 -1.5370341640778609 -1.461652246571446 -1.3893938144955493 -1.320129897942094 -1.253756380071616 -1.1901947085625362 -1.1293903691975777 -1.0713098039303497 -1.0159363469284164 -0.9632656855595314 -0.9133013141263966 -0.8660504349787338 -0.8215207744633726 -0.7797188357490268 -0.7406502380757763 -0.7043230543767652 -0.6707555788735593 -0.6399909816548016 -0.6121233592244741 -0.587343915933229 -0.5660250695911455 -0.5488806844217486 -0.5372894167521854 -0.5339930158020697 -0.5447266665862421 -0.5823762609397802 -0.6786280750508951 -0.9192289556126081 -1.544556521126962 -3.0070398922994626 -4.330839904516985 -3.003527017010309 -1.5419451632015861 -0.9174986931270697 -0.6771701322790517 -0.5808836660412273 -0.5430806606323939 -0.5321654753453807 -0.5352984734978229 -0.546770648649538 -0.5638562273283249 -0.5851863860403118 -0.6100526833296372 -0.6380844999088444 -0.6690892146997816 -0.7029683785894303 -0.7396717947506322 -0.7791717620015449 -0.8214487652905151 -0.866484107141064 -0.9142570163365022 -0.9647447895618254 -1.0179250391523944 -1.0737793811848457 -1.132298025439511 -1.193484785945088 -1.2573620449137708 -1.3239751922261183 -1.393396025602127 -1.4657245317553558 -1.5410883604735648 -1.619639134603246 -1.7015444845364442 -1.786974327348052 -1.8760794031500316 -1.9689594281697342 -2.0656174613853495 -2.1658963435922196 -2.269392668042295 -2.375344297177185 -2.4824900076291843 -2.588906002816197 -2.6918356644498416 -2.787547339541695 -2.87127888239503 -2.937349904172649 -2.9795272555988075 -2.9916934539182267 -2.9687753295591133 -2.9077556971964493 -2.808476942021473 -2.673940328800157 -2.5099531621589204 -2.324218136666164 -2.1251582530446287 -1.9208185338995325 -1.7180839199206128 -1.522289719325162 -1.3371691307083877 -1.165021643291631 -1.006986246668963 -0.8633342932446041 -0.7337330943567836 -0.6174598985271433 -0.5135637156208525 -0.42098133562194934 -0.33861693888566624 -0.26539457314141995 -0.20029127655423165 -0.1423567842960054 -0.09072407006769802 -0.0446136354343975 -0.0033334935993693648 0.03372385072716007 0.06708652337894008 0.09720983418925307 0.12448371902190306 0.14924060053875252 0.17176325157143074 0.19229230096573727 0.2110330902662708 0.22816167315970368 0.24382984175498007 0.25816915622043846 0.27129403686633974 0.28330404176776436 0.2942854940220413 0.3043126392417866 0.3134485085764419 0.3217456404416527 0.3292467808505005 0.335985644572715 0.3419877814917254 0.34727155895578876 0.3518492435299231 0.35572814533321023 0.3589117752456143 0.36140095907509284 0.36319485213635794 0.3642918017497011
0.38730754463929423 0.3870356844298324 0.38621267915721746 0.3848377985545675 0.3829095452884908 0.380425118466655 0.37737969302876145 0.3737655464481746 0.36957107073772844 0.36477971260207886 0.3593688866040642 0.35330890530960884 0.346561965559197 0.339081221164661 0.3308099585817936 0.32168087380243054 0.3116154258395528 0.3005232159628507 0.288301313619067 0.2748334227836867 0.25998875929285675 0.24362049478066078 0.2255636200470473 0.20563209334929103 0.18361516909160397 0.1592728492118241 0.13233046026837855 0.10247242901748345 0.06933540251361332 0.03250093056541183 -0.008512000535197194 -0.05425421830921833 -0.1053529354147501 -0.162517030776448 -0.2265401874116539 -0.298300643106858 -0.3787556995952009 -0.46892823237754705 -0.5698811813709633 -0.6826743653284704 -0.8082960528882303 -0.947559893057768 -1.1009568750624765 -1.2684535140637732 -1.4492340021522037 -1.6413990442433324 -1.8416606081513676 -2.045109424344662 -2.245171338688058 -2.4338859662238814 -2.602601761107265 -2.743060819411306 -2.8486665816964485 -2.915577690792133 -2.943266661702341 -2.934364663052856 -2.8938910800628928 -2.828174115993737 -2.743804246638889 -2.6468515133504016 -2.5424208972329603 -2.434502184886567 -2.326019537346302 -2.218986287369831 -2.114694991812174 -2.0139009018148397 -1.916979096060221 -1.824049523276105 -1.735071585017309 -1.6499129416333023 -1.568397865637844 -1.4903399826187176 -1.4155633675259025 -1.343915076158362 -1.2752714345101355 -1.2095398250668479 -1.146657284016462 -1.0865869247584696 -1.0293130006974707 -0.9748352841468153 -0.9231633490268879 -0.874311292688296 -0.8282934132620284 -0.7851213853814217 -0.744803572856892 -0.7073473413457285 -0.6727656961756231 -0.6410904983227901 -0.6123963847579023 -0.5868433885153487 -0.5647545615968065 -0.5467636296916815 -0.5341124643083139 -0.5292926247312216 -0.537541176458639 -0.5706469575320356 -0.6575679322043457 -0.8762017395903511 -1.4411216545471854 -2.7355909129173357 -3.87893712397999 -2.735379304689415 -1.440819869911216 -0.8759305228804546 -0.6573263507765843 -0.5704131067785148 -0.5373006426494032 -0.5290392689588216 -0.5338458969683474 -0.5464872532369074 -0.5644742893267654 -0.5865667724125287 -0.6121319654125946 -0.6408472755297583 -0.6725526705238201 -0.7071731054636494 -0.7446759455744728 -0.7850470898579718 -0.8282778032357273 -0.8743581323682058 -0.9232746516330288 -0.9750112126622343 -1.029551833111759 -1.0868850836811057 -1.1470094290514223 -1.2099390043567821 -1.2757092907656202 -1.344382101018037 -1.4160491974906297 -1.4908337292745366 -1.568888471958022 -1.6503895557548902 -1.7355239418871777 -1.8244683230922012 -1.9173563668997442 -2.014230331683531 -2.114972212844356 -2.219209092797125 -2.326188009632784 -2.434618711915392 -2.5424900539741024 -2.646879788954994 -2.7437996051262408 -2.8281453954953375 -2.893847262147964 -2.934314082656785 -2.943216268178977 -2.915532495218714 -2.8486294100081824 -2.7430324242612123 -2.6025812455907538 -2.4338713853899967 -2.2451603141206546 -2.045099640952426 -1.8416501326558599 -1.6413864700958225 -1.4492184637320766 -1.2684346217739946 -1.1009346142273826 -0.9475345155763181 -0.8082679776601417 -0.6826440948709243 -0.569849237078431 -0.4688951083311463 -0.37872183349054905 -0.29826640237693297 -0.22650586823276186 -0.16248286729669342 -0.10531911637734351 -0.05422090816472444 -0.008479362285334392 0.03253271353516457 0.06936610778878717 0.10250178155456259 0.13235812498921898 0.15929843070612681 0.18363821836067978 0.20565212140782282 0.22558011752317467 0.24363295639512425 0.25999671181912 0.2748364549138931 0.2882991059522333 0.30051556936547774 0.3116022864797529 0.3216623531246972 0.3307863468379767 0.33905299322142485 0.3465297781378349 0.3532735852356193 0.35933140998474955 0.36474117551103835 0.3695326523621127 0.37372846623498235 0.37734516371197585 0.38039429724447943 0.38288348562202495 0.3848174050605281 0.38619866811443415 0.38702855200704095
0.4044366199737301 0.40417963754080566 0.4034980817591576 0.4023909279473706 0.4008554009386382 0.39888653661694673 0.3964766094689838 0.39361444918122057 0.39028467317377397 0.3864668647473844 0.3821347273882914 0.37725524489535534 0.3717878741579647 0.365683791887726 0.35888520913005484 0.3513247570462114 0.3429249347513341 0.33359759492215973 0.32324342590358 0.3117513708331923 0.2989979058733538 0.28484608301154907 0.2691442294308176 0.25172418846830696 0.23239898787739724 0.21095983263007675 0.18717234225645912 0.1607719867139201 0.13145871950097107 0.09889085948504765 0.06267833321595079 0.02237545798771592 -0.022526472117068114 -0.07260642627366799 -0.12852017499958282 -0.19100535772807262 -0.26088393864400916 -0.33906034261604334 -0.4265127251360922 -0.5242736469726365 -0.6333948427895147 -0.7548888270514196 -0.8896379994275584 -1.038260324948237 -1.200920897388962 -1.3770831183872008 -1.5652053834772566 -1.7624130733409482 -1.9642131536528695 -2.1643639951981393 -2.3550456234817525 -2.5274584766432944 -2.6728744788122896 -2.7839749301283674 -2.856115284264909 -2.8880934913008027 -2.8821529194092426 -2.8432571839253113 -2.777945722665661 -2.693164285961823 -2.5953615283960603 -2.4899623567259916 -2.3811815287241926 -2.2720717594567 -2.164696130080191 -2.0603420739507348 -1.9597274816187458 -1.8631758354179393 -1.7707539339829275 -1.6823744311188176 -1.5978688931100256 -1.5170377187097388 -1.4396826193882106 -1.3656262918952844 -1.2947228555598125 -1.2268617384256102 -1.1619670132241628 -1.0999936876214156 -1.0409221014876349 -0.9847513413829077 -0.9314924157147705 -0.8811618246531113 -0.8337760958895841 -0.7893478441639356 -0.7478839699766225 -0.7093867858650451 -0.6738592460345063 -0.6413162547720924 -0.6118056619443051 -0.5854459483364878 -0.5624949135311182 -0.5434801880381912 -0.5294618987522184 -0.5225989279841035 -0.5274691474355804 -0.554426484947023 -0.6289307047942695 -0.8191188312436176 -1.3089818167590062 -2.4066835617112594 -3.3490201940703055 -2.4096538603582136 -1.3109159982479845 -0.8201537477236718 -0.6296898255482896 -0.5552091188262561 -0.5283886982355362 -0.5236851620575832 -0.5307045230588737 -0.5448473040126285 -0.5639417655705071 -0.5869198627918117 -0.6132494355027865 -0.6426708787698421 -0.6750663117131577 -0.7103906891896576 -0.7486339366361943 -0.7897997524903035 -0.833894059080822 -0.8809194906861895 -0.9308739477604213 -0.9837520502277423 -1.0395487119797593 -1.0982642327418297 -1.1599103603874035 -1.224516762572373 -1.2921372823870834 -1.3628552407119248 -1.4367868813762248 -1.51408180978125 -1.5949189257182266 -1.6794958541985778 -1.7680091975324712 -1.8606220457149132 -1.9574141261710158 -2.0583089104321264 -2.1629713505524966 -2.270670559208323 -2.380105224488356 -2.489198209758239 -2.5948834267388285 -2.6929344165627414 -2.7779172994547063 -2.8433781732566885 -2.882370505166536 -2.888358773756758 -2.8563874894352157 -2.784224353604406 -2.673083608470532 -2.5276212074761117 -2.355164998685797 -2.164449230672667 -1.9642767020872864 -1.7624682364640691 -1.5652646637091139 -1.3771572609080402 -1.2010184570372495 -1.0383875747330362 -0.8897990313064266 -0.7550857424644185 -0.6336279719046535 -0.5245417644508094 -0.4268132488059798 -0.3393895120975118 -0.261236976600874 -0.19137661936185243 -0.12890329196509417 -0.07299445043926889 -0.022912023403003304 0.022000037999402627 0.06232082170431179 0.09855898859908256 0.13116001125041113 0.16051358977376673 0.18696087410491824 0.21080122973225887 0.23229836605118712 0.25168571488434016 0.2691710069504269 0.28494004757690616 0.29915973767330406 0.31198042059202036 0.3235376585888764 0.3339535539699287 0.34333773103531706 0.35178808732630923 0.35939140905595823 0.36622392813985444 0.3723518793943094 0.3778320974573418 0.38271267553121685 0.38703369254850756 0.3908280023504271 0.394122068362306 0.39693681968885486 0.399288499890903 0.4011894773127853 0.402648985944457 0.4036737675938881 0.404268589969878
0.4189589517395762 0.418709119491677 0.41814405468576993 0.4172622025317277 0.4160591441919424 0.41452727298756903 0.41265539431320114 0.41042826507984403 0.40782609009891996 0.4048239934328415 0.4013914821172917 0.3974919181647685 0.3930820117328981 0.3881113445616876 0.38252192750924546 0.37624778982542495 0.3692145906061501 0.3613392344193976 0.35252946394258694 0.3426833921807211 0.33168892609287276 0.3194230223304621 0.3057507051533314 0.2905237670020385 0.2735790657775638 0.25473632968061927 0.23379538364752747 0.21053272097111875 0.18469736137186177 0.1560059631386692 0.12413719221376424 0.08872539601269624 0.049353687214481974 0.00554661772781913 -0.04323727366644471 -0.09761260578836563 -0.15827333129313756 -0.22599693905064908 -0.30164515605831055 -0.386158850593357 -0.4805437321492415 -0.5858419266282396 -0.7030825534266477 -0.8332021706494038 -0.9769238438263906 -1.1345827225282428 -1.30588851042384 -1.4896246045504333 -1.6833046010006623 -1.8828431076363896 -2.082347166641207 -2.2741805222614597 -2.4494583556550995 -2.5990470033145465 -2.714952327204712 -2.7917454908082826 -2.827546901298152 -2.824202820125708 -2.7866176598579524 -2.721545699213524 -2.636291448953523 -2.537677852890927 -2.4314347709590316 -2.3219787512620385 -2.2124648531622344 -2.1049818324482903 -2.0007936244678075 -1.9005696670190182 -1.8045779743080768 -1.7128344107109068 -1.6252115206596252 -1.5415140380117032 -1.461528694575163 -1.3850550232578036 -1.311922512696749 -1.2419981916840324 -1.1751876695438404 -1.1114318609662615 -1.0507010453264827 -0.9929875014581651 -0.9382976752385883 -0.886644642117282 -0.8380415006148692 -0.7924962671145477 -0.7500088460944005 -0.7105707585797644 -0.6741686002345785 -0.6407928309105982 -0.610454815971971 -0.5832178129152324 -0.5592536116567345 -0.5389502019405868 -0.5231287117849512 -0.5135123861895489 -0.5138243870443729 -0.5325897252480474 -0.590923534774226 -0.7452818415533238 -1.1449923816566399 -2.0209948368977986 -2.74844139522071 -2.0267763328492623 -1.1489615688606714 -0.7474158034325883 -0.5924218031492083 -0.5340905955888923 -0.5155895891633816 -0.5156227139443178 -0.5255751335782219 -0.5416742733339798 -0.5621671006650241 -0.5862138407442674 -0.6134154357529472 -0.643595042158034 -0.6766896034789247 -0.712692744122065 -0.7516233847605255 -0.7935082698414185 -0.8383726727430312 -0.8862363487025882 -0.9371131400480676 -0.9910132791629016 -1.0479477275517453 -1.107933999219841 -1.1710029207101744 -1.2372057113319395 -1.3066206381895202 -1.3793583012868718 -1.4555643175816722 -1.535417761902052 -1.6191231443496148 -1.7068929089863076 -1.7989163924229024 -1.8953099099644872 -1.996041309010128 -2.1008214150038707 -2.208955301504204 -2.319150091292498 -2.4292859043859125 -2.5361760965798883 -2.6353742652929784 -2.721125019011701 -2.7865869723422065 -2.824446748479915 -2.8279523039073116 -2.792212405041171 -2.7154026773742 -2.599429309505393 -2.44974775737638 -2.2743748122422134 -2.0824605190205134 -1.8828993702964492 -1.6833315243627769 -1.4896496356072326 -1.3059361710852593 -1.1346732629888372 -0.977072774569562 -0.8334203258772048 -0.7033764338290329 -0.5862141599916929 -0.48099355877751526 -0.3866825853738068 -0.3022366066321515 -0.22664777571673944 -0.15897341326879455 -0.09835027334323432 -0.043999617487208105 0.004773499065816712 0.048584432370770994 0.08797512209309072 0.12342122843617775 0.15533957599409196 0.1840954724424568 0.21000961993531603 0.2333644396561851 0.2544097045356529 0.27336743213132697 0.29043603485248365 0.30579376010231785 0.31960147967554914 0.3320049059910981 0.343136322633117 0.35311591988352936 0.3620528229690309 0.3700458935330765 0.3771843748247342 0.3835484394659275 0.3892096864066021 0.39423162169279663 0.3986701465054848 0.40257406551446295 0.40598561968096725 0.40894104003902826 0.41147111273958226 0.4136017412341317 0.41535448840751077 0.41674708017741574 0.41779385215716536 0.4185061224482428 0.41889247629580706
0.432174025316625 0.43192809753302286 0.43146159179150056 0.4307722543997883 0.4298538208156502 0.4286958107567956 0.4272833049489349 0.42559671281033795 0.4236115397556476 0.4212981616376496 0.41862161192617076 0.41554138486417536 0.4120112547187564 0.40797910812405214 0.4033867826527603 0.39816990098817723 0.39225768593961086 0.3855727373617996 0.3780307476786646 0.3695401279956419 0.36000151164507244 0.3493070967605828 0.3373397831632199 0.323972052895089 0.30906453736899037 0.2924642088724582 0.27400213027393067 0.2534906957921042 0.23072029871854355 0.20545536992562174 0.177429745663467 0.14634134515059108 0.11184617038410119 0.07355168481949534 0.03100969013456258 -0.016291089267382826 -0.0689323701265846 -0.12757307501901274 -0.1929546396913904 -0.26590353381923737 -0.34732896172533184 -0.4382126840930303 -0.5395864580358914 -0.6524906628784055 -0.7779052981595679 -0.9166420106886204 -1.069183985790566 -1.2354612842758288 -1.4145558920197612 -1.604348409964522 -1.801152365295524 -1.9994338548246278 -2.1917717483593364 -2.3692416988033402 -2.522349401405494 -2.6424533841769895 -2.723346155482452 -2.7624637042711537 -2.7612532866458515 -2.7245734783624243 -2.659417837137761 -2.57347201262918 -2.4739422082139217 -2.3668554983800725 -2.2568098698697097 -2.147037097764976 -2.0396274681536433 -1.9358030586376627 -1.836173920307819 -1.7409487291968595 -1.6500940909180883 -1.5634476880942219 -1.4807942825235842 -1.4019137284946734 -1.326608804651095 -1.2547189697469139 -1.1861245972480676 -1.1207450029512793 -1.0585326558280164 -0.9994652987581535 -0.9435372410967869 -0.8907507623847237 -0.8411083473583192 -0.7946063321010001 -0.7512304742453193 -0.7109539818022538 -0.673738694391369 -0.6395405199484849 -0.6083211385642731 -0.5800699559364605 -0.5548446553866213 -0.5328487987436844 -0.5145896596048033 -0.5012241871417805 -0.49538304743927525 -0.5033120973044988 -0.5409015115224336 -0.6512025749637503 -0.9461428158696307 -1.581802026779714 -2.08875454820679 -1.5897912319791419 -0.9518279682678513 -0.6542051239079004 -0.5428708028132214 -0.5052164623145692 -0.49764773060350403 -0.5039967078488543 -0.5178756582612465 -0.5365749071686822 -0.5588895547332473 -0.5842819829633513 -0.6125301068776685 -0.6435669592974501 -0.6774018339503592 -0.714078986473302 -0.7536550733336557 -0.7961868131158137 -0.8417248172304379 -0.8903115574777112 -0.9419823741482998 -0.9967688521062308 -1.0547040591745216 -1.1158291659633075 -1.1802008975315643 -1.2478991245138833 -1.319033675861703 -1.3937491281792462 -1.4722258554376815 -1.5546749581218724 -1.6413237659305002 -1.732387373906514 -1.828020132453118 -1.9282393263725632 -2.032811951561078 -2.1410956694463734 -2.2518288717188515 -2.3628758247361406 -2.4709554986314752 -2.5714198979012295 -2.658195244589056 -2.7240368159132053 -2.76123369364284 -2.7627843765563407 -2.7238412374795 -2.642984753313495 -2.522817720991322 -2.3695897288086503 -2.191980385257685 -1.9995133954385096 -1.8011321415587889 -1.60426730334509 -1.4144550411342476 -1.235379242358182 -1.0691539665968162 -0.9166906491538395 -0.7780523841196071 -0.6527494331359353 -0.5399641677377496 -0.43871128560769856 -0.3479457933384456 -0.26663196740591544 -0.19378466509631076 -0.12849181632829745 -0.06992453937515376 -0.017339389109276928 0.029924200314709295 0.0724492447967979 0.11074798378271855 0.14526924245195558 0.17640583826731104 0.20450169103932855 0.22985842964211947 0.2527413781591256 0.27338486644749227 0.2919968538083708 0.3087628862016336 0.3238494297034142 0.3374066376689776 0.3495706175053748 0.36046526630826004 0.37020374371651177 0.37888964644118106 0.38661794322291576 0.39347572201297987 0.3995427938070504 0.40489219046332425 0.40959058649026875 0.41369866865032573 0.41727147060881015 0.42035868456913833 0.4230049565372286 0.4252501675298094 0.4271296992300753 0.4286746798908094 0.42991220437304734 0.43086552130759065 0.43155418062773343 0.4319941356250955 0.4321977953185271
0.44474007730054066 0.44449768109579385 0.44411538203747813 0.44359012899010314 0.44291376992498543 0.442072964045605 0.44104912985103567 0.43981843216323957 0.4383518086934396 0.43661503394385465 0.4345688154044852 0.4321689138446779 0.4293662766263218 0.42610717009723004 0.42233329467918795 0.41798186398336296 0.4129856275531173 0.4072728155099881 0.40076698212934386 0.39338672449967393 0.38504525129355194 0.3756497753043785 0.3651007013475418 0.35329057842775935 0.34010278153903833 0.32540988415203603 0.3090716781522072 0.29093279360139596 0.27081986786450324 0.24853821266041765 0.22386793010214573 0.19655943571741089 0.16632835964039663 0.13284981850809519 0.0957520833027205 0.05460971783953886 0.008936337585976976 -0.041822747183166024 -0.09829756311271375 -0.16119946749847427 -0.231324972853617 -0.30955563804722186 -0.3968513212191378 -0.4942327315513986 -0.6027473349059441 -0.7234102181156267 -0.857108655566372 -1.0044564758042722 -1.165583453212416 -1.3398489813364327 -1.5254834460779318 -1.7191917752379688 -1.915806253546929 -2.1081432404239533 -2.2872693019790686 -2.443353967043388 -2.567114185764146 -2.6515511673363767 -2.6934026112455705 -2.693723767679066 -2.657363704929047 -2.591608783321374 -2.504574111010063 -2.4038752706954787 -2.295836552053475 -2.1852179648163554 -2.075299792004058 -1.968146018024257 -1.8649148708942478 -1.7661427361963098 -1.6719717907744038 -1.582317478827749 -1.4969837518795521 -1.415737509508234 -1.3383531883311088 -1.2646364933881677 -1.1944340990395033 -1.1276342774928725 -1.0641619650819767 -1.0039707229661483 -0.9470333040231912 -0.893332020985957 -0.8428497529207177 -0.7955621796222369 -0.7514316677644919 -0.7104031381090481 -0.6724022301690469 -0.6373362013400774 -0.605098376936306 -0.5755779205291346 -0.5486790134095926 -0.5243593308489799 -0.5027129338050191 -0.48416523131068645 -0.46997434095472496 -0.4636317437939523 -0.4750245059227579 -0.5326792725087628 -0.7104853041453209 -1.0962915879827746 -1.386612536850011 -1.105695464488118 -0.7174555455569657 -0.536323273602404 -0.47723198839122644 -0.4656528063731004 -0.4724031586859219 -0.4872311960109598 -0.5064516589174163 -0.5286967274762956 -0.5534739230286587 -0.5806463442015891 -0.6102295346686989 -0.6423048674697284 -0.6769792494107992 -0.7143648873205002 -0.7545687064673522 -0.7976870892402235 -0.8438040590019543 -0.8929920565501263 -0.945314875048648 -1.0008324593832758 -1.0596072748232697 -1.121711859391683 -1.18723700597821 -1.2562997702335688 -1.3290501333579827 -1.4056746244724794 -1.4863944549437667 -1.5714546579042736 -1.661099279205551 -1.755525803523896 -1.854809851813156 -1.9587892610861832 -2.066896213083186 -2.1779296534111428 -2.2897721184139304 -2.3990809488971605 -2.501028027630992 -2.5892201644944146 -2.6559788862753795 -2.693140298111424 -2.693391136109173 -2.6518822406674607 -2.5675846945675773 -2.443807078684922 -2.287603750401742 -2.1083115298485713 -1.915804816011082 -1.7190475719008993 -1.5252408715992494 -1.3395592879966012 -1.1652973520954126 -1.004219605076551 -0.8569592227328374 -0.7233781068827059 -0.6028541084374213 -0.49449213330199 -0.3972700165226238 -0.31013404056078897 -0.23205806614885574 -0.1620775736086742 -0.09930703582737117 -0.04294658485442885 0.0077179540985703385 0.05331894954645972 0.09441300352844055 0.13148801236376081 0.1649705362252446 0.1952330393575056 0.222600739914612 0.24735792308848203 0.26975364597059415 0.2900068116344867 0.30831062255335306 0.3248364442127784 0.3397371233284583 0.3531498118192728 0.36519835055116606 0.37599526613085443 0.3856434310912429 0.39423743369478975 0.4018646984615505 0.40860639393016607 0.41453815925148885 0.4197306774083399 0.4242501189141465 0.42815847698890375 0.43151381206386746 0.434370420892669 0.4367789431099991 0.43878641547751773 0.44043628212869634 0.44176836706387934 0.4428188137805126 0.44361999610637454 0.4442004036584573 0.44458450584732667 0.4447925986894718 0.44484063974067967
0.4570291600802887 0.4567918633013783 0.4564813255503884 0.4560936615994513 0.4556189260530586 0.45504113648079664 0.45433838068971866 0.4534830051323506 0.4524418773508852 0.4511767115925519 0.4496444428207884 0.4477976311570381 0.445584875900042 0.4429512160914356 0.4398384930936881 0.43618565004178 0.4319289428885705 0.42700203877009624 0.42133597840719217 0.41485898112551567 0.4074960726598104 0.3991685173340428 0.3897930370678578 0.3792807995734681 0.36753615684899427 0.3544551129088036 0.3399234957918271 0.32381480489965586 0.3059876997478676 0.28628309195826585 0.2645207989920296 0.2404957171772096 0.21397347362500216 0.1846855241353021 0.15232367741940345 0.1165340500707591 0.07691049444587328 0.03298760196518578 -0.015766520980214867 -0.06995735814699418 -0.1302703902497388 -0.19747586012904292 -0.27243039359958443 -0.35607312416606407 -0.44941271149176615 -0.5534998374725018 -0.6693772960939969 -0.7979966842071844 -0.9400873441975537 -1.0959608357095514 -1.2652356182164566 -1.4464770353247627 -1.6367749543582844 -1.8313334588336878 -2.023223102552204 -2.2035204409768347 -2.3620656272825142 -2.488918072485382 -2.57625629045408 -2.6201003353918355 -2.621135518569001 -2.5842708866324733 -2.5171784462430296 -2.4284829973736475 -2.3262527065775993 -2.217111768235861 -2.105956040419542 -1.9960752952042566 -1.889468173416724 -1.7871970904381793 -1.6897020181526214 -1.5970441364649572 -1.509079129519395 -1.4255719225846113 -1.3462673235380738 -1.2709295383728376 -1.1993607559900883 -1.13140626559237 -1.0669513403487207 -1.0059134607779712 -0.9482322714440348 -0.8938588462956375 -0.842745269027014 -0.7948351306414588 -0.7500552404599482 -0.7083085945159154 -0.6694684058083632 -0.6333727497127881 -0.5998190936210723 -0.5685576984616953 -0.5392828126695182 -0.5116216081579306 -0.48512615034190254 -0.45929483360634515 -0.43372709620184297 -0.4087868061027056 -0.3880213002818943 -0.3855542195174065 -0.4390358072635465 -0.5772136565425559 -0.6646604961685068 -0.587121249112774 -0.44674974340335655 -0.38962623967829524 -0.3903066141258254 -0.41071217562447754 -0.4360417558367271 -0.462321730658962 -0.4889473465205179 -0.5161788188530957 -0.5444308730410805 -0.5740953996526138 -0.6055094581735251 -0.6389583275874782 -0.6746841000913978 -0.7128930813857427 -0.7537613657251208 -0.79743933767344 -0.844055964902025 -0.8937235556205538 -0.9465434220855306 -1.002612665325525 -1.0620320743028189 -1.1249148836004006 -1.19139582869104 -1.2616395271645808 -1.33584663660813 -1.4142554089106927 -1.4971350699985082 -1.584765781789201 -1.677397712099541 -1.7751790106479723 -1.8780397397445034 -1.985517361099944 -2.0965121278498113 -2.2089728791604584 -2.319542694642485 -2.4232461466183315 -2.5133717198870085 -2.581763983836512 -2.6197217759303717 -2.6195198089289513 -2.5762287515762585 -2.4891793391277335 -2.3623982751207184 -2.203771637699341 -2.023307399760143 -1.8312236632645904 -1.6364868373710977 -1.446053212578149 -1.2647318852971627 -1.0954361621319493 -0.9395973763745089 -0.797590021700762 -0.6690937146928043 -0.5533697663732574 -0.4494574605628954 -0.3563055236860022 -0.27285563143860514 -0.1980923836574019 -0.13107079358068033 -0.07092920981993045 -0.016893110305095382 0.03172660552777663 0.07553846325328072 0.11507688847730846 0.15080936278624307 0.18314367972682077 0.2124349549569344 0.23899219550580758 0.2630843285728622 0.2849456511371651 0.3047806996126353 0.32276856236861406 0.33906667170005844 0.35381411872110924 0.3671345369709173 0.37913859963249585 0.3899261720323256 0.39958815674830694 0.4082080638868863 0.41586333432296574 0.42262643951637135 0.4285657782405435 0.433746388043687 0.4382304873832144 0.4420778638820746 0.4453461229867164 0.4480908115378963 0.4503654303025406 0.452221349503995 0.45370764098168115 0.45487084045590087 0.45575465300580265 0.45639961481326224 0.45684272407747983 0.45711705429643956 0.4572513631419668 0.4572697107586629 0.4571911011115154
0.46926870227903617 0.4690393645174091 0.4687892097813534 0.4685135362583768 0.46820081073381387 0.46783279339757083 0.4673847871272823 0.46682600251991074 0.466120024742282 0.4652253634728571 0.46409606303832796 0.4626823463647186 0.46093126397529816 0.45878731772200804 0.4561930284574607 0.4530894175707141 0.4494163737412223 0.44511287888680917 0.44011707027765695 0.4343661193827745 0.42779591167724695 0.42034051494630825 0.41193142640865205 0.40249659062014925 0.391959180693579 0.3802361342306192 0.3672364330576792 0.35285911176027734 0.3369909752857003 0.31950400029310916 0.30025238927288694 0.27906924180645487 0.2557628039902309 0.23011225656320103 0.2018630055063422 0.17072144782369184 0.13634920255137062 0.09835682639720222 0.05629708224496578 0.0096579064695426 -0.04214465384920369 -0.09977306572480857 -0.16397371721132586 -0.2355798402029231 -0.315509930691551 -0.40475850537405067 -0.5043743396515656 -0.6154189129814269 -0.7388945377117592 -0.8756277293255992 -1.0260896537066493 -1.1901343181370527 -1.3666415576452666 -1.5530744240942946 -1.745010353563078 -1.9357883502650286 -2.116512393292404 -2.276697586009085 -2.405726647329774 -2.494925516843762 -2.5395937315377157 -2.540106892901343 -2.5015569072122763 -2.432144511344138 -2.3411136895570417 -2.237030389209826 -2.126801803712991 -2.0154030866380217 -1.906062735725181 -1.8006472780145137 -1.7000693956582449 -1.604633328523712 -1.5142923732661582 -1.4288243922386683 -1.3479424637466724 -1.2713588219286573 -1.19881724260767 -1.1301051952069856 -1.0650536807038484 -1.0035300647408978 -0.945427345007883 -0.8906519985047482 -0.8391116619983793 -0.7907032609450595 -0.7453017012878687 -0.7027487759822678 -0.6628414170506767 -0.6253177307650707 -0.5898382295501945 -0.5559581104447843 -0.5230841130446131 -0.49040654551460805 -0.4567954030727058 -0.4206580224668086 -0.37980695659438063 -0.33157682739934774 -0.27391438277028857 -0.2083239966767147 -0.13910671653277068 -0.04468960978414359 0.047715331660112464 -0.05417411068350762 -0.1469161027724543 -0.21259991565875372 -0.2762050161262348 -0.3333100789259518 -0.38183463462690326 -0.4233962146966188 -0.46038753494557816 -0.49482828649189065 -0.5282044949562625 -0.5615763088746686 -0.5957079310029596 -0.6311652831272091 -0.668380779251093 -0.7076946458102616 -0.7493813747922989 -0.7936673647392225 -0.84074370204457 -0.8907765833679568 -0.9439169227268235 -1.0003100253707502 -1.0601057126782336 -1.12346882545459 -1.190589537069154 -1.2616922610309753 -1.3370410374839543 -1.4169379724897153 -1.5017094140444387 -1.5916719166478797 -1.6870666294454346 -1.7879468992837388 -1.8940009097520276 -2.00429225920016 -2.116912743695482 -2.2285729638922955 -2.33421775327751 -2.4268435880632753 -2.497778887632232 -2.537676918863908 -2.5382533488286625 -2.494367879678344 -2.4056410149814513 -2.2768113766990528 -2.116619652783914 -1.9357596724450672 -1.7447867264807098 -1.5526517317656992 -1.3660525273067197 -1.1894323701258875 -1.0253365328062989 -0.8748850518851105 -0.7382185767152087 -0.6148577498251793 -0.5039666123999434 -0.40453317048341814 -0.3154866324169374 -0.23576961735965007 -0.16437987154097164 -0.10039207907494171 -0.04296708341720522 0.008646596204679481 0.055115771421116254 0.09702808053177271 0.1348986958551472 0.16917745527426742 0.2002559452951689 0.22847426290561734 0.25412731050062914 0.277470557656541 0.29872525312665593 0.31808310069874607 0.335710429875799 0.3517519015754567 0.3663337923211655 0.37956689985106595 0.3915491099130989 0.40236765931948054 0.41210112468513205 0.42082116072835074 0.4285940066935284 0.4354817751185965 0.4415435337669395 0.4468361894043626 0.4514151810416214 0.45533499024427376 0.45864947684927376 0.461412049784072 0.46367568425558053 0.4654927984121961 0.46691500408558634 0.46799274808735725 0.4687748615856373 0.4693080365508742 0.4696362491162542 0.4698001507200085 0.46983644847903405 0.4697772965873729 0.46964972069263544 0.4694750964401296
0.4816019323044274 0.48138417854843824 0.4811836598165182 0.4809949226846822 0.48080514016602244 0.4805943258317375 0.4803357036861997 0.47999621997210945 0.4795371770169841 0.4789149638119243 0.47808185373647283 0.47698683652305673 0.4755764495674593 0.47379557292696917 0.47158815291620876 0.46889782093563465 0.46566837707105824 0.4618441118155338 0.45736994385952107 0.45219135671465627 0.4462541221054221 0.43950380256784227 0.4318850297077496 0.4233405574137273 0.41381009070593594 0.4032288908485668 0.39152615546114944 0.3786231688795892 0.36443121326519007 0.3488492249545916 0.3317611740470281 0.31303313863790105 0.2925100393118857 0.27001199510468127 0.24533025986808887 0.2182226997528409 0.18840877867408287 0.15556403295788532 0.11931404141886268 0.07922793942137216 0.03481159412092049 -0.014499332083022015 -0.06934602865693537 -0.13045221903474896 -0.19862777229171955 -0.27476847105220087 -0.3598491365286235 -0.45490576207792766 -0.5610000299510836 -0.6791563858955877 -0.8102576872640098 -0.9548808158094876 -1.113050356545761 -1.283890937961272 -1.4651758992730985 -1.6528151384874592 -1.840411033598628 -2.019130815432909 -2.178234359390831 -2.306521298992028 -2.3945862476785584 -2.437178287942689 -2.434592042968211 -2.3923532939985046 -2.319389253284021 -2.2256427137939863 -2.1201256863780356 -2.0098813040954018 -1.8997763218742454 -1.7927954238537418 -1.6905215448539253 -1.5936052677967045 -1.5021388330593175 -1.4159196524574962 -1.3346193720968735 -1.2578829031100938 -1.1853798856626223 -1.1168258851071287 -1.0519854329488638 -0.9906648852773232 -0.9327000870216134 -0.8779417898001249 -0.8262403880408844 -0.7774305767286417 -0.7313157875144288 -0.6876515747842472 -0.6461263449536486 -0.6063367968877275 -0.5677539801138975 -0.5296738116172992 -0.491143214600786 -0.45085054027924387 -0.40696986912998245 -0.35696259480117226 -0.29738398362687635 -0.2238031376343923 -0.13068008596325598 -0.00864934914759447 0.17110029134018323 0.47236207542618147 0.7139965701145157 0.46429641483552 0.1639190433933517 -0.012820412892495366 -0.13294288730927661 -0.2253719192719195 -0.29909683261266673 -0.35929388864825257 -0.4101267996079568 -0.45485823701700606 -0.49590401734350203 -0.5350068257070157 -0.5734225906436072 -0.6120693841390604 -0.6516332010198945 -0.6926395676411216 -0.7355014770714949 -0.7805520248732979 -0.8280676610894363 -0.8782860340553683 -0.9314210162206812 -0.987676520186572 -1.0472599615887848 -1.1103955548521205 -1.1773368932821033 -1.2483773025270843 -1.3238550717971922 -1.4041486115999176 -1.4896535746018207 -1.5807297950841885 -1.677600657185061 -1.7801822777734433 -1.8878179068155447 -1.998901376557404 -2.110404812718836 -2.217395695201965 -2.3127416828109424 -2.387321431658127 -2.431072870038188 -2.434957441965734 -2.3933678892997974 -2.305975487652839 -2.178048757243634 -2.0190512423036413 -1.8402615941256824 -1.6524982746694625 -1.46465923703263 -1.2831889555808451 -1.112206633516449 -0.9539536597947228 -0.8093097810911176 -0.6782479914794469 -0.5601849251721236 -0.4542291074872062 -0.35934662792421074 -0.2744663088215837 -0.19854312245436825 -0.13059394649178044 -0.06971555618197259 -0.015091528714620618 0.03400755644402378 0.07822779666413937 0.11813773238009305 0.15423508069092445 0.18695375059177224 0.21667073153042932 0.24371262446004016 0.268361696506998 0.290861411232646 0.31142142996978517 0.33022210607016755 0.3474185084141757 0.36314401761738613 0.37751353991249065 0.3906263818451784 0.402568824659929 0.4134164313053404 0.42323611284243645 0.4320879740452492 0.44002695219363813 0.44710425753884586 0.4533686198650067 0.45886734264422463 0.46364716487916235 0.4677549304499737 0.4712380658323792 0.47414486897632757 0.4765246146654629 0.4784274848498281 0.47990433554253653 0.48100631527423704 0.48178435310641304 0.4822885370907146 0.4825674065819299 0.4826671840522742 0.4826309736029248 0.4824979547599748 0.4823026004283657 0.4820739478299831 0.48183494987601644
0.49411568097017283 0.49391343891722006 0.49375221452003804 0.49362590870900463 0.4935207609304604 0.4934156375313146 0.4932824975616118 0.49308701783179554 0.49278935246152733 0.4923449965115984 0.49170571916663586 0.49082052876876847 0.48963663076363 0.4881003394768146 0.48615790614321713 0.48375622832046655 0.4808434097695391 0.47736914473948633 0.47328490619091645 0.4685439234074991 0.46310094036937716 0.45691175157374697 0.44993251691067093 0.44211886035869524 0.43342475940988096 0.423801232345883 0.413194828899729 0.4015459267173309 0.38878683095122596 0.37483966833237947 0.359614059853299 0.34300454874471603 0.3248877531597242 0.30511920617005567 0.28352984102704937 0.25992207658803984 0.2340654591006802 0.20569182274455994 0.17448994567262657 0.1400997048748874 0.10210577886067307 0.06003102207854694 0.013329756726711722 -0.038618579320374956 -0.09651468504577025 -0.16114233233071545 -0.23336704253744742 -0.314127468414525 -0.4044148439084635 -0.5052336013887548 -0.617533234663914 -0.7420978263916582 -0.879376027539958 -1.0292325227340575 -1.190606210582159 -1.3610781059106594 -1.5363951119309518 -1.7100764432935691 -1.8733440181329484 -2.0157120596011584 -2.126506305014356 -2.1971975039731517 -2.223783092949011 -2.2080314129976957 -2.1568150478142116 -2.079874380557386 -1.987208483891693 -1.887197258562702 -1.7858348842996234 -1.6868287945318003 -1.5921177179354045 -1.5024618424533522 -1.41793230882493 -1.3382547198516466 -1.263023173479039 -1.191819389249975 -1.1242694487666767 -1.0600626363350192 -0.9989489179344399 -0.9407254656007696 -0.8852183725729185 -0.8322628912921038 -0.781683705728575 -0.7332755735995669 -0.6867838647525415 -0.6418838972871493 -0.5981574241306393 -0.5550641030439398 -0.5119053815618982 -0.4677782569668738 -0.42151746822652314 -0.3716277148100125 -0.3162115889901053 -0.2528916461843749 -0.17864514227456363 -0.08909421931651457 0.024507492722318815 0.18572797344462527 0.4589109368876107 0.9357308023825928 1.2907914124862392 0.9295376049730412 0.45305823827775027 0.18214258408341066 0.022443753960328067 -0.09052046270309451 -0.18010713996063812 -0.25482776927490625 -0.3188545537118582 -0.3750465700753086 -0.42565760277007897 -0.4724945618511673 -0.516988757879229 -0.5602630148586405 -0.6031961031133628 -0.6464782932685836 -0.6906559464604004 -0.7361662274337203 -0.7833642529108565 -0.8325451052684895 -0.8839628019480912 -0.9378478287534664 -0.9944243245412105 -1.0539274018135467 -1.1166203148044798 -1.1828100521001688 -1.2528581914087673 -1.3271811147228034 -1.4062294916942846 -1.4904307908716203 -1.580070441773035 -1.6750788217082389 -1.7746885912531887 -1.8769444515687945 -1.9781093116278405 -2.0721396020231038 -2.150579234021523 -2.2033242116561484 -2.2205100961231943 -2.1951443301058413 -2.1253723366328985 -2.0151658161085195 -1.8730806758885616 -1.7098586184442837 -1.53606887522769 -1.3605678628498161 -1.189897732347492 -1.0283528885808568 -0.8783758622055267 -0.7410379013035556 -0.6164754343577428 -0.5042353864623218 -0.40352619945900836 -0.31338949356159557 -0.2328115698320481 -0.1607921659373825 -0.09638418991443864 -0.03871444854830616 0.01300766785331183 0.0594888669225931 0.10135493909072589 0.13915608282494848 0.17337333856514578 0.20442537659661672 0.2326751921991956 0.25843645714416774 0.2819794006047154 0.30353616963537433 0.32330566641263425 0.34145788741957817 0.35813780463012107 0.37346883602839476 0.3875559539812315 0.4004884777045397 0.412342591383137 0.42318362299783857 0.4330681118528344 0.4420456853141509 0.45016075813480383 0.4574540611772548 0.463964001225046 0.46972784900108944 0.4747827503623484 0.47916655401210756 0.48291844971773124 0.48607941221924833 0.48869244904680564 0.4908026536315077 0.4924570694177972 0.4937043750336336 0.4945944049896502 0.4951775249230232 0.49550388436625353 0.4956225738162504 0.4955807158696841 0.4954225228675378 0.4951883547734055 0.4949138120110935 0.4946288972035087 0.494357278109264
0.5068544894414951 0.5066715738380372 0.5065395982493812 0.5064519578548226 0.506394362595203 0.5063451826588033 0.5062759833204901 0.5061522275407921 0.5059341180135468 0.505577544859729 0.505035100992555 0.504257124955935 0.5031927298674908 0.501790778071099 0.5000007630949129 0.4977735641900442 0.49506204330282066 0.4918214600551012 0.48800968652583415 0.48358721009208644 0.47851691908764127 0.4727636717740105 0.46629365422436414 0.45907353630417125 0.4510694371082017 0.44224571171103577 0.43256356932598244 0.42197953024725715 0.41044372335042645 0.39789802011045194 0.3842739932495435 0.36949068015623376 0.35345212273628995 0.3360446472701235 0.3171338406505983 0.29656117356867007 0.27414021794702553 0.2496524066082796 0.2228422897143838 0.19341225979105975 0.16101675112515418 0.12525598355138134 0.08566943562527984 0.04172943626897722 -0.007164377893035199 -0.06168836846391926 -0.1225935132359415 -0.19069503500813423 -0.2668456265196267 -0.3518797873752312 -0.446509046347682 -0.5511375624583423 -0.6655586053484931 -0.788499397268685 -0.917042716938743 -1.046131365691349 -1.168663486232989 -1.2768086491693504 -1.364405306750693 -1.4287336861101363 -1.4699648658202245 -1.4892943101981908 -1.4887972500959332 -1.4709397284159087 -1.4406228641855465 -1.4036261702072579 -1.3651204863087487 -1.328246775712583 -1.2936570448554583 -1.2600260098562133 -1.2251063088256702 -1.1868209507225216 -1.1440103700329372 -1.1062934387884171 -1.0524765770209743 -0.9977665783453961 -0.9429499248314285 -0.8889509300542088 -0.8364381048826542 -0.7857511366180353 -0.7369563742569375 -0.6899368661198749 -0.6444698504756621 -0.6002755630325014 -0.5570389445552439 -0.5144127040898502 -0.47201055735372444 -0.42939714495906217 -0.3860781778072912 -0.3414907533787861 -0.2949872702564872 -0.24579095984618127 -0.19286326697558465 -0.13453343633355172 -0.06753236252745322 0.015415530710923098 0.13148871801731393 0.32199798553039877 0.6798451710642808 1.2997385236753234 1.7290962791928197 1.295672856635137 0.6757395223800451 0.31964263875258436 0.1301908082868397 0.014543612215561505 -0.06844398765326805 -0.13580119868698834 -0.19467285638017526 -0.24821144984030002 -0.2979866449482848 -0.3449535488466955 -0.3898240680137107 -0.43319948474260594 -0.4756144968489528 -0.5175528852925875 -0.5594569419956331 -0.6017371950676053 -0.6447822610488333 -0.6889648050652649 -0.7346362970960758 -0.7821005622103904 -0.8315562481226829 -0.8830053062347741 -0.9361423242937789 -0.9902677497222108 -1.0442981716644564 -1.0888976703421978 -1.136278799012727 -1.1792013214972084 -1.2176277801773532 -1.2527090223472181 -1.2865473173526918 -1.3214363561677127 -1.3587506808112275 -1.3978731066990786 -1.4356691825304024 -1.4669379395934488 -1.485833389008235 -1.4874251525811706 -1.4690231875899726 -1.4284527909745584 -1.3644780652913104 -1.2769221437570335 -1.1685886583461484 -1.0457675325088225 -0.9163949736117367 -0.7876296479958933 -0.6645471842399209 -0.550063315303032 -0.44544165642466266 -0.3508777786172787 -0.2659564643089711 -0.18995586441845938 -0.12203204796742713 -0.061323795041356224 -0.007008240690611719 0.04167238393281738 0.08540042797161915 0.12478149997098899 0.16034784517981565 0.19256396434140302 0.22183309684367145 0.24850381517073844 0.27287633705212877 0.29520836707059467 0.3157203959932374 0.3346004516924188 0.35200833055843467 0.36807935651834656 0.3829277219398792 0.3966494659604362 0.4093251429822135 0.42102222843204057 0.4317973024117248 0.4416980435277483 0.45076505746618634 0.45903355655559924 0.46653489911823753 0.4732979906062609 0.4793505431661791 0.48472018598065814 0.4894354160636874 0.49352637833066754 0.4970254639705418 0.49996771816376545 0.5023910513333247 0.5043362520294895 0.5058468046006067 0.5069685197981154 0.5077489921544782 0.5082369031584818 0.5084811943913264 0.5085301394345655 0.5084303471181654 0.5082257318201365 0.5079564884165317 0.5076581102335772 0.5073604875684835 0.5070871222067862
0.5198288862811573 0.5196686307205673 0.5195561133990683 0.5194843895466852 0.5194390653730061 0.5193986821254721 0.5193352919674562 0.5192152018124513 0.5189998547865518 0.5186468135075109 0.5181108060015617 0.5173447929596444 0.5163010147953785 0.5149319783261591 0.5131913456096974 0.5110346915987051 0.5084201025413536 0.5053085929492561 0.5016643258294935 0.4974546272290866 0.49264979314673096 0.4872226924039544 0.4811481743735327 0.4744022939106298 0.4669613680918166 0.4588008796544923 0.4498942406458195 0.44021142641476446 0.4297174852525033 0.4183709224930833 0.4061219502144755 0.3929105851867116 0.37866456864801107 0.3632970720127985 0.3467041435117229 0.3287618413497405 0.3093229906677168 0.2882134935940651 0.26522811568936966 0.24012566981181513 0.21262352443805474 0.1823913889132101 0.14904439666605723 0.11213567300192583 0.07114896064658909 0.02549276976721172 -0.025500395950902977 -0.08256124012702452 -0.14643685400511397 -0.21776020670738672 -0.29671571372944716 -0.3822236542790953 -0.47011370026583355 -0.5499049717463554 -0.6028068209798475 -0.6110310726430398 -0.5798627148052554 -0.5354402948679127 -0.4976504261756406 -0.4712116334099462 -0.45177521395481424 -0.43566106309908503 -0.4210272868090515 -0.40726239648247 -0.3944599910561208 -0.38343144115760835 -0.37566548331685656 -0.3730056569692739 -0.3772664376028574 -0.3900302183323413 -0.41264296664548833 -0.44626597264941104 -0.49181550184561373 -0.5496526637856367 -0.6189340505371572 -0.696659445741224 -0.7767599338913094 -0.8500189941834475 -0.9057396860984783 -0.9351296635997608 -0.934647704556969 -0.9070412041367018 -0.8597014384851946 -0.8024038292177667 -0.7233527290229137 -0.653879074140232 -0.5865494385407047 -0.5228521803021626 -0.46316154712366503 -0.4070824504255055 -0.35364262117208944 -0.3013109667404731 -0.24779352391728335 -0.1894730986131635 -0.12015083772144602 -0.028214761993100246 0.11005544297140563 0.34653538373130177 0.7889144599991176 1.5149199780690568 1.9769190453341536 1.5128587499177426 0.7866355703157903 0.3451645226974518 0.10935791030603148 -0.028582465361605747 -0.12041859921388334 -0.18977166450108263 -0.24817750465779106 -0.30177187876794676 -0.35411808021735536 -0.4074665784101158 -0.4633190147975778 -0.5226364050546712 -0.5858240784496347 -0.6525407050474143 -0.7213510877344428 -0.8037042558421648 -0.8585090532778263 -0.9044043876467396 -0.931106482446178 -0.9309966803716778 -0.9012019564279488 -0.8452192379412404 -0.7718539676154101 -0.6918216225378947 -0.6143241961587407 -0.5453830248838132 -0.4879394795149135 -0.4427861388789122 -0.4095273223381962 -0.38722878562580076 -0.3747253199654552 -0.3706784496670119 -0.3735222435592982 -0.38146447563087305 -0.3926849584561082 -0.4057140862165015 -0.4197521708342702 -0.4347120401403877 -0.45121791288891505 -0.4711636215556029 -0.4985107098753211 -0.5360637931104756 -0.5807206351360675 -0.6120627413351257 -0.6030147161491288 -0.5494751263788905 -0.4693137255268162 -0.38126808078933627 -0.29573595262871893 -0.2168346554093536 -0.14561545183048374 -0.08187779608891717 -0.02497814150846625 0.02583857472601843 0.07130961350778808 0.11210809713462039 0.14883042331672675 0.18199715395632707 0.2120589453265775 0.23940398929951573 0.2643655039116985 0.2872286997622788 0.3082370335549537 0.3275977260713677 0.3454865912089204 0.3620522487478875 0.37741980055099345 0.39169404813555314 0.4049623240543926 0.4172970022447469 0.42875774416390156 0.439393529028498 0.44924450727556114 0.4583437075959881 0.46671861887138333 0.47439266003805325 0.4813865431635979 0.4877195282879535 0.493410563025486 0.4984792957634573 0.5029469487625432 0.5068370362703993 0.5101759135647612 0.5129931444822242 0.5153216788314757 0.5171978349367615 0.5186610882819953 0.5197536727207511 0.5205200068427718 0.5210059641762438 0.5212580114593648 0.5213222445659791 0.5212433559742216 0.5210635710918248 0.5208215929050981 0.5205515951251987 0.5202823031389248 0.5200361995056666
0.5330212616152579 0.5328862042976988 0.5327836083904118 0.5327063720407177 0.5326404238909549 0.5325651265742302 0.5324538658246295 0.5322748002859861 0.5319917410009811 0.5315651247238571 0.5309530420069958 0.5301122798469878 0.528999338611169 0.527571385010722 0.5257871058813367 0.5236074322052809 0.5209961079371536 0.5179200847425932 0.5143497300424656 0.5102588426831515 0.5056244767810305 0.5004265801304851 0.4946474584182747 0.4882710796765795 0.48128223570141787 0.4736655772539328 0.46540453836079254 0.4564801621448123 0.44686983552222637 0.4365459341939553 0.42547437176592184 0.41361303857120163 0.40091010636510566 0.38730216526151845 0.37271214767868815 0.3570469816105774 0.3401948990435747 0.32202230332860854 0.3023700666137899 0.281049076338299 0.25783476320486676 0.23246019606730234 0.20460707489831945 0.17389352133488314 0.13985687446375297 0.10192880922814597 0.05940001445997993 0.011378146650057507 -0.043216499711563154 -0.10537327822983651 -0.1743228748901046 -0.24056611611840437 -0.2690484210303044 -0.2084444463170175 -0.08487047829584496 0.0048871367160455426 0.02166753254588448 -0.0028921126525320584 -0.03364810553172508 -0.058559830393106874 -0.07734224317135804 -0.09190684606201796 -0.10350619673285653 -0.11242390637961461 -0.11835866988982206 -0.12102310971987175 -0.12065721789811891 -0.11815043205797243 -0.11474853692850587 -0.11164467891012154 -0.10973910815224666 -0.10961763685527202 -0.11165027690079257 -0.11611200684165139 -0.1232806157235722 -0.13350462359584958 -0.1472477338899896 -0.16511544597395425 -0.1878625319724651 -0.2163699157189477 -0.25156630369853816 -0.29425503341481 -0.3447975424861085 -0.4026223896838835 -0.4656093907420922 -0.5295699350648119 -0.588246999778048 -0.6342596161631011 -0.6609444612934362 -0.6642614190966831 -0.6436078605623629 -0.6010442512377139 -0.5394282566511891 -0.4602399138845625 -0.3612595275065194 -0.2331102702673648 -0.05085672850958556 0.23966812234523444 0.7528272106387243 1.5326675890759007 1.983516173215886 1.5321525876996758 0.7520536161521014 0.2393331638691467 -0.05084854363260621 -0.23218659074914785 -0.36047527557705017 -0.4596812030054742 -0.5391307539302672 -0.6010210990896049 -0.6438596268184188 -0.6647679064714254 -0.6616458715105036 -0.6350466066848585 -0.5889783685815748 -0.5301144219251318 -0.4658853748994534 -0.4026123013193479 -0.3445359299379438 -0.29380474358443653 -0.2509966953135819 -0.2157431214061859 -0.18722749357514468 -0.16450705985060915 -0.14668850289303573 -0.1330070662602431 -0.12284949974524571 -0.1157460370546612 -0.11134322478369937 -0.10935912818123562 -0.10951544709901216 -0.11144017101053919 -0.11454770864842118 -0.11794117969179546 -0.12043415221684046 -0.12078949455266239 -0.11812532193419642 -0.11220494512936613 -0.10331352959979027 -0.091745614875218 -0.07720805084407545 -0.05843820757363986 -0.03352257722438503 -0.0027889388281042843 0.021546757060954033 0.003968619927418565 -0.08595436172298801 -0.21027683866218488 -0.26918755544661094 -0.23995335165174195 -0.17350741326664432 -0.1045772613490658 -0.04251254101841261 0.011960858584326058 0.05984552216079146 0.10222730315555284 0.1400030010519669 0.17388581622138358 0.2044476013320845 0.23215421596681027 0.2573904227964151 0.28047711266995395 0.30168353958810984 0.3212363525680937 0.3393265207046274 0.35611481744431 0.37173627730223374 0.38630389206652865 0.39991172761760657 0.41263759120145677 0.4245453465103629 0.4356869522796831 0.4461042842893711 0.45583078827459184 0.464893000103568 0.47331196036075907 0.4811045410134349 0.4882846938803737 0.49486462308960405 0.5008558771341545 0.5062703510065611 0.5111211847961801 0.5154235427332426 0.5191952557076689 0.5224573108562796 0.5252341739182916 0.5275539334973632 0.5294482607790182 0.5309521837926837 0.5321036811822176 0.5329431068378498 0.5335124629456073 0.5338545451179741 0.5340119886635454 0.534026249633054 0.5339365579017206 0.5337788817131043 0.5335849437305367 0.5333813277037707 0.5331887119918941
0.5463908552480052 0.5462824860219155 0.5461805491700006 0.546077976477095 0.5459614258274211 0.545811685453213 0.5456042497909928 0.5453100424588803 0.5448962559402271 0.5443272736169781 0.5435656370428766 0.5425730206936149 0.5413111768403165 0.5397428155260304 0.5378323879281193 0.5355467459888003 0.5328556565875194 0.5297321545238802 0.5261527249935453 0.5220973125561885 0.5175491595151906 0.5124944820774854 0.5069219969327453 0.5008223140853973 0.49418721342306593 0.48700882287201597 0.4792787144463439 0.4709869318225074 0.46212095859911295 0.4526646312307104 0.44259699352460885 0.43189108255023495 0.42051262706775094 0.40841862962148523 0.39555579162091725 0.38185872358482675 0.36724785699784407 0.35162692922711697 0.3348798297994029 0.3168664347763335 0.297416729324703 0.2763218401013186 0.25331914786135 0.22806547097172777 0.2000852334383287 0.1686649691122682 0.13263469261996913 0.08994525734372733 0.03717690865222415 -0.02835960384141121 -0.08755168202352481 -0.047196375179710204 0.13134097431655659 0.2541489542094826 0.23308833575678292 0.1578615964906262 0.09403165504686747 0.050812346212270904 0.02200137807677538 0.0016225496489836212 -0.014117208640626312 -0.0273937305542792 -0.0393029442302339 -0.05011557034003933 -0.05941110298466678 -0.06633443096595204 -0.07010924342987368 -0.07059278711719116 -0.06843615760502603 -0.06474250405024704 -0.06058338682496303 -0.056723022547141344 -0.05359169582028231 -0.051380641173778836 -0.050150171955843856 -0.049909123608126785 -0.05066335342016505 -0.05244320423186154 -0.05531972320096672 -0.059416414725438536 -0.06492069448403977 -0.07209752348507609 -0.08130661386706471 -0.0930235685740405 -0.10786360065859751 -0.12660286459344353 -0.15018472687819878 -0.1796826984118452 -0.21616260418025116 -0.26033913439565526 -0.3118649833380068 -0.3680805723008942 -0.4222382942247386 -0.4617672013244671 -0.46773732904040954 -0.4156846186631227 -0.2733980655569363 0.01440834701338789 0.5472238386485399 1.3080880352538584 1.7052159668805644 1.3084410444565504 0.5474752243126009 0.014762417947796369 -0.2730734299239789 -0.4155900973950623 -0.46798484820969477 -0.4623448375029033 -0.42303705758614035 -0.36895769522500976 -0.3126996111576733 -0.26105581414620527 -0.2167286777895445 -0.18009532164121161 -0.15045792583453999 -0.12675826246508826 -0.10792484443789327 -0.09301340192706528 -0.08124555535787817 -0.07200341486046936 -0.06480867186487044 -0.05929905518387298 -0.05520723992655179 -0.05234362677336947 -0.05058265659730733 -0.04985127727851717 -0.050117085992754565 -0.05137199451230054 -0.053604681608514504 -0.05675212979596232 -0.060620474088453655 -0.06477755681783759 -0.06845910880759044 -0.07059634480642978 -0.07009169547107374 -0.06630058201517358 -0.059370233747801725 -0.05007752164128046 -0.039274663119497455 -0.0273775215232282 -0.014110179325872597 0.0016291336059489486 0.022024044369813436 0.05087914493032404 0.09418329920000343 0.1581194781080375 0.23328318784989865 0.2535991444124228 0.13036477052136317 -0.048080259664592256 -0.08717431300897531 -0.027722559614617556 0.03774384754601152 0.09040049300374449 0.1329772426435376 0.16889477666921004 0.20020173960808824 0.2280690771612995 0.25321196938130136 0.27610792704744813 0.297102047365945 0.31645875397329193 0.3343885845761721 0.35106307346185694 0.36662372097288215 0.3811878719454953 0.3948528781814978 0.4076992433520664 0.4197931235243013 0.4311883951473509 0.4419284197687864 0.45204759012336204 0.46157271673293754 0.4705242974549132 0.478917700804073 0.48676428425161944 0.4940724604180103 0.5008487165881924 0.5070985865386956 0.5128275677103682 0.5180419721423166 0.5227496961149496 0.5269608911648285 0.5306885185705488 0.5339487699468519 0.5367613386508595 0.5391495302811704 0.5411402047425288 0.5427635477436407 0.5440526756523614 0.5450430834893683 0.5457719524832134 0.546277339166881 0.5465972735932975 0.5467687986675372 0.5468269860585617 0.5468039662259505 0.5467280107046413 0.5466227035644212 0.5465062362528829
0.5598784927952433 0.5597970673699735 0.5596868330575075 0.5595409448120499 0.5593471601456602 0.5590882265805139 0.558742420460397 0.5582842138747712 0.5576850415574127 0.5569141361117276 0.5559393979647983 0.5547282660131533 0.5532485558873084 0.5514692351200268 0.5493611078834363 0.5468973863553802 0.54405413107885 0.5408105479639624 0.5371491358683523 0.5330556839259115 0.5285191236515027 0.5235312452563018 0.5180862915195867 0.5121804453535769 0.5058112286096104 0.49897682991491454 0.4916753780701619 0.48390417550987586 0.4756589024640463 0.466932798503835 0.45771582280624135 0.44799378875171625 0.4377474620063194 0.42695160290291373 0.41557392243953595 0.4035739015676184 0.3909013857290952 0.377494788841768 0.3632785728674377 0.3481592958643664 0.33201866972582494 0.31470006395499006 0.295980006444572 0.2755038823083152 0.25263280150181955 0.22606408704918815 0.19288913496917456 0.14660436890817638 0.07735331824580492 0.012704788462153525 0.11906961718293912 0.34327349888077224 0.3763006866797707 0.27398520249359337 0.1768193516120101 0.11333064253208125 0.07383820295110854 0.04826289384254665 0.030496461799163085 0.01708323973559888 0.0060120352679359605 -0.003951922150538016 -0.013578753160427238 -0.023256957721713045 -0.032915049004219384 -0.04189310420672587 -0.04901680338056565 -0.053117747238192896 -0.05376994372371097 -0.05155802170492155 -0.04764264974902385 -0.043142603163222736 -0.03881530158828171 -0.0350498451798686 -0.03198631637471434 -0.029633627205024687 -0.027947910446865565 -0.026875724365356554 -0.026375287301388703 -0.026426392954189012 -0.027035634059702614 -0.028240757075860663 -0.030116503024460374 -0.03278378926563479 -0.03642427909403584 -0.04130318419364281 -0.04780462952116299 -0.05648625432356526 -0.06816297088928427 -0.08403295807407546 -0.1058567297193023 -0.1361715490082443 -0.17839543477023606 -0.23621905457492254 -0.3103283185939358 -0.387642799328501 -0.4173715483104762 -0.28601960528186177 0.14695391345089537 0.7993764022943898 1.1123085060103586 0.7998713348391142 0.14736321875061303 -0.2858046574389937 -0.41741371578275327 -0.3879021890362524 -0.3106823752490106 -0.23657040479750618 -0.17869776789370123 -0.13641180647630974 -0.10603697825704796 -0.08416044721501384 -0.06824582597784863 -0.05653195740638482 -0.047819694188731145 -0.04129327788410362 -0.03639446545294557 -0.03273875484247404 -0.030060716969463965 -0.02817855074076862 -0.026971205208999705 -0.02636374742049167 -0.02631813364774052 -0.02682733527532783 -0.027910958393129577 -0.029609991381353624 -0.03197684630491934 -0.035054063628016725 -0.038831055511643224 -0.04316575683805601 -0.04766708321266564 -0.051576397563209 -0.05377566589387457 -0.05310777097059902 -0.04899356396185613 -0.041863592524640975 -0.03288741381104639 -0.023237296525177104 -0.013569877635180666 -0.003953705657506551 0.006001888140803344 0.017068764218439204 0.030483690977172448 0.048261112293321945 0.0738627434790712 0.11340758996854333 0.17698707972973854 0.2742511848338651 0.376411387506926 0.34222278192895983 0.11757628669994176 0.012882570609302061 0.07775133496051222 0.14691585848370653 0.1931115271043273 0.22621062107804954 0.2527088625474834 0.27551175960670377 0.2959216607215388 0.3145781201751462 0.3318367133383792 0.34792192269842165 0.3629913541549283 0.3771642075736928 0.39053476312788427 0.4031793184928407 0.41516013542824187 0.4265279526733949 0.4373237714127541 0.44758024735696855 0.4573228553985139 0.4665709155384191 0.4753385311375103 0.48363547118100964 0.49146801697232245 0.49883978553139824 0.5057525356394794 0.5122069567887219 0.5182034360632828 0.5237427936033537 0.5288269734556907 0.5334596738790802 0.5376468996693001 0.5413974184551668 0.5447231038922505 0.5476391507606364 0.5501641501858827 0.5523200173245966 0.5541317690272297 0.5556271543958141 0.5568361469332447 0.5577903128672742 0.558522075666044 0.5590639016473289 0.5594474358963303 0.5597026205593645 0.5598568296286416 0.559934054551664 0.5599541739507496 0.5599323378922326
0.5734126659604729 0.573356884324824 0.5732293786021125 0.5730237483182907 0.5727292288812554 0.5723310397528885 0.5718108573563574 0.5711473929627158 0.5703170518433276 0.5692946470681535 0.568054139606094 0.5665697347587134 0.5648144312323802 0.5627649008359799 0.5603987167520388 0.5576957456173156 0.554638500967824 0.5512123752425531 0.5474057468840882 0.5432099639259759 0.538619210210104 0.5336302641789771 0.528242163549281 0.5224557913808648 0.5162734003099322 0.5096980919543552 0.5027332677435368 0.49538206595570367 0.4876467972335126 0.4795283884030901 0.4710258414107541 0.4621357111124265 0.45285160260646445 0.443163683899235 0.43305820122246275 0.4225169636717841 0.41151671438631304 0.40002818326495454 0.38801431753694826 0.3754264467440394 0.3621952683717404 0.3482086567293218 0.3332549942281478 0.3168727278324029 0.2979336346005316 0.2734502297922088 0.2353133809356414 0.16564757202050606 0.08079341520682487 0.20866066022218396 0.44299694132809997 0.41636578505078914 0.2829317501737676 0.18248853184743852 0.12177335529821856 0.08507869331147916 0.0616779782232042 0.04572510225636317 0.034057609380307094 0.0248833722354282 0.017113218922063276 0.010022237732147443 0.0030740789468806234 -0.004159495974838473 -0.011988677415949056 -0.020465716205722625 -0.02910395153309798 -0.036678826056173335 -0.041620459985142924 -0.04303136460339246 -0.04129869978244338 -0.03763742543961962 -0.03326917396653305 -0.02900307223240995 -0.02523419882147573 -0.022090113087725065 -0.019564103326023364 -0.017597684070660286 -0.016122896152025362 -0.015081286616601903 -0.014431482306115453 -0.014152144516189074 -0.014243917765318012 -0.014732431654562504 -0.015673918728412988 -0.017165266638136244 -0.019361334568757986 -0.02250449800217494 -0.026975577608745402 -0.03338360605320907 -0.042728638939363676 -0.05670594752674821 -0.07828732359087298 -0.11282674497180367 -0.16996525354832961 -0.26537262931802835 -0.412077124752669 -0.5566032094535033 -0.46048980804660233 -0.037070505716202184 0.19582294026103325 -0.037111258538636116 -0.4606711580455215 -0.5568634603227706 -0.41233291630659075 -0.26558000844339413 -0.17012040317156296 -0.11293989138461913 -0.07836934941222938 -0.0567652297503872 -0.04277107229973371 -0.03341322355524668 -0.026995129525823884 -0.022515891259813965 -0.019365950603261035 -0.017164188515548896 -0.01566809040869817 -0.014722764261917941 -0.014231352421884995 -0.014137678263989494 -0.014416162486411544 -0.015066178485602811 -0.016109028020040963 -0.017585973202379555 -0.01955526275388647 -0.022084534168588257 -0.025231796764353227 -0.02900307779735546 -0.03326987162201875 -0.0376359159612462 -0.04129095557245407 -0.04301310437400175 -0.04158925027610251 -0.03663652101098341 -0.029056924364132042 -0.020421797277163884 -0.011953583899005478 -0.0041355964580879895 0.003086978717072593 0.010025661027092674 0.017109166452894075 0.02487393745229366 0.034044924584072524 0.045711526200960126 0.06166655951632429 0.08507411958259509 0.12178382923318355 0.1825286911981973 0.2830200554041527 0.4164696187492899 0.4428305484333417 0.20849822491564085 0.08082754641310519 0.16574913671173713 0.2353884713710582 0.2734999147156079 0.29796101471810793 0.31687897637673895 0.3332408326706246 0.34817492469930517 0.36214308000110146 0.3753572205616091 0.3879297697288786 0.39993031020701303 0.4114077717509789 0.4223994434726495 0.4329348066025484 0.443037300960693 0.4527252683367156 0.4620125766584665 0.47090912997590445 0.4794213472863335 0.4875526437434897 0.4953039273691836 0.5026741156733633 0.5096606721098013 0.5162601589451398 0.5224688003074208 0.5282830460159444 0.5337001242784464 0.538718568770126 0.5433387040553863 0.5475630723513295 0.5513967846319378 0.554847780253406 0.5579269813226364 0.5606483310222504 0.5630287090697277 0.5650877218103537 0.5668473696040829 0.5683312782808387 0.5695652373591302 0.5705753991713087 0.5713879188952311 0.57202825548608 0.5725204277919678 0.5728862914734165 0.5731448652709901 0.5733117337634301 0.5733985510618169
0.5869084442599715 0.5868762388687269 0.5867238022969807 0.5864452852157265 0.5860315850426696 0.5854706511760204 0.5847478860415963 0.583846625335026 0.5827486777274336 0.581434902308378 0.5798858009681988 0.578082102924155 0.5760053194800947 0.5736382490626517 0.570965415214258 0.5679734235413189 0.5646512274213897 0.560990296536576 0.5569846864356345 0.5526310116639317 0.5479254802036937 0.542875423228139 0.5374810516769902 0.5317472604872209 0.5256802437694059 0.5192871229505729 0.5125755694845712 0.5055534370363576 0.4982284170352252 0.49060773127204116 0.482697874815865 0.47450442353035444 0.466031921814254 0.45728386756579825 0.4482628080780053 0.43897054325063983 0.4294083719752451 0.41957714180080463 0.4094763776441067 0.3991004460522326 0.38842605919869977 0.37737494488215867 0.365703910619003 0.35267354480888474 0.3360082081390491 0.3085692270763955 0.24971899335401185 0.143192946305412 0.2171446648573982 0.47937311705967334 0.44602036649316945 0.2970215260015421 0.19144477151977285 0.12999233015311537 0.09373690046908666 0.07108297977201317 0.05600838945289745 0.045355576208549755 0.037392909006027486 0.031124513003706944 0.025956006278083872 0.021527216388356474 0.01762333615227441 0.014114726752988388 0.010879396329497165 0.007652041103915236 0.0038009171110420653 -0.0016473840981120896 -0.00906520164677671 -0.016909734432958734 -0.02252612393919798 -0.02460900152029133 -0.023792429740520718 -0.021410767256340224 -0.01852843544989088 -0.015737980878485748 -0.013291591013939532 -0.011258438879417212 -0.009626968068143808 -0.008358617082891151 -0.007412914205565989 -0.006758351657345343 -0.006377161842954083 -0.006268257358972766 -0.006450724906062036 -0.006969661540534813 -0.007906451415747147 -0.009396878897523966 -0.011663408410834054 -0.015074276287537741 -0.02025608771316466 -0.02831963945983215 -0.04134152111706002 -0.06346634175876381 -0.1036265178362173 -0.18267319540896704 -0.3513783084195115 -0.7113862083188247 -1.223543783501313 -1.246897647752443 -1.0276221401923364 -1.2479515015416434 -1.2246339209204231 -0.711968530299933 -0.3516887425227295 -0.18286898311734592 -0.10376732201254724 -0.0635770890528568 -0.04143432025139952 -0.028401177691184963 -0.02033048941088745 -0.015144335291918967 -0.01173115056619651 -0.009463818850198993 -0.007973701075871394 -0.007037967001169218 -0.006520473088867058 -0.0063394764276870404 -0.006449529861634629 -0.006831221703316284 -0.007485359748637061 -0.008429497464019522 -0.009695010664487056 -0.011322331558556099 -0.01335007636579099 -0.015789943481083826 -0.018572973918324333 -0.02144723638391394 -0.023820398618715953 -0.024627973652663983 -0.022534834986783825 -0.016905492964360627 -0.009045227503591421 -0.0016128072845608271 0.0038433256631670992 0.0076936172516614415 0.010913921662542181 0.01413951276209402 0.01763819927099506 0.021533210023457018 0.02595457201196079 0.031117018829545467 0.03738039978373808 0.04533859125268798 0.05598673452073168 0.07105532941083562 0.09370004730338839 0.12993989855517493 0.19136638870947892 0.2969140378733947 0.4459772063171773 0.4798859362032776 0.21803519966392404 0.14296912009309332 0.24955836853585914 0.3084940416665748 0.3359771043822583 0.3526722997337686 0.36572797043833755 0.3774223090527816 0.38849520682503697 0.3991897329241471 0.4095838627982872 0.4197005474724906 0.4295450879697444 0.43911764783049917 0.4484170963830355 0.45744188519771 0.46619000337809335 0.47465873672873954 0.4828444709286683 0.4907426027513245 0.4983475629231323 0.5056529363771155 0.5126516625961077 0.5193362998092315 0.5256993381396438 0.5317335476372653 0.5374323468903386 0.5427901776456856 0.5478028699266632 0.5524716596496042 0.5567886831793023 0.5607593731907707 0.5643880469178646 0.567681572068808 0.5706493639787857 0.5733032851728321 0.5756574461925342 0.5777279108567169 0.5795323133507685 0.581089398662391 0.5824185014776981 0.5835389818251603 0.5844696380470402 0.5852281192748394 0.5858303601765912 0.5862900603964875 0.5866182297484042 0.5868228179345623
0.6002798453597682 0.6002673220264798 0.6000821051860906 0.599719042333352 0.59917088753246 0.5984285540874019 0.5974814322466995 0.5963177589719342 0.5949250248736326 0.5932904020614297 0.5914011762281919 0.5892451665451706 0.5868111179373918 0.5840890519367532 0.5810705645210923 0.577749062068306 0.5741199293707894 0.5701806270882013 0.5659307189429736 0.5613718322647965 0.5565075582563126 0.5513433008269668 0.5458860849004498 0.540144336612004 0.5341276489402642 0.5278465468914143 0.5213122670731201 0.514537528957062 0.5075324520810699 0.5003103527064077 0.4928839680457558 0.4852664654562266 0.47747170344857615 0.4695146813258048 0.46141222748049115 0.4531839663859387 0.4448535379553133 0.43644980786162896 0.4280070827450398 0.4195611874299294 0.4111317697576905 0.4026608817568516 0.3938104757338344 0.3832821082383415 0.36643333116526633 0.3271507410918439 0.2271010485274895 0.18738538626422638 0.46198623904084546 0.48369196174805007 0.32494001569159164 0.20746650665110083 0.14065995327212397 0.10237262445545926 0.07912901230478352 0.06414544295475322 0.05396708310056743 0.04675272219058111 0.041483918795170355 0.037599682866044856 0.03483234784789757 0.03315232036656239 0.03278953063077997 0.03432607680225677 0.038845852988163856 0.04801536617056601 0.06356719788705914 0.08489885457052199 0.10435237756348775 0.10743178388513402 0.08810165272343118 0.058659595524534563 0.0337293948669013 0.017863942286745663 0.009219957255579211 0.004943590483051215 0.003002539382167324 0.002226482268827004 0.0019950109281452917 0.0019892119150910596 0.002045256004521403 0.0020758468874598444 0.0020289209629413395 0.0018651535430585196 0.0015441543509637137 0.0010136267309879248 0.00019757954480620864 -0.0010202999677540996 -0.002823835487346686 -0.0055127526057605365 -0.009594648619115964 -0.015972026054225548 -0.02635410501616004 -0.044255773805742325 -0.07772125991311729 -0.14779582374855688 -0.3181247026169574 -0.79554176438185 -2.004309108251621 -2.874411857528785 -2.5149518937903705 -2.876608083662368 -2.005693729443899 -0.7962108527898076 -0.3186117975382288 -0.14816589031537927 -0.07800994356070073 -0.04449220683423611 -0.0265579173772571 -0.016155875005787374 -0.009767008356091487 -0.005679690373250994 -0.002989962095577515 -0.0011892140214772168 2.3130416218734504e-5 0.000831729402196061 0.001353773239188498 0.0016661788412175148 0.0018221871157884928 0.0018630988719956429 0.001829049926173075 0.0017727423481265006 0.0017818601971084508 0.0020202863677702687 0.002806560423879091 0.00476018028669372 0.009049909286851468 0.017705841306520836 0.033579538761160696 0.05851431558609116 0.08796503413750423 0.10732553148954799 0.10430630895351586 0.0849179511316071 0.06362450995758662 0.048078254721157454 0.03889431962218344 0.03435334415732341 0.03279649601494239 0.03314294795853345 0.034811143291676554 0.03757056118258769 0.04144974613840513 0.04671508907484422 0.053926048061779565 0.06409902569384529 0.07907210981128085 0.10229473411388323 0.14054080321249995 0.20727164413282684 0.32465366392800626 0.48363376828339805 0.4649830444282739 0.18802714509645907 0.22655539167325398 0.3268804860595124 0.36632561815006415 0.38326602930141496 0.393865353708404 0.4027793075193161 0.4113091305637206 0.419792912047434 0.42828789745046175 0.43677355239072807 0.44521315257128 0.4535715385396485 0.461819064915431 0.46993140244665255 0.4778883435645345 0.4856725999563486 0.4932688543210003 0.5006630924204344 0.5078421748853158 0.5147935978042066 0.5215067908447268 0.5279682469039678 0.5341678987154191 0.5400957192965183 0.5457426654124446 0.5511008889967473 0.5561639516724002 0.5609270270122622 0.5653870760295161 0.5695429829313265 0.5733956398942499 0.5769479720508233 0.5802048964855466 0.583173212064167 0.5858614202434055 0.5882794801992921 0.5904385047863738 0.5923504067039721 0.5940275068219237 0.5954821184029552 0.5967261225889207 0.5977705510992783 0.598625192323899 0.5992982363404376 0.5997959732138536 0.6001225569817066
0.6134395572955847 0.6134415142739725 0.6132160833861522 0.6127589334430387 0.6120648043903396 0.6111277009654386 0.6099411201678253 0.6084983037594264 0.6067925059373132 0.6048172659143196 0.6025666751470884 0.6000356293597534 0.5972200564925698 0.5941171129664009 0.5907253422952967 0.5870447920343111 0.5830770869095245 0.5788254582467667 0.5742947318630116 0.5694912784593726 0.5644229324587431 0.5590988867719355 0.5535295721711859 0.5477265312410653 0.5417022977466472 0.5354702932852591 0.5290447543871191 0.5224407052243537 0.5156739939113644 0.5087614153232158 0.5017209504704658 0.4945721635506819 0.487335747381684 0.4800377925125041 0.472707388492704 0.46537997777206974 0.45809944271333547 0.4509206596765634 0.4439110598496112 0.43714667790888856 0.4306875573850559 0.4244813280313198 0.41801282800292866 0.4090047149387731 0.38841397587729043 0.32407642549328847 0.19956038684455366 0.38049782872419535 0.5209721678956947 0.3718062236150644 0.23393512596295316 0.15569730481960403 0.11234581692612691 0.08698161588396972 0.07125656470716692 0.06105374789685267 0.05424486400607854 0.049684079420397806 0.046754891485536604 0.04516762007521546 0.04488576165680831 0.046140960771031664 0.04954399627303856 0.05634718229830374 0.06898868208783618 0.09217485484947135 0.13488091653635398 0.21317388428802236 0.34967258803452395 0.5511748343722566 0.7436066141537162 0.7702833087175806 0.6062535626532835 0.4011112259051501 0.25077406899127763 0.1592307792308907 0.105975823219825 0.07460429809730161 0.055461606550904034 0.04326662929186365 0.03513679899500191 0.02945838427717924 0.025292290648559968 0.022063784654125652 0.01939614736424434 0.017016424732212928 0.014696156398281996 0.012206189276125599 0.009270715394531892 0.005504334791693176 0.0003049878032604786 -0.0073563797435682 -0.019399252320618635 -0.03977680931767443 -0.07765007447454915 -0.15728439853539056 -0.35223209380597265 -0.9134959350569578 -2.6619114524167844 -4.945286226244436 -4.201234761584176 -4.948406152423589 -2.662176819692448 -0.9137752029149454 -0.3528778071538187 -0.15797134156708914 -0.07824856429080043 -0.040276830538198166 -0.019823867011956958 -0.007730513702943899 -3.874593814631733e-5 0.0051756426188491085 0.008945202003151959 0.011874524648134044 0.014350991722509289 0.01665214070319329 0.019008772996376957 0.021650990557082285 0.02485339869782631 0.028994373082555935 0.03465032623211952 0.04276215089532368 0.0549457747406938 0.07408703408302496 0.10547293266204943 0.1587698110459506 0.2504045731957014 0.40090523890165886 0.606217416714051 0.7701396443732675 0.743039051697908 0.5504604029170035 0.3492194586802927 0.21301045795595508 0.1348467660406747 0.09215673569293742 0.06894513615865461 0.05627253801222254 0.04944548958885378 0.04602865804378954 0.04476867174027126 0.04505250623421013 0.046646124257869584 0.04958377136554966 0.05415294016479215 0.060967740039110124 0.07117086053614173 0.08688562305699385 0.1122199175999906 0.15550509609392738 0.23361909020171245 0.37139359252136983 0.5214454754894311 0.38127895925039323 0.19906144956750102 0.32348214554086263 0.3881952218421545 0.4089636501654618 0.41808977757539983 0.424658493403066 0.4309563089494181 0.43749960419381007 0.4443399529913431 0.4514160018112392 0.4586503157087818 0.4659741106803009 0.4733312618452755 0.4806767766532889 0.4879742697736919 0.4951926009598129 0.5023089543918215 0.509299960775222 0.5161460298935803 0.5228294821657804 0.5293341872270145 0.5356453556802131 0.5417494400232247 0.5476341118836474 0.5532882897249286 0.5587021964808243 0.5638674298290751 0.5687770308617619 0.5734255388594459 0.5778090222768217 0.5819250781958778 0.5857727947088829 0.5893526732421128 0.5926665100539952 0.5957172386413752 0.5985087368536908 0.6010456045250958 0.6033329189509178 0.6053759767468656 0.6071800314013812 0.6087500361768994 0.610090401956511 0.6112047791555205 0.6120958721052114 0.6127652931663428 0.6132134624298846
0.6263035326050876 0.6263136241285017 0.6260410040970699 0.6254822645516972 0.6246341970720596 0.6234939241660867 0.6220590342285931 0.620327715545373 0.6182988848299487 0.6159723060048934 0.6133486953452278 0.6104298097552434 0.6072185156993974 0.6037188370370816 0.5999359812558102 0.5958763444265207 0.59154749617583 0.5869581472925214 0.5821181031414692 0.5770382071391934 0.571730279300918 0.5662070553646688 0.560482132967539 0.5545699317092982 0.548485675278812 0.5422454049367145 0.5358660359774091 0.5293654721925818 0.5227627982124159 0.5160785778934736 0.5093352980823478 0.5025580145111455 0.4957752805233752 0.4890204719544474 0.4823336593601838 0.47576420552066323 0.4693742193589886 0.46323687413031833 0.45746237728007094 0.452161263143541 0.447433099191222 0.44321877216121536 0.438733618389774 0.4301621982471699 0.40112679750947977 0.3002626798658896 0.25804532523839113 0.5117525561871187 0.43994678034424517 0.27660719925359534 0.17809600653846552 0.12522812069327657 0.09560668035904507 0.07803569524632041 0.06718302062068009 0.06039380077531554 0.05628215836814773 0.054110936564775544 0.053506673085827364 0.05432067528646742 0.056417323908154196 0.05994336873323483 0.06455153579270442 0.06898537885434214 0.06933049326405377 0.05639647634384025 0.010592210215952753 -0.09025224359505134 -0.2528299133625565 -0.43955261351707137 -0.5516815679325043 -0.4171022938610568 0.14670492303683677 1.0838081496653456 1.972695363451336 2.1861016067726697 1.7156731957806655 1.1254154701076704 0.7161335794562668 0.4709781483294023 0.3255886949341942 0.23638153154972463 0.17907154613610174 0.14043933099059472 0.11309512948439238 0.09271102568381849 0.07658787441066314 0.06288578520432951 0.05017346052675584 0.0371139945165843 0.02216971508250621 0.003208235756759721 -0.023188061361229327 -0.06316399919236523 -0.1290263436701513 -0.24861544895992627 -0.49583292249224326 -1.1162682663333372 -3.1404122242681143 -7.43172639693703 -6.009677291044497 -7.435307193089502 -3.1382537010921006 -1.114891845001544 -0.49550761910994195 -0.2489575321391158 -0.1296943724855542 -0.06393193260625109 -0.023942058124331263 0.0025071485914500355 0.021521587113017764 0.036502237637299 0.049575825008207904 0.06227892459024503 0.07594883346070197 0.09201732948437932 0.11232418178188636 0.13956738934807805 0.17807245381134598 0.23522562952560705 0.32424296694529947 0.4694083351358319 0.7142914711847579 1.1230161095364402 1.7098982280934092 2.1825064156389224 1.9425466105669575 1.0686956919683317 0.13435944577829553 -0.42533014400564806 -0.5557887286615113 -0.4408177960776419 -0.2525807197995308 -0.08962709878050241 0.010616288661979747 0.05481124731591885 0.07019382596553447 0.0694006454018874 0.06467648293696163 0.0598999077662129 0.05628636198437802 0.053801735335974404 0.05315384818359237 0.05384637307747636 0.05607425884146473 0.06022533332912514 0.06704070401273703 0.07790529471483051 0.09546853680635425 0.12504998272347165 0.17782151395976836 0.276168627871107 0.4396294753135147 0.5151916710578851 0.26122529647225645 0.2992731910453813 0.4007423907876051 0.43008286532275475 0.4388230482142211 0.4434408894446486 0.4477738499344895 0.4526104233767231 0.4580092501622747 0.4638692063337562 0.4700712630993609 0.47651713474903634 0.48312536510672294 0.4898323472394326 0.4965874152233216 0.5033494335874776 0.5100842459825974 0.5167628520181851 0.5233601330471667 0.5298539737706514 0.5362246636240768 0.5424544940718328 0.5485274913960675 0.5544292416545031 0.5601467761729195 0.565668493973293 0.5709841036258542 0.5760845713692839 0.5809620658122047 0.5856098925430702 0.5900224145968846 0.5941949569690197 0.5981236953858784 0.6018055314413049 0.6052379574565145 0.6084189156015174 0.6113466564444991 0.6140196023112141 0.616436220727838 0.6185949127911577 0.6204939204392912 0.6221312559646679 0.6235046557645272 0.6246115597320285 0.6254491164566045 0.6260142136752409
0.6387940557904445 0.6388050181835581 0.638478749433809 0.6378128439171613 0.636806151935678 0.6354588485083428 0.6337724777175886 0.631749972265915 0.6293956488226149 0.6267151808403234 0.6237155509645687 0.6204049861485097 0.6167928788870514 0.6128896985218729 0.6087068967276634 0.6042568115973734 0.5995525745303026 0.594608024261071 0.5894376320669029 0.5840564419173787 0.5784800293209439 0.5727244822815196 0.566806407921957 0.5607429689293459 0.5545519548325508 0.5482518950354703 0.541862223757109 0.5354035117817679 0.5288977872695184 0.5223689790310264 0.515843531639609 0.5093512656727861 0.5029265904179518 0.49661022411116373 0.49045163764688193 0.48451249737788304 0.47887137355370735 0.47362965302136373 0.46891706225485885 0.46488927697615734 0.4616876229903947 0.459241834927013 0.456406063844238 0.44720179735438026 0.40456728070417447 0.2767974958594805 0.39839982155044856 0.509338603408019 0.3442926105444313 0.21333528236736127 0.14362375266851396 0.10634777641229795 0.08526639730408749 0.07285642495416231 0.06553700862374603 0.06147810784285795 0.05979415841928011 0.059966140699117446 0.06168024246993105 0.06454667657078741 0.06759134933515643 0.0680342934317334 0.058814775386989857 0.022203911753449962 -0.07100108603399452 -0.24756717087208374 -0.4859631231908675 -0.7035470896338076 -0.8376691679528787 -0.898886173129699 -0.9268992157589322 -0.9510450193271078 -0.9877755864988704 -1.0472116492916834 -1.1334340533128797 -1.2294865053706565 -1.2609881896546613 -1.1029814203883368 -0.7496794135364628 -0.3685354218505458 -0.07886610208731525 0.10483836836510839 0.2018197465991323 0.23051652072171952 0.18700309039511814 0.20974017889338348 0.16696073124336358 0.09794153695076455 0.06209112313859512 0.018678611312885715 -0.02763734832222535 -0.07758775636816032 -0.13429370183980488 -0.20385851711713088 -0.2984774629850715 -0.44543853060315397 -0.7165136430846077 -1.3506975244853683 -3.459060266610387 -10.195624152432849 -7.864861291415906 -10.198409866373655 -3.453770438425261 -1.3473749893442994 -0.7138545788038079 -0.44327763115703234 -0.296644977984296 -0.20214581097954853 -0.13242487149973492 -0.07517244448499336 -0.024049163931814027 0.024650727020935903 0.07342409090939576 0.12492925897418601 0.16530022075722783 0.20769269275798824 0.2566929518173693 0.2478671222514106 0.2069262513555182 0.1046938512058653 -0.08233118279032356 -0.37480432746428644 -0.75832791789809 -1.1122496867965257 -1.2684352996672634 -1.2344476833356501 -1.1363739551891978 -1.0484416201073783 -0.987331319021808 -0.948859046408274 -0.9229348297547142 -0.8932829933142821 -0.830969360275215 -0.6968391650742621 -0.48046880897797273 -0.24393060047514392 -0.069245204408392 0.02233172077779918 0.05746775786535288 0.06799360231147308 0.06731713998668665 0.06418803726238861 0.06131393084915776 0.05962800381373753 0.0594979557468726 0.0612256178842517 0.06528510563668163 0.07265935338669144 0.08509449803904925 0.10616823992680108 0.14338737862288117 0.21296451542101358 0.3437892746013327 0.5100613767123001 0.3990893983586246 0.2758546046761219 0.4039547510638223 0.4470694180025009 0.45649849033232787 0.45949039687731386 0.46207342829901754 0.4653998280195544 0.4695401077233451 0.47435136109828324 0.47967588750806245 0.48538188530944193 0.49136598524183084 0.4975478023856974 0.5038640811487807 0.5102640423433136 0.5167059978524048 0.5231549671525991 0.5295810186459605 0.535958117702867 0.5422633232160656 0.5484762214515512 0.5545785197262705 0.5605537457749672 0.5663870150612915 0.5720648397184029 0.5775749610839381 0.582906193908304 0.5880482753160585 0.5929917148691474 0.597727645626148 0.6022476779115851 0.6065437595376242 0.6106080471488307 0.6144327940339203 0.6180102595682933 0.621332644923451 0.6243920587180279 0.6271805147227667 0.6296899621425858 0.6319123473143513 0.6338397037967167 0.6354642666275581 0.636778605025534 0.6377757673984257 0.6384494318638675
0.6508421013429795 0.650846032794445 0.6504602456024563 0.6496833935303095 0.6485163408707754 0.6469621710148943 0.6450261457136119 0.6427156186150538 0.640039908576969 0.6370101395966339 0.6336390553847928 0.6299408171593128 0.6259307936637875 0.6216253521442225 0.6170416587333076 0.6121974958910802 0.6071111035344443 0.6018010493940298 0.5962861329562033 0.5905853259821923 0.5847177516237878 0.5787027033258167 0.5725597042475562 0.5663086083341257 0.5599697451567425 0.5535641134251496 0.5471136316921671 0.5406414615794137 0.534172428340651 0.5277335775862301 0.5213549281358327 0.5150705114266352 0.508919833091271 0.5029499572076637 0.4972185027571139 0.4917979463159843 0.48678168028401547 0.48229200811887674 0.4784886094486868 0.4755688949069542 0.473722504345735 0.47287771547326923 0.4714998712322761 0.46082665973170767 0.40093099124806214 0.2912038120670067 0.4871121276321008 0.44038419347904734 0.27133433003787844 0.1723358026070604 0.1214731777757762 0.09414384772655482 0.07876784595879166 0.07008156251317393 0.0655722866483228 0.0639844809628978 0.06465385336678516 0.06711247437851375 0.07062964536899362 0.0732491106719654 0.06973220542991286 0.045772250750482114 -0.025124677736653066 -0.17134231087473198 -0.37442415877444213 -0.5497337405807874 -0.6408563622462056 -0.6687050882080144 -0.6702230136367123 -0.6644663832897073 -0.6577399693211211 -0.6515873573878314 -0.6462514027504507 -0.641756486280335 -0.6381846595970507 -0.6357181335284341 -0.6346128178241698 -0.6351312548153526 -0.637408418566087 -0.6411831391923617 -0.6452941865173154 -0.6468873194099287 -0.640651540267683 -0.619382064585358 -0.5778015091702207 -0.5184440176874764 -0.4527049441695563 -0.39401643496870353 -0.3509575430609269 -0.32636349616732574 -0.32002639855698384 -0.3314032682494393 -0.3614953783413179 -0.41468019710086396 -0.5021001324517681 -0.6504969014800996 -0.9304783126541705 -1.573632478271948 -3.6894042526706916 -12.949201054781769 -9.705521004104025 -12.950040365495969 -3.682073972113999 -1.566619139914841 -0.9239429459127108 -0.6444926762979832 -0.49670643761576433 -0.4099693059871141 -0.35751975318742896 -0.3281952921090276 -0.3176085620489474 -0.3247729995813761 -0.350292192469593 -0.3945003978355813 -0.4547329348195123 -0.5224948171338811 -0.5841514958411274 -0.6278316244894613 -0.6505883254249455 -0.6575890582633132 -0.6561411311385162 -0.6516989159306048 -0.6472254907598579 -0.6439533440388492 -0.6421932166100698 -0.6418511189340096 -0.6427040538383195 -0.6445370071635198 -0.6472102013928352 -0.6506844818193968 -0.6549782006208735 -0.6598952090142642 -0.6639643490745167 -0.6610495703358362 -0.6325022395725547 -0.5420240294774711 -0.3688610417056987 -0.1684702669183944 -0.024452281345690833 0.045029098932973 0.06810616648641227 0.07256441863431734 0.0699420377657587 0.06649975748110565 0.06413828082511659 0.06356382315771339 0.06523397723908501 0.06980832355169171 0.07853879385283508 0.0939321586417548 0.1212391492768952 0.17201427041611142 0.27085559798580905 0.4402345278548905 0.4965013929152657 0.292070721208682 0.40009502217919884 0.46063761274205184 0.4715867192578528 0.473142087879339 0.4741365347429261 0.4761178706946313 0.47915909094650344 0.48306907283006906 0.4876482370111975 0.4927346120320809 0.4982036753478127 0.5039599861070552 0.5099292613241202 0.5160523838005875 0.5222811664451652 0.5285754247465322 0.5349009624773194 0.5412281786134274 0.5475310915030889 0.5537866406224203 0.5599741705569292 0.566075032356826 0.572072258296698 0.5779502809898249 0.5836946781928869 0.589291932709813 0.594729202709775 0.5999941021969442 0.6050744947726752 0.609958306210495 0.6146333625135807 0.6190872609781378 0.6233072811203771 0.6272803414832742 0.630993006492968 0.634431545291919 0.6375820419725027 0.640430553754105 0.6429633111272839 0.6451669515263028 0.647028776230305 0.6485370188301217 0.649681113151975 0.6504519485458524
0.6623889490646704 0.6623776315897327 0.6619271398540147 0.661037223150062 0.6597106713786908 0.6579532679078071 0.6557736722157416 0.6531832395158819 0.6501957870556396 0.6468273186674598 0.6430957205745232 0.6390204419529765 0.6346221738855408 0.6299225397299292 0.6249438087421514 0.6197086432854197 0.6142398880444753 0.608560407543445 0.6026929759751636 0.596660221420565 0.5904846245479496 0.5841885704985662 0.5777944520012559 0.5713248219273606 0.564802595002676 0.5582513012544608 0.5516953991819601 0.545160664309957 0.5386746807804977 0.532267480826937 0.5259724026660884 0.5198272749680997 0.5138760929071386 0.5081714347466164 0.5027779903963714 0.49777773521256113 0.49327743440682115 0.4894190372098427 0.4863919581393832 0.4844384306206587 0.48380813177181026 0.48445725886416935 0.4844823006753278 0.47204150135347955 0.3957102041399336 0.3469508897922186 0.5113713918527851 0.3658674624175633 0.22064604403040367 0.145174218597645 0.10671003321460187 0.08606939985215219 0.0747781334874663 0.06900506028358516 0.06692932527680706 0.06763247921049569 0.0704987796453913 0.07456431172525003 0.07738645237425189 0.07072181539873938 0.03613715190202788 -0.057820005902902656 -0.2243559217799709 -0.405154759877971 -0.5217513355744263 -0.5713402112307379 -0.5884753757853044 -0.594459208412842 -0.596836784148078 -0.5977611810626818 -0.5978197341431599 -0.5972070098620987 -0.5960338520162136 -0.5944012226529061 -0.5924154925701608 -0.5901905593647011 -0.5878475858607018 -0.5855145499273791 -0.583325827017833 -0.5814216482352235 -0.5799472250430632 -0.5790513188301122 -0.5788840234449373 -0.5795935676163677 -0.5813221778295873 -0.5842018488979692 -0.5883532391397331 -0.5938972094324592 -0.6010037399725218 -0.610034663834763 -0.6218868677886946 -0.6386816837247437 -0.6649089063943859 -0.7091177687400729 -0.7869452974828176 -0.9292047330254564 -1.2089360093478576 -1.853237118614686 -3.936162329855566 -15.306797043089297 -11.493174194518968 -15.304795209756215 -3.9260917317634187 -1.8434804762758303 -1.1991869545288512 -0.9194356030597277 -0.7773913316606976 -0.7002949773509007 -0.6575314334300324 -0.633432954774045 -0.6192003541478054 -0.6100359898611638 -0.6035846722431991 -0.5988141255675549 -0.5952946158565344 -0.5928233150096598 -0.5912630458395886 -0.5904855463155433 -0.5903574465822808 -0.5907409689742635 -0.5914983626106943 -0.5924962996238536 -0.5936092029451479 -0.5947214103051359 -0.5957283446430411 -0.5965369049934672 -0.5970652835758626 -0.5972424129199108 -0.5970072202069693 -0.596307543507651 -0.5950967325604805 -0.5933177412012681 -0.5908311066471253 -0.5871155018261358 -0.5801271202452729 -0.5625579694210711 -0.5135824660894384 -0.3991104897797067 -0.2214122577123172 -0.057531043868511676 0.03492201666862839 0.0689051292652957 0.07534965756729994 0.07352540441008178 0.06965702134601016 0.06697265045485706 0.06642061644825221 0.06861449343921014 0.07447373846023203 0.0858186486690447 0.10647436029151848 0.14489800596002875 0.22025107492196244 0.36547437408845573 0.5140476012495422 0.35701105343195366 0.3947242462777613 0.4717914912766714 0.4845600008262355 0.48472455996662756 0.4842296374845092 0.4849977821367414 0.48707521893547345 0.4902109997028815 0.4941606977899169 0.4987325059980734 0.5037821268641858 0.5092006090637037 0.5149040361234083 0.5208260962228302 0.5269129821775254 0.5331199377443387 0.5394089161918436 0.5457469773757444 0.5521051706455528 0.5584577344952508 0.5647814995372167 0.5710554192329186 0.577260178254078 0.5833778464538262 0.5893915591654617 0.595285214285491 0.601043183424848 0.6066500397979901 0.6120903091305425 0.6173482521364763 0.6224076883674754 0.6272518709440258 0.6318634208417698 0.6362243271780917 0.6403160173242851 0.6441194973517255 0.6476155596330968 0.6507850508573456 0.6536091903262417 0.6560699252402709 0.6581503077478177 0.6598348769294711 0.6611100285952511 0.6619643563772694
0.6733870770140498 0.6733523268354106 0.6728327404487684 0.6718291792122449 0.6703462351779588 0.6683921343574898 0.6659785534661476 0.6631203603350895 0.6598352911738867 0.6561435803241663 0.6520675593986078 0.6476312435784884 0.6428599223678654 0.6377797711783162 0.632417498324109 0.626800039733538 0.6209543108310724 0.614907022143315 0.6086845621408564 0.6023129478821025 0.5958178417021507 0.5892246301456276 0.5825585606050647 0.5758449314304466 0.5691093327243566 0.5623779392096071 0.5556778624473244 0.5490375791517006 0.5424874664103128 0.5360604949447167 0.5297931615879574 0.5237267873219593 0.5179093757670861 0.512398332112587 0.5072645029037335 0.5025982295783931 0.49851839338627746 0.4951855423487234 0.49281899413960756 0.4917100963329524 0.4921852866106292 0.49428035370006146 0.4958535582322765 0.482181976614732 0.3966664553439655 0.430356529906628 0.48262372260645553 0.3053536174712905 0.1857977225627008 0.12668906168919053 0.09663448180634074 0.08072007200750766 0.0725263180605436 0.06916646821680186 0.06926806231170705 0.07202561196762247 0.07636777319444588 0.07949880246719132 0.07216029445276302 0.03274959111549993 -0.07184233458420954 -0.24093525252252937 -0.3989692078116925 -0.4896145470130964 -0.5308763612240028 -0.5511262838799039 -0.5632615741535011 -0.5716545708603785 -0.5778554993379909 -0.5825520043061109 -0.5861321132816597 -0.5888528517332262 -0.590901139006264 -0.5924223609414908 -0.5935371039506254 -0.5943523328936412 -0.5949693875462528 -0.5954899488393748 -0.5960206678597515 -0.5966769573033133 -0.5975863860120766 -0.5988921655329928 -0.600757397193213 -0.6033711253285294 -0.6069579602627666 -0.611794383884978 -0.618237429262072 -0.626776493035875 -0.6381293036094683 -0.6534244265969308 -0.6745578046803571 -0.7049047679109945 -0.7507472345445786 -0.8240098399067814 -0.9467394641339055 -1.1563765886125716 -1.517675929727633 -2.222155038786028 -4.278395680634253 -16.990711978178876 -13.214641319326901 -16.984931620940166 -4.266184173363843 -2.208809282860364 -1.5036854964835524 -1.143500110626274 -0.9362696084069481 -0.8162734809187842 -0.7456630968572107 -0.7023323230901046 -0.6743667159404436 -0.6554812117961349 -0.6422780164440022 -0.632827645836231 -0.625964443702426 -0.6209351379617898 -0.6172195929957014 -0.6144368976850272 -0.6122948148651126 -0.6105618068048698 -0.6090510179549858 -0.6076106098570572 -0.6061173921239663 -0.6044720245716757 -0.6025947733095444 -0.6004211752378721 -0.597897144066564 -0.5949731051154858 -0.5915966996544739 -0.5877034332751482 -0.5832042382023251 -0.5779678167412376 -0.5717920192066555 -0.5643450835247533 -0.5550047666980166 -0.5423176331040038 -0.5220949076218726 -0.481798718838096 -0.3934874716027428 -0.23881011790847656 -0.07255853816239824 0.03066413805756928 0.06981689696255083 0.07733024803449798 0.0750666032178754 0.07104438967041077 0.06854085395467356 0.06863078611923398 0.07212963544048374 0.08041760033806036 0.09638335003093192 0.12643848514277717 0.18547707476318684 0.30495232018724355 0.4835182534169728 0.43046081602506436 0.3957619098701628 0.4818843117152133 0.49592049742830036 0.49453933345496615 0.49259498751453923 0.4922534072546111 0.49348222934798164 0.49595400109057164 0.49937525744909794 0.5035243009603383 0.5082382184487476 0.5133959090668404 0.5189050472095176 0.5246931165100492 0.5307014332550861 0.5368811839754037 0.5431907833748886 0.5495940900939531 0.556059176738902 0.5625574549272088 0.5690630242194088 0.5755521584324458 0.5820028732298735 0.5883945398158453 0.5947075247085162 0.6009228465427842 0.6070218489102335 0.6129858942438967 0.6187960876363148 0.6244330418150091 0.6298766954339485 0.6351061961479327 0.6400998583265469 0.644835202389944 0.6492890791401609 0.6534378783470302 0.6572578163463767 0.6607252931323155 0.6638173052861746 0.6665118978685893 0.6687886357647598 0.670629073816646 0.6720172046322905 0.6729398641553824
0.6838003985498768 0.6837344290873306 0.6831422810791369 0.6820259259168384 0.6803916075218757 0.6782497032606631 0.6756144869264171 0.6725038063104967 0.6689386913027793 0.6649429111859946 0.660542501177621 0.6557652790396844 0.6506403719209507 0.6451977721689119 0.6394679386283774 0.6334814569210663 0.6272687685590883 0.6208599754656248 0.614284722113766 0.6075721546766554 0.6007509531315218 0.5938494304470214 0.5868956919237468 0.5799178481597764 0.5729442773226692 0.5660039370175904 0.5591267330267441 0.5523439633716867 0.5456888718381021 0.539197368738029 0.5329090109693825 0.5268683856955146 0.521127122999055 0.5157468901267512 0.5108039227197754 0.5063959639626052 0.5026529362157192 0.4997531288574566 0.49794618268934954 0.497577602942202 0.4990710731399527 0.5026140986216566 0.5060712920756093 0.49270306267163927 0.4098122359329685 0.4849773298560067 0.4368511003293609 0.26032323612412417 0.161608627564962 0.11386648665245097 0.0897054233486923 0.07727173853907462 0.0715300244535668 0.07022296292821534 0.07219765439218251 0.07652994169698106 0.0799345945706617 0.07390493750319173 0.035691405857822496 -0.06939027493969187 -0.23587843426233876 -0.3834674467398877 -0.4676934017497302 -0.5108448619466962 -0.5361167405241496 -0.5532644869227196 -0.565966551331965 -0.5758672036663397 -0.5838612320661721 -0.5904987240787094 -0.5961398515749334 -0.6010294393317933 -0.6053394409370828 -0.6091956492333565 -0.6126955384576049 -0.6159207058992524 -0.6189458509841418 -0.6218454433227276 -0.6246988007052173 -0.6275940661601912 -0.630631470218648 -0.6339262622563436 -0.6376117957580036 -0.6418434902581943 -0.6468048541794753 -0.6527176212542052 -0.6598597192801456 -0.6685981076955572 -0.6794504337816631 -0.6932046337578429 -0.7111608876231151 -0.7356477084026092 -0.7711952321402447 -0.8274008799192111 -0.9264256185781675 -1.1231488763454003 -1.5521213104823843 -2.486397211887108 -4.7258655576491275 -17.994431472248515 -14.8789329317562 -17.985671092340308 -4.711241170437601 -2.4703083082070196 -1.5383889577640677 -1.112587102400237 -0.9184778134289988 -0.8217205022897802 -0.767653008935636 -0.7341923369830708 -0.7117460014354182 -0.6957570156776353 -0.6838572178121813 -0.6747030354051524 -0.6674642483839262 -0.6615849836289129 -0.6566660813468218 -0.6524048028382754 -0.6485629165211537 -0.644949287128325 -0.6414099721974874 -0.6378221345101367 -0.6340897422213928 -0.6301398971504192 -0.6259190952806072 -0.6213889643349167 -0.6165211281437235 -0.6112908506990884 -0.6056690183735322 -0.5996118019006539 -0.5930469362103373 -0.5858548254164212 -0.5778412698763817 -0.5686954609758952 -0.5579181373333062 -0.5446746955770002 -0.5274104175282376 -0.5026113421666271 -0.4608309743008262 -0.3792349518300271 -0.23514975785663678 -0.0713790959898674 0.03274322402534341 0.07114211850876977 0.07767286046020085 0.07468462032903801 0.0712095211211994 0.06952252658965179 0.07103225269884629 0.0769122593382947 0.08943197576126871 0.11362843869809769 0.16134390325836087 0.25998186023389824 0.43706008943440877 0.4850369960859999 0.4093070364283796 0.49238597754180635 0.5061289715174246 0.5028552662296019 0.49945173050191805 0.498081057071449 0.49855975917569273 0.500463369367248 0.5034444177505506 0.5072510024357992 0.5117025632795571 0.5166670316681046 0.5220447337642053 0.527757797910648 0.5337432916296901 0.5399487662704265 0.5463293376313871 0.5528457450890866 0.5594630332500093 0.5661496267898635 0.5728766494582855 0.5796173903050912 0.5863468547857225 0.5930413624311369 0.5996781698113411 0.6062351099110691 0.6126902480597554 0.6190215611094095 0.6252066507688383 0.6312225042303192 0.637045316263847 0.6426503854463972 0.648012095480327 0.6531039887401352 0.6578989350960323 0.6623693942012 0.6664877644240215 0.6702268066331587 0.6735601267775944 0.6764626974105186 0.6789113959186734 0.6808855357336931 0.682367366890194 0.6833425235317685
0.6936039438936296 0.6934997242344106 0.6928326056471568 0.6916056495732903 0.6898265821007199 0.6875076204155623 0.6846651948986648 0.681319581002642 0.6774944588185965 0.6732164210953064 0.6685144518528732 0.6634193984719983 0.6579634592075415 0.6521797064200747 0.6461016628989578 0.6397629453875517 0.6331969850258012 0.6264368305186264 0.6195150352013156 0.6124636256011915 0.6053141456321026 0.5980977684594462 0.5908454671509108 0.5835882359254607 0.5763573565182342 0.5691847096118198 0.5621031391920976 0.5551468903766101 0.5483521588530962 0.5417578163619905 0.5354064152068447 0.5293456342718432 0.5236304219879968 0.5183262427539644 0.513514081304687 0.5092982696548229 0.5058188563958979 0.5032711490978293 0.5019355951143074 0.502216996203089 0.504658316536613 0.509684508407469 0.5155100844608131 0.5048818715499083 0.4357134115202884 0.5036102668179856 0.3921596135716367 0.22779222616986627 0.14467187510812807 0.10491965887426964 0.08499913367619125 0.0752031202837612 0.07143685205156039 0.07181690317151278 0.07522387465380752 0.07884574749398413 0.07526229853270242 0.04306996276958992 -0.05437227444143686 -0.21735628470789678 -0.36601707026835345 -0.45475828408750063 -0.5041858880088307 -0.5352599666885668 -0.5570787273385933 -0.5735118831253259 -0.5865183644653756 -0.5972326159006414 -0.6063597824334607 -0.6143547591998756 -0.6215178502284359 -0.6280509879470153 -0.6340927966167378 -0.6397414965445677 -0.6450705063744497 -0.65013949320182 -0.655002468916604 -0.6597138810397357 -0.6643332779270414 -0.6689289273185512 -0.6735806747270254 -0.6783823167396824 -0.683443829342415 -0.6888939521867011 -0.694883938733022 -0.7015938581665532 -0.7092439256220715 -0.7181154887851656 -0.7285907498777823 -0.7412300378769178 -0.7569281243163956 -0.7772478919278217 -0.8051846315570328 -0.8470812455587595 -0.9179940952468671 -1.058849603462669 -1.3987069129292735 -2.3729541161874734 -5.115149350834742 -18.546262213212472 -16.510809674227914 -18.535769578681922 -5.098734243043291 -2.358572059484289 -1.38818427874035 -1.050775281118036 -0.9118150239765271 -0.8426739610090441 -0.802544245263513 -0.7763828370352953 -0.757823294187545 -0.7438329738070097 -0.7328069891170741 -0.7238084034310073 -0.7162372600630383 -0.7096761462200507 -0.703814329373513 -0.6984090997664871 -0.693265549269654 -0.6882257228930179 -0.6831625224020232 -0.6779758933807309 -0.6725899222657485 -0.6669500511465886 -0.6610199332631366 -0.6547776182336031 -0.6482108264165017 -0.6413110654778917 -0.6340662559189385 -0.6264513397438368 -0.6184159922816219 -0.6098679340413299 -0.6006492439645856 -0.5905010893568305 -0.5790084269627295 -0.565507604959723 -0.5489157170522652 -0.5273553192837931 -0.49711073916787846 -0.4493677398964791 -0.36345458906280736 -0.21821416506024433 -0.057462787579466754 0.03963865467629853 0.0724385790080376 0.07672620449089355 0.07361649148012041 0.07094951723707857 0.0708429007745958 0.07479187164848441 0.08470501490927294 0.10468887694455185 0.14444864795600967 0.22752019184701275 0.39211350415648755 0.5122896316610625 0.435894282104451 0.5045826235421998 0.5155618047602176 0.509899914646375 0.5049950775687357 0.5026601186498465 0.5024741185074647 0.503893488529223 0.5065116718317716 0.5100461738223557 0.5142996163093505 0.5191299824766815 0.5244311600719738 0.530120645990164 0.5361317904180107 0.5424088626411385 0.5489038736636274 0.5555744988485065 0.562382691447515 0.5692937275847276 0.5762755163295059 0.5832980674272663 0.5903330482130891 0.5973533880451098 0.6043329072283545 0.6112459612644936 0.6180671010474769 0.6247707565575705 0.6313309563644465 0.6377210973446436 0.6439137798886367 0.6498807222905804 0.6555927657585494 0.6610199771992509 0.6661318525787221 0.6708976182410857 0.6752866220105114 0.6792688010705016 0.682815208645344 0.685898578021477 0.6884938997759398 0.690578986897014 0.692135002617975 0.6931469273450452
0.7027831053988447 0.7026346964037936 0.7018913891190313 0.7005572972396292 0.6986414460912276 0.6961575728020919 0.6931238204641239 0.689562341488849 0.6854988291971843 0.6809619994201549 0.6759830455422272 0.6705950907046618 0.6648326599722743 0.6587311932473181 0.6523266164756016 0.6456549849823999 0.6387522080545869 0.631653859399225 0.6243950734159531 0.6170105231196195 0.6095344721315246 0.6020008911230577 0.5944436282768373 0.5868966244790689 0.5793941673858809 0.5719711843551668 0.564663583589537 0.5575086666048927 0.550545654397066 0.5438163988653977 0.5373663932189424 0.5312462616632285 0.5255140138666071 0.5202385244447632 0.5155049938708531 0.511423659879386 0.5081439131960661 0.5058774254808726 0.5049357913556719 0.5057876050763286 0.509115916600091 0.5156716381801122 0.5244190485770885 0.5195045153894243 0.47020584313882563 0.5167398913052356 0.35511902954227176 0.20463836385197848 0.13283628071126294 0.0987555154573532 0.08193162058065044 0.07414993405949641 0.07192700389749708 0.07359608832423098 0.07672576843227995 0.07555707090174964 0.05205252894813209 -0.030850423229152144 -0.1877250528528953 -0.34555906075901716 -0.4466231896492914 -0.5058170560606551 -0.5439539463540501 -0.5708883118435409 -0.5911896480642118 -0.607294962843118 -0.620632910953567 -0.6320849443005446 -0.6422121129422348 -0.6513793125254753 -0.6598276458393605 -0.6677184943969626 -0.6751614998170258 -0.6822331009140987 -0.6889893550885319 -0.6954751759371124 -0.7017312223038328 -0.707799163965623 -0.7137257590029096 -0.7195660204796536 -0.7253856773906979 -0.7312631252732015 -0.7372911095196784 -0.7435785016461496 -0.7502527515492284 -0.7574640066630316 -0.7653926528467039 -0.7742635208959363 -0.7843730535977336 -0.7961423404940315 -0.810224201726575 -0.8277304922839849 -0.8507489574133508 -0.8836305275504976 -0.9366007908505964 -1.0375991146731516 -1.2797229607005312 -2.057412568050933 -5.111829065100662 -18.924265808649295 -18.14379350009905 -18.913312017660672 -5.096479095822196 -2.046975240022537 -1.2719993458723873 -1.0314734841962474 -0.9318651066224352 -0.8802859724367496 -0.8488324495882154 -0.8272659399639068 -0.8112059178934234 -0.798528950163767 -0.7880858852157056 -0.7791875094930725 -0.7713789772967844 -0.7643340699548585 -0.757803240141577 -0.7515872967079044 -0.7455238280314845 -0.7394800646625788 -0.7333489335511771 -0.7270465493955174 -0.7205101588063011 -0.713695967376445 -0.7065765092511478 -0.6991373416255501 -0.6913728998829071 -0.6832813438547585 -0.6748581575360767 -0.6660881119720781 -0.6569349181690414 -0.6473273994422132 -0.6371401416431497 -0.626165037696386 -0.6140673465954882 -0.6003146132494654 -0.5840560618692007 -0.563904578497992 -0.5374956533781525 -0.5004043800983458 -0.4430375954489056 -0.34477159703392485 -0.18991343287936735 -0.03445403572761936 0.04874363349925755 0.07309621447720228 0.07499156216889387 0.07233942774583542 0.07126300858183907 0.07370639674582119 0.08162850243637429 0.09853486010784802 0.13264700851239558 0.20442901380617917 0.3550007179458984 0.5202263952988859 0.47122579304264345 0.5192584860442371 0.5244678691762947 0.5158544601717149 0.5093964941777025 0.5061537948886584 0.5053789077766215 0.5063882366931916 0.5087116862832389 0.5120359123897356 0.5161474695767603 0.5208952750008653 0.526167553614941 0.5318777861843493 0.5379560592943697 0.5443436649949216 0.5509896806059584 0.557848770450824 0.5648797467826522 0.5720446011744535 0.5793078229086 0.5866358866685749 0.5939968350262081 0.6013599101831513 0.6086952100680922 0.6159733584052731 0.6231651892548786 0.6302414538518291 0.6371725623172569 0.6439283754499447 0.6504780621731419 0.656790036907526 0.6628319882242286 0.668571006064943 0.6739738098670791 0.6790070743647423 0.6836378444268268 0.6878340248135142 0.6915649262960211 0.6948018458080536 0.6975186558277708 0.6996923771968068 0.7013037097898964 0.7023374973126315
0.7113325694574397 0.7111354199588589 0.710316015800107 0.7088794669958909 0.7068359068492844 0.7042002739388515 0.7009919909858677 0.6972345562093881 0.6929550665271993 0.6881836946572082 0.6829531435490438 0.6772981020019868 0.6712547238330129 0.6648601511955149 0.6581520987686097 0.6511685117630119 0.6439473057313203 0.6365261914628221 0.6289425832693749 0.6212335850862954 0.6134360452192447 0.6055866689047915 0.5977221771726509 0.5898795024672557 0.5820960151380771 0.5744097818649905 0.5668598673295571 0.5594867051070935 0.5523325853035457 0.5454423371079545 0.5388643312456817 0.5326519996339432 0.5268661872648608 0.5215788496953208 0.5168789550528566 0.5128820697685204 0.5097462411019764 0.507698856016527 0.5070826689048161 0.5084332439599069 0.5125905283140304 0.5207102779687727 0.5329017251828272 0.5366907265348725 0.5082876492697426 0.5171661359528097 0.32699265547807893 0.18848807124400446 0.12474081639735685 0.09468165521988509 0.08010979332912053 0.07381941170513605 0.07263494614340008 0.07444351744272223 0.07467533731153987 0.05993119503361736 -0.0034912819391807815 -0.14718044826966092 -0.31754612852775077 -0.4381154441376804 -0.5112998103640691 -0.558610703441782 -0.5917877410705519 -0.6166085037860234 -0.6362059735429964 -0.652402328440166 -0.6663041559684342 -0.6786050141644934 -0.6897505297085311 -0.7000325530970316 -0.7096449245841594 -0.7187178036893619 -0.7273396993231872 -0.7355722480618831 -0.7434605848278225 -0.7510409326154276 -0.7583463514871106 -0.7654111944669293 -0.7722745946425823 -0.7789831859716156 -0.78559320479041 -0.792172111914425 -0.7987999127187775 -0.8055704423883849 -0.8125930518011831 -0.8199954336440773 -0.8279288914702368 -0.8365784411735449 -0.8461823413307319 -0.8570703925954459 -0.8697412077048753 -0.8850254241816313 -0.9044538316172788 -0.9311648334125171 -0.9724226234259783 -1.0478131255309944 -1.2224878750361978 -1.7899357204676436 -4.594186090731012 -19.302722048329723 -19.814741035765877 -19.29254013383852 -4.583093106675743 -1.783035182552993 -1.217103438360195 -1.0434546012214667 -0.9690503020443243 -0.9288178918927561 -0.9031742545875816 -0.8848366674879847 -0.8706406554355616 -0.859026604446363 -0.8491346168995947 -0.8404378771956206 -0.8325805878666865 -0.8253016520603792 -0.8183971704199946 -0.8117015544714697 -0.805077908234115 -0.798413071625088 -0.7916149288429689 -0.7846106767015435 -0.7773453163750698 -0.7697799425863 -0.7618895778503865 -0.7536603950186258 -0.7450862128046094 -0.7361641462430383 -0.7268892413197496 -0.7172478042126488 -0.7072089154630747 -0.6967132325510317 -0.6856575081932825 -0.6738720576592738 -0.6610862551481003 -0.6468731658651039 -0.6305568743903761 -0.6110511171660312 -0.5865653986050512 -0.554029277836217 -0.5077965544515683 -0.4363518774146563 -0.3182254724414382 -0.14999046229407162 -0.006782767257129587 0.057323879931579495 0.07288233018421812 0.07323319301632199 0.07195789075378224 0.0733814452736189 0.07982080577633449 0.09448208638670294 0.12458487696017481 0.1883334472323156 0.3268776860996694 0.5187721792375665 0.5100546684764441 0.5365206217662807 0.5329484118813577 0.5208544169313978 0.5128052966980555 0.5087101269888483 0.5074156005303518 0.50808124972276 0.5101703046839459 0.5133386320368276 0.5173574524382006 0.5220673897143602 0.5273516667220561 0.5331202717901276 0.5393004206646427 0.5458307016725836 0.552657424448653 0.5597323116714152 0.5670110185250976 0.5744521624811312 0.5820166632987 0.5896672658008244 0.5973681645172956 0.6050846807817258 0.6127829646627281 0.6204297099679261 0.6279918815881566 0.6354364625063507 0.6427302328127844 0.6498395955698875 0.6567304650719172 0.6633682315750645 0.6697178135915618 0.6757438048681645 0.6814107179810285 0.6866833211021248 0.6915270590387373 0.6959085442663373 0.6997960994250751 0.7031603291200752 0.705974696619118 0.7082160801496286 0.7098652839997646 0.7109074814177776
0.7192550490524572 0.7190062359469795 0.7181122294869853 0.7165790614688872 0.7144177772356676 0.7116442073415805 0.7082786430362205 0.7043454310323854 0.6998725064658327 0.6948908855250225 0.6894341403614284 0.6835378790679058 0.6772392521006672 0.670576504247008 0.6635885875943683 0.656314846884965 0.6487947835668005 0.6410679003178752 0.6331736227814115 0.6251512914618548 0.6170402135469976 0.6088797629244409 0.600709516606996 0.5925694182055689 0.5844999632998767 0.5765424096413898 0.5687390256918441 0.561133407447006 0.5537709156953643 0.5466993194493543 0.5399697808919952 0.5336383959976909 0.5277686343167078 0.5224352429344299 0.5177305745746513 0.513775029535807 0.5107346934832322 0.5088519729417138 0.5085003323566064 0.5102836764314561 0.5152094949285622 0.5248965927287725 0.5409266908083261 0.5559245063926541 0.5470151066713219 0.5145211378890211 0.3071861085948329 0.1776915862388916 0.11951206017321223 0.09224304232771917 0.07924662896477842 0.073932821796754 0.07315739848136227 0.07327154969262226 0.06518470720056976 0.022389182943114625 -0.09763663869010639 -0.2761611357781058 -0.4229315442472764 -0.5159303854640053 -0.5757177330192702 -0.61700438167816 -0.6474665038082544 -0.6712772652790588 -0.6908222542422218 -0.7075188625592169 -0.7222378922667629 -0.7355302738213747 -0.7477531889569318 -0.7591426551384168 -0.7698568459805574 -0.7800029869667202 -0.7896547840852531 -0.7988642428995532 -0.8076700591714889 -0.8161038324545629 -0.8241948264566988 -0.8319736966905588 -0.8394754315506884 -0.8467416582013292 -0.8538224203387257 -0.8607775304418416 -0.8676776281530396 -0.8746051477197474 -0.8816555281128438 -0.8889392341572862 -0.8965855870342206 -0.9047502259104911 -0.9136296829820278 -0.923490097150346 -0.9347251454876916 -0.9479779580714143 -0.9644142373196539 -0.9863891034615512 -1.019275260500185 -1.0773310733881036 -1.2072327408025605 -1.6194370430304013 -3.8583983513257873 -19.66406537121507 -21.56098933054716 -19.656146777192195 -3.852278796792383 -1.615439353275982 -1.2039754924138244 -1.0746673021335305 -1.0172219851959294 -0.9849849836865056 -0.9636912290029938 -0.9479529618283107 -0.9353968748089783 -0.9248379533500132 -0.9156137525318321 -0.9073121003802715 -0.8996498704022362 -0.8924156467747247 -0.8854415227302895 -0.8785889457470148 -0.871741574491209 -0.8648016556212857 -0.8576880921461021 -0.8503352018269076 -0.8426915988741912 -0.8347188706585172 -0.8263898566831686 -0.8176864115856309 -0.8085965669121857 -0.7991110038687708 -0.7892187078869533 -0.7789015817348464 -0.7681276215011451 -0.7568419580385037 -0.7449545425218137 -0.732322333103325 -0.718722181607196 -0.7038075609561242 -0.6870364906971986 -0.6675468173349451 -0.6439327969780122 -0.6138310571882295 -0.5731180518932883 -0.5142247229211744 -0.4225974688426863 -0.27754000858417094 -0.10007123984461368 0.020134120498217997 0.06359333156821542 0.0722345705771202 0.072473287075492 0.07356074027798681 0.07900737128779334 0.09208326207076414 0.1193949126268641 0.17758679028452493 0.3071037930242448 0.5152474907756807 0.5490291509722863 0.55583463399457 0.54096841847428 0.5249964801334075 0.5153515725310359 0.5104633056841223 0.5087141519588123 0.5090961292442844 0.511004467002587 0.514064753800983 0.5180336415500464 0.522744150729447 0.5280750671564571 0.5339333346779876 0.5402436438387309 0.5469421344780165 0.5539725220080894 0.5612836862383987 0.5688281562967032 0.5765611466494986 0.5844399283232871 0.5924233980610722 0.600471758489483 0.608546255332239 0.6166089412575171 0.6246224521787083 0.6325497935998735 0.6403541430297726 0.6479986795502791 0.6554464546171148 0.66266031869018 0.6696029172258696 0.6762367665109523 0.6825244160127754 0.6884286990565922 0.693913068207012 0.6989420067508896 0.7034815024285761 0.7074995656899377 0.7109667713246697 0.7138568003794201 0.7161469585918607 0.717818648163008 0.7188577715463529
0.7265599136297176 0.7262583119886541 0.725292655084899 0.7236698029750666 0.7214015151115934 0.7185042192168677 0.7149986943643596 0.7109096830441951 0.7062654501643328 0.7010973089331861 0.6954391346781328 0.6893268874790611 0.6827981630527853 0.6758917888164901 0.6686474786692749 0.6611055556074119 0.6533067467952554 0.6452920509185692 0.6371026731645759 0.6287800195407562 0.6203657395509439 0.6119018052064975 0.6034306148499432 0.5949951131973266 0.5866389241462174 0.5784065013602524 0.5703433132630746 0.5624960963761073 0.554913234495025 0.5476453565131987 0.5407462986160207 0.534274661151755 0.5282963305677602 0.5228885812364346 0.5181468144842116 0.51419582988814 0.5112091742239859 0.5094434959959405 0.5093019929278315 0.5114562471670455 0.5170845925603555 0.5282992170701103 0.5483660563420913 0.5762447238124886 0.5859833987769015 0.5140904109522089 0.294697728787638 0.17113777150241805 0.11657996101621503 0.09112775814472909 0.07910926527783499 0.07425406772286139 0.07259525322788654 0.06802803961592165 0.042508801891631025 -0.045462100090381666 -0.2171506190630837 -0.39321720163353663 -0.5139374454401476 -0.5912759300232342 -0.6435491485590632 -0.6813365503558745 -0.7104168711613916 -0.7340264762578016 -0.7540382577591064 -0.771574262670438 -0.7873294703463994 -0.801747269033354 -0.8151175912005901 -0.8276337558106087 -0.839426654429834 -0.8505861527206104 -0.8611750753514223 -0.8712387665488432 -0.8808119288093362 -0.8899237225052827 -0.8986016975145893 -0.9068748888660941 -0.9147762699965218 -0.9223446805535943 -0.9296263101601695 -0.9366758149892211 -0.9435571674234623 -0.950344395475169 -0.9571224722261502 -0.9639888005628053 -0.9710560745990128 -0.9784579392912175 -0.9863601531552787 -0.9949826815442514 -1.0046442995461893 -1.0158562173325634 -1.0295307077008866 -1.0474864263172228 -1.0738187460407391 -1.1192364443627234 -1.2181579789526689 -1.5229329592213137 -3.2015012508544682 -19.740911917106942 -23.42017302691329 -19.737263429554883 -3.1994648253722104 -1.5214274716866203 -1.2168827795499144 -1.1181850861292395 -1.0730124834071388 -1.0469462921783572 -1.0292720337949668 -1.0158868906902463 -1.0049640484174027 -0.9955828411215535 -0.9872237709130162 -0.9795601735961825 -0.9723648613845335 -0.9654657636198335 -0.9587240479007084 -0.9520231359303784 -0.9452631804825004 -0.9383582933171036 -0.9312350990183181 -0.9238318314414946 -0.9160975277668558 -0.9079910621858682 -0.8994798667134769 -0.8905382449282524 -0.8811452092379333 -0.8712817693015378 -0.8609275640344343 -0.8500566540410122 -0.8386321530848546 -0.8265991381310599 -0.8138748669867467 -0.8003346137888362 -0.7857901475793515 -0.7699555130523149 -0.75239029305137 -0.7324018252103681 -0.7088705768477617 -0.6799283311444082 -0.6423501126954346 -0.5903853833386495 -0.5135148965149605 -0.3934826771601203 -0.21812532305735774 -0.04664507583409136 0.041586036331956504 0.06742202680937863 0.0722078959221836 0.07399722789790279 0.07896790049601908 0.09103328582058047 0.11651188690800908 0.17108156771047112 0.2946582943375501 0.5143509348449943 0.5872827100960895 0.5762219045981587 0.548396336145239 0.5283499389270391 0.5171499506452508 0.5115351682657496 0.5093936461871224 0.5095466497331683 0.5113221188676635 0.5143163890662346 0.518272371919706 0.5230161145242387 0.5284224526629054 0.5343956716090568 0.540858245995103 0.5477441127901641 0.5549945816885263 0.5625558248697966 0.5703773307203174 0.578410950309703 0.5866103055757828 0.5949304127599351 0.6033274276954683 0.6117584547258543 0.6201813851232365 0.6285547481668639 0.6368375699708524 0.6449892440055993 0.6529694225179605 0.6607379414018981 0.6682547916794053 0.675480149958468 0.6823744775421097 0.6888986943618977 0.6950144292341875 0.7006843431785788 0.7058725176224798 0.7105448948815268 0.7146697544399365 0.7182182058123414 0.7211646769667022 0.72348737686227 0.7251687113926111 0.7261956337986293
0.7332617919683553 0.732908164719041 0.7318752726040059 0.730170691496491 0.7278066971418828 0.7248000383275994 0.7211716374440812 0.716946232153989 0.7121519743588323 0.7068200044585666 0.7009840194945322 0.6946798535155932 0.6879450867959479 0.6808186982341278 0.6733407716944143 0.6655522631111477 0.6574948307224833 0.649210726442677 0.6407427423929353 0.6321342033067819 0.623428993662002 0.6146716074740548 0.6059072103854893 0.5971817066646417 0.5885418100708772 0.580035126105709 0.57171026606375 0.5636170309403725 0.5558067282398144 0.5483327215400371 0.541251368391519 0.5346235922173024 0.5285174839499965 0.5230125950872274 0.518207071665943 0.5142297195514225 0.5112609896871052 0.5095708979476038 0.5095908777138649 0.5120575384136897 0.5183159621112415 0.5309721013005682 0.555049545488365 0.596494409490571 0.6263053043501583 0.5188306612339366 0.2886214906093676 0.16808733883368537 0.11556547563669956 0.09111007864508561 0.07948497854514036 0.07423509811073589 0.07005956334772015 0.055729710120378514 2.462514183670014e-6 -0.14300953887539547 -0.34017479050593974 -0.49755487069804744 -0.6001579739330327 -0.6678852964634814 -0.7155147336360567 -0.7513593568469665 -0.7799967738612165 -0.8040016914789737 -0.8248716569962634 -0.8435095014936808 -0.8604780851689441 -0.8761387168031824 -0.8907290238626958 -0.9044084094537813 -0.9172856210373719 -0.9294361477735567 -0.9409136675960383 -0.9517579146383318 -0.9620003273225604 -0.9716682688491953 -0.9807882835759671 -0.9893886604039632 -0.9975014612048311 -1.0051641093212134 -1.0124206028402956 -1.0193224128918639 -1.025929145202728 -1.0323090882073043 -1.0385398537645874 -1.044709463821647 -1.0509185032852009 -1.0572844651525213 -1.0639504231586956 -1.0711022996118398 -1.0790037893615618 -1.0880695715702968 -1.099027810204396 -1.1133112262481755 -1.1341078660009518 -1.1696442467107457 -1.2459050078036653 -1.4752423639639018 -2.712517203568508 -19.052938251207053 -25.43236086631715 -19.055607604903923 -2.713567059735745 -1.4759200020640297 -1.2464443516309847 -1.1700760471077654 -1.1344334901506006 -1.1135265493620243 -1.0991288462612303 -1.0880543465200678 -1.078873103608233 -1.0708600417673393 -1.063603640287781 -1.0568432651118447 -1.0503958235968571 -1.0441207279360174 -1.037902532112076 -1.0316421812613703 -1.025252607368992 -1.0186565374292458 -1.0117853892489694 -1.0045786354243067 -0.9969832817584159 -0.9889532533341495 -0.9804485629624998 -0.9714341813571092 -0.9618785454537746 -0.9517516364221122 -0.9410225282220985 -0.9296562442427699 -0.9176096464715233 -0.9048258890710911 -0.8912266401197305 -0.8767007062311094 -0.8610866835138308 -0.8441454057136282 -0.8255144591138068 -0.8046302137351647 -0.7805891810008222 -0.751892804391373 -0.7159640502449651 -0.6682196826903328 -0.6003343333016162 -0.49751197187887314 -0.33987176905115346 -0.14256826102567224 0.000356347256336916 0.05593740939144066 0.07016940233726472 0.07429259967745548 0.07950077628756774 0.09111148623912585 0.1155599295689162 0.16808136406352658 0.2886277735166971 0.5188219738859341 0.6258742781998915 0.5965135736826253 0.5550593677524657 0.5309698312060137 0.5183035570516827 0.5120367250825187 0.5095629654623723 0.5095369964998064 0.5112221652569936 0.5141870830355977 0.5181618247045717 0.522966050651671 0.5284710704740445 0.5345788458944863 0.5412099160867337 0.5482962557643608 0.5557769751925248 0.5635957123519504 0.5716990559370752 0.5800356032325178 0.5885554078190887 0.5972096614692308 0.6059505108499199 0.6147309459817683 0.6235047226081535 0.6322262980947684 0.6408507731610246 0.6493338404277478 0.6576317466671071 0.6657012789383442 0.6734997860076205 0.6809852457121965 0.6881163870438805 0.6948528722374219 0.7011555404016421 0.7069867097743447 0.712310531449683 0.7170933833713276 0.7213042902645452 0.7249153526334964 0.7279021666579442 0.7302442165323113 0.7319252215668957 0.7329334222454704
0.739378904697899 0.738975991063309 0.7378817635289224 0.7361044702986053 0.7336564922808936 0.7305547876682916 0.726820117643908 0.7224768709622129 0.7175527145112157 0.7120782281119143 0.7060865392021111 0.6996129724353957 0.6926947276685442 0.6853705972912361 0.6776807307299086 0.6696664502028926 0.6613701177523499 0.6528350499012783 0.6441054725898883 0.6352265067710696 0.6262441733216773 0.6172054062092183 0.6081580648302523 0.5991509402165841 0.590233756744338 0.581457180146681 0.5728728560979117 0.5645335219404521 0.5564932601333611 0.5488080000545268 0.5415364333309836 0.5347416022719147 0.5284935811417306 0.5228739550423728 0.5179833315478887 0.513954156662467 0.5109732354045653 0.5093229819787197 0.50946111330723 0.5121849051998769 0.5189956293910564 0.5329662383602114 0.5608182753283019 0.6155488787032253 0.6689783545420676 0.5303965550302385 0.2882713238050446 0.1680496810913616 0.11620975989691784 0.09201433230191117 0.08015811658468394 0.07350008968537396 0.06416841032446158 0.03256614152852033 -0.06684221850024781 -0.25854544935665036 -0.45629617624278684 -0.595118895772483 -0.6853872815366288 -0.7467750575464295 -0.7915764354467187 -0.8265545958841131 -0.8554135082121588 -0.8802393366020117 -0.9022508168680667 -0.9221861317935129 -0.9405070547961315 -0.9575104489195865 -0.9733915029324408 -0.9882809883199167 -1.0022680633461756 -1.0154147820295365 -1.0277657022732671 -1.0393545154020212 -1.0502088106682919 -1.0603536283958492 -1.0698141885684298 -1.0786180227346844 -1.086796643441635 -1.094386832051146 -1.1014315996795618 -1.1079808710657486 -1.1140919551388186 -1.1198299014606747 -1.1252679086495125 -1.130488068238601 -1.1355829413774952 -1.1406588686122998 -1.14584271515662 -1.1512954423198873 -1.1572396768961526 -1.164017533515466 -1.1722186496780855 -1.1829867994473184 -1.1988374738664909 -1.226184274588746 -1.2849705994863394 -1.4594287380898294 -2.3725732038562306 -17.220462455655362 -27.644154313947837 -17.230009614724008 -2.37596475677618 -1.4619876786952226 -1.2871073858109672 -1.2279177465734035 -1.2001387193821453 -1.1838239971978863 -1.17256800102465 -1.1638672234259633 -1.1565916255616624 -1.1501660014448105 -1.1442626537038196 -1.1386727743374825 -1.1332481030598192 -1.1278728913383762 -1.1224499216094859 -1.1168934202417407 -1.1111254848811962 -1.1050743338487758 -1.0986734848047581 -1.0918613695188961 -1.08458110112438 -1.0767802241684337 -1.0684103397731854 -1.0594265306930184 -1.0497865211391006 -1.0394494991603767 -1.0283745011306256 -1.01651820424722 -1.0038318780790112 -0.9902570888541362 -0.9757194829247042 -0.9601195169202431 -0.9433181915870497 -0.9251143695546081 -0.905207479379084 -0.8831340056071045 -0.8581553237971123 -0.8290521376596646 -0.7937345643131496 -0.7484850143782669 -0.6865020806690028 -0.5954056832956067 -0.45543227912741013 -0.25655245881968547 -0.06470150075430424 0.034049490366416024 0.06503453917913776 0.07399580341357745 0.08039774768597839 0.0921444186035458 0.11628129463660111 0.16809709817821755 0.2883234770221412 0.5302170067271945 0.6665421026746852 0.6155802141933111 0.5607980464579426 0.5329088645410313 0.5189075203774391 0.5120695605364043 0.5093214513199649 0.5091620494081054 0.5107945052244918 0.5137616681161494 0.5177817491317854 0.5226685761994144 0.5282903052730018 0.5345468671279585 0.5413571215767075 0.5486513178473245 0.5563665894527696 0.5644442488376846 0.5728281779581783 0.581463896084782 0.5902980464878294 0.599278137957082 0.6083524356810057 0.6174699337018075 0.6265803669063585 0.6356342384671528 0.6445828515086427 0.6533783426695717 0.6619737214780055 0.6703229229357152 0.6783808823813118 0.686103641441711 0.6934484924257319 0.7003741658307019 0.7068410623215435 0.7128115268528026 0.7182501590940341 0.7231241508682964 0.7274036386696423 0.7310620574460283 0.7340764807837332 0.7364279324974148 0.7381011602001154 0.7390869305253077
0.7449342092235535 0.7444864312136437 0.7433379309109736 0.7414973062649096 0.738977284180026 0.7357945184343763 0.7319693469145779 0.7275255192904324 0.7224899072906177 0.7168922102950508 0.7107646682825778 0.70414179320439 0.6970601276599662 0.6895610339071969 0.6816795405722116 0.6734592454886935 0.6649430530987085 0.656175208296373 0.6472012556841023 0.6380680127600546 0.6288235462973387 0.6195171422556216 0.6101992617082355 0.6009214804473493 0.591736416702263 0.5826976615028349 0.5738597401077659 0.5652781516887002 0.5570095611781232 0.5491122566373519 0.5416470459701836 0.5346788656329782 0.5282795428888465 0.5225324555337821 0.517540402393073 0.5134391198827459 0.5104212165499991 0.5087804580134447 0.5089985454197654 0.5119277770649273 0.5192101957890933 0.534338169422045 0.5655651928214973 0.632487610278859 0.7136106358147647 0.5497302284229223 0.2931681613198684 0.1706943215115152 0.11832689138917277 0.09369087465636255 0.08091579338920768 0.07145350962974438 0.053171423412463614 -0.00536346211122921 -0.15679544036829227 -0.37874215143369194 -0.5654306951667605 -0.6893497966553604 -0.7708760221661677 -0.8280621073234606 -0.871288781353988 -0.9061459206115084 -0.9356828200148737 -0.961621134201119 -0.9849701689607936 -1.0063422566736353 -1.0261197533873048 -1.0445469736146153 -1.0617828502402853 -1.077932292138782 -1.0930655805639817 -1.1072308295785303 -1.1204623025682516 -1.1327861789289708 -1.1442247022798606 -1.1547992615828746 -1.1645327342874487 -1.1734512879967292 -1.181585757440656 -1.1889726687883724 -1.1956549604258409 -1.201682444682347 -1.207112065386929 -1.2120080351093132 -1.2164419885664988 -1.220493383819789 -1.2242505533282548 -1.2278131293374521 -1.2312972074438195 -1.2348459553206015 -1.238651372142567 -1.2430000809797865 -1.2483746740486719 -1.2556955843119693 -1.2669620835903188 -1.2872143885955187 -1.331907463652109 -1.46490835291815 -2.1421781474588295 -14.421477618028957 -30.114719305727597 -14.435983763771231 -2.147339526258073 -1.469019744922986 -1.3353752488704986 -1.2900238287067025 -1.2690510174008318 -1.257005029618423 -1.2488620107700998 -1.2426442455438662 -1.237455319600385 -1.2328376569977066 -1.2285295552165656 -1.2243628816218532 -1.2202163996943973 -1.2159932024643354 -1.211609387511243 -1.2069882906701954 -1.2020575942782 -1.1967479656813302 -1.19099251667138 -1.1847266896306086 -1.1778883403537241 -1.170417873700676 -1.1622583344179367 -1.1533553764535818 -1.1436570390017062 -1.1331132476996242 -1.1216749337385714 -1.1092926169223798 -1.0959142194078475 -1.0814817454625059 -1.0659262422773628 -1.0491600797242024 -1.0310649239894047 -1.011472579533593 -0.9901336264687057 -0.9666644290585927 -0.9404543695339562 -0.9104971249315875 -0.8750717172805211 -0.8311194305718778 -0.7730132338216689 -0.6902711960767742 -0.564652204295857 -0.37585628334696214 -0.15279598770822866 -0.002189548044746404 0.05507839288915764 0.07252601076422197 0.08153433735554688 0.09398069805392123 0.11848869084708208 0.1707982456514231 0.29326522955818385 0.5494284035532431 0.7099177626070168 0.6325029756441061 0.565506860859144 0.5342259441908275 0.51905159029762 0.5117269938028894 0.5087595271360622 0.50850771464435 0.5101201677264481 0.513116257870511 0.5172033561719109 0.5221899854714231 0.5279414783516052 0.5343559910037767 0.5413509377183376 0.548855073474106 0.5568037894547551 0.5651363097268094 0.5737940464267695 0.5827196740684137 0.5918566524264659 0.6011490259770726 0.6105413886942018 0.6199789415508181 0.6294075963872188 0.6387740981040735 0.6480261499510298 0.6571125360117117 0.6659832413175788 0.674589573754599 0.682884294338742 0.6908217623907311 0.6983588390478902 0.7054518442727078 0.712062056710542 0.7181521737736977 0.7236875591248095 0.72863651242595 0.7329705446877414 0.7366646489913761 0.7396975553892589 0.7420519586038712 0.7437147076767868 0.7446769481401438
0.7499492486321778 0.7494626797231146 0.7482681340353422 0.7463744879175668 0.7437944146065512 0.740544204605718 0.7366435624211364 0.7321153886397973 0.7269855567758174 0.7212826940300356 0.7150379744196439 0.7082849312136275 0.7010592937016098 0.6933988510573275 0.685343343324631 0.6769343770841114 0.6682153607642985 0.6592314525642933 0.6500295123425607 0.6406684196187429 0.6311777081723575 0.6216187628946696 0.6120445378675563 0.6025092659573517 0.5930683099721363 0.5837780144968667 0.5746955909458982 0.565879087762651 0.5573875248654466 0.549281311804369 0.5416231316326751 0.5344795748772555 0.5279239846569201 0.5220412923221593 0.5169362259275327 0.5127474723973477 0.5096728909256615 0.5080164987440511 0.5082814613425686 0.5113686633758066 0.5190425266472526 0.5351543963726298 0.5692557612084975 0.6467001949472293 0.7584887868598509 0.577343840838644 0.3029793709832747 0.1757841789681947 0.12176959900375936 0.09599974597354785 0.08144703734925055 0.067396035545303 0.035105206247582676 -0.060610024568848495 -0.2628337502496004 -0.4964531046326377 -0.6693221667643435 -0.7815862553228884 -0.8568640277632598 -0.9113491011450153 -0.953866227634863 -0.9891035077110638 -1.0196172893738904 -1.0468550336270825 -1.0716664609397237 -1.0945655973175543 -1.1158704747641255 -1.1357807966420606 -1.1544229319198334 -1.1718770383533283 -1.1881940544556462 -1.2034067537705626 -1.2175372077004696 -1.2306020054025524 -1.2426160229487888 -1.2535952136363793 -1.2635587028761048 -1.2725303585255014 -1.280539940305376 -1.2876238940425975 -1.2938258376260154 -1.2991967819092174 -1.303795138203014 -1.3076865877055541 -1.3109439305400081 -1.3136471077857907 -1.3158837261369916 -1.3177506708200417 -1.3193579013028842 -1.3208365909215198 -1.3223561482024921 -1.3241603296872164 -1.3266473250083284 -1.3305605518155736 -1.3374918973790908 -1.3514099201652863 -1.384330973417835 -1.4849421615237066 -1.9883751221369956 -11.341888444716787 -32.92432476780022 -11.358265093478966 -1.9948151276546775 -1.4902481021352108 -1.388826477131414 -1.3550395748885105 -1.3401618427334794 -1.3321873210293431 -1.3271715939452802 -1.3235528225027828 -1.3206206288547668 -1.3180111190761667 -1.315514686225442 -1.3129946420522858 -1.3103498971372882 -1.307496819780801 -1.3043600944650586 -1.3008680776582129 -1.296950524658416 -1.2925376230122452 -1.2875597693648893 -1.281947773270598 -1.2756332970085553 -1.2685494045414114 -1.2606311241124184 -1.2518159417386712 -1.2420441425564506 -1.231258906106516 -1.2194060383947691 -1.2064331834375057 -1.1922882904348153 -1.1769170029072709 -1.1602584516467744 -1.1422386183010236 -1.1227598835404013 -1.1016843766469016 -1.0788068869710936 -1.0538095216884342 -1.0261831570230722 -0.9950859710186788 -0.9590779075429253 -0.915602207019439 -0.8599460777952718 -0.7831987247865486 -0.6689597667962742 -0.49341802147838143 -0.25747803717549794 -0.055572905034907416 0.038300696827694235 0.06917503588134875 0.08244098784629399 0.09647368012610431 0.12203077999183472 0.17594607730985592 0.3031194900130857 0.5769412681209689 0.7546628316650722 0.646677794828082 0.5691545837581407 0.5349904375175467 0.5188216964766798 0.5110949414623911 0.5079592585614335 0.5076512985096957 0.5092715534559782 0.5123183940508875 0.516489400723071 0.5215882940795885 0.5274778779628775 0.5340547585628119 0.5412351165744441 0.5489464348327087 0.5571226015351878 0.5657010086179042 0.5746208681517226 0.5838222885732071 0.5932458291942868 0.6028323537102738 0.6125230659028789 0.6222596502364508 0.631984466670239 0.6416407674538332 0.6511751859924819 0.6605288098436559 0.6696510866330213 0.6784909516275592 0.6869992568700829 0.6951289540149161 0.7028352774868457 0.710075931421113 0.7168112823521131 0.7230045576753282 0.7286220480390886 0.7336333097235815 0.7380113615945892 0.7417328699189413 0.744778313716984 0.7471321233589002 0.7487827855924956 0.749722909378568
0.7544464882282564 0.7539285885479171 0.7526971546759198 0.7507611748018045 0.74813309511525 0.7448286673994233 0.7408667898734128 0.736269347890238 0.7310610608967503 0.7252693412766852 0.7189241695562678 0.7120579888902058 0.7047056197924043 0.6969041940687806 0.6886931047139557 0.68011396653736 0.6712105803886425 0.6620288927689072 0.6526169418507821 0.6430247811236338 0.6333043733665525 0.6235094498500309 0.6136953339708197 0.6039278750997792 0.5942452077281687 0.5847165204945686 0.5754014883148026 0.5663604686290605 0.5576545843246604 0.5493461094087011 0.5414993467312135 0.5341822926587048 0.5274695670053592 0.521447418585707 0.5162222492939135 0.5119353632108509 0.5087893167019808 0.5070972544135315 0.5073811919779172 0.5105838479829152 0.5185724844723678 0.5354919857734757 0.5719294409057918 0.6579237440781653 0.8014323165404612 0.6133873820877813 0.31743914668457296 0.18312052843156673 0.1264019183121926 0.09879995604865405 0.08151773971114118 0.06057807224646143 0.008165284158833802 -0.13291502556659018 -0.3763021172920371 -0.6092836288420429 -0.768890255224285 -0.8721336418153612 -0.9429915572317303 -0.9958292325228043 -1.0382179268967402 -1.074155207461633 -1.1058248794697796 -1.134466028244086 -1.1608047663420686 -1.1852765398175764 -1.2081456835197406 -1.2295726222565186 -1.249653296509544 -1.2684432671357517 -1.2859730542317573 -1.302258284139854 -1.3173066543557441 -1.331122875455079 -1.3437122718000727 -1.3550834473414308 -1.3652502606178951 -1.3742332569199147 -1.3820606495227685 -1.3887689111732795 -1.394403022770955 -1.399016424959759 -1.4026707266145089 -1.4054352440286526 -1.4073864791588149 -1.4086077050304004 -1.40918893366377 -1.409227743380643 -1.4088318430290285 -1.408125091109542 -1.4072605597018117 -1.406448690788911 -1.406020087709578 -1.4065751346284276 -1.409377301766182 -1.4175396087900962 -1.4403793577799415 -1.5149873934241496 -1.8878832347287837 -8.608619609616687 -36.18693603745088 -8.624527112328213 -1.8951495969758192 -1.5211134882237591 -1.4455801955886347 -1.4217203282085296 -1.4124168748745343 -1.4083698576536796 -1.4064969363285105 -1.4055715863701745 -1.4050337511320758 -1.404594637479914 -1.4040854595347323 -1.403393098814995 -1.402430466050073 -1.4011220487493428 -1.3993966408127725 -1.397183712789555 -1.39441175105545 -1.3910077283693183 -1.3868972593650275 -1.3820051837269172 -1.3762564131377069 -1.3695769228006736 -1.3618947880079733 -1.353141172066201 -1.3432511682994699 -1.3321643883733691 -1.3198251688748628 -1.306182235575291 -1.2911876090209107 -1.2747944439753987 -1.2569533393730343 -1.2376063876102945 -1.2166777624617502 -1.1940587986491498 -1.1695839487340274 -1.1429910010979563 -1.1138529838053504 -1.0814568992255296 -1.0445782226211209 -1.0010427810536986 -0.9468437904188081 -0.8743498027392552 -0.7690186563487036 -0.6065671208930845 -0.3704021195145619 -0.12624391326283899 0.012772770487127355 0.06315335464936936 0.08292018951684019 0.09947026924354274 0.12676490920467598 0.18333878545566473 0.3176191918235345 0.6128902081312646 0.7982312767779169 0.6578508175948439 0.5717850591936308 0.5352825056322545 0.5183005125824396 0.5102524788611787 0.5069948379194106 0.5066619116800756 0.5083127749862268 0.5114273415587367 0.5156944491913709 0.5209134948240608 0.5269450179225668 0.5336842706218783 0.5410463895212951 0.5489577937790278 0.5573511047653101 0.5661621468069498 0.5753282214957816 0.5847871808875709 0.5944770079746066 0.6043357187057122 0.6143048375178405 0.6243162633066902 0.6343122762895349 0.6442329429980097 0.6540195904764309 0.6636151101731657 0.6729642422574957 0.6820138374117215 0.6907130959073872 0.6990137861126224 0.706870444910888 0.7142405628845262 0.7210847561792523 0.7273669261223357 0.7330544063917167 0.7381180964481999 0.74253257886086 0.7462762174934597 0.749331233292063 0.7516837544289067 0.7533238381699889 0.7542454626810022
0.7584477435894393 0.7579070544018585 0.7566485611351225 0.7546811919465093 0.7520170022682529 0.7486710538776747 0.744661303277584 0.7400085035752912 0.7347361230926593 0.728870282710154 0.7224397124836246 0.7154757263694181 0.7080122120474932 0.7000856312240853 0.6917350238350174 0.6830020084925515 0.6739307701870965 0.6645680260563287 0.6549629601017811 0.6451671188975167 0.6352342624060822 0.6252201672372266 0.6151823843086606 0.6051799589199398 0.5952731294260213 0.5855230311330628 0.5759914461700761 0.5667428302088213 0.557834141941517 0.5493331455732204 0.5413055043214201 0.5338203724701728 0.5269534112092418 0.5207919570293127 0.5154438372525678 0.5110526455963851 0.5078250855694519 0.5060823081291966 0.5063625819235152 0.5096437961590343 0.5178768967032037 0.5354363809262013 0.5736872245886981 0.6662159966485561 0.8403426212211647 0.6575678246963803 0.33625646346248805 0.1924930845250042 0.13207551643614748 0.10194369126875505 0.0808621678697638 0.050311828146491926 -0.028738783188249396 -0.21889175725229898 -0.4904281691669074 -0.7163385283350501 -0.8642937797765806 -0.960655067667446 -1.0284312364949098 -1.080345504941373 -1.1229787623512846 -1.1598012829797117 -1.192713724152853 -1.2227950197946749 -1.250673957535197 -1.2767217904912302 -1.3011568371115816 -1.324103968678041 -1.3456299910882334 -1.3657656280091743 -1.3845197744843631 -1.4018891264268494 -1.4178649361711793 -1.4324379026401683 -1.4456017863444126 -1.4573560977846418 -1.4677080669553364 -1.4766740195755652 -1.4842802402205535 -1.4905633796671343 -1.4955704557273233 -1.4993584994225204 -1.501993908186783 -1.5035515856360806 -1.5041139759321418 -1.5037701472649112 -1.5026151615146137 -1.500750122228518 -1.4982836029716238 -1.4953358106836654 -1.4920482937855617 -1.4886054683078545 -1.4852831465585703 -1.4825644711835388 -1.4814440768477941 -1.4843407051222652 -1.4984150248276678 -1.551728377718503 -1.8248237386190322 -6.476067414766584 -40.070142731728865 -6.490408803537901 -1.8324942645847722 -1.5583017215048574 -1.5039987160835189 -1.4888066515570195 -1.4846506123860779 -1.4843930334451643 -1.4856506918183854 -1.487470838415808 -1.489415861698958 -1.491257154310042 -1.4928573843775903 -1.4941202237877522 -1.4949671307893828 -1.495326043693147 -1.4951257685654593 -1.4942933104398255 -1.492752850037316 -1.490425712837896 -1.4872309758275502 -1.483086497976605 -1.4779102259586352 -1.4716216553238404 -1.4641433373906576 -1.4554023230366182 -1.445331429944232 -1.4338702111012254 -1.4209654871753354 -1.4065712804289185 -1.3906479436832213 -1.3731602022231775 -1.3540736941339395 -1.3333493639860947 -1.3109346574601968 -1.2867497311330947 -1.2606655394575994 -1.232468085017125 -1.201798037527209 -1.1680445103386632 -1.1301495913842936 -1.0862313915251813 -1.0328249053099732 -0.9633152409403146 -0.8648477733423755 -0.7141120179166421 -0.4846964852606264 -0.21119699445351373 -0.022803700247185817 0.05369861819587616 0.0826728091418087 0.10280551651946648 0.13253394216664693 0.19276193898335153 0.33647155235970483 0.6569735511295235 0.8379883133312499 0.6660895715794399 0.5735039489083525 0.5351905864927123 0.5175672424301931 0.5092721366045905 0.5059329880350317 0.5056008891351451 0.5073000773172103 0.5104945118562028 0.5148653110633137 0.5202080025016471 0.5263810997018428 0.533278670928953 0.540814974883142 0.5489155572306423 0.5575119973529374 0.566538813502854 0.5759347729176978 0.5856301888161997 0.5955632575426975 0.6056695011708383 0.6158843756617195 0.6261435651462322 0.6363833488022012 0.6465409991309906 0.6565551834728174 0.6663663500184653 0.675917086745382 0.6851524464751122 0.6940202354297684 0.7024712647561335 0.7104595661568417 0.7179425736396383 0.7248812734240045 0.7312403241301254 0.7369881488089559 0.742097000050518 0.7465429990974738 0.7503061495662637 0.7533703264729504 0.7557232415368305 0.7573563860354899 0.7582649533258791
0.7619734829286089 0.7614192721509179 0.7601439248478294 0.7581561369321747 0.7554674217285126 0.7520920240595845 0.7480468585199321 0.7433514735442222 0.7380280413010831 0.7321013718110153 0.7255989479818623 0.7185509763750498 0.7109904470632765 0.7029531943158067 0.694477948839834 0.6856063714301294 0.6763830577214429 0.6668555040025973 0.6570740253017955 0.6470916186940023 0.6369637677467065 0.6267481879502843 0.6165045181026465 0.606293969046849 0.5961789498328471 0.5862227017611591 0.5764889850934034 0.5670418823920943 0.5579458102251175 0.5492658726466948 0.5410670349913174 0.5334224176818811 0.5264075516758029 0.52011064171371 0.5146407009009486 0.5101432918880517 0.5068287236653584 0.5050250590704788 0.5052843272319918 0.5086133193840321 0.5170290034233794 0.5350776658824705 0.5746721157701498 0.671880654025801 0.8734958908024637 0.7089764541658634 0.35901207915241284 0.20363224902622062 0.1386085329853009 0.1052753809529206 0.07925813435090026 0.036140937132945805 -0.0754304125599536 -0.3131380693430689 -0.6007348444284417 -0.8169228231612309 -0.9551358556297993 -1.0463126419011681 -1.111969527893158 -1.1634430591795988 -1.2065425282154902 -1.2443355607652271 -1.2785062172812836 -1.3100090142524556 -1.3393949685304856 -1.3669819279531343 -1.392948006818794 -1.4173853679510353 -1.440332679544964 -1.4617956426944174 -1.4817605885672431 -1.5002038915218234 -1.5170987439007335 -1.532420177748456 -1.5461488443347882 -1.5582738471637965 -1.5687948001141339 -1.5777232135865458 -1.5850832764477623 -1.590912087702716 -1.5952593917376001 -1.5981868786099065 -1.599767124385548 -1.6000822638797194 -1.5992225118675825 -1.5972846842150814 -1.594370931410242 -1.5905880119145919 -1.5860476654141866 -1.5808691407268027 -1.5751860414071819 -1.5691622942675967 -1.563028834717334 -1.5571717614637317 -1.5523635371312194 -1.5504537799735574 -1.5568601815432819 -1.5925200487055649 -1.788226903465014 -4.924535642344244 -44.829200360973466 -4.937006179821589 -1.7959152509334475 -1.5991875521581724 -1.5625217733940369 -1.5549573264987318 -1.5555545117828993 -1.5589228547988843 -1.5632511296541671 -1.5678115218877797 -1.5722663610772005 -1.5764349560405693 -1.5802035679391946 -1.5834868671870572 -1.5862101418645513 -1.5883007169008256 -1.5896838443657602 -1.590280969578193 -1.5900093825475095 -1.588782750715998 -1.586512248894913 -1.5831081010811596 -1.5784813910886784 -1.5725460134584275 -1.5652206392848358 -1.5564305694613183 -1.5461093443163076 -1.5341999739456107 -1.5206556449142883 -1.505439743263049 -1.4885250007781237 -1.4698915104245882 -1.4495232436835723 -1.427402500817043 -1.4035013645501584 -1.3777685794416312 -1.3501090858493436 -1.3203511803251176 -1.288191849116409 -1.2531018047187172 -1.2141526221845171 -1.1696862212319759 -1.1166519603444338 -1.0492286729966485 -0.9559925826531905 -0.8151805750195833 -0.5955859566602535 -0.30519026462241594 -0.06849288961398559 0.040251330648121926 0.08143225678840754 0.10630321322758801 0.1391460789466865 0.2039412923442963 0.3592551339487784 0.7082789704286344 0.8718806019386154 0.6717066494599251 0.574458514754906 0.5348073393241211 0.5166969022447032 0.5082199897833182 0.5048332879267107 0.5045222098606907 0.5062823137459638 0.5095639836220998 0.5140415987678597 0.5195072479590169 0.525817635550667 0.532865792962753 0.5405652435211097 0.5488419337386842 0.5576253752771194 0.5668490683172919 0.5764473702556402 0.5863545867660357 0.5965045861764492 0.6068307795594842 0.6172663353778569 0.6277445387128664 0.6381992316153292 0.6485652894284143 0.6587791010164057 0.6687790301337531 0.6785058427424854 0.6879030901905084 0.6969174426544243 0.7054989701877241 0.7136013709343642 0.7211821478419729 0.7282027361314701 0.7346285845236957 0.7404291937064762 0.7455781157976386 0.7500529188393124 0.7538351205726166 0.7569100961219856 0.7592669644068821 0.7608984585560248 0.761800785849567
0.7650423039866412 0.7644841794855143 0.7632022398743893 0.7612047819248458 0.7585026409399925 0.7551091426664849 0.7510400927186024 0.7463138023375178 0.7409511475135161 0.7349756562684223 0.7284136170779429 0.7212941996236 0.7136495776560196 0.7055150426614001 0.6969290964074157 0.6879335103538954 0.6785733404565752 0.6688968869018856 0.6589555905480283 0.6488038601379911 0.6384988282447674 0.6281000383755952 0.6176690711652141 0.6072691246315275 0.5969645720924288 0.5868205319243961 0.57690249775161 0.5672760966261057 0.5580070706102096 0.5491616191287707 0.5408073067293442 0.533014853668947 0.5258613249487973 0.5194355960971117 0.5138473204202598 0.5092457862205233 0.5058430471214039 0.5039730277644485 0.5041991904527656 0.5075515529156696 0.5160976181669958 0.5345063689464657 0.5750485685365994 0.6753712121627549 0.8998663424044022 0.7658976665246746 0.38504954250675594 0.21616449120991912 0.14576764291096378 0.10863556622765735 0.0765779886536012 0.018039874011370652 -0.13017862951136405 -0.4097664192204356 -0.7041962046405392 -0.9102206220778161 -1.0405581965812642 -1.1278642898173068 -1.1920830103473632 -1.243424945684067 -1.287103482583246 -1.3258784668767971 -1.361267345813308 -1.3941271227048389 -1.424945942828422 -1.45399665083837 -1.4814218636694119 -1.5072835308826342 -1.5315932947135091 -1.5543320553719584 -1.57546323077005 -1.5949421775632766 -1.612723156212251 -1.6287646214886475 -1.643033278759446 -1.6555071514774709 -1.6661777957300599 -1.6750517408473287 -1.6821512111580907 -1.687514180155032 -1.6911938172737928 -1.6932574026956364 -1.6937848031474612 -1.692866620535435 -1.6906021449539972 -1.6870972695894246 -1.6824625665102517 -1.6768118026872347 -1.6702613415507372 -1.6629312373199023 -1.6549496480500334 -1.646464154631295 -1.6376686146930448 -1.628868379462683 -1.6206516161546862 -1.6143996669413894 -1.6141146821149361 -1.6350745817673666 -1.770246016042742 -3.8353183349213813 -50.86989178825729 -3.8459390081920066 -1.7776113917996808 -1.641518569904242 -1.619581078767628 -1.6187230526904564 -1.6236729958047276 -1.6304581622438115 -1.6377364015613354 -1.6449646970477376 -1.6518866246475081 -1.6583591457110187 -1.6642855223986175 -1.6695865776286503 -1.6741875075460513 -1.6780116791571074 -1.6809778968387241 -1.6829995845030523 -1.6839851451943 -1.6838391130808636 -1.6824638658958337 -1.6797617288342201 -1.6756373227561518 -1.6700000129369565 -1.6627663122969947 -1.6538620904298933 -1.643224439335891 -1.6308030480899605 -1.6165609389431266 -1.600474411418379 -1.5825320201806892 -1.562732364107221 -1.5410803673666955 -1.517581553378982 -1.4922334876812526 -1.4650129792514384 -1.435856556144079 -1.4046297105648344 -1.3710764752419624 -1.3347329274029651 -1.2947714001025923 -1.2497051960325676 -1.19679969649934 -1.1308462611173178 -1.0415832912536984 -0.9088852809101191 -0.699783442862805 -0.40223659776116577 -0.12275333879529807 0.022672680988100054 0.07902151959904286 0.10978242774461217 0.1463582839444687 0.21649885160729518 0.38531101709420157 0.7650929349578108 0.8987810011280932 0.6751624094035221 0.5748165556389322 0.5342251876353936 0.5157593555496283 0.5071556029205146 0.5037484273578599 0.5034729003608807 0.5053014481848805 0.5086730824478348 0.5132563702597801 0.518836459478012 0.5252776470711352 0.5324666968456304 0.5403165147003816 0.5487513767369758 0.5577013688075134 0.5670991122098623 0.5768779011703544 0.5869707403884642 0.5973099689890645 0.6078272693226917 0.6184539257715191 0.6291212398759554 0.6397610348586307 0.6503062006560489 0.6606912436697812 0.6708528149713505 0.6807301981433628 0.6902657436319006 0.6994052413642043 0.7080982267125154 0.7162982182437666 0.7239628876920313 0.7310541648001245 0.7375382809741784 0.7433857569778011 0.7485713409076761 0.7530739035517405 0.7568762987404842 0.7599651970693122 0.7623309014771569 0.7639671535989258 0.7648709395931826
0.7676705828780762 0.7671180913000356 0.7658395448684931 0.7638426856483399 0.7611375538859477 0.7577364798279875 0.7536541242802087 0.748907564299123 0.7435164178578803 0.7375029990322929 0.7308924932165437 0.723713140177474 0.7159964116364108 0.7077771693231636 0.6990937893879037 0.6899882397174988 0.6805060977194392 0.6706964982780871 0.6606120041798209 0.6503083946225227 0.6398443717718805 0.6292811904057545 0.6186822215035003 0.6081124682166742 0.597638060984707 0.5873257696363623 0.5772425841968682 0.5674554354030364 0.5580311532575756 0.5490368045017807 0.5405406173133871 0.5326138162107248 0.5253338911843363 0.5187901948689251 0.5130934701089538 0.5083923364690491 0.5049027952680315 0.5029680849062181 0.5031541099372574 0.5065118014267103 0.5151461854360153 0.5338095509947789 0.5749847813651887 0.6771992229578989 0.9193359529164489 0.8257048134681718 0.41337416388427595 0.22957618073366426 0.1532557749144447 0.11186890372343147 0.07284400196529053 -0.003413328758570914 -0.18982739115135328 -0.5033922411501225 -0.7985690062556962 -0.9951979259195494 -1.1193257995564687 -1.2037634469253817 -1.2670210427774649 -1.3184185665736827 -1.3627123583847953 -1.4024270741957792 -1.4389516103516928 -1.4730661254039639 -1.5052075885925003 -1.5356107095104359 -1.5643867508735856 -1.5915699775834364 -1.617146535414304 -1.6410734157802669 -1.6632916054344629 -1.6837356705869015 -1.7023410256848857 -1.719049580138389 -1.733814140006142 -1.7466017620328402 -1.7573961606784023 -1.7661992232045285 -1.773031675023887 -1.7779329453333779 -1.7809603018250795 -1.7821873468384615 -1.781701990912082 -1.7796040398046136 -1.7760025483381012 -1.771013111234703 -1.764755285704669 -1.7573503896773646 -1.748920029374023 -1.7395859590987977 -1.7294724553242902 -1.7187137864748354 -1.7074729692698516 -1.6959881572381919 -1.6846950375789964 -1.6745908526650655 -1.6685306317439137 -1.6772967062878825 -1.7650182070876834 -3.085105034480595 -58.87491861955415 -3.093983067155432 -1.7717734177789202 -1.68324593382505 -1.67357036316859 -1.6785536366947835 -1.6874258622762128 -1.6973616122755046 -1.7074015882570994 -1.7171535379859981 -1.7264263691527095 -1.7351060113421346 -1.7431072451170266 -1.7503531198552487 -1.7567656608753506 -1.7622617405129843 -1.766751603758772 -1.770138940074601 -1.7723219683482565 -1.7731952427655913 -1.772651984311606 -1.7705867748051836 -1.7668984546710569 -1.7614930601506262 -1.7542866298169772 -1.7452077089306381 -1.734199384831892 -1.721220696016408 -1.7062472677214198 -1.6892710326016551 -1.6702988855517815 -1.6493500861097272 -1.6264521380041645 -1.60163471261954 -1.5749208837325763 -1.5463144001038367 -1.5157807360699473 -1.4832178161295588 -1.448408743344466 -1.4109416851570922 -1.3700670008442482 -1.32442865514075 -1.2715318301000549 -1.2066359154437438 -1.1203966501007527 -0.9941804213793801 -0.7948997265531771 -0.49671873457985405 -0.18249940693754582 0.0014442448934266717 0.07541731118715063 0.11306892467267846 0.15386552279792864 0.22991740554031959 0.4136420054030745 0.8247991368288156 0.9185938081468499 0.6769727303125346 0.5747484155993823 0.5335322340853084 0.5148182987444995 0.5061318877895787 0.502724399577394 0.502493407888998 0.5043845863051707 0.5078460168389368 0.512531313905142 0.518226893910359 0.5247864237752222 0.5321012212874844 0.5400836708386736 0.548657599309161 0.5577525871758159 0.5673006165139423 0.5772341659011785 0.5874852319769893 0.5979849583570372 0.6086636665812903 0.6194511508081437 0.6302771395373445 0.6410718541871661 0.6517666123957163 0.6622944369824905 0.6725906409382401 0.6825933665337959 0.6922440627100279 0.7014878897901532 0.7102740451703883 0.718556006765804 0.7262916944819043 0.7334435524666723 0.7399785570509165 0.7458681574167203 0.7510881575004914 0.7556185490409657 0.7594433066436256 0.7625501565094124 0.7649303308511876 0.7665783199626099 0.7674916336524197
0.7698722837461536 0.7693345128097197 0.7680687369523047 0.7660820053881903 0.7633834689173682 0.7599844126737918 0.7558983467777607 0.7511411487472077 0.745731248688003 0.7396898457389459 0.7330411421226085 0.7258125797455843 0.7180350632655537 0.7097431533373886 0.7009752142176167 0.691773501084611 0.6821841743194649 0.6722572306005077 0.6620463440508066 0.6516086146391903 0.6410042258509406 0.6302960191163843 0.6195489988863564 0.6088297895726298 0.5982060744508908 0.5877460571568804 0.5775180007076985 0.567589917432755 0.558029511064542 0.5489045142862478 0.5402836332401236 0.5322384260622435 0.5248466464103152 0.5181979577494452 0.5124036432618729 0.507613383284548 0.5040452456385425 0.5020419915481074 0.5021837876753794 0.5055328408362554 0.5142318591988843 0.5330675653876988 0.5746395207904043 0.6778636241147524 0.9327799306073254 0.8849611479019506 0.4425857579126279 0.24319536279945625 0.16070926104486605 0.11483456021802571 0.06827183152087012 -0.02695994054755378 -0.250269420648889 -0.5894983845355173 -0.8820181208936053 -1.070597102894239 -1.189936244073397 -1.272270255181604 -1.3349006481546408 -1.3864578525000728 -1.4313507840407498 -1.4719251443883428 -1.5094708054559014 -1.544707359820367 -1.5780301207138085 -1.6096416006848362 -1.6396256708878454 -1.6679917415093986 -1.6947026170239616 -1.7196931179760142 -1.7428832709073012 -1.7641881459850532 -1.7835254855635567 -1.8008217424927682 -1.81601684808757 -1.8290678632733872 -1.8399515796747041 -1.848666103075383 -1.8552314499637543 -1.859689207359095 -1.8621013354632223 -1.8625482255965973 -1.8611261548728544 -1.857944301940489 -1.8531215022436929 -1.8467829305277303 -1.8390569067829752 -1.8300720446684704 -1.8199550224767305 -1.8088294134393157 -1.7968163938444244 -1.7840390908377572 -1.7706347804017495 -1.7567860430470197 -1.7428036944289966 -1.7293734620162342 -1.7184305397234596 -1.7172159229756105 -1.7679784098405047 -2.575287143022857 -70.08565599706868 -2.5825298456705714 -1.7738936727230468 -1.7224511307384476 -1.7228583895175076 -1.732835381423967 -1.7451566896341093 -1.757915015960212 -1.7704594210358973 -1.7825187416143786 -1.793953374319359 -1.8046708039452508 -1.8145928277304508 -1.8236416783788993 -1.831733989249661 -1.8387784549823798 -1.8446754949877213 -1.849318171157282 -1.8525939897277177 -1.85438736623033 -1.8545825816478263 -1.8530670643410643 -1.8497348224142167 -1.8444898381091668 -1.8372492283271324 -1.827945977403213 -1.8165310586977144 -1.802974780959447 -1.7872672167187558 -1.7694175871287972 -1.749452480272127 -1.7274127547131621 -1.7033489072102668 -1.6773145327206067 -1.6493572236721235 -1.6195057467621259 -1.5877514124200538 -1.5540198382120873 -1.5181260132484815 -1.4796989842985895 -1.438048722207609 -1.3919176652391574 -1.3389910695055718 -1.2748815383575298 -1.19095217887661 -1.0698230420713715 -0.8790454573518897 -0.5838979607612064 -0.24356809657817768 -0.022229895115872075 0.07080286521547423 0.11600894421582347 0.16129924667823053 0.2435228798633956 0.4428456829472336 0.8839826322323106 0.9327069170017612 0.6776383727847961 0.5744137136644617 0.5328089420660211 0.5139303262819883 0.5051818210875658 0.5017891648042281 0.5016079854141395 0.5035783248985813 0.507122264222371 0.51189930125307 0.5176935861661017 0.5243575392467518 0.5317817746864973 0.5398782339510221 0.5485703872982318 0.5577874352853142 0.5674608888164939 0.5775226256324906 0.5879038957673396 0.5985349522758385 0.6093450984885255 0.6202630109060698 0.6312172382768069 0.6421368037697872 0.6529518556595897 0.6635943242167005 0.673998552527722 0.6841018766382354 0.693845136631657 0.7031731057728128 0.7120348296355518 0.7203838711856906 0.7281784617015148 0.735381560436572 0.7419608292677428 0.7478885306611519 0.7531413597710883 0.7577002231360203 0.7615499776853928 0.7646791447429012 0.767079613975695 0.7687463520904507 0.7696771303540523
0.7716589085679614 0.7711441099360475 0.7698995558027367 0.7679314877953602 0.765248099309911 0.7618596091347722 0.7577783999199994 0.7530192128938115 0.7475993872584481 0.7415391300478791 0.7348618001421382 0.7275941887990893 0.7197667785109392 0.7114139620736637 0.7025742047879391 0.6932901345546043 0.6836085467469383 0.6735803145737695 0.6632601989072837 0.6527065565976298 0.6419809511925024 0.6311476759265635 0.6202732054553046 0.60942560031406 0.5986738966817725 0.5880875250036173 0.5777358144808943 0.5676876592303969 0.5580114493987169 0.5487754124322128 0.540048578375943 0.5319026995106603 0.524415660279147 0.51767729258792 0.5117992383133128 0.5069319633298971 0.503295130389411 0.5012345547889141 0.501336068355916 0.5046722446106515 0.5133937483706745 0.5323380872803324 0.5741535136118929 0.6778061347590749 0.9411062371580003 0.939842698341726 0.47088059868764304 0.2562033414084901 0.16770855610149177 0.11741614263144816 0.06328857886837927 -0.050730237146756424 -0.3070570771388358 -0.6644638533548094 -0.9529226383741901 -1.1350065718704132 -1.2507519918215273 -1.3315754708290883 -1.393815911468304 -1.44558262105165 -1.49102454058587 -1.532352827197827 -1.5707817938760904 -1.6069836918889562 -1.6413202645146254 -1.673967265535715 -1.7049852202961395 -1.7343619868409306 -1.7620399275243785 -1.7879343626955617 -1.8119468842604096 -1.833975477775914 -1.8539225115472258 -1.8717011489621582 -1.8872404556549667 -1.9004893157730225 -1.911419194317938 -1.9200257581961575 -1.9263293778193367 -1.9303745615795689 -1.932228415718757 -1.931978263364896 -1.9297285914033822 -1.925597518291012 -1.919712988250501 -1.9122088979647403 -1.903221357504757 -1.8928852864700654 -1.8813315674185194 -1.8686850602528327 -1.8550640053634095 -1.8405819243567179 -1.8253546591498986 -1.8095195224064948 -1.7932871587376704 -1.7770962495676497 -1.7621604188482078 -1.752985519859712 -1.7754707593635846 -2.234122649245375 -87.02260437330614 -2.239817053617247 -1.780372552191693 -1.7573395714422004 -1.7658370702586375 -1.7799557179481205 -1.795205691345225 -1.8103978529176126 -1.8251234708677109 -1.8392059423195988 -1.8525448718217499 -1.8650629174554871 -1.8766852523169757 -1.8873310735409923 -1.8969102354757703 -1.9053224236807538 -1.9124578227552056 -1.918198812130611 -1.922422445730167 -1.9250035461704793 -1.925818254676647 -1.924747863905299 -1.921682738498997 -1.916526110237798 -1.909197527206947 -1.8996357416417016 -1.887800839674296 -1.8736754453012545 -1.857264863373095 -1.8385960555317729 -1.817715356019864 -1.7946848184308575 -1.7695770199666334 -1.7424680072992729 -1.7134277987013007 -1.6825073706365579 -1.649720178383907 -1.6150146398842022 -1.5782309179943106 -1.5390291820780708 -1.4967637332839159 -1.4502495225601988 -1.3973043104948537 -1.3338019636607434 -1.2516369594601813 -1.1344239733175785 -0.950594498871148 -0.6600081786640644 -0.301379782928195 -0.04648145322807371 0.06546608895979666 0.1184815562237256 0.16823892831008608 0.2564962725160306 0.47111679986860755 0.9403850030739752 0.940988840875596 0.677600742493427 0.5739527898045169 0.5321089637529741 0.5131294530763758 0.5043708204794444 0.5009987903158093 0.5008648573643321 0.5028983952516828 0.5065155104771139 0.511372334221818 0.517251115791851 0.5240032024700966 0.5315185932073506 0.5397088479652103 0.548497148904555 0.5578124123403742 0.5675858126299574 0.5777488060777174 0.5882321219221172 0.5989653929723293 0.6098772145731611 0.6208954886925765 0.6319479513928998 0.6429628084987387 0.6538694223406888 0.6645990049992153 0.6750852834751381 0.6852651098552083 0.6950789961467975 0.7044715593770862 0.7133918675618395 0.7217936818541013 0.729635594608368 0.7368810667882212 0.7434983717071946 0.7494604552207653 0.7547447249392651 0.7593327832373664 0.7632101203266728 0.7663657845097852 0.7687920472312406 0.7704840798046918 0.7714396579903618
0.7730395568200285 0.7725548051710148 0.7713387056686664 0.769396606645497 0.766735706268276 0.7633651659110372 0.7592962928633296 0.7545427817342298 0.7491210006262325 0.7430503056507738 0.7363533651583413 0.7290564742130529 0.7211898393532727 0.7127878142704643 0.7038890686240445 0.6945366742483895 0.6847780960765971 0.674665078997348 0.6642534258706092 0.6536026672329642 0.6427756285196808 0.6318379066932643 0.6208572751517677 0.6099030429336716 0.5990454032849017 0.5883548170484446 0.5779014897977197 0.5677550203970483 0.5579843254279967 0.5486579864349638 0.539845235306317 0.5316179102869418 0.524053922431408 0.5172431540303741 0.5112974432745626 0.5063677824555514 0.5026749802144892 0.5005670914502188 0.5006340809427597 0.5039558751734134 0.5126955582081505 0.5317081005010129 0.573628360128127 0.6773789447883747 0.9458580948412572 0.9866991418078606 0.49615723142357954 0.267686142501793 0.17380531708795832 0.11952784739967082 0.05845291259021988 -0.07246755887298675 -0.3559628611525154 -0.7254693115682082 -1.0098139486923818 -1.1869818838877675 -1.3001468113213703 -1.3799344171566625 -1.4419595752289955 -1.493951962459551 -1.5398717773591386 -1.5818316612509327 -1.6209896111653794 -1.6579816951030772 -1.6931432815833958 -1.7266286074517014 -1.7584791478962862 -1.7886650686240066 -1.8171119650123855 -1.8437192566015448 -1.8683736510261217 -1.8909595288316527 -1.911367242207576 -1.9294998350958055 -1.9452784168406054 -1.9586462723665157 -1.969571721817271 -1.9780497276622027 -1.9841022656335556 -1.9877775168865746 -1.9891479878634772 -1.9883077131774198 -1.9853687364454398 -1.980457089708652 -1.9737085012647133 -1.9652640563791912 -1.9552660182221393 -1.9438539968015072 -1.931161643480511 -1.917314071048385 -1.9024263038144986 -1.8866033671673845 -1.8699434640701351 -1.8525480821172642 -1.8345504224406415 -1.8162009284333331 -1.7981694128712993 -1.7829277995218242 -1.7845516626595743 -2.011596391008936 -115.73423042232719 -2.0158092490500223 -1.7883172081842982 -1.7862812941538748 -1.8009970036492229 -1.8183900385370946 -1.836002641508908 -1.8531846515075294 -1.8697093403883291 -1.8854704149052988 -1.9003955867461957 -1.9144171387249107 -1.9274607212675547 -1.9394410208845707 -1.9502604997440816 -1.9598098063084122 -1.9679692972014975 -1.9746114168106919 -1.9796037826330433 -1.9828128419422586 -1.9841079469919873 -1.9833656648373397 -1.980474107243013 -1.975337044834087 -1.9678775628911058 -1.9580410260592813 -1.9457971455237932 -1.931140980758687 -1.9140927511387527 -1.8946963721772614 -1.873016653261972 -1.8491350857673832 -1.823144090861413 -1.7951394600382709 -1.7652104582560968 -1.7334265874708463 -1.6998191594248502 -1.6643542720235895 -1.6268908305213594 -1.5871114092448613 -1.5444016434065195 -1.4976275689397556 -1.4447007323379832 -1.3816813410691227 -1.3008477322974936 -1.1865597201744515 -1.00809153258134 -0.7221589508380001 -0.35156270459517935 -0.06900851059222524 0.060253648227469175 0.12040559155077946 0.17423924988744816 0.26792519633739187 0.496353635126688 0.9871254020068453 0.9457330851089621 0.6772079599517252 0.5734632379630132 0.5315243944715916 0.5124853507719205 0.5037174293818879 0.5003682727251177 0.5002765249915327 0.5023638076716025 0.5060416929470447 0.5109636686321949 0.516910442286451 0.5237324608657451 0.5313191905801656 0.5395818580959938 0.548443405350622 0.5578325333247206 0.5676801829353648 0.5779175339078523 0.5884749843639574 0.5992817808174937 0.6102660853577879 0.6213553346986553 0.632476787866711 0.6435581853870173 0.6545284610260815 0.6653184597615303 0.6758616254772476 0.6860946298819465 0.6959579208748851 0.7053961747344145 0.714358641987548 0.7227993819403246 0.7306773856052261 0.7379565910236039 0.7446057990102553 0.7505985007021948 0.7559126312884643 0.7605302665526377 0.7644372805747488 0.767622983860722 0.7700797612739897 0.7718027285679038 0.7727894249503017
0.7740210569573801 0.7735719589504301 0.7723900748208978 0.7704798078196042 0.7678473566733391 0.7645008662579726 0.7604506498120164 0.7557094702190627 0.75029286454568 0.7442194935634219 0.7375114960641541 0.7301948269776943 0.7222995582120192 0.713860122286508 0.7049154803353072 0.6955091989782045 0.6856894238542444 0.6755087417049153 0.6650239275718858 0.6542955788778692 0.643387644110246 0.6323668594963525 0.6213021145242015 0.6102637741465538 0.5993229943481414 0.5885510781175565 0.5780189321710941 0.5677967031357466 0.5579536987697347 0.5485587419084825 0.5396811735200802 0.5313928387073372 0.523771597864872 0.5169072888163344 0.5109118026065502 0.5059364151534655 0.5022026534091224 0.5000600485201235 0.5001013190261065 0.5034112081345175 0.5121604600261922 0.5312125380188195 0.5731886476007899 0.676878590473661 0.9482829963579884 1.0223400977584238 0.5162412260665661 0.27672798615914385 0.1785651684827684 0.12111435736742777 0.0544507619077468 -0.08988897519118533 -0.39339516668935764 -0.7703901692053237 -1.0514083924320365 -1.2251907097087091 -1.3366553405072972 -1.4158037725264325 -1.4777494892751237 -1.5299637720652794 -1.5762779565621012 -1.6187364702302374 -1.65845741426553 -1.6960505118969966 -1.7318314615430948 -1.7659382324904827 -1.7983978792642932 -1.8291672966188197 -1.8581597120167799 -1.885263078571113 -1.9103536701233297 -1.9333066626057722 -1.9540046481372473 -1.9723445546081142 -1.988243175164696 -2.0016413683872436 -2.0125069270734106 -2.0208361048585264 -2.0266538169997586 -2.0300125798385555 -2.0309903102201305 -2.0296871599873185 -2.0262216036092564 -2.020726022536121 -2.0133420367720234 -2.00421582181803 -1.9934936231863267 -1.9813176459957174 -1.967822463650379 -1.9531320704994402 -1.9373577219444853 -1.9205968180404716 -1.902933437571353 -1.8844421728088858 -1.8652002271192913 -1.845324757574186 -1.8251052870029048 -1.805607772351895 -1.7929130996734948 -1.8739519407633523 -175.55687914387215 -1.8767327027196676 -1.7954620203841063 -1.8078817405304395 -1.8270203804498213 -1.8468021765801554 -1.8661716554462253 -1.884853013375975 -1.90274550451646 -1.919790526522448 -1.9359336834361585 -1.9511120011696128 -1.9652493345707442 -1.9782550310001337 -1.990024231066131 -2.0004392331324707 -2.009371700964574 -2.016685606408176 -2.022240816373589 -2.025897210665922 -2.02751917790856 -2.026980294281021 -2.0241679540709567 -2.0189876977199535 -2.0113669782218464 -2.0012581215200282 -1.98864026938826 -1.973520140401082 -1.9559314966271881 -1.935933251291318 -1.9136061819512036 -1.8890482107038067 -1.8623681570354178 -1.8336777348557038 -1.8030813057004178 -1.770662435713721 -1.736465473614285 -1.700468854939152 -1.6625439782909888 -1.6223878606768427 -1.5794061354943287 -1.532497750887008 -1.4796356239557689 -1.4170036092973384 -1.3371382133539194 -1.2249135609550337 -1.0502686826451963 -0.7682022055460189 -0.39041027235580494 -0.08753486070257624 0.05573422328849797 0.121738602070197 0.17887232451839383 0.276897201617732 0.5163833775835218 1.0226314216521917 0.9481815030455762 0.6767567438296531 0.573072367343081 0.5310841968896534 0.512014426450019 0.5032461999195191 0.49991788275556437 0.49985993377755245 0.501988683229707 0.5057124768820962 0.5106828517192314 0.5166793309767077 0.5235516363710103 0.5311887820118855 0.5395017007508883 0.5484131265367704 0.5578515921332499 0.5677478813813177 0.5780330118182944 0.588637207090714 0.5994895270702694 0.6105179405007887 0.6216496938428266 0.6328118714953612 0.6439320690358339 0.6549391192918916 0.6657638234654546 0.676339649718496 0.6866033695864485 0.6964956095122042 0.7059613013377688 0.7149500211461146 0.723416211499128 0.7313192870830212 0.7386236284314198 0.7452984727056993 0.7513177141956205 0.7566596302711794 0.7613065510262549 0.765244492563159 0.7684627746629974 0.7709536435966539 0.7727119200876978 0.7737346904929487
0.7746081278535077 0.7741985925106556 0.7730550077564871 0.7711808178712121 0.7685812543989387 0.7652635203852567 0.7612370461534778 0.7565138025045931 0.7511086543370751 0.745039734911107 0.7383288196723331 0.7310016776604672 0.7230883790185277 0.714623538271884 0.7056464751275993 0.6962012776799128 0.686336756343293 0.6761062813982954 0.6655675017756019 0.6547819481419079 0.6438145291364024 0.632732935860116 0.621606976489592 0.6105078702894915 0.5995075388454572 0.5886779425199214 0.5780905232749931 0.5678158333049385 0.5579234553986482 0.5484823632211292 0.539561938225456 0.5312339776813524 0.5235762372326546 0.5166784361387846 0.5106523923810765 0.5056494384467807 0.5018914116398049 0.49972859744709386 0.4997552052422705 0.5030586106433631 0.5118135764952161 0.5308869428256464 0.5728853767244463 0.6764892951654303 0.9493341946188965 1.0445730936162447 0.5292494079099199 0.2825466830847306 0.18162601937625272 0.12214841133666468 0.05190208403990472 -0.10097994508693214 -0.41668727278999423 -0.7977361359346882 -1.0766885383361013 -1.248550799311908 -1.3591055233400318 -1.4379628947580247 -1.49994204203607 -1.5523630625069054 -1.5989808481059204 -1.6417982568287026 -1.6819103516259775 -1.7199049222811562 -1.756087019872007 -1.7905837272984562 -1.8234126534599753 -1.8545223357264238 -1.883818625559479 -1.9111830998578399 -1.9364867339235237 -1.9596005797675193 -1.9804043689371342 -1.9987934929456053 -2.014684550492773 -2.0280195123637177 -2.0387684960221737 -2.046931138879358 -2.052536591419739 -2.0556422045128135 -2.0563310462363527 -2.054708440022394 -2.050897759603349 -2.0450357411997397 -2.037267576411026 -2.027742032856446 -2.0166068158037547 -2.0040043401400522 -1.9900680334978733 -1.9749192468058996 -1.958664816650775 -1.9413953209490025 -1.9231841330157773 -1.9040876210127946 -1.8841476508803026 -1.863400522280335 -1.8419095307910314 -1.8199139738198262 -1.7988696487260525 -1.7996018203620663 -0.1389014244866793 -1.8009948459865412 -1.800159832962609 -1.8210649660755596 -1.8428779724817106 -1.8641462485863056 -1.8846358247457353 -1.9042903466814731 -1.9230818482973835 -1.940977938692839 -1.9579325608140625 -1.9738831342728114 -1.988749964419965 -2.002436773815316 -2.0148320249426397 -2.02581094675229 -2.0352382418450032 -2.0429714481547308 -2.0488648968206813 -2.0527741608798102 -2.054560838514213 -2.0540974659123217 -2.0512723166652655 -2.0459938217411455 -2.038194341723406 -2.027833041970424 -2.0148976599835096 -1.999405007405887 -1.9814001074745642 -1.9609539218488488 -1.938159654191954 -1.9131276173228478 -1.8859785965262839 -1.8568355070165647 -1.825812885474945 -1.7930032932161217 -1.7584588884135157 -1.7221649354649364 -1.6839992136848716 -1.6436645472378983 -1.6005785983900513 -1.553656330740037 -1.500903979660154 -1.4385748430438772 -1.3593537128697966 -1.2484172377195133 -1.0761293189197425 -0.7966669943670461 -0.41521640170472346 -0.09976618712337205 0.05256909638113271 0.12247262980319767 0.18178625071293597 0.2826394578146541 0.5293522448682262 1.0447206776723075 0.9492781941200035 0.6764260572706933 0.5728253261521108 0.5308209311813019 0.5117387056903007 0.5029742133621692 0.49966155000559964 0.49962656740623923 0.501782437923923 0.505535495387916 0.5105359995572809 0.5165626493868775 0.523464622013458 0.5311305620612 0.5394711444270621 0.5484089177628806 0.5578722787280297 0.5677919106938366 0.5780987596609822 0.5887230047251125 0.5995936896304406 0.6106387991523046 0.621785632995363 0.6329613715359131 0.6440937542281375 0.655111809616743 0.6659465885215726 0.6765318621666765 0.6868047550976745 0.6967062898981867 0.7061818274232479 0.71518139203655 0.723659877238592 0.7315771322545929 0.7388979350214391 0.745591861489014 0.7516330649624742 0.7569999823366448 0.7616749867081478 0.7656440072253032 0.7688961380430988 0.7714232578104665 0.7732196802263731 0.7742818540060756
