# units=S/m
# energy_eV xx_real xx_imag xy_real xy_imag xz_real xz_imag yx_real yx_imag yy_real yy_imag yz_real yz_imag zx_real zx_imag zy_real zy_imag zz_real zz_imag
0.00000000000000e+00 7.40301242726973e-10 0.00000000000000e+00 -5.87648941723701e+04 0.00000000000000e+00 -7.39333442338952e+02 0.00000000000000e+00 5.87648941723708e+04 0.00000000000000e+00 8.60581901174778e-10 0.00000000000000e+00 9.27706255227152e+02 0.00000000000000e+00 7.39333442339447e+02 0.00000000000000e+00 -9.27706255226389e+02 0.00000000000000e+00 1.21950892498890e-09 0.00000000000000e+00
2.00000000000000e-02 7.39636211630711e-10 5.83816745954636e-11 -5.91658733177754e+04 7.32294340827528e+02 -7.45443776850102e+02 -1.65229068123847e+02 5.91658733177761e+04 -7.32294340827383e+02 8.58041966058801e-10 6.60764498919184e-11 9.31013546438535e+02 2.14577480283274e+02 7.45443776850598e+02 1.65229068123922e+02 -9.31013546437784e+02 -2.14577480283167e+02 1.20341410731147e-09 2.17585566489213e-10
4.00000000000000e-02 7.31846064105682e-10 1.26137348920392e-10 -6.06796179352824e+04 1.39397907098115e+03 -7.33031089037759e+02 -3.84042125130015e+02 6.06796179352830e+04 -1.39397907098084e+03 8.42296968585707e-10 1.41993458974124e-10 9.05081981143655e+02 4.89853856084560e+02 7.33031089038221e+02 3.84042125130175e+02 -9.05081981142946e+02 -4.89853856084333e+02 1.12639010298072e-09 4.58630124896009e-10
6.00000000000000e-02 7.01809556997982e-10 2.02779977289074e-10 -6.36832690044261e+04 9.84681251515210e+02 -6.18582109233248e+02 -6.69374288903072e+02 6.36832690044266e+04 -9.84681251514743e+02 7.93937210397446e-10 2.21121005221673e-10 7.50256565760027e+02 8.35761574442398e+02 6.18582109233618e+02 6.69374288903298e+02 -7.50256565759426e+02 -8.35761574442070e+02 9.31718626256457e-10 6.80287402771888e-10
8.00000000000000e-02 6.38129848901564e-10 2.71058555967347e-10 -6.69029052523364e+04 -1.86432484228905e+03 -2.92123699889339e+02 -9.19373836162942e+02 6.69029052523367e+04 1.86432484228957e+03 7.09007527267538e-10 2.73073534219683e-10 3.48985248792552e+02 1.12365127123493e+03 2.92123699889602e+02 9.19373836163154e+02 -3.48985248792106e+02 -1.12365127123458e+03 6.48875168457656e-10 7.78342681486407e-10
1.00000000000000e-01 5.48684531537291e-10 3.05559847840033e-10 -6.83132658880756e+04 -6.34567229012832e+03 1.70628285165291e+02 -8.98258174661229e+02 6.83132658880758e+04 6.34567229012876e+03 6.16617662153442e-10 2.76828184048035e-10 -1.95749677379967e+02 1.09362333202180e+03 -1.70628285165082e+02 8.98258174661388e+02 1.95749677380313e+02 -1.09362333202151e+03 3.83357216697243e-10 7.39409871610107e-10
1.20000000000000e-01 4.62550934296198e-10 2.97802894029344e-10 -6.77961217853282e+04 -1.05547458742140e+04 4.69063674146985e+02 -6.15573679107475e+02 6.77961217853283e+04 1.05547458742143e+04 5.47810457157189e-10 2.45976836315435e-10 -5.49913504238149e+02 7.73856114566560e+02 -4.69063674146796e+02 6.15573679107584e+02 5.49913504238440e+02 -7.73856114566340e+02 1.93335796615730e-10 6.09675491198012e-10
1.40000000000000e-01 3.98200093479875e-10 2.62342950016748e-10 -6.68046481074645e+04 -1.36772435752288e+04 5.36798247400885e+02 -3.15848803044770e+02 6.68046481074645e+04 1.36772435752290e+04 5.06401878611186e-10 2.03556333447484e-10 -6.62055455117229e+02 4.29837125560115e+02 -5.36798247400691e+02 3.15848803044840e+02 6.62055455117502e+02 -4.29837125559966e+02 9.80957209943277e-11 4.53693573508974e-10
1.60000000000000e-01 3.63758017543478e-10 2.14365756977165e-10 -6.63265970601770e+04 -1.69518635365538e+04 4.99079389823285e+02 -1.06426086309399e+02 6.63265970601771e+04 1.69518635365539e+04 4.89054093589216e-10 1.60954407181913e-10 -6.50613581972661e+02 1.44934327597442e+02 -4.99079389823077e+02 1.06426086309442e+02 6.50613581972947e+02 -1.44934327597348e+02 7.19777258322783e-11 3.15487459388135e-10
1.80000000000000e-01 3.57842867211226e-10 1.73739966448064e-10 -6.50339263333456e+04 -2.16288199299458e+04 4.41732490164563e+02 4.92181771941611e+01 6.50339263333457e+04 2.16288199299458e+04 4.89536935704653e-10 1.28672041981112e-10 -5.55035869672866e+02 -9.49572533940262e+01 -4.41732490164337e+02 -4.92181771941342e+01 5.55035869673173e+02 9.49572533940874e+01 8.81932122427929e-11 2.10368002700733e-10
2.00000000000000e-01 3.66421312442994e-10 1.55495194045486e-10 -6.06985743150470e+04 -2.63336936716293e+04 3.48630272334084e+02 1.95946499796141e+02 6.06985743150471e+04 2.63336936716293e+04 4.97484523397073e-10 1.12262382377167e-10 -3.67480009043548e+02 -2.53676428861123e+02 -3.48630272333835e+02 -1.95946499796118e+02 3.67480009043881e+02 2.53676428861164e+02 1.24630451936564e-10 1.43517355652121e-10
2.20000000000000e-01 3.62393954418402e-10 1.60824254790410e-10 -5.43172797253107e+04 -2.74852768680930e+04 1.76888417485163e+02 2.85490178635002e+02 5.43172797253108e+04 2.74852768680930e+04 4.97927932576541e-10 1.10286655502672e-10 -1.71173898359497e+02 -2.64212068346090e+02 -1.76888417484891e+02 -2.85490178634976e+02 1.71173898359855e+02 2.64212068346118e+02 1.56626712873411e-10 1.13759808207747e-10
2.40000000000000e-01 3.31070541714885e-10 1.56507565906225e-10 -5.00907024983539e+04 -2.52312330043537e+04 1.19682761216473e+01 2.46683577490183e+02 5.00907024983541e+04 2.52312330043538e+04 4.83164778767246e-10 1.03949413328226e-10 -7.33859942992005e+01 -2.14841527235253e+02 -1.19682761213705e+01 -2.46683577490146e+02 7.33859942995988e+01 2.14841527235283e+02 1.64312287489031e-10 9.57554180124182e-11
2.60000000000000e-01 3.04736535589491e-10 1.21660741357499e-10 -4.89502993040520e+04 -2.31154556397222e+04 -6.26013915062296e+01 1.58365574383782e+02 4.89502993040522e+04 2.31154556397223e+04 4.71232805821820e-10 8.13778635850347e-11 -7.43553790037148e+00 -1.93630647066678e+02 6.26013915065209e+01 -1.58365574383731e+02 7.43553790079515e+00 1.93630647066731e+02 1.64220984609491e-10 6.37817260990239e-11
2.80000000000000e-01 3.04634277696962e-10 7.83294200582162e-11 -4.86086452733734e+04 -2.28489254661679e+04 -7.81894049285671e+01 8.43654925841170e+01 4.86086452733737e+04 2.28489254661680e+04 4.73282049660111e-10 5.54916151995722e-11 7.48361850706107e+01 -1.44861968621982e+02 7.81894049288658e+01 -8.43654925840410e+01 -7.48361850701731e+01 1.44861968622064e+02 1.78197410293820e-10 2.40725445253999e-11
3.00000000000000e-01 3.25173640576890e-10 4.44733928658895e-11 -4.71919244935754e+04 -2.30937638762161e+04 -5.93642308974985e+01 4.13709194432611e+01 4.71919244935757e+04 2.30937638762162e+04 4.84401240729673e-10 3.38978065155337e-11 9.70551022113127e+01 -4.74234155236189e+01 5.93642308977889e+01 -4.13709194431653e+01 -9.70551022108810e+01 4.74234155237281e+01 2.09832882624568e-10 -5.15027573046729e-12
3.20000000000000e-01 3.55591202051258e-10 2.79765067063494e-11 -4.57430987391793e+04 -2.21664600681075e+04 -4.93500323774594e+01 3.58960649463830e+01 4.57430987391795e+04 2.21664600681076e+04 5.01994050760569e-10 1.86304893942360e-11 5.41764783904478e+01 -1.57285556218421e+00 4.93500323777348e+01 -3.58960649462815e+01 -5.41764783900275e+01 1.57285556230648e+00 2.43221322935413e-10 -1.26549836818636e-11
3.40000000000000e-01 3.85951437543813e-10 2.80639479977703e-11 -4.57613680301567e+04 -2.11519578774077e+04 -5.77083565401659e+01 2.19032621455182e+01 4.57613680301569e+04 2.11519578774079e+04 5.22597651502058e-10 1.16369201790607e-11 3.56246103922735e+01 -3.65166868492214e-01 5.77083565404448e+01 -2.19032621454091e+01 -3.56246103918515e+01 3.65166868624490e-01 2.65610648657812e-10 -9.29783525247923e-12
3.60000000000000e-01 4.08287371451812e-10 4.45923241251176e-11 -4.63480903110770e+04 -2.14809719366774e+04 -5.38833916567927e+01 1.16060178382197e+00 4.63480903110771e+04 2.14809719366776e+04 5.41277722720947e-10 1.47357188886174e-11 3.74150617213893e+01 6.64881428486710e+00 5.38833916570790e+01 -1.16060178369120e+00 -3.74150617209604e+01 -6.64881428471347e+00 2.80781834843039e-10 -1.48094210827552e-12
3.80000000000000e-01 4.08469601599467e-10 6.56273354485575e-11 -4.61492318633078e+04 -2.29018873766118e+04 -3.94804649044447e+01 -1.43927984175909e+01 4.61492318633079e+04 2.29018873766119e+04 5.47704483575400e-10 2.12854225435773e-11 3.58636686703164e+01 3.32471842201939e+01 3.94804649047213e+01 1.43927984177576e+01 -3.58636686698954e+01 -3.32471842200112e+01 2.83747548791102e-10 1.05930032204553e-11
4.00000000000000e-01 3.97889815381650e-10 6.67426936964829e-11 -4.45339866859815e+04 -2.43256387714014e+04 -1.77728395534863e+01 -1.54338526475649e+01 4.45339866859817e+04 2.43256387714015e+04 5.49172504922482e-10 1.27205645024776e-11 -1.07206472844250e+00 6.13567921778690e+01 1.77728395537368e+01 1.54338526477624e+01 1.07206472884896e+00 -6.13567921776541e+01 2.74250944807376e-10 1.17533054307722e-11
4.20000000000000e-01 4.03942458006885e-10 5.66592168580300e-11 -4.19776783309674e+04 -2.44576213113434e+04 1.85744872742282e+00 -1.44086228201023e+00 4.19776783309675e+04 2.44576213113435e+04 5.70931478302200e-10 -4.44326973533058e-12 -6.45272176543835e+01 4.46318876671635e+01 -1.85744872721733e+00 1.44086228223370e+00 6.45272176547621e+01 -4.46318876669158e+01 2.71188454908419e-10 7.85596092053375e-15
4.40000000000000e-01 4.20467547236178e-10 6.02954582027286e-11 -3.99470668165484e+04 -2.27414844151896e+04 9.79714254367192e+00 3.88260827746051e+01 3.99470668165485e+04 2.27414844151898e+04 6.09484219586273e-10 -1.80045073576617e-12 -9.32441705252655e+01 -4.09957369856341e+01 -9.79714254352339e+00 -3.88260827743763e+01 9.32441705255946e+01 4.09957369859039e+01 2.76068671356295e-10 -8.48304384514510e-12
4.60000000000000e-01 4.27987528669198e-10 7.33984992277114e-11 -4.02026702098334e+04 -2.03164017961283e+04 -3.80026959997997e+01 8.24785870320553e+01 4.02026702098335e+04 2.03164017961284e+04 6.39591714157552e-10 2.26227562647447e-11 -1.94362049148671e+01 -1.14259641175140e+02 3.80026959998998e+01 -8.24785870318538e+01 1.94362049151474e+01 1.14259641175404e+02 2.78459961573004e-10 -1.53994923688164e-11
4.80000000000000e-01 4.28368175517267e-10 8.24955174503441e-11 -4.23016979942674e+04 -1.98351834774361e+04 -1.11685361258268e+02 6.12748235880829e+01 4.23016979942674e+04 1.98351834774362e+04 6.53817919802735e-10 5.23527170221638e-11 6.56576438931101e+01 -8.98158229475436e+01 1.11685361258349e+02 -6.12748235879164e+01 -6.56576438928575e+01 8.98158229477838e+01 2.83414869157689e-10 -2.63483133247764e-11
5.00000000000000e-01 4.30993555798401e-10 8.66830381000243e-11 -4.34724569655744e+04 -2.17642954750891e+04 -1.36963959732430e+02 -8.85462003801056e+00 4.34724569655744e+04 2.17642954750892e+04 6.58923128977533e-10 7.83633713966635e-11 9.08365319466323e+01 -3.65664213416681e+01 1.36963959732508e+02 8.85462003815666e+00 -9.08365319463948e+01 3.65664213418967e+01 2.94566129991606e-10 -3.46390850054087e-11
5.20000000000000e-01 4.38023541179238e-10 9.20702760213666e-11 -4.22910889308767e+04 -2.40098144316782e+04 -1.04676101513863e+02 -5.61304874169698e+01 4.22910889308767e+04 2.40098144316783e+04 6.60434905727268e-10 1.00304786277481e-10 8.78326644318814e+01 -4.43847494527630e+00 1.04676101513922e+02 5.61304874171131e+01 -8.78326644316601e+01 4.43847494550014e+00 3.05753186662159e-10 -3.76042520536929e-11
5.40000000000000e-01 4.51199093991992e-10 9.97700255706202e-11 -3.97246407143775e+04 -2.44859788138860e+04 -8.01955227515301e+01 -5.61958587191539e+01 3.97246407143775e+04 2.44859788138861e+04 6.65425040369940e-10 1.17363972421993e-10 8.87083718873878e+01 1.62941165710407e+01 8.01955227515610e+01 5.61958587192842e+01 -8.87083718871914e+01 -1.62941165708227e+01 3.16731700588446e-10 -3.83513717577749e-11
5.60000000000000e-01 4.72857455708735e-10 1.25179546641513e-10 -3.79691359711022e+04 -2.29909677976703e+04 -8.35670538983821e+01 -6.86939586183946e+01 3.79691359711022e+04 2.29909677976703e+04 6.81602640525283e-10 1.46089066442946e-10 8.42453944636193e+01 4.68606805519451e+01 8.35670538983894e+01 6.86939586185033e+01 -8.42453944634440e+01 -4.68606805517416e+01 3.27133583560633e-10 -3.38247023436667e-11
5.80000000000000e-01 4.76900120095512e-10 1.81193949115099e-10 -3.80357503670772e+04 -2.12764559225337e+04 -6.22668587553456e+01 -9.31461382171198e+01 3.80357503670772e+04 2.12764559225337e+04 6.84698861040269e-10 2.04993426776415e-10 5.63419653919172e+01 6.56207050437960e+01 6.22668587553379e+01 9.31461382171990e+01 -5.63419653917692e+01 -6.56207050436043e+01 3.31613713730534e-10 -2.33776211554802e-11
6.00000000000000e-01 4.27573956037701e-10 2.44322190309301e-10 -3.88833724984496e+04 -2.06123303186769e+04 -3.38015415139651e+01 -8.85625166277352e+01 3.88833724984496e+04 2.06123303186768e+04 6.36333161748212e-10 2.72970614206312e-10 3.91834639086037e+01 5.40694562734736e+01 3.38015415139392e+01 8.85625166277884e+01 -3.91834639084860e+01 -5.40694562732994e+01 3.22104081632830e-10 -1.20004658838018e-11
6.20000000000000e-01 3.30209786597629e-10 2.50682720437065e-10 -3.94599123618185e+04 -2.04599042613136e+04 -3.22307706791225e+01 -7.21978565455939e+01 3.94599123618185e+04 2.04599042613135e+04 5.39634616142404e-10 2.87541698113362e-10 5.25066349343683e+01 4.93582549781650e+01 3.22307706790735e+01 7.21978565456090e+01 -5.25066349342815e+01 -4.93582549780326e+01 2.98350611382597e-10 -1.77022876833471e-11
6.40000000000000e-01 2.62160344923727e-10 1.80056311121931e-10 -4.02513720150932e+04 -2.01371178621676e+04 -5.00849600691498e+01 -8.27682636693298e+01 4.02513720150933e+04 2.01371178621675e+04 4.68234675728854e-10 2.26764639982164e-10 6.70772275525205e+01 7.71913141785950e+01 5.00849600690937e+01 8.27682636692875e+01 -6.70772275524367e+01 -7.71913141785175e+01 2.83762677449993e-10 -5.00308218877802e-11
6.60000000000000e-01 2.65014172462259e-10 9.23291626485575e-11 -4.18679569471326e+04 -2.03723099156847e+04 -4.15352317033827e+01 -1.23328235515486e+02 4.18679569471327e+04 2.03723099156846e+04 4.63500356251243e-10 1.46843886162650e-10 4.76293318762454e+01 1.20212656734455e+02 4.15352317033504e+01 1.23328235515386e+02 -4.76293318761415e+01 -1.20212656734416e+02 2.96076079494043e-10 -9.17167136385016e-11
6.80000000000000e-01 3.18991112860577e-10 3.60927844087698e-11 -4.33215125571013e+04 -2.21281630082706e+04 1.08556810494776e+01 -1.45491785427033e+02 4.33215125571015e+04 2.21281630082706e+04 5.07855728265213e-10 9.35304330250112e-11 -2.85063327734027e+00 1.39135583974823e+02 -1.08556810494689e+01 1.45491785426896e+02 2.85063327746734e+00 -1.39135583974809e+02 3.34847849201807e-10 -1.23384190172001e-10
7.00000000000000e-01 3.90592455720569e-10 2.91249095431727e-11 -4.32636138220002e+04 -2.43597372938119e+04 5.95938868218516e+01 -1.17808974467604e+02 4.32636138220004e+04 2.43597372938119e+04 5.71415483846778e-10 8.38334134603764e-11 -5.01424744127360e+01 1.21494897955819e+02 -5.95938868217930e+01 1.17808974467444e+02 5.01424744128920e+01 -1.21494897955821e+02 3.88940606115127e-10 -1.28474262546679e-10
7.20000000000000e-01 4.46292498477510e-10 7.03057743461890e-11 -4.25868643794349e+04 -2.56460504600552e+04 7.25482030939756e+01 -8.26567368247467e+01 4.25868643794351e+04 2.56460504600552e+04 6.25310142934265e-10 1.18094434271956e-10 -7.54834138913036e+01 9.07321935077956e+01 -7.25482030938690e+01 8.26567368245983e+01 7.54834138914884e+01 -9.07321935077870e+01 4.35239790432066e-10 -1.02351215798964e-10
7.40000000000000e-01 4.54615495250576e-10 1.35259832978919e-10 -4.25282701122762e+04 -2.68107414725691e+04 7.91973033059242e+01 -5.04022700955687e+01 4.25282701122764e+04 2.68107414725692e+04 6.41164759013299e-10 1.79622870707526e-10 -8.88560719086656e+01 5.01474750448327e+01 -7.91973033057985e+01 5.04022700954597e+01 8.88560719088513e+01 -5.01474750448000e+01 4.54793028885271e-10 -6.24290734347155e-11
7.60000000000000e-01 4.17259175293991e-10 1.75569446612204e-10 -4.20603870883260e+04 -2.88752728471258e+04 5.35506764936459e+01 -1.64666264948129e+01 4.20603870883262e+04 2.88752728471259e+04 6.11753857816890e-10 2.27537358523532e-10 -5.89643036382309e+01 1.03790524464811e+01 -5.35506764935392e+01 1.64666264947312e+01 5.89643036383866e+01 -1.03790524464390e+01 4.53978632697578e-10 -3.16498776374934e-11
7.80000000000000e-01 3.79237337422352e-10 1.73331565159885e-10 -4.03156488414393e+04 -3.06072456187509e+04 2.37868447677631e+01 -3.20551314589701e+01 4.03156488414394e+04 3.06072456187509e+04 5.73745534567460e-10 2.35414709630857e-10 -2.42701365962609e+01 2.87708580672265e+01 -2.37868447676943e+01 3.20551314588817e+01 2.42701365963849e+01 -2.87708580672063e+01 4.48654217963905e-10 -1.13687194479558e-11
8.00000000000000e-01 3.65132312134866e-10 1.56060902857032e-10 -3.82820019978382e+04 -3.12300375465417e+04 3.57304676748526e+01 -4.86472849378612e+01 3.82820019978383e+04 3.12300375465418e+04 5.58952985559251e-10 2.26248393702016e-10 -3.82807608252779e+01 5.47368332040812e+01 -3.57304676748029e+01 4.86472849377422e+01 3.82807608253822e+01 -5.47368332040989e+01 4.41408558251111e-10 3.79575638996270e-12
8.20000000000000e-01 3.66910290835207e-10 1.43073046552914e-10 -3.66830325202127e+04 -3.11591995094885e+04 4.82034733318542e+01 -4.51793041224705e+01 3.66830325202127e+04 3.11591995094886e+04 5.58392985783907e-10 2.26340598339782e-10 -6.87719626881515e+01 5.06102757429384e+01 -4.82034733318077e+01 4.51793041223082e+01 6.87719626882562e+01 -5.06102757430059e+01 4.32332215394935e-10 1.40029239021751e-11
8.40000000000000e-01 3.75703382884932e-10 1.37917277038492e-10 -3.54276770390753e+04 -3.08514525828905e+04 6.48026532705008e+01 -3.65100610785054e+01 3.54276770390754e+04 3.08514525828906e+04 5.54185406346513e-10 2.34680287543802e-10 -8.65765908275934e+01 1.92388034816093e+01 -6.48026532704439e+01 3.65100610782952e+01 8.65765908277164e+01 -1.92388034817302e+01 4.22782295470453e-10 1.81214500911146e-11
8.60000000000000e-01 3.86997108952362e-10 1.40314153016285e-10 -3.46034516419768e+04 -3.01127215310236e+04 6.82083381262013e+01 -2.66299379651431e+00 3.46034516419768e+04 3.01127215310237e+04 5.46217256419484e-10 2.39821475671450e-10 -7.25246541263381e+01 -1.70217052919847e+01 -6.82083381261087e+01 2.66299379625855e+00 7.25246541265078e+01 1.70217052918217e+01 4.17660144137723e-10 1.65759348585960e-11
8.80000000000000e-01 3.98461161891840e-10 1.51301265991839e-10 -3.47107099489686e+04 -2.94555306815949e+04 3.60610350689888e+01 1.23982815182438e+01 3.47107099489686e+04 2.94555306815949e+04 5.42563995582785e-10 2.43972054038752e-10 -3.84089221365199e+01 -2.62249023895472e+01 -3.60610350688496e+01 -1.23982815185228e+01 3.84089221367451e+01 2.62249023893689e+01 4.17497751449674e-10 1.56148606789755e-11
9.00000000000000e-01 4.03403076206027e-10 1.72373679492210e-10 -3.52313898356383e+04 -2.95847908577625e+04 1.93116431628953e+01 -7.11547541371874e+00 3.52313898356383e+04 2.95847908577625e+04 5.38093344182121e-10 2.54567784740977e-10 -1.79508400568676e+01 -7.46415313006734e+00 -1.93116431627047e+01 7.11547541342929e+00 1.79508400571420e+01 7.46415312988918e+00 4.18618569852888e-10 1.46672578202411e-11
9.20000000000000e-01 3.93914737589012e-10 1.95383353218632e-10 -3.55842724625173e+04 -3.02558269757784e+04 3.35967889410430e+01 -1.90653799757746e+01 3.55842724625173e+04 3.02558269757783e+04 5.25145348318241e-10 2.64001324107588e-10 -2.92471138223097e+01 1.28084519926397e+01 -3.35967889408027e+01 1.90653799754918e+01 2.92471138226295e+01 -1.28084519928095e+01 4.24166335498526e-10 1.36569545298716e-11
9.40000000000000e-01 3.74218140376063e-10 2.08565930892404e-10 -3.58084617029436e+04 -3.12803955035724e+04 4.48368302188564e+01 -4.30195081139299e-01 3.58084617029436e+04 3.12803955035723e+04 5.11557462917309e-10 2.65117193919551e-10 -5.04868403951592e+01 -3.84392400555372e+00 -4.48368302185738e+01 4.30195080881691e-01 5.04868403955325e+01 3.84392400541389e+00 4.32652137904958e-10 1.78655535446147e-11
9.60000000000000e-01 3.55552564502377e-10 2.09341330220450e-10 -3.58289439627898e+04 -3.28028217404148e+04 2.28567906521926e+01 1.57511089419043e+01 3.58289439627898e+04 3.28028217404147e+04 5.03859810131750e-10 2.62662196344438e-10 -2.91466399956346e+01 -3.07505290355535e+01 -2.28567906518805e+01 -1.57511089421203e+01 2.91466399960331e+01 3.07505290354660e+01 4.39031231976451e-10 2.63253555492530e-11
9.80000000000000e-01 3.46280380431817e-10 2.05829314573887e-10 -3.51207989396075e+04 -3.49606037330490e+04 2.24782339003773e+00 -2.22322170485150e+00 3.51207989396075e+04 3.49606037330489e+04 5.03028137817318e-10 2.63175715021817e-10 6.72098439063400e-01 -1.55212517686492e+01 -2.24782338973132e+00 2.22322170467344e+00 -6.72098438678267e-01 1.55212517686175e+01 4.43163846604484e-10 3.64387138559976e-11
1.00000000000000e+00 3.41173892155957e-10 2.09722248318313e-10 -3.29179821731164e+04 -3.69141258045146e+04 1.31483967823963e+01 -2.28245727187226e+01 3.29179821731164e+04 3.69141258045145e+04 5.02451701057163e-10 2.74894684446327e-10 -5.20691906475905e+00 9.34097657750587e+00 -1.31483967821132e+01 2.28245727185538e+01 5.20691906511080e+00 -9.34097657751441e+00 4.46126337413440e-10 4.79035922672723e-11
1.02000000000000e+00 3.25549615643018e-10 2.17163323682086e-10 -2.99478634223579e+04 -3.72857556056371e+04 2.75115895149840e+01 -1.78657641908038e+01 2.99478634223579e+04 3.72857556056369e+04 4.85470881813233e-10 2.92517455376990e-10 -1.90949438161954e+01 4.24475755911267e+00 -2.75115895147045e+01 1.78657641906224e+01 1.90949438165170e+01 -4.24475755913129e+00 4.46912468087649e-10 6.38201800183473e-11
1.04000000000000e+00 3.03066292307727e-10 2.08863636059734e-10 -2.77751727127819e+04 -3.61459235433551e+04 2.61554630269554e+01 -1.43678348850300e+01 2.77751727127820e+04 3.61459235433549e+04 4.54079490778009e-10 2.91148749760504e-10 -7.12835077358979e+00 7.16102544550713e-02 -2.61554630266666e+01 1.43678348848429e+01 7.12835077391211e+00 -7.16102544908954e-02 4.38464264869639e-10 8.16241220500267e-11
1.06000000000000e+00 2.96936424745350e-10 1.88524403894027e-10 -2.71981540587451e+04 -3.48130507585724e+04 3.07916986732228e+01 -1.84396143879481e+01 2.71981540587452e+04 3.48130507585722e+04 4.37592916162519e-10 2.67666628194263e-10 -3.91101981123229e+00 1.69240737883824e+01 -3.07916986729259e+01 1.84396143877619e+01 3.91101981155671e+00 -1.69240737884185e+01 4.22501361228645e-10 9.33101318323520e-11
1.08000000000000e+00 3.04640611133014e-10 1.77159386775905e-10 -2.74321671664605e+04 -3.46446434310187e+04 4.35948685392269e+01 -1.77815294835303e+01 2.74321671664606e+04 3.46446434310185e+04 4.44987541388984e-10 2.47942653018062e-10 -1.81628420528682e+01 2.51845485985306e+01 -4.35948685389331e+01 1.77815294833395e+01 1.81628420531875e+01 -2.51845485985699e+01 4.02642138435856e-10 9.56451835859689e-11
1.10000000000000e+00 3.15014168534268e-10 1.75009802461931e-10 -2.70337168939804e+04 -3.55441308150673e+04 5.93783872104197e+01 -2.18207830945835e+00 2.70337168939806e+04 3.55441308150672e+04 4.62694595306284e-10 2.45061171486333e-10 -2.59766872813063e+01 1.90209659500657e+01 -5.93783872101223e+01 2.18207830924634e+00 2.59766872816175e+01 -1.90209659501197e+01 3.88947409543398e-10 8.52562404458092e-11
1.12000000000000e+00 3.26037830430493e-10 1.83901639842214e-10 -2.54447844330293e+04 -3.62674688759593e+04 5.70666389636881e+01 2.84147035799601e+01 2.54447844330295e+04 3.62674688759592e+04 4.78530311603161e-10 2.62916743219360e-10 -2.22725483553812e+01 2.10151638075308e+01 -5.70666389633651e+01 -2.84147035801974e+01 2.22725483557016e+01 -2.10151638076072e+01 3.90808087194071e-10 7.70029876442290e-11
1.14000000000000e+00 3.27571403949707e-10 2.04742287326165e-10 -2.35698354587333e+04 -3.58596908773703e+04 2.93698417202882e+01 4.49805378163086e+01 2.35698354587335e+04 3.58596908773701e+04 4.74695475180078e-10 2.97254223222175e-10 -3.10637945854839e+01 3.71016006873197e+01 -2.93698417199266e+01 -4.49805378165632e+01 3.10637945858226e+01 -3.71016006874161e+01 3.92332745694059e-10 8.45158353967525e-11
1.16000000000000e+00 3.09682682205647e-10 2.27669587642618e-10 -2.24237860725613e+04 -3.47654146553592e+04 1.08486837158394e+01 3.68502716651138e+01 2.24237860725616e+04 3.47654146553590e+04 4.40657885661211e-10 3.27819159959150e-10 -6.61807636770981e+01 4.12829130967724e+01 -1.08486837154333e+01 -3.68502716653684e+01 6.61807636774705e+01 -4.12829130968858e+01 3.76254049808903e-10 9.39860280162310e-11
1.18000000000000e+00 2.75916697688117e-10 2.32912735549995e-10 -2.20010654054719e+04 -3.37754195402007e+04 3.30136719098539e+00 3.98685759205855e+01 2.20010654054722e+04 3.37754195402006e+04 3.87869566774217e-10 3.28826181218696e-10 -9.96016332005371e+01 4.14033441099226e+00 -3.30136719052606e+00 -3.98685759208259e+01 9.96016332009556e+01 -4.14033441110841e+00 3.51686964968527e-10 8.58916287942748e-11
1.20000000000000e+00 2.49004830065877e-10 2.17043980180826e-10 -2.19277053370730e+04 -3.30564494205270e+04 -2.59759758961366e+01 3.83370056059232e+01 2.19277053370734e+04 3.30564494205269e+04 3.47747476235872e-10 2.98938599815727e-10 -8.93475302110758e+01 -4.94769867604724e+01 2.59759758966395e+01 -3.83370056061262e+01 8.93475302115421e+01 4.94769867603884e+01 3.36199446676682e-10 6.13313417953958e-11
1.22000000000000e+00 2.35475424391685e-10 1.96392240244178e-10 -2.22249910988676e+04 -3.26728409594773e+04 -4.76919141806795e+01 3.10642736196473e+00 2.22249910988680e+04 3.26728409594773e+04 3.29197262119834e-10 2.61079483480626e-10 -4.42679595828561e+01 -7.68511504211867e+01 4.76919141812029e+01 -3.10642736211502e+00 4.42679595833423e+01 7.68511504211480e+01 3.37628658412495e-10 3.15655402198306e-11
1.24000000000000e+00 2.29127987427249e-10 1.75520750546576e-10 -2.26333603405072e+04 -3.30381725403715e+04 -3.28221808581924e+01 -3.71108706778818e+01 2.26333603405076e+04 3.30381725403715e+04 3.25314883643490e-10 2.22606931714125e-10 2.07832070182667e+00 -5.81334540421663e+01 3.28221808587096e+01 3.71108706777708e+01 -2.07832070134372e+00 5.81334540421626e+01 3.52961944455367e-10 7.57209451877988e-12
1.26000000000000e+00 2.30797516839780e-10 1.53846625441648e-10 -2.24312639810501e+04 -3.40728836350755e+04 7.97503818340168e-01 -5.35509493859603e+01 2.24312639810504e+04 3.40728836350755e+04 3.36101574233128e-10 1.87047253716839e-10 2.55379217512965e+00 -1.83036736498523e+01 -7.97503817821264e-01 5.35509493858805e+01 -2.55379217465066e+00 1.83036736498767e+01 3.75942500203173e-10 -7.21318359215179e-12
1.28000000000000e+00 2.42605263103565e-10 1.37776414549862e-10 -2.12681545742427e+04 -3.51093873719128e+04 3.71829723934381e+01 -5.16452786273312e+01 2.12681545742431e+04 3.51093873719128e+04 3.59776623454324e-10 1.61020597148919e-10 -2.71837602100254e+01 -1.34681597373802e+01 -3.71829723929215e+01 5.16452786272769e+01 2.71837602105009e+01 1.34681597374321e+01 4.03342493856383e-10 -1.16093737813085e-11
1.30000000000000e+00 2.55207668496066e-10 1.34304986846756e-10 -1.93763618892924e+04 -3.54295438187561e+04 7.49668502278295e+01 -2.32381855620718e+01 1.93763618892927e+04 3.54295438187562e+04 3.88175871098830e-10 1.51307656842971e-10 -3.54179558690686e+01 -4.44783858959163e+01 -7.49668502273201e+01 2.32381855620460e+01 3.54179558695321e+01 4.44783858959987e+01 4.29635833323424e-10 -1.10205063536491e-12
1.32000000000000e+00 2.58003412230135e-10 1.34157042626952e-10 -1.74274270676873e+04 -3.46654087290626e+04 7.88222532176239e+01 3.97311625155927e+01 1.74274270676876e+04 3.46654087290627e+04 4.09233056947359e-10 1.52331304730642e-10 -3.99484210512619e+00 -6.71283285810588e+01 -7.88222532171300e+01 -3.97311625155917e+01 3.99484210556227e+00 6.71283285811593e+01 4.40475687303422e-10 1.92897786198945e-11
1.34000000000000e+00 2.59339166546341e-10 1.25339983060720e-10 -1.63020291221902e+04 -3.30013252562999e+04 2.20868251864472e+01 7.99530195353904e+01 1.63020291221905e+04 3.30013252563000e+04 4.25833161034631e-10 1.53849525192567e-10 3.28833256472406e+01 -5.42034148983469e+01 -2.20868251859728e+01 -7.99530195353708e+01 -3.28833256468348e+01 5.42034148984534e+01 4.37242755110707e-10 2.96779061747278e-11
1.36000000000000e+00 2.70869167154214e-10 1.16149559977813e-10 -1.63557577114666e+04 -3.14882416427153e+04 -3.70876481371726e+01 5.75407228129199e+01 1.63557577114668e+04 3.14882416427154e+04 4.43102434736675e-10 1.59172226696050e-10 5.13185433942488e+01 -2.39083012824394e+01 3.70876481376211e+01 -5.75407228128949e+01 -5.13185433938673e+01 2.39083012825404e+01 4.39160882337761e-10 2.72549158961323e-11
1.38000000000000e+00 2.84755229975179e-10 1.15943781435152e-10 -1.68642868406723e+04 -3.07488021002500e+04 -5.40962990203059e+01 5.87162819599152e+00 1.68642868406725e+04 3.07488021002501e+04 4.54861581317671e-10 1.68697742717687e-10 5.08589839263056e+01 1.04245878663400e+01 5.40962990207262e+01 -5.87162819596761e+00 -5.08589839259448e+01 -1.04245878662497e+01 4.52231588467043e-10 2.63025075526551e-11
1.40000000000000e+00 2.95706598772139e-10 1.18809039711670e-10 -1.71518139933244e+04 -3.06369779303454e+04 -2.80963514549477e+01 -3.21845230254686e+01 1.71518139933246e+04 3.06369779303455e+04 4.64772018554854e-10 1.74321418981462e-10 3.32389160870096e+01 4.08778617880241e+01 2.80963514553532e+01 3.21845230254725e+01 -3.32389160866587e+01 -4.08778617879545e+01 4.69440472358255e-10 3.42383270177900e-11
1.42000000000000e+00 3.07903748044881e-10 1.23407127037032e-10 -1.69926864221722e+04 -3.05138788388704e+04 7.20792258417482e+00 -3.26483594720156e+01 1.69926864221724e+04 3.05138788388706e+04 4.81229660475368e-10 1.82759403138364e-10 -1.66660692132768e+00 5.86894281275652e+01 -7.20792258376563e+00 3.26483594720006e+01 1.66660692167873e+00 -5.86894281275081e+01 4.84189004398567e-10 5.20411721265712e-11
1.44000000000000e+00 3.22036031613114e-10 1.34559490717859e-10 -1.69132491403532e+04 -3.00614072916863e+04 2.20571346972758e+01 -1.10520721866261e+01 1.69132491403533e+04 3.00614072916864e+04 4.97023171750661e-10 2.03582609462517e-10 -4.50391731275320e+01 5.06564226330007e+01 -2.20571346968562e+01 1.10520721865983e+01 4.50391731278829e+01 -5.06564226329559e+01 4.90110079255472e-10 7.67906194709702e-11
1.46000000000000e+00 3.31640260144157e-10 1.56852769283736e-10 -1.73121269142920e+04 -2.96986179266355e+04 1.17265517698522e+01 5.06146197846411e+00 1.73121269142921e+04 2.96986179266356e+04 5.00679158951493e-10 2.33066140844589e-10 -7.12535857563085e+01 9.38272165690266e+00 -1.17265517694201e+01 -5.06146197850644e+00 7.12535857566564e+01 -9.38272165687390e+00 4.84108172478446e-10 1.02478651590333e-10
1.48000000000000e+00 3.26259321387703e-10 1.85348033532961e-10 -1.78121031568161e+04 -2.99839013422309e+04 -9.22664993472852e-01 1.25207308584585e-02 1.78121031568162e+04 2.99839013422310e+04 4.88939759670922e-10 2.60294422093447e-10 -5.51769355051925e+01 -3.14361407387056e+01 9.22664993923219e-01 -1.25207309093883e-02 5.51769355055405e+01 3.14361407387102e+01 4.66694407561645e-10 1.21118171210603e-10
1.50000000000000e+00 3.04661176033035e-10 2.06444398141894e-10 -1.77288240599918e+04 -3.06112187274499e+04 2.60432073463296e+00 -8.86131684367888e+00 1.77288240599919e+04 3.06112187274500e+04 4.68468376809999e-10 2.75004218614393e-10 -2.45723833001363e+01 -4.20845537414959e+01 -2.60432073415655e+00 8.86131684362750e+00 2.45723833005012e+01 4.20845537414728e+01 4.45903675993578e-10 1.26765072840341e-10
1.52000000000000e+00 2.78596164908425e-10 2.11864777104773e-10 -1.72399629055345e+04 -3.08586343352585e+04 4.94417692951675e+00 -5.60491018730809e+00 1.72399629055347e+04 3.08586343352585e+04 4.52571388136747e-10 2.78830048580200e-10 -4.17356264027719e+00 -3.25848885113902e+01 -4.94417692900902e+00 5.60491018726619e+00 4.17356264067637e+00 3.25848885113479e+01 4.30521320757228e-10 1.23148991982692e-10
1.54000000000000e+00 2.58689034778625e-10 2.09267980361452e-10 -1.70226378057212e+04 -3.08304883938589e+04 -1.79652315852794e-01 -1.19216130211886e+01 1.70226378057214e+04 3.08304883938589e+04 4.42026416038398e-10 2.83638462970834e-10 2.84220922291095e+00 -1.98437175347260e+01 1.79652316388070e-01 1.19216130211735e+01 -2.84220922246910e+00 1.98437175346813e+01 4.21112210244086e-10 1.16989694217110e-10
1.56000000000000e+00 2.40161597286618e-10 2.05151933857609e-10 -1.69910545745197e+04 -3.11084123832668e+04 9.33297734833013e+00 -2.12476186531923e+01 1.69910545745198e+04 3.11084123832668e+04 4.28293504803839e-10 2.88935987943605e-10 3.64400862651678e+00 -7.38547296290986e+00 -9.33297734778618e+00 2.12476186532130e+01 -3.64400862602793e+00 7.38547296288016e+00 4.15701267279165e-10 1.09542347806007e-10
1.58000000000000e+00 2.22836727171424e-10 1.96402386146618e-10 -1.66359412530527e+04 -3.16940623212158e+04 1.96844141327063e+01 -1.97782416262835e+01 1.66359412530528e+04 3.16940623212158e+04 4.15481434576633e-10 2.90100640276436e-10 -4.43445224860762e+00 5.17118083582625e+00 -1.96844141321680e+01 1.97782416263338e+01 4.43445224912067e+00 -5.17118083581751e+00 4.15340943837908e-10 1.02954510557388e-10
1.60000000000000e+00 2.07829023209216e-10 1.87869075424966e-10 -1.57654228881200e+04 -3.21398270312544e+04 3.00952277206685e+01 -1.73159803560576e+01 1.57654228881201e+04 3.21398270312544e+04 4.04610660271619e-10 2.96424899790319e-10 -2.50468320713422e+01 7.35276766164560e+00 -3.00952277201428e+01 1.73159803561193e+01 2.50468320718592e+01 -7.35276766160212e+00 4.16135194302193e-10 1.01252705271160e-10
1.62000000000000e+00 1.84322779766692e-10 1.77980418659005e-10 -1.46620218874392e+04 -3.20621480779219e+04 4.05316836398514e+01 -6.94247382976953e+00 1.46620218874394e+04 3.20621480779218e+04 3.77194169853523e-10 3.08260447294627e-10 -3.88657498654005e+01 -1.43447333404630e+01 -4.05316836393295e+01 6.94247382982431e+00 3.88657498659129e+01 1.43447333405217e+01 4.11430660337442e-10 1.00905553821562e-10
1.64000000000000e+00 1.54533280500236e-10 1.46425341939112e-10 -1.37958932471456e+04 -3.14307772362074e+04 4.55126275346126e+01 7.17930612436932e+00 1.37958932471458e+04 3.14307772362073e+04 3.28114706981953e-10 2.93979185140210e-10 -2.78014360650348e+01 -3.56881768671681e+01 -4.55126275340738e+01 -7.17930612430908e+00 2.78014360655589e+01 3.56881768672315e+01 4.02479437809492e-10 9.29853301322464e-11
1.66000000000000e+00 1.48323109313264e-10 9.07990678453972e-11 -1.34893626413328e+04 -3.07133704511197e+04 4.60497579673638e+01 2.71308973341392e+01 1.34893626413330e+04 3.07133704511196e+04 2.98294214612079e-10 2.38214292410929e-10 -6.90306762649408e+00 -4.36722266242133e+01 -4.60497579668037e+01 -2.71308973340595e+01 6.90306762704810e+00 4.36722266243022e+01 3.98880639735323e-10 7.41611934563624e-11
1.68000000000000e+00 1.76719627367903e-10 4.22002322922215e-11 -1.32986426355543e+04 -3.02932715967851e+04 2.96732931111643e+01 4.86137934158528e+01 1.32986426355546e+04 3.02932715967850e+04 3.14592240358114e-10 1.78021372686752e-10 1.74099096616604e+01 -3.17630328065858e+01 -2.96732931105928e+01 -4.86137934157417e+01 -1.74099096610951e+01 3.17630328067242e+01 4.09871181113288e-10 5.06974832292191e-11
1.70000000000000e+00 2.19328129126144e-10 1.89691162504625e-11 -1.29500548976598e+04 -2.96915554281593e+04 2.17351840558000e+00 5.30791336738087e+01 1.29500548976601e+04 2.96915554281593e+04 3.57071339121373e-10 1.45753956580899e-10 1.82286446416019e+01 -2.32288736727260e+00 -2.17351840501233e+00 -5.30791336736602e+01 -1.82286446410525e+01 2.32288736746376e+00 4.37330450633631e-10 3.57679179562510e-11
1.72000000000000e+00 2.57470954652038e-10 1.65222461001676e-11 -1.30571406020877e+04 -2.87088255147342e+04 -1.79669268857360e+01 4.02886692210790e+01 1.30571406020879e+04 2.87088255147342e+04 3.98601911662029e-10 1.41625223577668e-10 -3.17928997870326e+00 9.91596525351856e+00 1.79669268862852e+01 -4.02886692208959e+01 3.17928997921658e+00 -9.91596525329068e+00 4.68934249943102e-10 4.07299047798527e-11
1.74000000000000e+00 2.83543224801875e-10 2.34533558186546e-11 -1.38902845202170e+04 -2.80394388885408e+04 -2.48628515694056e+01 2.61815613870091e+01 1.38902845202172e+04 2.80394388885409e+04 4.26258689515066e-10 1.51274564703108e-10 -2.13354053199856e+01 4.56550335185637e+00 2.48628515699290e+01 -2.61815613868121e+01 2.13354053204527e+01 -4.56550335161051e+00 4.88145082267722e-10 5.87436703015863e-11
1.76000000000000e+00 3.00268924453688e-10 2.59741148734279e-11 -1.48771268554248e+04 -2.81352073263210e+04 -2.92511241934204e+01 1.43919123414750e+01 1.48771268554249e+04 2.81352073263210e+04 4.42463915396032e-10 1.58498859498271e-10 -3.30221793741152e+01 -7.98007592163541e+00 2.92511241939213e+01 -1.43919123412739e+01 3.30221793745382e+01 7.98007592188534e+00 4.94913520852872e-10 7.48662810749617e-11
1.78000000000000e+00 3.24768984051838e-10 2.18360810494924e-11 -1.54321124030083e+04 -2.86669598688518e+04 -3.04008439994394e+01 3.69940362411735e-01 1.54321124030084e+04 2.86669598688518e+04 4.62897971735702e-10 1.59839655899531e-10 -3.74322518063250e+01 -2.75294114168635e+01 3.04008439999241e+01 -3.69940362212329e-01 3.74322518067034e+01 2.75294114170999e+01 4.98281120631706e-10 8.37000264659769e-11
1.80000000000000e+00 3.60229301687447e-10 3.16859596606918e-11 -1.57365000751043e+04 -2.90573157937340e+04 -2.23784322294055e+01 -1.52820927517131e+01 1.57365000751045e+04 2.90573157937339e+04 4.91577001642743e-10 1.70883004496598e-10 -2.83933846731108e+01 -4.97719886217275e+01 2.23784322298796e+01 1.52820927519050e+01 2.83933846734596e+01 4.97719886219300e+01 5.07190311759165e-10 8.87748972218609e-11
1.82000000000000e+00 3.85936171979845e-10 5.77903051769139e-11 -1.62992376713217e+04 -2.95276225517627e+04 -7.12372434033561e+00 -1.87511037179930e+01 1.62992376713219e+04 2.95276225517626e+04 5.15559262339750e-10 1.94959201083776e-10 -3.76605095683281e+00 -6.44602399578373e+01 7.12372434080632e+00 1.87511037181779e+01 3.76605095716661e+00 6.44602399580008e+01 5.21729442380486e-10 1.01539491870955e-10
1.84000000000000e+00 3.99678255383782e-10 8.66333332858829e-11 -1.68126895197535e+04 -3.06104015381479e+04 6.01642352981773e-01 -1.61495348088509e+01 1.68126895197537e+04 3.06104015381479e+04 5.31401336339918e-10 2.26853039845621e-10 2.81387459936483e+01 -5.90123962243332e+01 -6.01642352512116e-01 1.61495348090286e+01 -2.81387459933083e+01 5.90123962244566e+01 5.28417721155601e-10 1.26300057317305e-10
1.86000000000000e+00 4.04550184436045e-10 1.16083881997621e-10 -1.66095708300609e+04 -3.20629901168412e+04 8.35148258900333e+00 -1.41627673031612e+01 1.66095708300612e+04 3.20629901168412e+04 5.34793748986067e-10 2.65238435553681e-10 4.98724533568031e+01 -3.37865937420856e+01 -8.35148258852183e+00 1.41627673033299e+01 -4.98724533564416e+01 3.37865937421786e+01 5.17361664982673e-10 1.49556052745982e-10
1.88000000000000e+00 4.00889373961716e-10 1.42420766444880e-10 -1.56904810744947e+04 -3.31458295799792e+04 1.40954760734812e+01 -8.87413968728114e+00 1.56904810744949e+04 3.31458295799793e+04 5.22207314581382e-10 2.99398942201918e-10 5.14793081921281e+01 1.55053668251227e+00 -1.40954760729808e+01 8.87413968745075e+00 -5.14793081917406e+01 -1.55053668243764e+00 4.96807800546114e-10 1.56819241050763e-10
1.90000000000000e+00 3.93966415786365e-10 1.64396087397547e-10 -1.46200279519009e+04 -3.35655365329135e+04 2.01462542921301e+01 -1.54007073521106e+00 1.46200279519011e+04 3.35655365329136e+04 5.05932958110976e-10 3.23511495520633e-10 2.68320204594867e+01 2.78419056113211e+01 -2.01462542916059e+01 1.54007073538489e+00 -2.68320204590683e+01 -2.78419056112600e+01 4.82216205099018e-10 1.46375735722516e-10
1.92000000000000e+00 3.83054201426943e-10 1.89255555774510e-10 -1.38982208451441e+04 -3.34986597593558e+04 1.97285544923808e+01 1.21000692822786e+01 1.38982208451442e+04 3.34986597593558e+04 4.88029332204016e-10 3.51026917583301e-10 -2.93221181585006e+00 2.94757849904547e+01 -1.97285544918279e+01 -1.21000692820863e+01 2.93221181630535e+00 -2.94757849904001e+01 4.83467719760248e-10 1.29847713148445e-10
1.94000000000000e+00 3.53406705443897e-10 2.10543571969017e-10 -1.37470733666316e+04 -3.34841651665390e+04 9.34686092283393e+00 2.01413523544947e+01 1.37470733666318e+04 3.34841651665390e+04 4.48732312113145e-10 3.77846268188885e-10 -2.58370287660595e+01 1.72220626450936e+01 -9.34686092225250e+00 -2.01413523542639e+01 2.58370287665572e+01 -1.72220626450288e+01 4.96351217989451e-10 1.17809833804106e-10
1.96000000000000e+00 3.14965620598577e-10 2.03611782687404e-10 -1.37880835570428e+04 -3.39761002160328e+04 5.74586893938834e-01 1.93469538085633e+01 1.37880835570430e+04 3.39761002160328e+04 3.92248430605131e-10 3.74711054806188e-10 -3.54273061677687e+01 -5.22114994184281e+00 -5.74586893346101e-01 -1.93469538082753e+01 3.54273061683031e+01 5.22114994194179e+00 5.15922407274086e-10 1.12330924332601e-10
1.98000000000000e+00 2.97346132375442e-10 1.72763699563789e-10 -1.35281356294977e+04 -3.49319964590065e+04 -1.70894809534269e+00 1.83371668192338e+01 1.35281356294979e+04 3.49319964590065e+04 3.51716062896870e-10 3.34967741139290e-10 -3.36682687214287e+01 -2.42469888224658e+01 1.70894809591546e+00 -1.83371668188870e+01 3.36682687219773e+01 2.42469888226074e+01 5.38996984242919e-10 1.14604439808688e-10
2.00000000000000e+00 3.10313915634113e-10 1.44369032883036e-10 -1.26359803685759e+04 -3.60006591069039e+04 -7.56052556963718e+00 2.46956261588435e+01 1.26359803685761e+04 3.60006591069039e+04 3.51062671526071e-10 2.84071090866776e-10 -2.34395056313487e+01 -4.21286314904234e+01 7.56052557015791e+00 -2.46956261584496e+01 2.34395056318910e+01 4.21286314906047e+01 5.62860436045788e-10 1.24132080431328e-10
2.02000000000000e+00 3.36060567503858e-10 1.41653580448247e-10 -1.11540337118168e+04 -3.65874927408102e+04 -2.28385660008119e+01 2.35696946254966e+01 1.11540337118170e+04 3.65874927408101e+04 3.80532287783055e-10 2.58553624951646e-10 -7.18062640398868e+00 -5.13980785295820e+01 2.28385660012804e+01 -2.35696946250944e+01 7.18062640451735e+00 5.13980785297827e+01 5.86534962811557e-10 1.41607290601102e-10
2.04000000000000e+00 3.46440794488433e-10 1.56811379454901e-10 -9.70492769935678e+03 -3.64298316635608e+04 -3.60323789763295e+01 1.43402350453234e+01 9.70492769935696e+03 3.64298316635607e+04 4.03441987478073e-10 2.64065810625575e-10 1.51952077637962e+01 -5.59971310419156e+01 3.60323789767645e+01 -1.43402350449288e+01 -1.51952077632719e+01 5.59971310421286e+01 6.04717335870698e-10 1.68515129602871e-10
2.06000000000000e+00 3.40860049195209e-10 1.63920057390421e-10 -8.64174838061683e+03 -3.58749765416126e+04 -4.63555304085144e+01 -6.72294085688849e+00 8.64174838061704e+03 3.58749765416125e+04 4.04832803667118e-10 2.72874911209461e-10 3.94708507346103e+01 -4.13489537064601e+01 4.63555304089221e+01 6.72294085728069e+00 -3.94708507340921e+01 4.13489537066909e+01 6.12472029097258e-10 1.97133175023381e-10
2.08000000000000e+00 3.41090203891878e-10 1.58757552872027e-10 -8.02493483796510e+03 -3.50865187535021e+04 -3.68099360510896e+01 -3.21597098427507e+01 8.02493483796532e+03 3.50865187535021e+04 4.03209679560869e-10 2.69458279818907e-10 5.03569938200906e+01 -1.49353874479880e+01 3.68099360514771e+01 3.21597098431357e+01 -5.03569938195870e+01 1.49353874482303e+01 6.16897267284367e-10 2.22943385479887e-10
2.10000000000000e+00 3.50138097752007e-10 1.59110932555273e-10 -8.08188343845323e+03 -3.43866351792118e+04 -1.58786015125027e+01 -4.30596106385724e+01 8.08188343845346e+03 3.43866351792117e+04 4.07913430747853e-10 2.66815369144336e-10 4.15590827619969e+01 1.81428887432089e+01 1.58786015128703e+01 4.30596106389399e+01 -4.15590827615075e+01 -1.81428887429659e+01 6.18773977555591e-10 2.51000034208575e-10
2.12000000000000e+00 3.52978941051334e-10 1.65311520313707e-10 -8.43980367591612e+03 -3.43465751943675e+04 2.16098063403625e+00 -4.61236744462511e+01 8.43980367591635e+03 3.43465751943674e+04 4.06746024947907e-10 2.67174176142196e-10 8.63230204475061e+00 3.86761867448553e+01 -2.16098063368050e+00 4.61236744466041e+01 -8.63230204426621e+00 -3.86761867446166e+01 6.13286791803712e-10 2.79511037650568e-10
2.14000000000000e+00 3.50854843695416e-10 1.62024916153878e-10 -8.53124621740061e+03 -3.46470060396774e+04 2.89329816335515e+01 -4.09725232386304e+01 8.53124621740089e+03 3.46470060396774e+04 4.01871499252321e-10 2.54023362114758e-10 -3.60985004010135e+01 3.03850055674311e+01 -2.89329816331999e+01 4.09725232389644e+01 3.60985004015004e+01 -3.03850055672039e+01 6.02139301645855e-10 3.02218446280213e-10
2.16000000000000e+00 3.61169572688139e-10 1.50566236936266e-10 -8.56216852259915e+03 -3.50638028409676e+04 4.76589967552880e+01 -1.15058621562567e+01 8.56216852259945e+03 3.50638028409675e+04 4.15835774263440e-10 2.30201437548604e-10 -6.28386256307217e+01 -1.55914325047799e+01 -4.76589967549279e+01 1.15058621565710e+01 6.28386256312265e+01 1.55914325050001e+01 5.90797466720679e-10 3.18971769011091e-10
2.18000000000000e+00 3.84644366928555e-10 1.47682410694595e-10 -8.44209449475263e+03 -3.56275901470177e+04 3.49998756168641e+01 2.51484811029317e+01 8.44209449475299e+03 3.56275901470177e+04 4.48869403845556e-10 2.19706170938176e-10 -4.03071544047841e+01 -6.41746327385750e+01 -3.49998756164763e+01 -2.51484811026264e+01 4.03071544053197e+01 6.41746327387996e+01 5.81563017601580e-10 3.31242308237236e-10
2.20000000000000e+00 4.10157841277534e-10 1.56420265933303e-10 -8.35400848647964e+03 -3.61986324345515e+04 6.47633214613847e-01 3.34555363623020e+01 8.35400848648002e+03 3.61986324345515e+04 4.84210295742929e-10 2.26602665915239e-10 5.40337021204599e-01 -6.88501749189458e+01 -6.47633214197765e-01 -3.34555363619899e+01 -5.40337020638470e-01 6.88501749191913e+01 5.77476038354204e-10 3.41143371683227e-10
2.22000000000000e+00 4.36092700072724e-10 1.74659602016015e-10 -8.38203227385611e+03 -3.71931855133188e+04 -1.89502914790759e+01 2.00408092905392e+01 8.38203227385651e+03 3.71931855133188e+04 5.18293149308807e-10 2.47946586676283e-10 1.04457824831178e+01 -5.39596603505203e+01 1.89502914795233e+01 -2.00408092901970e+01 -1.04457824825249e+01 5.39596603508064e+01 5.80331962272596e-10 3.54049522831905e-10
2.24000000000000e+00 4.57837120661206e-10 2.06918168102966e-10 -7.93331902370514e+03 -3.88081656494358e+04 -3.00820132230022e+01 6.80588719452101e+00 7.93331902370553e+03 3.88081656494359e+04 5.41508029028018e-10 2.87616968955409e-10 9.55274623114299e+00 -6.29213909975883e+01 3.00820132234634e+01 -6.80588719413157e+00 -9.55274623054482e+00 6.29213909979286e+01 5.86547150118018e-10 3.77801558940861e-10
2.26000000000000e+00 4.63223523289035e-10 2.48574252948351e-10 -6.50981959287654e+03 -4.04706619163560e+04 -3.76913883281916e+01 -1.77349470435456e+01 6.50981959287691e+03 4.04706619163561e+04 5.39204731435840e-10 3.31131668754820e-10 3.48496570156221e+01 -7.29844530236799e+01 3.76913883286372e+01 1.77349470439935e+01 -3.48496570150470e+01 7.29844530240777e+01 5.82941114521272e-10 4.15615243459411e-10
2.28000000000000e+00 4.52261323815483e-10 2.83865951088847e-10 -4.46195199923031e+03 -4.14631840505244e+04 -1.63548747528592e+01 -4.40015061580514e+01 4.46195199923065e+03 4.14631840505246e+04 5.22137063974443e-10 3.57789808565015e-10 5.44999091075016e+01 -5.67795779245776e+01 1.63548747532624e+01 4.40015061585317e+01 -5.44999091069617e+01 5.67795779250022e+01 5.57724113789574e-10 4.51958962798541e-10
2.30000000000000e+00 4.37266171169079e-10 3.08818741797785e-10 -2.33875103538850e+03 -4.19031813283991e+04 1.10190202805689e+01 -3.66336076005744e+01 2.33875103538881e+03 4.19031813283993e+04 5.09193785474574e-10 3.69719955952333e-10 6.18281506150891e+01 -4.82044348211914e+01 -1.10190202801937e+01 3.66336076010692e+01 -6.18281506145778e+01 4.82044348216307e+01 5.22858630756421e-10 4.70831335972051e-10
2.32000000000000e+00 4.23256200046383e-10 3.27712438725403e-10 -9.36109156093858e+01 -4.17740996026328e+04 1.26689078930000e+01 -2.44341456328756e+01 9.36109156096560e+01 4.17740996026329e+04 5.05711073313867e-10 3.79364420883395e-10 7.21582238386513e+01 -3.03383607547034e+01 -1.26689078926551e+01 2.44341456333850e+01 -7.21582238381648e+01 3.03383607551559e+01 4.92461903057490e-10 4.74570950590164e-10
2.34000000000000e+00 4.13754931592583e-10 3.45562179259327e-10 1.59820134145094e+03 -4.09273031906532e+04 1.72914451731551e+01 -2.84931894914048e+01 -1.59820134145070e+03 4.09273031906534e+04 5.06512543747055e-10 3.95744216273490e-10 5.54755694781308e+01 -1.80710486460522e+01 -1.72914451728430e+01 2.84931894919253e+01 -5.54755694776623e+01 1.80710486465046e+01 4.73370546985156e-10 4.71746738354948e-10
2.36000000000000e+00 4.03489014243552e-10 3.71170183839834e-10 2.32346156773751e+03 -4.04871265669914e+04 3.59959527314743e+01 -1.92404845444464e+01 -2.32346156773729e+03 4.04871265669916e+04 5.01616977786753e-10 4.19981761191246e-10 5.07936151933717e+01 -4.81973344901771e+01 -3.59959527311968e+01 1.92404845449660e+01 -5.07936151929029e+01 4.81973344906351e+01 4.64691214896340e-10 4.71442795167504e-10
2.38000000000000e+00 3.79778906243377e-10 4.00350646999755e-10 3.40262946403607e+03 -4.13829425839499e+04 3.45900563026496e+01 1.03266070695432e+01 -3.40262946403588e+03 4.13829425839501e+04 4.84443082845786e-10 4.43238455641834e-10 1.09201471447050e+02 -7.12779728531957e+01 -3.45900563023854e+01 -1.03266070690253e+01 -1.09201471446581e+02 7.12779728536761e+01 4.61240008326098e-10 4.81194562705128e-10
2.40000000000000e+00 3.43504663469478e-10 4.17671002256142e-10 6.53224848449779e+03 -4.23257328819117e+04 3.45757324624228e+00 1.94371227588274e+01 -6.53224848449760e+03 4.23257328819119e+04 4.61113017182403e-10 4.53549223497674e-10 1.84728528592615e+02 -1.03741783546435e+01 -3.45757324599378e+00 -1.94371227582945e+01 -1.84728528592151e+02 1.03741783551654e+01 4.49849368346245e-10 5.01231113249583e-10
2.42000000000000e+00 3.09343407838907e-10 4.20837030587491e-10 1.08138974548812e+04 -4.08724777028458e+04 -1.18681369164557e+01 -7.31216974422648e+00 -1.08138974548810e+04 4.08724777028460e+04 4.47286656018817e-10 4.55329907518692e-10 1.73380697984429e+02 1.04964227749981e+02 1.18681369166681e+01 7.31216974478465e+00 -1.73380697983995e+02 -1.04964227749407e+02 4.26241707207594e-10 5.17995868068156e-10
2.44000000000000e+00 2.79433803324224e-10 4.20365083835830e-10 1.35258043081820e+04 -3.71022935183297e+04 9.44820078290856e+00 -2.62749887015912e+01 -1.35258043081818e+04 3.71022935183299e+04 4.37990977536224e-10 4.63932308672621e-10 7.97536355006426e+01 1.61274859560481e+02 -9.44820078275628e+00 2.62749887021662e+01 -7.97536355002846e+01 -1.61274859559867e+02 3.99685425693316e-10 5.25940237588897e-10
2.46000000000000e+00 2.46107671517149e-10 4.14012131047649e-10 1.38194557783481e+04 -3.33117450212589e+04 3.28237039248591e+01 -8.96287871314760e+00 -1.38194557783480e+04 3.33117450212590e+04 4.21190909245962e-10 4.73058181141523e-10 -6.71306210407852e-01 1.36852145144551e+02 -3.28237039247697e+01 8.96287871370222e+00 6.71306210684053e-01 -1.36852145143943e+02 3.74809598016301e-10 5.28024042300850e-10
2.48000000000000e+00 2.16946856179006e-10 3.92600930643194e-10 1.31031989617785e+04 -3.08064300514502e+04 1.87710130999234e+01 1.86537597670023e+01 -1.31031989617784e+04 3.08064300514503e+04 4.02499391905224e-10 4.74828078063435e-10 -3.15264239862414e+01 9.26026410900858e+01 -1.87710130998805e+01 -1.86537597665003e+01 3.15264239864421e+01 -9.26026410895295e+01 3.53074101281489e-10 5.28197966983387e-10
2.50000000000000e+00 2.04051926790047e-10 3.64392348552581e-10 1.24802917120482e+04 -2.90142423117201e+04 -1.10156808854225e+01 9.14944571959387e+00 -1.24802917120481e+04 2.90142423117201e+04 3.85917929585160e-10 4.70338198116533e-10 -3.69950405041971e+01 6.04003205594458e+01 1.10156808854527e+01 -9.14944571915086e+00 3.69950405043818e+01 -6.04003205589533e+01 3.29020483626340e-10 5.28691160602168e-10
2.52000000000000e+00 2.05081604538579e-10 3.41700175006643e-10 1.16998337648048e+04 -2.71907190757326e+04 -9.17676139445128e+00 -1.72927359930703e+01 -1.16998337648046e+04 2.71907190757326e+04 3.76170882852944e-10 4.60438314944014e-10 -4.17596217891217e+01 4.00601689081258e+01 9.17676139448778e+00 1.72927359934895e+01 4.17596217893163e+01 -4.00601689076691e+01 3.00923914935089e-10 5.21136538450143e-10
2.54000000000000e+00 2.10304910876322e-10 3.29766728917348e-10 1.00548300532445e+04 -2.58432848792541e+04 4.92759146129141e+00 -2.64516732395044e+01 -1.00548300532443e+04 2.58432848792541e+04 3.74988556248579e-10 4.52588390641849e-10 -4.20568878163256e+01 4.32723001193448e+00 -4.92759146126024e+00 2.64516732399063e+01 4.20568878165267e+01 -4.32723001149227e+00 2.76814709354241e-10 5.02056032416253e-10
2.56000000000000e+00 2.10240670772981e-10 3.20938584674410e-10 8.35986067184980e+03 -2.58651939126961e+04 2.12636510065099e+01 -3.07159078580645e+01 -8.35986067184962e+03 2.58651939126962e+04 3.75398118125401e-10 4.48971199203945e-10 -6.81905876566036e+00 -2.06670301274751e+01 -2.12636510064962e+01 3.07159078584491e+01 6.81905876585631e+00 2.06670301279077e+01 2.65054766586153e-10 4.71322866854241e-10
2.58000000000000e+00 2.14665433359661e-10 3.04332666492325e-10 7.54045947818463e+03 -2.65882294289248e+04 3.98087896362402e+01 -2.07173948112555e+01 -7.54045947818442e+03 2.65882294289249e+04 3.79752230733987e-10 4.43403794019438e-10 2.27994557187167e+01 -9.65410999835147e+00 -3.98087896362356e+01 2.07173948116091e+01 -2.27994557185192e+01 9.65410999877001e+00 2.79496746933930e-10 4.40409631616090e-10
2.60000000000000e+00 2.35816916829862e-10 2.94574596786635e-10 7.37377352428983e+03 -2.74713017649295e+04 4.67725661790520e+01 -1.33854261153035e+00 -7.37377352428962e+03 2.74713017649296e+04 3.94703106689454e-10 4.45836241269665e-10 3.49323777501863e+01 1.31637812028496e+00 -4.67725661790384e+01 1.33854261185533e+00 -3.49323777499878e+01 -1.31637811987556e+00 3.14235648339526e-10 4.34524576780809e-10
2.62000000000000e+00 2.57964091578585e-10 3.07795788332714e-10 8.04798069890956e+03 -2.85220372668122e+04 3.93402760349354e+01 1.84814769091786e+01 -8.04798069890936e+03 2.85220372668123e+04 4.06936739007278e-10 4.65981916653200e-10 5.39310014932331e+01 1.55528565484061e+01 -3.93402760349154e+01 -1.84814769088713e+01 -5.39310014930346e+01 -1.55528565479976e+01 3.42482509491447e-10 4.61913676927046e-10
2.64000000000000e+00 2.58445677221444e-10 3.33491936662358e-10 9.83654125029683e+03 -2.89146566234637e+04 1.90618105199697e+01 2.59501012820929e+01 -9.83654125029664e+03 2.89146566234638e+04 4.00554688241926e-10 4.94869384036002e-10 5.97556712749523e+01 5.20755986729280e+01 -1.90618105199434e+01 -2.59501012817969e+01 -5.97556712747559e+01 -5.20755986725207e+01 3.42319102912950e-10 5.05621704143292e-10
2.66000000000000e+00 2.40127670269970e-10 3.45031301613564e-10 1.18597994123897e+04 -2.78830046993683e+04 9.08990808465462e-01 9.61772136666736e+00 -1.18597994123895e+04 2.78830046993684e+04 3.75819655938424e-10 5.11948446117649e-10 3.79298239726765e+01 8.28000000636801e+01 -9.08990808443865e-01 -9.61772136638011e+00 -3.79298239724862e+01 -8.28000000632690e+01 3.15279815148006e-10 5.40202467206726e-10
2.68000000000000e+00 2.24472889680055e-10 3.38116860269861e-10 1.30944703596819e+04 -2.56699920191388e+04 1.53013606108569e+01 -1.57267518197236e+01 -1.30944703596817e+04 2.56699920191389e+04 3.49060230887342e-10 5.08057721571122e-10 2.74976983272551e+00 9.76138472585051e+01 -1.53013606108450e+01 1.57267518200036e+01 -2.74976983255571e+00 -9.76138472580885e+01 2.77215444167828e-10 5.55658935289222e-10
2.70000000000000e+00 2.21983605531132e-10 3.21102638597179e-10 1.29248231285176e+04 -2.30328357583863e+04 4.80645213311350e+01 -9.18212277485496e+00 -1.29248231285174e+04 2.30328357583864e+04 3.37463821899031e-10 4.86337873440762e-10 -3.83030984120848e+01 8.73276732078166e+01 -4.80645213311451e+01 9.18212277510810e+00 3.83030984122217e+01 -8.73276732074126e+01 2.40827666422082e-10 5.51506538150654e-10
2.72000000000000e+00 2.38021099726430e-10 3.06384124284457e-10 1.13743875630078e+04 -2.10131972782451e+04 6.09454294577536e+01 2.54216510845213e+01 -1.13743875630077e+04 2.10131972782452e+04 3.52247512400156e-10 4.65317608960218e-10 -5.99078748965658e+01 5.18406969709981e+01 -6.09454294577683e+01 -2.54216510843105e+01 5.99078748966743e+01 -5.18406969706331e+01 2.19115945077913e-10 5.34267599724281e-10
2.74000000000000e+00 2.65045431965133e-10 3.06752393970797e-10 9.20746178629800e+03 -2.03742742140004e+04 3.91735109071090e+01 5.76180041576518e+01 -9.20746178629790e+03 2.03742742140004e+04 3.83167669491367e-10 4.63628361448388e-10 -5.12916774886497e+01 1.74702415973215e+01 -3.91735109071027e+01 -5.76180041574900e+01 5.12916774887605e+01 -1.74702415970106e+01 2.15227477338214e-10 5.21111898848994e-10
2.76000000000000e+00 2.93405123391325e-10 3.22961692116300e-10 7.53661826556030e+03 -2.10736846458238e+04 5.40628457266883e+00 5.69082578016305e+01 -7.53661826556015e+03 2.10736846458237e+04 4.17126964432620e-10 4.83367742513716e-10 -2.51415544023115e+01 5.61197149925842e+00 -5.40628457262445e+00 -5.69082578015109e+01 2.51415544024562e+01 -5.61197149898968e+00 2.16884190399079e-10 5.20055961250188e-10
2.78000000000000e+00 3.16459873195925e-10 3.57557307739015e-10 6.98226018854519e+03 -2.21851450444797e+04 -2.72572642470180e+00 3.85490604724344e+01 -6.98226018854497e+03 2.21851450444796e+04 4.43498687441068e-10 5.28511754774995e-10 -9.57590751366070e+00 2.03595541372422e+01 2.72572642479476e+00 -3.85490604723228e+01 9.57590751385513e+00 -2.03595541369890e+01 2.17213547686720e-10 5.30193839485792e-10
2.80000000000000e+00 3.19828629193060e-10 4.03117874857389e-10 6.95759800256156e+03 -2.28609700472412e+04 2.52208535105103e+00 4.18060613620011e+01 -6.95759800256127e+03 2.28609700472412e+04 4.42333551286474e-10 5.88153449030456e-10 -2.24884680546885e+01 3.31916665403349e+01 -2.52208535091402e+00 -4.18060613618755e+01 2.24884680549229e+01 -3.31916665400681e+01 2.07740770442073e-10 5.48121590052230e-10
2.82000000000000e+00 3.08859801405308e-10 4.43038942026850e-10 6.78549849937025e+03 -2.35869162400457e+04 -1.59695140748118e+01 4.94624442627954e+01 -6.78549849936993e+03 2.35869162400457e+04 4.18421129898168e-10 6.39273505817560e-10 -3.70002304170144e+01 1.82518994300123e+01 1.59695140749708e+01 -4.94624442626568e+01 3.70002304172700e+01 -1.82518994297265e+01 1.88258525395219e-10 5.63963425281256e-10
2.84000000000000e+00 2.93776698451795e-10 4.83193264836011e-10 7.10266693144750e+03 -2.48756688413221e+04 -3.32029656690089e+01 2.97326507387028e+01 -7.10266693144716e+03 2.48756688413221e+04 3.85629566071931e-10 6.82772648417270e-10 -2.60956609025095e+01 -1.89882797786089e+00 3.32029656691803e+01 -2.97326507385461e+01 2.60956609027718e+01 1.89882797816844e+00 1.64371557613728e-10 5.76054193084141e-10
2.86000000000000e+00 2.63107672873893e-10 5.28196677491638e-10 8.56339239575743e+03 -2.59879732106905e+04 -2.23548086406951e+01 1.13520963913044e+01 -8.56339239575706e+03 2.59879732106905e+04 3.38245783227596e-10 7.21455917214615e-10 -5.90706462371922e+00 -2.32261694610753e+00 2.23548086408837e+01 -1.13520963911356e+01 5.90706462399209e+00 2.32261694642084e+00 1.35509718143678e-10 5.85265270727788e-10
2.88000000000000e+00 2.10465822417592e-10 5.60777179164374e-10 1.06402450288613e+04 -2.59409767494080e+04 -1.12308623814544e+01 1.79251712879193e+01 -1.06402450288609e+04 2.59409767494081e+04 2.78102091661331e-10 7.40372391794439e-10 5.28143642321938e+00 6.19116206968953e+00 1.12308623816571e+01 -1.79251712877367e+01 -5.28143642293017e+00 -6.19116206935795e+00 1.03197724736562e-10 5.87330247202189e-10
2.90000000000000e+00 1.50830809346010e-10 5.67617502365172e-10 1.21904102080803e+04 -2.48243753121235e+04 -2.15504843253729e+01 2.58058749115091e+01 -1.21904102080798e+04 2.48243753121236e+04 2.21921421749701e-10 7.39385579245650e-10 1.56958384162154e+01 1.23232266541403e+01 2.15504843255836e+01 -2.58058749113039e+01 -1.56958384159129e+01 -1.23232266537793e+01 7.28733347194277e-11 5.84690800202247e-10
2.92000000000000e+00 1.03198543728709e-10 5.52371173162767e-10 1.29885534421570e+04 -2.35627935134721e+04 -3.28139356079383e+01 1.51167848832169e+01 -1.29885534421566e+04 2.35627935134723e+04 1.74604495297714e-10 7.25481356521829e-10 3.72271052036987e+01 3.29472998118801e+01 3.28139356081480e+01 -1.51167848829888e+01 -3.72271052033969e+01 -3.29472998114798e+01 4.15194766377247e-11 5.80116706857279e-10
2.94000000000000e+00 7.57244524286340e-11 5.33578387891022e-10 1.35046067746932e+04 -2.23730298439661e+04 -3.15211830174045e+01 1.82557184615967e+00 -1.35046067746928e+04 2.23730298439663e+04 1.40898140578114e-10 7.05897445841457e-10 3.46535801352617e+01 8.59694631929405e+01 3.15211830176001e+01 -1.82557184591240e+00 -3.46535801349795e+01 -8.59694631925048e+01 9.58451032521033e-12 5.71215971368840e-10
2.96000000000000e+00 5.51442656060568e-11 5.23602254509282e-10 1.37736844194740e+04 -2.11439338285912e+04 -2.22798861274173e+01 -6.87431218672546e+00 -1.37736844194736e+04 2.11439338285915e+04 1.14997935729137e-10 6.89563511023600e-10 -2.07908938799036e+01 1.26288592626653e+02 2.22798861275991e+01 6.87431218698370e+00 2.07908938801549e+01 -1.26288592626194e+02 -2.37439643391274e-11 5.59020407758058e-10
2.98000000000000e+00 3.44707458094834e-11 5.13490500851428e-10 1.37461486460174e+04 -1.99142069221086e+04 -1.09699619772690e+01 -3.70506802495205e+00 -1.37461486460172e+04 1.99142069221090e+04 9.32104934278637e-11 6.71564525548666e-10 -9.16644962198785e+01 1.07507082261025e+02 1.09699619774312e+01 3.70506802522094e+00 9.16644962200936e+01 -1.07507082260553e+02 -5.72382736680777e-11 5.37168136730593e-10
3.00000000000000e+00 2.24599236010155e-11 5.06528901243724e-10 1.33583999869406e+04 -1.88810479180765e+04 -1.03060025869667e+01 7.18202689870108e+00 -1.33583999869404e+04 1.88810479180768e+04 8.26498738542058e-11 6.56786335723525e-10 -1.16097602751503e+02 5.00232150637272e+01 1.03060025871072e+01 -7.18202689843869e+00 1.16097602751685e+02 -5.00232150632587e+01 -8.01901572293554e-11 5.10188939061073e-10
3.02000000000000e+00 8.36534823209979e-12 5.14849858228279e-10 1.29236087325352e+04 -1.82333923377548e+04 -2.23235006171095e+01 1.24055840726471e+01 -1.29236087325351e+04 1.82333923377552e+04 7.50891923594005e-11 6.56903297319857e-10 -9.83214731797484e+01 1.71846965707698e+01 2.23235006172336e+01 -1.24055840723999e+01 9.83214731799032e+01 -1.71846965703056e+01 -9.92527827732036e-11 4.89009840049267e-10
3.04000000000000e+00 -2.38399518242792e-11 5.27536046453486e-10 1.26586236385177e+04 -1.76831806412897e+04 -3.52946434917797e+01 2.75402460613286e+00 -1.26586236385177e+04 1.76831806412900e+04 5.51356918948880e-11 6.68049078506344e-10 -8.84459241015800e+01 1.58293443053772e+01 3.52946434918955e+01 -2.75402460590187e+00 8.84459241017086e+01 -1.58293443049192e+01 -1.21907181350845e-10 4.66755111039630e-10
3.06000000000000e+00 -6.86587905099909e-11 5.28386963202504e-10 1.23768802058962e+04 -1.70630733194623e+04 -3.60884275108384e+01 -1.52750838679064e+01 -1.23768802058962e+04 1.70630733194625e+04 1.98261143487173e-11 6.76315906773608e-10 -1.01846172368336e+02 1.49794373350301e+01 3.60884275109499e+01 1.52750838681221e+01 1.01846172368439e+02 -1.49794373345863e+01 -1.42930207571619e-10 4.41415744144912e-10
3.08000000000000e+00 -1.15589857143444e-10 5.17895838437606e-10 1.19499631557589e+04 -1.64215750294036e+04 -2.26133925724622e+01 -2.58958904288571e+01 -1.19499631557589e+04 1.64215750294037e+04 -2.55497938132204e-11 6.76938791551284e-10 -1.22931331048585e+02 -9.52181008234846e+00 2.26133925725661e+01 2.58958904290574e+01 1.22931331048667e+02 9.52181008277368e+00 -1.66785090650122e-10 4.15982955862932e-10
3.10000000000000e+00 -1.65906437812103e-10 4.99001629358242e-10 1.12117019117213e+04 -1.58900419473309e+04 -1.35645119223909e+01 -2.32770682062892e+01 -1.12117019117214e+04 1.58900419473310e+04 -8.21212595591284e-11 6.64700929399968e-10 -1.20996681795100e+02 -5.21409991709078e+01 1.35645119224886e+01 2.32770682064602e+01 1.20996681795157e+02 5.21409991713183e+01 -1.96560863495942e-10 3.79102359461597e-10
3.12000000000000e+00 -2.19571672970983e-10 4.64844709594434e-10 1.02687859775538e+04 -1.59141488996681e+04 -9.99585244009388e+00 -2.38060247615649e+01 -1.02687859775538e+04 1.59141488996681e+04 -1.41236805745838e-10 6.29462331160455e-10 -9.47233768671486e+01 -8.22389106075097e+01 9.99585244019513e+00 2.38060247617022e+01 9.47233768671809e+01 8.22389106078850e+01 -2.16300361106371e-10 3.25157611092603e-10
3.14000000000000e+00 -2.68191128181027e-10 4.11046311789627e-10 9.79053276921782e+03 -1.65177798491533e+04 -3.99797983466056e+00 -2.14112085197638e+01 -9.79053276921784e+03 1.65177798491533e+04 -1.90303526602587e-10 5.73163007886790e-10 -6.52056225052315e+01 -9.40920377818270e+01 3.99797983478509e+00 2.14112085198627e+01 6.52056225052549e+01 9.40920377821564e+01 -2.19656666195123e-10 2.67506034443483e-10
3.16000000000000e+00 -3.00333299519545e-10 3.38984359977693e-10 9.99073048520079e+03 -1.69742279231010e+04 -5.65266723887838e+00 -1.73512841197486e+01 -9.99073048520077e+03 1.69742279231010e+04 -2.21679636817130e-10 4.99801518614890e-10 -4.06008799031646e+01 -9.41979356356727e+01 5.65266723904291e+00 1.73512841198198e+01 4.06008799032019e+01 9.41979356359557e+01 -2.10606255390753e-10 2.07699611983773e-10
3.18000000000000e+00 -3.07039003397797e-10 2.59901342793046e-10 1.02599748353379e+04 -1.69679995026047e+04 -7.99632460971938e+00 -2.20219955001691e+01 -1.02599748353379e+04 1.69679995026046e+04 -2.25703404115411e-10 4.17906270784967e-10 -2.52228582864453e+01 -9.17382075907525e+01 7.99632460993015e+00 2.20219955002285e+01 2.52228582865131e+01 9.17382075910032e+01 -1.81000564587462e-10 1.50019176558407e-10
3.20000000000000e+00 -2.92407636875661e-10 1.87576544799025e-10 1.03381133977687e+04 -1.68921509510694e+04 -3.23676359894700e+00 -2.65585265214024e+01 -1.03381133977686e+04 1.68921509510693e+04 -2.03198195945224e-10 3.44609360931333e-10 -1.09687008299332e+01 -9.38621727880442e+01 3.23676359920671e+00 2.65585265214614e+01 1.09687008300343e+01 9.38621727882775e+01 -1.36495043970400e-10 1.11150898509586e-10
3.22000000000000e+00 -2.64557625821042e-10 1.21318269422560e-10 1.03947698742626e+04 -1.68498618595576e+04 9.78355468041646e-01 -2.69474445942218e+01 -1.03947698742624e+04 1.68498618595575e+04 -1.65421611629661e-10 2.84431724414170e-10 1.07954058591040e+01 -9.62562192271660e+01 -9.78355467736228e-01 2.69474445942941e+01 -1.07954058589681e+01 9.62562192273907e+01 -9.53779742042467e-11 8.87575654160503e-11
3.24000000000000e+00 -2.16647790269698e-10 6.16733436032591e-11 1.03531783017958e+04 -1.68531713824485e+04 2.10465031906483e+00 -2.95293725491745e+01 -1.03531783017956e+04 1.68531713824483e+04 -1.13214330136524e-10 2.36861627424272e-10 3.84340273871326e+01 -8.45779866764659e+01 -2.10465031871889e+00 2.95293725492683e+01 -3.84340273869662e+01 8.45779866766921e+01 -5.64487774064377e-11 6.70890151019096e-11
3.26000000000000e+00 -1.48700291105807e-10 2.57584549662850e-11 1.03098262369997e+04 -1.71447991942995e+04 8.61428749447284e+00 -3.77237412909055e+01 -1.03098262369994e+04 1.71447991942993e+04 -4.71152214284100e-11 2.10182291361137e-10 5.34023725320152e+01 -6.01743356206528e+01 -8.61428749408867e+00 3.77237412910295e+01 -5.34023725318190e+01 6.01743356208902e+01 -4.13647286846437e-12 5.06664532339275e-11
3.28000000000000e+00 -7.97150739415226e-11 2.38297832209076e-11 1.06612470730080e+04 -1.77041946404393e+04 2.47856295468884e+01 -4.06273784037773e+01 -1.06612470730077e+04 1.77041946404391e+04 2.23492592849929e-11 2.13729582073773e-10 5.61305414872589e+01 -3.84693987531624e+01 -2.47856295464785e+01 4.06273784039356e+01 -5.61305414870420e+01 3.84693987534150e+01 5.73575147293761e-11 5.88718529892306e-11
3.30000000000000e+00 -2.94571950310813e-11 5.05904056598146e-11 1.15674411189404e+04 -1.80301296550694e+04 4.27322011087096e+01 -3.31657189566555e+01 -1.15674411189401e+04 1.80301296550693e+04 7.62630561965208e-11 2.49693448432048e-10 5.46109678111247e+01 -1.86333588576397e+01 -4.27322011082766e+01 3.31657189568498e+01 -5.46109678108936e+01 1.86333588579092e+01 1.04755381562856e-10 9.83994306938257e-11
3.32000000000000e+00 -1.34769173078877e-11 8.71918504273837e-11 1.25473939021510e+04 -1.78517166927088e+04 5.70474782551350e+01 -1.39225763006023e+01 -1.25473939021506e+04 1.78517166927086e+04 9.31156398221258e-11 3.00892069362842e-10 4.00526041934256e+01 -2.22246794385646e+00 -5.70474782546781e+01 1.39225763008392e+01 -4.00526041931760e+01 2.22246794414259e+00 1.15948488281994e-10 1.48600622924619e-10
3.34000000000000e+00 -2.59315954885415e-11 1.06639298305294e-10 1.34135326426496e+04 -1.75331408838478e+04 5.52362823933115e+01 1.37881379809475e+01 -1.34135326426491e+04 1.75331408838477e+04 7.57495297602647e-11 3.36400278523524e-10 2.64938346522073e+01 -8.34706262824074e+00 -5.52362823928379e+01 -1.37881379806612e+01 -2.64938346519423e+01 8.34706262854526e+00 9.99485404111730e-11 1.79419795954834e-10
3.36000000000000e+00 -4.63117682551269e-11 9.68641687936599e-11 1.44579299293689e+04 -1.70255988594577e+04 3.66474415248503e+01 3.04130333846328e+01 -1.44579299293683e+04 1.70255988594576e+04 4.65810015611049e-11 3.41281779323826e-10 3.61925370277929e+01 -1.53993140015180e+01 -3.66474415243705e+01 -3.04130333842884e+01 -3.61925370275133e+01 1.53993140018497e+01 8.16546941585614e-11 1.85180337253657e-10
3.38000000000000e+00 -5.12659903382676e-11 5.83976144084194e-11 1.54198016476318e+04 -1.60188367330255e+04 1.90062796392019e+01 3.33243213315495e+01 -1.54198016476312e+04 1.60188367330256e+04 3.01285575614428e-11 3.17735138134866e-10 5.29572405137766e+01 -4.32299588554287e+00 -1.90062796387276e+01 -3.33243213311407e+01 -5.29572405134848e+01 4.32299588591369e+00 7.62949869120884e-11 1.77264564734900e-10
3.40000000000000e+00 -1.93816772472049e-11 1.18245105882851e-11 1.60115128577060e+04 -1.48061017032908e+04 3.16180918070062e+00 3.12607639428841e+01 -1.60115128577054e+04 1.48061017032909e+04 4.35063047190639e-11 2.86129862409801e-10 6.28434975494725e+01 2.52720049531040e+01 -3.16180918025486e+00 -3.12607639424067e+01 -6.28434975491897e+01 -2.52720049526810e+01 8.50158960401531e-11 1.71254161113585e-10
3.42000000000000e+00 4.40870662482808e-11 -1.01962367446717e-11 1.64103484697013e+04 -1.34791199920695e+04 -1.17214743109200e+01 2.00622741854566e+01 -1.64103484697007e+04 1.34791199920697e+04 8.06181008670742e-11 2.72416730572029e-10 4.74836109696669e+01 6.81044776835509e+01 1.17214743113088e+01 -2.00622741849235e+01 -4.74836109694171e+01 -6.81044776830800e+01 9.87182714575639e-11 1.74636335792645e-10
3.44000000000000e+00 1.12100852143442e-10 6.51175324002854e-12 1.64060977895939e+04 -1.19641678336117e+04 -1.55824659255334e+01 -2.36440098381250e+00 -1.64060977895934e+04 1.19641678336120e+04 1.19191706956386e-10 2.86155101304948e-10 -4.67636577012695e+00 9.68717595458782e+01 1.55824659258512e+01 2.36440098436985e+00 4.67636577031733e+00 -9.68717595453827e+01 1.10631378383190e-10 1.85872426076255e-10
3.46000000000000e+00 1.58391328629981e-10 5.23015568321864e-11 1.59107235822713e+04 -1.06316580004974e+04 4.53420181525640e+00 -2.10637809128336e+01 -1.59107235822709e+04 1.06316580004977e+04 1.40947343962735e-10 3.16057302356539e-10 -7.09536791997720e+01 7.50847910875803e+01 -4.53420181499715e+00 2.10637809133813e+01 7.09536791999126e+01 -7.50847910870977e+01 1.16673236010582e-10 2.02928720799879e-10
3.48000000000000e+00 1.76906364015173e-10 1.02270008313056e-10 1.51708526529719e+04 -9.66901702950141e+03 3.19646354901844e+01 -8.89728581948371e+00 -1.51708526529715e+04 9.66901702950168e+03 1.47917052325274e-10 3.45336012621126e-10 -9.28623335867468e+01 1.38841118997914e+01 -3.19646354899569e+01 8.89728582001428e+00 9.28623335868590e+01 -1.38841118993328e+01 1.17332734200086e-10 2.20497103726891e-10
3.50000000000000e+00 1.80660854129236e-10 1.47572829815920e-10 1.44151171021737e+04 -9.09658213978635e+03 2.88399964755609e+01 1.80870656445827e+01 -1.44151171021733e+04 9.09658213978662e+03 1.47804271148235e-10 3.74821665530807e-10 -6.99102802776946e+01 -2.51065148431716e+01 -2.88399964753564e+01 -1.80870656440614e+01 6.99102802777934e+01 2.51065148436084e+01 1.12876414832481e-10 2.43592277100763e-10
3.52000000000000e+00 1.69716372082049e-10 1.89251546766075e-10 1.38581012763931e+04 -8.79729505750376e+03 1.05135187988720e+01 1.97756003618074e+01 -1.38581012763927e+04 8.79729505750406e+03 1.33605583640788e-10 4.02605723425273e-10 -4.97902982191508e+01 -2.95879389651456e+01 -1.05135187986880e+01 -1.97756003612938e+01 4.97902982192455e+01 2.95879389655671e+01 9.04625720379976e-11 2.66736362124630e-10
3.54000000000000e+00 1.46980472489102e-10 2.16297126126095e-10 1.35471608807051e+04 -8.51438819761071e+03 1.20451914288923e+01 1.03717310681934e+01 -1.35471608807048e+04 8.51438819761104e+03 1.12181331954556e-10 4.13756060072037e-10 -5.18732669648482e+01 -3.45827054442701e+01 -1.20451914287260e+01 -1.03717310676860e+01 5.18732669649415e+01 3.45827054446828e+01 5.58502042529234e-11 2.69373392806904e-10
3.56000000000000e+00 1.27940710332566e-10 2.29070104937254e-10 1.32932492980624e+04 -8.14437517016660e+03 2.02167283993775e+01 1.80408241091324e+01 -1.32932492980620e+04 8.14437517016693e+03 1.02255619750562e-10 4.14475979252105e-10 -4.50686053277879e+01 -5.57809409740487e+01 -2.02167283992231e+01 -1.80408241086346e+01 4.50686053278729e+01 5.57809409744581e+01 3.19311901678822e-11 2.52159416324856e-10
3.58000000000000e+00 1.15976233481019e-10 2.39892333794610e-10 1.30614043084730e+04 -7.78564961877304e+03 1.44932402123603e+01 3.16875224453356e+01 -1.30614043084727e+04 7.78564961877337e+03 1.01474969923331e-10 4.22770624660637e-10 -2.45596498052162e+01 -6.08510351981467e+01 -1.44932402122191e+01 -3.16875224448435e+01 2.45596498052967e+01 6.08510351985454e+01 2.50849405441461e-11 2.33588681059604e-10
3.60000000000000e+00 1.04607584334738e-10 2.53698004153133e-10 1.29171425707476e+04 -7.39647963582297e+03 -5.23501148415507e-01 3.71443145114491e+01 -1.29171425707472e+04 7.39647963582331e+03 9.56246774558076e-11 4.39215995792677e-10 -2.25727508400668e+01 -6.05122899918848e+01 5.23501148549086e-01 -3.71443145109589e+01 2.25727508401471e+01 6.05122899922761e+01 2.30006106570568e-11 2.23373222328336e-10
3.62000000000000e+00 8.85422606066181e-11 2.69262618372118e-10 1.28192474504111e+04 -6.87071301595735e+03 -1.48969289153807e+01 3.17585551550255e+01 -1.28192474504108e+04 6.87071301595770e+03 8.29101079440860e-11 4.56359653444688e-10 -1.40209861813008e+01 -7.67969345410631e+01 1.48969289155009e+01 -3.17585551545393e+01 1.40209861813804e+01 7.67969345414526e+01 1.80619308975885e-11 2.13508695316169e-10
3.64000000000000e+00 6.48015188212849e-11 2.80668141319024e-10 1.26191460393319e+04 -6.18881426423808e+03 -2.26372804114317e+01 2.15914686253082e+01 -1.26191460393316e+04 6.18881426423845e+03 6.29009863564739e-11 4.72266751179956e-10 5.66185588557321e+00 -8.45088038304930e+01 2.26372804115395e+01 -2.15914686248274e+01 -5.66185588549802e+00 8.45088038308827e+01 1.64977578447533e-11 1.98346472456268e-10
3.66000000000000e+00 3.94088685783929e-11 2.81444313912596e-10 1.22418077202629e+04 -5.46905442725520e+03 -2.53247187086451e+01 9.57431920151831e+00 -1.22418077202626e+04 5.46905442725559e+03 3.67337283895755e-11 4.80436229918649e-10 2.85730934818607e+01 -8.99743301444988e+01 2.53247187087436e+01 -9.57431920104129e+00 -2.85730934817932e+01 8.99743301448859e+01 2.69469084029953e-11 1.84675444537313e-10
3.68000000000000e+00 1.98573440493786e-11 2.76886162737201e-10 1.17255271738385e+04 -4.79484485227156e+03 -2.02458092095083e+01 -3.65925158502308e-01 -1.17255271738383e+04 4.79484485227196e+03 1.18471672817911e-11 4.82030615674891e-10 5.98094820656981e+01 -8.15727584922381e+01 2.02458092095974e+01 3.65925158973647e-01 -5.98094820656378e+01 8.15727584926135e+01 4.10310530713794e-11 1.86476776388847e-10
3.70000000000000e+00 1.70274362602719e-12 2.70626063188887e-10 1.11315315598509e+04 -4.16862301725834e+03 -1.46255559759004e+01 -3.90699881787190e+00 -1.11315315598507e+04 4.16862301725873e+03 -1.51184788170435e-11 4.79138373458646e-10 8.19458077848420e+01 -5.75269044980295e+01 1.46255559759856e+01 3.90699881833671e+00 -8.19458077847777e+01 5.75269044983938e+01 4.28635797266268e-11 1.95216408497533e-10
3.72000000000000e+00 -1.09888400439258e-11 2.58128629945666e-10 1.04477932750383e+04 -3.51076341057914e+03 -9.99756682213869e+00 -6.06223459542124e+00 -1.04477932750381e+04 3.51076341057952e+03 -3.78554061610978e-11 4.64526978057138e-10 9.10285694921452e+01 -2.76325864586976e+01 9.99756682222396e+00 6.06223459588926e+00 -9.10285694920728e+01 2.76325864590635e+01 3.96717448560062e-11 1.97636517752081e-10
3.74000000000000e+00 -1.22186803905084e-11 2.52015987560322e-10 9.48973334780581e+03 -2.81762562181504e+03 -6.40889200308974e+00 -6.70373922933506e+00 -9.48973334780565e+03 2.81762562181539e+03 -4.61695580808724e-11 4.52061408560878e-10 8.56961833771492e+01 1.54692589981499e+00 6.40889200316365e+00 6.70373922981505e+00 -8.56961833770791e+01 -1.54692589944219e+00 4.05571868826127e-11 2.01794182495648e-10
3.76000000000000e+00 -2.16299198632069e-11 2.59048764117783e-10 8.13726130362140e+03 -2.35823537912234e+03 -3.04455281549682e+00 -8.05925928747357e+00 -8.13726130362125e+03 2.35823537912267e+03 -5.84351244810988e-11 4.50581066610778e-10 6.98536460764354e+01 2.22419886117247e+01 3.04455281554346e+00 8.05925928795270e+00 -6.98536460763809e+01 -2.22419886113521e+01 3.26863931540122e-11 2.12914902036998e-10
3.78000000000000e+00 -4.43178289886014e-11 2.57261227821574e-10 6.55376364252331e+03 -2.44171009105705e+03 2.62545269867828e+00 -9.64561974306633e+00 -6.55376364252316e+03 2.44171009105735e+03 -7.80455514981636e-11 4.41618765064439e-10 4.85148548850220e+01 3.30301507997641e+01 -2.62545269864941e+00 9.64561974352682e+00 -4.85148548849734e+01 -3.30301507994049e+01 1.49347960144503e-11 2.13831023643935e-10
3.80000000000000e+00 -6.28643861235495e-11 2.43318176815540e-10 5.15559069504639e+03 -3.17163248028412e+03 1.08392772757709e+01 -6.56409815246801e+00 -5.15559069504623e+03 3.17163248028439e+03 -9.12391116500111e-11 4.26723730396467e-10 2.67584423434706e+01 2.91653988072399e+01 -1.08392772757410e+01 6.56409815291045e+00 -2.67584423434127e+01 -2.91653988068933e+01 2.67268664865844e-12 2.06775211592226e-10
3.82000000000000e+00 -7.30752330888216e-11 2.24304178285302e-10 4.25837460207509e+03 -4.23608990301509e+03 1.75111217492002e+01 -4.53591342335520e-02 -4.25837460207492e+03 4.23608990301535e+03 -9.99187823321156e-11 4.10793258241537e-10 1.60878863958585e+01 1.61976006273568e+01 -1.75111217491618e+01 4.53591346724692e-02 -1.60878863957890e+01 -1.61976006270077e+01 -7.42200116900325e-12 2.00076374557782e-10
3.84000000000000e+00 -6.87678974794550e-11 2.07481554667539e-10 3.75552343631569e+03 -5.33022697533167e+03 2.40818810279454e+01 1.47259167553991e+01 -3.75552343631550e+03 5.33022697533194e+03 -9.79230383564550e-11 3.95877261007250e-10 1.35259756535404e+01 5.66341856372001e-01 -2.40818810279078e+01 -1.47259167549513e+01 -1.35259756534684e+01 -5.66341856012084e-01 -1.57759416425987e-11 1.91136774018317e-10
3.86000000000000e+00 -5.91272503194247e-11 2.11121580313201e-10 3.50912928300401e+03 -6.49924894310939e+03 1.27850299086475e+01 3.72028041042257e+01 -3.50912928300382e+03 6.49924894310965e+03 -9.06065808032025e-11 3.98075670183027e-10 2.68683223426612e+01 -1.71479188348132e+01 -1.27850299086198e+01 -3.72028041037766e+01 -2.68683223425945e+01 1.71479188351784e+01 -2.13648859655747e-11 1.85765931416472e-10
3.88000000000000e+00 -6.93618103041266e-11 2.29750861267515e-10 3.71602355783872e+03 -7.77950123566413e+03 -1.22960873554622e+01 3.90552264120617e+01 -3.71602355783852e+03 7.77950123566438e+03 -1.00176583111841e-10 4.14491715280862e-10 5.48894780497753e+01 -1.41748919459930e+01 1.22960873554814e+01 -3.90552264116109e+01 -5.48894780497113e+01 1.41748919463628e+01 -3.44636031357210e-11 1.84230637727201e-10
3.90000000000000e+00 -1.03553740836693e-10 2.38523266700058e-10 4.46167645817787e+03 -8.83423090901788e+03 -2.04648691235983e+01 3.12591260425124e+01 -4.46167645817764e+03 8.83423090901812e+03 -1.31280493972348e-10 4.22477420618528e-10 6.42375448563432e+01 5.83722382467325e+00 2.04648691236055e+01 -3.12591260420601e+01 -6.42375448562873e+01 -5.83722382429553e+00 -5.67225755311360e-11 1.73621783549424e-10
3.92000000000000e+00 -1.45054611742224e-10 2.23755644657452e-10 5.53355214936342e+03 -9.56027666363747e+03 -3.51442439968676e+01 3.92406877838002e+01 -5.53355214936316e+03 9.56027666363772e+03 -1.67554731353104e-10 4.09981485606955e-10 7.34044676494131e+01 6.52892270994938e+00 3.51442439968641e+01 -3.92406877833493e+01 -7.34044676493695e+01 -6.52892270957050e+00 -7.65446528483493e-11 1.49428106003322e-10
3.94000000000000e+00 -1.77582650818201e-10 1.89743076916274e-10 7.07703815389413e+03 -9.83239964136615e+03 -7.27609272035045e+01 2.26120227406131e+01 -7.07703815389385e+03 9.83239964136643e+03 -1.94427034867028e-10 3.83382893151806e-10 1.15782728191782e+02 3.66184244225189e+01 7.27609272034866e+01 -2.26120227401633e+01 -1.15782728191750e+02 -3.66184244221420e+01 -8.78022109626582e-11 1.17308869813654e-10
3.96000000000000e+00 -1.96702490018123e-10 1.45174253635419e-10 8.75994253609273e+03 -9.04158361662498e+03 -8.41256018089947e+01 -2.78967592424539e+01 -8.75994253609245e+03 9.04158361662529e+03 -2.10821734737933e-10 3.53081317232472e-10 1.09181928355899e+02 1.26076134757387e+02 8.41256018089614e+01 2.78967592428975e+01 -1.09181928355880e+02 -1.26076134757018e+02 -9.01179758046016e-11 8.02090004421905e-11
3.98000000000000e+00 -1.97390974698228e-10 9.40542550893940e-11 9.63228981740962e+03 -7.31163670267130e+03 -5.59200102890385e+01 -7.27752888947303e+01 -9.63228981740932e+03 7.31163670267164e+03 -2.18772864188809e-10 3.21603101983319e-10 1.92545861206591e+01 1.76731814819641e+02 5.59200102889934e+01 7.27752888951664e+01 -1.92545861206469e+01 -1.76731814819282e+02 -7.75103100889625e-11 3.91834851819630e-11
4.00000000000000e+00 -1.75310978778010e-10 5.22693798681830e-11 9.31831912728312e+03 -5.53936671832184e+03 -9.71714482677711e+00 -8.68615145943834e+01 -9.31831912728283e+03 5.53936671832223e+03 -2.17753519833221e-10 2.94035783642415e-10 -6.19854436862501e+01 1.42971398156433e+02 9.71714482672101e+00 8.68615145948092e+01 6.19854436862639e+01 -1.42971398156083e+02 -4.56006294118053e-11 8.90118024490581e-12
4.02000000000000e+00 -1.48215174856016e-10 3.40982687811065e-11 8.30367842582562e+03 -4.45352965423729e+03 3.18097617045830e+01 -7.78320248875012e+01 -8.30367842582536e+03 4.45352965423772e+03 -2.15313658279194e-10 2.75122213991830e-10 -9.18141578516529e+01 9.35532776441138e+01 -3.18097617046487e+01 7.78320248879181e+01 9.18141578516693e+01 -9.35532776437666e+01 -1.02934374994498e-11 2.65243615141962e-12
4.04000000000000e+00 -1.36268965838430e-10 2.76467673830498e-11 7.25482752423564e+03 -4.05069501848167e+03 6.54425448360841e+01 -4.51475779353178e+01 -7.25482752423542e+03 4.05069501848212e+03 -2.19109708150362e-10 2.58255556843714e-10 -1.02463810952553e+02 4.97878000548909e+01 -6.54425448361620e+01 4.51475779357252e+01 1.02463810952562e+02 -4.97878000545387e+01 8.02623558388111e-12 1.04402924583149e-11
4.06000000000000e+00 -1.35732531060423e-10 1.32472816566693e-11 6.42652006922756e+03 -4.00895536924185e+03 6.40750353403427e+01 1.50356123613558e+00 -6.42652006922739e+03 4.00895536924230e+03 -2.24891964669458e-10 2.36232283589957e-10 -9.08972936679612e+01 8.97496302796947e+00 -6.40750353404365e+01 -1.50356123574244e+00 9.08972936679521e+01 -8.97496302762426e+00 1.11567316146941e-11 1.18419744065351e-11
4.08000000000000e+00 -1.33491880579129e-10 -1.34438153869711e-11 5.79845090992533e+03 -4.10296826974801e+03 3.64816028444247e+01 2.30994656139189e+01 -5.79845090992518e+03 4.10296826974845e+03 -2.29608925304776e-10 2.08641528868909e-10 -6.41742112316787e+01 -7.32775202079630e+00 -3.64816028445309e+01 -2.30994656135568e+01 6.41742112316561e+01 7.32775202111754e+00 1.27583050594154e-11 1.33261723442696e-12
4.10000000000000e+00 -1.17624497972168e-10 -4.90275343936120e-11 5.31083439291469e+03 -4.27775566878711e+03 1.64371635720599e+01 2.03992008535193e+01 -5.31083439291456e+03 4.27775566878753e+03 -2.27492932786731e-10 1.72637521990241e-10 -5.22721751693309e+01 -1.52466086126650e+00 -1.64371635721575e+01 -2.03992008531952e+01 5.22721751693159e+01 1.52466086155652e+00 2.31319673376108e-11 -1.58747713341715e-11
4.12000000000000e+00 -8.12611788941129e-11 -7.85861635020772e-11 4.98552839465508e+03 -4.48022446320145e+03 9.52948547650391e+00 1.69031334032989e+01 -4.98552839465495e+03 4.48022446320187e+03 -2.08784205568166e-10 1.34628849005497e-10 -6.10101860040658e+01 -6.21199988467969e+00 -9.52948547657133e+00 -1.69031334029986e+01 6.10101860040781e+01 6.21199988495371e+00 4.35813667441174e-11 -2.88304545186707e-11
4.14000000000000e+00 -3.36455172956908e-11 -8.66302557383394e-11 4.79224834414296e+03 -4.61929909283411e+03 2.43175167891896e-01 1.51143745751997e+01 -4.79224834414283e+03 4.61929909283453e+03 -1.73779803828027e-10 1.10324060377613e-10 -5.63516186606229e+01 -2.93471671245367e+01 -2.43175167926032e-01 -1.51143745748997e+01 5.63516186606622e+01 2.93471671248154e+01 6.69085972585799e-11 -3.24336019611079e-11
4.16000000000000e+00 6.98426558999882e-12 -6.95841026264229e-11 4.65009172197219e+03 -4.60422404753540e+03 -6.04794106933174e+00 3.95209377513516e+00 -4.65009172197207e+03 4.60422404753584e+03 -1.38229604288665e-10 1.09401949278055e-10 -3.35487696602252e+01 -3.86149688751667e+01 6.04794106931725e+00 -3.95209377481646e+00 3.35487696602776e+01 3.86149688754617e+01 8.72728356012316e-11 -2.70203950899553e-11
4.18000000000000e+00 2.42895878901175e-11 -3.95318909133091e-11 4.33129178498559e+03 -4.45620301100412e+03 1.30625365845851e+00 -5.92916950125745e+00 -4.33129178498549e+03 4.45620301100456e+03 -1.20196332229741e-10 1.23482390280243e-10 -1.82107345083787e+01 -3.09802098454005e+01 -1.30625365847250e+00 5.92916950159407e+00 1.82107345084294e+01 3.09802098457098e+01 9.78705738260546e-11 -1.59161421067702e-11
4.20000000000000e+00 1.79266776630649e-11 -1.81371155783693e-11 3.79226172422537e+03 -4.47789262496065e+03 1.01303217330029e+01 -1.74815668289473e+00 -3.79226172422528e+03 4.47789262496109e+03 -1.21690222550845e-10 1.32771944075896e-10 -1.61064748450691e+01 -2.25167856130457e+01 -1.01303217330208e+01 1.74815668323994e+00 1.61064748451154e+01 2.25167856133594e+01 9.70922234424377e-11 -1.02178723878406e-11
4.22000000000000e+00 6.36866764788071e-12 -1.67356925600572e-11 3.31081426397815e+03 -4.77418991131135e+03 6.70954543052903e+00 3.09779186825241e+00 -3.31081426397809e+03 4.77418991131180e+03 -1.27640646670167e-10 1.28208231657331e-10 -1.88213337344970e+01 -2.59222311437076e+01 -6.70954543055043e+00 -3.09779186790207e+00 1.88213337345448e+01 2.59222311440222e+01 9.64248748163007e-11 -1.62448815907444e-11
4.24000000000000e+00 3.43172627191711e-12 -2.37374607949897e-11 3.02787911456793e+03 -5.16527833232554e+03 7.15707910573412e+00 -7.71839042894796e-01 -3.02787911456788e+03 5.16527833232597e+03 -1.29318488818846e-10 1.18529705605910e-10 -5.61208641510751e+00 -3.12843829775729e+01 -7.15707910575608e+00 7.71839043252682e-01 5.61208641515861e+00 3.12843829778940e+01 1.03613796292058e-10 -2.51119235590322e-11
4.26000000000000e+00 2.86382506449973e-12 -3.11804247502842e-11 2.87788317273380e+03 -5.54506577500554e+03 1.06271659131606e+01 3.21522615515856e+00 -2.87788317273378e+03 5.54506577500597e+03 -1.32072888937248e-10 1.06344453645591e-10 4.24013184072667e+00 -1.65604602393126e+01 -1.06271659131906e+01 -3.21522615479296e+00 -4.24013184067739e+00 1.65604602396428e+01 1.13199927049015e-10 -3.13515551971356e-11
4.28000000000000e+00 4.90379754868552e-12 -4.42555034129957e-11 2.85814164697221e+03 -5.90219641003003e+03 5.94222804203866e+00 4.50411035175511e+00 -2.85814164697220e+03 5.90219641003045e+03 -1.31186313872150e-10 8.50845805045428e-11 -5.42034827652123e+00 -6.10687633384538e+00 -5.94222804207955e+00 -4.50411035138513e+00 5.42034827656567e+00 6.10687633418286e+00 1.24267060343737e-10 -3.86777541621256e-11
4.30000000000000e+00 1.68775479056911e-11 -5.62530708115456e-11 2.95306071532706e+03 -6.13374473958549e+03 7.52692882642660e+00 -2.07196239882366e+00 -2.95306071532707e+03 6.13374473958590e+03 -1.16931564742693e-10 6.54835076715708e-11 -1.43077748623118e+01 -1.20088062322677e+01 -7.52692882648090e+00 2.07196239919363e+00 1.43077748623467e+01 1.20088062326101e+01 1.41311540250755e-10 -4.27186755164055e-11
4.32000000000000e+00 2.80980793819015e-11 -5.88040237673415e-11 3.01196951649105e+03 -6.18936669155278e+03 1.97253777100806e+01 -1.27096248750879e+00 -3.01196951649107e+03 6.18936669155317e+03 -1.03420746522078e-10 5.76712401509617e-11 -1.00824747684595e+01 -1.96342110927657e+01 -1.97253777101441e+01 1.27096248786921e+00 1.00824747684884e+01 1.96342110931069e+01 1.55623999265165e-10 -3.65360531850238e-11
4.34000000000000e+00 3.22362327088479e-11 -6.22798915946488e-11 2.89993981478253e+03 -6.19976024029021e+03 2.70075945865709e+01 1.51587521713909e+01 -2.89993981478255e+03 6.19976024029059e+03 -9.78017071617982e-11 4.92097196697716e-11 -3.43180672573059e+00 -1.78792645540071e+01 -2.70075945866361e+01 -1.51587521710363e+01 3.43180672575769e+00 1.78792645543502e+01 1.57371083322561e-10 -2.96533696800272e-11
4.36000000000000e+00 3.42424918099452e-11 -7.08086142807092e-11 2.67782142120628e+03 -6.33555059267210e+03 1.60784416632621e+01 3.33571825574384e+01 -2.67782142120629e+03 6.33555059267247e+03 -9.46553600236340e-11 3.54169041364218e-11 -2.00134729260502e+00 -1.20700658199645e+01 -1.60784416633300e+01 -3.33571825570815e+01 2.00134729262849e+00 1.20700658203128e+01 1.51942461505929e-10 -3.44764498554361e-11
4.38000000000000e+00 3.64684374595877e-11 -8.67000342522488e-11 2.46097490275885e+03 -6.63170656897883e+03 -4.90218064076859e+00 3.80864910704591e+01 -2.46097490275886e+03 6.63170656897921e+03 -9.05943409908967e-11 1.31361696536364e-11 -7.27948294507080e+00 -5.73370975243680e+00 4.90218064069376e+00 -3.80864910701004e+01 7.27948294508642e+00 5.73370975279312e+00 1.51604583871553e-10 -5.25957988865832e-11
4.40000000000000e+00 4.63438858173332e-11 -1.11729555295397e-10 2.37568777073312e+03 -7.09825611468233e+03 -2.46951426700530e+01 2.78762412202486e+01 -2.37568777073316e+03 7.09825611468273e+03 -7.67358037560899e-11 -1.76462067413573e-11 -2.20766761384817e+01 -8.11667427027379e+00 2.46951426699656e+01 -2.78762412198904e+01 2.20766761384803e+01 8.11667427063655e+00 1.63538632588859e-10 -7.65758335361702e-11
4.42000000000000e+00 7.15298197401975e-11 -1.39065037023859e-10 2.53547279027054e+03 -7.57131317817924e+03 -3.13527352337056e+01 4.71350820710369e+00 -2.53547279027059e+03 7.57131317817963e+03 -4.72313261246920e-11 -4.88592288054134e-11 -2.99853766001324e+01 -2.89552668466673e+01 3.13527352336033e+01 -4.71350820675622e+00 2.99853766001082e+01 2.89552668470216e+01 1.87677465711901e-10 -9.96889962565870e-11
4.44000000000000e+00 1.12664526349779e-10 -1.58367528001363e-10 2.81917167960054e+03 -7.93801429422430e+03 -1.66131332082347e+01 -1.23422952348859e+01 -2.81917167960062e+03 7.93801429422468e+03 -2.12558368821004e-12 -7.09585310226793e-11 -1.71992177575573e+01 -5.11031476539844e+01 1.66131332081248e+01 1.23422952352151e+01 1.71992177575219e+01 5.11031476543203e+01 2.24345978750352e-10 -1.17264087501186e-10
4.46000000000000e+00 1.64864819268177e-10 -1.58924387434834e-10 3.19273239191509e+03 -8.26409535723245e+03 4.27172956428020e-01 -8.24435266876987e+00 -3.19273239191518e+03 8.26409535723281e+03 5.32707962033888e-11 -7.37289120258307e-11 7.12955781860628e+00 -6.18295949455599e+01 -4.27172956534452e-01 8.24435266907975e+00 -7.12955781864344e+00 6.18295949458773e+01 2.71539059502675e-10 -1.20397759518143e-10
4.48000000000000e+00 2.12218158716631e-10 -1.32423997356411e-10 3.76275124002810e+03 -8.55024086050523e+03 1.94630147308965e+00 4.60505324306633e+00 -3.76275124002819e+03 8.55024086050558e+03 1.03345971420619e-10 -4.97676762473359e-11 3.87014465165093e+01 -5.90431033496124e+01 -1.94630147318402e+00 -4.60505324276792e+00 -3.87014465165414e+01 5.90431033499159e+01 3.16204651580999e-10 -1.02130430587216e-10
4.50000000000000e+00 2.32194786855170e-10 -9.10612537978887e-11 4.66475455094223e+03 -8.56525480708327e+03 -9.73605055377646e+00 8.86701194790357e+00 -4.66475455094233e+03 8.56525480708359e+03 1.27321829013928e-10 -1.16884302759448e-11 6.98911900289523e+01 -3.13389820009542e+01 9.73605055369377e+00 -8.86701194760512e+00 -6.98911900289774e+01 3.13389820012478e+01 3.42749975772499e-10 -7.26678764407387e-11
4.52000000000000e+00 2.27132996521301e-10 -6.39936834052011e-11 5.60805823461987e+03 -7.87107507671200e+03 -1.83833880412096e+01 -4.53723991762487e+00 -5.60805823461997e+03 7.87107507671230e+03 1.28369538300306e-10 1.53548295643172e-11 7.11829873174569e+01 1.91435834060053e+01 1.83833880411298e+01 4.53723991792253e+00 -7.11829873174751e+01 -1.91435834057182e+01 3.54655437725819e-10 -5.03304330764605e-11
4.54000000000000e+00 2.22290803161183e-10 -5.77426483220911e-11 5.86276249370445e+03 -6.63177870768146e+03 -6.79600392640179e+00 -1.80997243185760e+01 -5.86276249370455e+03 6.63177870768175e+03 1.25044439164250e-10 2.54718696702958e-11 3.19657384852663e+01 5.04506698841853e+01 6.79600392632557e+00 1.80997243188715e+01 -3.19657384852733e+01 -5.04506698839043e+01 3.66711575083462e-10 -3.61967851345265e-11
4.56000000000000e+00 2.25455748054444e-10 -5.74990577676040e-11 5.34469626015805e+03 -5.63490288115963e+03 7.81359965035606e+00 -1.49808860150831e+01 -5.34469626015814e+03 5.63490288115992e+03 1.24395456104666e-10 2.52960694048686e-11 -6.07388266261414e+00 4.13772472992224e+01 -7.81359965042335e+00 1.49808860153745e+01 6.07388266262496e+00 -4.13772472989427e+01 3.78947383021323e-10 -2.12703518446707e-11
4.58000000000000e+00 2.31856752385883e-10 -6.17319245957506e-11 4.59223602185278e+03 -5.13407031540794e+03 1.37125340853504e+01 -5.36783609246600e+00 -4.59223602185287e+03 5.13407031540823e+03 1.29117622678915e-10 1.43119127854789e-11 -2.02727377457440e+01 2.15589628157977e+01 -1.37125340854029e+01 5.36783609276219e+00 2.02727377457727e+01 -2.15589628155081e+01 3.85476448685089e-10 -1.02623624909303e-11
4.60000000000000e+00 2.48051164955123e-10 -7.16885840629151e-11 3.83507546723710e+03 -4.98483811829368e+03 1.25602245563104e+01 2.23133180718820e+00 -3.83507546723717e+03 4.98483811829397e+03 1.49770569684120e-10 -3.94396850730630e-12 -2.45850410078426e+01 5.76062124965789e+00 -1.25602245563484e+01 -2.23133180687744e+00 2.45850410078846e+01 -5.76062124934672e+00 3.94831401132781e-10 -1.11663579991241e-11
4.62000000000000e+00 2.78781010751739e-10 -7.62167349544263e-11 3.21160835148312e+03 -5.10643917225762e+03 1.17982512852709e+01 6.51715199496164e+00 -3.21160835148319e+03 5.10643917225793e+03 1.89997335345530e-10 -1.35804031138424e-11 -2.23445044756884e+01 -9.95544838058526e+00 -1.17982512853094e+01 -6.51715199462474e+00 2.23445044757283e+01 9.95544838092739e+00 4.20397375551306e-10 -1.56862767630794e-11
4.64000000000000e+00 3.13278886825519e-10 -6.50895238946563e-11 2.76976817543551e+03 -5.29826862127739e+03 9.30995954844945e+00 1.60326971275201e+01 -2.76976817543559e+03 5.29826862127770e+03 2.36084021439983e-10 -2.11520254100637e-12 -1.10173128978919e+01 -1.94908906526346e+01 -9.30995954850343e+00 -1.60326971271650e+01 1.10173128979131e+01 1.94908906529995e+01 4.57287419735570e-10 -6.40403650147098e-12
4.66000000000000e+00 3.39400151025002e-10 -4.62621479398573e-11 2.37984144701169e+03 -5.46419341680388e+03 -6.86438991727498e+00 1.99023600035636e+01 -2.37984144701178e+03 5.46419341680421e+03 2.71853826949580e-10 2.28174912370078e-11 -1.70122174639820e+00 -1.80928419285655e+01 6.86438991720949e+00 -1.99023600032002e+01 1.70122174639740e+00 1.80928419289394e+01 4.89226949811911e-10 1.42199032824744e-11
4.68000000000000e+00 3.62238786880651e-10 -2.86871047750447e-11 1.91882956523758e+03 -5.66508204921002e+03 -1.59310246131020e+01 4.08200174031248e+00 -1.91882956523768e+03 5.66508204921037e+03 2.99889354414817e-10 4.86955911185196e-11 1.69884360781389e+00 -1.77088775963681e+01 1.59310246130274e+01 -4.08200173993624e+00 -1.69884360783088e+00 1.77088775967474e+01 5.19001430050273e-10 3.60318239746814e-11
4.70000000000000e+00 3.85823852337552e-10 -1.03518657849451e-11 1.41139704619161e+03 -6.07940148420239e+03 -4.62057150192970e+00 -4.48842359118206e+00 -1.41139704619175e+03 6.07940148420276e+03 3.26120617411055e-10 7.49751739154441e-11 8.99762223957746e+00 -1.61322094693600e+01 4.62057150183593e+00 4.48842359157838e+00 -8.99762223961227e+00 1.61322094697499e+01 5.50521557123856e-10 6.18700037856531e-11
4.72000000000000e+00 4.11621701597743e-10 8.86271918655191e-12 1.08827627730569e+03 -6.74375950829032e+03 -2.13172914236123e+00 2.17189532759504e+00 -1.08827627730589e+03 6.74375950829068e+03 3.53483232126948e-10 1.02661366528471e-10 9.96676007750440e+00 -8.78177352504555e+00 2.13172914223254e+00 -2.17189532718770e+00 -9.96676007756858e+00 8.78177352544214e+00 5.83930205436344e-10 9.26730935592884e-11
4.74000000000000e+00 4.42800377795032e-10 3.27165853404395e-11 1.07048013803923e+03 -7.43701034499248e+03 -6.39823213518054e+00 -1.35650253702242e+00 -1.07048013803947e+03 7.43701034499281e+03 3.84547822604626e-10 1.36650459624358e-10 7.74477256710804e+00 -8.72606124780421e+00 6.39823213501763e+00 1.35650253742188e+00 -7.74477256720405e+00 8.72606124819562e+00 6.20122302787349e-10 1.32717780675381e-10
4.76000000000000e+00 4.77463389512002e-10 6.65537766191748e-11 1.20568227909334e+03 -8.01253803454353e+03 -1.81618562363923e+00 -5.90989354146080e+00 -1.20568227909363e+03 8.01253803454384e+03 4.15459871960271e-10 1.82680822001889e-10 1.07357313387642e+01 -7.08790758189143e+00 1.81618562345259e+00 5.90989354184898e+00 -1.07357313388880e+01 7.08790758226937e+00 6.54630910401422e-10 1.85884523682625e-10
4.78000000000000e+00 5.12398418327943e-10 1.14425315230358e-10 1.42636116507209e+03 -8.56776081675262e+03 2.97669028111255e+00 -4.85646323599777e+00 -1.42636116507241e+03 8.56776081675288e+03 4.39739079868591e-10 2.42981424781122e-10 8.63647415120592e+00 -2.22535155135042e+00 -2.97669028132316e+00 4.85646323638167e+00 -8.63647415135710e+00 2.22535155171584e+00 6.82733805679074e-10 2.53545641600930e-10
4.80000000000000e+00 5.38853335470952e-10 1.81143491609308e-10 1.83819987014350e+03 -9.05834658735265e+03 6.03519666175464e+00 -2.87305547015403e+00 -1.83819987014384e+03 9.05834658735284e+03 4.48470854781328e-10 3.14824074611069e-10 3.46433646608294e+00 -4.57733176590667e+00 -6.03519666200499e+00 2.87305547052633e+00 -3.46433646626570e+00 4.57733176624587e+00 6.95983671859596e-10 3.36607056017928e-10
4.82000000000000e+00 5.44060565183833e-10 2.60590262828732e-10 2.35548360186432e+03 -9.34433979139968e+03 8.82028154612615e+00 7.12941541318845e-01 -2.35548360186466e+03 9.34433979139981e+03 4.38741349241066e-10 3.90979044417060e-10 7.67204690538177e+00 -1.05396456899822e+01 -8.82028154641742e+00 -7.12941540982502e-01 -7.67204690558799e+00 1.05396456902793e+01 6.85422671889827e-10 4.26425976508223e-10
4.84000000000000e+00 5.23471034083172e-10 3.41578515238250e-10 2.86748015601047e+03 -9.47256696459051e+03 8.59004572797148e+00 5.87538224526849e+00 -2.86748015601078e+03 9.47256696459059e+03 4.04275135765098e-10 4.67110183994358e-10 1.59955353484135e+01 -6.13805751151951e+00 -8.59004572827782e+00 -5.87538224498738e+00 -1.59955353486187e+01 6.13805751177197e+00 6.49295074592322e-10 5.13570863959627e-10
4.86000000000000e+00 4.75501440931784e-10 4.06815455286414e-10 3.37774093966851e+03 -9.44835722215674e+03 6.05858728568041e+00 8.13616263560354e+00 -3.37774093966879e+03 9.44835722215678e+03 3.43793938394423e-10 5.18539071159170e-10 1.55597101785521e+01 3.89341878094716e+00 -6.05858728597673e+00 -8.13616263536395e+00 -1.55597101787417e+01 -3.89341878072583e+00 5.86970240753380e-10 5.81142438837050e-10
4.88000000000000e+00 4.24574512513477e-10 4.39980844183075e-10 3.80501153931612e+03 -9.24067407513683e+03 6.46947426014633e+00 9.51683920032104e+00 -3.80501153931637e+03 9.24067407513687e+03 2.94015920801931e-10 5.35612675766431e-10 8.42091241555140e+00 9.34588634582187e+00 -6.46947426043502e+00 -9.51683920010210e+00 -8.42091241573229e+00 -9.34588634561078e+00 5.24996974092362e-10 6.15651104169634e-10
4.90000000000000e+00 3.94586698523287e-10 4.63659639641017e-10 4.04656676008114e+03 -8.92393442442656e+03 6.71595668212530e+00 1.58788632961346e+01 -4.04656676008140e+03 8.92393442442658e+03 2.70684236344422e-10 5.54442139768731e-10 -6.06957518202888e-01 9.35322869641341e+00 -6.71595668242561e+00 -1.58788632959390e+01 6.06957518008260e-01 -9.35322869621810e+00 4.83608452327346e-10 6.43791492772972e-10
4.92000000000000e+00 3.71211923311431e-10 5.01792614391291e-10 4.10736206843592e+03 -8.60438382588171e+03 -1.08212281133656e+00 2.36340669092900e+01 -4.10736206843619e+03 8.60438382588169e+03 2.48601378352534e-10 5.94829601973228e-10 -6.86225934236285e+00 1.06310271171736e+00 1.08212281102548e+00 -2.36340669091449e+01 6.86225934215434e+00 -1.06310271156673e+00 4.42642903728233e-10 6.85200388845487e-10
4.94000000000000e+00 3.34108296590691e-10 5.51168309592752e-10 3.97523717412919e+03 -8.30987813725171e+03 -1.46307272911635e+01 2.32885638952815e+01 -3.97523717412942e+03 8.30987813725162e+03 2.04385485835449e-10 6.47539170793859e-10 -1.46056134738584e+00 -6.34264913578598e+00 1.46307272908743e+01 -2.32885638951975e+01 1.46056134719387e+00 6.34264913587869e+00 3.84212500334169e-10 7.30819037801615e-10
4.96000000000000e+00 2.74411214429116e-10 5.97712887788630e-10 3.60574216656992e+03 -8.21023059038787e+03 -2.35076308490199e+01 1.27047385918685e+01 -3.60574216657008e+03 8.21023059038774e+03 1.29462082257079e-10 6.88166987014917e-10 3.16141138420512e+00 -2.88984398534494e+00 2.35076308487829e+01 -1.27047385918237e+01 -3.16141138435016e+00 2.88984398539278e+00 3.03656714338653e-10 7.61484765905034e-10
4.98000000000000e+00 1.95982400597472e-10 6.23159217717104e-10 3.23044356237766e+03 -8.48912415347291e+03 -2.20078924317889e+01 3.53663727645130e+00 -3.23044356237776e+03 8.48912415347279e+03 4.27582628273125e-11 6.93011561300263e-10 8.11209034426251e-01 2.03483845432704e-02 2.20078924316056e+01 -3.53663727641639e+00 -8.11209034516368e-01 -2.03483845106194e-02 2.18999942766194e-10 7.61516447776109e-10
5.00000000000000e+00 1.18328195055213e-10 6.19049445725522e-10 3.12545234577491e+03 -9.00106188287317e+03 -2.13021014463921e+01 4.04376942750570e-01 -3.12545234577497e+03 9.00106188287306e+03 -2.62478804659042e-11 6.68322205329760e-10 -3.08207440485898e+00 1.08127623965960e+00 2.13021014462510e+01 -4.04376942703529e-01 3.08207440481607e+00 -1.08127623961783e+00 1.48587802930164e-10 7.38988924248930e-10
5.02000000000000e+00 5.73242875000985e-11 5.97172332386439e-10 3.30030694616307e+03 -9.49598226215868e+03 -2.33986748594475e+01 -4.59209450333895e+00 -3.30030694616311e+03 9.49598226215859e+03 -7.07663840301952e-11 6.38368085684781e-10 -1.20254471460484e+01 -1.77880390204489e+00 2.33986748593296e+01 4.59209450340824e+00 1.20254471460320e+01 1.77880390210980e+00 9.84979105511191e-11 7.05219691478132e-10
5.04000000000000e+00 1.09320187960576e-11 5.69441466808310e-10 3.61703620213023e+03 -9.86141143026836e+03 -2.36942670942621e+01 -1.36149170148498e+01 -3.61703620213027e+03 9.86141143026829e+03 -1.04612397488441e-10 6.13000944134248e-10 -1.68455979901267e+01 -1.77197879451761e+01 2.36942670941484e+01 1.36149170149359e+01 1.68455979901149e+01 1.77197879452598e+01 6.88232300070826e-11 6.72694994524338e-10
5.06000000000000e+00 -1.91599389752924e-11 5.36679271991055e-10 3.93201359507710e+03 -1.01230983274519e+04 -1.81625106945111e+01 -2.47923170420063e+01 -3.93201359507715e+03 1.01230983274518e+04 -1.28095978604440e-10 5.85521698539034e-10 -5.34140340906940e+00 -3.39533648903992e+01 1.81625106943891e+01 2.47923170421011e+01 5.34140340905052e+00 3.39533648904859e+01 5.44634882766351e-11 6.48137490829130e-10
5.08000000000000e+00 -2.63282970117716e-11 5.13323125058529e-10 4.19623407045711e+03 -1.04634154184791e+04 -2.67794545275167e+00 -3.38326927230912e+01 -4.19623407045716e+03 1.04634154184790e+04 -1.33138787936822e-10 5.68866839903431e-10 1.55964726421741e+01 -4.02885820098424e+01 2.67794545261638e+00 3.38326927231760e+01 -1.55964726422007e+01 4.02885820099169e+01 5.34315222474584e-11 6.40305773976784e-10
5.10000000000000e+00 -2.61221465286548e-11 5.18791696192496e-10 4.69328132607467e+03 -1.10473345346291e+04 2.03452792179783e+01 -2.32241699731887e+01 -4.69328132607470e+03 1.10473345346290e+04 -1.36414070746313e-10 5.78910507359163e-10 3.91471634787246e+01 -2.93882499599890e+01 -2.03452792181234e+01 2.32241699732489e+01 -3.91471634787512e+01 2.93882499600365e+01 5.06754889164043e-11 6.61780398027786e-10
5.12000000000000e+00 -4.53122788050046e-11 5.52179841905381e-10 5.81698516649335e+03 -1.14810520687928e+04 1.45373131700383e+01 1.31125967736614e+00 -5.81698516649336e+03 1.14810520687926e+04 -1.59432194008550e-10 6.11952253892115e-10 4.62019704051057e+01 -6.12611110711345e+00 -1.45373131701825e+01 -1.31125967734862e+00 -4.62019704051193e+01 6.12611110712152e+00 2.02485056928109e-11 7.08313421224103e-10
5.14000000000000e+00 -1.06897704261491e-10 5.92540836796755e-10 7.20910141607254e+03 -1.10956612202395e+04 -5.97864785313992e-01 -6.05498954945973e+00 -7.20910141607249e+03 1.10956612202393e+04 -2.22742974834660e-10 6.51288171646706e-10 4.13965550717006e+01 8.47748889888003e+00 5.97864785199985e-01 6.05498954941955e+00 -4.13965550716768e+01 -8.47748889892354e+00 -5.81252086616532e-11 7.54044341887919e-10
5.16000000000000e+00 -2.08505556152813e-10 5.99929416560169e-10 8.02789613534285e+03 -1.00137199036141e+04 1.17075251245081e+01 -1.25944436955904e+01 -8.02789613534272e+03 1.00137199036138e+04 -3.25886491371471e-10 6.57691295198235e-10 3.83716245777252e+01 2.22365218393853e+01 -1.17075251245495e+01 1.25944436955060e+01 -3.83716245776222e+01 -2.22365218394639e+01 -1.75310523118746e-10 7.57344763132583e-10
5.18000000000000e+00 -3.13490821189403e-10 5.56158143647254e-10 8.12950002291834e+03 -9.02106214137484e+03 1.65853819443184e+01 1.02324618414820e+00 -8.12950002291811e+03 9.02106214137464e+03 -4.31678110592282e-10 6.13974939638072e-10 2.43764052910714e+01 3.69673372032841e+01 -1.65853819442671e+01 -1.02324618422971e+00 -2.43764052908708e+01 -3.69673372033523e+01 -2.89795183863928e-10 7.04548560765385e-10
5.20000000000000e+00 -3.97002486908465e-10 4.75682060537430e-10 8.02019172805136e+03 -8.35151745818733e+03 7.27099605572492e+00 8.07635357145103e+00 -8.02019172805107e+03 8.35151745818720e+03 -5.18193284799895e-10 5.35373482339418e-10 4.13866791987079e+00 3.86176262029203e+01 -7.27099605559989e+00 -8.07635357148734e+00 -4.13866791959242e+00 -3.86176262029323e+01 -3.74332998703126e-10 6.13884704317138e-10
5.22000000000000e+00 -4.50784962667020e-10 3.70291167818382e-10 7.83984165860181e+03 -7.83387066421363e+03 -1.29933088510130e+00 3.67348089335252e+00 -7.83984165860149e+03 7.83387066421359e+03 -5.79488677888838e-10 4.30519987609867e-10 -8.71337359647832e+00 2.87272475803932e+01 1.29933088526558e+00 -3.67348089332906e+00 8.71337359679628e+00 -2.87272475803376e+01 -4.23151415546553e-10 5.08997316770453e-10
5.24000000000000e+00 -4.64969814152248e-10 2.50541687916371e-10 7.59905832812951e+03 -7.44149356648362e+03 1.15181472735253e+00 -5.83844227346702e+00 -7.59905832812920e+03 7.44149356648363e+03 -6.02652537856069e-10 3.04509011567304e-10 -1.18301042575385e+01 2.01722975968944e+01 -1.15181472717139e+00 5.83844227353801e+00 1.18301042578746e+01 -2.01722975967842e+01 -4.44051882165241e-10 3.97034009226050e-10
5.26000000000000e+00 -4.29982860149828e-10 1.37572627646301e-10 7.28029981826587e+03 -7.17936679526654e+03 1.36151879297728e+01 -5.70613340674605e+00 -7.28029981826557e+03 7.17936679526658e+03 -5.70758141243638e-10 1.81494011293943e-10 -1.33248408726758e+01 1.46561398923793e+01 -1.36151879295722e+01 5.70613340685871e+00 1.33248408730330e+01 -1.46561398922194e+01 -4.24022023223849e-10 2.81583311723417e-10
5.28000000000000e+00 -3.58841033463398e-10 6.38998986902790e-11 6.96264672044758e+03 -7.14546186528800e+03 2.09094211821672e+01 1.05606406853257e+01 -6.96264672044727e+03 7.14546186528809e+03 -4.98988105323607e-10 1.00012941723054e-10 -1.37720796871493e+01 1.12193949107117e+01 -2.09094211819508e+01 -1.05606406851575e+01 1.37720796875211e+01 -1.12193949104887e+01 -3.62094225569234e-10 1.95306792111939e-10
5.30000000000000e+00 -2.88466706550190e-10 3.50471341615183e-11 6.81995578546683e+03 -7.26813366521753e+03 5.79700027515071e+00 2.89160134168176e+01 -6.81995578546652e+03 7.26813366521765e+03 -4.26940022525515e-10 6.54382368697079e-11 -1.63524289286325e+01 7.89096454916998e+00 -5.79700027494152e+00 -2.89160134165922e+01 1.63524289289963e+01 -7.89096454887945e+00 -2.89813676951587e-10 1.54045914107609e-10
5.32000000000000e+00 -2.37150862195943e-10 2.93244723421496e-11 6.87312409565409e+03 -7.36002550965193e+03 -2.05639140621764e+01 2.29933515029601e+01 -6.87312409565380e+03 7.36002550965210e+03 -3.75308460008954e-10 5.67050479526450e-11 -1.67936774485510e+01 1.64031568753024e+00 2.05639140623611e+01 -2.29933515026896e+01 1.67936774488908e+01 -1.64031568718690e+00 -2.33718106570835e-10 1.45835697616239e-10
5.34000000000000e+00 -2.01371676678362e-10 2.97886216047256e-11 6.97785522582814e+03 -7.31302967486181e+03 -2.62238700949348e+01 -2.17243064876525e+00 -6.97785522582788e+03 7.31302967486201e+03 -3.43255614539170e-10 5.18231719093099e-11 -1.35889222843814e+01 -1.81276682441145e+00 2.62238700950938e+01 2.17243064906830e+00 1.35889222846952e+01 1.81276682480011e+00 -2.01306759367491e-10 1.46088510150875e-10
5.36000000000000e+00 -1.73511247429705e-10 3.16923985986065e-11 6.99016125684394e+03 -7.20291664877185e+03 -1.11889209649224e+01 -1.37439529343187e+01 -6.99016125684372e+03 7.20291664877206e+03 -3.16547892161794e-10 4.27798898058287e-11 -1.27120513801905e+01 -2.87246187952472e+00 1.11889209650514e+01 1.37439529346497e+01 1.27120513804649e+01 2.87246187995472e+00 -1.77160511224282e-10 1.40340197114595e-10
5.38000000000000e+00 -1.48380522775774e-10 3.67413307033132e-11 6.91419634329252e+03 -7.17987880160697e+03 -1.79527205815460e+00 -1.01557723336490e+01 -6.91419634329231e+03 7.17987880160718e+03 -2.87084899882540e-10 3.70275762474626e-11 -1.11861037404975e+01 -5.28151834856753e+00 1.79527205824392e+00 1.01557723339982e+01 1.11861037407226e+01 5.28151834902154e+00 -1.48663518221582e-10 1.37129328860721e-10
5.40000000000000e+00 -1.28350685563883e-10 5.24766899366310e-11 6.88818102858257e+03 -7.30685171111522e+03 1.31091835497602e-01 -6.66896405487655e+00 -6.88818102858238e+03 7.30685171111542e+03 -2.59722187197484e-10 4.37967817030806e-11 -9.85207791421995e+00 -4.62209826516982e+00 -1.31091835449832e-01 6.66896405521927e+00 9.85207791439768e+00 4.62209826562244e+00 -1.21699009929190e-10 1.50087096791868e-10
5.42000000000000e+00 -1.28797884223035e-10 7.48257099619998e-11 7.02964149797897e+03 -7.50875751469612e+03 3.65676796723224e-01 -5.10853696931605e+00 -7.02964149797877e+03 7.50875751469631e+03 -2.49616866168157e-10 6.05322395454412e-11 -1.18997139013108e+01 -5.25290062565750e+00 -3.65676796693249e-01 5.10853696963049e+00 1.18997139014646e+01 5.25290062609043e+00 -1.17165075210842e-10 1.76384448912654e-10
5.44000000000000e+00 -1.47955842172159e-10 8.20201739870792e-11 7.38153984774094e+03 -7.65889546687517e+03 -2.66985729240546e-01 -5.26778007148659e+00 -7.38153984774072e+03 7.65889546687537e+03 -2.58710516377269e-10 6.68075549274314e-11 -1.37764667359310e+01 -8.77126194270374e+00 2.66985729284728e-01 5.26778007178278e+00 1.37764667360854e+01 8.77126194312963e+00 -1.39123342940675e-10 1.89742192444233e-10
5.46000000000000e+00 -1.67090437365655e-10 7.13493190751966e-11 7.90133597496018e+03 -7.60661018757049e+03 1.50180112924005e+00 -7.16659029072420e+00 -7.90133597495994e+03 7.60661018757071e+03 -2.68335646536622e-10 5.74190276108793e-11 -1.26976038907491e+01 -1.42324216062436e+01 -1.50180112917179e+00 7.16659029103065e+00 1.26976038909063e+01 1.42324216066830e+01 -1.66049362512297e-10 1.79310702350188e-10
5.48000000000000e+00 -1.83596626766615e-10 4.95924457935197e-11 8.42998936678081e+03 -7.23354485549063e+03 5.01648605385656e+00 -6.33021488719081e+00 -8.42998936678059e+03 7.23354485549089e+03 -2.76872227729087e-10 4.22773232853744e-11 -9.31088441776745e+00 -1.73570206630108e+01 -5.01648605378069e+00 6.33021488753266e+00 9.31088441791419e+00 1.73570206634737e+01 -1.87950797573957e-10 1.52396611229365e-10
5.50000000000000e+00 -1.91712426723488e-10 1.21643371748034e-11 8.71511980014403e+03 -6.58192783269490e+03 6.80675468123715e+00 -3.00169432830448e+00 -8.71511980014381e+03 6.58192783269519e+03 -2.84489608257517e-10 1.32585911670550e-11 -7.41390811946051e+00 -2.02717414046628e+01 -6.80675468118068e+00 3.00169432868108e+00 7.41390811958243e+00 2.02717414051459e+01 -1.97988681007774e-10 1.09609255831684e-10
5.52000000000000e+00 -1.77945650770263e-10 -3.14461571750159e-11 8.63939502331747e+03 -5.89041890913602e+03 5.37982733842910e+00 -2.33778447499850e-01 -8.63939502331726e+03 5.89041890913633e+03 -2.74393645758765e-10 -2.65940738936193e-11 -1.96597997892940e+00 -2.52802688627532e+01 -5.37982733840547e+00 2.33778447893462e-01 1.96597997902010e+00 2.52802688632440e+01 -1.85836104511875e-10 6.08402055605834e-11
5.54000000000000e+00 -1.45395151274995e-10 -6.49525691801558e-11 8.27358060321564e+03 -5.36551482799512e+03 3.52848640190212e+00 -1.62371819352698e-01 -8.27358060321547e+03 5.36551482799545e+03 -2.44889779541187e-10 -5.95391894058952e-11 6.62561413714384e+00 -2.43429120806971e+01 -3.52848640190833e+00 1.62371819747661e-01 -6.62561413708311e+00 2.43429120811855e+01 -1.52275855377299e-10 2.10902825984734e-11
5.56000000000000e+00 -1.03385106881953e-10 -8.26196487058808e-11 7.78503123900054e+03 -5.10441162062447e+03 3.29907433877284e+00 -1.64964142935686e+00 -7.78503123900040e+03 5.10441162062483e+03 -2.05734671291555e-10 -7.67149648754231e-11 1.10352790005464e+01 -2.12343467876978e+01 -3.29907433880098e+00 1.64964142974268e+00 -1.10352790005060e+01 2.12343467881729e+01 -1.06997698560591e-10 1.28265479911453e-12
5.58000000000000e+00 -5.98040378633244e-11 -8.13562556510083e-11 7.28465195442179e+03 -5.07319798268748e+03 5.96775516985146e+00 -2.26921767173528e+00 -7.28465195442168e+03 5.07319798268784e+03 -1.68511512467533e-10 -7.69503018667703e-11 1.65221941895386e+01 -1.70269502611621e+01 -5.96775516988950e+00 2.26921767211148e+00 -1.65221941895070e+01 1.70269502616248e+01 -6.51123529429405e-11 3.40619035772659e-12
5.60000000000000e+00 -2.68712680591584e-11 -6.17969344573148e-11 6.86258858096562e+03 -5.28464282151357e+03 7.69876024330110e+00 9.10905706637385e-01 -6.86258858096555e+03 5.28464282151392e+03 -1.40570705360249e-10 -6.65072826490246e-11 1.57106043806368e+01 -8.76705629471512e+00 -7.69876024333882e+00 -9.10905706261809e-01 -1.57106043806037e+01 8.76705629517486e+00 -3.88238436517889e-11 1.84530442387175e-11
5.62000000000000e+00 -1.50538462253714e-11 -3.63271415481844e-11 6.64206254503030e+03 -5.61365116302014e+03 7.39590733127931e+00 1.92358157307792e+00 -6.64206254503024e+03 5.61365116302049e+03 -1.25569438105539e-10 -5.23842481612634e-11 1.06631530010885e+01 -1.05381289512768e+01 -7.39590733132350e+00 -1.92358157269168e+00 -1.06631530010578e+01 1.05381289517501e+01 -2.99617473603424e-11 3.09919359845184e-11
5.64000000000000e+00 -1.93202479275105e-11 -2.16130160664478e-11 6.51299905905292e+03 -5.93561749099367e+03 1.15814402212334e+01 5.89635866944364e+00 -6.51299905905289e+03 5.93561749099400e+03 -1.20165278205193e-10 -4.46327183931056e-11 1.91355939151396e+01 -1.33331412259893e+01 -1.15814402212967e+01 -5.89635866904593e+00 -1.91355939151295e+01 1.33331412264776e+01 -2.62649425301165e-11 3.14157544947141e-11
5.66000000000000e+00 -2.58668609330058e-11 -2.14043615270349e-11 6.42154979951811e+03 -6.40277890603952e+03 7.01982787128825e+00 1.93034028331029e+01 -6.42154979951809e+03 6.40277890603983e+03 -1.15523282886468e-10 -4.31039608665588e-11 2.58180146845659e+01 8.94530054570560e-01 -7.01982787137768e+00 -1.93034028327089e+01 -2.58180146845864e+01 -8.94530054084972e-01 -1.77369607619276e-11 2.69999900519491e-11
5.68000000000000e+00 -2.66791624133271e-11 -3.02900613773358e-11 6.61236959576909e+03 -7.02425490789799e+03 -1.33001372222682e+01 1.91976736961494e+01 -6.61236959576907e+03 7.02425490789828e+03 -1.11477894707362e-10 -4.45533940422497e-11 1.30029574844561e+01 1.61684891240746e+01 1.33001372221663e+01 -1.91976736957748e+01 -1.30029574844941e+01 -1.61684891236070e+01 -8.76997813788696e-12 2.25660130915350e-11
5.70000000000000e+00 -1.97162435646515e-11 -4.25678955043439e-11 7.13405451022600e+03 -7.54677422132347e+03 -1.97842644450924e+01 1.70603815348369e+00 -7.13405451022598e+03 7.54677422132376e+03 -1.06743240887810e-10 -5.11575136945040e-11 -9.52271272423264e+00 1.31092615549830e+01 1.97842644449973e+01 -1.70603815311474e+00 9.52271272419488e+00 -1.31092615545266e+01 1.52369146876790e-12 1.28865692484136e-11
5.72000000000000e+00 -5.33928983276122e-12 -5.34801749950239e-11 7.87681679176620e+03 -7.85380641033939e+03 -1.35228308677397e+01 -8.15358493448110e+00 -7.87681679176619e+03 7.85380641033967e+03 -9.72169726849950e-11 -6.12166609857865e-11 -2.17764695227988e+01 -8.30608515811858e+00 1.35228308676418e+01 8.15358493486298e+00 2.17764695227580e+01 8.30608515858305e+00 2.14665778482949e-11 1.27087636545853e-12
5.74000000000000e+00 1.41074431444155e-11 -6.03223136807706e-11 8.73722235158650e+03 -7.86559663786863e+03 -7.31892736056854e+00 -1.27957259345536e+01 -8.73722235158650e+03 7.86559663786892e+03 -8.13109434063676e-11 -7.12528535739474e-11 -1.40257241885055e+01 -3.46747043356721e+01 7.31892736044887e+00 1.27957259349467e+01 1.40257241884437e+01 3.46747043361422e+01 4.98682121872408e-11 -2.05676122991768e-12
5.76000000000000e+00 3.61224648190200e-11 -6.08019409568926e-11 9.58082555193822e+03 -7.58285505620888e+03 8.21895833273267e-02 -1.32924143080104e+01 -9.58082555193822e+03 7.58285505620917e+03 -6.06766084882454e-11 -7.62414123866863e-11 1.41944046236254e+01 -4.82708218669386e+01 -8.21895834709657e-02 1.32924143083984e+01 -1.41944046237099e+01 4.82708218673987e+01 7.78159820780391e-11 7.02801248595331e-12
5.78000000000000e+00 5.67707850346703e-11 -5.66385361499715e-11 1.03508964967999e+04 -6.99085018498284e+03 2.79849793631030e+00 -1.22553352233282e+01 -1.03508964967999e+04 6.99085018498311e+03 -4.00072447131670e-11 -7.75626674412126e-11 4.30146884444407e+01 -3.74334713418270e+01 -2.79849793647205e+00 1.22553352237071e+01 -4.30146884445377e+01 3.74334713422725e+01 9.71662000965567e-11 2.27985166764703e-11
5.80000000000000e+00 7.79256809176707e-11 -4.86847529069894e-11 1.07828274521107e+04 -6.02338091919759e+03 9.06369030541171e+00 -1.35584593714991e+01 -1.07828274521107e+04 6.02338091919787e+03 -1.58781736503605e-11 -7.61140605401189e-11 5.84214589047760e+01 -1.16742652993782e+01 -9.06369030559364e+00 1.35584593718667e+01 -5.84214589048851e+01 1.16742652998095e+01 1.10583764614970e-10 3.84452946756359e-11
5.82000000000000e+00 9.77381123749634e-11 -3.33133652498946e-11 1.05585322685995e+04 -5.11968883605920e+03 1.57692627344196e+01 -7.87187017464355e+00 -1.05585322685995e+04 5.11968883605946e+03 1.04428322326773e-11 -6.46762702899896e-11 5.15980924462541e+01 1.83830637986737e+01 -1.57692627346181e+01 7.87187017498614e+00 -5.15980924463674e+01 -1.83830637982648e+01 1.20207331653119e-10 5.57933100672822e-11
5.84000000000000e+00 1.08235464948553e-10 -9.49886825925959e-12 1.00888766239611e+04 -4.77467601871153e+03 1.79158097897078e+01 -2.83831276098187e-01 -1.00888766239611e+04 4.77467601871178e+03 2.73348395645897e-11 -4.13306964937211e-11 2.76753947350467e+01 2.78437209815337e+01 -1.79158097899008e+01 2.83831276411824e-01 -2.76753947351455e+01 -2.78437209811404e+01 1.21026773433557e-10 7.39485612360306e-11
5.86000000000000e+00 1.00653547977099e-10 9.93979079256760e-12 9.84813965577273e+03 -4.78058292030074e+03 1.40777027538824e+01 8.10251909737278e+00 -9.84813965577273e+03 4.78058292030100e+03 2.53148163257236e-11 -1.99878180390514e-11 1.82972997619093e+01 1.97295163117780e+01 -1.40777027540586e+01 -8.10251909706555e+00 -1.82972997619932e+01 -1.97295163113779e+01 1.12347379600984e-10 8.31960846263633e-11
5.88000000000000e+00 8.82013798210381e-11 7.41073958147495e-12 9.82454071176048e+03 -4.84084146940406e+03 6.79405155109596e+00 8.27158418203911e+00 -9.82454071176050e+03 4.84084146940433e+03 1.61995915368887e-11 -1.81546613393138e-11 1.89636046024940e+01 2.02218711695159e+01 -6.79405155126661e+00 -8.27158418172534e+00 -1.89636046025812e+01 -2.02218711690996e+01 1.05123324409246e-10 7.66339641369040e-11
5.90000000000000e+00 9.44900982184950e-11 -9.69802897979271e-12 9.94277951172897e+03 -4.91547936687209e+03 6.33836533919189e+00 5.08487235214922e+00 -9.94277951172902e+03 4.91547936687236e+03 2.10057294697530e-11 -3.03927213445448e-11 1.49012658531113e+01 2.51772227270246e+01 -6.33836533937183e+00 -5.08487235182872e+00 -1.49012658532169e+01 -2.51772227265982e+01 1.13550044144192e-10 6.07716072774093e-11
5.92000000000000e+00 1.22145955734423e-10 -1.84847532519347e-11 1.02283464536169e+04 -4.92630730331872e+03 9.20947066399517e+00 7.22742718363047e+00 -1.02283464536169e+04 4.92630730331896e+03 4.37980664656522e-11 -3.94416719909830e-11 6.50259579626142e+00 2.89446788677358e+01 -9.20947066419258e+00 -7.22742718331518e+00 -6.50259579639249e+00 -2.89446788673160e+01 1.39323633696260e-10 5.32169285848771e-11
5.94000000000000e+00 1.55003150681838e-10 -5.38265456570814e-12 1.05637921595159e+04 -4.76924900114934e+03 5.85117797825497e+00 1.42840870104957e+01 -1.05637921595159e+04 4.76924900114956e+03 7.54276247080495e-11 -3.13635388268932e-11 -6.01780361833621e+00 2.65865994932444e+01 -5.85117797846350e+00 -1.42840870102011e+01 6.01780361818948e+00 -2.65865994928484e+01 1.67279039314774e-10 6.38948901762837e-11
5.96000000000000e+00 1.73349180614565e-10 2.14342746447401e-11 1.08103715993137e+04 -4.52499398652532e+03 -4.55972412731140e+00 1.33295244118220e+01 -1.08103715993138e+04 4.52499398652552e+03 9.67321986911909e-11 -7.99721524253450e-12 -1.27179964626898e+01 1.62907030564555e+01 4.55972412710987e+00 -1.33295244115456e+01 1.27179964625484e+01 -1.62907030560800e+01 1.82930257521103e-10 8.32186415727338e-11
5.98000000000000e+00 1.78500066506398e-10 4.46637040160427e-11 1.10011318257596e+04 -4.33592080362238e+03 -8.24817984807320e+00 5.22141100092303e+00 -1.10011318257597e+04 4.33592080362257e+03 1.05123178212058e-10 1.37799106910995e-11 -1.42729032692808e+01 8.57608916514866e+00 8.24817984788198e+00 -5.22141100065546e+00 1.42729032691496e+01 -8.57608916478341e+00 1.90407250759161e-10 9.80462601381711e-11
6.00000000000000e+00 1.79721552777995e-10 6.02683259505182e-11 1.12868938332279e+04 -4.20825335772317e+03 -8.01877655553013e+00 -2.28154368471098e+00 -1.12868938332279e+04 4.20825335772336e+03 1.10541571199030e-10 2.89926714628466e-11 -1.46489506967739e+01 -2.48454493080784e+00 8.01877655535069e+00 2.28154368497463e+00 1.46489506966502e+01 2.48454493117126e+00 1.97024109270627e-10 1.08329989708199e-10
6.02000000000000e+00 1.82540680174749e-10 6.95530979354632e-11 1.17171899156517e+04 -3.95996377018064e+03 -1.03442769393313e+00 -1.20516500394083e+01 -1.17171899156517e+04 3.95996377018084e+03 1.17918174025289e-10 4.15878149360457e-11 -5.10476907669964e+00 -1.06215816544709e+01 1.03442769376573e+00 1.20516500396756e+01 5.10476907658170e+00 1.06215816548366e+01 2.04005390979622e-10 1.14799656372485e-10
6.04000000000000e+00 1.91163049995233e-10 7.34858605604387e-11 1.20660101882981e+04 -3.50424390622929e+03 1.68223261642221e+01 -1.29005888090280e+01 -1.20660101882981e+04 3.50424390622950e+03 1.26208801474783e-10 5.25311078906714e-11 2.06713804447937e+00 -1.05151702552050e+01 -1.68223261643816e+01 1.29005888093095e+01 -2.06713804459651e+00 1.05151702555768e+01 2.15808923933327e-10 1.15235752218172e-10
6.06000000000000e+00 2.12442973487748e-10 7.85149496618224e-11 1.22397448095264e+04 -3.11122742923607e+03 3.24923097105540e+01 7.92071692500366e+00 -1.22397448095264e+04 3.11122742923628e+03 1.40616705336012e-10 6.13456705999262e-11 9.71106202367648e+00 -1.16617852485110e+01 -3.24923097107193e+01 -7.92071692470608e+00 -9.71106202379685e+00 1.16617852488857e+01 2.39982207391697e-10 1.16317897222424e-10
6.08000000000000e+00 2.42652027766331e-10 9.73476329144291e-11 1.25612982533940e+04 -2.85649014631744e+03 1.42605090128778e+01 3.94833684643471e+01 -1.25612982533940e+04 2.85649014631765e+03 1.63336752852752e-10 7.77547398308490e-11 1.62480066024260e+01 -2.93580477030568e+00 -1.42605090130550e+01 -3.94833684640391e+01 -1.62480066025477e+01 2.93580477068467e+00 2.72457930177054e-10 1.27952821017189e-10
6.10000000000000e+00 2.67429734973663e-10 1.33429495755155e-10 1.30960519532669e+04 -2.36616233673814e+03 -2.61835108212780e+01 2.68098903626266e+01 -1.30960519532669e+04 2.36616233673836e+03 1.83341750210327e-10 1.07745733588481e-10 9.35099172985768e+00 -2.27700302835190e+00 2.61835108210857e+01 -2.68098903623105e+01 -9.35099172998264e+00 2.27700302873870e+00 3.05176706281911e-10 1.52244805854745e-10
6.12000000000000e+00 2.75396449586342e-10 1.72692006783435e-10 1.34844367378398e+04 -1.53338284984723e+03 -1.91702469083128e+01 -1.41420152031554e+01 -1.34844367378398e+04 1.53338284984746e+03 1.89734609391410e-10 1.40108156758208e-10 2.16561190322800e+01 -1.22881931977265e+01 1.91702469081017e+01 1.41420152034755e+01 -2.16561190324144e+01 1.22881931981231e+01 3.30094557409086e-10 1.83485612929021e-10
6.14000000000000e+00 2.80720614645244e-10 1.98358500231299e-10 1.35034617967209e+04 -6.15482880870680e+02 1.89813876295146e+01 -1.18675366133501e+01 -1.35034617967209e+04 6.15482880870927e+02 1.94746762849672e-10 1.58921418834822e-10 4.11865467831877e+01 6.94146484162402e+00 -1.89813876297457e+01 1.18675366136720e+01 -4.11865467833384e+01 -6.94146484121795e+00 3.53352569362057e-10 2.09639207365066e-10
6.16000000000000e+00 3.02561547947880e-10 2.22146057425086e-10 1.32930800576077e+04 3.93431633083678e+01 2.28235714188434e+01 2.19931291204795e+01 -1.32930800576077e+04 -3.93431633081102e+01 2.18607682734335e-10 1.74389082819845e-10 2.87217599271825e+01 3.29741752708269e+01 -2.28235714191031e+01 -2.19931291201577e+01 -2.87217599273586e+01 -3.29741752704102e+01 3.90098751257233e-10 2.36639271756669e-10
6.18000000000000e+00 3.38236066220468e-10 2.61915764413347e-10 1.32341432719669e+04 4.91920123028068e+02 -1.95432497239068e+00 3.52976048706139e+01 -1.32341432719669e+04 -4.91920123027804e+02 2.60690331701792e-10 2.07944136448285e-10 8.49464873511904e+00 3.38840384156237e+01 1.95432497209615e+00 -3.52976048703058e+01 -8.49464873533515e+00 -3.38840384152074e+01 4.40453353514239e-10 2.80074675411365e-10
6.20000000000000e+00 3.78681839212892e-10 3.25293646982532e-10 1.33248938549935e+04 1.05350184581125e+03 -2.38254458801497e+01 2.56387540587953e+01 -1.33248938549935e+04 -1.05350184581098e+03 3.06813151857890e-10 2.69977616625129e-10 2.10282765800706e+00 2.79268874388247e+01 2.38254458798250e+01 -2.56387540585172e+01 -2.10282765827040e+00 -2.79268874384312e+01 4.97526346493667e-10 3.47518941402464e-10
6.22000000000000e+00 4.18490279178325e-10 4.18897593377158e-10 1.33581185483718e+04 1.77481257528299e+03 -3.09583221943612e+01 2.59138671639987e+00 -1.33581185483719e+04 -1.77481257528274e+03 3.48830274581921e-10 3.61464836409703e-10 -1.65809718859364e+00 2.73602754509099e+01 3.09583221940116e+01 -2.59138671616350e+00 1.65809718829227e+00 -2.73602754505658e+01 5.58843265652442e-10 4.48742488521981e-10
6.24000000000000e+00 4.42595694921159e-10 5.56931324914296e-10 1.32713213756330e+04 2.52876784385620e+03 -1.42401633797000e+01 -1.68410683252702e+01 -1.32713213756330e+04 -2.52876784385597e+03 3.77827790217256e-10 4.94969300094061e-10 -6.60575951906428e+00 2.50863478133269e+01 1.42401633793441e+01 1.68410683254533e+01 6.60575951875021e+00 -2.50863478130465e+01 6.07931179593829e-10 6.04124402884198e-10
6.26000000000000e+00 4.18283266320557e-10 7.40664678791148e-10 1.31655051908266e+04 3.31320190263230e+03 1.09447510064069e+01 -8.96487973696533e+00 -1.31655051908267e+04 -3.31320190263209e+03 3.61515148039915e-10 6.78609339078367e-10 -9.09640699392519e+00 2.43490913188980e+01 -1.09447510067515e+01 8.96487973709413e+00 9.09640699361761e+00 -2.43490913186868e+01 6.05162716031698e-10 8.19481400383234e-10
6.28000000000000e+00 3.08459582420393e-10 9.48867749308231e-10 1.29581948264144e+04 4.27779529588882e+03 1.18680575277290e+01 1.78323891968400e+01 -1.29581948264144e+04 -4.27779529588862e+03 2.55337068320307e-10 8.92042410494752e-10 -1.67419247551391e+01 2.54731890071286e+01 -1.18680575280463e+01 -1.78323891967653e+01 1.67419247548648e+01 -2.54731890069939e+01 5.00603802974673e-10 1.07355749346877e-09
6.30000000000000e+00 8.53833052922274e-11 1.12224486964318e-09 1.23799016823442e+04 5.33889726496988e+03 -1.31647905152154e+01 2.70314101627949e+01 -1.23799016823442e+04 -5.33889726496970e+03 2.79955925816750e-11 1.06812579285142e-09 -2.93962332662295e+01 1.71205673628395e+01 1.31647905149482e+01 -2.70314101627669e+01 2.93962332660370e+01 -1.71205673627654e+01 2.53385829036954e-10 1.28722935019492e-09
6.32000000000000e+00 -2.09910934241161e-10 1.17966312666323e-09 1.13844027542457e+04 6.11791671959914e+03 -2.68699973656709e+01 1.09962756095534e+01 -1.13844027542457e+04 -6.11791671959898e+03 -2.71634370409873e-10 1.11898954449248e-09 -3.02499256539392e+01 -3.85854958759103e+00 2.68699973654781e+01 -1.09962756095465e+01 3.02499256538521e+01 3.85854958766128e+00 -7.46398931947161e-11 1.35501878270908e-09
6.34000000000000e+00 -4.85919854549400e-10 1.11254954920110e-09 1.03207850131450e+04 6.36204036862670e+03 -2.63552320456634e+01 6.36320340209434e-01 -1.03207850131451e+04 -6.36204036862654e+03 -5.44069522506056e-10 1.04226823593079e-09 -1.14661131226459e+01 -1.55557956107808e+01 2.63552320455388e+01 -6.36320340183641e-01 1.14661131226368e+01 1.55557956108940e+01 -3.64701425503858e-10 1.28204602486131e-09
6.36000000000000e+00 -6.92595681865202e-10 9.69774173486406e-10 9.61027692898997e+03 6.23519812635025e+03 -2.77531670031607e+01 -9.85534859936442e+00 -9.61027692898999e+03 -6.23519812635008e+03 -7.41057983936105e-10 8.94120237620512e-10 6.93175117888563e+00 -5.72569500743638e+00 2.77531670030816e+01 9.85534859942937e+00 -6.93175117885222e+00 5.72569500760701e+00 -5.68132387744851e-10 1.14037072293731e-09
6.38000000000000e+00 -8.17882989998375e-10 8.03816561376890e-10 9.31277199946521e+03 6.18583119771940e+03 -1.91915324160951e+01 -2.47823260575123e+01 -9.31277199946522e+03 -6.18583119771921e+03 -8.57372339194468e-10 7.31191597269235e-10 5.40355816097888e+00 1.64166423339995e+01 1.91915324160386e+01 2.47823260576204e+01 -5.40355816092952e+00 -1.64166423337743e+01 -6.89892121499882e-10 9.92509428151233e-10
6.40000000000000e+00 -8.87994504645432e-10 6.64331500204627e-10 9.08716457241529e+03 6.40231878267579e+03 -2.76879041951152e-01 -2.71349867343862e+01 -9.08716457241530e+03 -6.40231878267560e+03 -9.27582673010248e-10 5.94912181867618e-10 -1.89798787018794e+01 2.06063382520354e+01 2.76879041899348e-01 2.71349867345285e+01 1.89798787019277e+01 -2.06063382517721e+01 -7.72287923068427e-10 8.76301529416604e-10
6.42000000000000e+00 -9.53363168652878e-10 5.47678999239877e-10 8.75507902339735e+03 6.69402592450301e+03 1.15783253796043e+01 -1.69139565090459e+01 -8.75507902339736e+03 -6.69402592450280e+03 -9.91848309183464e-10 4.73290344758157e-10 -2.74362163937286e+01 -2.14782800831006e+00 -1.15783253796567e+01 1.69139565092072e+01 2.74362163937746e+01 2.14782800859770e+00 -8.58091910990977e-10 7.72794463216486e-10
6.44000000000000e+00 -1.01476111040648e-09 4.23746366777508e-10 8.39477251120302e+03 6.93812335951305e+03 1.35713702744326e+01 -4.09406984725296e+00 -8.39477251120303e+03 -6.93812335951286e+03 -1.04546296782404e-09 3.46925719229318e-10 -1.12279226731655e+01 -1.15588180298970e+01 -1.35713702744748e+01 4.09406984742962e+00 1.12279226732213e+01 1.15588180301989e+01 -9.38592914109927e-10 6.55750548853448e-10
6.46000000000000e+00 -1.06283008175439e-09 2.95320104177520e-10 8.16345511898663e+03 7.16762314671970e+03 8.48001364858504e+00 4.23335397413226e+00 -8.16345511898662e+03 -7.16762314671951e+03 -1.08860098857320e-09 2.21481730960398e-10 -7.49415691399674e+00 -3.57489223846814e+00 -8.48001364860725e+00 -4.23335397393396e+00 7.49415691408190e+00 3.57489223879439e+00 -1.00545202431394e-09 5.30524085262578e-10
6.48000000000000e+00 -1.10247301141113e-09 1.58345939234532e-10 8.04962903383885e+03 7.69016476002957e+03 -1.68521387784152e-01 1.01935679032543e+01 -8.04962903383881e+03 -7.69016476002935e+03 -1.12776052327957e-09 8.45454041231908e-11 -9.24900129453101e+00 -9.93618268682112e+00 1.68521387783807e-01 -1.01935679030148e+01 9.24900129464741e+00 9.93618268720806e+00 -1.06198187576254e-09 3.93276240810087e-10
6.50000000000000e+00 -1.12245580846428e-09 4.52926602546225e-12 7.57547702208690e+03 8.57365792116328e+03 -1.53737011033786e+01 4.23535562191608e+00 -7.57547702208685e+03 -8.57365792116301e+03 -1.14440943088542e-09 -7.33099220715864e-11 5.31382124849953e+00 -8.87050229200194e+00 1.53737011033717e+01 -4.23535562160894e+00 -5.31382124839412e+00 8.87050229247955e+00 -1.09754318498303e-09 2.37324681307161e-10
6.52000000000000e+00 -1.10790068260818e-09 -1.54492315286925e-10 6.53727644977740e+03 9.27835943162177e+03 -1.47349746180854e+01 -1.73037420716875e+01 -6.53727644977739e+03 -9.27835943162145e+03 -1.12177246188983e-09 -2.34774483561878e-10 3.87837006442346e+00 9.04383428329307e+00 1.47349746180272e+01 1.73037420720466e+01 -3.87837006438678e+00 -9.04383428274557e+00 -1.09561283130259e-09 7.29307938148216e-11
6.54000000000000e+00 -1.06491765402692e-09 -3.01762798575836e-10 5.35626468129630e+03 9.51674424395016e+03 9.68153141523559e+00 -2.51061452458482e+01 -5.35626468129634e+03 -9.51674424394986e+03 -1.06956151948370e-09 -3.78545272375977e-10 -1.37331082025272e+01 8.46690570150556e+00 -9.68153141535721e+00 2.51061452462094e+01 1.37331082024836e+01 -8.46690570094820e+00 -1.06045337587007e-09 -7.70155858282892e-11
6.56000000000000e+00 -1.00271555426787e-09 -4.39170731969330e-10 4.25884079436402e+03 9.45635364293933e+03 2.70540474424156e+01 -2.40908071987886e+00 -4.25884079436410e+03 -9.45635364293905e+03 -1.00432822515493e-09 -5.08604772502406e-10 -1.35138218106269e+01 -7.77032447714820e+00 -2.70540474425658e+01 2.40908072021452e+00 1.35138218105367e+01 7.77032447768066e+00 -1.00953057748580e-09 -2.13064579266442e-10
6.58000000000000e+00 -9.15859237466313e-10 -5.67079805037774e-10 3.34318352727854e+03 9.15474590809143e+03 1.12032472642370e+01 2.16991352197031e+01 -3.34318352727861e+03 -9.15474590809120e+03 -9.19359210061073e-10 -6.33460965333052e-10 6.30512594350854e-01 -5.72731815120256e+00 -1.12032472643879e+01 -2.16991352193817e+01 -6.30512594454385e-01 5.72731815171420e+00 -9.38463872860643e-10 -3.43401795941551e-10
6.60000000000000e+00 -8.01867304508332e-10 -6.74800616652652e-10 2.69179213432417e+03 8.88242267860075e+03 -1.55185534005980e+01 1.59155835584518e+01 -2.69179213432421e+03 -8.88242267860054e+03 -8.06364317940277e-10 -7.42053368491171e-10 -2.56591766163585e+00 5.71151931327306e+00 1.55185534004538e+01 -1.59155835581277e+01 2.56591766153356e+00 -5.71151931276264e+00 -8.38809883882732e-10 -4.57950768299219e-10
6.62000000000000e+00 -6.66882273662242e-10 -7.49213007245838e-10 1.98022562686337e+03 8.78676869209599e+03 -1.94764771969826e+01 -1.04024745771866e+01 -1.98022562686336e+03 -8.78676869209576e+03 -6.71435437151645e-10 -8.19386353741721e-10 -1.16436305643794e+01 5.22343777725100e+00 1.94764771968413e+01 1.04024745775331e+01 1.16436305642808e+01 -5.22343777672138e+00 -7.19253747385252e-10 -5.40758664139662e-10
6.64000000000000e+00 -5.25237800481952e-10 -7.83420082638131e-10 9.74743345485900e+02 8.54204791277859e+03 3.49446655610614e+00 -2.02190290704279e+01 -9.74743345485878e+02 -8.54204791277830e+03 -5.27092570727319e-10 -8.59943800911697e-10 -1.52951870545736e+01 -3.71017982064237e-01 -3.49446655626758e+00 2.02190290708114e+01 1.52951870544523e+01 3.71017982636171e-01 -5.92149906917803e-10 -5.93396553320942e-10
6.66000000000000e+00 -3.90660169456264e-10 -7.72858986356560e-10 -1.44206806515844e+01 7.75197874549599e+03 1.34520232663551e+01 -6.03411988730355e+00 1.44206806515657e+01 -7.75197874549566e+03 -3.82494788576564e-10 -8.54608931169445e-10 -1.47019835603493e+01 -3.96451483911305e+00 -1.34520232665680e+01 6.03411988770502e+00 1.47019835601701e+01 3.96451483970446e+00 -4.58202763916310e-10 -6.04591265486737e-10
6.68000000000000e+00 -2.93888487358393e-10 -7.20669590565952e-10 -4.38999285928018e+02 6.63575237307867e+03 1.24810403226808e+01 -6.14443769689917e-01 4.38999285927955e+02 -6.63575237307834e+03 -2.74877035428494e-10 -7.99241712089673e-10 -1.63602984762095e+01 -5.10610216944318e+00 -1.24810403229428e+01 6.14443770073583e-01 1.63602984759795e+01 5.10610217001531e+00 -3.57154388185903e-10 -5.65196042979956e-10
6.70000000000000e+00 -2.53346337301050e-10 -6.66930982943914e-10 -3.29709596981022e+02 5.73874607023409e+03 1.50119832482491e+01 9.59948012437997e+00 3.29709596980934e+02 -5.73874607023378e+03 -2.30192336780613e-10 -7.41700144547028e-10 -2.01143084273140e+01 -1.01683999739398e+01 -1.50119832485381e+01 -9.59948012402842e+00 2.01143084270586e+01 1.01683999744860e+01 -3.14170865140876e-10 -5.24911742820598e-10
6.72000000000000e+00 -2.46543256747323e-10 -6.46362904735184e-10 -3.22150417771648e+01 5.21063782113600e+03 4.71828664759191e-01 2.02643880731664e+01 3.22150417770744e+01 -5.21063782113571e+03 -2.17440020807146e-10 -7.22141010332216e-10 -2.16679869361599e+01 -2.01780832559150e+01 -4.71828665049147e-01 -2.02643880728474e+01 2.16679869358998e+01 2.01780832564385e+01 -2.95916166520755e-10 -5.18866886809590e-10
6.74000000000000e+00 -2.39041925376887e-10 -6.66806994343828e-10 2.90794485602940e+02 4.97669457235059e+03 -1.33560371073106e+01 8.60486166624676e+00 -2.90794485603001e+02 -4.97669457235031e+03 -1.99409032048015e-10 -7.40513930953076e-10 -1.24642198102429e+01 -3.49136908324290e+01 1.33560371070345e+01 -8.60486166593844e+00 1.24642198099873e+01 3.49136908329551e+01 -2.70210638794765e-10 -5.43195919489074e-10
6.76000000000000e+00 -2.01446280928885e-10 -7.09918018929917e-10 5.37178725772990e+02 5.06046531424269e+03 -7.66600613295104e+00 -1.99394107525173e+00 -5.37178725773036e+02 -5.06046531424237e+03 -1.51704267039481e-10 -7.76736529164320e-10 8.75739343476827e+00 -3.51791315113271e+01 7.66600613267720e+00 1.99394107556912e+00 -8.75739343503751e+00 3.51791315118729e+01 -2.16392061868285e-10 -5.79163991503462e-10
6.78000000000000e+00 -1.31082521414425e-10 -7.45095858199722e-10 4.59927738385544e+02 5.36635847384240e+03 -3.57495416867649e+00 3.45644475023518e-01 -4.59927738385607e+02 -5.36635847384204e+03 -7.42608239899162e-11 -8.00685517108952e-10 1.84370403032726e+01 -2.12885335285493e+01 3.57495416839033e+00 -3.45644474698633e-01 -1.84370403035745e+01 2.12885335291074e+01 -1.37130992231687e-10 -5.96581330540271e-10
6.80000000000000e+00 -4.22847308103646e-11 -7.55243903742924e-10 4.46096327469149e+00 5.55793291594136e+03 -7.41215029006339e+00 -9.35530801794720e-01 -4.46096327479270e+00 -5.55793291594097e+03 1.49543849684454e-11 -7.98762082535668e-10 1.96307675838494e+01 -1.12214948707725e+01 7.41215028976281e+00 9.35530802124384e-01 -1.96307675841900e+01 1.12214948713322e+01 -5.68930530840631e-11 -5.86411710254021e-10
6.82000000000000e+00 4.60073713497492e-11 -7.33809032899580e-10 -5.77657950825691e+02 5.43871729590979e+03 -5.00667460652793e+00 -9.13679138764472e+00 5.77657950825540e+02 -5.43871729590939e+03 9.93249338283348e-11 -7.69937321151621e-10 1.76200516740553e+01 1.39886392277228e+00 5.00667460620573e+00 9.13679138797520e+00 -1.76200516744367e+01 -1.39886392222366e+00 1.15535577541156e-11 -5.58924847052157e-10
6.84000000000000e+00 1.15462101103918e-10 -6.91040611922882e-10 -1.09125372634394e+03 5.09824565065967e+03 6.75804116208128e+00 -9.99803974239446e+00 1.09125372634373e+03 -5.09824565065928e+03 1.65280307778753e-10 -7.25694092672870e-10 2.65206473700327e+00 8.53560936003985e+00 -6.75804116242652e+00 9.99803974271587e+00 -2.65206473742044e+00 -8.53560935951247e+00 6.62063839116830e-11 -5.23141215752222e-10
6.86000000000000e+00 1.64767776284720e-10 -6.40980467309718e-10 -1.52237657341354e+03 4.55982194617356e+03 1.31252683124073e+01 1.25608718946678e+00 1.52237657341330e+03 -4.55982194617319e+03 2.17420707782698e-10 -6.77787044386434e-10 -9.21849426108206e+00 -1.64876464461890e+00 -1.31252683127668e+01 -1.25608718915881e+00 9.21849426063935e+00 1.64876464511996e+00 1.08209887820532e-10 -4.82825095340320e-10
6.88000000000000e+00 1.92569058381812e-10 -5.93428775705084e-10 -1.66577481535078e+03 3.80698682204597e+03 6.79890814616558e+00 1.17331989396632e+01 1.66577481535051e+03 -3.80698682204563e+03 2.55585577770314e-10 -6.26843416328853e-10 -6.19446817375910e+00 -1.34255401032009e+01 -6.79890814653625e+00 -1.17331989393612e+01 6.19446817329409e+00 1.34255401036775e+01 1.33561227776410e-10 -4.45591657881812e-10
6.90000000000000e+00 2.11902226800578e-10 -5.63765994976167e-10 -1.33980701776235e+03 3.18008619333383e+03 -2.09703773406479e+00 1.16989745672843e+01 1.33980701776205e+03 -3.18008619333352e+03 2.83052370390963e-10 -5.81836960419011e-10 2.49521207082980e+00 -1.53595716697534e+01 2.09703773367330e+00 -1.16989745669878e+01 -2.49521207131427e+00 1.53595716702023e+01 1.55324933199073e-10 -4.24352227477284e-10
6.92000000000000e+00 2.44612457736562e-10 -5.39894822882836e-10 -8.76234960649341e+02 3.06568088870234e+03 -4.66328165303996e+00 1.02898104419549e+01 8.76234960649024e+02 -3.06568088870207e+03 3.09645047075050e-10 -5.38852233413381e-10 5.27828471862297e+00 -1.03043637720289e+01 4.66328165262346e+00 -1.02898104416734e+01 -5.27828471912115e+00 1.03043637724459e+01 1.92904805634268e-10 -4.05721484829687e-10
6.94000000000000e+00 2.80764737124226e-10 -4.99642415714907e-10 -7.68431099176545e+02 3.23727943307453e+03 -1.11650329398129e+01 1.27474465697341e+01 7.68431099176231e+02 -3.23727943307431e+03 3.29707685126104e-10 -4.90656673224506e-10 1.62423393683224e+00 -8.30297948590711e+00 1.11650329393785e+01 -1.27474465694798e+01 -1.62423393733536e+00 8.30297948629584e+00 2.35261799562256e-10 -3.66778111582917e-10
6.96000000000000e+00 3.01078738001230e-10 -4.49316026644772e-10 -9.03317347009300e+02 3.25243866884362e+03 -2.31600413719403e+01 5.10580825998940e+00 9.03317347009002e+02 -3.25243866884343e+03 3.37697548367425e-10 -4.45047562015290e-10 -1.98094530933264e+00 -1.20529877363177e+01 2.31600413714990e+01 -5.10580825976250e+00 1.98094530882758e+00 1.20529877366840e+01 2.60202261471230e-10 -3.14079732442738e-10
6.98000000000000e+00 3.07541620182784e-10 -4.04013124265746e-10 -9.93930691275587e+02 3.15802147594703e+03 -2.32086219293525e+01 -1.24103144022281e+01 9.93930691275303e+02 -3.15802147594683e+03 3.42162996118894e-10 -4.07345798199872e-10 -1.61621685007712e+00 -1.96044303962230e+01 2.32086219289092e+01 1.24103144024323e+01 1.61621684956694e+00 1.96044303965694e+01 2.69827131431196e-10 -2.64784945751840e-10
7.00000000000000e+00 3.10127806964564e-10 -3.63627640025978e-10 -1.06143726553482e+03 3.11425182774014e+03 -1.00400671776890e+01 -2.16232029700628e+01 1.06143726553453e+03 -3.11425182773995e+03 3.47965812310311e-10 -3.69711586909014e-10 6.54200636825665e+00 -2.69646134461785e+01 1.00400671772464e+01 2.16232029702474e+01 -6.54200636877128e+00 2.69646134465030e+01 2.73730644574823e-10 -2.17315416380843e-10
7.02000000000000e+00 3.07262342045813e-10 -3.21559038126400e-10 -1.24528608202617e+03 3.09865886959274e+03 8.55148377941846e-01 -1.98153022644420e+01 1.24528608202586e+03 -3.09865886959257e+03 3.48434930027665e-10 -3.26470524066147e-10 1.84071718382711e+01 -2.65380289568472e+01 -8.55148378381705e-01 1.98153022646115e+01 -1.84071718387880e+01 2.65380289571521e+01 2.66554051571778e-10 -1.66883441622309e-10
7.04000000000000e+00 2.92407705492705e-10 -2.81116958973614e-10 -1.54117526841517e+03 2.94253146964449e+03 7.80755391404150e+00 -1.53770721719945e+01 1.54117526841485e+03 -2.94253146964434e+03 3.35273842464041e-10 -2.82324876283098e-10 2.95538632663867e+01 -2.05211324184718e+01 -7.80755391448494e+00 1.53770721721545e+01 -2.95538632669083e+01 2.05211324187575e+01 2.42652690271246e-10 -1.21974502862762e-10
7.06000000000000e+00 2.66749851851170e-10 -2.48577080728247e-10 -1.76620764133216e+03 2.56417225519748e+03 1.10130713220847e+01 -6.26581026491396e+00 1.76620764133183e+03 -2.56417225519737e+03 3.08575147057368e-10 -2.46526872106870e-10 3.74230365761872e+01 -3.50624399004088e+00 -1.10130713225414e+01 6.26581026505640e+00 -3.74230365767139e+01 3.50624399030259e+00 2.08201978641759e-10 -9.08395620541308e-11
7.08000000000000e+00 2.31588965850766e-10 -2.26852838823974e-10 -1.73723913019057e+03 2.13084097653342e+03 -2.90325280698787e-01 -1.11412175044255e+00 1.73723913019027e+03 -2.13084097653336e+03 2.73187210425350e-10 -2.23474708478255e-10 2.21604609198863e+01 1.65085309576159e+01 2.90325280235263e-01 1.11412175054864e+00 -2.21604609204102e+01 -1.65085309573853e+01 1.69046937413649e-10 -7.22067360036914e-11
7.10000000000000e+00 1.88637137264593e-10 -2.22552694633612e-10 -1.56138428353661e+03 1.83701168445962e+03 -3.69836408990015e+00 -2.06160784288445e+01 1.56138428353634e+03 -1.83701168445959e+03 2.31281909197499e-10 -2.16042045349559e-10 -2.92614246917745e+00 5.03124156801936e+00 3.69836408945370e+00 2.06160784289118e+01 2.92614246866951e+00 -5.03124156781554e+00 1.23640714647128e-10 -6.74398107377368e-11
7.12000000000000e+00 1.46438679881616e-10 -2.44197479773670e-10 -1.33784054050979e+03 1.69006029207941e+03 2.54130890804224e+01 -2.74617132845566e+01 1.33784054050957e+03 -1.69006029207938e+03 1.88034959245420e-10 -2.32929108959906e-10 5.81650163344500e+00 -2.22471849098669e+01 -2.54130890808341e+01 2.74617132846005e+01 -5.81650163393058e+00 2.22471849100568e+01 7.60050322161726e-11 -8.69297642256699e-11
7.14000000000000e+00 1.26997623789598e-10 -2.93110746517921e-10 -1.21019780471977e+03 1.71063897785151e+03 4.40860885412696e+01 1.70686712725292e+00 1.21019780471958e+03 -1.71063897785147e+03 1.64820650511671e-10 -2.78291313015464e-10 3.59250233666525e+01 -1.80489219495987e+01 -4.40860885416440e+01 -1.70686712720883e+00 -3.59250233671181e+01 1.80489219497887e+01 4.78316765617370e-11 -1.35381865999192e-10
7.16000000000000e+00 1.48081313882544e-10 -3.41610467009003e-10 -1.26083646352322e+03 1.63601363351910e+03 2.90925568321395e+01 3.11968710635796e+01 1.26083646352306e+03 -1.63601363351903e+03 1.81824928662324e-10 -3.26667159198424e-10 3.95769500102530e+01 1.08507419318074e+01 -2.90925568324892e+01 -3.11968710635166e+01 -3.95769500107109e+01 -1.08507419316078e+01 5.91794715991381e-11 -1.88415697383464e-10
7.18000000000000e+00 1.88853197860028e-10 -3.60191681322984e-10 -1.13990849046558e+03 1.38167900625269e+03 1.85349673995533e+00 3.82896342840767e+01 1.13990849046542e+03 -1.38167900625259e+03 2.21667229416442e-10 -3.46321338361605e-10 1.94856637326561e+01 2.06366374994406e+01 -1.85349674029931e+00 -3.82896342839854e+01 -1.94856637331194e+01 -2.06366374992325e+01 9.52377465055957e-11 -2.14703881312625e-10
7.20000000000000e+00 2.19335213436550e-10 -3.57063480326772e-10 -7.46824072942484e+02 1.36667968373711e+03 -2.28109817894885e+01 2.76691758063392e+01 7.46824072942306e+02 -1.36667968373699e+03 2.51938470744270e-10 -3.42010452172795e-10 1.17052494583978e+01 1.04905348979194e+01 2.28109817891249e+01 -2.76691758062255e+01 -1.17052494588776e+01 -1.04905348977103e+01 1.24211780645641e-10 -2.15412122482657e-10
7.22000000000000e+00 2.39221815013003e-10 -3.54064282742501e-10 -5.55889848355336e+02 1.75495479785615e+03 -3.42318705908020e+01 -2.08417166839971e+00 5.55889848355130e+02 -1.75495479785602e+03 2.70372964444888e-10 -3.38126703327260e-10 1.91997662508452e+01 1.01303732853711e+01 3.42318705904083e+01 2.08417166851257e+00 -1.91997662513438e+01 -1.01303732851742e+01 1.39550341893987e-10 -2.13807286658232e-10
7.24000000000000e+00 2.61417080549175e-10 -3.51648200646984e-10 -7.86311136200648e+02 2.09415808167976e+03 -1.16407977191530e+01 -3.11212267935377e+01 7.86311136200421e+02 -2.09415808167965e+03 2.91391548702085e-10 -3.35364356803059e-10 1.69190785557269e+01 2.04999617990673e+01 1.16407977187415e+01 3.11212267936318e+01 -1.69190785562363e+01 -2.04999617988947e+01 1.53440147214158e-10 -2.14998126002403e-10
7.26000000000000e+00 2.80249373525143e-10 -3.43835478824844e-10 -1.14692857056006e+03 2.15891735195515e+03 2.66551117747179e+01 -2.25446019415570e+01 1.14692857055983e+03 -2.15891735195507e+03 3.09384415804140e-10 -3.27886360801670e-10 8.03699397813186e+00 2.40983142880882e+01 -2.66551117751356e+01 2.25446019416349e+01 -8.03699397863977e+00 -2.40983142879371e+01 1.64007400141807e-10 -2.17713240091481e-10
7.28000000000000e+00 2.96353782845733e-10 -3.42451689940367e-10 -1.45047053952483e+03 2.00914256464627e+03 3.29012721168110e+01 1.51159763434361e+01 1.45047053952460e+03 -2.00914256464619e+03 3.25528332165608e-10 -3.26706204447274e-10 -1.82034073753984e+00 2.64993318080337e+01 -3.29012721172375e+01 -1.51159763433749e+01 1.82034073703450e+00 -2.64993318079006e+01 1.79618881868389e-10 -2.30537673437350e-10
7.30000000000000e+00 3.24008522745983e-10 -3.42134184026509e-10 -1.58334889114750e+03 1.75502298090678e+03 6.15164982040495e+00 3.28350632605487e+01 1.58334889114727e+03 -1.75502298090673e+03 3.53655103533266e-10 -3.27147482077433e-10 -1.81450307697027e+01 1.80662060933876e+01 -6.15164982083272e+00 -3.28350632605142e+01 1.81450307692028e+01 -1.80662060932729e+01 2.14374457771887e-10 -2.40295158870311e-10
7.32000000000000e+00 3.58770788532116e-10 -3.29222436141078e-10 -1.56244591829696e+03 1.56986948373090e+03 -1.58683609320387e+01 2.39472154294536e+01 1.56244591829675e+03 -1.56986948373086e+03 3.91520415023157e-10 -3.14699104245057e-10 -1.77898997407825e+01 -2.65463736393089e+00 1.58683609316250e+01 -2.39472154294398e+01 1.77898997402932e+01 2.65463736403331e+00 2.57215100518394e-10 -2.28510904432360e-10
7.34000000000000e+00 3.90353328126830e-10 -3.03216650241975e-10 -1.53314007452257e+03 1.50931866514939e+03 -2.41003980788989e+01 5.97540046404711e+00 1.53314007452239e+03 -1.50931866514935e+03 4.27919630296887e-10 -2.85039433984697e-10 -3.88161883939425e+00 -9.56677672511809e+00 2.41003980785016e+01 -5.97540046403889e+00 3.88161883891163e+00 9.56677672521677e+00 2.90323576764722e-10 -1.98875217058918e-10
7.36000000000000e+00 4.15213199578747e-10 -2.65799363484349e-10 -1.58908358129702e+03 1.49003052339703e+03 -1.55117024448980e+01 -1.06186984784201e+01 1.58908358129685e+03 -1.49003052339698e+03 4.53729168526187e-10 -2.39582275757184e-10 3.64927494388031e+00 -4.74093688113791e+00 1.55117024445062e+01 1.06186984784326e+01 -3.64927494436331e+00 4.74093688123228e+00 3.09829316972892e-10 -1.60730946598601e-10
7.38000000000000e+00 4.24889744182291e-10 -2.19020032682759e-10 -1.70756292487752e+03 1.40743923511840e+03 -5.06399035727145e-01 -1.09168547474180e+01 1.70756292487734e+03 -1.40743923511833e+03 4.58505219744226e-10 -1.86016245029585e-10 2.75239002947635e+00 -1.29416757359184e+00 5.06399035328242e-01 1.09168547474326e+01 -2.75239002996355e+00 1.29416757367949e+00 3.14048516270222e-10 -1.20843979414493e-10
7.40000000000000e+00 4.14910095165832e-10 -1.73398554070584e-10 -1.79457595679709e+03 1.22326194495656e+03 3.11275311163169e+00 -2.51769115189630e+00 1.79457595679690e+03 -1.22326194495649e+03 4.41324364316724e-10 -1.38863479011428e-10 2.34894601350976e+00 -3.04098767398253e+00 -3.11275311204377e+00 2.51769115190039e+00 -2.34894601400522e+00 3.04098767405822e+00 3.05795368937266e-10 -8.47103802909761e-11
7.42000000000000e+00 3.88721613674270e-10 -1.41347353409010e-10 -1.74572231010663e+03 9.99560881620520e+02 1.04954292940561e+00 -8.61347740784456e-01 1.74572231010642e+03 -9.99560881620456e+02 4.10886348669281e-10 -1.10133789360780e-10 5.11489049729464e+00 -3.62195867233287e+00 -1.04954292982560e+00 8.61347740767101e-01 -5.11489049779689e+00 3.62195867238641e+00 2.85729816788347e-10 -5.71701882375300e-11
7.44000000000000e+00 3.60141224988890e-10 -1.28207112420479e-10 -1.56632031588311e+03 8.87693159251701e+02 2.54927241116262e+00 2.45289531432217e-02 1.56632031588289e+03 -8.87693159251657e+02 3.83563994614852e-10 -1.00402540328580e-10 6.52986495843139e+00 -1.85646743116852e+00 -2.54927241157860e+00 -2.45289531870160e-02 -6.52986495892887e+00 1.85646743119535e+00 2.62353854436867e-10 -4.39462960364568e-11
7.46000000000000e+00 3.38860753132385e-10 -1.26415986729001e-10 -1.39893160872216e+03 9.53728173201004e+02 2.52232411753313e+00 3.07911242224426e+00 1.39893160872195e+03 -9.53728173200976e+02 3.66815746588494e-10 -9.73831449092368e-11 6.32061995405404e+00 -9.44962133447952e-01 -2.52232411793339e+00 -3.07911242230798e+00 -6.32061995453472e+00 9.44962133452819e-01 2.44002245688530e-10 -3.87232099873456e-11
7.48000000000000e+00 3.23594699676156e-10 -1.27480674016041e-10 -1.36181370531462e+03 1.12984097971092e+03 3.03768508403839e-01 5.58190264669075e+00 1.36181370531442e+03 -1.12984097971090e+03 3.53325737058160e-10 -9.16541388443270e-11 5.69436540945500e+00 -1.30686270706216e+00 -3.03768508786511e-01 -5.58190264676152e+00 -5.69436540991573e+00 1.30686270705934e+00 2.26100689555327e-10 -3.47241843497225e-11
7.50000000000000e+00 3.08843906576865e-10 -1.32589287707230e-10 -1.49811875591714e+03 1.30121186799308e+03 -3.06161160735993e+00 7.16022848144894e+00 1.49811875591694e+03 -1.30121186799307e+03 3.34828302325821e-10 -8.97579138646565e-11 7.41609656889920e+00 -3.58702430053176e+00 3.06161160698532e+00 -7.16022848152079e+00 -7.41609656935015e+00 3.58702430052981e+00 2.04162928034084e-10 -3.88718587886866e-11
7.52000000000000e+00 2.99586174700484e-10 -1.46083590944453e-10 -1.75115970998077e+03 1.32861071113242e+03 -1.06097800569546e+01 7.71211829538793e+00 1.75115970998057e+03 -1.32861071113241e+03 3.18782403571973e-10 -9.91461195193180e-11 1.20706195795360e+01 -1.77321616873038e+00 1.06097800565824e+01 -7.71211829546295e+00 -1.20706195799849e+01 1.77321616872747e+00 1.88249737081932e-10 -5.60738214855862e-11
7.54000000000000e+00 3.00596768742158e-10 -1.63466215682031e-10 -1.93792865434070e+03 1.19667602148759e+03 -2.09854635119303e+01 -3.72205219046931e+00 1.93792865434049e+03 -1.19667602148759e+03 3.11936733247762e-10 -1.15536085358312e-10 1.19600961510702e+01 3.34059972006081e+00 2.09854635115560e+01 3.72205219038505e+00 -1.19600961515220e+01 -3.34059972006950e+00 1.84338887605351e-10 -7.76534524890929e-11
7.56000000000000e+00 3.15125518026914e-10 -1.80248537834725e-10 -1.99952510232514e+03 1.07848375811485e+03 -1.32621846810228e+01 -2.66177656416184e+01 1.99952510232493e+03 -1.07848375811487e+03 3.18500937586577e-10 -1.35553769410441e-10 9.15738327119277e+00 4.12005627159962e+00 1.32621846806484e+01 2.66177656415176e+01 -9.15738327165038e+00 -4.12005627162079e+00 1.90333646801119e-10 -1.00718930219422e-10
7.58000000000000e+00 3.42310496441244e-10 -1.84764392452311e-10 -2.07301105509176e+03 1.04466420664955e+03 1.73366576138685e+01 -3.08694929155371e+01 2.07301105509157e+03 -1.04466420664958e+03 3.42457482848489e-10 -1.47095438015963e-10 9.86209691259989e+00 4.93081901457202e+00 -1.73366576142364e+01 3.08694929154137e+01 -9.86209691306073e+00 -4.93081901461598e+00 2.11689293762687e-10 -1.21514828669078e-10
7.60000000000000e+00 3.69279955951428e-10 -1.71850862216819e-10 -2.23155110520229e+03 9.95742954013171e+02 3.43145089795806e+01 -3.92542484939456e+00 2.23155110520211e+03 -9.95742954013214e+02 3.70788590872519e-10 -1.38524630428038e-10 6.21833635951532e+00 7.66691617772931e+00 -3.43145089799283e+01 3.92542484924967e+00 -6.21833635996353e+00 -7.66691617780096e+00 2.45766176596566e-10 -1.26419960392751e-10
7.62000000000000e+00 3.86478504416792e-10 -1.45848639300215e-10 -2.41397890620160e+03 8.48294591487936e+02 2.08745837938719e+01 1.67700114330158e+01 2.41397890620144e+03 -8.48294591487982e+02 3.89662294869688e-10 -1.14769015789234e-10 2.49878842878059e+00 2.69952732914826e+00 -2.08745837941931e+01 -1.67700114331670e+01 -2.49878842920616e+00 -2.69952732923430e+00 2.77124041601088e-10 -1.08493755776698e-10
7.64000000000000e+00 3.86367318895780e-10 -1.17589087759112e-10 -2.53887275857107e+03 6.27463906491132e+02 8.28853839775616e+00 1.57350636136560e+01 2.53887275857092e+03 -6.27463906491176e+02 3.92121412937128e-10 -8.64518958754007e-11 8.13819405638802e+00 -2.35010984917895e+00 -8.28853839806022e+00 -1.57350636138061e+01 -8.13819405679740e+00 2.35010984908692e+00 2.87508426350927e-10 -8.00473697515978e-11
7.66000000000000e+00 3.77373440182084e-10 -1.00841714170553e-10 -2.60567997655822e+03 3.62347578111576e+02 7.52370807643859e+00 1.64727576797680e+01 2.60567997655808e+03 -3.62347578111620e+02 3.83322313996397e-10 -6.74555390994211e-11 1.57089234015267e+01 3.18329918624184e+00 -7.52370807672755e+00 -1.64727576799205e+01 -1.57089234019226e+01 -3.18329918633974e+00 2.84653668348613e-10 -6.33464261719070e-11
7.68000000000000e+00 3.73643653857044e-10 -9.15987533721972e-11 -2.54731047879597e+03 5.43823137828478e+01 8.85799909802691e-02 2.22608246679087e+01 2.54731047879585e+03 -5.43823137828874e+01 3.77986055655610e-10 -5.75205961169435e-11 1.37028132363906e+01 1.22352745139492e+01 -8.85799912532220e-02 -2.22608246680579e+01 -1.37028132367733e+01 -1.22352745140504e+01 2.88710574159364e-10 -5.43003566900760e-11
7.70000000000000e+00 3.73717860752117e-10 -7.71164792110645e-11 -2.33357944637719e+03 -1.39708714296398e+02 -1.17698707921464e+01 2.02931216017995e+01 2.33357944637706e+03 1.39708714296361e+02 3.77630044110251e-10 -4.32392339747944e-11 6.48116604712707e+00 1.76644082307971e+01 1.17698707918816e+01 -2.02931216019413e+01 -6.48116604750244e+00 -1.76644082309009e+01 2.96551722704106e-10 -3.52740432050645e-11
7.72000000000000e+00 3.65635807014095e-10 -5.77284400484677e-11 -2.15517519555906e+03 -1.42196760443139e+02 -2.00607887941697e+01 1.03781846040271e+01 2.15517519555894e+03 1.42196760443096e+02 3.69856263597997e-10 -2.24651130996009e-11 -5.59007822918796e+00 1.66723081054476e+01 2.00607887939058e+01 -1.03781846041709e+01 5.59007822881815e+00 -1.66723081055610e+01 2.91174123423731e-10 -8.09188629309197e-12
7.74000000000000e+00 3.48028869960713e-10 -4.58700647146804e-11 -2.12091463587658e+03 -1.16236232050558e+02 -2.00718578539914e+01 -3.72040126015775e+00 2.12091463587647e+03 1.16236232050506e+02 3.50474438621015e-10 -7.38273930576641e-12 -1.34862170091666e+01 2.75619002995300e+00 2.00718578537371e+01 3.72040126000290e+00 1.34862170088093e+01 -2.75619003007962e+00 2.69618601713638e-10 9.41956025806052e-12
7.76000000000000e+00 3.33803812040394e-10 -4.49406810492447e-11 -2.13568988673879e+03 -1.60079593008071e+02 -7.62106461223943e+00 -1.32364922968948e+01 2.13568988673869e+03 1.60079593008015e+02 3.30962023074643e-10 -4.87880730612872e-12 -3.41758640368064e+00 -1.16810064475569e+01 7.62106461200488e+00 1.32364922967334e+01 3.41758640334264e+00 1.16810064474205e+01 2.50477110380709e-10 7.72184051904173e-12
7.78000000000000e+00 3.27581428848723e-10 -4.21337897291975e-11 -2.14696523946471e+03 -2.72136624576342e+02 3.87566970556208e+00 -7.12437484501207e+00 2.14696523946463e+03 2.72136624576290e+02 3.19552774405631e-10 -4.84855782795351e-12 1.20000541268394e+01 -9.11747758776334e+00 -3.87566970577170e+00 7.12437484485266e+00 -1.20000541271538e+01 9.11747758762456e+00 2.48270671359590e-10 4.98485449273245e-12
7.80000000000000e+00 3.17020662103963e-10 -3.15482834544308e-11 -2.05457253169509e+03 -4.56117203461571e+02 3.56535488886442e+00 -9.73519228006851e-01 2.05457253169502e+03 4.56117203461539e+02 3.06939463921446e-10 1.61022408160500e-12 1.58802408210396e+01 2.28392376483846e+00 -3.56535488905145e+00 9.73519227864306e-01 -1.58802408213332e+01 -2.28392376497043e+00 2.46799689395619e-10 1.96094471115123e-11
7.82000000000000e+00 2.91787725633888e-10 -2.43070346410305e-11 -1.80245633172421e+03 -5.34018750711235e+02 4.50758313788455e+00 1.53643494708181e-01 1.80245633172414e+03 5.34018750711222e+02 2.81151429608090e-10 4.81230940120339e-12 1.04649241670162e+01 7.97243614684226e+00 -4.50758313806492e+00 -1.53643494825981e-01 -1.04649241672980e+01 -7.97243614696381e+00 2.21959328066755e-10 3.90258012438323e-11
7.84000000000000e+00 2.59544218220469e-10 -3.84197844088620e-11 -1.57993750543557e+03 -4.20753256656910e+02 6.25310124836092e+00 5.04833692794795e+00 1.57993750543549e+03 4.20753256656903e+02 2.50924697582257e-10 -1.31644166317439e-11 6.39128426934399e+00 6.36187797283193e+00 -6.25310124854659e+00 -5.04833692805095e+00 -6.39128426961823e+00 -6.36187797294661e+00 1.79943484029796e-10 3.27556079206062e-11
7.86000000000000e+00 2.44135961758744e-10 -7.39681577591394e-11 -1.46615716679487e+03 -2.15093482264635e+02 1.79699947944203e+00 9.07437854511209e+00 1.46615716679479e+03 2.15093482264621e+02 2.39319056863265e-10 -4.98417588481953e-11 8.94246655923526e+00 3.56735961892010e+00 -1.79699947963019e+00 -9.07437854520687e+00 -8.94246655950143e+00 -3.56735961902735e+00 1.52705380180521e-10 -3.67073575567974e-12
7.88000000000000e+00 2.56858970132750e-10 -1.07533795534756e-10 -1.50439660726708e+03 2.43032492937953e+01 -6.32765284093996e-01 7.41794028983474e+00 1.50439660726702e+03 -2.43032492938064e+01 2.55381806625198e-10 -8.18606127314140e-11 1.24164441158619e+01 7.88406719723699e+00 6.32765283903120e-01 -7.41794028991848e+00 -1.24164441161234e+01 -7.88406719733277e+00 1.57746246724381e-10 -4.46096075478062e-11
7.90000000000000e+00 2.80579501910424e-10 -1.18671136355260e-10 -1.67504515995892e+03 1.67310424925662e+02 1.21066849347619e+00 7.49959086076827e+00 1.67504515995886e+03 -1.67310424925657e+02 2.81336620071381e-10 -8.91441393536674e-11 1.06633081221274e+01 1.41103050324479e+01 -1.21066849367803e+00 -7.49959086084235e+00 -1.06633081223933e+01 -1.41103050325348e+01 1.80563639955278e-10 -6.33544179785049e-11
7.92000000000000e+00 2.92319148684431e-10 -1.16124600895159e-10 -1.83492417634952e+03 1.74339503281176e+02 2.16025626662075e+00 1.40387832939328e+01 1.83492417634944e+03 -1.74339503281156e+02 2.92097159601406e-10 -8.03879159860848e-11 3.59382465234264e+00 1.64462920350467e+01 -2.16025626683677e+00 -1.40387832940060e+01 -3.59382465261476e+00 -1.64462920351335e+01 1.93523466947030e-10 -6.40066525967993e-11
7.94000000000000e+00 2.94933085227556e-10 -1.18986025678471e-10 -1.91646166530573e+03 1.79742709888320e+02 -7.11757239555850e+00 2.05997377747452e+01 1.91646166530564e+03 -1.79742709888301e+02 2.88415935001738e-10 -7.84423594346333e-11 8.24567083816115e-01 1.33850036437574e+01 7.11757239532921e+00 -2.05997377748228e+01 -8.24567084091132e-01 -1.33850036438477e+01 1.95037518313075e-10 -6.77496594441893e-11
7.96000000000000e+00 2.99335872472262e-10 -1.26600828527310e-10 -2.04826911460247e+03 2.16743814138005e+02 -1.90515310835055e+01 1.64786302727227e+01 2.04826911460236e+03 -2.16743814138003e+02 2.85228969746341e-10 -8.69163147776723e-11 8.61936001595602e-02 1.54214611550778e+01 1.90515310832641e+01 -1.64786302728111e+01 -8.61936004367057e-02 -1.54214611551729e+01 1.96015268995286e-10 -7.74289382430216e-11
7.98000000000000e+00 3.05662337444256e-10 -1.37033899410831e-10 -2.20478654937671e+03 1.67867624664993e+02 -2.50686901643992e+01 5.65219276578314e+00 2.20478654937660e+03 -1.67867624665011e+02 2.87823828569056e-10 -1.00120677665448e-10 -7.45415754231936e+00 1.74494024479998e+01 2.50686901641494e+01 -5.65219276588890e+00 7.45415754204205e+00 -1.74494024481013e+01 1.98942198852901e-10 -9.20089425005573e-11
8.00000000000000e+00 3.17793046276065e-10 -1.50403530221281e-10 -2.28981139149187e+03 9.09119961572341e+01 -2.13632716395625e+01 -6.41984070303278e+00 2.28981139149177e+03 -9.09119961572671e+01 2.96068915323636e-10 -1.13458420637608e-10 -1.71070588214007e+01 1.06969723979665e+01 2.13632716393135e+01 6.41984070290370e+00 1.71070588211246e+01 -1.06969723980779e+01 2.08358106461244e-10 -1.10088937172206e-10
