0.021076940308206595 0.020978060203984863 0.02069260698677594 0.0202513080000495 0.019702558460073672 0.019108459702750467 0.018539762544407968 0.01807014281601609 0.017770279108995098 0.017702201205594802 0.01791433261741273 0.018437570968088183 0.01928264812795606 0.020438895321344415 0.02187442229762532 0.023537614584298074 0.02535976446483906 0.027258586053401177 0.029142326643898358 0.03091417079332647 0.03247664250810014 0.03373573698401159 0.0346045532445766 0.03500624638573969 0.03487617039969835 0.034163130730952354 0.03282971056283411 0.030851670345345347 0.028216449064230424 0.024920819177913327 0.020967785216772887 0.016362909879708704 0.011110525722913926 0.005211073293852515 -0.0013369735506153432 -0.008520743427337628 -0.016253234071815677 -0.02418088708476887 -0.031061996573298473 -0.032630458751967475 -0.013419005576581489 0.08982679078162886 0.5903823501839881 3.46344742535561 18.909960127755642 -9.578082246031876 -11.499404200872656 -3.079615138117161 -1.0103489733958702 -0.40927356550687477 -0.19322633228815306 -0.10371838127088036 -0.06407576485097012 -0.04703666931167192 -0.041394857124084534 -0.041937748258187316 -0.04594285065622058 -0.05181209015608684 -0.05849106458802105 -0.065206335649146 -0.07134294142744994 -0.07638847281993667 -0.07991081185093152 -0.08155364769049633 -0.08104133985620113 -0.07818807861830965 -0.07290786140704474 -0.06522258763144934 -0.05526607627811186 -0.04328228713666119 -0.029616621238480467 -0.014699922183266344 0.000974306641624359 0.016878031494603485 0.032479886406815324 0.04727657760440242 0.06082142612941774 0.07274722787646397 0.08278130106101692 0.09075161009647986 0.0965840300808454 0.10029192977588765 0.10196011374111764 0.10172564848906712 0.0997581556820852 0.09624183933725199 0.09136092510834146 0.08528947721007625 0.07818584870571826 0.0701914410377322 0.061433050365508265 0.052027934119586866 0.04209089359224257 0.03174340134075738 0.021127060512416383 0.010431784290341854 -1.4244429589853336e-5 -0.00931835487169054 -0.012686010113253585 0.07318099722184584 77679.37320872578 -0.04499632419410933 -0.0200753981242658 -0.010783716857740155 -0.00048478449201586754 0.010231970824486208 0.021023707837963812 0.03168080412650938 0.04204762221358786 0.051994624895323506 0.06140525008854498 0.07016693776054281 0.07816356013999863 0.08526893995433907 0.09134204018151816 0.09622473214548638 0.09974308953912525 0.10171296347594366 0.10195017915370407 0.10028510350049147 0.09658062360252223 0.09075185924923342 0.08278534290058394 0.07275508564947263 0.060833002635931124 0.047291657669537406 0.0324981475036297 0.016899062229066425 0.0009976297162504755 -0.01467482357484038 -0.029590275921111825 -0.04325521050041123 -0.055238747326423386 -0.065195430441734 -0.07288122968500442 -0.07816224502947382 -0.08101648666619708 -0.08152985891267481 -0.07988806283684463 -0.07636661562314295 -0.07132168102651562 -0.06518519139822121 -0.05846930735151057 -0.05178863804374597 -0.04591609340681831 -0.041905242648908846 -0.041352767240685186 -0.046978690131118085 -0.06399089924499518 -0.10358598552652129 -0.1930041484548726 -0.4088672257145749 -1.0095478936582822 -3.078409160024772 -11.512127653248923 -9.71177740131765 19.004868844979054 3.48168093334187 0.5939170709681577 0.09083437060848024 -0.013039830033464983 -0.03245897410309503 -0.030974196158746817 -0.024131845158528384 -0.016224038891518924 -0.008502492726196291 -0.0013251028082965355 0.005219068475001594 0.011116098233331442 0.016366944368966137 0.020970845131559716 0.024923279081366136 0.028218568821785674 0.030853637450248793 0.03283166507106472 0.03416517988204422 0.0348783970785093 0.035008714023806224 0.03460730831959455 0.033738810519083874 0.03248005067338442 0.030917915511251975 0.02914639574267807 0.027262954085652182 0.025364393486837673 0.023542455246706746 0.02187941542684487 0.020443973687382655 0.019287738332895467 0.018442595637361506 0.01791921271785215 0.017706857916240146 0.01777463601816448 0.01807412792014754 0.018543309634661866 0.019111509808853483 0.019705061099059475 0.020253221839785604 0.020693900534306045 0.02097871232633458
0.02069615678043646 0.048694603217644405 0.07625793244224466 0.1031760305061219 0.12926772219645777 0.15438224791143595 0.17839928010708606 0.2012277974985932 0.22280419408406832 0.24309002251546308 0.26206975396649707 0.27974888817224736 0.29615267834095377 0.3113256569204151 0.3253320726233008 0.33825728678205796 0.350210141362578 0.36132630661454834 0.37177265540731114 0.38175280346285784 0.39151411144328074 0.4013566955661865 0.4116453713774552 0.4228260353777817 0.43544889044972585 0.45020235658676383 0.46796386007399643 0.4898776556491995 0.5174766876776815 0.5528776982643415 0.5991011560378549 0.6606098753953881 0.7442429519063151 0.8608895918391871 1.0286022316956072 1.2786308980995003 1.6676662991451512 2.303930380445074 3.405574122270008 5.43627721830836 9.412316089776745 17.353116088313772 29.174818633274644 -21.883638121827918 -365.658292987317 1928.7011533642938 -986.1402351366921 -293.8107201589668 -88.09547634422404 -32.182198772036024 -13.481580013503386 -5.956592407566976 -2.4411004004309955 -0.5819175874927085 0.5125758629589972 1.220730672262249 1.7181330999249678 2.09214115111378 2.3884603951226935 2.6316798163107666 2.8349706593749913 3.0049561543926337 3.144306988388974 3.2532203334081213 3.3303368494448993 3.373373346402843 3.379613926270501 3.3463320267233114 3.271175947604024 3.1525259341387555 2.989815019166231 2.783795912810055 2.53673149122377 2.252486795551872 1.9365057779355266 1.5956656605645159 1.2380143389957576 0.8724097189735658 0.5080918398805978 0.1542268909524025 -0.1805347861200124 -0.4884474082403334 -0.7629738171696654 -0.9989850340058615 -1.1928483670585466 -1.3424093384631353 -1.4468824559346616 -1.5066721061383903 -1.5231472793361678 -1.4983926144343518 -1.4349536684246655 -1.3355857593931597 -1.2029993263587557 -1.0395548257145781 -0.8467333826871204 -0.6237027613686941 -0.36172679479418157 -0.013203641355263862 0.7959488039274709 11.017629660911576 -5232.373837302191 -10.98417219099132 -0.8261301030187268 -0.00487776356410119 0.3628722478399987 0.645651700666508 0.8897928307143033 1.1034821133602823 1.2872006282119153 1.439193673476863 1.5568630302209563 1.6372740832346078 1.6774445831116425 1.6745860220167275 1.6263450532078005 1.531053531136084 1.38797958064929 1.1975632233533762 0.9616147285247678 0.6834515101533656 0.36795045196463816 0.021497412353854717 -0.34817571498590993 -0.7322644171892101 -1.1212604549278027 -1.5053888023633388 -1.8750756089871978 -2.2214052190289157 -2.536525006649193 -2.8139630742293753 -3.048834494879665 -3.2379247547054124 -3.379652002917788 -3.4739204864536744 -3.521884465722477 -3.525644076475369 -3.487891562676563 -3.4115178651561613 -3.2991748189200796 -3.1527646475452626 -2.972789591886987 -2.757425661181201 -2.5010527302508216 -2.191703128137379 -1.8063021871508878 -1.3012106999218953 -0.592206653684535 0.4909456619477115 2.316336717517603 5.753492449782487 13.101752224880247 31.375491112995146 86.09923426982662 287.722111739932 963.8453828376025 -1946.4576930152687 402.8124249802656 28.82771483884938 -28.013352769153673 -17.180939897434715 -9.441078074373387 -5.501505615330484 -3.4670720061470357 -2.3515857733597683 -1.6995856418113366 -1.2952828095439024 -1.0311129611109735 -0.8505379433911978 -0.7223233902135199 -0.6284084178290443 -0.557901227309851 -0.5039686881968403 -0.46215673896978643 -0.4294487463535335 -0.40371955407049465 -0.38340943205450795 -0.36732438067375167 -0.35451137304007285 -0.3441794177114904 -0.3356494799217069 -0.3283231011803889 -0.3216634470269708 -0.3151847788209275 -0.30844768580701176 -0.3010582157667724 -0.2926695273039806 -0.2829849917558927 -0.27176186711899697 -0.25881481377554305 -0.24401863893949716 -0.22730977575467076 -0.20868612658181407 -0.18820503525661392 -0.16597930096395874 -0.14217129649073124 -0.11698540279526937 -0.09065910459495063 -0.06345319728366661 -0.03564162688075856 -0.007501508013790792
0.01956748003961728 0.07538709258916865 0.13052506146679632 0.18453584891622854 0.23701345086557524 0.2875982511739428 0.3359821044411626 0.381911843409799 0.4251914859659117 0.4656834576732827 0.5033091583506871 0.5380491844984847 0.5699434875009596 0.5990917091527881 0.6256539034684566 0.6498518407524467 0.6719711055755417 0.6923642614099779 0.7114554712483318 0.7297471638175596 0.7478296411591451 0.7663949963186006 0.7862574293481667 0.8083831629405666 0.833934916540692 0.8643387337677749 0.9013856443390589 0.9473885784668303 1.0054287382859837 1.0797502236126362 1.176406855456979 1.3043506232884707 1.4773186022069016 1.7172154582404882 2.0604087174901955 2.5699456898908846 3.3603847553047292 4.650851493896226 6.884268398600346 11.006060161007774 19.104192058616576 35.40985083296366 60.48095896912242 -36.436527869305735 -631.5843154667966 3469.8150241444555 -1896.3482841164225 -562.3340082352013 -169.45631539983128 -62.16031434328098 -26.122626091409984 -11.570078145270307 -4.748180657603573 -1.1265954313732784 1.014997974466969 2.4077087948740084 3.391116489216972 4.134170826396444 4.725164931468073 5.211462509073922 5.6182884397038 5.958180786693884 6.236041496051614 6.452024739928303 6.603335094743697 6.685472040441828 6.693195962404821 6.621354448833605 6.465630694538482 6.223228808977798 5.893480807737106 5.478341770310258 4.982731444284349 4.414682111183176 3.785263366704872 3.1082732047688078 2.399708692149005 1.677054699126268 0.9584511367319304 0.2618139056376201 -0.3960105199174446 -0.9999830256693376 -1.5374440443458037 -1.9984837115083476 -2.376098079778788 -2.666142179332809 -2.8671084319298323 -2.9797695552927217 -3.0067275009548755 -2.9519032738661855 -2.8199837522963067 -2.6158002374437883 -2.3435128481799627 -2.005185975434143 -1.5973570428454154 -1.1001958116696464 -0.4334372958039734 0.789627433335216 5.557252668178802 86.4969663632098 -223.37695323301432 -86.44628236174123 -5.5797892137510186 -0.801871498001816 0.4392676607639645 1.1257530827898932 1.642908499475959 2.070410389445332 2.4277201099620616 2.718018969562752 2.939005230152003 3.0863035404180006 3.1548741056736107 3.1398158936540854 3.0369787430745143 2.843511540040755 2.55837329627695 2.182792319626592 1.720639269813251 1.178672183548557 0.5666127393427756 -0.10297757644051053 -0.81503604356159 -1.5525445202066446 -2.297250532933559 -3.030508876815663 -3.73417191483455 -4.391448774177242 -4.9876563516582095 -5.51079803417065 -5.9519268415242355 -6.305274426835205 -6.568151623753682 -6.740645946742285 -6.825153734899489 -6.825787766723407 -6.747694506849446 -6.596298184985919 -6.3764599367218535 -6.091494113744447 -5.741907834667242 -5.323594953507287 -4.824957306647365 -4.221896766405803 -3.4684689495820265 -2.4783232664754573 -1.0854704893037415 1.044593802191074 4.633200460306686 11.379510575756646 25.762016507385326 61.3882236764593 167.53266618911576 556.4580149871423 1876.0342016587294 -3482.3350823678556 666.0458630741839 43.34046071404751 -59.392077468064514 -35.26334369883421 -19.13964017118269 -11.071501823079338 -6.944007873953897 -4.696435797531955 -3.3905583545590368 -2.5854265259334444 -2.0624151353347377 -1.7070506898885776 -1.4562699854648142 -1.2736803653366768 -1.1373640023182827 -1.0335816994233928 -0.9533831937585946 -0.8907121042396257 -0.8413101788305385 -0.8020645735106607 -0.7706089358565371 -0.7450744319321273 -0.7239319638147751 -0.7058913878497247 -0.6898372894584281 -0.674788743192517 -0.6598750973694362 -0.6443225704742817 -0.6274481123989817 -0.6086580110967188 -0.587449376746943 -0.5634130594582565 -0.5362368557004088 -0.5057080852167994 -0.4717148148509348 -0.4342451871625769 -0.3933844923655061 -0.34930980538014356 -0.3022821918306773 -0.25263666112620986 -0.20077020251973998 -0.14712836821667574 -0.09219095989110304 -0.036457419241159306
0.01773522726775112 0.10083886543943432 0.18302278814191775 0.2636170802056137 0.3420009280370728 0.41761461928011 0.4899695309397434 0.5586561788475941 0.6233504924654798 0.6838185391537521 0.7399199606579476 0.7916104010696756 0.8389432112201889 0.8820707178816556 0.9212453606316506 0.9568210348230577 0.9892550523658838 1.0191112567241312 1.0470650275239135 1.073911216616097 1.1005765166884063 1.1281384599288318 1.1578543086292192 1.191204753935096 1.229959967230243 1.2762798137812281 1.332867112223343 1.403204845734883 1.491929159662675 1.6054273948007054 1.752819231208031 1.9476096229491517 2.2105586662864423 2.574836400071421 3.095641237065502 3.868928105651842 5.069640584037735 7.033888043488645 10.445222893847443 16.77625679868816 29.33266500448034 55.09429142371902 97.52527188839122 -26.947184637806654 -651.0488551173388 4273.21819755381 -2685.9052372988044 -790.7344557119656 -240.37501503563985 -88.83610373977612 -37.56505446059169 -16.738562314548844 -6.925726854945246 -1.6915583987395233 1.4177773631737778 3.448496073522045 4.887738003362951 5.9783121084952535 6.847271870565885 7.562831589359164 8.161349149354985 8.660929053483784 9.068707481202711 9.38502694586658 9.606038233688912 9.725499304097662 9.736165847253341 9.630972567185175 9.404094202073997 9.051908601082625 8.573842038341606 7.973051681836041 7.256889063241845 6.437090845615723 5.529658298397133 4.554412648372641 3.534246090011184 2.4941224177665866 1.4599110276236615 0.45715795041145757 -0.49009603233451937 -1.3603483749735634 -2.135438085100194 -2.8010683491430655 -3.3470304037036547 -3.767141159710108 -4.058930514677095 -4.223126947570099 -4.262988951320712 -4.1835102636245125 -3.9904758058967316 -3.6892230803403647 -3.2826440011732294 -2.7670076100175245 -2.1208894992541527 -1.2690100231096957 0.06609759006931393 3.1952960263054164 18.26785704927558 298.7586468887049 -49.84850101266147 -298.67363199526096 -18.278043583173087 -3.1985691406546946 -0.053271698191026395 1.299783468700355 2.1698453382609784 2.833719669225465 3.366285712132211 3.788672955107042 4.104374627818541 4.310296630641308 4.400920806356123 4.370292017925048 4.213248044478424 3.926358172343103 3.5087169854192135 2.962617576158233 2.2940768103757447 1.5131648919547436 0.6340894203310521 -0.32500422075198987 -1.3425317226700706 -2.394253444049088 -3.454295198679902 -4.496328310568676 -5.4948087723949435 -6.426165575909026 -7.26983302998252 -8.00904037994321 -8.631300836990373 -9.128575949931827 -9.49712412605913 -9.737068677883874 -9.851737055533299 -9.846826690336554 -9.729443095014313 -9.507031707618896 -9.186183747270926 -8.771230442906896 -8.262430815345612 -7.653363978441241 -6.926764707450572 -6.04727895770013 -4.947959176853922 -3.503494970590326 -1.4737547485871305 1.6237722646850195 6.82630501675524 16.56804387627775 37.235439057642786 88.12047732666112 238.57187357520291 785.2094261368369 2668.3579186094607 -4275.808885051386 679.8852410231126 33.674989401166755 -96.56743730870664 -54.99041099943924 -29.37833564031461 -16.84138518379785 -10.501610425701635 -7.075753472194912 -5.096722456079602 -3.882316521171998 -3.096681666976374 -2.5648567283545822 -2.1908245318586146 -1.9193376224612388 -1.717197732849472 -1.5636309337638612 -1.4451235925231827 -1.3525438319891836 -1.2794814271024217 -1.22126118681537 -1.1743411432903887 -1.1359374472133532 -1.1037866957471636 -1.0759938297022487 -1.0509346352652327 -1.027193860620168 -1.0035269662277135 -0.9788377175933005 -0.952166379283581 -0.9226848500541729 -0.8896960858098546 -0.8526358149398006 -0.8110750061281202 -0.7647218845770187 -0.7134225637607516 -0.6571595974814992 -0.596047980059855 -0.5303283359463229 -0.46035724878795703 -0.3865948735162772 -0.30959015038189985 -0.22996408630959753 -0.14839167393032593 -0.06558308322787698
0.015273818151917418 0.12488820610001561 0.2333592710793142 0.33980871983113614 0.44341561988098244 0.5434331605694287 0.63920324662875 0.7301688795843808 0.8158843766242763 0.8960235544398787 0.9703860667185926 1.038902130721664 1.101635922996641 1.158787967977526 1.2106969076519647 1.2578411238726994 1.3008408196825416 1.3404613535911158 1.3776189057776445 1.4133899681273432 1.4490267653717581 1.4859816378226531 1.5259448320845137 1.5709023534496436 1.6232240544881287 1.6857978694520548 1.762235645781235 1.8571922833961196 1.9768682671115685 2.1298165356318717 2.32826843321033 2.5903720558244703 2.944088212962566 3.4342098328463653 4.135509733681694 5.178464371224655 6.802095253669038 9.468505788409603 14.125666104929934 22.842594753219036 40.369860195675344 77.2988393680024 143.85734225088265 24.799121084198017 -291.9649998816187 4135.373144700338 -3313.6179040639922 -968.1780379532734 -297.8060870577137 -111.17864543526228 -47.41431420381525 -21.308802239118627 -8.926878000590222 -2.2832348877482866 1.684559028631294 4.288046727261574 6.140073351854625 7.5469732119473605 8.669428176098503 9.593919145010066 10.36670266031714 11.010987457659853 11.536156251792315 11.943059663386576 12.227315925135429 12.381585174575104 12.397315490147442 12.266211984903185 11.98154256852102 11.539311293057851 10.939278622836278 10.185777452631495 9.288260552958171 8.261518044003212 7.125521292323245 5.904879721195244 4.627934985924065 3.3255567149287346 2.0297386943440854 0.7721177659142375 -0.4174544376978062 -1.5121657535771549 -2.489226405842926 -3.330517223965046 -4.022877637891442 -4.558042854576061 -4.932265506238931 -5.14566836061825 -5.201364863256508 -5.104340683391717 -4.859978845882518 -4.4718369038243555 -3.937545390705899 -3.2394574009558808 -2.318904908533148 -0.9910150173741972 1.4063467251368422 7.987983137858756 43.037339495408666 735.8831653889175 -27.861112935738674 -735.7398000586724 -43.03123059368807 -7.9802485700086745 -1.3853349797382508 1.0275364342043902 2.371182163354857 3.3069638964750014 4.019307984933218 4.566567618002337 4.966149777445028 5.220236656309218 5.325123549071442 5.275310933692268 5.065719424238724 4.693158632580463 4.15744233182358 3.4622682222862355 2.6158696967437667 1.6314028340658204 0.5270213136193691 -0.6743975061801466 -1.9458868571403665 -3.2573621220965965 -4.576868794435862 -5.872011509631125 -7.11144417039955 -8.266291130956116 -9.311376088653178 -10.22615769535662 -10.995304873833156 -11.608884298611176 -12.06217065010423 -12.355120943262353 -12.491572867956156 -12.478230988000604 -12.323492455474858 -12.036134232696933 -11.623832957198612 -11.091406544312814 -10.438529699924453 -9.65643092474988 -8.722609445043494 -7.591650986810139 -6.178139721870757 -4.32287220075267 -1.7218146923325683 2.2338427168794306 8.847692950519903 21.164591997186452 47.12583377315005 110.53907569904402 296.168754730276 963.1329504850949 3299.0897084108715 -4123.824877830735 311.1002155982917 -18.5563236601749 -143.10347181974103 -77.25402652301372 -40.42791350382768 -22.905956431293337 -14.176555936678547 -9.504671594165043 -6.824520653707575 -5.188671644738782 -4.134969556880592 -3.4242530937104476 -2.9259313013157877 -2.56515662311706 -2.2970918466463237 -2.093749406960922 -1.9369605180029337 -1.8144701396188845 -1.717691842631 -1.6403770661527206 -1.5778052256423813 -1.5262797698206014 -1.4828091420182599 -1.4449024768961594 -1.4104382301936835 -1.3775801628880535 -1.34472459601076 -1.3104685256347393 -1.2735916486567023 -1.233047499290263 -1.1879602691425295 -1.1376247791160254 -1.0815076904233112 -1.0192484851127837 -0.9506590981128715 -0.8757213717487666 -0.794581767395719 -0.7075430094424795 -0.6150525630627124 -0.5176880577534293 -0.4161399512453423 -0.311191887239215 -0.20369931441999167 -0.09456701045629234
0.012287955600542855 0.14743806071360055 0.2812408342045547 0.4126296180426148 0.5406018778864041 0.6642402174306117 0.782731162580208 0.8953815590945213 1.0016325249459501 1.1010709868911062 1.1934389093029574 1.2786404000583729 1.3567469564243484 1.4280012008241472 1.4928195641075725 1.5517945142101697 1.605697114929333 1.6554809606481036 1.7022888976706008 1.7474644691237162 1.7925707926426393 1.8394207351767056 1.8901240247580497 1.9471597144982145 2.013486854789137 2.092713484152936 2.1893561576444287 2.309242914784737 2.4601487891678233 2.652818036313828 2.9026476799169987 3.232537097573231 3.6778639433898697 4.2954846573162175 5.180674591189413 6.500472315660033 8.562708947125602 11.967196971243709 17.957781450226307 29.29337140769067 52.485047093677736 102.98580802634017 203.78121050031783 144.3785947616405 551.9528231686932 3064.402478015005 -3759.458212925608 -1091.6982029584865 -340.61381865763127 -128.7170137053392 -55.46470168255685 -25.192374118456204 -10.72143131062575 -2.90380422204084 1.7931114504660117 4.890438906379191 7.102039980724784 8.786019726288451 10.13081983107289 11.238223087606801 12.162967689163528 12.93283898360184 13.55948588879864 14.044640240461376 14.383990131288035 14.569836679096948 14.593114626879622 14.445071343910376 14.118739568879102 13.610244622024315 12.919928672425195 12.05324073587588 11.021326580966662 9.8412556509192 8.535840814005713 7.133038343291043 5.664955295575647 4.166533113770798 2.6740127857194373 1.223311862422749 -0.1515473345792273 -1.4198273335752631 -2.5551758010400327 -3.5363638814300824 -4.347628587693109 -4.978620502222864 -5.423982460944776 -5.6825902850698995 -5.756460868737712 -5.649250302022235 -5.364058452927423 -4.899736317507397 -4.243469591049265 -3.353069575064982 -2.1072752288187058 -0.14014202891876604 3.844088944151558 15.945488620497382 84.19312549859836 1510.9229995601847 -21.046312114663124 -1510.6915063094293 -84.16814196058108 -15.926161163169471 -3.8150857600899313 0.18165610753018147 2.161628264780169 3.4196684944820532 4.321216296602204 4.987192771966353 5.459542227301828 5.750906243132126 5.862321664051318 5.790629382612655 5.532160128960406 5.084923384820472 4.450103484398005 3.6331470901507235 2.64451989575476 1.5001274928738706 0.22136916320802946 -1.1652017015950644 -2.628612858885937 -4.134571447649282 -5.6468539275178475 -7.128881676048415 -8.545351935160816 -9.863784811981468 -11.055855394871417 -12.098404416510666 -12.974056986491123 -13.671420424927193 -14.184872114469949 -14.51398025372752 -14.662619626606421 -14.637848058687702 -14.44859533447848 -14.104183006169654 -13.612635870743558 -12.978651768459775 -12.200937754879847 -11.268335944125962 -10.153615415417205 -8.802689515500782 -7.114600685808603 -4.902069211204507 -1.808838437188376 2.87563369585242 10.665786119646858 25.079156985736706 55.225408347142064 128.16996577543676 339.182674036107 1087.2468957990034 3747.8160519881594 -3037.3850439433877 -546.9376570046691 -139.18570322795532 -203.32369835264652 -103.01548124375448 -52.55581194952119 -29.35238073907831 -18.000402420436934 -11.995332903705357 -8.578696644889055 -6.506245016136836 -5.177780300068234 -4.285209400499302 -3.6613324025960146 -3.210778504993041 -2.8766342418449704 -2.6234839990882386 -2.428396231342611 -2.275938521122123 -2.1553219835719615 -2.058713945584517 -1.980213716064605 -1.9152165654059972 -1.860011561792968 -1.8115240271834865 -1.7671495856950992 -1.7246474422499825 -1.6820726049117385 -1.637733977876421 -1.59016965004255 -1.5381334419284354 -1.4805885190613544 -1.416705024279985 -1.3458594621149067 -1.2676341251960377 -1.181815280241194 -1.0883891744389862 -0.9875352202878829 -0.8796159820298466 -0.7651638268388328 -0.6448643199799542 -0.5195366332672036 -0.3901113937640477 -0.2576065216516876 -0.12310168564927393
0.008911793509813748 0.16846189230174113 0.326484129813398 0.48174639321524326 0.6330858808764606 0.7794337765670845 0.9198377192343177 1.0534818175056415 1.1797040481795196 1.2980109737209533 1.4080898056975655 1.5098179425332425 1.6032702182361414 1.6887242267568658 1.766664237445037 1.8377844082215211 1.9029922495614193 1.9634136186083562 2.020400974694081 2.0755472666340866 2.1307087519001344 2.1880414449874928 2.2500580313912497 2.3197154463519554 2.4005487060275996 2.4968754099385926 2.614110113655782 2.759253089333058 2.941662442912801 3.1742987261215716 3.475780115220171 3.8738720868872893 4.4116044061042565 5.158386847685173 6.2310488384415 7.835545091592899 10.354074327669077 14.538184873786053 21.96608320230914 36.20396411230908 65.93348451386926 133.17397152857512 282.47707998075407 366.42985356905467 1899.4403025330619 1288.9277290189937 -4026.514987384235 -1165.0712741792945 -369.3753131601562 -141.50556667933634 -61.69462780871951 -28.36669477386644 -12.297507739573721 -3.5523670510723138 1.7348612358153437 5.239098561913846 7.750246421279194 9.666183288117303 11.197080971836192 12.456964960649573 13.507590856020462 14.380777344189799 15.090463357431554 15.639649991188858 16.024716294239376 16.238360026344377 16.27180765811087 16.116622446135096 15.766264786454265 15.217456547654272 14.471339081101874 13.53437900255272 12.418960591178418 11.143606084419444 9.732783120417476 8.216289040808844 6.628240134357588 5.005734125270722 3.387289726095588 1.811191790002109 0.31388036315638246 -1.0714847513837444 -2.316173749692396 -3.3966724758827116 -4.29506105808608 -4.998974099482689 -5.501149540739769 -5.798567266931398 -5.891127739792168 -5.7796802701615135 -5.462863501195514 -4.931337825778703 -4.155555204260475 -3.055749585514911 -1.4167642947038317 1.3971735606699287 7.626934545644781 27.85631676703537 146.44220966590348 2773.1258259586552 -17.14539211718602 -2772.776099206644 -146.39795609407756 -27.826536979722594 -7.591635969554367 -1.3527507635258118 1.4707923582885085 3.1187757028056096 4.2264040085226995 5.008467089436808 5.544480531003426 5.863832199992647 5.975782134318708 5.881687060836915 5.580762327478395 5.073234587419373 4.362305380850584 3.455463393513547 2.3653362691755664 1.1101322058804097 -0.2863293557808788 -1.7950048586778955 -3.382420121522678 -5.011827442693573 -6.644648131965969 -8.24209054215097 -9.766812119964552 -11.184487150945888 -12.465151407452524 -13.584219464594648 -14.52310581935512 -15.269421175043151 -15.816753685739537 -16.16407561401023 -16.3148340726163 -16.275787221910754 -16.0556323417807 -15.663436832762146 -15.106821468525467 -14.389742994456444 -13.509549000151333 -12.452663382186978 -11.187655592348744 -9.653212530800204 -7.735868606708607 -5.226261417733413 -1.7278545235849263 3.546738315630127 12.267184966072152 28.287414068633165 61.510200426206914 141.06364488366273 368.1832630377135 1161.3060049375745 4017.4617376732335 -1249.2247408522417 -1911.2848184606255 -363.17858415933824 -282.4304689770685 -133.2916962303421 -66.01514185023748 -36.25487767971336 -21.99711037695007 -14.55570177417903 -10.361707576700685 -7.835526769008963 -6.224907947283143 -5.147290691084501 -4.396529836231957 -3.8556919364891686 -3.4553052117336156 -3.152295442580971 -2.9188562215804597 -2.736323772207366 -2.5916826001504134 -2.4755079568089533 -2.380720529603225 -2.3018149110136386 -2.234372472785101 -2.174749503582596 -2.1198759415641533 -2.0671253491473527 -2.0142315400942246 -1.9592360796846786 -1.9004562417757054 -1.8364663519529478 -1.7660875730454717 -1.6883825873648117 -1.602652575962149 -1.5084345674415411 -1.4054977307242922 -1.2938375829613102 -1.1736674119580681 -1.045406497459933 -0.9096649631482046 -0.7672253114668348 -0.6190208786951978 -0.466111603325825 -0.30965762080115145 -0.15089127777090372
0.005306286039452601 0.188004570622069 0.3690203049719343 0.5469805214980417 0.7205852123118306 0.8886350222600536 1.0500568446861203 1.2039269895594562 1.3494916777948007 1.4861847061944933 1.6136422356774482 1.731714769608872 1.8404765299473436 1.940232598345859 2.0315243844487574 2.115134222338555 2.192090197616625 2.263672703174402 2.3314247571076807 2.397168868419619 2.4630343305134805 2.5315004592281474 2.6054638101905003 2.6883413705829082 2.7842280877671266 2.8981375593985224 3.0363722678140856 3.207099911288341 3.42126552140061 3.6940652465612676 4.047387127646268 4.5139702944551985 5.144726753112775 6.0221150450591105 7.285612639408092 9.182602066981488 12.175724228643963 17.18397205551836 26.164168934982023 43.629004815636804 80.93612149753348 168.88525830235588 385.9195689288497 734.5054955557728 3606.7869546882657 -828.5549526294388 -4137.499335010161 -1196.5675900886285 -385.9035767224061 -150.00575104874068 -66.23379599409542 -30.866571241170426 -13.660910450998264 -4.226844274106134 1.5123319414106495 5.33429247795647 8.081814534394715 10.181306517250132 11.858975910464252 13.238187740236828 14.386322782028449 15.338717114541794 16.11162257897123 16.709675301014165 17.130525935902668 17.36796828042314 17.414256515364546 17.261965909142752 16.905567415353428 16.342779722905988 15.575698762888 14.611668689903379 13.463842797455383 12.151384266708698 10.699272539534954 9.137708384655552 7.501145155064393 5.827009949458395 4.154210631500677 2.521547596281426 0.966159153450441 -0.4778750174072588 -1.780665226928102 -2.917297164571897 -3.868219665169592 -4.619207075254872 -5.160876546973503 -5.4877167553546435 -5.596497638576947 -5.4837089997594735 -5.141133523799413 -4.547274119668376 -3.648516724438222 -2.3121045371155002 -0.19165974216583948 3.724992175603292 13.001268688814793 44.54976224820606 235.10896466409025 4722.8948213139165 -14.012842902388911 -4722.407499974111 -235.04820009993654 -44.51256564887762 -12.962835668204331 -3.6809487949640562 0.24198006177478248 2.368132577484916 3.7090618642465767 4.610756321902221 5.205716734244525 5.54740691398381 5.657271554138088 5.543569991222075 5.2099446808107075 4.659841323275682 3.899060156244971 2.937332955614824 1.7892783946782398 0.4748669177667697 -0.980560457952695 -2.5466987683142595 -4.189082398960986 -5.870232524360919 -7.5510671523404405 -9.192466110015118 -10.756866149369548 -12.209757180223768 -13.52096078357512 -14.665595302817414 -15.624664176971391 -16.38524052610779 -16.940255495958013 -17.28792520129585 -17.430867021024643 -17.374957419474534 -17.127967920471804 -16.69797983247484 -16.091514797269017 -15.311211443059108 -14.352694252451613 -13.199945881003094 -11.817848997882074 -10.139249403223193 -8.041064765579863 -5.297525353829546 -1.4830273995963816 4.243549558040627 13.656161900947316 30.822405279352925 66.10742849490654 149.67720653038918 384.9739370952587 1193.5534304200512 4130.74600298236 875.1480665612021 -3633.9149170656524 -734.4301168773803 -386.4178854059852 -169.10145559770882 -81.0246037155371 -43.66713066915051 -26.179968151068266 -17.188232335848262 -12.173115531780992 -9.175455568760372 -7.275299737565521 -6.009590376633983 -5.130754562925176 -4.499220676280144 -4.032474733183765 -3.6795609976374846 -3.4076951896454957 -3.1949363820062135 -3.0260251458787133 -2.889942271668416 -2.7784358748215996 -2.685111139759666 -2.604856560100149 -2.5334767936534273 -2.4674554182432806 -2.403801050443466 -2.339947846225765 -2.2736918584653765 -2.203151089533173 -2.126741038151747 -2.043160061837024 -1.9513805279380847 -1.8506428424441834 -1.7404502319337545 -1.6205627301973946 -1.4909892682138381 -1.351977124124104 -1.2039982895553636 -1.0477325619864808 -0.8840473877988475 -0.7139746616882658 -0.5386848326194293 -0.35945878046256263 -0.17765800443630964
0.0016540261377206988 0.2061776692358075 0.40889063948446047 0.6083041928545141 0.8030048024038061 0.9916842218543609 1.1731676238968536 1.3464394230783272 1.5106664647582257 1.6652183510088014 1.809684783618537 1.9438899374446539 2.06790403724344 2.182052503789944 2.286923266258123 2.3833731221764576 2.47253438077355 2.555823485402009 2.634953931220374 2.7119566579006382 2.7892123561276683 2.869502008530922 2.9560848858281585 3.052817790070855 3.164336708969678 3.2963341816362455 3.4559861109700885 3.6526169694503507 3.8987545809009148 4.211838752373742 4.617059948016713 5.152215035193961 5.876294453432225 6.8852535352543 8.34225266560011 10.538568449478674 14.023449385442282 19.899786904483406 30.550895993130542 51.592022964911386 97.64803985417235 211.0347746316532 520.4419608277666 1297.4020206196979 5334.758688757545 -2928.5789016665117 -4127.337820184795 -1196.5010476245475 -392.68592007308587 -154.93303380089583 -69.31599211336476 -32.76992824688074 -14.832526253849565 -4.925811542499381 1.1356469479245623 5.189116137216954 8.110346314491034 10.344496796040602 12.128814935422893 13.59344458496392 14.81016016451994 15.817356769106116 16.633613851483425 17.26551357247294 17.712469025691068 17.969953568784113 18.031852207893163 17.892308855765314 17.54725377075994 16.9956870723309 16.240730816696193 15.290426629609444 14.158240236390451 12.86323426621383 11.429883577903643 9.887530086035712 8.269502936476547 6.61196042270773 4.952537496932807 3.3289028168659307 1.7773389162045738 0.33145718622340503 -0.9788529477028352 -2.128160469256901 -3.095854933873321 -3.866087478892055 -4.427236937678547 -4.770798642943497 -4.8894575506475135 -4.773777078297403 -4.406133209033936 -3.748469864578441 -2.714744751545206 -1.1013399988746286 1.6130551841664342 6.942854948962518 20.224365526289034 66.94020694969716 356.4726990056566 7632.881527055186 -11.089826327861374 -7632.2660116690595 -356.4023395124027 -66.90055730190103 -20.187237350449692 -6.903412807229836 -1.5704975298924673 1.1465115216036104 2.7613852905883363 3.795035921985157 4.450823847877983 4.814648960606016 4.924534931930458 4.798182675013196 4.445212618960914 3.873224181999424 3.0910955148677477 2.110893884482712 0.9489658066164086 -0.3735537267213207 -1.8307091533942277 -3.3921140179182796 -5.023713786022066 -6.688860170023236 -8.349615223877116 -9.968184601827357 -11.508367523606067 -12.936909577340172 -14.224654681088689 -15.347413056227 -16.2864899149473 -17.02885033841861 -17.56692481267863 -17.898082572166963 -18.023812656938752 -17.948652407941132 -17.6788872181588 -17.221009642450213 -16.579862339887192 -15.75628077992497 -14.743862155037757 -13.52414002242147 -12.058774632619507 -10.276006571563467 -8.045699422321029 -5.130670418513894 -1.086020460324133 4.963220140348779 14.852178618254829 32.7603856820613 69.2484376416934 154.7215828844589 392.03126878395665 1194.2728588509954 4122.679620824261 2975.8150299268846 -5369.939007086319 -1301.97725437597 -521.6263968882728 -211.35482299009078 -97.73721815927505 -51.6121978344386 -30.547946714093996 -19.88842883483166 -14.008979528114667 -10.523149349744159 -8.326933452841509 -6.870674200515833 -5.862942003279051 -5.140514653281646 -4.607401712833705 -4.20457840188633 -3.894204110055435 -3.6510320049792933 -3.4575533604709605 -3.301160660612451 -3.1724416940198674 -3.064128050307424 -2.970433496204128 -2.8866308662994777 -2.8087783656455256 -2.73354140521348 -2.6580765342668067 -2.5799561801989612 -2.4971202896523215 -2.40784555292084 -2.310725815308501 -2.2046591864940956 -2.0888386452971863 -1.9627438356564775 -1.8261323994661627 -1.6790296871679877 -1.521716070810586 -1.3547113980291736 -1.1787563780119026 -0.9947909005458833 -0.8039294584044621 -0.6074339756301228 -0.4066844478634035 -0.2031478695724287
-0.001848821936656364 0.22314912550613908 0.4462339738847687 0.6658256169617127 0.8804202754464363 1.0886223152756225 1.2891743546961099 1.480985230434828 1.6631554503621082 1.8349998444305848 1.99606723507606 2.1461570931824436 2.28533332226305 2.4139355316973865 2.532588425269988 2.642210252940258 2.7440216801105644 2.839556947279165 2.9306798950407 3.0196084047698357 3.1089522250724033 3.2017712825443967 3.3016648601363885 3.412907215501748 3.5406536002036137 3.691254486934553 3.872739188682944 4.0955704608719445 4.373843340667732 4.727232220043814 5.184236246898732 5.787752784829486 6.604980505020737 7.745710844509895 9.397641828986155 11.89811354611478 15.888685051844153 22.672044661682932 35.106199372685886 60.072842868440496 116.11486792203252 260.24973217931176 691.7742541594985 2100.393495191488 6622.183992386503 -4762.281104950396 -4034.9560582160216 -1175.2442469406742 -392.3919024254285 -157.11136474131803 -71.23055196368001 -34.1816035062481 -15.844400234355515 -5.649658000245195 0.6191770536351227 4.825206388052727 7.861276201760192 10.1833816593061 12.035725823200671 13.55312443798523 14.810726723623324 15.849601004803635 16.69065169025499 17.342637978908225 17.80710099778371 18.081620533846596 18.162140869176223 18.044752918355833 17.727128819238768 17.209697171979286 16.49658490063488 15.596317189398023 14.522251201672942 13.292717635873252 11.930853517801987 10.464127168496873 8.923578903199392 7.342825146638976 5.756895679565055 4.200990361115098 2.709250615495762 1.3136414534320462 0.043032832036660196 -1.077442046487631 -2.0266837820481776 -2.787510995176934 -3.346037369788002 -3.6903659957010504 -3.8082256079774446 -3.6827025947305803 -3.2840859231519914 -2.5529274382196654 -1.3613016234537145 0.5858385020884871 4.035609738325396 11.152472253430634 29.58070120623879 96.08767530360662 518.2381289917015 11878.501688235925 -8.209037472965974 -11877.822238115918 -518.1701120522941 -96.0523261900703 -29.55026833309948 -11.122399310937725 -4.0051345834457575 -0.5554095472015685 1.390629607903593 2.5797161601848195 3.306647136973595 3.699213096488574 3.8168422512896427 3.689343635088216 3.3338468212384953 2.7629515877347632 1.9889840153419769 1.026341714739365 -0.10722515084160555 -1.390020478244658 -2.7963192400459747 -4.296698466752513 -5.8587116767083725 -7.447836690772647 -9.0286170910292 -10.565906798607472 -12.026120889999659 -13.378396953332983 -14.595580954779308 -15.65496891178908 -16.538758204068802 -17.234186861991297 -17.733361939620274 -18.032795553789004 -18.13267632176818 -18.035901938600052 -17.746882485210335 -17.270089133094856 -16.608260301061023 -15.760069037207627 -14.716864127260752 -13.457745031221767 -11.941549219894597 -10.09294558849738 -7.776865724807013 -4.748813675685137 -0.5525267621842023 5.704918464471964 15.886043071173527 34.20469981223806 71.22028920171441 157.0163265957114 392.01411602231 1173.8072854530744 4032.273027289594 4805.670134123936 -6654.549549252842 -2111.0578191781037 -693.7665898414247 -260.6713711067998 -116.19706469364054 -60.070165177315005 -35.08166571711768 -22.64338925717396 -15.861289509058185 -11.873673083227093 -9.376718444895834 -7.728537300031208 -6.5917139289992095 -5.778543683374465 -5.179234018272624 -4.7265698658821576 -4.377617167550668 -4.103820839786998 -3.8854347689633304 -3.7082808126856492 -3.561806467258094 -3.4378908035781475 -3.330094490705815 -3.23318050423127 -3.1428037981889867 -3.055308634779541 -2.9675956579730545 -2.8770346634107713 -2.7814074308121772 -2.678870205686801 -2.5679287367094683 -2.447420938505862 -2.3165037031885882 -2.174641391197718 -2.0215942553247768 -1.857405589235639 -1.6823868028115196 -1.497099946988767 -1.3023374662002318 -1.099099154623917 -0.8885664501712132 -0.6720743185262279 -0.45108106748681376 -0.22713649544758852
-0.005003453202312436 0.23912782973145585 0.4812670146536746 0.7197653634283263 0.9530507470578709 1.1796606687064504 1.398273806824113 1.607739625832938 1.807105648880536 1.995642061575209 2.1728634263351587 2.3385474377796145 2.4927508395733433 2.63582286299191 2.768416837281573 2.891500980726769 3.0063698282892237 3.1146583284052953 3.218361417432203 3.3198629632211207 3.4219795478596104 3.5280269294990507 3.641920689078648 3.7683283749354035 3.912899861850949 4.082618207027211 4.286339632418034 4.53563694333553 4.846141985875018 5.239731636176859 5.748183337240531 6.419477748378643 7.32905048537711 8.600692382791687 10.44717665639551 13.253484389536135 17.75804732587094 25.477007243356606 39.78698516338586 68.99375714301215 136.21913368190408 316.61404894200325 903.4325780961838 3171.214529508628 7068.225337311275 -6226.4193200150685 -3896.887640055304 -1141.986272421298 -387.5289392741621 -157.360646588513 -72.28145414585676 -35.218278761717514 -16.735225271529984 -6.400819426824744 -0.020979668913789773 4.2690562084155 7.367559376979804 9.735433817147365 11.620741091537822 13.161356352548031 14.43501443777341 15.48514460134709 16.334946425149433 16.995490836225894 17.470667846893605 17.760414031594006 17.862968901723452 17.776556560186172 17.500698852423447 17.037259925676285 16.39126157956916 15.57147530608205 14.590780999194086 13.466278805150944 12.219146304655037 10.874245560024143 9.459500981051638 8.005086792729488 6.542479507314347 5.103443893951232 3.7190289798272325 2.418653196487597 1.229356018591643 0.17529038460417645 -0.7224684144635507 -1.4457056869177087 -1.9783008048346318 -2.304647889234124 -2.406719658420986 -2.2585819433440513 -1.815606675191761 -0.9916287652234068 0.3938764834054975 2.751109144891739 7.11234556545759 16.4662290544737 41.403156876420596 133.2786408391784 730.1884719651586 17982.142979619446 -5.346748821466463 -17981.553530216806 -730.1402840075699 -133.25579041958858 -41.38530663633899 -16.45036827021995 -7.0980764222206005 -2.7389004809830197 -0.38467824892141067 0.9965343530971005 1.8147091595199782 2.2502454637962632 2.389294334065317 2.276589102493398 1.9382915793109134 1.3927753562814615 0.6560998617699543 -0.25507273724967305 -1.3219246789408778 -2.5227484174672465 -3.83276588457937 -5.224357469455487 -6.66760633506569 -8.131079648098227 -9.582769931523183 -10.991117146197382 -12.32603104064256 -13.559836678105341 -14.66807495540734 -15.630103791692829 -16.42946295097869 -17.05398370936473 -17.4956412289734 -17.75015979907979 -17.81638661073448 -17.695445838984412 -17.38966840318934 -16.901258778409673 -16.230599190466474 -15.373984715004312 -14.320392217405594 -13.046532852037107 -11.508753588958253 -9.62896424250792 -7.268803847981786 -4.179592031875734 0.10033155221439438 6.470121298513265 16.795442384150427 35.270753404072764 72.32493262340766 157.37734583950834 387.42028202411126 1141.3203138194783 3896.1141103936825 6264.0756496703525 -7088.331487050432 -3188.919999380637 -906.2920927280693 -317.1241945360803 -136.28593353843365 -68.96449665314663 -39.739360025702325 -25.43048846682605 -17.717505661622724 -13.219869280573365 -10.420430462414059 -8.580577988747951 -7.315367674720412 -6.412093657936491 -5.747008712641763 -5.244685381616751 -4.857117774412778 -4.552476093677288 -4.308811254983835 -4.1104065623336075 -3.9455985279723826 -3.805440685735184 -3.682865818659675 -3.5721509126984685 -3.4685704346437696 -3.368169214895411 -3.2676125791156196 -3.1640869631160973 -3.0552336867009644 -2.939104411183724 -2.8141305153966956 -2.6791010399845883 -2.5331454662286257 -2.3757187064005203 -2.206586475101968 -2.0258097902103867 -1.833727783129846 -1.6309383291990276 -1.4182762602077403 -1.1967891104147643 -0.9677104930727598 -0.7324313053846954 -0.4924690381791219 -0.24943551862166569
-0.0076216544780960405 0.25434428267134823 0.5142592068602125 0.7704259413249259 1.0212237399198631 1.2651420622805665 1.500813087463304 1.7270425088861119 1.9428381892327984 2.1474363217138803 2.340324855995002 2.5212640983918178 2.6903046005544162 2.8478027012518448 2.9944344015375712 3.1312086351009683 3.2594814833697416 3.380973507314533 3.4977932143867574 3.612470861549255 3.7280085244681405 3.847954967267919 3.976517885125319 4.11873250142164 4.2807159056998385 4.470053779348781 4.696395447478796 4.972384127845258 5.315140181754579 5.748682351630757 6.307989435942809 7.046029949139206 8.046369139959003 9.446714816309584 11.48498947032353 14.594474824841384 19.613116545352803 28.279890033479635 44.52377340019409 78.2064548787864 157.6228642216537 379.3592135504231 1154.512470120448 4503.543799089478 6521.835479867946 -7338.9258116255005 -3743.8161926957214 -1104.1972483788643 -380.2553454892932 -156.42516532982208 -72.75803794740048 -35.996347706982874 -17.545927382801306 -7.183181934142524 -0.7684627059814653 3.549337211116166 6.6662115301402425 9.043951677035478 10.932335891624678 12.471165294363484 13.740190066581087 14.784952142768912 15.630880967844318 16.291391025088362 16.772793718820566 17.077456525082525 17.20596229347726 17.15867127563053 16.936900604666015 16.543831784885942 15.985197968755305 15.269770212322786 14.409645629610557 13.42033499628803 12.320649675313655 11.132395321054034 9.879890699100446 8.58934215685947 7.2881160680959844 6.003961451519491 4.7642421087845666 3.5952420439944177 2.521610956488507 1.566021519330274 0.7491232264855707 0.08991087557363997 -0.3932969495079597 -0.6809022338127857 -0.7483464281055063 -0.5590860381976537 -0.05052070172872902 0.8961879697255704 2.526444962529517 5.393223742539144 10.883821302992702 23.018066947770865 56.1006946137188 180.13412917190053 1005.0970527457048 26675.985656477293 -2.5524265896592624 -26675.772443365808 -1005.0917178241913 -180.13284187202714 -56.10124916263004 -23.02081780564791 -10.889213740812309 -5.401884926024003 -2.5392419392089582 -0.914222070219628 0.025960854009854373 0.5266010162274792 0.7065242509429748 0.6284312760340693 0.32908589076119377 -0.1666143852940838 -0.8386239217916813 -1.668086527187862 -2.6354063486599966 -3.7193024056247914 -4.896477555490497 -6.141703982933677 -7.42820431396396 -8.728240668705034 -10.01383728719829 -11.257567728956142 -12.43334139435448 -13.517129350839596 -14.487577470797541 -15.326465603784367 -16.01898397956325 -16.553810739534104 -16.922985628339827 -17.121582497151564 -17.147185377998085 -16.99916716487837 -16.67775316654546 -16.182818644279727 -15.512310073502178 -14.660075087190165 -13.612697581901756 -12.344583448536394 -10.809861430652184 -8.928282593914094 -6.55936348027214 -3.4524262682364415 0.8555073535723712 7.262038864695453 17.620536005687747 36.073886572187405 72.84995727872167 156.5455017369477 380.40025304398205 1104.2631923122092 3744.9136543024506 7371.257716651271 -6526.411905057614 -4528.24002531683 -1158.1806142089767 -379.93070662740047 -157.66611799334362 -78.14898343415311 -44.45347560805113 -28.216424353839642 -19.5602870250372 -14.552283983352147 -11.452693362606485 -9.423593539726326 -8.031874786937273 -7.039766015038313 -6.309652728642423 -5.758005297544499 -5.331843461129082 -4.996141212679633 -4.726808314479275 -4.506638591820766 -4.322897469496711 -4.1658463775778865 -4.027819084001238 -3.902632137595119 -3.7852025091514307 -3.6712964369764456 -3.5573627885573944 -3.4404215388395 -3.3179884128786696 -3.1880231997993835 -3.048893337013747 -2.8993470173444003 -2.738491841662305 -2.5657762514708082 -2.3809718303158256 -2.1841551772161516 -1.9756885096333665 -1.756198489598626 -1.5265530138675043 -1.287835894081546 -1.0413194819941518 -0.7884353872167349 -0.530743499380093 -0.2698995710193053
-0.009540263761209644 0.26902892421465374 0.5455042712626534 0.8181571575771596 1.0853351412343226 1.3454961520947828 1.5972416021786673 1.839347963780713 2.0707963941368757 2.2908000526788985 2.4988288661426106 2.6946316553466687 2.878255745083491 3.0500644446612712 3.2107531121811084 3.3613649234270904 3.5033079765783848 3.638376031708801 3.7687760880866783 3.8971672745241603 4.026717399131519 4.161186327761857 4.30504975321766 4.463683902241888 4.643643093431848 4.853080953688971 5.1023982418549325 5.405256263231461 5.7801952075163525 6.253281872480587 6.862564202889456 7.665808290309162 8.75443300898146 10.279667847656118 12.504049806775635 15.908568019444985 21.430570553223614 31.0347068774397 49.21897712146961 87.48270884199383 179.71825767977066 446.5586075627481 1437.2623090480374 6043.7420782317195 5152.841184453862 -8192.904059021337 -3599.8315126184366 -1067.6081503595335 -372.3199825146706 -154.93868235701535 -72.91737658561532 -36.62331219973795 -18.31583575946344 -8.000955248672058 -1.60718701164686 2.695240721202752 5.795824378390379 8.154914605870978 10.02271811404984 11.540254753202028 12.788909950292737 13.816139317122735 14.649496303526105 15.30467107018707 15.790331158001546 16.111190161472443 16.270057546851067 16.269276452260396 16.111771263259133 15.801824769690054 15.34564741942468 14.751769212454358 14.031268004138786 13.197840899485946 12.267724729531082 11.259475225842142 10.193620774606726 9.092214250269182 7.978314268111131 6.875434468543995 5.8070059175319155 4.795903781690258 3.864096919218296 3.032491592172004 2.3210655925987034 1.749441311780231 1.3381557698088908 1.1111175240963167 1.1002444592589367 1.354418430281612 1.957628901316788 3.0682100101753207 5.010768162534429 8.513670653285121 15.402555628107883 30.977719153963967 74.1951650879269 238.75656023816916 1360.0131131918579 38987.23808245244 0.08023750979191391 -38987.86431665648 -1360.0784595529224 -238.78594730654345 -74.21923933676577 -31.00251060148773 -15.429957289365692 -8.54466108019647 -5.046189155923919 -3.1089858945576587 -2.0048074954326367 -1.4091359346002363 -1.163649843159975 -1.1842734266265253 -1.421927495290909 -1.8443839960613495 -2.427319139230999 -3.149692492844247 -3.9913151526649315 -4.931611509303435 -5.949082622151991 -7.021210659603483 -8.12465306579191 -9.235627300168137 -10.33041228878151 -11.3859057528376 -12.380184690947704 -13.293023200432463 -14.10632908939502 -14.804468852903652 -15.374459097773352 -15.806010643941715 -16.09141809678749 -16.225291377157113 -16.20412487909284 -16.0256925107366 -15.688239628537659 -15.189410374595035 -14.524790973788893 -13.685846901176982 -12.656846004666377 -11.41001239176674 -9.897481463114476 -8.037259861218143 -5.68749244645228 -2.596847844865968 1.6965679505173692 8.084478022843955 18.40010703188094 36.720749228095606 73.0509585157657 155.15175322395547 372.6971136939339 1068.3557507231133 3602.780496603035 8221.862968664233 -5146.091576495522 -6073.992795004681 -1441.5098730638665 -447.1480008939332 -179.7311032950599 -87.39823411260339 -49.12875121867332 -30.95690553193253 -21.36750775560109 -15.859225395882525 -12.467022694676727 -10.253804543566142 -8.738892329019295 -7.659982274697274 -6.865985075661454 -6.265542857042116 -5.8008900650380335 -5.433936108917431 -5.138543089349967 -4.8960836457645485 -4.692803682319613 -4.518212848162451 -4.364078483808653 -4.223783769225775 -4.091911094801503 -3.963967687168335 -3.836202666031019 -3.705483634315887 -3.5692123113556518 -3.425265763500329 -3.2719542342629637 -3.10798945675983 -2.932459243256136 -2.7448054490503138 -2.5448033168445905 -2.332540857631904 -2.1083973929086897 -1.8730207257827702 -1.6273026556701264 -1.372352728347681 -1.109470233714993 -0.8401145504405294 -0.5658739883473984 -0.288433325033588
-0.010635368727918149 0.28339005078426016 0.5752907017436693 0.863319875943902 1.145807089372175 1.4211924982610036 1.688060342003861 1.9451709812984275 2.1914911255416225 2.4262219127091367 2.6488246194972254 2.859043939100192 3.0569289825799206 3.242852428060883 3.417528581091678 3.5820315275614245 3.7378150938466304 3.886737023787168 4.031090738049192 4.173649390714074 4.317728933173615 4.467279920014888 4.627022509595957 4.8026466335185365 5.001111570800687 5.231099584224741 5.5037130943030865 5.833565701494347 6.240526618476877 6.75258023825287 7.410649388108481 8.276999152093088 9.45042980295041 11.094925772419314 13.49636373219068 17.18128124765961 23.18275940582315 33.68514668469713 53.747815423575425 96.51261236016562 201.60352025331284 514.9239598578603 1735.2212877245065 7686.871645505455 3382.7215674703125 -8918.687157084762 -3483.613474364091 -1036.492382366556 -365.0842260068443 -153.4160180136812 -72.9759571926955 -37.192391566625226 -19.079661752416445 -8.857342481357055 -2.521245874161915 1.7356239967653009 4.79493359177352 7.114680383489141 8.944926015511667 10.427555260773824 11.645361519933145 12.647548679200899 13.46364747610726 14.111467926014308 14.601852453749174 14.941646927741358 15.135641566332291 15.187891647092666 15.102645627660394 14.885008129107979 14.541409037791553 14.07991832090505 13.510428783811701 12.844720369966645 12.096416508958763 11.280843497371018 10.414806681231514 9.516301353132972 8.604181218977436 7.697812715886654 6.816749606718409 5.980470063705612 5.208230131075187 4.519107565275071 3.932347638742062 3.468195703197896 3.149548283951642 3.0050585160368293 3.074985608388925 3.42255382750567 4.157121131564967 5.484552003882648 7.82570454972209 12.123537842239074 20.742993532647525 40.56969646497599 96.37129448489823 311.9331876417153 1818.0968000960718 56342.51072390839 2.432158001965945 -56344.64378334001 -1818.2638554604846 -312.001362716674 -96.42261184459099 -40.61849209801682 -20.793274731356615 -12.176857573449329 -7.882962542031802 -5.5465241689911515 -4.224619208410552 -3.4964457726349707 -3.1561511271172016 -3.094310266107403 -3.2475354960737057 -3.5753023256490657 -4.048595356331841 -4.644073014353767 -5.340984492648859 -6.119547684662052 -6.9601502927862935 -7.84303994564417 -8.748315873130519 -9.6561078788715 -10.546866109156783 -11.401705638400816 -12.202762150754776 -12.933523501299504 -13.579108838847054 -14.126473150367636 -14.564520671959125 -14.88411526699207 -15.077978968200956 -15.140470481793121 -15.067232284489695 -14.85468605565421 -14.499338434984798 -13.996826904960345 -13.34057880513828 -12.519855602102087 -11.516771355909206 -10.301531114292171 -8.824468014987582 -7.002107406150065 -4.691623813634083 -1.6416685802954356 2.6075701393177275 8.940480315297178 19.168506313607182 37.30387261498324 73.14317484828413 153.70868204190978 365.6684013108857 1037.868008727396 3488.4277064939793 8947.140943161998 -3374.452745958507 -7719.782907623126 -1739.623320082657 -515.4719804080487 -201.58121286866447 -96.40547763140717 -53.642784650293486 -33.597281858540605 -23.112661508056796 -17.1269918309902 -13.455946049465428 -11.066914811953612 -9.433790721294233 -8.270996153489467 -7.414722362648409 -6.7662480097159525 -6.263316183339196 -5.864963096839509 -5.5431317231782735 -5.277862712328996 -5.054446477487928 -4.8616884070198925 -4.690825763218609 -4.534836840367484 -4.387992114500971 -4.245557914773768 -4.103597959352889 -3.9588385491218236 -3.8085755193018045 -3.650608628430474 -3.4831938435619936 -3.30500706432979 -3.115114867856539 -2.912949237922624 -2.698284199033063 -2.471212952783186 -2.2321245966305803 -1.9816798533173197 -1.720785487423493 -1.4505672572173722 -1.1723413714492814 -0.8875844995387405 -0.5979024382180009 -0.30499758071400596
-0.010834529118874947 0.2975933582738399 0.603873532614152 0.9062506997059572 1.2030464683993047 1.4926939344078738 1.7737713141835476 2.0450342130962085 2.3054461490129574 2.5542070298806285 2.7907794057263624 3.0149124850348263 3.226664126936285 3.4264212963314167 3.6149198107876535 3.793264634397997 3.9629525144213584 4.125899476806749 4.284476683091287 4.441559567527897 4.60059727251938 4.76571260016323 4.941847704172386 5.134978747513008 5.352435812570333 5.603386153109901 5.899576096859427 6.256492090772891 6.695218680781295 7.245488857251375 7.9508398570152234 8.877619942363781 10.13132296497341 11.887506743518545 14.45327113918593 18.39672518859359 24.838781294319322 36.1667171346286 57.962778346247184 104.91426388297808 222.10342548040438 579.8300852425697 2023.0051795776749 9283.99533885976 1767.9869421834126 -9665.813610749936 -3410.8717191698365 -1014.0873335820011 -359.5854280487209 -152.25969644106607 -73.10726531964629 -37.77943705601777 -19.865220032645528 -9.753219451768823 -3.4944608576051306 0.6986955216371771 3.7010247904643854 5.968376963337157 7.750657147579734 9.190534830752494 10.372097773278451 11.346152755846438 12.14402470982423 12.785417990061054 13.283081659337391 13.645687979408349 13.879674995878055 13.990465722293898 13.983296244884924 13.863786247110266 13.638329899957057 13.314353446048921 12.90046781248222 12.406534710551753 11.843659729962042 11.224124177576789 10.561267718210976 9.869335678395208 9.163307912546381 8.458730491174293 7.771577789346118 7.118182239091997 6.515284928967358 5.980288114991739 5.531841709299767 5.190992768120406 4.983317947824251 4.942849750999567 5.119443645187349 5.59311774714466 6.503412151255272 8.113448828743763 10.961081344875723 16.251844938866 27.014449560776033 52.098988896218664 123.54592201017755 403.4237124568163 2411.264693637367 80664.15315341906 4.376433908532817 -80668.61919982877 -2411.56509310124 -403.5365688576631 -123.62613560905177 -52.17186552436637 -27.086738175001734 -16.325884406918068 -11.037918354968035 -8.193753485619126 -6.587781736822063 -5.6821635905168755 -5.213784184556758 -5.043056959503911 -5.089840021923475 -5.304067437531534 -5.651411173029919 -6.1059248944006494 -6.646136531066604 -7.252940958122345 -7.908480085228042 -8.595588189864722 -9.297571090025603 -9.998184685484635 -10.681729575602317 -11.333206667419882 -11.938495134359295 -12.48452436418801 -12.959418507011433 -13.352597262638044 -13.654820126363653 -13.858163616927154 -13.95592160359893 -13.942417245588201 -13.812710089499136 -13.562171802614097 -13.185885712422017 -12.677793244834644 -12.029454247162452 -11.228188640261399 -10.254185758152845 -9.075828065783359 -7.641815595176709 -5.867341193322231 -3.6087378749592722 -0.6147174689974388 3.572562732382517 9.830957158728365 19.95333028613563 37.89853403018614 73.29899573559616 152.61697497972125 360.34916392550184 1016.041302095112 3417.63586782891 9697.266574316323 -1771.2264206774364 -9315.49593984652 -2026.9717026361 -580.2664385785405 -222.04379681968643 -104.79162812932152 -57.85004641956692 -36.07438709698041 -24.765737919941188 -18.340298268951226 -14.411212093867336 -11.858212841227983 -10.113701884568293 -8.87091599428378 -7.954489757157553 -7.259014161528909 -6.718149197434824 -6.288313571149728 -5.939696886614054 -5.651118925640574 -5.406991545254813 -5.195470745993358 -5.007303840776078 -4.835094102591808 -4.672822465017767 -4.515530976553772 -4.359109927463689 -4.2001523884172 -4.03585301033571 -3.863935992740042 -3.68260219786698 -3.4904886477182817 -3.2866357908994948 -3.0704593702068905 -2.841724719244154 -2.6005220116587235 -2.347241482997253 -2.0825479954145187 -1.8073545664892832 -1.5227946594220665 -1.2301931518510223 -0.9310359878106356 -0.6269385760954149 -0.319613047207179
-0.010125329202304023 0.31174505826458976 0.6314495245668406 0.9472298786122879 1.2574064071069202 1.5604127181112482 1.8548295479992039 2.1394171329180978 2.413145796621996 2.6752245042671596 2.9251272659658323 3.162617458129513 3.387770356466091 3.600994455799089 3.8030524935162013 3.9950835183116817 4.178627890550901 4.355657826706771 4.52861711103536 4.700475059241094 4.87480199879875 5.055876875326715 5.2488428423899665 5.459935094380419 5.696818951289595 5.969099170943792 6.2891007443446885 6.673090305320539 7.14323146390472 7.730798211337541 8.481614551295314 9.465575746731917 10.793957384804767 12.652272652362504 15.365830564207787 19.538367002671084 26.366066598652314 38.41026119704493 61.702214743416526 112.25776969771339 239.85071932621113 635.6809450635303 2268.7317167257424 10657.533017600756 934.6067637470412 -10604.90684610933 -3397.9243728859565 -1003.0715965387404 -356.6106042258732 -151.77093427598098 -73.44146587134004 -38.44081860034848 -20.691514864689534 -10.685829649177466 -4.5097315538937535 -0.3879547202500361 2.5499916703890233 4.758834621494782 6.488717852394573 7.883208157833179 9.02764959908639 9.974315515687003 10.756113393252663 11.394368395010734 11.903412852500571 12.2933863340835 12.57199729138736 12.74566128393606 12.82025198377057 12.801603003682049 12.69584333855156 12.50961738779699 12.250221961702668 11.925681829199064 11.54477913245966 11.117048750857172 10.652750451205506 10.162829087134728 9.658876133911143 9.153109892725553 8.658398733801809 8.188363702820167 7.757617370266479 7.382232086724505 7.080596882471646 6.874946676558302 6.794090802785258 6.878363774982521 7.18888038454768 7.8255638582480636 8.964139425600148 10.937057183542098 14.424934339056783 20.95572930240097 34.37809758824128 65.98637995379075 156.96576281284845 518.3748448756998 3184.027218782912 114365.37700189732 5.796904454200558 -114372.90598770588 -3184.489512953803 -518.5347359052095 -157.07383905612548 -66.0812185328985 -34.46964416842002 -21.047252960839646 -14.517695757521043 -11.031660773983543 -9.060995152314621 -7.925045769925365 -7.291360270158531 -6.984185560445777 -6.903515202933974 -6.988082726271383 -7.197331844289723 -7.502168767423711 -7.880026208799684 -8.312155413784383 -8.782121549112398 -9.274973515082108 -9.776802452660105 -10.274527660715238 -10.755814848086853 -11.209068221956775 -11.623458890450689 -11.988964493553356 -12.296402564172526 -12.53744469430884 -12.70460109744187 -12.791165975485907 -12.791113140850907 -12.69892824704022 -12.509357769893148 -12.217043908244184 -11.815995749625552 -11.298814871907592 -10.655537766196405 -9.871858665546906 -8.926316657227456 -7.785693595724584 -6.397213511318244 -4.674807525188555 -2.473901865022651 0.45705932639431013 4.57487744915594 10.753334056056197 20.773457950155823 38.56057966900805 73.64752398058727 152.1761394484422 357.52502869816016 1005.5655159169552 3406.864587587339 10643.52888104878 -964.3494684196696 -10682.933840455 -2271.609387517035 -635.9342033589232 -239.754172698583 -112.1286119024667 -61.590002692715196 -38.3197579116945 -26.294615795348086 -19.48291529954321 -15.324093913032382 -12.622718252043239 -10.775590412708015 -9.457739856324164 -8.48383938560862 -7.74268953820767 -7.16439424281512 -6.703076560945209 -6.327376442177846 -6.015026078352581 -5.749648639390426 -5.518812930471461 -5.312820198818957 -5.1239299550670525 -4.94585573536932 -4.773430552622027 -4.602381052080662 -4.429172377191093 -4.250899540565456 -4.065209558762328 -3.870243918939753 -3.664594352152384 -3.447267120332276 -3.2176525206095707 -2.975497329865684 -2.720878625558365 -2.454177918389533 -2.1760548893379195 -1.8874202789015415 -1.5894076578149008 -1.2833439419990267 -0.9707186110718968 -0.6531516660968073 -0.33236042675521826
-0.008558870241981431 0.32588020618118385 0.6581376163999897 0.9864544424187383 1.309152892935428 1.6246716284185059 1.9315998461655326 2.228709732323142 2.5149869662843827 2.789659086929186 3.0522216897593824 3.302462620567992 3.5404845725311995 3.7667267757257594 3.981986805828841 4.187443961292114 4.384686191319931 4.575743283803946 4.763130038321073 4.9499046366502375 5.139749660429405 5.337086654624845 5.54724056787359 5.77667911880464 6.0333664185052704 6.3272940659295225 6.671293818246437 7.08230770109064 7.583420951262354 8.207204264377848 9.001376196985793 10.038726036426942 11.435179989724269 13.384157790205588 16.225270176794815 20.589959837217506 27.732407506891597 40.34675378141172 64.8029760596691 118.10401635277134 253.43297929140138 676.6551276224452 2439.385732398662 11621.370893845935 1571.9616129588587 -11944.029036800997 -3467.2723514239933 -1006.1016403113854 -356.7571538316816 -152.15440627448507 -74.06278322130034 -39.210434725887865 -21.56642955933152 -11.64721976180106 -5.548133370053345 -1.4970276768918114 1.3759606367363952 3.525966513434082 5.2040112019461136 6.55478004582391 7.664871921866308 8.587888637048845 9.358088160497934 9.99811617787394 10.523540055869805 10.94559015197727 11.272861425156155 11.51239315552055 11.670366165696388 11.752558964313597 11.76464884580619 11.712411879281625 11.60185665180391 11.4393150847647 11.231506641345979 10.985588120928647 10.709199209048004 10.410513752545647 10.098308498436293 9.782065438705967 9.47213223770449 9.179980002411714 8.918623532528924 8.703315132283507 8.552706641942187 8.49083147336227 8.550565054883386 8.779846423443427 9.253277045977448 10.09471974421583 11.523741449050995 13.957415708516496 18.25175544704072 26.333155327049607 43.069691619863626 82.81787739510271 198.34822338636647 663.9287229698665 4199.0468408996585 159993.7728688225 6.607546137047393 -160004.2406288499 -4199.691495551754 -664.1331707535292 -198.47995447346278 -82.93020161104668 -43.17588104652881 -26.43742214437861 -18.355586277825076 -14.061366627282634 -11.62805345604978 -10.199545562408208 -9.358753884152193 -8.886098373768192 -8.65767081162594 -8.598775889004928 -8.6613278069958 -8.812255489452081 -9.027291624205125 -9.287527886643332 -9.577452051138247 -9.883806942849738 -10.194917757367916 -10.50029141349662 -10.790375331632962 -11.05640918915185 -11.290329429674006 -11.484701457700197 -11.632663212460258 -11.727868639029303 -11.764421718091777 -11.736791849952798 -11.639699575934914 -11.467957655629801 -11.21624552617939 -10.87878355034766 -10.448854209192948 -9.918084967764639 -9.27535175816757 -8.505063427074605 -7.58440823450196 -6.478806992423758 -5.134163174213279 -3.463176930966101 -1.3201910229808378 1.5471910638842692 5.596161337110133 11.699929858418473 21.636681053033843 39.32334481017263 74.27177171167476 152.58884744599686 357.79212377835324 1009.1177017543895 3478.887900061327 11994.73813202232 -1643.7364055391868 -11636.178642530409 -2440.615903664298 -676.66648257517 -253.3020490173432 -117.97759575553401 -64.69940161362042 -40.26420965723531 -27.666954983864844 -20.53851083232083 -16.18578281267477 -13.355372494910643 -11.41634853860476 -10.029404599875036 -9.001277616072084 -8.216094503870618 -7.601047302570468 -7.108350180072831 -6.705334155389375 -6.368798597893854 -6.081680349844243 -5.831030274249249 -5.606751087039452 -5.400791221219503 -5.2066188831484395 -5.018872174171185 -4.83312202468944 -4.6457085936441045 -4.453626109342523 -4.254439903639828 -4.046224884642902 -3.8275182076114023 -3.5972811923240533 -3.354867064228051 -3.0999921278940246 -2.8327087002422147 -2.55337863184657 -2.2626466072583895 -1.9614126752326433 -1.650803656997324 -1.3321432297624947 -1.0069206025575816 -0.6767578043120892 -0.3433756917775588
-0.006247366942657706 0.3399573772822073 0.6839660470636666 1.0240182039822354 1.3584383331843863 1.6856719829327904 2.0043203400238463 2.313172838458444 2.6112375194858872 2.897769018075924 3.17229424217802 3.434636033787797 3.6849353533374707 3.9236728167230117 4.151690749328862 4.370217327858139 4.580894905090727 4.785815318935627 4.9875659996923005 5.1892921783031065 5.394782763054606 5.60859096640054 5.836206309899894 6.084303569338645 6.361108859486153 6.676947565553426 7.045080790291924 7.483010666894107 8.0145679241736 8.673342817187013 9.50849794703515 10.594957576226319 12.051967433536296 14.078410898467341 17.023474240672464 21.536575399273282 28.90829404787437 41.913042522284115 67.11618371958217 122.05505154327611 261.590667658278 697.7363138974413 2508.2080695993445 12008.804210193843 4374.086269644124 -13946.194472339357 -3657.8867894629316 -1026.5428692865353 -360.4597454668634 -153.50319862754924 -74.99834492522727 -40.092968588997245 -22.482639780337653 -12.621738485675618 -6.587433146694674 -2.6007387555558243 0.21153955658270718 2.3066055962694607 3.937045303125837 5.248891383414569 6.329984387124441 7.2350981582146305 7.999592026577407 8.64712141410498 9.194139906437137 9.652603264701797 10.031632308032945 10.338555681418947 10.579574654754342 10.760193765694813 10.885505413064655 10.96038403081978 10.989626013364061 10.978059606902013 10.930641556770038 10.852552839579754 10.749303532856525 10.626856677304897 10.491783090080808 10.351464452439396 10.214372241996728 10.090468429309052 9.991806137402692 9.933465910118011 9.935067886726046 10.023297005322673 10.236262645717531 10.631297071780343 11.29947070120263 12.393881481500557 14.18786744014966 17.20285463105098 22.512318706440215 32.539359948977605 53.43080361209118 103.41550413077049 250.08850808359017 850.1304778978724 5545.06518947635 218967.82840225226 6.771169440185076 -218978.52360700455 -5545.897716715266 -850.37109623455 -250.23623577847596 -103.53849979710449 -53.54532092336495 -32.65037273315618 -22.62146320142877 -17.310612362926303 -14.294305256197237 -12.49893205010455 -11.403037259716253 -10.733280682373447 -10.33655208715456 -10.121740814372782 -10.031439885277438 -10.027431864160219 -10.082897133382174 -10.178065058611407 -10.29770234978633 -10.429615878583265 -10.563731516030073 -10.691507433299163 -10.805545067497091 -10.89931859897808 -10.96697631241983 -11.003185846302221 -11.00300590168357 -10.961772638866663 -10.874991387035404 -10.73822431411131 -10.546962614957355 -10.296467403562714 -9.981556104441124 -9.596299114708605 -9.133571906404791 -8.584375026229052 -7.93677838162532 -7.174247362379676 -6.272928693330723 -5.19713672902624 -3.8916251377888247 -2.2679020871056026 -0.17903969403671588 2.628821344285367 6.614821738447976 12.655389840265096 22.53553672507083 40.19077011018057 75.19720512464967 153.94522765553197 361.5830035297862 1030.1002774420674 3673.2090136326788 14014.1036951087 -4498.196871223286 -12009.84691549042 -2507.4916725360463 -697.4736580392005 -261.42929201915297 -121.93914821211348 -67.02791074595815 -41.84350262862735 -28.85248876816071 -21.49165587825713 -16.987857063846533 -14.051267895625122 -12.032913049462028 -10.583848836426753 -9.505301764968637 -8.678045585642503 -8.02711319412952 -7.5032567035684945 -7.072773144792266 -6.711703668215163 -6.402412671672741 -6.131508865352409 -5.888547402036481 -5.665199758365103 -5.454710990942524 -5.251537628716552 -5.051101419160653 -4.849618668805733 -4.643979604124215 -4.431661159401412 -4.2106622129817195 -3.9794538675996804 -3.736939691197927 -3.482422369985305 -3.2155742597039794 -2.9364100310386165 -2.6452601091819794 -2.3427439669587713 -2.029742605847429 -1.707369772071532 -1.3769416307451987 -1.0399447746012314 -0.6980025791203381 -0.3528400430474754
-0.0033557619871782407 0.35386016779992424 0.7088670086941029 1.0598998453359432 1.405283596052076 1.743470377024714 2.0730748627539874 2.3929072145256747 2.7020033182367786 2.999652273952269 3.285421312554382 3.559178567267285 3.8211143976635276 4.071762261351197 4.31202045447332 4.543176436900276 4.766935957096208 4.9854598754917046 5.201412571864683 5.418027294531447 5.639196070810204 5.869595325409538 6.114863950656413 6.381859595975259 6.679033750738861 7.016990983876592 7.409340143527953 7.874019816535848 8.435414800281315 9.127830583227636 10.001374824865488 11.132259463155075 12.64155274137231 14.730833710636034 17.753468436349646 22.36565551545028 29.869347382709964 43.05795314389293 68.52426710400871 123.80891576509677 263.43093405476026 695.7881446677883 2461.9288499669433 11714.44795197228 9704.728209527502 -16904.425679542426 -4047.047281563305 -1069.83985916822 -367.9577501806563 -155.74015590887336 -76.18731125285993 -41.0481680342753 -23.409160612524182 -13.581232690362196 -7.599265793759475 -3.669158968682244 -0.911258040113029 1.1349404331464223 2.724035202429295 4.003493277272077 5.062296532411247 5.95618232044931 6.721335985827997 7.382106857432846 7.955499148115108 8.453857613950344 8.886510240417033 9.26079232316801 9.58269638002912 9.857293330978179 10.089014232031456 10.281849028285771 10.439499058112478 10.565507906469817 10.663387668305434 10.736753240703777 10.789475180063013 10.825861896742728 10.850884920305948 10.870467822787777 10.8918722467366 10.924237331931819 10.979369026934416 11.072947347592343 11.226450249757214 11.470338790888768 11.849529226669597 12.433158965714508 13.332754015253911 14.737657136401072 16.988030490221462 20.735509377860506 27.326189864551598 39.8091623364194 65.9532271542429 128.94130829025573 315.570781230452 1091.3002132437732 7347.719657791174 288499.12857852015 6.314402523912577 -288501.82691551506 -7348.720347434732 -1091.562125017109 -315.723446614391 -129.06606292264476 -66.06838194912478 -39.92003188062476 -27.434370133483377 -20.841320929811946 -17.09132524932988 -14.838125237452982 -13.4300471197224 -12.52693576916486 -11.939464536492306 -11.556115102669962 -11.307742003494603 -11.149404180430533 -11.050602306736934 -10.98981293253809 -10.951311446752987 -10.923257221647775 -10.896495340616541 -10.863775383259666 -10.819218450882628 -10.757935338041035 -10.675739128919725 -10.568918542931959 -10.434051419634937 -10.267844793216963 -10.066991149599302 -9.828030833355372 -9.547208612087909 -9.220308000553457 -8.842439433677795 -8.407746172081898 -7.908971988373481 -7.3368016667252345 -6.678828923567248 -5.917906924851959 -5.029456005485113 -3.976964156155484 -2.7042562471266822 -1.1217723928057255 0.9187326538982049 3.672962340087668 7.603124524680343 13.59179737172464 23.438731929028982 41.12144908287929 76.36036888745923 156.16313761954825 369.13311988915564 1074.0322713841222 4068.1604356851863 16991.84739739046 -9872.137261913707 -11701.14940420678 -2459.3297222307606 -695.2556007735654 -263.243672917568 -123.70830180477243 -68.45533007728498 -43.004563252493355 -29.825532803667286 -22.3289251048811 -17.722797855895532 -14.705903613945747 -12.622399488085074 -11.1190879808256 -9.994445721546036 -9.127386236820605 -8.441628706454818 -7.886961617638022 -7.428952457181337 -7.043075915530994 -6.7112478304409695 -6.419716263252329 -6.157742839532632 -5.916757590653243 -5.689804906620632 -5.471172675720615 -5.256139123383519 -5.040796673710379 -4.821927002427451 -4.5969105263887755 -4.3636592331297575 -4.120565341819704 -3.86646060856477 -3.600582607793945 -3.322545343266703 -3.0323122364173116 -2.7301700358517422 -2.4167025547849885 -2.0927634277789764 -1.7594473168114355 -1.4180592060741848 -1.0700816179953776 -0.7171397685445946 -0.36096484677061724
-8.809163509759799e-5 0.3674052655633364 0.7326790597883548 1.0939597966808101 1.4495696934457847 1.797965713908889 2.137776059277785 2.4678336422490066 2.787206297496514 3.095223734721486 3.3915015253027647 3.6759626969501413 3.9488578102325755 4.210784693321479 4.462709334350778 4.705989807698985 4.942405579254627 5.1741951888240045 5.4041062518206395 5.635463157558918 5.87226006808661 6.119290311212278 6.3823288327163885 6.668393361700664 6.98612470742821 7.346351312725041 7.762945459931225 8.254152638577928 8.84470917898561 9.569311525533251 10.478477915275285 11.648796743482931 13.201543720705667 15.33799998306641 18.40986613247636 23.067987369931874 30.598592836725278 43.74799475558966 68.95669906448742 123.20871223361229 258.60684175521783 670.3476457602386 2305.100802178126 10743.405651561843 16832.198410656503 -20933.208835240788 -4799.712145053849 -1146.9231363327426 -379.1736517658317 -158.466042795673 -77.4069509047448 -41.95546197415023 -24.27330421379936 -14.47519274593481 -8.543428388691904 -4.666760486904016 -1.9588534258366264 0.043898037184984806 1.5978107331307208 2.851468201488724 3.894667196155006 4.783775869079062 5.555469183534736 6.234455714076159 6.837965717450405 7.378429042278478 7.865109634291323 8.305123465071617 8.704085720058485 9.066533498487406 9.39621373528654 9.696293032648295 9.969526255133587 10.218408619038776 10.445328620529715 10.652734992333546 10.843329318053762 11.020296959696196 11.187593214457836 11.350310519794293 11.515168794162811 11.691199561943977 11.890744654337038 12.130979580311507 12.436334866375853 12.842496594285269 13.403270480440987 14.202826378436617 15.378483424650646 17.16518699508951 19.987305201594197 24.6610968583294 32.87883094173605 48.48872709813268 81.3442747030213 161.05421448228796 399.6454129258264 1408.1235300738724 9782.69070808885 356257.93216496217 5.335447474976718 -356236.70106096426 -9783.79709011282 -1408.3857140753862 -399.78911612850163 -161.17024213872176 -81.45149815645958 -48.59214115391808 -32.979682983025334 -24.759394074675978 -20.082602978666042 -17.256882558562836 -15.465938262340106 -14.28542010607381 -13.480424096350418 -12.913681275779076 -12.501074221042963 -12.188849755154774 -11.941374969813845 -11.73427529922666 -11.550437012278758 -11.377589159028423 -11.206783202850623 -11.031396583316422 -10.84644973781801 -10.648115536002756 -10.43335031899406 -10.199604443133502 -9.944586598442106 -9.666065197168615 -9.361694472288518 -9.028854023444 -8.664489027911392 -8.264934183148387 -7.825697037350254 -7.341164188010701 -6.80417389127802 -6.205365458988171 -5.532159080921389 -4.767119809270387 -3.88527794714294 -2.849637299994455 -1.6034392752614297 -0.056406184289377326 1.9406644147481817 4.6449506803748415 8.521395762661268 14.458700269989743 24.272902578143515 41.99284465277092 77.534084302327 158.83454365168137 380.35920844309953 1152.0156296951623 4830.748357634231 21030.113816851568 -16998.64642418774 -10718.518539221157 -2301.035294829923 -669.5865123438515 -258.39828635069836 -123.12429871567775 -68.90780608115432 -43.711494972692996 -30.56745250027748 -23.03999622070646 -18.384514039865156 -15.315452236329545 -13.18224645422591 -11.63329815404908 -10.467333012838115 -9.563023691382261 -8.84369064004381 -8.258696597398806 -7.77320683444549 -7.362334793079017 -7.007679550923851 -6.6952146043680605 -6.413964617115742 -6.155154938938812 -5.911652234812381 -5.677588655654264 -5.448104255716957 -5.219167088603149 -4.987445218063713 -4.750213918961466 -4.505286967341204 -4.2509644776905775 -3.985992022225715 -3.7095272587267525 -3.421111277750466 -3.12064255575617 -2.8083518787813677 -2.4847769686098253 -2.1507358392069964 -1.8072981797512266 -1.4557543100113257 -1.0975814971636577 -0.7344076635973362 -0.3679727356187268
0.00332990345741635 0.38035611468756336 0.7551568729124991 1.125946036940606 1.491039775729508 1.8488977059083478 2.1981608678722786 2.5376860052050976 2.8665758970225497 3.1842058087094838 3.4902464634800623 3.7846842635902433 4.067839818597818 4.340386150425424 4.60336826650809 4.858226147701483 5.106823636412683 5.3514863172154925 5.595052375912402 5.840941800073218 6.093251435972391 6.3568868297175785 6.637747236897806 6.9429890146799345 7.281407109318572 7.663998602789046 8.104813702865531 8.622272053147029 9.241252614775874 9.996507036683921 10.93840974274618 12.14298022141319 13.730028023175445 15.897442108764938 18.989241206646412 23.638507865978152 31.088301345680858 43.97183192558551 68.40160714033705 120.27499278687958 247.41176912493887 623.8528845122015 2059.5189267247615 9237.865646374317 23273.69097581055 -25205.70920261832 -6277.260614957462 -1284.281796258808 -393.5284919003745 -160.60461393925252 -78.10274041582521 -42.53519756612728 -24.92175839829469 -15.210042173703641 -9.356086462635401 -5.545287489176851 -2.89155399335177 -0.9317959930547556 0.5899970809654028 1.8222905673704117 2.8548680294691873 3.744119701277644 4.526727900596924 5.2273592428547095 5.863129321017069 6.446265653756444 6.985733936970273 7.488253351943668 7.95894600939262 8.401766186162673 8.819798588230176 9.215481953931127 9.590794638840716 9.9474269469646 10.286957955562004 10.611050962499036 10.921680886984975 11.221409134994364 11.513727419854014 11.803503627236811 12.097583461941896 12.405637513387413 12.741406201832728 13.124606998802246 13.583973137822891 14.162280193373844 14.924976605836804 15.97558973505775 17.484421806912565 19.744643802490636 23.288294478784888 29.142795858949633 39.4464004562578 59.082671259951255 100.62576961834768 202.15243917075298 509.3745366489166 1830.8275829174202 13086.522075218667 396077.6078642027 4.000743108463212 -396014.5469174989 -13087.595291223195 -1831.0648449069777 -509.49393675955076 -202.24862240980633 -100.71633283735615 -59.1714799886911 -39.53396255413244 -29.22860197464905 -23.371488133392404 -19.824255055711504 -17.559465487789748 -16.04511553439214 -14.988100038594299 -14.218205212231938 -13.632010766816416 -13.16419181159656 -12.772111348006154 -12.427188399323219 -12.10986984883422 -11.80658967778081 -11.507859085523874 -11.207018199474449 -10.899384977027804 -10.581648901222817 -10.251419949970918 -9.906879289580116 -9.546498818167603 -9.16880832651401 -8.772195036874097 -8.35472244615082 -7.913954593203876 -7.446768200945475 -6.949128085958489 -6.415789263908011 -5.839869441681689 -5.212202556717435 -4.520327483262948 -3.746866420837984 -2.866866540817553 -1.8433386755806016 -0.6195650973052704 0.8945935677123414 2.848011282440086 5.49722259597575 9.306110705295522 15.162221668223452 24.883360595852054 42.52182707288804 78.1559980732055 160.86770196080624 394.6798039543675 1290.9767051760123 6325.90381344908 25268.05695291884 -23370.686161877216 -9206.823140253313 -2054.6297362939026 -622.9330601814853 -247.1863272607333 -120.20393680892582 -68.37012961685262 -43.950492398923124 -31.06878679078162 -23.618635309538003 -18.968830128131692 -15.877017389453323 -13.710361039036135 -12.12490460343149 -10.922735105926561 -9.983970735419621 -9.23248810004912 -8.617786041804354 -8.104969453568145 -7.669004533005507 -7.291310691494024 -6.957676079980546 -6.656946771746997 -6.380181205647983 -6.120091813656137 -5.870668235816168 -5.626917950670718 -5.384684419572627 -5.140517378297016 -4.891578787042383 -4.635573454503383 -4.370696827764586 -4.095594645625589 -3.809330586604931 -3.5113589808533074 -3.201500297351778 -2.879917581291025 -2.5470923747217267 -2.203798973346993 -1.8510761664580766 -1.4901959042179502 -1.1226286397691965 -0.750005388560071 -0.37407683802115343
0.006669872091302764 0.3924406070665576 0.7759872731050166 1.1555083207526184 1.5293114928538465 1.8958574287519792 2.253799444926763 2.6020188766928687 2.9396557140359825 3.2661346450757467 3.5811870145197044 3.8848695774573727 4.177581290170096 4.46007970444029 4.733498853877749 4.999370852848961 5.259653835326672 5.51676941539625 5.7736536827557305 6.033827041982964 6.301490258225351 6.581657350548942 6.880341240910193 7.204816603705311 7.563998378014025 7.968997816006351 8.433957839610873 8.977339118577676 9.623953107337213 10.408268800412845 11.379960005014343 12.613531551425027 14.22566238542332 16.407796839892004 19.490400367472986 24.07685551082117 31.341155926470353 43.742777995791066 66.91084329777719 115.21300030269076 230.75736457959238 561.1964591374141 1758.657653238087 7448.059455123399 25783.70310252481 -26133.295785722763 -9235.54812797409 -1556.6830182871615 -410.16890467358235 -159.6003580751448 -76.99594578860436 -42.17051892776408 -25.03480742375913 -15.604559642711095 -9.924875433377881 -6.228917124147734 -3.6541692653658737 -1.7493359907798378 -0.26453081299976366 0.9453827726748493 1.968276447049666 2.8593596101656944 3.654509343939665 4.377771688046233 5.045721280823277 5.670066464722526 6.259245037493685 6.8194257475402695 7.355154597106089 7.869788051184101 8.365800197449868 8.845018838356255 9.308826474156428 9.758350827494544 10.194663187514385 10.619000016978685 11.033023521634377 11.439140563586635 11.8409075170528 12.2435637658852 12.654762840216272 13.085615600917366 13.552239116918496 14.078146146903059 14.698068953755694 15.46430133219534 16.457606392379365 17.806714924570866 19.724698243405168 22.580200086737 27.045089785204812 34.42197367702126 47.43307180434364 72.32599197539935 125.28787212003455 255.7562256666612 655.2123916542873 2403.8799401846054 17547.779362162855 375900.7239605955 2.5280047350406676 -375797.1650646226 -17548.53757398827 -2404.067638159635 -655.2935831481932 -255.82245804055768 -125.35395856714037 -72.3939749764213 -47.50235881315179 -34.49133843818952 -27.113143390549155 -22.64552428358435 -19.785898355036966 -17.86245467220726 -16.50664012659897 -15.505506816774206 -14.730480367846077 -14.100985970124658 -13.564947324389287 -13.087874603701088 -12.646516737331304 -12.225030670070524 -11.81258397641327 -11.401797397463941 -10.987692732836173 -10.566952802480433 -10.137379442963779 -9.697480908695821 -9.246146320462389 -8.78237987159497 -8.305075670487494 -7.8128177038239155 -7.303689602314727 -6.775075971745537 -6.223430593638584 -5.643975430932799 -5.030275273005154 -4.373600752447561 -3.661937386261436 -2.8784013338586933 -1.9986465748313142 -0.9865181986359189 0.21343533659873293 1.6892780741928348 3.5862750699752755 6.154366884977523 9.844836098473474 15.520202612919961 24.94775213029099 42.085315442959015 76.93341683927434 159.68079819115076 411.2691764669218 1566.855193795593 9313.339905045339 26060.994607343273 -25773.89990494964 -7416.957706427745 -1753.6264344031326 -560.201259977644 -230.51946343276117 -115.14977676465698 -66.89152859850833 -43.73281531269091 -31.330728209032486 -24.06345276947552 -19.473890052282975 -16.3888615183725 -14.205255642415297 -12.592669775076809 -11.359632348556387 -10.389390910144902 -9.607338129206388 -8.963676558051692 -8.423797196866756 -7.96273631022304 -7.561872934056524 -7.206900498178959 -6.886545764857033 -6.5917386783753695 -6.315061497239038 -6.050375198907165 -5.79256105183279 -5.537338676554482 -5.281135966609396 -5.020994817130364 -4.754501924174592 -4.479737248131999 -4.195234846219309 -3.8999521250271396 -3.5932444496489246 -3.274842641270981 -2.9448313365321166 -2.6036265399242975 -2.2519510304075396 -1.8908066162237613 -1.5214425772558382 -1.1453199945044013 -0.7640720347790175 -0.3794606068996398
0.009719357986215371 0.40337086135155964 0.7948100308419193 1.1822197292998826 1.5638990688693344 1.9383097240011082 2.304117753127999 2.6602302197609173 3.0058263171361954 3.340383145659098 3.6636967422831734 3.9758993851002344 4.277474588330055 4.569271545697973 4.852521101067486 5.128855638107943 5.400335650071475 5.669486250116651 5.9393476421693014 6.21354476848579 6.496383277045381 6.792982049108609 7.109457527318397 7.4531832043645 7.83316095187836 8.260563081095018 8.749541761556012 9.318468045269034 9.991879854897023 10.803633477979023 11.802161528983723 13.059544029058456 14.687745975359013 16.868906151682946 19.914537305649322 24.387611242362162 31.370568499444193 43.09881163409024 64.59715181482473 108.39163826447006 210.03568473684007 488.73530224051717 1439.2478481469693 5650.539908222516 23147.525782058907 -16207.622962428302 -14947.021112763287 -2197.197715470125 -431.7065900708061 -149.66662832197164 -71.15307810988347 -39.489900831703174 -23.930134770979297 -15.290403549699029 -10.034566700033768 -6.582517602025939 -4.156311575492372 -2.344909591329297 -0.918700744630685 0.25664379823792105 1.2628964629547712 2.1516111183936952 2.956323531229099 3.6994655149391598 4.396409091811104 5.0578983948880785 5.691549911147516 6.302802547993591 6.895538381394353 7.472505950409241 8.03562726776591 8.586240147054335 9.125310054470814 9.653635564913776 10.172066201825368 10.681749743871038 11.184427766145477 11.682803828570453 12.181019867832932 12.685296005486846 13.204822701524677 13.753052048802727 14.349635843466935 15.023437926990901 15.817378384617164 16.796493430744075 18.061828787128142 19.775322302383323 22.206312819106344 25.822835107685016 31.481407249720483 40.84952507555028 57.42797792984033 89.29562166895221 157.53220958793167 327.1215680672323 852.8781140183827 3192.3650137097325 23427.131817304384 286627.46558781806 1.1556309164006962 -286521.94824033644 -23427.0311032045 -3192.488399255904 -852.9142699971093 -327.15172067712126 -157.56866474669005 -89.33862029009364 -57.47575623740841 -40.9000677804161 -31.532734122496908 -25.873030616743176 -22.25352835794281 -19.81779144595408 -18.09789780910398 -16.824662303999148 -15.83634692229774 -15.032152383035458 -14.347332016428904 -13.73929160566889 -13.179520086273877 -12.64873393981014 -12.133852102715892 -11.626044471528262 -11.119427173314488 -10.61015759951489 -10.095783000236002 -9.574754238537153 -9.046049932800448 -8.508875780664226 -7.962414892305203 -7.405610495775511 -6.836963949503061 -6.254329198100566 -5.654679409957466 -5.033811348496815 -4.385935593920198 -3.7030711998770753 -2.9741127953707145 -2.1833493957028325 -1.308054100503525 -0.31446568299439703 0.849092186591266 2.264363382879983 4.0654202760158356 6.481254556669341 9.921671164481033 15.162282248386074 23.778899356432238 39.300618826585975 70.90805598132022 149.44740360468666 432.91058695406724 2215.78156074 15059.660887580008 15919.835345140853 -23063.74898936326 -5623.955242227776 -1434.6270653135207 -487.74502590430035 -209.79025135398953 -108.32977527528875 -64.58339622824604 -43.09520671627709 -31.365714643926676 -24.378328936277835 -19.900433084131805 -16.850584016203996 -14.666166639408749 -13.035776147827388 -11.77727484984667 -10.778645524759932 -9.967723613294455 -9.295968617986095 -8.729397825728292 -8.243332062397023 -7.8192479962596595 -7.44283440198501 -7.102757864571041 -6.789858429889772 -6.496612747055042 -6.216767839411497 -5.945086373959074 -5.677166519470478 -5.409312830272905 -5.138442745296623 -4.862018331684981 -4.577996049603961 -4.28478928865661 -3.9812396788152515 -3.6665939867452924 -3.340483959852758 -3.0029068906511913 -2.6542050291156194 -2.2950423149759036 -1.9263772680588875 -1.5494312717023728 -1.1656519049185743 -0.7766714144863407 -0.38426083465381566
0.012297550169293459 0.4128630648803089 0.8112415717609345 1.2056039301466814 1.5942437208449345 1.9756263390691142 2.3484329645873103 2.7115986017689497 3.0643438533461964 3.4062005996171596 3.7370322577123805 4.057049768664278 4.3668248816342015 4.66730266918014 4.959815523626343 5.246101182598828 5.528327662704946 5.809128422120113 6.091651750489424 6.379629471367498 6.677471813166802 6.990398178950974 7.324618209075262 7.687585113166917 8.08835567975008 8.538112046009294 9.050935305655038 9.644981602811852 10.344318855166067 11.181878518342069 12.204346632125329 13.480540123890771 15.116279118980051 17.281872598181383 20.265260372549914 24.580198997946887 31.20007246978418 42.09998756963429 61.62356330429941 100.29771366636407 186.89976849125765 413.0730858661646 1133.2293988005126 4060.7496618203772 17349.638357871838 6853.196616997934 -24031.120962546167 -3945.6126220214123 -488.8285039054807 -118.41440872248809 -53.707564514415274 -31.338877285276844 -20.090179552892522 -13.478659959688652 -9.242699884385793 -6.340654585325137 -4.229307400150928 -2.606073301088113 -1.2946261301619022 -0.18840479532086785 0.7790626366428743 1.6504327226274373 2.4537829465610947 3.208009986443716 3.9260679282375475 4.6169579048199045 5.2869800238464215 5.940542340650001 6.580701754629065 7.209543488967025 7.828466178761358 8.438416209199662 9.040101224441349 9.634205043323462 10.221622777435435 10.803735009562443 11.382743574305243 11.962099772476753 12.54707088564122 13.145516555296277 13.768990185817342 14.43435497743506 15.166233921909411 16.000844645485124 16.99219570081678 18.222430393843858 19.81970320985571 21.990271673120176 25.078631322301703 29.685903987339834 36.91681940524383 48.93191881134795 70.2908777935396 111.58295591090273 200.65790834581597 424.2277226125557 1126.255980546489 4288.371526874393 30680.65122939103 164822.69778700185 0.10267712241329718 -164762.69762866877 -30678.746626225715 -4288.442861515662 -1126.2584955157884 -424.2253455544276 -200.66543382290635 -111.60082636027191 -70.31693489701452 -48.96368399603501 -36.951866548746715 -29.72188488122196 -25.113266833063363 -22.02136452380099 -19.84517473477054 -18.240373717797187 -17.000937157137795 -15.999006324085574 -15.152791460435466 -14.408685849952029 -13.730908806438013 -13.0952935776385 -12.485435108118281 -11.890222072054035 -11.302203246552622 -10.716469784043392 -10.129864537509746 -9.540403932195574 -8.946841318534377 -8.348326290817248 -7.744129341306152 -7.133409361425071 -6.5150050532384105 -5.887231266596699 -5.247657741942121 -4.592840038805529 -3.917958717562092 -3.216299622191554 -2.478468799719802 -1.691168023724432 -0.8352382685274107 0.11753524991039987 1.2097587114726083 2.50756498180113 4.116707996875412 6.211893560260431 9.092565007747938 13.295751332176538 19.850546378551435 30.993409261245993 53.17082776261306 117.74204352174245 491.04673517310846 3984.0081155776907 24135.677256523988 -7164.634826291233 -17254.896070340918 -4040.710221301733 -1129.3527661566927 -412.1524133285792 -186.65269918189952 -100.23167522065556 -61.60892280048014 -42.09752237820552 -31.19699310598578 -24.572439343114315 -20.251907898393984 -17.26323298502627 -15.093146385736482 -13.453899252670043 -12.17524064579631 -11.15134079042207 -10.31333226245601 -9.614449440188965 -9.021658231328777 -8.510769184149058 -8.063489593130857 -7.665590952726786 -7.3057374922930185 -6.974717583078105 -6.664927202227333 -6.370015160362397 -6.084634782644871 -5.804267407079067 -5.525095514539169 -5.243910911818528 -4.95804808660516 -4.665335765571266 -4.36406152582669 -4.052945440723432 -3.7311194730105246 -3.3981098217006345 -3.0538198099405722 -2.6985112502719844 -2.3327825780217193 -1.9575424466156122 -1.5739779191092929 -1.1835168726226364 -0.787784729268104 -0.38855611117272204
0.014266599545065262 0.4206555773711429 0.8248997062687558 1.2251661843409867 1.619750428548672 2.0071278063682474 2.385999696696839 2.7553329753304823 3.114392545159328 3.4627670908193853 3.800388788527398 4.127548217571775 4.444906168734608 4.7535044294721995 5.054777939246247 5.350570990765302 5.643160447182938 5.935289327653193 6.2302147068094005 6.531774837244542 6.844481999337959 7.173650197768722 7.525571087921845 7.9077584602810225 8.329292982289237 8.8013177533397 9.33776699483163 9.956464868405845 10.68082778530488 11.542578169963235 12.586203735075463 13.87652634083164 15.512008404509414 17.649069783391354 20.548493284778395 24.668448353036 30.86183164703604 40.82352758169705 58.18667477567541 91.47482232131797 163.01827540424972 339.9757975711903 862.6994687109457 2788.8353820217126 11342.727396283151 24736.52600447579 -30148.8096383747 -8843.811500574859 -776.8764365658387 -44.12441259070185 -8.19604156233271 -10.095371182271395 -9.946797546633926 -8.375277202834278 -6.576512780827464 -4.938941023888144 -3.526261182306145 -2.309177669165552 -1.242473019829049 -0.28638090113441983 0.5896023319917898 1.4077483602295549 2.184016395191668 2.92976670052153 3.653062660965989 4.359604923106636 5.05338981332093 5.737176275005459 6.412826279575192 7.0815660712767245 7.744202434678964 8.401319227359094 9.053473926316363 9.701411390500846 10.346312072693763 10.990094918217341 11.635801835950254 12.288102652789345 12.9539797678635 13.643685653182413 14.37212324592374 15.160896255047573 16.041445327031887 17.059987997382063 18.285536821320836 19.823330912306368 21.838117980971237 24.596073545271047 28.543603738641064 34.463062909306785 43.79904509471677 59.391752824915486 87.27223878114198 141.55010460239924 259.6608193145755 559.3253567622058 1511.46457889757 5808.268145089279 38275.77810276082 65013.488330764056 -0.47243628955584427 -65005.53349097686 -38270.85611581353 -5808.3574805788985 -1511.4857282978633 -559.3154544731638 -259.6524880829598 -141.55062451836952 -87.28188018687798 -59.40888188310289 -43.821447839969 -34.488310396290075 -28.56918065604841 -24.61945817680555 -21.856860469356974 -19.83513778860191 -18.28835876590662 -17.052105015820107 -16.02154333873673 -15.128129851138539 -14.326160457243109 -13.584731875707078 -12.882779315127602 -12.205917722797054 -11.5443698970355 -10.891566601544389 -10.243172557447554 -9.596388961899542 -8.949439885969495 -8.301183613902488 -7.650810114874819 -6.99759769608739 -6.34070840661173 -5.679004642682311 -5.010869440216226 -4.3340103733835456 -3.6452216647857303 -2.940070481720208 -2.21246089265853 -1.4540125950596172 -0.6531746754892542 0.20600862078057336 1.145504801187136 2.1950279239454917 3.3927213746370866 4.78064250517704 6.381874970163431 8.120027316963277 9.57960188318313 9.507629410280892 7.195267772044135 42.942194856481066 783.827020910437 8916.96480157556 30082.686368159557 -24777.98967981641 -11273.567395211863 -2775.1867687336508 -859.6814397778285 -339.16765051452467 -162.77657317304906 -91.40148478424037 -58.1662271052552 -40.81780170324123 -30.857154575782975 -24.659853162298237 -20.534404939731715 -17.629338581568938 -15.487121551658001 -13.847266703841399 -12.553488507655862 -11.50737323984019 -10.644095248348583 -9.919125889334689 -9.300672647578056 -8.765225015118782 -8.294845059777511 -7.875469466515073 -7.495815387196791 -7.14665676366133 -6.820334023399099 -6.510414650390262 -6.2114538729673985 -5.918823558049846 -5.628588778026078 -5.337418482699308 -5.042520991990207 -4.741597676433118 -4.432809819561179 -4.114754669253262 -3.7864473204052285 -3.4473055107109296 -3.0971347594543897 -2.736111616836734 -2.36476315933154 -1.9839412952582514 -1.5947909295077611 -1.1987115687239758 -0.7973125053850616 -0.39236225373162625
0.015537576991686564 0.4265239699163814 0.8354276638755653 1.2404260141407608 1.6398286207919277 2.0321313174576083 2.4160640695713997 2.7906317922854473 3.1551476678293167 3.5092591341912005 3.852967312856226 4.186641186053608 4.511028312245147 4.827264259491537 5.136883255923985 5.441832819458314 5.744495387026705 6.04772029387135 6.35486995113288 6.669884910787682 6.997373905873183 7.342737283161926 7.712336059369496 8.113725052846798 8.555978724021918 9.050155165867269 9.609971861310184 10.252814977608493 11.001288176471778 11.88565808486086 12.947832949891518 14.248044345523402 15.876457224431936 17.974107773502876 20.772254045941658 24.66985152111273 30.3944170835696 39.35724751504554 54.496627377872414 82.459286108425 139.86115460011382 273.67797878766976 638.7012033783179 1848.5660202095387 6768.258200012482 23388.87496730834 -12664.040178593295 -19940.688566392488 -2312.4197258771437 72.05512853050378 104.52372509908713 43.74674454472649 15.493022609610051 4.403927772390903 0.2656514332877169 -1.081779616636802 -1.272404136217209 -0.9667588484732481 -0.4424625473514743 0.1796374192691852 0.8455269317686476 1.5306864521930086 2.2239527360271016 2.920296436312586 3.6174984384099163 4.31459175085136 5.011129197028397 5.706850493517601 6.401551030760233 7.095059931285507 7.787285019382403 8.478307171420635 9.168519888236894 9.858818416616163 10.550849942078804 11.247344619146338 11.952558649071243 12.672878122697018 13.417660093588134 14.200432587603839 15.040650457644466 15.966331912766195 17.018123477901547 18.255740659622877 19.768469732982517 21.692828347714688 24.24329139835257 27.767826334742505 32.85273921417975 40.530867879069454 52.720293834687126 73.21679108014622 110.141135571169 182.6552000063053 342.0741965648854 751.1001850903475 2060.579227092987 7846.320538020279 43139.43020998607 11584.206378091721 -0.5036297048377492 -11598.866666421372 -43131.220174077214 -7846.613111079996 -2060.759851917577 -751.1553842004392 -342.09016234424627 -182.66291862414795 -110.15084654991458 -73.2313267386231 -52.739531672294504 -40.553337721749294 -32.876291799202036 -27.789974425895814 -24.261430075330768 -21.704406629635685 -19.771137392478042 -18.24747605640886 -16.997341416849498 -15.931968490042747 -14.99222184678961 -14.138065696263634 -13.342094394945825 -12.585439433906997 -11.855107035566025 -11.14219978655878 -10.440698407526844 -9.746607394694948 -9.057343186573938 -8.371288496042917 -7.687463983237982 -7.005285778807698 -6.324388722085406 -5.644503365364178 -4.965382036667548 -4.286777896321259 -3.6084946100709003 -2.930549727273024 -2.2535460752115544 -1.5794529264340218 -0.9132316611770719 -0.26626251636713283 0.3362597661693556 0.8388704583103812 1.11787110150946 0.8900763113839361 -0.5162669974698164 -4.758916873079944 -16.050004744785074 -44.71232861997909 -106.19696234759112 -72.9190318064743 2335.1126578954527 20019.898146606676 12371.909447218883 -23280.532607637382 -6728.355472336247 -1840.0011056679143 -636.4951215196957 -273.00349808298205 -139.6325377098684 -82.3786122624115 -54.46785513767871 -39.345445729844215 -30.38578626705257 -24.658728530660976 -20.756404357418766 -17.95286159761232 -15.849912467925472 -14.21669937294742 -12.912402565110892 -11.84697124219758 -10.960223677284331 -10.210255763809517 -9.566769295423772 -9.007099625585324 -8.513775143367264 -8.072973096038272 -7.673515054712476 -7.30619616907513 -6.96332640053976 -6.638409991056027 -6.325917556874172 -6.021121988967759 -5.719979518097329 -5.419043532848278 -5.11540257175036 -4.8066362563981 -4.49078436731587 -4.166325135669391 -3.8321593711809765 -3.4875974222203787 -3.1323462844157213 -2.7664944921823587 -2.390492811237266 -2.0051291926415082 -1.6114969710112614 -1.210955865134089 -0.8050859348640582 -0.3956352339629099
0.01607103059075854 0.4302923111199064 0.8425160806302401 1.2509495241697088 1.6539341427401766 2.05000136498823 2.4379218180714535 2.816747210833137 3.185844369327784 3.5449215865668293 3.894048063569633 4.233667781727846 4.564609641098949 4.888096097683814 5.20575284752578 5.519622354954734 5.832184248785177 6.146385879864935 6.465686751136457 6.794121234053319 7.136385186248262 7.497954103420912 7.8852437684123755 8.305829800126507 8.76875139653066 9.284939181102292 9.867831413402639 10.534284115585324 11.305952203060631 12.211445762967953 13.289797582079904 14.596214747731178 16.211937756045945 18.261751232987248 20.946321475848045 24.604572839419248 29.84009192389558 37.79221844912694 50.75705964015076 73.72499083230565 118.55634868407127 216.65854733194712 462.99979309170953 1194.7485407918277 3828.277064093637 14105.229192069472 19203.53175711483 -30164.883693461772 -8923.426647112914 -145.56226311122077 360.6943956912834 182.47150327828754 80.81766734842843 36.55634179254963 17.229360503680514 8.47417542837625 4.418211096892111 2.5796520320631178 1.8505468100765698 1.707537205394849 1.8899807609487618 2.2616439135178523 2.7480979837593567 3.3069738166902063 3.9131931820390875 4.551343128870178 5.211602991677943 5.887509591888662 6.5747113685243885 7.270277349089027 7.972333712975566 8.679907851211961 9.392918045346178 10.112280926662352 10.84013157134328 11.580169767805709 12.338165884486495 13.122685756114526 13.946132543645462 14.826264507892816 15.788448136542232 16.869076658821978 18.120881840840706 19.62140241913657 21.48686627893248 23.895653668669635 27.12932838483284 31.64720891680073 38.22801125785369 48.253022537958486 64.30731345789864 91.55091380725455 141.12850888423844 239.59794857209005 458.6939001544987 1026.3543131777642 2835.4858284026286 10282.32573875691 40367.04807680479 -5734.114747935734 -0.029278421607159544 5722.7334587412315 -40358.4194474287 -10283.229922289685 -2836.1564377481227 -1026.6569469869858 -458.83788920173527 -239.6765877273399 -141.1804251044879 -91.59257184111924 -64.34555091196614 -48.290071009120524 -38.26370725145356 -31.680090101861012 -27.15725610507924 -23.916217326979126 -21.497675328634447 -19.620309737155004 -18.106155963524827 -16.839529193891643 -15.74351855586964 -14.76606368601141 -13.871447031853778 -13.034946039443827 -12.239383146590566 -11.472846783742025 -10.727154081335982 -9.996796244759013 -9.278207630098976 -8.569260308449177 -7.8689241826739025 -7.177058601412073 -6.494321278040505 -5.822199050812271 -5.163187935879887 -4.521184264605626 -3.90220753778453 -3.3156838309814085 -2.7767273077144994 -2.310276146424428 -1.9588114269106227 -1.7972777609392976 -1.9630989496222107 -2.719299926264296 -4.5938738385065125 -8.703965219039045 -17.55042717717037 -37.04717401072976 -81.6474896574626 -183.9697754012648 -362.911748825685 149.66076302429076 8969.954634204385 30092.809498055572 -19264.040834615484 -14024.956863246558 -3808.320636770759 -1189.7202685470186 -461.4724774078027 -216.12100388083587 -118.34836624019073 -73.6397908366826 -50.72007958812685 -37.773474115062044 -29.826514741682075 -24.59017739925129 -20.9283547994836 -18.239057095833996 -16.184209923095388 -14.56363096986879 -13.252825500287972 -12.170729852331307 -11.262240470658323 -10.488375261034355 -9.820533374089168 -9.237034891242946 -8.720969997494388 -8.258822708353541 -7.839565547232974 -7.45404828672469 -7.094575222234001 -6.754606638604832 -6.428544428173089 -6.111576409606467 -5.799562775661293 -5.4889535414170965 -5.176729200112584 -4.860358827646349 -4.537771097719023 -4.207334404805474 -3.8678427438432195 -3.5185043169938535 -3.1589301163326144 -2.7891200456553467 -2.40944451869618 -2.020619935158008 -1.623676974099597 -1.2199212479957477 -0.8108864866385179 -0.3982810310743101
0.015872925899218515 0.4318406643832873 0.8459220534218215 1.256379627155857 1.6616099060517975 2.0601997470015565 2.4509763124502815 2.833049585865277 3.205846951392921 3.569139981987046 3.923064199005122 4.268133136203778 4.605248535305417 4.935708900644098 5.261218947295587 5.583902712325006 5.906323292421689 6.231512391502436 6.563013195411416 6.904940660492076 7.262064302364646 7.6399202685561995 8.044962304007418 8.484765846095698 8.96830703584761 9.506350790365325 10.112002526865837 10.801512492327191 11.595480560163406 12.520712701737656 13.613166408067144 14.922767122907755 16.52153727153834 18.517786269386104 21.081802797943553 24.49428911826229 29.24189694038348 36.21562720081517 47.148015318870804 65.64538072705183 99.8315525022897 169.80514460310124 331.2362659838586 760.7467552722901 2110.971296696302 7041.269693509235 21079.839869540818 -5611.9581740942685 -24593.28644625728 -3651.5823691440905 689.7108096258808 539.1406275961552 258.7882882245762 122.72365374706884 61.4278340501917 32.75960033458869 18.635476192715437 11.372330601267521 7.5488913332116825 5.551485944809698 4.5750098856922605 4.196437335972081 4.182839669781835 4.4004220596199906 4.769336837119331 5.240256191150761 5.781754559032737 6.373284248104016 7.0011575793027525 7.656206238170482 8.332413367561909 9.026136453436362 9.735712094420812 10.461331450087284 11.205134768785888 11.971515158608822 12.76765798571111 13.604382426463113 14.49740609235084 15.46923629680369 16.552025986638075 17.7919602663007 19.256138812543952 21.04364156794658 23.303814580624138 26.267427113174644 30.301622381198044 36.01069997404838 44.429432077992544 57.41360643915172 78.47824259133107 114.72967362161413 181.71333776820563 316.8776280033203 621.7839951206461 1414.1918881670622 3851.524426632782 12274.68993238645 28211.67566222357 -6203.121070020927 0.8203824626207279 6202.479193999011 -28206.329299531204 -12276.908568925364 -3853.3917060571985 -1415.1851852694008 -622.3215879261268 -317.19324189493744 -181.91696441074876 -114.87428587521497 -78.59026742518704 -57.506279586880815 -44.508978638845285 -36.07943112153733 -30.3596323571087 -26.313612624352388 -23.33653940868596 -21.061195819149223 -19.257063617775238 -17.775272941512043 -16.517364167805137 -15.416932923079107 -14.428504756253401 -13.520602347394105 -12.671318202056163 -11.86542795810222 -11.092478353949874 -10.34551148577166 -9.620220983652116 -8.914418140327507 -8.227740212575496 -7.5615732863601455 -6.919198408558147 -6.3062117434783955 -5.731329462399237 -5.207786426925098 -4.755711687360331 -4.406187850992671 -4.208328965927266 -4.241974116118152 -4.64123398055627 -5.639882241659233 -7.662698850915972 -11.518204375306484 -18.82673315459271 -33.02297857994407 -61.81831567956264 -123.35712032315426 -259.8991169876763 -540.9967702342833 -690.3467696693255 3667.680907357491 24587.905012229425 5459.49611727238 -20994.12748223031 -7006.970990434702 -2101.8827357492673 -757.9562896638414 -330.2291363946708 -169.39530923429035 -99.65046997461258 -65.56034638869446 -47.10517680287296 -36.19093967840381 -29.223795051030454 -24.47691246603961 -21.062115176073007 -18.4942592171803 -16.493507682207238 -14.890102381780595 -13.576076529055458 -12.479635507491592 -11.55100450230234 -10.7543197359658 -10.062823713361535 -9.455927314279688 -8.917358939526387 -8.43396459328627 -7.994908260905431 -7.59112496340808 -7.214937596494719 -6.859782921237456 -6.520012463639424 -6.1907464061161654 -5.867766090111859 -5.547435371063836 -5.226643891883542 -4.9027670488865915 -4.573638434631766 -4.2375311374132085 -3.8931446407663994 -3.5395943292715337 -3.176400856066408 -2.8034769181939367 -2.4211093605686074 -2.0299349913088793 -1.6309090373922697 -1.2252657803224487 -0.814471548562512 -0.4001708609069343
0.014987376489861148 0.431109295848664 0.8454848083494504 1.256462758755239 1.6625228586120144 2.0623316636536604 2.4547923689965945 2.8390873671479966 3.214713085893939 3.5815072312561647 3.939669164931825 4.289774698734705 4.6327870748619215 4.970066284664121 5.303379180432444 5.6349130461952335 5.967295463488176 6.30362348002067 6.6475053434267295 7.003118508239203 7.375288423135951 7.7695939839744765 8.19250785679959 8.651583686944964 9.155708418233099 9.715448065891197 10.343531898272529 11.055547633932461 11.870967096386241 12.81470282284619 13.919539765221977 15.230047671964327 16.809069773189993 18.74883206044023 21.190621033711498 24.360953064005983 28.64083971692577 34.7046909992349 43.81387892207544 58.47580029564092 84.03109786468964 132.80359715597044 236.04983419026837 482.44480213635916 1158.140431132999 3306.556226532429 10553.823819724 20799.91352309051 -20055.04060860673 -18829.315757029795 -1448.037801071642 1222.6638734446203 763.7874631681728 376.92538418959475 188.9560705755233 100.51316456534342 57.039731158291524 34.47953805251424 22.19594516491341 15.261468911397236 11.264736581475532 8.961119779044568 7.675964298084481 7.0270556681423235 6.789109803160276 6.824559860036938 7.046730087721942 7.399512047880918 7.84578289767246 8.36062604166049 8.927284176137585 9.534724646233505 10.176197648050916 10.848442081446974 11.551352354301978 12.288018732821191 13.06512614262803 13.893762087590355 14.790761506460193 15.780825572739298 16.899825137526857 18.199993583007945 19.75823411726918 21.689719411350225 24.170769586459027 27.4785530634003 32.06244680672099 38.67751600534541 48.64575677155369 64.39452207217977 90.63391632779582 137.11220880292308 225.58243365288442 408.9974615598946 829.2727025065627 1902.2990628496216 4857.211347801957 11839.348360029546 13856.616987496578 -2460.2083329088487 1.8581493833380591 2467.220164762551 -13850.900896170515 -11842.717453134597 -4861.387107634911 -1904.9979341428268 -830.9021035203923 -410.01384595340085 -226.251155112136 -137.57739277169722 -90.97494174364894 -64.6561317894645 -48.85346454845285 -38.845739494725024 -32.19903623904341 -27.58746843719795 -24.25375558499976 -21.74740040971179 -19.790846391838368 -18.207871029137788 -16.883705228270262 -15.74201793928115 -14.731209711212056 -13.816023386561959 -12.972290849954659 -12.183588610398791 -11.439095206139324 -10.732237474978117 -10.059886009675806 -9.421969382311934 -8.82145384109384 -8.264701286703756 -7.762290961555173 -7.330490239102483 -6.993718886836864 -6.788626332520087 -6.770903033986864 -7.026898340628529 -7.693989283775737 -8.997469542842973 -11.31985990446671 -15.336581946613359 -22.293789149594456 -34.60570082520209 -57.205081135373035 -100.73849526532452 -189.28071395228673 -377.41841749557636 -764.516630175116 -1223.274820192266 1448.7768730745286 18807.61838413381 19969.29371575078 -20748.462297963924 -10515.987924093224 -3294.8824309889346 -1154.2903581506446 -480.97469974184736 -235.4159605120998 -132.5048445916299 -83.88092264996594 -58.39619572929777 -43.76892452742531 -34.67647162099463 -28.61982211816605 -24.341813184899916 -21.170305159140256 -18.725599312525848 -16.781991108287542 -15.198727433403253 -13.883949975097009 -12.775076454778489 -11.827723188481132 -11.009234275826673 -10.294779892089933 -9.66493162840254 -9.104111196468478 -8.599569375626892 -8.140695226951378 -7.718536368936935 -7.325457784366773 -6.954894182764071 -6.601167501434357 -6.259351214312758 -5.9251693092354785 -5.594921598683911 -5.265429339326166 -4.933996523911466 -4.598383008938001 -4.256786107726951 -3.9078275584647493 -3.5505429843007974 -3.1843711818546616 -2.8091408423203124 -2.4250526723057497 -2.032655327375288 -1.6328141124966056 -1.2266719967446438 -0.8156031159611832 -0.4011595397324097
0.013487856016514144 0.4281003938788608 0.8411378526584912 1.2510710028590388 1.6564952631448193 2.0561850048683716 2.4491421332328844 2.8346379565979962 3.212247890048703 3.5818791030939323 3.9437917873064166 4.2986152406299105 4.647360416591972 4.991430956837739 5.3326349978966014 5.673200242531928 6.015794925797735 6.363557436880329 6.720137542631788 7.089752489303214 7.477261865377338 7.888266185429038 8.32923597856916 8.807681187543158 9.332375600349385 9.91365901442498 10.563852829555408 11.297846166987423 12.133945399174229 13.095140962251506 14.211051541082458 15.520995217688723 17.07898440338844 18.962096440241215 21.284948041717932 24.225578523257294 28.073459535500888 33.32223388364641 40.85721238930473 52.35460092739896 71.1835407209238 104.58869755686439 169.40654636288244 308.46219119581076 642.5941999580464 1552.4659539019224 4326.32864631131 12356.548479809675 16120.04790698407 -22254.95032457658 -17323.196232359664 -925.6339865879326 1824.3607717719533 1172.4639590094644 608.5868364402902 319.0825474804626 176.5743541800524 103.79380287362405 64.66699299226607 42.578233301887586 29.580637022701417 21.68170259600366 16.774039536726626 13.692805032357036 11.76656357329997 10.593370197691797 9.924276033321243 9.600296946735698 9.517070936831962 9.60439303721694 9.814019960674436 10.112219621140062 10.475127617731172 10.885817844898115 11.33246081971656 11.807211938713591 12.305637948229613 12.826606965324755 13.372671205572964 13.951094545113298 14.575860949958274 15.27131508707119 16.078668762091187 17.067729365487505 18.35845293707783 20.16157676933805 22.857579950006922 27.155539338461487 34.42543287204502 47.42404399335265 71.95743333398008 120.88261872179595 224.21291592659597 455.5176549368633 999.730881727725 2293.8322492760044 5008.950529965367 8102.074013507021 5768.267205870358 403.86373679780263 2.8873049649291715 -393.87695200034045 -5756.684697200711 -8100.965461459424 -5014.49286695319 -2299.626269406776 -1004.0989192558136 -458.58074609954167 -226.35151671153818 -122.4008458929049 -73.05977799843433 -48.24259783100526 -35.045078506151796 -27.631044184446285 -23.224486330457037 -20.44312515159019 -18.570058884201934 -17.219933793011787 -16.179103555095942 -15.326007156026554 -14.59007455609465 -13.929842902279388 -13.32098921040841 -12.749653888097095 -12.208683857354018 -11.695550818058564 -11.211284442467218 -10.760076568127053 -10.349397415107541 -9.990588285051505 -9.700000076066638 -9.50086478410439 -9.426254187271388 -9.52374928026245 -9.862910788446255 -10.547486078723578 -11.735873529655771 -13.676444540854371 -16.770518908248988 -21.688733002153125 -29.594680149087615 -42.59343589932407 -64.67270645670098 -103.76873352739402 -176.4725280566437 -318.8001056947698 -607.8957881105484 -1171.0161492771754 -1823.1505591371542 913.7985904980538 17268.269048831808 22229.761116613816 -16071.069385076271 -12334.732370431637 -4318.04639437729 -1549.0845255447105 -641.0843938080868 -307.72979810846033 -169.0265305402172 -104.38108124736 -71.06550105363985 -52.2850314536516 -40.8142832873426 -33.29363854338463 -28.051899248074385 -24.20655296634294 -21.265618936231604 -18.94067499750192 -17.05438478611704 -15.49262758176316 -14.178690298109059 -13.058834529086349 -12.093949393364166 -11.25457032021382 -10.517816416060754 -9.865452100052407 -9.28262481875275 -8.757019524814336 -8.278276455705447 -7.837579520274529 -7.427358258477734 -7.041067663173806 -6.673023102453657 -6.318275532278816 -5.972517087934337 -5.632010154810185 -5.2935348396732085 -4.954350834044385 -4.612170277318306 -4.265138563555038 -3.9118202447296913 -3.5511873426752327 -3.182607564908846 -2.80583016935787 -2.4209675543174214 -2.028471075314897 -1.6291000982782133 -1.2238838574707422 -0.8140762753017228 -0.40110446449026504
0.011468511557088945 0.4228781239712376 0.8329176130306148 1.240218809404059 1.6435286692662032 2.041760466747755 2.434039992407211 2.8197458908452155 3.198543741407267 3.5704139903758314 3.9356743404117545 4.29499767110042 4.649426969265402 5.000389078718692 5.349709326109009 5.699629254143357 6.052829807565718 6.412462414783215 6.78219052782203 7.166244416992873 7.569492444852721 7.997532841855226 8.456811370935457 8.954772550729405 9.50005582504021 10.102754079409081 10.774761619868345 11.53025455646911 12.386372635355135 13.36421530743842 14.4903395752069 15.799077623470936 17.336225402515492 19.16508087773154 21.37661711036909 24.107144435212835 27.56997549344109 32.1142150466136 38.33821438014806 47.31820561792221 61.09212955203835 83.74194597152272 123.97263998312313 201.7134264055631 366.4075267123179 751.9906336090364 1752.490105095017 4547.105793550408 11475.674888707985 13584.264532872936 -17641.666287410088 -20178.484607530132 -2890.352043583242 2486.7530946794855 2015.5307341892658 1143.0765122482178 627.8123924559686 357.68061107556815 214.52269830132929 135.46040698586114 89.73785515361986 62.130136634075406 44.814117433900066 33.59268067481214 26.115896598490895 21.014056302468553 17.458249269650672 14.928709576523813 13.087987953660507 11.708954607899669 10.63244329452595 9.741380677950051 8.944279290784563 8.164091655070148 7.330074865579683 6.371201943006777 5.210128988465401 3.756967298405578 1.9022153329684155 -0.4917584985525414 -3.6012595091355903 -7.654278149465954 -12.945930866545273 -19.854918050936643 -28.85601517035763 -40.51474903009389 -55.42885245426676 -74.0289850432818 -96.02548179626247 -118.98610154927435 -134.82167283808354 -121.41110428668611 -23.92550240175151 280.24940773588634 1015.4690754667788 2403.0452389012157 4106.09611136973 4706.982105851054 3363.90466397269 1431.125933020354 3.7478839929150354 -1420.9417426329196 -3349.7473571224386 -4695.229817063478 -4102.686582367667 -2406.913691083119 -1022.5971351329565 -287.7095977269883 17.42202070227794 116.17932760617843 130.77145798997768 115.91028311119355 93.7143513890426 72.30590386800407 54.155364304315775 39.58569707793846 28.19248593413315 19.397691453836295 12.650160263787402 7.485435620230296 3.532168460442797 0.5004938059732789 -1.8337645257154866 -3.6440462657166828 -5.0657194639369685 -6.206389252047528 -7.1542654812079 -7.985143746201406 -8.768589168576257 -9.573952309038791 -10.476954828845253 -11.56782503289766 -12.962437320388487 -14.818796260009925 -17.362854420752694 -20.930763397269956 -26.040673072510454 -33.51918488627703 -44.732280317629765 -62.023288419765784 -89.57681948756013 -135.1910426217806 -214.03894432637125 -356.7659463053463 -626.022583807888 -1139.606212674291 -2009.9338408322076 -2486.347271621305 2848.863261389809 20096.257166640095 17695.408883880504 -13527.88153532856 -11478.981095770776 -4548.35036061624 -1751.8593887279364 -751.257380554824 -365.8837572381035 -201.3739279747928 -123.75713513997688 -83.60514084117864 -61.00474318264437 -47.261781570848704 -38.300974055065495 -32.08845063663645 -27.550506852218604 -24.090415115782246 -21.360159412540103 -19.147192065564546 -17.315765026689075 -15.775334687635548 -14.46294023827524 -13.333054302175073 -12.351558761240222 -11.492064785648125 -10.733600812591892 -10.059118761059915 -9.454501324654418 -8.907883291324191 -8.409174357640325 -7.949714513422745 -7.522019084234555 -7.119586290553204 -6.736749866197433 -6.368565270064019 -6.010721730727031 -5.659474635797412 -5.311594141538256 -4.964326665982677 -4.615366362697992 -4.262833910939623 -3.9052600916411606 -3.541571742066152 -3.171077830950164 -2.793453613152419 -2.408721124045332 -2.0172246529026605 -1.6196002932800102 -1.2167391690187657 -0.8097444594690195 -0.3998828504780949
0.009036791935868038 0.4155676073669401 0.8209685142124279 1.2240736448509981 1.623819344286348 2.0192907413651984 2.409764318004326 2.794745791120379 3.1740030080440462 3.5475939722151573 3.9158905293668056 4.27959863332994 4.639776450507949 4.997851841480605 5.35564096855512 5.715369920781255 6.079701341639154 6.451768106929823 6.835216175450354 7.234258876126498 7.653745179796445 8.099245045871116 8.577155892082189 9.094835855388283 9.660772161863006 10.284797203488072 10.978371786710683 11.754966085692763 12.630586828162592 13.624528882516529 14.760479032531608 16.06818430449984 17.58604431246672 19.365248585711953 21.476555966218335 24.021702964132917 27.153139161741333 31.109183797079496 36.278675118037725 43.32407817924655 53.4251772281602 68.78280659455172 93.71175222341986 137.14321941518782 218.70318336318027 384.41713631596207 749.6335816182852 1619.008726117883 3781.3900189679116 8604.90148073957 12403.964883728662 -5580.751260605296 -22797.819649959478 -11290.536155754082 907.1442720181722 3388.010586442931 2495.133543660195 1514.0033222067116 901.0534960597028 551.0906239097402 350.3094815871677 231.380251322566 158.12633262438425 111.16870158001113 79.86218041731607 58.15420440990593 42.47129540139838 30.618002548163936 21.185409853223813 13.221809641092985 6.041643946230746 -0.8911292912117119 -8.039334087812655 -15.847572428859813 -24.787205489384956 -35.398586377235475 -48.33570527156272 -64.41719876377316 -84.68660377335624 -110.48293551124466 -143.5186779408193 -185.95335774451715 -240.43166822861116 -310.01542024735147 -397.85992721757424 -506.33756797608953 -635.0561719533943 -776.8497130278362 -910.5063503375809 -989.5219440999269 -929.6996087685017 -608.610374178582 93.90636656409157 1187.19035293541 2441.0788497745625 3408.783751255724 3700.9901490095394 3262.2670433533326 2332.3833937520176 1193.2604119086675 4.34917267817525 -1183.6981869002016 -2320.8435164016805 -3249.094294304875 -3687.870209075106 -3397.90264276262 -2434.487921015744 -1186.3758315509187 -99.03255700621116 599.0097970717655 917.9498269747199 977.7371584121397 900.0392150148073 768.2923439472233 628.4791155636959 501.53555163010566 394.52295612418806 307.82486091821323 239.10450925213487 185.25668812546579 143.269355390494 110.54112766509583 84.94769755190923 64.80413862919309 48.7925251459842 35.885272752382846 25.27576052379743 16.319060431673194 8.481696616560175 1.2975897197797792 -5.6737167411147205 -12.891657258677913 -20.889283568346073 -30.34916137970134 -42.21945767798996 -57.904133974093774 -79.59075581429609 -110.83914527133753 -157.67687638676085 -230.7015622541586 -349.19916389183567 -549.1628234312528 -897.5779788312366 -1507.7578110642341 -2485.2418756277216 -3381.0097406432146 -938.4667777951705 11192.689493027927 22775.58825258282 5717.985655918625 -12384.685679947012 -8627.815421891255 -3791.431605683719 -1621.9167044273952 -750.2685458093516 -384.42356168813416 -218.5680307083526 -137.0024329503039 -93.59768746475261 -68.69808739951245 -53.364842404739484 -43.282107684258214 -36.2497379511173 -31.08894914496951 -27.13819379743576 -24.00939379173239 -21.46484612093741 -19.352603830089105 -17.571346301201178 -16.050663439361664 -14.739660446550644 -13.600186860401596 -12.602704585074896 -11.72369904806264 -10.944013375871474 -10.247746692763071 -9.621504533705027 -9.053873795482058 -8.535044158710091 -8.05652748942065 -7.610944672660769 -7.191860370630021 -6.793653047774129 -6.41141187195271 -6.04085474558258 -5.678263333764866 -5.320431910033063 -4.964627378473141 -4.608558114230776 -4.250349409037346 -3.888523391346599 -3.5219813736508954 -3.149986698601781 -2.772146336235126 -2.3883897361876016 -1.9989437657408349 -1.6043029445678147 -1.2051946129365554 -0.802539103869071 -0.39740541032950993
0.0063079975587410075 0.4063530064357668 0.8055442854870698 1.2029599988783168 1.5977642785491852 1.9892476591820696 2.376864752323682 2.7602687112393554 3.1393423251901975 3.514225883753941 3.885342265175229 4.2534199874866285 4.6195152221795155 4.98503398125405 5.351755848669315 5.721860738348017 6.097960227213761 6.483135048253041 6.88098036579432 7.295660527378844 7.73197514707169 8.195438707693237 8.692376477407171 9.230040587361875 9.81675186245423 10.462075811693005 11.177045695439647 11.974452782269607 12.86923545881724 13.879017548699412 15.024876845691898 16.33247581440185 17.83377250708042 19.569677762745208 21.59428413885389 23.981756026528465 26.83781926597295 30.319380150899963 34.66886863083385 40.27597736348864 47.79190420664991 58.347539296756956 73.98487055599867 98.542832739128 139.55166157933795 212.4579031035978 350.43133366262856 627.7810817113582 1215.2670688768728 2492.4241561899407 5106.719614742907 8747.999108251888 6440.185035723828 -9927.05984529593 -20062.369828506377 -12507.235253647337 -1214.103677161944 3616.8039415519356 3792.8770066388747 2788.024822712032 1872.4256447734433 1238.4632995935262 825.7536355869454 556.7259664113421 376.58274033997685 250.93132972035193 158.611022370021 86.34718004477904 25.427068594918723 -30.290975358200356 -85.59136440609905 -144.68438008105267 -211.75925309679045 -291.4181205883182 -389.04128053035333 -511.07839547144704 -665.1843507875199 -859.9918414029516 -1104.0986620509584 -1403.5213500730492 -1756.4880259392266 -2144.344626442347 -2518.467513003273 -2787.112492340995 -2814.220791351545 -2449.9863605825567 -1604.7389860612782 -337.2879089214109 1118.4176047180472 2442.19311529676 3379.0610802257956 3834.7020726153146 3861.957219450502 3585.5720224053653 3133.332962931128 2601.9634114502032 2051.319043716595 1511.5608192112084 992.8555730186694 493.34643190940494 4.681119925038502 -484.2804386640509 -984.6668482904696 -1504.7950260799503 -2046.4542391864882 -2599.348384826605 -3133.0651754729997 -3587.3057649279967 -3864.726562474914 -3837.012082290556 -3379.5789989700606 -2440.980081397441 -1117.7079098018794 334.0970370118157 1595.605535654272 2435.9056682504843 2798.4639141560306 2773.102269249037 2508.2667923778954 2138.4318036729155 1754.2932335010873 1404.0573798822463 1106.3797295743427 863.2215798828469 668.7957436735736 514.7049665264092 392.4680299615879 294.53486679324567 214.52402456732855 147.09757986006267 87.67899434591442 32.09487697960256 -23.85346530001442 -84.9382168787649 -157.28268324650685 -249.5672372338653 -375.00697730562746 -554.6527083673069 -822.6979578949133 -1233.6028775792583 -1864.4876061079074 -2775.73993755194 -3778.335030260322 -3616.848740333651 1160.6395909531386 12410.740248727663 20050.884266834324 10056.891722267523 -6375.843330829127 -8774.428996583907 -5132.477523102885 -2504.3351774412768 -1219.9245724798225 -629.4915669710388 -351.01112721993564 -212.61233884514397 -139.5526388969337 -98.49566657789354 -73.92982905656042 -58.29899053934495 -47.753800779174455 -40.2481416863365 -34.64959748881391 -30.30653669610528 -26.829289597364856 -23.975634257843712 -21.58893999447936 -19.563772805573365 -17.82625356617367 -16.322557991117133 -15.012021480267368 -13.862907537635637 -12.849749084117844 -11.951636730553327 -11.151087786990809 -10.433277911654493 -9.785503434580066 -9.196793339655285 -8.65762051735719 -8.159680585720919 -7.695718111221939 -7.259387252140925 -6.8451383509493535 -6.44812481935042 -6.0641263994221095 -5.689485936567484 -5.321057405438534 -4.956163257461288 -4.592559317500022 -4.228405530426471 -3.862240897329894 -3.492960992856897 -3.1197965386597915 -2.7422916488883953 -2.360280555018246 -1.9738618694598031 -1.583369739002194 -1.18934156108641 -0.7924822610527738 -0.3936254434167008
0.0034016883465604053 0.3954744558576362 0.7870050782898819 1.1773562413508465 1.5659572312398673 1.9523367885854181 2.3361546606370798 2.717231696168776 3.095578494776152 3.4714228007870496 3.845236017879783 4.217759392055598 4.590030569189274 4.963411364709014 5.339617683032261 5.720752594672307 6.109343616443885 6.508385257832927 6.921387903137122 7.352434122045448 7.806243569443705 8.288247799137505 8.804676643007214 9.362658402055635 9.970337100194682 10.63701170336162 11.373304856557297 12.191372908718078 13.105175698002736 14.130835268083285 15.287129877012555 16.59619756214821 18.084569293280033 19.784727734136613 21.737515479008096 23.995934738575972 26.63125836504354 29.74303789106014 33.47578853331146 38.04731543937456 43.79772391160608 51.2759385640249 61.395739964951176 75.72361076032318 97.0223186192931 130.30158490202837 184.89196323636213 278.59792146699203 446.0012400515545 754.3884216940721 1329.813203006207 2375.483646339802 4055.6441765152226 5805.2981673487375 4847.410959523301 -2273.6083903460267 -11903.346639248439 -16082.83104621729 -13207.140666847152 -6876.15074335639 -1328.9978583506468 1635.6912299501403 2518.22396307503 2339.773215247902 1771.8240740231295 1116.075325135455 471.2204008777121 -150.9771508868596 -769.9467557399942 -1412.3674390594942 -2099.850442030231 -2837.0419568392435 -3593.446763564998 -4276.069951737469 -4699.316947179 -4579.837187115742 -3610.102544587903 -1648.6491881127563 1058.0792574828024 3859.770187437448 6022.92122945471 7136.775902408914 7238.0591206885465 6633.7342731426925 5668.126050917123 4598.421415809355 3575.514186030517 2670.290661729275 1905.002271431737 1276.3769376906541 770.0688785473719 369.09403186160534 58.464009988421495 -172.6831759812164 -330.78364670320326 -419.0027559750042 -439.4893155892987 -396.1868328130125 -297.40313360513636 -157.23543063048987 4.804492464159926 166.00582234592486 303.8140836321845 399.13196272568285 438.39720979132136 413.79892118027504 321.73588738559465 160.20549473957146 -73.97780514849295 -387.3630107144787 -790.930095694744 -1299.708485026103 -1930.5746948777091 -2697.5508302062854 -3603.298909204433 -4624.621293895927 -5689.439005135384 -6645.930232098891 -7237.4878271646985 -7123.477006349929 -6003.6122264151 -3846.371732249736 -1059.782996904346 1633.06191463505 3590.736345534822 4567.1183319066695 4697.954964843802 4285.170420898367 3609.528836775695 2856.5522669825327 2120.2616651196136 1432.3236305196474 789.0470752401768 169.53006737992382 -452.362841487286 -1095.6315953187357 -1748.3169395465836 -2312.33189090176 -2488.839942854639 -1613.5060380265998 1325.48255397694 6833.055337033898 13146.164452579966 16060.523162916888 11958.01219470951 2357.520298411089 -4819.706047415053 -5824.493935737322 -4079.807489570477 -2390.9736786422895 -1337.9535222727234 -758.3554353437361 -447.86690817784523 -279.44775615862835 -185.25816522587223 -130.44069067591923 -97.0579834865859 -75.71555423206533 -61.37260251974919 -51.25104577459405 -43.77676616761583 -38.03216065102699 -33.4664136987195 -29.738527574613148 -26.630330472598438 -23.997221297513693 -21.739713193061338 -19.786677298930243 -18.085294432173306 -16.594920429940235 -15.283272046392042 -14.124009606493182 -13.095172338298266 -12.17814138232326 -11.356933812197155 -10.617707264818366 -9.948400685401149 -9.338464669149115 -8.778652109961426 -8.260850588949209 -7.777944648022506 -7.323700323050852 -6.892666967395211 -6.4800930540009904 -6.0818536570605986 -5.694387904456866 -5.314645026111009 -4.940037777549922 -4.568402086440049 -4.197961788910964 -3.827297328630186 -3.455317314182693 -3.0812318826289875 -2.704526902489457 -2.3249381757195486 -1.942424961042244 -1.5571423213611713 -1.169412003425574 -0.7796917537139514 -0.3885431654981897
0.0004393321184625876 0.38322324348305514 0.7658098833163152 1.1478839618250802 1.529174667213029 1.909479633961375 2.288689247799125 2.666811469526076 3.0439973995310954 3.4205678467102985 3.797041208867258 4.174163014758481 4.552937521156153 4.934661796568429 5.320962751852454 5.713837599609084 6.115698234319122 6.529420019900645 6.958395463455558 7.406593242738069 7.87862305994258 8.379806837247038 8.91625688834996 9.494961940209045 10.123882331941058 10.812056483757159 11.569722007535033 12.408456887752495 13.34134945866261 14.383211140777673 15.550854227380505 16.86347028698562 18.34316596100881 20.015747006053296 21.91189642122504 24.068981732250084 26.5338721755598 29.367385939277344 32.65138373402476 36.50018521673237 41.079092997982066 46.634680953894225 53.54468083478725 62.400702676981275 74.14617211075391 90.30714783241578 113.3783976430136 147.464343536039 199.32158680920685 279.9790683279557 407.013561396683 606.9930987986005 915.7120398280049 1369.0530252226195 1968.9574168098288 2606.302328318719 2962.9979576893816 2538.5157057950632 996.0255184347488 -1375.8103580051538 -3737.4258753615663 -5331.065026972296 -5894.170101261941 -5564.3150993603285 -4621.304939250273 -3323.8654399509214 -1860.7681694098233 -365.9954935167775 1046.5954814137035 2260.6110246845647 3162.3540260601144 3669.2330635020553 3759.764758146335 3483.3339700223396 2943.91817517754 2268.487519814073 1575.3240191876826 952.4110379250671 449.2079100217694 80.06696870573649 -165.44689842906024 -310.72536968846265 -382.62709504273573 -405.7714204984819 -400.2137734507727 -381.3487174737418 -360.93742233607173 -348.5132431715954 -352.744594005614 -382.4880343836057 -447.21062485511 -556.2085602500488 -715.6980818339953 -922.7839316622521 -1156.413267897065 -1368.8009408830926 -1485.8072207450944 -1425.9135517660582 -1137.002292868665 -631.5888761833398 4.825519405464718 640.0378142192053 1142.3732781757144 1427.598742838496 1484.4697398279616 1365.7519778004712 1152.8888690100557 919.5541028728015 713.0504001413129 554.112273321472 445.48611559935836 380.9140290118762 351.10715850407814 346.6222645121064 358.633983898784 378.52039042373775 396.83121916006314 401.95833846322415 378.7727890107462 307.63867787968024 164.52510890019312 -76.72315903594296 -438.84950695769476 -931.9971819288497 -1542.2476201732848 -2221.5860050210167 -2884.5046768012494 -3415.8574480363945 -3691.672003555606 -3609.7263543366153 -3120.17926971869 -2241.720345010165 -1052.8811310406638 336.32513256364405 1811.797325993183 3260.813075669304 4550.383280261983 5493.367296751845 5833.029089653987 5290.208860909082 3723.627830971239 1385.7509217553597 -977.1452066536312 -2526.7070128187893 -2963.5762331204774 -2614.731508157071 -1979.0689231297874 -1377.4702518709603 -921.6315684988351 -610.7844413020746 -409.3060401170767 -281.30984425822624 -200.06663817345503 -147.8643539124569 -113.58055017770319 -90.39919860745593 -74.17960040522864 -62.40526415492775 -53.5372276494761 -46.62442216502471 -41.07071828766573 -36.495725067664516 -32.65132524307379 -29.37134861378754 -26.541021325902634 -24.078283331494532 -21.922274587583832 -20.026180499069095 -18.352745668612606 -16.871431191566867 -15.556590330422503 -14.386278801095386 -13.341462763571675 -12.405477538464936 -11.563645482946526 -10.802995776169055 -10.11205023825068 -9.480652670526556 -8.899827592642184 -8.361659529691478 -7.859187322947769 -7.386310019115161 -6.937702180954686 -6.508737248269725 -6.09541803143876 -5.694313669916129 -5.302502503876649 -4.917520349054794 -4.537313662512643 -4.160197073149741 -3.7848147334074156 -3.410104948243786 -3.035267546760423 -2.6597334979017173 -2.2831363128095195 -1.9052848385214816 -1.5261371090646847 -1.1457749852084032 -0.7643793733524973 -0.38220586381365607
-0.002457743591977035 0.36993452398603743 0.7425038158848096 1.1152897150157326 1.4883519210862062 1.8617842391654982 2.235730666476643 2.6104041421515234 2.9861084218085754 3.3632634360380997 3.742434387572491 4.124364743659514 4.510013196523666 4.900594598422625 5.297624827803604 5.702969508359912 6.118896478694014 6.548131888219899 6.9939197768331685 7.460084968902159 7.95109907977154 8.472149403518369 9.029210421800936 9.629117677018018 10.27964380471369 10.989576679801827 11.768799955299558 12.628376890396474 13.58063943766502 14.639286375994486 15.819497260592534 17.13807379271258 18.613627916490188 20.266848121425067 22.12089444971338 24.20200215299012 26.540419099593812 29.17187052044634 32.139847328349624 35.49916575921741 39.32146545485349 43.703622157612585 48.780469322233785 54.74375243787799 61.86983196438067 70.55913427636229 81.3902929100907 95.1903882079641 113.11787122783024 136.74354724808157 168.0929638439421 209.57646718429146 263.68264888742664 332.26739420307183 415.29366788675577 509.0737628601616 604.5356103282628 686.6848957514549 736.7363904361745 737.4925503155438 680.2438846254332 569.3218741060235 420.9953485791118 257.0652612794433 97.15509404156109 -46.01945010737296 -166.9481144919871 -264.7356213629237 -340.1673487590884 -394.08100682653213 -427.2275624058608 -440.8726271845609 -437.2994638913852 -419.80698954095175 -392.26703921009687 -358.52972306898323 -321.9373764595623 -285.0652617621918 -249.6789724334647 -216.83582554880232 -187.05194232699895 -160.4793874802546 -137.0656504111878 -116.69008770823552 -99.28731619874398 -84.97899320989433 -74.24769791195551 -68.20497783864177 -69.0352560237173 -80.74016830612152 -110.34885417463336 -169.71995541983807 -277.6704918296779 -460.7105878028816 -746.8871554869282 -1141.3252494974802 -1574.3333067783637 -1852.628309191644 -1715.5334751400985 -1040.5185959166374 4.863771397545236 1048.5377037617027 1719.520932394367 1852.6245290882136 1571.9942607424641 1138.2973795513028 744.0564150232753 458.3529856537138 275.7830525544058 168.21843769750265 109.14403752097179 79.75755363322179 68.21552797211083 67.49969912121401 73.61463888821973 84.37805497825579 98.6770709212248 116.0248245369111 136.29293426587807 159.5383610851009 185.87289597371992 215.3419078297425 247.79124183780254 282.7124277138004 319.0711996501427 355.1457639236233 388.42791491106254 415.6619087624591 433.0910776860364 436.9230723639461 423.90249165155325 391.7422376477475 339.13372763901606 265.26657025360834 169.2413472811083 50.18815489684414 -91.1604313664327 -249.57979153377607 -412.72612593473923 -561.2840824808173 -673.5022667499279 -732.8108420712454 -734.3367676980072 -686.2563888230433 -605.4539806130776 -510.6733275429853 -417.0526152023068 -333.8679973925362 -264.9839923515973 -210.55449123398517 -168.7843554677615 -137.20710178197314 -113.41305190769812 -95.3679265233065 -81.48965935804719 -70.6092618053833 -61.891009644858826 -54.7496672531711 -48.77998338623124 -43.70217688704159 -39.32213435712372 -35.50342020320007 -32.14810359625342 -29.183876317635526 -26.555524550889164 -24.21934844638124 -22.139543919174606 -20.28587260948206 -18.632167281281383 -17.155372935968582 -15.834927616935472 -14.652356119218556 -13.590995479421663 -12.635800927682794 -11.773200242468084 -10.990976785620331 -10.278169316972896 -9.624981596927373 -9.022697827014703 -8.463601836682377 -7.940899029670323 -7.448640743819013 -6.9816510251907715 -6.535455988602168 -6.106216001511289 -5.690660933752589 -5.286028690468791 -4.890007209186198 -4.500680061386708 -4.116475767493855 -3.736120899925366 -3.3585970253491304 -2.983101509674846 -2.609012174931147 -2.23585575815477 -1.8632800680729034 -1.4910296642767218 -1.1189248061771462 -0.7468433248114525 -0.3747049760094434
-0.005171045647234251 0.3559770158689801 0.7177001728420063 1.080419571143354 1.4445505282079107 1.8105057066708508 2.178702224433504 2.5495736639713495 2.923587713641318 3.301269918982719 3.6832337631109713 4.0702170527540105 4.463124367228843 4.863075150927099 5.271456891031701 5.689982724572662 6.120752758878023 6.566318348905087 7.029748550733128 7.514697942734294 8.025474963086475 8.567109841220999 9.145421097440654 9.767079432834723 10.43966764133819 11.17173493948631 11.972843848425674 12.853607495429964 13.825714976228864 14.901942307287419 16.096146619207772 17.423241784783258 18.899154903580204 20.540765376083762 22.365832207831836 24.392921330432248 26.641353882903562 29.131209162392423 31.88343268699212 34.92011961625296 38.265063712531465 41.944674826029924 45.98935928754821 50.43540222331 55.32724795109578 60.719785815877 66.6797426652721 73.28449758717159 80.61557271028086 88.74289090853082 97.69513384253247 107.4121794763494 117.67912499828891 128.0492768091168 137.77585829505944 145.78585429966927 150.73638961366598 151.18332003768663 145.85645328474504 133.98350752391153 115.56120099124989 91.46825881567011 63.36441108020452 33.400106945027375 3.8300868597573867 -23.353751314054705 -46.68098703721313 -65.31490975802967 -79.02918136646342 -88.08995626303329 -93.09370409591011 -94.80450751585323 -94.01993553915133 -91.47843748788631 -87.80818992305761 -83.50951425770248 -78.96017595763638 -74.43360577468638 -70.12257707483371 -66.16378115685606 -62.66130511885848 -59.7090474947759 -57.413741525356166 -55.921906042111225 -55.456288246746865 -56.37116432136047 -59.24285778800442 -65.02510242114568 -75.3242448567315 -92.89754937427563 -122.56688439519436 -172.8892262392767 -259.1050564368036 -407.7705225018174 -661.5239002275341 -1073.5287272623584 -1656.919333868334 -2240.691828200099 -2346.6587096672242 -1529.6758664257836 5.02182345748281 1537.2824002357886 2349.050568852142 2239.016948796397 1653.760892307563 1070.4685272425074 659.0522644560881 405.8930326899851 257.7014390879828 171.83810880133876 121.77396276288555 92.29494103966562 74.8639813464802 64.67298799913034 58.97382938807372 56.1659916666013 55.29924818947318 55.799126750746275 57.31201457535029 59.614994778973696 62.56086157092611 66.04201371777307 69.96391513910183 74.22259847952972 78.6829172479031 83.15585559532046 87.374777295679 90.97241590560579 93.46284965943141 94.23550022773064 92.57067567914667 87.68709149012288 78.82946616323494 65.39720734277665 47.102980982405285 24.1342420462054 -2.724260312003679 -32.05694303522577 -61.91587047258196 -90.06638133361555 -114.34711229845185 -133.05877074778925 -145.2659431424408 -150.91432054910925 -150.73214198205952 -145.96676914811368 -138.06038414900357 -128.36876056073976 -117.98480803491884 -107.67556912477882 -97.90438303158844 -88.89772738850165 -80.72249272066844 -73.3530352947298 -66.71997728779688 -60.74090674508925 -55.33688613148957 -50.43945045766884 -45.99206775129705 -41.94887715841866 -38.272445494728075 -34.93148081592734 -31.898920979849255 -29.15051588456785 -26.663872308442247 -24.417870760929105 -22.392352756413768 -20.567988522505463 -18.926254467129947 -17.449469342495636 -16.12085470846833 -14.924598132045885 -13.845906786213169 -12.871045355329068 -11.987356142828531 -11.183261661094622 -10.448251279078224 -9.772854091861793 -9.148600347733126 -8.567973688720642 -8.024356266149168 -7.511968552627035 -7.025805428606535 -6.5615699031817964 -6.115605646614952 -5.684829366799926 -5.26666395308184 -4.858973237223951 -4.459999164339035 -4.068302128479306 -3.682705187013635 -3.3022428176421315 -2.926114813176506 -2.553645805688509 -2.184250777788055 -1.8174067451115494 -1.452630587662762 -1.0894627753887942 -0.7274564869774736 -0.3661713805658273
-0.007588909830547053 0.34173956764860236 0.692057713176375 1.0441875158806457 1.398918361456003 1.7569988714205564 2.11913452084711 2.4859924172249137 2.858214257657199 3.2364380809457582 3.62132902297585 4.0136188878237 4.414153999114934 4.82395049539841 5.244256007227444 5.676616483372143 6.122946834944409 6.585604004072376 7.067461038632317 7.571980732508088 8.1032873561937 8.666234924366023 9.266470315230091 9.910489328693316 10.605683451654357 11.360374648230476 12.183834910951541 13.086286575476334 14.078878518420934 15.173632320493457 16.38335132039037 17.72148424422696 19.20193384790693 20.8387998843175 22.64604482733995 24.63707038992402 26.824193078532897 29.218008013957018 31.826631923492776 34.654818182453525 37.702938099698486 40.96582161112194 44.43144469724602 48.07943738353026 51.87936324737352 55.78869088974647 59.75035015693519 63.6897657534341 67.51133267326459 71.09450399207073 74.29006468001376 76.91778495488855 78.76739028489953 79.60537637272668 79.1901676775053 77.29694266733311 73.75086854056079 68.46390546432879 61.4670084260549 52.92822692796406 43.14921909123193 32.537986025378274 21.56240185204439 10.694635444092881 0.3586179142622825 -9.109243240432718 -17.48064658686488 -24.637221328838166 -30.557698115796228 -35.29650146339769 -38.95971833054013 -41.68293199382056 -43.613487086187064 -44.89804219519833 -45.67510022520871 -46.07162312644242 -46.20270856919184 -46.17346373925191 -46.082512299263634 -46.02693062525809 -46.1088103938323 -46.44411973897533 -47.17518618192251 -48.489136653646625 -50.64634792016243 -54.0260322426489 -59.201772322299284 -67.07066391489657 -79.08091957910867 -97.64510562584537 -126.91175819119049 -174.23997858481255 -253.04768722136123 -388.2002349812974 -625.1568750729097 -1039.5356088751662 -1716.9945354157967 -2592.5890603878797 -3065.152998541265 -2160.140669130115 5.3628446383413575 2167.5069144593094 3066.188930029057 2589.9259398903496 1713.6931859537262 1036.7873181186571 623.1063837382455 386.7082202296501 251.9569101121372 173.43123556790462 126.30318834860209 97.181905931214 78.72636431951906 66.79982649320681 58.9973894458895 53.87580513515733 50.54116322618096 48.42187327603664 47.13990367488208 46.43550714722888 46.121826879201855 46.05660274150658 46.1238740124692 46.221637476184796 46.253130537010634 46.120412417849366 45.71955700975572 44.93723475847311 43.64884826494553 41.71873831139372 39.00327914825752 35.35785987870632 30.648669260289196 24.769691853991915 17.664245844084547 9.348747652433431 -0.06554312980355803 -10.358632305083049 -21.201942997235435 -32.17700632425213 -42.81321903023105 -52.63976991538577 -61.24181315361632 -68.30857763230114 -73.66276932058824 -77.2659934499309 -79.20184232250715 -79.64393061645313 -78.81853203357991 -76.97035281017061 -74.3366649350774 -71.13132284275014 -67.53744895740876 -63.70627131096818 -59.759499784073355 -55.79320540164634 -51.88192868227137 -48.0823916338613 -44.43661719531811 -40.974484397560126 -37.71582973922327 -34.672209626058766 -31.848411880776027 -29.243772863927763 -26.853332200187374 -24.66884200308217 -22.67964024432828 -20.873395848468313 -19.236733646364605 -17.755748798331457 -16.41642164476695 -15.20494473562589 -14.107973894559311 -13.112814717030075 -12.207555013398762 -11.381152586747989 -10.623486505995649 -9.925378822077112 -9.278592543729424 -8.675810683907436 -8.11060033140465 -7.577364992638058 -7.07128788525635 -6.58826843361493 -6.124853898761273 -5.67816785748021 -5.245837101018891 -4.825918441462296 -4.416826861688428 -4.017266406709519 -3.626165170335094 -3.2426156551401686 -2.8658216675181425 -2.4950527365730224 -2.129606809386786 -1.7687816827038905 -1.4118552838116027 -1.0580745301069783 -0.7066520998133541 -0.356770055454092
-0.00961193149184858 0.32761510126211313 0.6662543197855086 1.0075394807995686 1.352644958041438 1.7026660651231484 2.0586069462524836 2.421377834609384 2.7918029916595977 3.1706400963915637 3.558611304220749 3.9564456527796388 4.36493201168342 4.784981355601126 5.217696814251438 5.664449716988873 6.126959697198009 6.60737684432422 7.108363857870614 7.63317614997483 8.185737825313621 8.770711407674048 9.393559051467104 10.060592736887974 10.779010578772507 11.556915843459747 12.403314550832878 13.328086618105694 14.341924359958234 15.456230814416827 16.682968810222825 18.03445000364105 19.523051360104958 21.160844887392475 22.959125089321297 24.927817854307197 27.074754833462666 29.40479925476247 31.9188132838899 34.61246422877595 37.47487793413606 40.48716351448766 43.62085499520995 46.83634326600128 50.08140667193794 53.289990916225435 56.38143823464059 59.26041964984696 61.81787621281298 63.93331218492726 65.4787817340141 66.32483690181878 66.34851897207916 65.4431495732366 63.52922041206632 60.56516416691249 56.556359487838215 51.56057041788564 45.68830361546539 39.09732322098236 31.981649702164106 24.556486459967886 17.041323772710726 9.643720448870852 2.5459182645892753 -4.104337069472663 -10.198336411271214 -15.666709238750798 -20.47643802903565 -24.625759175309625 -28.138077043502463 -31.055802767703256 -33.434753933381245 -35.33949107451306 -36.839766243961236 -38.00813064699149 -38.91868952746513 -39.64699472114308 -40.271122030515194 -40.874094489167234 -41.54800038927764 -42.400456740518955 -43.56456322947899 -45.214327643146035 -47.589004536736645 -51.03242362522575 -56.058283912592266 -63.461785707645824 -74.51655999924478 -91.33377376909112 -117.53988260030378 -159.60016366529882 -229.4818746534216 -350.09982997829314 -566.1885303679259 -962.9100928006372 -1677.0837356154366 -2783.517293948492 -3727.848996709717 -2898.6728437185857 5.899020739050798 2906.006778219634 3727.8238727344255 2780.264131523005 1673.769507054601 960.3551048657621 564.3425626790499 348.7687131756578 228.504507601702 158.86609526313822 116.97684068316727 90.89470737553285 74.17056673386435 63.188301972241234 55.84342767811723 50.866670937650404 47.465682843719215 45.128614518352705 43.51280520952017 42.3796982295821 41.55565754448087 40.90773574991324 40.32833311349737 39.72531502856924 39.01561154420641 38.12115499960633 36.96650317205119 35.47779436844145 33.58286677707767 31.212487074165907 28.302691170365435 24.798245991570766 20.657190386632607 15.856296524052738 10.3971050138707 4.311937736600768 -2.3309824687700598 -9.42440414899437 -16.822088361463372 -24.343012644552076 -31.78021925259067 -38.91397362244753 -45.52793932844246 -51.42624319039335 -56.448890851177325 -60.48318799138919 -63.469607322121924 -65.401680425885 -66.32063173405811 -66.3062850801932 -65.46609769452427 -63.92403749506226 -61.81058026825781 -59.25456360295067 -56.377152473086056 -53.28782705842361 -50.08210826808579 -46.8406606342997 -43.62941371884865 -40.5003850358876 -37.4929443235783 -34.63531666090147 -31.946173702416257 -29.43620605165176 -27.10960527676387 -24.9654119694076 -22.99870743653981 -21.201642093629097 -19.564304314398303 -18.075440370300157 -16.723039992632277 -15.494803786525178 -14.378508903878094 -13.36228854532273 -12.434839443671297 -11.58556978711367 -10.80469827509367 -10.083313312564401 -9.41339981757272 -8.787839785429629 -8.20039164057762 -7.645652505874345 -7.119006820675011 -6.616564218189236 -6.135089206493749 -5.671924959937957 -5.224913386607799 -4.792313565845641 -4.3727206112265105 -3.9649869889912814 -3.5681482643079576 -3.181355153620835 -2.803813589142834 -2.4347342563291186 -2.0732927297162362 -1.7186009174019468 -1.3696900419724045 -1.0255048565654956 -0.6849082511806159 -0.34669487543825817
-0.011159358105361505 0.3139831213561095 0.6409589009592764 0.9714154861895086 1.3069150607913915 1.6489034651889778 1.9986884193823329 2.357429193989846 2.72613933412047 3.1057033717263316 3.4969077745050647 3.9004857087376887 4.3171745797077055 4.747784785570364 5.193277697440601 5.654850568892478 6.134025875662585 6.632742481298415 7.153445984200424 7.699175607266406 8.273644991634853 8.8813142271843 9.527450344532506 10.218173274129105 10.960483914834729 11.762270410486941 12.63228799794347 13.58010683758931 14.616021076292729 15.750911039103531 16.99604894691509 18.362837001466342 19.862465209793122 21.505475159008245 23.301215432082188 25.257174891230026 27.378182282253302 29.66546522050195 32.11556951730476 34.71915189925845 37.459676419926424 40.31206782933783 43.24140405019827 46.201763762245825 49.13538156335662 51.97229788466817 54.63071684248533 57.018293075850046 59.03454690283638 60.574544149871734 61.53386407538708 61.8147146313941 61.33285025301305 60.02473112970197 57.8541782156794 54.81767793433345 50.9475230180767 46.31216626353574 41.01349979931612 35.181198215603615 28.964692859299035 22.523682298221104 16.01825796754497 9.599705041862805 3.4028465257307516 -2.459507987193632 -7.899793389096743 -12.856699431278429 -17.294296624186245 -21.19975150746356 -24.580148322010942 -27.45890359753922 -29.87218354736143 -31.865638324317658 -33.49167419486765 -34.80740968958784 -35.873414219174116 -36.753314072828225 -37.514376386140746 -38.2292565268072 -38.97923616881016 -39.859523842942224 -40.98760414026792 -42.51633358840934 -44.65473409025478 -47.70170376791949 -52.10210272124094 -58.542845330928905 -68.12294327517732 -82.66517318561871 -105.30934827064131 -141.6875660322381 -202.34705289256527 -307.9199373236252 -500.3108117536414 -865.6755657337989 -1568.37012426978 -2806.8074235315166 -4217.508747405105 -3664.0560662248586 6.5908182173046725 3671.4733033900156 4216.564405431882 2803.086835365054 1565.0029162514834 863.1950854482628 498.547334434678 306.6499524334365 201.4078759752469 140.97321197657163 104.7521928662709 82.22183124831695 67.7652309884591 58.252227481663255 51.866274573355575 47.512447053024154 44.50653638887303 42.405472611926065 40.911521923940875 39.8163872387336 38.96762186919034 38.247923332837 37.562102059656155 36.828782801241466 35.97514565391258 34.933723033359065 33.64068178051127 32.03526284292657 30.060192166914135 27.662950902742622 24.797818855226694 21.42859242057149 17.53183210774445 13.10042202671724 8.147132826072934 2.707786005959889 -3.156459047586324 -9.35820624012429 -15.784785097281429 -22.301416596137713 -28.75669613148446 -34.990197090944974 -40.84165248443128 -46.16085857370944 -50.81724012157007 -54.70798439921154 -57.763815041878 -59.951812156877615 -61.27511945847708 -61.76981640122925 -61.499581742463505 -60.54897507302481 -59.01619983977646 -57.006110247250774 -54.624035135533155 -51.97076971512171 -49.13887652335358 -46.21026899206404 -43.25493616010867 -40.330603822421594 -37.4831063805725 -34.74725277325841 -32.14799713785021 -29.70176066011465 -27.417788375035943 -25.29945907935038 -23.34549567706623 -21.551046396931227 -19.908624531242495 -18.408906378321614 -17.04139483596198 -15.79496058521368 -14.658274891934107 -13.620148496144845 -12.669790453064822 -11.796999567877942 -10.992299568918229 -10.247027592596991 -9.553384056457114 -8.90445066083989 -8.294182112237868 -7.71737623590063 -7.169626421802411 -6.6472598196798405 -6.147264338586256 -5.667207282837872 -5.205148340264865 -4.759549588837508 -4.3291851712656815 -3.9130532652986716 -3.510292916720781 -3.1201081724530066 -2.7417017325792603 -2.3742200136889213 -2.0167110869018234 -1.6680964189863534 -1.327156737126467 -0.992531668040364 -0.662732129761423 -0.3361637942567164
-0.012175420113225144 0.3011925356632972 0.6168039418863458 0.9367128808146497 1.2628638342704335 1.5970498392137156 1.9408813993970764 2.295768732950565 2.6629192376459443 3.043351281030171 3.4379246111737594 3.847386895736715 4.272435165884048 4.713790305317378 5.172282212042578 5.648942873797136 6.145104345072205 6.662498472617129 7.2033551686512265 7.770496034934515 8.367420165796279 8.998378952957964 9.66843664044703 10.383513193281123 11.150405709973166 11.976784104612003 12.871156082831513 13.842795541807172 14.901627448220266 16.058061035170432 17.322761878631464 18.706352204186267 20.219027816863672 21.870079601005454 23.66730803411071 25.61632098125488 27.71970893253317 29.97609840569848 32.37909430117591 34.91613623749501 37.567312790588446 40.30420109692123 43.08882658759616 45.87286664514689 48.5972490294273 51.19231555908099 53.578726642211635 55.66926473694389 57.37164707608766 58.5923750938111 59.241530464468894 59.23828387954355 58.5167307267076 57.03153420487439 54.76277227923987 51.71937953115879 47.940666140484645 43.49558397898523 38.47967092706739 33.009896993680954 27.21790585090922 21.24234204451625 15.221041612267783 9.283830609625454 3.5465370377529837 -1.8933884439231718 -6.959483757693619 -11.597179053710605 -15.773224755371018 -19.47398361146213 -22.702969430490327 -25.478004669610144 -27.828321744074458 -29.791867786186366 -31.413005150819906 -32.740743417800644 -33.827601237654825 -34.72918493916399 -35.504591205590685 -36.217802682547706 -36.94036411275636 -37.75583380998704 -38.76685884176112 -40.10633256979368 -41.955170863769986 -44.57120130910486 -48.33732977111538 -53.84426150043531 -62.03734097009805 -74.48688932136349 -93.90620099714475 -125.18804968717933 -177.57580706338925 -269.42011892008645 -438.9686315524344 -768.7468326804403 -1432.9172212633346 -2716.110933212388 -4502.379934833982 -4373.816519908047 7.355112864644298 4381.28614044345 4500.565709825359 2711.992668718004 1429.4906730697664 766.3042945627296 437.2530693990484 268.1870040406176 176.66038582042964 124.48645569122618 93.35325550551276 74.04117734324922 61.6721476202664 53.54215023245068 48.08685634797083 44.364872819633305 41.78813926169145 39.97553024598588 38.67040642397068 37.692620176144054 36.909738874193465 36.21934487408218 35.53793202584643 34.793870789644465 33.92298844156372 32.865919058502335 31.566730323318026 29.972540545095683 28.033957650581698 25.70623309399167 22.95104403024162 19.738805537174997 16.05137758995845 11.88497493773255 7.253020952875389 2.1886212362698387 -3.2537145774824694 -8.997485610393596 -14.94508779583903 -20.980411638511498 -26.97321369718786 -32.78510689261438 -38.27677804556728 -43.31582924633537 -47.78449744414104 -51.586469957110026 -54.652097876437544 -56.941504597070036 -58.44535740644918 -59.1833652763718 -59.20083130626974 -58.563780152809386 -57.35327527717882 -55.65953706637261 -53.57638867818481 -51.1964213016447 -48.60711632939329 -45.888015833424056 -43.108913228346864 -40.32895181710683 -37.59647049628056 -34.94941833884546 -32.41616517791312 -30.016555509594365 -27.763080693185557 -25.662074008976354 -23.714860922660062 -21.918820769088462 -20.268335183743144 -18.75561295405595 -17.37139103617502 -16.105518020520236 -14.94743011098476 -13.88653145609764 -12.912491044949626 -12.015467879865627 -11.186275118973409 -10.416492641517339 -9.698536196856566 -9.025690088409476 -8.392109281167292 -7.792795942560549 -7.223554745207084 -6.680930763803827 -6.162133470708486 -5.664950146131442 -5.187651932481163 -4.72889573985058 -4.2876252101742285 -3.8629739297468824 -3.4541740043569913 -3.060472950343618 -2.6810615790229253 -2.315015153573352 -1.9612495721355039 -1.618493690457301 -1.2852781674455027 -0.9599404321758431 -0.6406445693585283 -0.3254141586150894
-0.012634251861376455 0.289546828314835 0.5943613531200764 0.9042538278303258 1.22153728170038 1.5483414541794804 1.8865730395245528 2.2378909033415884 2.60369841152297 2.985154141714741 3.3832013397550043 3.7986155882807626 4.232069323817367 4.684211104635239 5.155756932704314 5.6475904749730965 6.160868719427004 6.697129422846837 7.258396635823061 7.847280592858663 8.46706828509236 9.121801048853628 9.816335454204127 10.556383628059773 11.348528852390126 12.200211822963603 13.119682320806291 14.115910245331708 15.198449019910575 16.377243363015907 17.66237242764014 19.06371849970164 20.59055104101759 22.251016135730882 24.051522799217462 25.9960205420906 28.085167694507085 30.3153978546844 32.67790303159046 35.157567031575134 37.73190145943239 40.370058844815254 43.03202142137419 45.66808741324424 48.21879528804862 50.615435078738 52.78128828392292 54.633707858242616 56.087092640093594 57.05672497644532 57.46333029127193 57.23809401025459 56.32775235251408 54.69928224625331 52.343675937991385 49.278316917891196 45.5475834962904 41.22148694687411 36.39237801285944 31.16999145240662 25.67530096953874 20.033789691282777 14.368782221696463 8.795430842205576 3.4158173142895265 -1.6845467506332312 -6.438728648099357 -10.798971220236098 -14.73608578956842 -18.237927896853634 -21.30727047304326 -23.95937657841074 -26.219534192861715 -28.12076306164535 -29.701850419971976 -31.00582826512266 -32.07897642644397 -32.97042827310026 -33.732474905767695 -34.42171698740282 -35.10131555149343 -35.84477105790018 -36.74196432527754 -37.90871943539997 -39.502080697815245 -41.74519332216242 -44.968868918329186 -49.6831250494667 -56.704518692558544 -67.39141643451684 -84.09707449969605 -111.08291525808721 -156.45288667564537 -236.46714427855596 -385.6277402055708 -680.8248822474683 -1295.2540552572154 -2563.934431290864 -4606.645029064786 -4968.834453990425 8.079239652829528 4976.197433101958 4604.023813115318 2559.526370274572 1291.816209523926 678.4385807168779 383.9706652370345 235.28100544093107 155.5724462000807 110.4063762266172 83.56128689888553 66.95649375552559 56.34482259877282 49.38197856642734 44.71539256379664 41.532357122426866 39.325464811601485 37.765696641889335 36.63113926546835 35.765579443216566 35.05372550143271 34.40599746312056 33.74900979603801 33.01956295507669 32.16088879556267 31.120419507586483 29.848653002897407 28.29886495863132 26.42751948628952 24.19528347908262 21.56856846426969 18.521516191194465 15.038315526201274 11.115693671586158 6.765371190446956 2.0162172035309567 -3.0841990087893123 -8.468976899802527 -14.052463236708945 -19.73225162087644 -25.392684390705966 -30.909766548452566 -36.15720946622769 -41.013141935897224 -45.36689310966402 -49.12519655358771 -52.21720416864084 -54.59783111950056 -56.24915618545501 -57.179839497236706 -57.4227489568635 -57.03116991592427 -56.07408486991705 -54.63104266759 -52.78709778256507 -50.62820864660367 -48.237364086738395 -45.6915819369863 -43.05981226641497 -40.40169053073472 -37.76702768958029 -35.19589365692855 -32.71914266521292 -30.359237879310495 -28.131251589237902 -26.04394113170094 -24.10082521704382 -22.301207948496327 -20.64111700360624 -19.114137678877515 -17.71213585253749 -16.425870823382482 -15.245504065385939 -14.16101282145421 -13.162518750488571 -12.240542040948265 -11.386190915104732 -10.591295584311267 -9.848494688163845 -9.151281223466755 -8.494014031527053 -7.871900119020836 -7.28095247275462 -6.717927581945116 -6.180246594914562 -5.665903888190105 -5.1733667639553005 -4.701469995000984 -4.249308942738672 -3.8161349546916856 -3.4012566497554353 -3.0039505024936908 -2.6233838047440283 -2.2585526131013722 -1.9082366767242398 -1.5709726052060002 -1.2450456995249937 -0.9284999808245598 -0.6191650490117162 -0.3146975479040304
-0.012542051666120102 0.2792935357120996 0.5741240858769814 0.87475991613295 1.1838610243641856 1.5038764565622476 1.8369967909448448 2.185122937596873 2.549853619082665 2.9324929569063407 3.334078598267176 3.7554298431385913 4.197214310520669 4.660030867137399 5.144505866564453 5.6513992168782945 6.181716429685125 6.736822579173074 7.318553996666921 7.929323510766917 8.572215064299726 9.25106356128913 9.970515762052212 10.736067918716286 11.5540755886806 12.431730662468276 13.377000089265234 14.398520097691769 15.50543893775208 16.707200390864845 18.013259635173764 19.432722680219996 20.973900753713387 22.64377202988277 24.4473453294719 26.386924366627593 28.46127725057601 30.664724797077046 32.986173137031784 35.40813130216813 37.905772642835565 40.446119141783754 42.987448128648516 45.47903861800595 47.861385499410325 50.06700912951079 52.02197027267985 53.648161281674156 54.8663814610828 55.60011914540475 55.77986166753757 55.347649454602355 54.261499420453774 52.499265531595896 50.06149920455005 46.9729305907407 43.28231419312267 39.06055530086938 34.39723186759114 29.395816399322428 24.16805099215935 18.828010463485256 13.486392311445883 8.245502465449306 3.1952808298285618 -1.5894429976803792 -6.050427982096096 -10.146330424669614 -13.852035354187109 -17.157256503628204 -20.064665791537095 -22.58779799913846 -24.74894168012387 -26.57718428995537 -28.106737312838526 -29.37563295949186 -30.424862953384313 -31.29802620343014 -32.04157033639632 -32.70575920022889 -33.346587275246975 -34.029016195971096 -34.832172515621984 -35.85760322932785 -37.24249670991053 -39.181257485019216 -41.961613711238854 -46.02688018360279 -52.0870288327302 -61.32450157994018 -75.79210850927831 -99.21949352438286 -138.73513872259213 -208.75493752389005 -340.2650626281356 -603.9110993220786 -1166.0953062785939 -2385.260145244281 -4573.216774141322 -5418.215485220656 8.637906636650428 5425.238520961244 4569.9187188937885 2380.7156948525508 1162.7297037353567 601.6277854303497 338.6981937399946 207.6411135706413 137.91190081989257 98.5883710981561 75.29245449237497 60.918099599001074 51.749305318744554 45.74183160277023 41.718803762091916 38.97398344965719 37.06662989735321 35.71082656871116 34.713456884167826 33.93824288328684 33.284261424086914 32.67278084869485 32.03904276897873 31.327089301322886 30.48654437624254 29.470713315680186 28.235627896697757 26.7398176848177 24.944676939884225 22.815343257596155 20.32202202839173 17.441686814567703 14.160064295509756 10.473777719415267 6.392479958758912 1.9407634547796704 -2.840401046215746 -7.892961053013181 -13.142063688240668 -18.49751767880825 -23.85653575345259 -29.107723838546207 -34.136127395774096 -38.82898959320258 -43.081748996889324 -46.803732785161145 -49.92300395168847 -52.38990233850771 -54.17896847038417 -55.28913065385499 -55.74223620439689 -55.580183357908375 -54.8610352912382 -53.654558071922764 -52.03762031237735 -50.08983523595578 -47.889734190269536 -45.51165444640848 -43.02342119759439 -40.48481660280822 -37.94676438814259 -35.45111840701054 -33.030925357898646 -30.711031009754695 -28.50891042316228 -26.435620802429113 -24.496796544536956 -22.693626812725906 -21.023774619454983 -19.482211985070787 -18.061957942054963 -16.75471514148749 -15.551407009318229 -14.442621302865888 -13.418968088577676 -12.471361066221931 -11.591231231761755 -10.77068141730364 -10.002589521114214 -9.280667429065748 -8.599481836021882 -7.954442497525305 -7.341762891501791 -6.758397886418299 -6.201962762448776 -5.670637813444124 -5.163062717230549 -4.678224873418957 -4.215345914706514 -3.7737705606510907 -3.3528618614619976 -2.9519066339911415 -2.57003450731208 -2.206153453497839 -1.8589039909289173 -1.526633423732937 -1.2073905614384817 -0.8989403853199018 -0.5987971459919805 -0.3042734477554099
-0.01193549256428561 0.27061947884599036 0.5564953586179033 0.8488360451042176 1.1506197903987658 1.4645911501831588 1.7932068440174032 2.138598953769222 2.5025580108484213 2.8865375316955433 3.29168051570905 3.718867376977242 4.168783795879261 4.642006092230311 5.139100974522748 5.660735930423932 6.207796097991158 6.78150317966475 7.383531820523981 8.016118817594231 8.682160531683358 9.385293878155231 10.129956240543802 10.921419541412568 11.765793481165465 12.669992619604997 13.641661515995661 14.689051601830538 15.820842900909904 17.045903215178598 18.372977125939784 19.810297291902415 21.36511131752658 23.04311924207547 24.84781981530182 26.779768618456767 28.835758160811185 31.00793971594462 33.282919013984944 35.64087289193329 38.054750977609686 40.48964414711698 42.90241771308656 45.24171893545148 47.44847166319399 49.456961273315336 51.19658659045623 52.59430933397535 53.57776578718276 54.07892353618937 54.03807670204319 53.40788890908499 52.15713025306101 50.273728666332396 47.76677971499055 44.6672365768519 41.02712819302745 36.91731184809477 32.423932277447776 27.643905152494597 22.679844049431352 17.634891188871293 12.607889957099161 7.689260118342034 2.9578226602922086 -1.5213076619779997 -5.697766532781756 -9.536025709708795 -13.014693400119626 -16.12523809979116 -18.870350429498473 -21.26214117973202 -23.32034398510263 -25.070656088788112 -26.543317519398535 -27.772002906449877 -28.793085092790882 -29.64532892955951 -30.370091128513188 -31.012144117239515 -31.621319693329042 -32.25530297789714 -32.98413770259412 -33.897403774720836 -35.11573863252959 -36.80967326968876 -39.23120724932172 -42.76834477037639 -48.04256171331733 -56.089829300283164 -68.71165776504817 -89.18960492832583 -123.82024245490396 -185.41352783658647 -301.77021520475745 -537.338597413235 -1048.8653613219867 -2199.9037521093887 -4443.322525411552 -5714.032994281765 8.910275023410463 5720.46472006889 4439.550358829684 2195.4056872378123 1045.6731264147033 535.2178143564456 300.33426047890885 184.403530458207 123.08067287391644 88.62721413182005 68.26919844169498 55.73117089974877 47.74436291188788 42.51530937576131 39.013303718560266 36.62045047347906 34.95126739659238 33.755583042260895 32.86421672759943 32.15753291856416 31.546683176424395 30.962131774598944 30.346506441429888 29.65011035292786 28.828139369787564 27.839046832074388 26.64372786215008 25.205329186008818 23.48956807347591 21.46548570507889 19.10657754800482 16.39224220873814 13.30947473710431 9.85470371794861 6.035637625272372 1.8729501960113026 -2.5983960605113765 -7.3284062218981205 -12.252101868064358 -17.290540107808283 -22.35291122920202 -27.339722370758324 -32.14695052588201 -36.67091729032457 -40.81352147836892 -44.487386475555724 -47.62045521530034 -50.159605996835666 -52.07296381271487 -53.35072891402781 -54.00451230418213 -54.06532888442506 -53.58052795252366 -52.610020895889065 -51.22219122590366 -49.48984696215186 -47.48651221231803 -45.28326962777385 -42.946274492705605 -40.53497766524083 -38.10102707986318 -35.687770051943126 -33.330251194484404 -31.055590635594708 -28.883630354354928 -26.827748358959067 -24.895757085309775 -23.090820645683685 -21.412343093819977 -19.856795357034404 -18.418461237785717 -17.09009276981338 -15.863472430258929 -14.729884617739607 -13.68050188480907 -12.706693078343712 -11.800261227856156 -10.95361903687586 -10.15990946927392 -9.413078361675819 -8.707905391037718 -8.039999166279399 -7.4057617586109625 -6.802327651319606 -6.227481884449881 -5.67956206587561 -5.157348894312408 -4.659949844240119 -4.186680656165231 -3.7369492149819106 -3.3101462366835754 -2.90554689564404 -2.522227080508088 -2.1589973649083216 -1.814357019052082 -1.4864694989524807 -1.1731598570330348 -0.8719334772244736 -0.580014495378256 -0.29440128081592576
-0.010876080425159529 0.263652347162191 0.5417863440193571 0.8269646274527975 1.1224487825045593 1.4312493906332158 1.7560665925375751 2.099248677844834 2.462771391202878 2.8482396256857 3.256912092688413 3.6897484675846304 4.147477478877448 4.630683468402896 5.139908145519456 5.675763610949458 6.239052239590537 6.830888681930158 7.452819044960757 8.106932222062824 8.795958299697704 9.523348957000133 10.29333472610805 11.11095388712846 11.982047585583077 12.913215500486297 13.911726058274953 14.985374830868425 16.142284458603715 17.390639297357595 18.73834817716989 20.192629364609374 21.759513314616452 23.4432613643748 25.2457025210423 27.16549626369691 29.197337128273325 31.331126973684896 33.55115316707291 35.83532509730758 38.15453645012345 40.47223497897878 42.74429268214641 44.91927433668552 46.939197665976096 48.740860616367506 50.25777757623029 51.42271610008464 52.170760732934696 52.442756471942076 52.18891048349494 51.37226921032134 49.971752086079846 47.98442432278005 45.42673611056536 42.33454327918551 38.761845421504404 34.778314688685974 30.46582036666301 25.914259627253244 21.217067146994673 16.466787442670494 11.751055833704172 7.1492570860431925 2.7300311229261354 -1.450309793771254 -5.348482944658173 -8.934160629561205 -12.189271750626673 -15.106853978599233 -17.689630916044585 -19.948472703612552 -21.90087341421343 -23.56955068424149 -24.98124734249707 -26.165795333743525 -27.1554919067718 -27.98483955096298 -28.690718003510085 -29.313094360450265 -29.896446056532078 -30.492189816100357 -31.162612198238904 -31.987149130721093 -33.07248764801152 -34.56910928559154 -36.69906238342957 -39.80399752033126 -44.43114910211765 -51.4933263023698 -62.57992320805261 -80.59203528583802 -111.11327934566262 -165.55601075594504 -268.87093494051965 -479.62985897419094 -943.7079922126522 -2017.9452815781929 -4249.558372691382 -5863.429135506947 8.795146481617167 5869.042137740194 4245.568770797092 2013.6879290698494 940.7953290670878 477.73468226133264 267.6087901329812 164.68247688825042 110.48423703704512 80.12161468158085 62.21535998234273 51.20112160899026 44.18945367016036 39.59832368084282 36.51979513366488 34.41001142172606 32.92976655486779 31.858846739272195 31.04818284630273 30.39218747053596 29.812274361331603 29.24679170343225 28.644761132303742 27.961956352831052 27.158478664635055 26.197337010267496 25.043741820960363 23.664939753618164 22.03048476771663 20.112878410949442 17.88852873247926 15.338978400749603 12.452341855748728 9.224871275392843 5.662544816020798 1.7825418817718486 -2.385555728290356 -6.799014659506497 -11.401831399222573 -16.125401086588553 -20.89008246490387 -25.607692925202485 -30.184871321696782 -34.52713931529683 -38.54339004011553 -42.15045375522308 -45.27735010354306 -47.868846567804546 -49.88800462540244 -51.317501256105125 -52.15964720900246 -52.4351632345077 -52.18089936045445 -51.446772734187185 -50.29224657698838 -48.7826752877285 -46.98580513940564 -44.968657870363415 -42.79494930694572 -40.52311939584996 -38.204983325096364 -35.884961550257664 -33.599811696159996 -31.378766704863725 -29.243978614275633 -27.211172427601404 -25.290426074620065 -23.487007281491888 -21.80221379962141 -20.234178179133547 -18.778611113628994 -17.429467876964864 -16.17953044624365 -15.020903788015572 -13.945428769299161 -12.945016662067598 -12.011911574871803 -11.138887726595547 -10.31938854321901 -9.547614318491936 -8.818564811319817 -8.128042757571396 -7.4726239237898895 -6.8495990698613785 -6.256893017438925 -5.692965935473193 -5.156701924713403 -4.647289974437641 -4.164102329149433 -3.70657520741835 -3.274096608049115 -2.8659056001512084 -2.4810069953795644 -2.1181046403484505 -1.775555752570046 -1.4513477769206862 -1.1430981963089781 -0.8480766446661292 -0.5632475854078223 -0.2853308052863657
-0.009441026788126194 0.25846816855246146 0.5302219496305938 0.8095098322602468 1.0998367172754264 1.4044449347516696 1.726250980018662 2.067800631319061 2.4312452340968793 2.8183409000526183 3.230471271665758 3.6686933905283325 4.133805138301083 4.626431742856818 5.147127987527034 5.6964920634350324 6.2752864587600765 6.884560892556069 7.52577204514937 8.200894688221716 8.912518739290775 9.663926715960946 10.459146013842568 11.302970352438656 12.200944607243525 13.15930708790325 14.184883155197724 15.284923951037198 16.46688403564217 17.73813200892163 19.105588895628742 20.57529041780942 22.151871481020933 23.837974568586272 25.633588527699256 27.5353307181303 29.53569383777499 31.622288932063867 33.77712785603282 35.97600110088695 38.18801918355041 40.37539597137707 42.49355793457532 44.49166163481344 46.313589851563194 47.89947230007918 49.18773869035719 50.11766092043679 50.63228099989825 50.68155854011547 50.22551544548559 49.23711640710149 47.704611833547794 45.63309202110677 43.04505937342995 39.97991456147432 36.49236145576662 32.6498485433202 28.529263922902892 24.21317162701886 19.78590904277766 15.329856057171298 10.922141000024865 6.631976929138972 2.5187377190949434 -1.3691999013420997 -4.994893978995663 -8.332653559985914 -11.367364816829983 -14.09347089695867 -16.51374572015918 -18.637987205805118 -20.481734725561473 -22.06509360491271 -23.41172997033958 -24.5480850539348 -25.502851448853114 -26.30675707583574 -26.992718687877115 -27.596460746570628 -28.15775642325491 -28.72255199064977 -29.34641461114218 -30.100054363026985 -31.078224956258005 -32.41432293003221 -34.30492787258821 -37.05229890734962 -41.14053958153452 -47.377538377442185 -57.17142732188041 -73.09661764779874 -100.12001135075943 -148.43061747799035 -240.4326879960114 -429.23055393940143 -849.4863520721507 -1843.9143593621486 -4015.427924880228 -5881.727687682598 8.222878275390144 5886.342865230887 4011.505512450846 1840.0887013035926 846.9556935453859 427.6214528844424 239.38496060738666 147.7239020304011 99.62603639332102 72.73908732772671 56.90319902184715 47.16834679953985 40.97033900573699 36.907557328058616 34.176498322282534 32.29617749881175 30.966670654977158 29.993221753299437 29.243900968154435 28.62515053643211 28.067231288075867 27.515343806494563 26.924114535642474 26.25414876859189 25.469904013863953 24.5384467518317 23.428833594882903 22.11196185442077 20.560795068167437 18.750902742872277 16.661269317514993 14.27533023940164 11.58218602236083 8.577930407884793 5.2670086319661635 1.6634991150699108 -2.2078095343314175 -6.310689744806197 -10.59724217235658 -15.0082943851082 -19.47453415870548 -23.918426617561828 -28.25689160396827 -32.40463265985927 -36.27792282791642 -39.798578686132124 -42.89780633132789 -45.519592264939845 -47.62334340454366 -49.18555138605729 -50.20035705939119 -50.67900626181121 -50.648299626914195 -50.148231175262126 -49.22907087739014 -47.948170278830915 -46.36675910165477 -44.54696154089888 -42.5492038263231 -40.430120371872654 -38.241003923574766 -36.02679247837415 -33.82554612758381 -31.668341504687003 -29.579499022437393 -27.577056237503836 -25.67340647700644 -23.876032457295636 -22.188277464800787 -20.610109910055712 -19.138849364351735 -17.769832839246853 -16.497008722944628 -15.313452465166854 -14.211802957060925 -13.184621887568637 -12.224680473408855 -11.325179170912913 -10.479906552489648 -9.683343690568002 -8.930720318294227 -8.218028855694337 -7.5420021834471385 -6.900060879717618 -6.29023551106056 -5.711069506585398 -5.1615081049249945 -4.640778834464898 -4.14826891752762 -3.6834048459677415 -3.2455391235353126 -2.833848775903869 -2.4472496803129573 -2.084330059264339 -1.7433056172300176 -1.4219978178009463 -1.117835720445548 -0.8278806817652029 -0.5488721238211536 -0.2772915427751155
-0.007712082542576937 0.25510313892085357 0.5219531242939279 0.7967302921030317 1.0831389867960173 1.384615254760302 1.7042613198625656 2.044798483037402 2.408541269388609 2.7973946152237694 3.2128747867643526 3.656153599562728 4.128124422367874 4.629487440179769 5.160850763916702 5.722843226526608 6.316234107501817 6.942054585588053 7.601715405038956 8.297115042509295 9.030732539488383 9.805699096434028 10.625842473821479 11.495698205622462 12.42048159154796 13.406014414616973 14.45860037472657 15.584843395268221 16.791403353327848 18.084684532672366 19.470453352285027 20.953383911441886 22.536532782262974 24.220748553087923 26.004027053693754 27.880830128720334 29.841394281531763 31.871065275060893 33.949705338044424 36.0512300563276 38.14334095908478 40.18752536655512 42.139395048466085 43.94942731087203 45.56415426653526 46.927817037683006 47.98446180769966 48.68040628294601 48.966952893874094 48.803175776286345 48.15857048121597 47.0153367064885 45.37007173945895 43.23468873761005 40.63643764232072 37.61699043242306 34.23064523828234 30.541791990637 26.621852640857924 22.545951604207026 18.38958206838992 14.225512131003093 10.121127461042434 6.13634381473549 2.322153972960095 -1.2801908237447535 -4.6394177384856405 -7.733977656481095 -10.5514099716153 -13.087443917063624 -15.344948034807793 -17.332826288325442 -19.064942576356714 -20.55913836095158 -21.8363935579724 -22.920170787950056 -23.83597936163273 -24.611199814219553 -25.275225105581 -25.860005274038755 -26.401136569251804 -26.939728645571925 -27.525441764866265 -28.22136140974152 -29.111869035705062 -30.31556951697212 -32.007045767512565 -34.45457011290731 -38.08776516758705 -43.62385324975904 -52.31393924806316 -66.44831702611542 -90.45431178960061 -133.44047544830318 -215.52609579411907 -384.7605992295644 -764.6955318794868 -1679.383598708446 -3757.0617371186718 -5787.599274409487 7.163250995034787 5791.095694263433 3753.493394635736 1676.1651983206427 762.6387370174381 383.4908288278016 214.7277268499925 132.92601776704993 90.11546151193706 66.22042923646987 52.156601576720526 43.51064613973943 38.00078696038156 34.38142802903332 31.939149678912315 30.247130353147078 29.039284913907615 28.142818078444876 27.440629584103426 26.849619641660105 26.307788532418108 25.766373767801554 25.184972808425243 24.528498220321993 23.765301666065497 22.86607755642933 21.803314822919084 20.551157416974775 19.08558794310622 17.38487922145371 15.430273521945814 13.206853279670305 10.704562963619324 7.919331237902227 4.85422742397823 1.520568655148935 -2.0611232755074482 -5.860430051254362 -9.83673060432011 -13.939395445219382 -18.10857560448742 -22.276642547396364 -26.37028164564459 -30.313175986593777 -34.029146726601844 -37.4455507931204 -40.49668738127288 -43.126941293922805 -45.2934000483296 -46.96772410042627 -48.13712071038534 -48.80436188055892 -48.98688206290025 -48.715077923469075 -48.029998736511814 -46.98065442214183 -45.62117685612543 -44.008051761053046 -42.197599863407206 -40.243835547963954 -38.196777488100906 -36.10123572223678 -33.996058339649245 -31.91379073117395 -29.88068171587199 -27.91696253633513 -26.037324676469463 -24.25152828441468 -22.5650823537242 -20.979948793004574 -19.495233608008387 -18.10783867126617 -16.81305637701802 -15.605096674511097 -14.47754153413805 -13.423725995808654 -12.437047806484468 -11.511209529307397 -10.640398150068009 -9.819407830956584 -9.043711753135009 -8.30948907496909 -7.613613025954091 -6.953606108168753 -6.3275683339403255 -5.7340843892284 -5.1721155808703845 -4.640882369822963 -4.139743183876332 -3.668075017069228 -3.225161014506206 -2.810089800439064 -2.4216707079516286 -2.058368318879067 -1.718258826063357 -1.399009719840194 -1.097883204856931 -0.8117626331549666 -0.537200128933879 -0.27048255664685605
-0.005764439040545355 0.25356745975813055 0.5170731682735408 0.7887976645060135 1.0725983205539524 1.3720642538150862 1.690450161397905 2.0306283321969154 2.395061646277563 2.78579935334089 3.2044963360022827 3.6524554364025796 4.130691337687065 4.640013462529069 5.181124438030649 5.754729886091603 6.361654663934457 7.002960180431117 7.680057060004408 8.394807182985353 9.149608987359947 9.947459843033245 10.79198929055114 11.687456964628028 12.638709102757439 13.65108770279788 14.730286678759086 15.882149858626736 17.112406457174266 18.426340879566375 19.828395524207863 21.321707811969432 22.90758618397448 24.584934418249436 26.34963944765145 28.193944930840484 30.10584096432345 32.06850915527859 34.05987107075292 36.05229578152458 38.0125273669607 39.90189409954103 41.676855716721306 43.28993198945863 44.69103363751392 45.82918547231029 46.654592916342 47.12096011007638 47.18792563697338 46.82344690342788 46.00594305341765 44.726004783872675 42.9875009508196 40.80795633623069 38.2181382139013 35.26086363498937 31.98911434389551 28.46361124084318 24.750046254911062 20.916190574973292 17.02909323186841 13.152555783575437 9.345023787816764 5.657981751050478 2.134883574238522 -1.1893981471589044 -4.288658583004867 -7.14506274117177 -9.748555632467237 -12.096074814427205 -14.190653299475109 -16.040489580966266 -17.6580481098787 -19.059240599021976 -20.26272781275651 -21.28937468616421 -22.16189003442448 -22.904687311111616 -23.54401731448963 -24.108451448490165 -24.62984245694244 -25.14497174708641 -25.698232939888044 -26.34594589377759 -27.163332099822135 -28.255984588358984 -29.779187934275697 -31.971437798525848 -35.21463361914279 -40.14650662578667 -47.88021826295008 -60.45567319831635 -81.8223332893897 -120.12453566081938 -193.41662435104044 -345.0739557937149 -687.8504562911858 -1524.444532390179 -3485.230077331689 -5600.115659039843 5.629040738170943 5602.430937903832 3482.282372291081 1521.9835847061347 686.3432330406804 344.1858271330361 192.8941614459234 119.82072014757428 81.65240562833853 60.368475249195086 47.843079481106884 40.137440791490064 35.218235898732964 31.976668132793762 29.778138367864138 28.2431707126074 27.135266203353048 26.300859520729247 25.63587439470716 25.066435736542658 24.53740715447683 24.00540913341409 23.43449159277977 22.793434523582512 22.054085680216495 21.19038807697038 20.177889968868712 18.99361177515324 17.616192333904657 16.02626425917908 14.207022246526257 12.14495301849361 9.830693618453346 7.259977498788039 4.434616700255134 1.363454942486797 -1.9367874233688909 -5.4408673783035155 -9.114669565057909 -12.915248886575803 -16.791348687346108 -20.684452375396845 -24.53038769493432 -28.261453223352717 -31.808980526863984 -35.10618972589086 -38.09114927182389 -40.70962085584107 -42.917564097599836 -44.68309622704947 -45.98774818054263 -46.82692473893191 -47.2095532387673 -47.15698202776064 -46.70125555512827 -45.88293958360801 -44.74869306091422 -43.34878239691475 -41.73471268474227 -39.957114635793545 -38.06398261750554 -36.09931477556949 -34.1021660740104 -32.10609267476627 -30.138942997300354 -28.222937052135855 -26.374970122662877 -24.607077801661603 -22.927004846104158 -21.338828429904865 -19.843595647550426 -18.439944393967426 -17.124685264378602 -15.893329473629924 -14.740553805009936 -13.660598304129357 -12.647595945443623 -11.695836025479855 -10.79996476062106 -9.955127701584132 -9.157059280984203 -8.402125223900825 -7.687323787860523 -7.010251919971067 -6.369042481623177 -5.762278712425628 -5.18889208560025 -4.648049639103258 -4.139036729674528 -3.6611409218145763 -3.213542370724687 -2.7952155697152925 -2.404846690632345 -2.040769965377942 -1.7009256351518953 -1.382840971176913 -1.083634773391129 -0.8000446360212354 -0.5284751724754511 -0.26506437983409015
-0.003658068963297012 0.2538584553113399 0.5156350546942079 0.7858178855557618 1.0683697211288923 1.366990700484294 1.6850531502154986 2.0255540816982442 2.3910881020439145 2.7838424858572797 3.205615078505364 3.6578545947008045 4.141721780479557 4.658168878013402 5.208033896882958 5.792145383030078 6.411432711370679 7.067036398241688 7.760412550685825 8.493425311070224 9.26842101622083 10.088277743681706 10.956423963510153 11.876820144464117 12.853897397303582 13.892447609844538 14.997460080822256 16.173900488205827 17.426429209946026 18.75905769223238 20.17474386265537 21.67493064941135 23.259035644890844 24.923904911421655 26.663249893530416 28.467093244443074 30.321256790306617 32.20693228256355 34.10038217585676 35.97282229140686 37.79053946119992 39.515293643415106 41.1050440882077 42.51502202073487 43.69914771197081 44.61175877816581 45.209581346639105 45.4538401738569 45.31237275503752 44.761591287012514 43.78812994517922 42.39002659006008 40.57731859261171 38.37197960018024 35.80718249543313 32.92593593765325 29.77919917891647 26.42362455851366 22.919103484908554 19.32629729360702 15.704320104763525 12.108710415845714 8.589787564114992 5.191444732712824 1.950387796219033 -1.104206428030885 -3.9506654567889044 -6.5744991701022215 -8.9678567210294 -11.128837559764015 -13.06072546211734 -14.77120495202211 -16.271608965174877 -17.576236808314327 -18.701773812517253 -19.6668396436106 -20.491692207333934 -21.198119680003735 -21.80956671100187 -22.351565800522444 -22.852587926283086 -23.345499502420708 -23.869937484657378 -24.476131723103478 -25.23109174669358 -26.228788779332213 -27.607318995426233 -29.578701212420455 -32.482423477033784 -36.88553853368859 -43.77837281491992 -54.97728391293144 -74.00336697412469 -108.13118893303164 -173.53341424651947 -309.2487895111516 -617.6331284542114 -1378.5132529830069 -3207.0236739348343 -5337.177717389493 3.6754449551068546 5338.303468772416 3204.924244112721 1376.926358788948 616.7303880422969 308.77061857686 173.30282260650364 108.04765464403454 74.00851337290071 55.03492747306993 43.86444061019068 36.983008801620976 32.5787367228747 29.664405955496242 27.675348827043145 26.274066310274513 25.2502997025017 24.467564127887975 23.833382008642268 23.282123086194595 22.764810019610948 22.24291108543941 21.684494162501622 21.061828265533933 20.349906093199976 19.525577690298057 18.567109619263 17.454056665866524 16.167375784039706 14.689736666082531 13.005996423598454 11.103811155162013 8.97435675974112 6.6131265617919155 4.020765290944084 1.2038887943655041 -1.824172024127435 -5.042774355508151 -8.423591679336262 -11.93054597857568 -15.520116128469041 -19.14207811328339 -22.740705841544084 -26.25642482639634 -29.62786757416236 -32.79423374640267 -35.697815996873494 -38.28652055850146 -40.51619608524515 -42.35258906960748 -43.772770451049325 -44.765923349698866 -45.33344051268706 -45.48834407286151 -45.254100712535106 -44.66295452514757 -43.75393201613509 -42.570686399057145 -41.15934225697115 -39.566480147465995 -37.83736884895083 -36.01451624032248 -34.13657337598019 -32.23759409884952 -30.346627025069626 -28.48759893878616 -26.67943839889053 -24.9363846544301 -23.268428345826486 -21.681835359542223 -20.179712139574924 -18.762578536955093 -17.428922024089466 -16.175714203716385 -14.998876700741404 -13.893688610878696 -12.855131711584367 -11.878172721273005 -10.95798418210392 -10.090107174106077 -9.27056022213879 -8.49589953626162 -7.7632362482360495 -7.070216647302452 -6.414971627364263 -5.796041667530671 -5.212283694590036 -4.662766115431927 -4.146658152187621 -3.663119347386834 -3.2111947142576813 -2.789720481357616 -2.3972447066389346 -2.0319662326551136 -1.6916945197675837 -1.3738318723066634 -1.0753784828410051 -0.7929596179034881 -0.52287319630695 -0.2611550213493796
-0.0014336190679031802 0.25597043173841705 0.5176668889017577 0.787852010509793 1.0705464399041187 1.3695191151041897 1.6882246770288933 2.0297578252925774 2.396827232562515 2.7917506607533227 3.21647186840357 3.672598803238225 4.161461492563356 4.684187013892505 5.241787989622715 5.835260233135742 6.465684496438362 7.134326741620178 7.842730980688328 8.592798495260512 9.386847142865973 10.227644481853314 11.118408585084616 12.062770678078483 13.064694145695777 14.128345038111334 15.257910032392962 16.457358942421617 17.730150419249522 19.078881553505898 20.50488479935421 22.007779092091255 23.584986301858343 25.23122925268073 26.93803335803435 28.693260200431947 30.480707687832176 32.27981706756089 34.06553114090549 35.80834940888566 37.474623347465425 39.02712745443182 40.42592824549107 41.62955380914379 42.59644145313768 43.28661211733253 43.663490420458025 43.695762226638735 43.359141730379136 42.637911326322 41.52610294105408 40.02821028772363 38.159356478004725 35.944887034160544 33.41940901747442 30.62534610919876 27.61112055944981 24.429100731455655 21.13346465973276 17.778125170249126 14.414842906904646 11.09162404370867 7.851464461268165 4.731466592740041 1.7623231994612354 -1.031863262737076 -3.6334748071631395 -6.03104468236193 -8.218758793536729 -10.195851441006099 -11.965949019892008 -13.536407440462028 -14.917680825679014 -16.1227517472895 -17.16664787959843 -18.066067303190714 -18.839135666675055 -19.50532418157014 -20.085569865808672 -20.602661922861643 -21.081996425671434 -21.552866257859016 -22.050563840823045 -22.619766910891848 -23.320022034587495 -24.23477424466025 -25.48659539858278 -27.263635428713684 -29.86718034041491 -33.80060918800609 -39.94346491165368 -49.91006625821193 -66.8330617685453 -97.19422596122794 -155.43685782079984 -276.55655915896386 -552.9336154416819 -1240.75812296474 -2927.0954225754585 -5014.820726789892 1.3957965459354682 5014.796256622951 2926.018496014677 1240.1217220465633 552.6657582849381 276.5003045098471 155.50189870750629 97.33067307228448 67.01085188869138 50.109035106866706 40.14878259515297 34.000661228685836 30.052578262997898 27.426763811395638 25.62141680205965 24.336754118396975 23.386101696196704 22.64834536406468 22.041466462967563 21.50728815122349 21.002414246176215 20.492712037110117 19.94989361025823 19.349383235782724 18.6690023571634 17.888196045601212 16.987635070471185 15.949092173532797 14.755529112209231 13.391353157938823 11.842813870592828 10.098516386225498 8.150028121516328 5.992552861320277 3.6256405237544698 1.0538933745207757 -1.7123789712147897 -4.656611465438942 -7.755604333903321 -10.979376918567318 -14.291316001355803 -17.648669922265547 -21.003421701393243 -24.3035483412557 -27.494640772012247 -30.52182240929735 -33.33186816325995 -35.87539493142611 -38.108974320989475 -39.997012617516425 -41.51325430441055 -42.6417934328871 -43.3775189952712 -43.725970859447294 -43.7026351338976 -43.33175514455112 -42.644770734312495 -41.67852050864562 -40.47334770328703 -39.0712416754968 -37.51412670348508 -35.84238203313661 -34.09364633566225 -32.301929913072236 -30.497032047236416 -28.704240657658197 -26.944277549202365 -25.233444764349297 -23.583925010091654 -22.00419063154116 -20.49947986513815 -19.072304970559895 -17.722963357447995 -16.45002929713757 -15.250809764817962 -14.12175316834241 -13.058804064540741 -12.05770048185617 -11.114213220663748 -10.224328616890709 -9.38437783353785 -8.591116912735064 -7.84176265920089 -7.133990021247483 -6.465897030949463 -5.835943606105065 -5.242870621596785 -4.685605635676993 -4.163161509962432 -3.6745338853449994 -3.2186030631098372 -2.7940452902663893 -2.3992577573239693 -2.0323007978506613 -1.6908598491061078 -1.3722287129980248 -1.0733145916175246 -0.7906642911092998 -0.5205099467309182 -0.258831661495984
0.0008858294309188608 0.2598995180724817 0.5231833715324541 0.7949342059199171 1.079184331436167 1.3797302950568913 1.700074407086083 2.0433822871424034 2.4124588527985047 2.809744226576205 3.237330005528838 3.696995263000602 4.190260586531824 4.718457441885704 5.282809229743002 5.88451960598424 6.524862980586965 7.205271618326847 7.927413433631569 8.693254394783745 9.50509943636324 10.365605892936891 11.277763736239343 12.244837306633615 13.27026381554408 14.357504691765998 15.509846910324864 16.730152858983605 18.020559149544145 19.382127174744912 20.81445122543301 22.31523368195251 23.879841184964445 25.500860676588577 27.167679588085413 28.866119846880366 30.578160236601757 32.28178521925917 33.95099970554538 35.55604746119045 37.06386491264091 38.43879137924944 39.64354094297961 40.640420729627365 41.39275656862562 41.866462024566786 42.03166358109467 41.86427671859949 41.347418108874656 40.47254075121742 39.240192927043616 37.66032787966722 35.75212669194805 33.54333792222608 31.069178981049106 28.370880724062353 25.493983787678864 22.486509787666975 19.39713169073709 16.273456479130033 13.160512274934533 10.099505134291142 7.126881597865342 4.273705448647469 1.565333597968177 -0.9786417263857317 -3.344228774020408 -5.52269981131559 -7.5101327006033 -9.306877630468335 -10.91699066655849 -12.347669340457834 -13.608719140658643 -14.712074395077934 -15.671393340745965 -16.50174575877017 -17.219413199378586 -17.841827448377146 -18.387684285996464 -18.87728963845703 -19.333229178197797 -19.781509700909083 -20.253418345839158 -20.788516152361325 -21.43948709662613 -22.280124634552756 -23.418804068811028 -25.021890176848416 -27.355837686315887 -30.865976321856614 -36.33077264138862 -45.179900309215704 -60.1900285904744 -87.1133117960876 -138.79072464509701 -246.42840536437004 -492.84656058074745 -1110.3200616059582 -2648.525531543786 -4647.0281993623175 -1.0857808090491972 4645.934229187745 2648.581633546865 1110.6656839216055 493.2168364909528 246.78809684735847 139.14198509801912 87.45888254238388 60.52904206189202 45.508730729182375 36.644217860686275 31.158151510255472 27.620806832100442 25.254118345232612 23.613488022289353 22.43343478356863 21.54873851073269 20.852278079175335 20.27156760200377 19.755231640221638 19.26496962381119 18.770661588711768 18.24733403463341 17.67326569377836 17.02881770574205 16.29574295704206 15.456826937807477 14.495769464937247 13.39725031850758 12.147141575704623 10.7328405221363 9.143702373330953 7.371553406914089 5.411263466972294 3.261352948045193 0.9246038212218366 -1.5913621316077098 -4.273581251679204 -7.103370913945639 -10.056129413364978 -13.101364242125157 -16.202994611265176 -19.319962439823257 -22.407168010074585 -25.41672253686844 -28.299481663491832 -31.006794035013385 -33.492371246883756 -35.71416366662028 -37.6361146219395 -39.22966613497891 -40.4749038090646 -41.36125583580341 -41.887698285005825 -42.06246139906611 -41.90227394639923 -41.43121956809548 -40.679306170940954 -39.680864235149826 -38.47289186774238 -37.09345484914639 -35.58023149435985 -33.96926833127978 -32.29398691284801 -30.5844575976133 -28.86693511733651 -27.163634522148758 -25.49271508593409 -23.868433718302327 -22.30142760927256 -20.799087254652008 -19.365984661848383 -18.004326462305595 -16.71440712556066 -15.495042899109635 -14.343972142509264 -13.258212164566906 -12.234366450279976 -11.268879270559529 -10.358237172893858 -9.499118825025965 -8.688496219574349 -7.923691414638556 -7.20239385289978 -6.522643923164706 -5.882788834324915 -5.281417094690211 -4.717277945219811 -4.189191987487018 -3.6959589925511516 -3.236268465038883 -2.8086179855524307 -2.4112436629863954 -2.042066210021787 -1.6986552379194553 -1.3782133657413986 -1.0775806983731595 -0.7932591790749122 -0.5214553166388303 -0.25813885712544504
0.003287027130483011 0.26564297019970873 0.53219235160884 0.8070856115904856 1.094322965008443 1.3976895361555997 1.7207024339460641 2.0665727312796367 2.4381845145649006 2.8380922447734935 3.2685366593931953 3.7314783974096155 4.22864749124785 4.761605888606857 5.331819291716222 5.940733849294499 6.589852653261508 7.2808065712637315 8.015413702664453 8.795721673068302 9.624027071185592 10.50286657098387 11.43497468000021 12.423203608392107 13.470401500748629 14.579246245653431 15.752033354164974 16.99041803432305 18.29511370301934 19.66555178511811 21.099510893928837 22.5927272733617 24.13850271445611 25.727330808779925 27.346567074591487 28.980172716950857 30.608564925241886 32.208607940176215 33.75377780163724 35.21452896104837 36.5588822089391 37.75324041892514 38.763421736927036 39.55588005831068 40.09906161501764 40.36482659293572 40.32984865101952 39.97689574793739 39.29589506063369 38.28469427011871 36.94945100241487 35.30461011623576 33.37246183229059 31.182308416433102 28.769298968276402 26.173017002943944 23.435921117478387 20.601743860413357 17.713948242197297 14.814326894874164 11.941808379547503 9.131511668996062 6.414066387741002 3.8151954211329553 1.3555396571973688 -0.9493072775468292 -3.088593374407367 -5.056073288862706 -6.8495846899852 -8.470573114021107 -9.923597701848585 -11.215844989718171 -12.356673015179176 -13.35720406096641 -14.22998186578539 -14.988708585828014 -15.64807872629359 -16.223732651856615 -16.732362541134194 -17.192021433820592 -17.622715961351787 -18.047413704507242 -18.49368209365654 -18.99632566487508 -19.60165659980806 -20.37452724130695 -21.410192408990447 -22.8549206226214 -24.943071147749407 -28.066498876540003 -32.91051056244498 -40.73437108957023 -53.985480298941454 -77.7387621978054 -123.33973560298972 -218.4250049132941 -436.65095810084375 -986.4202618771101 -2373.405039973946 -4245.81279415257 -3.6240003154119904 4243.765847729186 2374.63492312342 987.7318569720605 437.634097668913 219.17609198495833 123.95440113857292 78.27206829878585 54.465486741790414 41.173919607271344 33.314106924828835 28.43415832334717 25.272523634907174 23.142934649338365 21.65340748190303 20.56999586308894 19.747201305500006 19.090768114149448 18.536976284351248 18.04070250462253 17.568323623176063 17.093391617097886 16.593950080361353 16.050856931819624 15.446746653298149 14.765415383939384 13.9914981382816 13.110357633530079 12.108133898491857 10.97192139934755 9.690050397046512 8.252454406347809 6.651107375752474 4.880513493179528 2.938229964031258 0.825399110335745 -1.4527387174245732 -3.8863851077719502 -6.460814842421669 -9.156140187234207 -11.947250855683933 -14.80396969673059 -17.691457137853916 -20.57088536565832 -23.40038622187013 -26.13625553478549 -28.73437274564683 -31.151770715802662 -33.34826947225977 -35.28807261464095 -36.94121888166091 -38.28478586948236 -39.303758425814905 -39.9914996271189 -40.34979465357136 -40.388473386696596 -40.12465177650748 -39.58166081695635 -38.78775224448461 -37.77468005047524 -36.57625651864893 -35.226971978156165 -33.760751163152136 -32.20989878320868 -30.604265460726364 -28.970644999094517 -27.33239674200749 -25.709273589894774 -24.11742734316019 -22.569558204535987 -21.075173881557667 -19.640924990320663 -18.270986527498533 -16.96745932715321 -15.730770004665494 -14.560052491143782 -13.453498561257215 -12.408668599843686 -11.422757171321573 -10.492810740803659 -9.615897195176526 -8.789228672224647 -8.01024068123879 -7.276631648946985 -6.586367881016297 -5.937659536369155 -5.328913588240614 -4.758669913164093 -4.225526625993847 -3.728060576954073 -3.2647485499215367 -2.8338941773387027 -2.433564914176012 -2.06154261939262 -1.7152903995676372 -1.3919373958903858 -1.0882821916080587 -0.8008145019156032 -0.5257538361980174 -0.2591029304410686
0.005754155720794074 0.2731938785582866 0.5446970124156625 0.8243241855299122 1.116003139594035 1.4234716881245113 1.7502316390938244 2.0995163077508483 2.474273458109577 2.8771646090675063 3.310580649659167 3.776672699835615 4.277396158782754 4.814564966922896 5.38991230349839 6.005153286763321 6.662044762998365 7.3624369670333145 8.108311719959849 8.901801880948357 9.745186985533616 10.640860367208681 11.591263573715871 12.59878457070207 13.665617099934412 14.793579680478786 15.983894180247038 17.236925709212812 18.551887872521597 19.926520218839922 21.356748032327673 22.836338377908852 24.35657037486022 25.905941751502013 27.469937437598624 29.03088874238735 30.567952911583205 32.05724188126591 33.47212518157172 34.78372474662428 35.96160859246411 36.97467625622286 37.79221224865292 38.38506597646285 38.72689950402685 38.79543035339328 38.57358758671436 38.050497528880896 37.22222191636426 36.092186038216845 34.67125654311953 32.97745570771227 31.035328043116372 28.875002688133478 26.531017821787017 24.040988867000124 21.444209092895683 18.78026929765575 16.087773590007792 13.40321285409729 10.760038705317498 8.187961072856353 5.712474173202864 3.3546001073014864 1.1308275751087393 -0.9467844526023228 -2.870372120908904 -4.63593574661747 -6.242945368875041 -7.693912229025379 -8.993951496507613 -10.150357301257351 -11.172207380591992 -12.070011745080045 -12.855418125705675 -13.540986939388766 -14.140050582538422 -14.666676801016187 -15.135765031852877 -15.56332023630258 -15.9669748809943 -16.366873719322328 -16.787111045575287 -17.258040966874333 -17.820015446026183 -18.52953627750953 -19.469628015928997 -20.76785754172139 -22.628747774526836 -25.394460682623965 -29.663702043418727 -36.53715996831064 -48.155269024239274 -68.95980068231555 -108.89191695251598 -192.21126445301604 -383.78515851769293 -868.4069184898613 -2103.2206098102524 -3821.4184122729475 -6.063473730684166 3818.565726841818 2105.593420534806 870.6205303002523 385.32746261637215 193.3109957817325 109.73435503895956 69.64964032336817 48.74802480259621 37.06143811002427 30.133457896530658 25.81559938468647 23.00278617584084 21.09404782197455 19.74624626341459 18.754694421523332 17.992184202273442 17.376385281244744 16.85169504185513 16.378768782483455 15.928292122464605 15.4771820782873 15.006227286304963 14.498610991231509 13.938995489732875 13.312978006196907 12.606803120189802 11.807260790823726 10.901725023795272 9.878303674115685 8.726078793594993 7.435421728994029 5.998369103910051 4.4090457275025585 2.664118814639238 0.7632650657596329 -1.290371498470222 -3.489757163288587 -5.823611777802107 -8.276151067034831 -10.826963084511476 -13.451053219881715 -16.119088308297336 -18.79786272747097 -21.45099763304792 -24.03986894584431 -26.524741213487246 -28.8660646046468 -31.025873210941413 -32.96920698798278 -34.66546956619965 -36.089631829674396 -37.22319769288607 -38.054863918450806 -38.58082870705992 -38.80473166867348 -38.73723733982981 -38.395302132465666 -37.80118728005988 -36.98129565526287 -35.964917133315396 -34.78296552240523 -33.46678117598367 -32.04705918640971 -30.55294582715695 -29.011327939496567 -27.446323158364926 -25.878964621540987 -24.327062899685558 -22.80522052740333 -21.3249705172446 -19.89500909141781 -18.52149390426494 -17.20838160571253 -15.957782068083404 -14.770310489585214 -13.645422507291837 -12.581721165588199 -11.577227949976509 -10.629613040975538 -9.736382470636462 -8.895021980852569 -8.103099131138158 -7.358326607295185 -6.658590785035834 -6.001950415934765 -5.386610864007713 -4.810879635072096 -4.273109037078449 -3.7716316993585686 -3.3046943758840985 -2.870394989022973 -2.4666272495799113 -2.091036436643323 -1.7409890696329366 -1.4135582765606447 -1.1055256959535686 -0.813399775932977 -0.5334494004072265 -0.26175091059954525
0.008254361132387089 0.2825335868072987 0.5606956146930742 0.8466719775268583 1.144281672221803 1.457183241494464 1.788836682050654 2.142477393376474 2.521103609469666 2.927477869307804 3.3641421316887854 3.8334451807375824 4.337580051751999 4.87862838598474 5.458607932915527 6.0795189020290685 6.743384522812645 7.452281022263252 8.20835225344374 9.013804393933622 9.870876468309753 10.781782917625437 11.748625047120486 12.773268957678718 13.857188538785037 15.001273338136611 16.205602696904297 17.469189506892633 18.78969937218561 20.163153841659675 21.583629667491643 23.042969611092587 24.530523909432056 26.032944791921363 27.53405892544969 29.014843839738067 30.453533640202313 31.825876125638473 33.10555736909304 34.264800734958854 35.27513538374549 36.10831519048174 36.73735380835152 37.137626849077506 37.2879797085468 37.17177124658022 36.77778102914475 36.10091215608069 35.14263307089038 33.9111194304742 32.42107939808392 30.6932701656093 28.75373732607489 26.632829165702532 24.36405279930831 21.98284697467301 19.525346928839227 17.02721051053846 14.52256328275947 12.043105354635486 9.617406304998077 7.270398578924642 5.023065663065651 2.8923101057998224 0.8909785134658676 -0.9719840333444196 -2.6912794751821068 -4.264930974815506 -5.693912453565986 -6.981756921620175 -8.13416355029073 -9.158619990876637 -10.064053532397033 -10.860522542635032 -11.558958575812461 -12.170969786557961 -12.708718336722491 -13.184888901225378 -13.612773395732525 -14.00651059427993 -14.381541910140072 -14.75538260771625 -15.148872527550594 -15.588183511821008 -16.108063197881606 -16.757167946477303 -17.607047756689198 -18.767746645438343 -20.415857110087643 -22.847038636171213 -26.578936501924222 -32.56368391811648 -42.6537258617854 -60.69545186121905 -95.30471102666692 -167.5354783607108 -333.8218485961426 -755.7686331585733 -1839.102304276947 -3382.5606474313295 -8.250341285602758 3379.0750800488745 1842.5179276025892 758.7746157236097 335.8428640803489 168.9243741651747 96.32788623985533 61.50221288816482 43.324369672230745 33.14123339896779 27.08617950245573 23.295556348199575 20.81095813742717 19.1112820452366 17.899089196760087 16.997047143361144 16.295033123259195 15.721842253415552 15.229428897440833 14.783809872489506 14.359648397355151 13.936946342227863 13.498986768021304 13.031044241085254 12.5195841490644 11.951785993296049 11.315290723845628 10.59811023516044 9.78865967582454 8.875886677830458 7.849479475821042 6.700140231421514 5.419911841597624 4.002546795458528 2.443905614533115 0.7423704292230937 -1.1007435324650316 -3.080798974393062 -5.189493827217895 -7.414591538092985 -9.739753112114613 -12.144500135060632 -14.604336252102001 -17.091049995108243 -19.573214048769216 -22.016885008038223 -24.386493728214553 -26.645900478881046 -28.75957268333007 -30.69382789450792 -32.41807286837872 -33.90596304325921 -35.13640688787234 -36.09434709775927 -36.77126520504004 -37.165376499193044 -37.28150600570634 -37.13066093279815 -36.72933760310082 -36.09861896818334 -35.26313058249575 -34.249927620257914 -33.08738329968253 -31.80414102302964 -30.428180220042343 -28.98603123779264 -27.5021594409347 -25.998524560996714 -24.494309354388953 -23.00580243897232 -21.546413954028782 -20.12679927947694 -18.755065009973258 -17.437032225864346 -16.176534233309226 -14.975728886537642 -13.83540892018087 -12.755297105909724 -11.734316287301816 -10.770827322740816 -9.862830613237561 -9.00812918782079 -8.204453278395363 -7.449547941366097 -6.741226601955086 -6.077394423619209 -5.4560461521224735 -4.875243569658627 -4.333077940742447 -3.827622842387246 -3.356882581458942 -2.9187410228881383 -2.5109151125424223 -2.1309166985439276 -1.7760254687149146 -1.4432749515158605 -1.129452614548887 -0.8311141708938763 -0.5446113069362823 -0.2661312204477184
0.010724692436347993 0.2936250706497834 0.5801816868622467 0.8741622258912063 1.1792452219805405 1.4989824414934905 1.8367697301924224 2.1958280525002927 2.579195695155967 2.9897317540084067 3.4301301336614465 3.9029424142245084 4.4106071310123784 4.955482331585603 5.539877743018229 6.166082527699901 6.836384440400689 7.553076203159481 8.318445082126091 9.13474195170405 10.004126556228954 10.928586217954228 11.909825908741345 12.949128438992652 14.047184564400238 15.203894151725184 16.418141230935547 17.687547848505012 19.008214157795187 20.37445505012253 21.77854678836603 23.21050027746241 24.657880531614715 26.105694131487997 27.536367567732032 28.929838798377737 30.263781661420406 31.513977631725254 32.654841634928154 33.66009841860751 34.50359384827073 35.16021238611611 35.60685919779427 35.82345434553602 35.79387893805963 35.5068102831324 34.95638599828155 34.14264588105231 33.071714660637404 31.755707223135587 30.212358573469267 28.46440139964379 26.538732371879092 24.465422233030942 22.276633117135347 20.005508719358467 17.68509937885465 15.347375663297136 13.022372200763854 10.737489887593377 8.516970784273603 6.381547352121153 4.348257108293119 2.430405809072944 0.637657074111786 -1.0237762926168514 -2.5508644857863416 -3.943440426565914 -5.203848787851406 -6.336583216337566 -7.347927645553476 -8.245614813482405 -9.038512782795216 -9.736348678854867 -10.34947813874254 -10.888709384277995 -11.36519270284797 -11.790389997301531 -12.176145950251183 -12.534893905353783 -12.880048845067549 -13.22667218430773 -13.59254832570489 -13.999909334634353 -14.478216737958682 -15.06872769795109 -15.832178643075956 -16.862114627409497 -18.308846657637545 -20.42428767512039 -23.649810324601894 -28.79767223114227 -37.44883050877057 -52.88736889049073 -82.47388263421529 -144.2120635191446 -286.44452578841236 -648.1291914002729 -1581.97723577695 -2936.6613776799254 -10.043614889880814 2932.735707852192 1586.2726356665034 651.7770272567724 288.8403374338447 145.81646732432895 83.62156087553085 53.76505711639723 38.15780537895552 29.393401771729 24.162936362213117 20.871635441621628 18.699385520539735 17.20032340327915 16.120028349417836 15.306895316791191 14.666850544609034 14.139119210114792 13.682718356480272 13.268652395814762 12.87526088271651 12.485373275623601 12.084536540277746 11.659902648624154 11.199537272883475 10.692008246340201 10.12616800124988 9.491076722385472 8.776032251440746 7.970684321896293 7.065217532931101 6.050591329871402 4.918827144826388 3.66333333321478 2.279257956314673 0.7638580519087057 -0.8831280597032531 -2.6591214221305393 -4.558374781731267 -6.571698045312324 -8.686260383252709 -10.885493658951972 -13.149121438509326 -15.453335360220422 -17.771135701942775 -20.072845342418155 -22.326796083254052 -24.500173921238044 -26.559996272337294 -28.47418056727502 -30.21265168131837 -31.7484269270496 -33.058613305958495 -34.12525344686834 -34.93596444543279 -35.48432733735618 -35.77000281864695 -35.79856927047986 -35.58109983352375 -35.133513919802795 -34.47575318475726 -33.63084126642324 -32.62388994059506 -31.48111197607273 -30.228893805613886 -28.892970481458335 -27.497732847999167 -26.065683926801697 -24.617049468685092 -23.169537383755515 -21.738232875350825 -20.33561070754461 -18.971643036003183 -17.65398025473236 -16.388182962126518 -15.17798492921274 -14.025569457190578 -12.931844377852553 -11.896703903777617 -10.919268407086346 -9.9980958582635 -9.13136105473833 -8.317000863337087 -7.552825500614091 -6.836597374790809 -6.166080226641668 -5.539062233490544 -4.953357405049763 -4.406790001284522 -3.8971668663467796 -3.4222425154462055 -2.979681557336855 -2.567022603048308 -2.1816472351510185 -1.8207569176420524 -1.4813599360852248 -1.1602696194767947 -0.8541142300411142 -0.5593580673557419 -0.27233254423997266
0.013064102990512083 0.3064107838290919 0.6031478657819722 0.906849020445577 1.2210252839706115 1.5490988213096024 1.8943834734708176 2.2600732455768657 2.6492391702848117 3.064834200245947 3.509704984688833 3.9866086402873258 4.498231978994349 5.047210146948977 5.636141293871022 6.2675937215395106 6.944101967859551 7.66814842847463 8.442127395963395 9.268288768734534 10.148659152723338 11.08493864371618 12.078372278511717 13.129596019542666 14.238458262432196 15.40381928862744 16.623332887584773 17.893216556507106 19.208019221320647 20.5603982081011 21.940920031982035 23.33790218799564 24.73731516644817 26.122764935182783 27.475575709066113 28.774990540705314 29.998502815608006 31.122325009034224 32.121992195024426 32.97308726276316 33.6520633639048 34.137127889641846 34.40914253747484 34.45248711108295 34.25583177366409 33.81276437334435 33.122226451107736 32.18872326197442 31.02228858116174 29.638202672699343 28.056479699425374 26.3011571257854 24.399432635977547 22.38070252675861 20.275558884139677 18.114801168835903 15.928511803142698 13.745236034337083 11.591295096216037 9.490249809758211 7.4625204396472355 5.525158762131888 3.691760481028261 1.9725005727710965 0.37427086743146987 -1.0991021465311945 -2.4465809747153955 -3.6696024180571385 -4.771742491951336 -5.758376370939011 -6.63634621352216 -7.413647418159641 -8.099142017430339 -8.702306691192874 -9.233022384216305 -9.701412970879453 -10.117742036963584 -10.492380155984193 -10.83586082056609 -11.159052843474626 -11.473493168425719 -11.791951031141501 -12.129340607951455 -12.504179921930536 -12.940938287302473 -13.473881024439471 -14.153527486806539 -15.057839433292308 -16.312312234210147 -18.127554815552394 -20.872908193230177 -25.228454773764675 -32.51836047268419 -45.49406030030845 -70.32444503014767 -122.10696676528076 -241.42566031542967 -545.2315179034861 -1332.6580708404822 -2490.0558335676415 -11.325452091490718 2485.896048993865 1337.6172858775835 549.3371247951806 244.07370361545054 123.84257240022345 71.53407214481877 46.3928301750105 33.22373409918144 25.80580826688328 21.35941515404527 18.54463130188222 16.6723081809117 15.367786266917705 14.417325732196673 13.693626775035384 13.117753549201083 12.63874432273937 12.222235264465198 11.84387910416973 11.485416253043113 11.132268080848995 10.772035402641933 10.39355502944428 9.98631361872171 9.540099730234175 9.044821737509423 8.490446550348807 7.867030337465053 7.164822186815911 6.374427444719721 5.4870208466750725 4.494601262319264 3.39028045785561 2.1685979805852185 0.8258532365612581 -0.6395557407534724 -2.226799379547728 -3.9323043741967822 -5.749479424137505 -7.668498210025021 -9.67616038823671 -11.755851791988015 -13.887623954587092 -16.048410114728462 -18.21238976301931 -20.351506432918498 -22.436134066983193 -24.435876341630802 -26.32047171668095 -28.0607657825227 -29.629702986100348 -31.003283441082274 -32.161428248200785 -33.08869945302772 -33.7748284863304 -34.21501923386305 -34.4100076584386 -34.36587745742958 -34.09364876771681 -33.60867251047117 -32.92987503524136 -32.07890520998347 -31.079238590607794 -29.955290991775517 -28.73158744313875 -27.43202328165439 -26.079243287089326 -24.694153602884406 -23.295570753199822 -21.900003160415242 -20.52155366896624 -19.17192680222751 -17.860521778826076 -16.594591376418165 -15.379447217619413 -14.218693560334449 -13.114473840495355 -12.067716729293187 -11.078371089979777 -10.145621784671821 -9.268080687733216 -8.443949430608777 -7.671152320871677 -6.947439515607723 -6.270461893447266 -5.637820153703288 -5.047091488589173 -4.4958377317105835 -3.9815991990255206 -3.501878526596114 -3.0541186920662877 -2.6356791124892975 -2.2438132611224404 -1.8756506688677455 -1.5281855046012094 -1.1982731837201221 -0.8826356823821158 -0.5778754658947172 -0.28049721513379033
0.015133548493251325 0.32081792404103915 0.6295961201552291 0.9448219080077092 1.2698162521029843 1.607853486177424 1.9621521353940796 2.3358708765153224 2.7321094892496234 3.1539139886671563 3.6042844889749848 4.086183788472031 4.602544229733718 5.156270096139393 5.750232676334788 6.38725514244487 7.07008453000646 7.801348356268889 8.583493729018565 9.4187071902041 10.308813993532562 11.25515607606542 12.258448694822954 13.318616622238766 14.434612005240766 15.604217538160436 16.823840505115207 18.088305488563048 19.39065603047352 20.721978077137546 22.071260421030413 23.42530920911759 24.768734563749007 26.0840270517812 27.35173977082117 28.550787951797663 29.658872084478148 30.653022795507077 31.51025644790528 32.20832036340715 32.72649662684923 33.04642474344366 33.1528970844186 33.03457813120358 32.68459971001558 32.10098996702326 31.286903534859523 30.250633354216294 29.005399708628143 27.568927649941344 25.962838529793864 24.211893321797184 22.343133781586033 20.384971573963462 18.36627527643131 16.3155010558258 14.259905631157643 12.224870897235007 10.233359440809942 8.305510113024717 6.458373714104404 4.705781244771501 3.0583314463727973 1.5234805551456176 0.10571517913504636 -1.1932112006318718 -2.373996859206251 -3.439482705531738 -4.39433043375459 -5.244700692297322 -5.99794179996227 -6.662297624719926 -7.246641711957658 -7.760243766727903 -8.212574235386683 -8.613153131187268 -8.971450611805487 -9.296849538786844 -9.598684953360248 -9.886383280579558 -10.16973716745806 -10.45937386067397 -10.767512638407695 -11.109172567205228 -11.504109717832556 -11.979980393244105 -12.577640940194534 -13.36031170964258 -14.430010329722354 -15.958261656936479 -18.246224338327455 -21.848802356301267 -27.846771161601502 -38.48613283855329 -58.8030338762624 -101.12501376678739 -198.6063196548249 -446.9151155835832 -1091.8860787489093 -2048.1633343425187 -12.009659411837958 2043.9808193545693 1097.2533509893044 451.2703258295314 201.37148277364568 102.90116910988355 60.00910376264379 39.3551409277415 28.506778194599125 22.372085306567868 18.674862626102406 16.31739849844882 14.734942391296801 13.62043220494602 12.79872231472634 12.165546439000252 11.656288710959473 11.229243396941868 10.856262819340934 10.517338471549564 10.197360260182364 9.88412765142943 9.56710700250607 9.236650387891565 8.883511144133216 8.498558270098044 8.072630110520507 7.596490129460065 7.060860919185785 6.45652061351587 5.774450713245116 5.006027177008043 4.14324815570577 3.1789923190750358 2.107301595541955 0.9236813925417309 -0.37458987712568614 -1.7881518109463812 -3.315265382641819 -4.951542567122047 -6.6897181296221575 -8.519481107009952 -10.427384411975105 -12.39685082407238 -14.408292044927329 -16.439354187163246 -18.465297937990677 -20.45951461275841 -22.394170751454112 -24.240964258326336 -25.971965138826825 -27.560504646737538 -28.982069173919545 -30.21515056077062 -31.242003561400278 -32.04926441748634 -32.62839197285761 -32.97590393428251 -33.09339480354723 -32.98733724694802 -32.66868367391318 -32.15229801544095 -31.45625782214445 -30.60107300171144 -29.608869422707016 -28.50258344433254 -27.30520780776402 -26.03912123164076 -24.72552455377447 -23.383996472594454 -22.032172757315422 -20.68554492492852 -19.35736822732764 -18.058664508674436 -16.79830301589247 -15.583141347106366 -14.418209097132317 -13.30691806831208 -12.251284829107867 -11.252153657924646 -10.309410276317932 -9.422179111202578 -8.588999012211218 -7.807974332121326 -7.076900015897669 -6.393360814370697 -5.754805944603314 -5.158601453233436 -4.6020632221788205 -4.082473988115121 -3.597087966493717 -3.143126684956865 -2.717769472464493 -2.3181417463868925 -1.941303806530792 -1.584242316219342 -1.2438660521640887 -0.9170068560759859 -0.6004260745406942 -0.29082614688702435
0.016765823841469185 0.33677275940613427 0.6595559002309237 0.9882268097705094 1.325897694615108 1.6756810499007901 2.040691171010245 2.42404725020795 2.8288773159201863 3.258321797965369 3.7155351209339216 4.203683413955828 4.725936257521379 5.285450329911567 5.88534288046727 6.528653109442173 7.218289749633122 7.95696339920049 8.747102439781163 9.590751700199185 10.489453425944761 11.444110643012984 12.454833733625547 13.520772035176542 14.639933594177146 15.808997875010888 17.023128224044058 18.275793123836703 19.558607607872148 20.861208376684175 22.171177899249173 23.474033720017605 24.75329899854356 25.99066861054433 27.166281763613686 28.259106869100712 29.24743753553005 30.109490319367715 30.824085911560495 31.371386547067726 31.733654578244284 31.895991325876505 31.847012414660814 31.579416426490425 31.090408156393412 30.381945813946487 29.4607925725332 28.33836587734284 27.030391607285598 25.556383190805665 23.938976827400094 22.20316208685791 20.375451760354935 18.483035731162722 16.55296109231763 14.61137533964596 12.682862016015761 10.789889600810731 8.952385569123145 7.187439204794366 5.5091294613340835 3.9284683449780644 2.4534460979541706 1.089161859386678 -0.1619776371342141 -1.3000086671288713 -2.3271267571045584 -3.247383253350833 -4.066374937550243 -4.790937369634207 -5.428850700281984 -5.98856504772094 -6.478951235644459 -6.909081870780653 -7.288047426059485 -7.62481230017098 -7.928116906796845 -8.206433968709348 -8.467990891398713 -8.720876249093124 -8.973258671574058 -9.233763658347272 -9.512083366813862 -9.819946056590645 -10.172664510061935 -10.591653699911774 -11.108633519680833 -11.77287484713574 -12.664166242455366 -13.917010452659806 -15.76795237247186 -18.653209057257758 -23.422638317247557 -31.842293296120427 -47.8713472598069 -81.19870250403726 -157.87704730551908 -353.08966412698067 -860.3426182812179 -1615.6202651564388 -12.04785545612097 1611.6231856001127 865.8379468673116 357.47336380305165 160.61869988481024 82.92320744575976 49.009016834553606 32.63265305378127 23.998235533515544 19.08987386404437 16.110802203843644 14.193867359122425 12.892692613788448 11.964515717757251 11.270880106373227 10.72939202638512 10.289008143171685 9.916769063340602 9.590374684256275 9.293873068356717 9.015076267275823 8.743970977653781 8.471724086414056 8.190057792081262 7.890863758235334 7.56597863613262 7.207073568538114 6.805627999497688 6.352968687148852 5.840361229392244 5.259145303497803 4.600907157414902 3.857684176677978 3.022196893605056 2.0881037433362337 1.0502733042150325 -0.09493224315093585 -1.349370134300365 -2.71283589532878 -4.182799361243106 -5.75417102507636 -7.419113563624791 -9.166914602656284 -10.983937173878466 -12.853663649625702 -14.756846920227495 -16.671779022905397 -18.57468229709003 -20.440221482185272 -22.242127362810393 -23.953914034515744 -25.549663384274446 -27.004842728586276 -28.297115690356645 -29.407103124268197 -30.319050858726992 -31.021364631957926 -31.50697969731553 -31.773542774040653 -31.82339638495124 -31.663368968538606 -31.30438717229178 -30.760938092349033 -30.050417888611847 -29.192408407204827 -28.20792495448643 -27.118676314807352 -25.946373068101156 -24.71211304409443 -23.435864305304946 -22.136057322477093 -20.829289793451444 -19.530140494382895 -18.25108299562894 -17.002486186575847 -15.792686285131529 -14.62811416246157 -13.513462141907517 -12.451875605580254 -11.445156500147213 -10.493967903827395 -9.598031002742147 -8.756307978819988 -7.967166319586827 -7.228521864571791 -6.5379594503045535 -5.892831304277202 -5.290334342528125 -4.727568283262595 -4.201576986698763 -3.709375730845954 -3.24796723212728 -2.8143491760079797 -2.4055158442648494 -2.018456152271808 -1.6501500550158976 -1.2975648664736994 -0.9576525849042117 -0.6273488574837227 -0.303573759816711
0.017784856205516064 0.35422381551519777 0.6931100840812388 1.0372931987923106 1.389660910873225 1.7531534993064923 2.1307762666922248 2.5256090666625486 2.9408115237727905 3.3796224891025073 3.8453522316206357 4.341365906598282 4.87105697186796 5.437809395555382 6.044947708722104 6.695674153157638 7.392992351696881 8.139617077440597 8.937869846272761 9.789560248981699 10.695853247209008 11.657123154853455 12.672795800139912 13.74118146115988 14.859302627907022 16.02272243965974 17.22538169475818 18.45945448462144 19.71523455002927 20.981066110791478 22.243333865917872 23.48652677693061 24.693388827875804 25.84516697798661 26.921961936527403 27.903181242531215 28.76808678757392 29.4964208636328 30.069086793813593 30.468853050522604 30.68104433935903 30.694180234054347 30.500522123453333 30.096492759896787 29.48293941435809 28.665221058343793 27.653111255967477 26.460520469362425 25.10505313880307 23.60742506361424 21.99077446530806 20.279905018658617 18.500500922393748 16.678352828018994 14.838629587656804 13.0052249035284 11.20020081269324 9.443342245103459 7.751829319584402 6.14002714979911 4.619387127542396 3.19844915220191 1.8829311727186493 0.675890668806467 -0.4220578749558612 -1.4124850027164015 -2.2988622044239904 -3.086264464871036 -3.781070357855576 -4.390668725604563 -4.923179286366874 -5.38719301266255 -5.7915370288785795 -6.1450680186636575 -6.456497839226749 -6.734255214855267 -6.986388160639123 -7.220513343293433 -7.443821311419185 -7.6631510605018605 -7.885154976805531 -8.116587947029075 -8.364776263967144 -8.638360254287214 -8.948473266394696 -9.310646545455104 -9.747971164704161 -10.296524982142952 -11.015051276441756 -12.002976117981845 -13.435590905999106 -15.636541839594287 -19.23655577948047 -25.545954624419664 -37.50043315826179 -62.2781809469064 -119.15998971628649 -263.7068375394147 -638.6395847110426 -1196.3782892677698 -11.432885700966011 1192.7627709358912 643.9758235108894 267.8970843411382 121.73947392081219 63.862237372040994 38.50910746153735 26.213551729363793 19.693771393198833 15.959228723898544 13.669876548194626 12.1781692117362 11.150470095129261 10.405243431232947 9.838950443590289 9.389992701021033 9.02020757706623 8.704912163701728 8.427316462547019 8.175269544570263 7.939302925379366 7.711423864948941 7.4843593174511724 7.251081758177236 7.00451893270948 6.737389115234471 6.442126127530479 6.11087163507662 5.73552020837198 5.307807495595895 4.819434840865888 4.262225528832708 3.628308857068774 2.9103287090403995 2.1016732721079734 1.1967220737796325 0.1911056704129166 -0.9180279263754088 -2.1317475139515096 -3.4490828345612456 -4.866789566526641 -6.37914786338456 -7.977808485493121 -9.651701354500553 -11.387021298787658 -13.167304605459229 -14.97360761085531 -16.784794777744416 -18.577938614576794 -20.3288274989033 -22.012570323468594 -23.604279388449445 -25.079805703978053 -26.416494616632313 -27.593925108850836 -28.594593956945413 -29.404506629338023 -30.013640617245763 -30.416253664267145 -30.611018721198313 -30.600978514351283 -30.393324451468693 -29.99901597543375 -29.432266379203487 -28.709928553837248 -27.85081856236826 -26.875016093744208 -25.803178868522014 -24.655903459769036 -23.453158438994368 -22.213808123662933 -20.95523729869597 -19.693079851901274 -18.441047847599645 -17.210852515956443 -16.012205098077104 -14.85288342612967 -13.73884937360459 -12.674402644122784 -11.66235750037159 -10.704230707890838 -9.800430933371018 -8.950441907668027 -8.152993674146458 -7.406218097123496 -6.707786417842199 -6.055027983699057 -5.445030317204891 -4.874721452415853 -4.340935965607695 -3.8404664048363735 -3.370101934454528 -2.9266559950136273 -2.5069846790037875 -2.107997385335514 -1.726661144155761 -1.359999831938019 -1.0050893166613228 -0.6590494038960504 -0.3190332959179809
0.018032071639195735 0.3731717320920591 0.7304268012187087 1.092366001659295 1.4616387648858087 1.8410056920503681 2.2333622781978146 2.641753753725995 3.0693791914149227 3.519583430365847 3.995835827860228 4.501695328057442 5.040761785541914 5.616613842307494 6.23273389721013 6.89242081232555 7.598690977227429 8.354168256861083 9.160963249825738 10.020542283853962 10.933586772340353 11.89984404909139 12.917971653650383 13.98537828670665 15.098066273905308 16.250482273185153 17.435385005922786 18.643740748880422 19.86465896002848 21.085381399965907 22.291338169052946 23.466282926134088 24.59251698141318 25.651207900260207 26.622802786776532 27.487529813625677 28.225974293275556 28.819708292251445 29.251946198288746 29.508193559740768 29.576853603798803 29.44975562704233 29.12257216560743 28.595097423707028 27.871367444285422 26.959612236094888 25.87204064895987 24.624469221281586 23.23581556689769 21.727484397300323 20.122679361758156 18.445676386127374 16.72109399946109 14.9731936266706 13.225238371838977 11.498932996309996 9.813961232465473 8.187629814875308 6.634622189274353 5.166859151257697 3.793458991236953 2.520786188981994 1.3525753979148902 0.29011626660135903 -0.667515516710182 -1.5231949494198815 -2.281464988320714 -2.9482455657392492 -3.530543803402786 -4.036173165729018 -4.473487705318746 -4.85113624202782 -5.177840274819268 -5.462198747112623 -5.712522439789147 -5.936700800348582 -6.14210448921515 -6.335527922485262 -6.523177899335764 -6.710717404012634 -6.903378709555152 -7.106168418855585 -7.324201678502451 -7.563228439408931 -7.830460708893039 -8.135894826761803 -8.494484874954633 -8.929842937590582 -9.480797638803384 -10.213548460900057 -11.245323314863498 -12.793007656854982 -15.279427312937521 -19.582370372348556 -27.665736815059017 -44.322354243568896 -82.39251494480237 -178.7322711403594 -427.2974692502254 -793.7736262452954 -10.199263374417455 790.7154906058977 432.1979467537401 182.5185954205444 84.68057465829791 45.68530192523345 28.49234425666758 20.090307320888012 15.591302721942313 12.981159822555988 11.354798841471947 10.273860797991308 9.512112290919195 8.946342951332564 8.506265345744612 8.150066887768759 7.851821011490845 7.594687292227231 7.367078167783703 7.1604149222381785 6.96777132334514 6.7830336173857475 6.600373513419022 6.4139192294687675 6.217557701786447 6.0048279162394635 5.76888072621351 5.502489591133752 5.198102137127236 4.847925845528067 4.444043281210952 3.978553639436555 3.4437381409491152 2.8322471813346795 2.13730708786386 1.3529439527326659 0.4742212281927394 -0.50251330440787 -1.5793770254646233 -2.7567058704969227 -4.032820838926199 -5.40381853315175 -6.863398127365805 -8.40273818176307 -10.010437083005641 -11.67253035014415 -13.372596456537877 -15.091960066460075 -16.8099976247138 -18.504545201629696 -20.152402548381243 -21.72992082612568 -23.213654881932833 -24.58105481652595 -25.811166507441197 -26.88530734301864 -27.787682167015326 -28.50590574706935 -29.031402032988485 -29.359656991310157 -29.490310405282383 -29.42708205669886 -29.177538238643884 -28.752714614108665 -28.16662008897741 -27.435652813403433 -26.577963154020278 -25.61279928370963 -24.559869060470362 -23.43874753461525 -22.268353379531497 -21.06651053129377 -19.8496040880175 -18.632332729002776 -17.42755406267671 -16.246214720123664 -15.097353818232516 -13.988166595085838 -12.92411442194996 -11.909067816930907 -10.945470246760403 -10.034512178762611 -9.176306773401866 -8.370060606449625 -7.614234713392287 -6.906692931262226 -6.2448359013611565 -5.625720153356051 -5.046162401420862 -4.502829587900159 -3.9923153671250766 -3.5112036928497403 -3.056120060267453 -2.6237708178378227 -2.210970875762275 -1.8146601372726057 -1.431909074252058 -1.059914066487977 -0.6959833879616184 -0.3375150371265345
0.017395634045458408 0.393701905752053 0.7717937441242828 1.153939531577386 1.5425370299648744 1.9401619160974715 2.349602979198062 2.7738807067823057 3.2162470461960524 3.6801653147988667 4.169270371181533 4.687310174774639 5.238070608473144 5.825285882546938 6.452536937764375 7.123140064179134 7.840027535080951 8.605621546522446 9.42170230396 10.289270858989674 11.208407395359998 12.178126196180639 13.196229510452628 14.259163974045252 15.361885012658005 16.49773662164955 17.65835586107878 18.833613062148036 20.0115998416181 21.1786772523323 22.31959553388847 23.41769475781595 24.45519212059155 25.413556786040846 26.273967278637176 27.017839843835876 27.627409546759907 28.08633978895969 28.380331104159715 28.49769715129069 28.429875244688763 28.17184075400214 27.722399243506057 27.084336959117827 26.264418646098076 25.27323091757072 24.124878705029662 22.836550870632966 21.427978192352093 19.92081213823882 18.337955856824184 16.702879556240724 15.038951103996112 13.368809505303059 11.713804391748628 10.093519173512977 8.5253896147508 7.0244237031324985 5.603023198323953 4.270902474385885 3.035096413004368 1.900046296361424 0.8677508764298736 -0.06203097006274305 -0.8915395053188391 -1.6247480591990993 -2.2670830926685426 -2.8251403311418954 -3.306405232881282 -3.7189844372065295 -4.071353371006836 -4.372123951772444 -4.629835355647316 -4.8527701354661446 -5.048797569924268 -5.225245995035266 -5.388806024571036 -5.545467044369978 -5.700490281792536 -5.858423324116568 -6.023163604575998 -6.19808288192969 -6.386232492976429 -6.590662836527539 -6.814915142365763 -7.063789067658366 -7.344576232772848 -7.669120347861824 -8.05741382601255 -8.544188156041077 -9.191636326486563 -10.11540460193805 -11.541122983727004 -13.936277304054112 -18.342915211280175 -27.291220208265354 -47.51277573111556 -98.11963991434247 -226.71861262064274 -410.57511208759 -8.420628440861666 408.2229059578557 230.93416516399677 101.31469353022781 49.39639676981411 28.36471053983214 18.944623549270734 14.256754310384423 11.689088506863232 10.156322050736133 9.167424065570362 8.483257224380925 7.979909642299443 7.589744158611467 7.274150100495813 7.010152093163136 6.783458847285928 6.584673041392097 6.407131576469105 6.245626330698695 6.095622042845417 5.952767677539494 5.8125892807803226 5.670300700935105 5.5206949079966705 5.358093403153852 5.1763397264226185 4.9688281387716415 4.728561659672614 4.448235625011954 4.120344227867001 3.7373083597191936 3.291623581729297 2.776027286026661 2.183684028573829 1.5083876496468918 0.74477808557738 -0.111430239844168 -1.0632128991128198 -2.1119988292017666 -3.2574403275065222 -4.497199135400365 -5.82675964746926 -7.239281476660864 -8.72550428095309 -10.273717629551982 -11.86980769714907 -13.497390515684327 -15.138038434270307 -16.771602325555968 -18.37662711217769 -19.93085259533567 -21.411785718554732 -22.79732465123363 -24.066410000067595 -25.199674441864772 -26.180059694411728 -26.993369305781112 -27.628727574964262 -28.078919035399164 -28.340589181332643 -28.414295118284194 -28.304403902412734 -28.01884575802882 -27.568738252028435 -26.967905048551064 -26.2323183883012 -25.37949749862406 -24.427895570393876 -23.396305894751098 -22.30331359839091 -21.16681376481508 -20.00361022574226 -18.829102651210516 -17.657063345008496 -16.49949981999188 -15.366595089797984 -14.266714776631773 -13.206468602318111 -12.190813447103821 -11.223185732334162 -10.305652174943392 -9.439069697524394 -8.623247237253828 -7.857104160023942 -7.138821766089487 -6.4659858487470245 -5.83571933766569 -5.244804703686823 -4.68979603374331 -4.167120579912087 -3.6731692541280836 -3.2043751263943765 -2.757278608824798 -2.328577823462741 -1.9151627189228915 -1.5141318704259277 -1.1227915662803678 -0.7386376715690091 -0.35932179871633885
0.015837233068305423 0.4160150543097707 0.817650805320369 1.2226902674050688 1.633265319278543 2.051763106230009 2.48087299304367 2.923606755916852 3.383289718716931 3.8635228326955318 4.368117771569313 4.901008717328459 5.466145511775489 6.067373171554369 6.708302461083671 7.392175438131199 8.121728819172613 8.899056913771464 9.725474982129612 10.60138336755112 11.526132789796417 12.497891812300876 13.51351867654449 14.568441342147631 15.65655148760614 16.770120198194572 17.899744825447538 19.034337751679395 20.16116827390335 21.265968272173723 22.333110580398696 23.345865962992665 24.286740354831913 25.137888776349815 25.88159643407084 26.500811463945894 26.97970816399997 27.30425499756106 27.462758689925646 27.44635483211133 27.249416732534335 26.869857854873167 26.30930874957693 25.57315647559566 24.67044251221795 23.61362334849515 22.418205696395077 21.102274944577726 19.685940669147417 18.190726427047554 16.638932576926724 15.053000566982444 13.454905168488462 11.865597792073412 10.304519680868207 8.789198752401362 7.334938616792019 5.954603120077451 4.658495018237119 3.454323302449769 2.3472504591515175 1.340008646144586 0.4330724015888521 -0.3751249710304272 -1.0879439178967942 -1.7102717560546488 -2.2482468020879054 -2.7089823896497833 -3.100298045646266 -3.4304635416915197 -3.7079601510070503 -3.9412622367085426 -4.138641377295915 -4.3079944969481865 -4.456696996868459 -4.591481560591859 -4.718343156038252 -4.842470719843561 -4.968206090913974 -5.099030972830487 -5.237583107877697 -5.3857035715054735 -5.544518393632014 -5.714560052132445 -5.895938656359512 -6.088580546399491 -6.292566978023384 -6.508634658668466 -6.738958376235615 -6.988458497616534 -7.267145112705986 -7.594633058971567 -8.009489096691969 -8.590058865911576 -9.504480967581497 -11.139620747697698 -14.447785619424725 -21.7887995204058 -37.162425286816344 -49.019846029316746 -6.204433921102037 47.48971304111782 40.486719277565975 24.238559134759363 15.835975112556966 11.870938876139547 9.850665832795702 8.705561223645297 7.9840792709351405 7.483893409339082 7.107970574784517 6.8068954714539665 6.55425371625773 6.335378771182842 6.141854446966022 5.9686553399651565 5.812569175749349 5.671277638994443 5.542794343773583 5.425107573970855 5.3159475651543 5.21263444279052 5.1119819099976205 5.010242013105959 4.903081976499468 4.785587378812739 4.6522878864441175 4.497203010032091 4.313906215365204 4.0956063427177725 3.8352457959089925 3.525615328916487 3.159485506838422 2.729754994543754 2.2296157039480846 1.6527344479499995 0.9934500812014413 0.24698413361834426 -0.5903383348315749 -1.5208624536255932 -2.5453783389206563 -3.6629052173520193 -4.870494773552281 -6.163064984794353 -7.533276571631831 -8.971464434153198 -10.465635830263498 -12.001545551751924 -13.562855864204248 -15.131385571951483 -16.6874483448054 -18.210275592491776 -19.67851398008147 -21.0707824549905 -22.36626879717596 -23.545341591775237 -24.590150578236436 -25.485186870355392 -26.21777490117383 -26.778470231938467 -27.161341611934287 -27.36412169244917 -27.388218193841183 -27.238585553662762 -26.923465467711402 -26.454012513461578 -25.843827548920338 -25.10842620660425 -24.2646722044873 -23.330205236820472 -22.322891048078414 -21.260317273840005 -20.159353304503856 -19.03578639194159 -17.904040097345142 -16.776975499798173 -15.66577078090492 -14.579871122216703 -13.526998425293923 -12.513209170202932 -11.542988633524986 -10.619370507383152 -9.744072442460228 -8.917639919466813 -8.139592883411595 -7.408571492842908 -6.722478957013056 -6.078620573829463 -5.473838679348475 -4.904643227234828 -4.367337243524894 -3.8581355561539965 -3.37327421851219 -2.909107160019575 -2.462186025089519 -2.0293191200759786 -1.607605955876723 -1.1944450821543828 -0.7875146519731313 -0.38472725679583597
0.013410974549765697 0.44045086047383997 0.8686170845417784 1.2995056813824846 1.7349662228161034 2.177194987388331 2.628793965659959 3.0927897656019 3.5726104731037545 4.072022407544118 4.595031965523022 5.145760004944266 5.728297304077312 6.346549529080425 7.0040790736281 7.703949393963461 8.448575464745645 9.2395821056801 10.077670497656843 10.962492464575702 11.892532124233579 12.864995313007777 13.875708619147664 14.919031731902566 15.987788843405125 17.07322675127465 18.165008794471248 19.251254522770765 20.318634838322467 21.352531055055938 22.337263847206703 23.25639443784687 24.093095792341312 24.8305863533968 25.452613413555202 25.943968094951916 26.291009625191705 26.482173676111163 26.508438332301097 26.36372201696102 26.045190413919173 25.553453904010315 24.89264290973514 24.07035529959911 23.097477103217745 21.987884652017176 20.75804241052026 19.426515806464373 18.013422029377057 16.539843923908393 15.027232702782278 13.496824352872139 11.969092446657559 10.463256825303802 8.99686357140883 7.585447144449198 6.242280818755663 4.978216958666515 3.801614463505576 2.7183471512670643 1.7318840472380082 0.8434306464488728 0.052119147744278393 -0.6447645650786704 -1.251529001369267 -1.773811025360672 -2.2183052055102515 -2.592496543472045 -2.9044029929381487 -3.162332695940684 -3.3746595001438173 -3.5496191663564325 -3.6951277215790945 -3.818622647531189 -3.926926989044066 -4.026135964416699 -4.121525177178675 -4.2174790112881055 -4.317437062859586 -4.423855405959465 -4.538177760351481 -4.660808808376604 -4.7910770771197875 -4.927166422208362 -5.065980109271173 -5.202873730030255 -5.331140116362487 -5.441024124994698 -5.517827599463843 -5.538194253125184 -5.462593765643842 -5.219446310287257 -4.669707429663106 -3.5224530640887153 -1.117354388615599 4.187383531695232 16.895422539520144 50.39023021170319 141.2715546533083 289.15452707113155 -3.6842833463612834 -289.7819105554866 -138.98946250505693 -48.798376005960705 -16.067284102905255 -3.8330462401359178 1.1907149725787214 3.42619330449212 4.470596712444763 4.960693462052745 5.17443002756135 5.243154867238253 5.233422343211558 5.181103335809567 5.106597109607591 5.0220086189223245 4.934696414102824 4.849094259811171 4.767675707293417 4.69147858470631 4.620398156229832 4.55335744316665 4.488412914001039 4.422827598258294 4.35312966583723 4.275166795035812 4.1841623754268475 4.074777181557465 3.941178874644624 3.7771210284831547 3.576033081407193 3.331122531942121 3.03549064263553 2.6822628461897757 2.264734841397331 1.7765349601051028 1.2118027321283975 0.5653826273110951 -0.16696927711556953 -0.9883694504564389 -1.9005873381328087 -2.9038292706573543 -3.996534806121055 -5.175195921685027 -6.434210560823939 -7.765782510986696 -9.159879321656295 -10.604258841768743 -12.084572923334314 -13.584553936998311 -15.086286048016095 -16.570558922068823 -18.017296880659117 -19.40605177503496 -20.716543343251015 -21.92922685438692 -23.025864735317647 -23.9900769542456 -24.80784438538386 -25.4679404501712 -25.962269008634742 -26.286090812915884 -26.438126527570383 -26.42053112142384 -26.238741770874263 -25.901208762697525 -25.41902557146758 -24.805479758371884 -24.07555009635673 -23.24537707746467 -22.331733630054224 -21.351520594470735 -20.321307625299767 -19.256935191191424 -18.1731877676089 -17.08354273957047 -15.99999441638522 -14.9329482952526 -13.89117754294733 -12.881831693914991 -11.910486778266005 -10.981226369740638 -10.096744198283547 -9.25846071783476 -8.466648112978037 -7.720560324476766 -7.018566514754854 -6.358287708362331 -5.736736956397648 -5.1504631868526385 -4.595697965110723 -4.06850283828919 -3.5649130905657245 -3.081071930648438 -2.613347802304933 -2.1584270044616716 -1.7133743895980658 -1.275656674653014 -0.8431257403662684 -0.4139628986976618
0.010269933823359167 0.4675009874355318 0.9255095384075318 1.3855075917579285 1.8490425031214563 2.318118457234064 2.7952677500897583 3.2835644511852724 3.786579555909997 4.308282803680008 4.852901080034666 5.424746218012366 6.0280258845513135 6.666650264167684 7.344044878754286 8.062976743783423 8.825397787216582 9.632306614842934 10.483627710797805 11.378106213997263 12.313216543281547 13.285084209233577 14.288421900316983 15.316483034126804 16.361038082082224 17.412380756701705 18.459372309392872 19.489532445113866 20.489184595719745 21.44366138940118 22.33757318227808 23.155138618640922 23.880571647537927 24.498514645128754 24.994502676180527 25.35544002244594 25.57006727438915 25.629395920016005 25.52708761970557 25.25975731133001 24.827182736270046 24.232407691909817 23.48173184432922 22.584585885858655 21.553296725544957 20.402752877917152 19.149984938147124 17.81367978759496 16.413649761688465 14.970279407811038 13.503972597839198 12.034621739591689 10.581118701542547 9.160924044857577 7.789707427217074 6.481067873027602 5.24633828034915 4.09447434471133 3.032024279163714 2.063172518478318 1.1898481571459563 0.411887261952959 -0.2727625943310663 -0.8678072766321598 -1.3783516341803193 -1.8106357269975781 -2.1717704584078845 -2.4694798337465684 -2.711855522012918 -2.9071279490433533 -3.063456810636911 -3.1887427500842946 -3.2904609485906455 -3.375516541144208 -3.450121026011832 -3.519688117890052 -3.588746707370305 -3.6608675613925 -3.738598939528881 -3.8234040028051197 -3.9155891835007672 -4.014206469118431 -4.116901943267415 -4.21966433412857 -4.316393932350948 -4.398150514099974 -4.451821066031592 -4.457714943928437 -4.3851138477357665 -4.183769618630873 -3.7670001163747635 -2.976419004245834 -1.5039960218232729 1.2921797520504263 6.858615922196165 18.757351132625555 46.63510298880791 118.60602871395675 308.64810353974366 602.6726332799548 -1.0105297315377015 -602.3531865986075 -307.49485642729724 -117.93779485472332 -46.4025620081987 -18.795763096866036 -7.0618079500395226 -1.5965353637570345 1.1394103583550752 2.5805901185504965 3.362199696510526 3.7880567085846195 4.013513089387022 4.122746605907945 4.163714507199323 4.1649102848095865 4.143808664398563 4.111308312326756 4.074157650448829 4.0363239899599 3.999790734012798 3.9650367406007803 3.931335533837732 3.8969511550890346 3.8592746136822953 3.814926709189148 3.7598427351115404 3.689348705535611 3.5982353841945702 3.480834500488861 3.3311004733160843 3.142700400173837 2.909114729550133 2.6237507789317327 2.280070954798763 1.8717370802567856 1.3927715786299366 0.8377353275101918 0.201920804705491 -0.5184423317183828 -1.3259737522131054 -2.2219273907309045 -3.20598290334706 -4.276053358756027 -5.428120104478129 -6.656106451159438 -7.9518018049840045 -9.304847072790778 -10.702790456260658 -12.13122021868518 -13.573977696677009 -15.013449955054714 -16.43093721513722 -17.807085856667015 -19.122373611268895 -20.357629870351168 -21.494571029823106 -22.516328744901504 -23.40794803557977 -24.156832515664917 -24.753115682403237 -25.1899402087985 -25.463631432496303 -25.573756554118088 -25.52306710685792 -25.317328669974824 -24.965048047687066 -24.477113727768007 -23.866369890216813 -23.147147155543887 -22.334774425227867 -21.44509551110979 -20.494011928445797 -19.497069529277876 -18.46910203908536 -17.423939490492923 -16.374184542655712 -15.331055162319807 -14.304288459535686 -13.302097860133921 -12.331174344046847 -11.396722189290776 -10.502520395361259 -9.651002532763409 -8.84334986681612 -8.079594918649624 -7.358734769816744 -6.678855032647979 -6.037266174325762 -5.430653591914636 -4.85524141396243 -4.306967602046852 -3.7816648601374236 -3.275238693638549 -2.783831292586525 -2.3039584461703733 -1.8326069314356097 -1.3672820439381006 -0.9059991127724487 -0.44721850894102744
0.006657940034848764 0.4978098536123632 0.9893526312487744 1.482070467038188 1.9771838461424274 2.476504682176195 2.9825198298505384 3.4983940705646255 4.027893816795913 4.575241776145766 5.144919380781765 5.741437173906183 6.369093525769864 7.031739524696601 7.732563535683967 8.473903815513495 9.257092654799681 10.082331562286662 10.948594448201288 11.853554735451466 12.793532698593957 13.763460795681581 14.756866885794473 15.765877587041732 16.78124619232224 17.792411183809588 18.787592180485312 19.753929955682036 20.677675900614144 21.54443400316591 22.339455246406583 23.047980517005293 23.655624019955077 24.148785209715527 24.515073756681826 24.74372948241876 24.82601776715609 24.755580857358517 24.528726787766963 24.14464019065976 23.605502859849192 22.91651627445601 22.085823034186934 21.124329005373088 20.04543261761249 18.864671971368097 17.599304019864093 16.26783293210643 14.889506719708567 13.483802233691389 12.069918658712542 10.666298639419036 9.290194229887305 7.957292050455589 6.681408582480675 5.474262639302285 4.345328019024208 3.3017654485711923 2.3484294288333984 1.4879426989478084 0.7208288863780332 0.045692573475974996 -0.5405645736811238 -1.0425028228056021 -1.4658890610275144 -1.8174365614154198 -2.104547867856077 -2.3350673450628356 -2.5170484352843303 -2.6585392344902203 -2.767388682762828 -2.8510744991083747 -2.9165529411723234 -2.9701295313500076 -3.017348993887836 -3.062901698465126 -3.1105427923772133 -3.1630187048059533 -3.2219935044608405 -3.2879641463434695 -3.3601480168887754 -3.4363167765572022 -3.5125343521635877 -3.5827286072964704 -3.6379752901871676 -3.665278672224659 -3.645453553868805 -3.549357969647726 -3.330994950103694 -2.914429633635862 -2.167913641784036 -0.8501076036693256 1.5083669499516006 5.884036061247766 14.471147751338176 32.65143743788501 74.91632521256396 183.1064331695309 465.1851851243327 890.6729219576092 1.6601252192582905 -889.3987898454369 -465.17850874706386 -183.37801934935615 -75.28487896676816 -33.079309612016324 -14.94159436740583 -6.383255747763883 -2.022744753464867 0.3342250868043628 1.6639569039278435 2.4352536270888514 2.888527202196123 3.1542753107749455 3.3068998011320794 3.3906310368658765 3.4326652549721004 3.450121479982027 3.4538702348307915 3.4507141552886367 3.444669566172731 3.437742725138637 3.4304146588670648 3.421954381004344 3.410629391424891 3.393854146287456 3.368301192583356 3.329990457401344 3.2743668361079337 3.1963731071971146 3.0905233966027623 2.950981357321414 2.771646584434073 2.546252329522769 2.2684771452907704 1.9320725787452808 1.5310083412356512 1.0596354759839777 0.5128668578224804 -0.11362706355155794 -0.8232110291350736 -1.6180717884184403 -2.4990063343466318 -3.465220608864783 -4.5141491089562 -5.641306713299876 -6.84018427269617 -8.102198954156314 -9.41670890113544 -10.77109952005273 -12.150945669813229 -13.54025042385354 -14.921757101653554 -16.277327193396918 -17.588372920622763 -18.836329737434987 -20.003151289240684 -21.07180740729575 -22.026764728427793 -22.8544295663613 -23.54353374757978 -24.08544626991249 -24.47439676256935 -24.70760074713918 -24.785281427588956 -24.710587943065907 -24.48941536302207 -24.13013683527143 -23.643262784294183 -23.04104554813918 -22.337050003701783 -21.54571140298461 -20.68190078200749 -19.760516032165665 -18.79611332356257 -17.80258940336399 -16.792920808118005 -15.77896163876491 -14.771297685270968 -13.779151636168496 -12.810332102519695 -11.87121834463456 -10.966772869958064 -10.100575381073451 -9.274873637344916 -8.490649308408038 -7.74769943376219 -7.044736154939724 -6.379508508052023 -5.748949821333671 -5.14935246222703 -4.576568310973306 -4.0262287646331 -3.4939729881666715 -2.9756684424731006 -2.4676045443539074 -1.9666396024997645 -1.4702836159341537 -0.9767051918196934 -0.4846592453122689
0.0028868617008015462 0.5321642554823036 1.0613809072990144 1.590837330789352 2.121396344643145 2.654678285285428 3.1931561441145284 3.7401404396564253 4.299658819708618 4.876248269256589 5.474686439130849 6.099692182820471 6.755624093233159 7.446200820858673 8.174259731840161 8.941562737618813 9.7486512024203 10.59474667055249 11.477691139829549 12.3939196833589 13.338459057022911 14.30494792991066 15.285676987724095 16.271649779667772 17.252667393464204 18.217441476833795 19.153740600517665 20.048574389841534 20.888418285102404 21.659479370203513 22.348000665710217 22.940597948978798 23.42461982932184 23.7885188953621 24.022219494488073 24.117466399719564 24.06813835165333 23.870511282411133 23.5234578195731 23.028572271980295 22.390213489515975 21.615461533240897 20.713987779937824 19.69784175187117 18.581161447972505 17.379817174492107 16.111001695959803 14.7927818666016 13.443628599825175 12.081943000534778 10.72559656942973 9.391502552917874 8.095233745746278 6.850699441622865 5.6698909551156085 4.562701433410421 3.536821847665017 2.5977113737174484 1.7486371166453019 0.9907755007376728 0.32336575804814416 -0.2560951576202619 -0.7516272652852152 -1.1685226080837552 -1.5130906183657977 -1.7924025903526264 -2.014042687308315 -2.185871437498932 -2.3158062055150808 -2.41162172438969 -2.4807724576159096 -2.5302373659341626 -2.566386526179354 -2.5948679961174115 -2.6205122337996656 -2.6472502013885624 -2.6780398298620334 -2.7147935519744593 -2.758296697413787 -2.808101978462041 -2.862377851078346 -2.917676036917616 -2.9685620445940586 -3.0070148563887678 -3.0214341436507475 -2.9949679867558032 -2.90263484368225 -2.706240828513895 -2.345121866023092 -1.7186531073187794 -0.6517550658458049 1.1766288083636667 4.3907296091805215 10.28753241589575 21.775078532595415 45.96356041989047 101.90874941841565 244.19092774171867 611.2261188589584 1152.6445851264011 4.175220332154339 -1150.4428749688066 -612.3148341711593 -245.36930086095586 -102.85452109847436 -46.759529695512555 -22.491657697218947 -10.960169780300788 -5.033201398663145 -1.7909388863301956 0.06977422907450403 1.1762029795447937 1.8505939489776857 2.2680639949701487 2.52851382870789 2.6913620674307026 2.793198436683575 2.857163216427594 2.8981289672058708 2.92566421163043 2.9457824587808545 2.9620046897194108 2.9760227830033514 2.988125166409894 2.9974777476082792 3.0023152914315787 3.0000769088078805 2.987506893639136 2.9607348651450316 2.9153448851704233 2.846440649091342 2.748712307976131 2.6165094977992354 2.4439244666440985 2.2248886105158405 1.953285123963422 1.6230797402494446 1.2284706256515676 0.7640573423972619 0.22502740054664017 -0.3926426878919642 -1.091976717351173 -1.874785153042069 -2.7414569880934714 -3.690767019353114 -4.71970952345746 -5.823369736082107 -6.994844224490482 -8.225220054292048 -9.503620638704469 -10.817323342571239 -12.151950503758169 -13.491731740400414 -14.819831528942728 -16.11873234610872 -17.370660440179098 -18.55803874853068 -19.663949740527098 -20.672590127143174 -21.56969941748632 -22.34294520553459 -22.98224974946472 -23.48004479173604 -23.83144458340369 -24.03433061654081 -24.089345518563675 -23.999797758017525 -23.771483027480997 -23.412432152848382 -22.93259881418758 -22.343502987612894 -21.657847563467946 -20.889125930269035 -20.051237408973964 -19.158125337178088 -18.223449626880715 -17.260301997773507 -16.280968237377678 -15.296738144801036 -14.317760625989218 -13.35293905039947 -12.409860658680882 -11.494753659603285 -10.612466646469088 -9.76646696573158 -8.958857377843188 -8.19041331696857 -7.460645712389358 -6.76789601818939 -6.109470178776721 -5.481816250236804 -4.88074608765654 -4.30169518432999 -3.7400071479476438 -3.191221758174212 -2.6513396624183727 -2.117034256332584 -1.5857834054200382 -1.055900945230448 -0.5264597776410973
-0.0006974514943358656 0.5714757203412191 1.1430388865707464 1.713737880628674 2.2840390964118384 2.8553722542956628 3.4302356096560516 4.012152653452006 4.605491423388397 5.215175403745498 5.846325908867023 6.503878944292829 7.192215651117273 7.914836640618983 8.674099361657417 9.47102654083487 10.305184498763387 11.174623780451087 12.07587128627452 13.003962594112517 13.95250470085263 14.913762177447554 15.878762897413301 16.83742243720476 17.778688493047532 18.6907079518378 19.561019482245978 20.376773743543406 21.124981688706857 21.79278920425437 22.367773771530263 22.838256272917736 23.1936187749715 23.424617376166523 23.523678163849258 23.485164077418073 23.3056010117344 22.983852721553674 22.52123585785748 21.921568617362386 21.191148870013386 20.338660125202022 19.375006254648273 18.313078454550435 17.167460504055043 15.954080904869716 14.689822881128745 13.392105365532814 12.078449795165369 10.766048598780387 9.47135151845302 8.209685221070018 6.994920042286967 5.83919520799725 4.752710713298303 3.74359046105166 2.817817572688952 1.9792392936812675 1.2296358798913332 0.5688454697549972 -0.005064703296753237 -0.4955912707593768 -0.9075625535404086 -1.2468915244268075 -1.5203233059546406 -1.7351854281466572 -1.8991477101915066 -2.019997205016111 -2.1054322153624128 -2.1628780171623063 -2.1993256148089557 -2.221193593454629 -2.23421193944473 -2.2433254870657393 -2.25261338159477 -2.2652195103112227 -2.283287059592354 -2.307887912085249 -2.3389339898116646 -2.3750519933352088 -2.413393769420402 -2.4493390663948844 -2.4760208430363306 -2.483556558083855 -2.457784727598611 -2.378150407318369 -2.2140864314912356 -1.9186510937063694 -1.4169791869211856 -0.5845197114728862 0.7957933359947766 3.122184914368109 7.168511973267844 14.540521949839569 28.831083405831404 58.79793046082104 127.80096165201815 302.19534120077714 747.1960468733929 1388.3502932058088 6.396514398776532 -1385.2815275526618 -749.2647168900035 -304.2012512805536 -129.27283954044188 -59.924361100622825 -29.762528824766044 -15.358552629816113 -7.91297780718736 -3.8102766354342066 -1.4325493258193767 0.0005007929537725886 0.8903125105996779 1.4552463309014385 1.8199454663503367 2.0585831309394287 2.2168872327754663 2.323868123812467 2.3983131995874984 2.4525108251971517 2.494453102308558 2.529175882699519 2.559594855942038 2.58703935648974 2.6116004743470533 2.632362810139899 2.6475623537236537 2.654697412556306 2.6506103576995343 2.6315524870401674 2.5932409933138167 2.530914965026554 2.4393960076918297 2.313158138365079 2.1464108426538786 1.933198458641261 1.6675182699033009 1.3434587562222156 0.9553583336718852 0.4979835753493589 -0.033275645447972124 -0.6421983658611019 -1.3315181772655116 -2.1027101478887644 -2.9557884280917435 -3.8891251182371356 -4.8993015975873355 -5.981003393911166 -7.126968728297101 -8.32799907001025 -9.57303742025628 -10.849316795735753 -12.142577720217762 -13.437349753417926 -14.71728852064258 -15.965556612023146 -17.16523436078532 -18.29974499289455 -19.353278031858377 -20.311195074724786 -21.160403028220863 -21.889681455059538 -22.489952697527514 -22.954485796974897 -23.279027834690602 -23.46185914610388 -23.503771821926087 -23.407973997487673 -23.179925471150526 -22.827113083692378 -22.358776792532343 -21.78559928883189 -21.119373135693174 -20.37265959223322 -19.558452513525612 -18.689858999899055 -17.779806006181786 -16.840779145884664 -15.884596779670579 -14.922219499490241 -13.963592671808467 -13.017518102356185 -12.09155034762932 -11.191913885066906 -10.323439220580877 -9.489518875772651 -8.692087637998114 -7.931634839802859 -7.20725895036356 -6.516775483103032 -5.8568873151498835 -5.223421425941677 -4.611627800681362 -4.016525598056209 -3.4332702572204 -2.8575054069213124 -2.2856578357388635 -1.7151347617549995 -1.1443914135789157 -0.5728531268478498
-0.003754886872542329 0.61676173120917 1.2359844979692447 1.8530145672501774 2.4678725782312227 3.0817974691665917 3.697358825505148 4.318372067440013 4.949637105353677 5.596545168984335 6.264611686925825 6.958994654968631 7.684049810274818 8.442959685259765 9.237457190613974 10.067649154604785 10.931933469163768 11.826996126903522 12.747871322709159 13.688048148432497 14.63961001778702 15.593396690554151 16.53918261351972 17.465868592226872 18.361686127847943 19.214414954241143 20.01161445588817 20.740868879142724 21.390044866945733 21.94755811394694 22.402644173677015 22.74562689325566 22.96817681414126 23.06355127159043 23.026807887270017 22.854983623847858 22.54723244812684 22.104915795490562 21.531641308250027 20.83324663937125 20.01772645769617 19.09510216973276 18.07723537606942 16.97758777378766 15.810932159633362 14.593021338128453 13.340224008528967 12.069138876242835 10.796200078186935 9.53728824782063 8.307361954056347 7.120123693360458 5.987733061716405 4.920577298364037 3.9271062789780764 3.0137355434534108 2.184817384951465 1.4426767249031691 0.7877056897931389 0.21850866261940993 -0.2679118055315399 -0.6759385093291215 -1.0111028141146505 -1.2798373552769249 -1.4892270599720092 -1.6467661610941597 -1.7601275662793014 -1.8369495646974876 -1.8846434869890238 -1.9102245802593565 -1.9201670407809068 -1.9202828408726447 -1.915622673740458 -1.9103959841815232 -1.9079055676551882 -1.9104905204092582 -1.919469172197985 -1.9350707187060223 -1.9563399620814437 -1.9809928441083535 -2.0051894913630797 -2.0231731076658654 -2.0266914028566063 -2.0040616493410823 -1.9386403140031483 -1.8062730265655524 -1.5709475729841493 -1.1771758279621736 -0.5362007172049488 0.4999412877060294 2.189376775598717 5.005684835088786 9.868473150487223 18.683161834951445 35.7037209327693 71.26523729959588 152.7919480911266 357.4701436309402 873.5458436992349 1597.7393405539253 8.208645234226708 -1593.8960528278124 -876.4237335496006 -360.18354747539223 -154.7149289778038 -72.67062590260664 -36.81059032599298 -19.6137314548106 -10.686051727863966 -5.74142116295695 -2.8569872989736567 -1.1036628798710701 -0.0028223778336666783 0.7061186389134555 1.17199628138831 1.483429277482351 1.6951059912040378 1.8418054337332457 1.9461753747451738 2.0231999194741945 2.0828460135091653 2.1316744797150733 2.173844215069831 2.211750722496131 2.2464386949638815 2.277871964577738 2.305112041609547 2.326437846082996 2.3394282218891504 2.3410221970165956 2.327567868927183 2.2948682092360784 2.2382303559775885 2.152523740630574 2.032251418939701 1.8716381106420599 1.6647375838996226 1.4055610595065104 1.0882272225387624 0.707133143489358 0.25714395155196357 -0.26620253065434696 -0.8664817208092757 -1.5461660375981623 -2.3064153386109787 -3.1468841464921127 -4.065556533436876 -5.058619613746984 -6.12038586897512 -7.243272949684076 -8.417847189881034 -9.632933976462255 -10.875794579672249 -12.132365346788632 -13.387551657535468 -14.625566024278891 -15.830297478016675 -16.98569803617378 -18.07617167273845 -19.08695170235952 -20.004453685851242 -20.81659264793978 -21.5130553415821 -22.085520323499306 -22.527820591263236 -22.83604545955886 -23.00858021787644 -23.04608397769803 -22.95140801873527 -22.729458883657127 -22.387012372650503 -21.932486347782387 -21.375681676236155 -20.727501575419915 -19.999659873665696 -19.20438825324555 -18.354151303299204 -17.461376399998674 -16.538203146940766 -15.596254718290847 -14.6464312325989 -13.698723651315303 -12.762045937029232 -11.844083643878234 -10.951158831443708 -10.088114196347142 -9.258223242893937 -8.46313756506678 -7.702885919318447 -6.975941525906304 -6.279372654027782 -5.609085975599726 -4.960161956484299 -4.327267317141281 -3.7051132148824273 -3.0889124668043166 -2.4747788077994493 -1.8600097274812377 -1.2432043536247939 -0.6241892491254397
-0.005989174882703452 0.669133161308455 1.3421028696636306 2.0112622487800103 2.6761224508886627 3.3377278452206838 3.998770731086232 4.66344771313798 5.337092548911571 6.025651935317455 6.7350857505799056 7.470771626512107 8.236979142646206 9.036457152142852 9.870154562139355 10.737074848943262 11.634250241818744 12.556813525944621 13.498143068211288 14.450058401289656 15.40304781347257 16.34651433619516 17.269031186563087 18.15860142330039 19.00291903535578 19.789629926520444 20.506591475910607 21.142128869673925 21.685285531932717 22.126064044297454 22.45565317704909 22.66663622096064 22.753175780579095 22.711170531599098 22.538380071233377 22.234514754002063 21.801288150040676 21.24243038198248 20.5636610337967 19.77262059547402 18.878759655355235 17.89318539934248 16.828465645025712 15.698391735113892 14.51770322579149 13.301779356998944 12.066304630267144 10.826918154942522 9.598858456383308 8.39661682788817 7.233612825983116 6.121904987554938 5.07194831392388 4.092407628590866 3.190032839015533 2.3695987294169996 1.6339084995942166 0.983857172720537 0.41854843260358265 -0.06454343370654314 -0.46937596438922924 -0.8011152647724451 -1.065896875340755 -1.2705799788559347 -1.4225032344605815 -1.5292493888541259 -1.5984245671574193 -1.637456846177443 -1.6534174009441571 -1.6528661916725973 -1.641722826859482 -1.6251618644846921 -1.6075303891649462 -1.5922841723559067 -1.5819370255365506 -1.5780159668588034 -1.5810123212367522 -1.590315461621472 -1.6041109012832067 -1.6192166449924272 -1.6308190108560439 -1.6320478411313566 -1.613294389728459 -1.5611107834900828 -1.4564139947692567 -1.2715028861176592 -0.964988368563624 -0.4729310536011333 0.3071709222313146 1.5464386079044878 3.5435647442128015 6.8464220509567575 12.517872105164418 22.75655066317217 42.45901310841571 83.47787945225615 177.08050539582575 410.3542409227634 990.6885239277229 1780.85957211767 9.525892784338907 -1776.3651653999445 -994.1622634332069 -413.6217095506289 -179.3599543588109 -85.09965089960713 -43.695773017957684 -23.763685090392173 -13.378393326910487 -7.60352390373864 -4.218676548355393 -2.148977365712401 -0.839952122553278 0.010562329089136568 0.5752632581090822 0.9570366675570874 1.2194343428739707 1.4029532857540161 1.5340794292240112 1.6304889491047803 1.7041324974931271 1.7631132453566067 1.8128561966279655 1.8568490521464476 1.8971172582826767 1.934530460672157 1.9690003294359215 1.999608068412595 2.024687066044528 2.0418783470521618 2.048171627757611 2.039941637266285 2.012987226946983 1.962579253265151 1.8835219985602336 1.770231858722049 1.6168360419532846 1.4172930323108623 1.165535484453084 0.8556350153621217 0.48198698862522704 0.03951187798723055 -0.47613183269179515 -1.068329910600685 -1.739298049079352 -2.4898805118711564 -3.319372162353673 -4.2253745352605065 -5.20369609778859 -6.2483054877593425 -7.351344337904742 -8.503203386731606 -9.69266217802467 -10.907089037207607 -12.132694555219148 -13.354828833370691 -14.558310544642294 -15.727774636413727 -16.84802529552498 -17.904381523198285 -18.883004140164417 -19.771194971957005 -20.557661046131102 -21.23273861637742 -21.78857351171237 -22.219255635226308 -22.520906423594 -22.69171885039792 -22.731950259637507 -22.6438690982287 -22.431657564824512 -22.10127331582573 -21.660274596524975 -21.117614343746926 -20.483409750876035 -19.768694333865408 -18.985159520462645 -18.14489220123061 -17.260113536838873 -16.34292281285088 -15.405048508672081 -14.457607386427762 -13.510871662574253 -12.574044641970872 -11.655046836335226 -10.760317721165702 -9.894642748036198 -9.061020465228609 -8.260589593929168 -7.492639144295321 -6.754724358455366 -6.042905667613674 -5.352115837879978 -4.676642190519775 -4.010688247930716 -3.348956439861439 -2.687176280937731 -2.0224967462278975 -1.3536719258144814 -0.6809965676413121
-0.00717684509821126 0.729794959757335 1.4635363425763437 2.1914853558557823 2.9125600761803483 3.6275991040612965 4.339471585701471 5.052852814313447 5.773720720505526 6.508669177609505 7.264150073731379 8.045748847589351 8.857574174760963 9.701810619628937 10.578451505720565 11.485203805212674 12.417540152644957 13.368865203566838 14.330762744473313 15.29329378968991 16.245321973634706 17.174848989433 18.069348422826703 18.916090533823702 19.70245322109543 20.416215853091835 21.045833166863368 21.58068648456357 22.01130942104279 22.32958529610307 22.528913810622996 22.604345174976476 22.55268076298101 22.37254031895258 22.064396607780754 21.630578977939738 21.075247498147373 20.40433907484096 19.625486346205864 18.74790933787507 17.782279100747587 16.74055209907488 15.635774221860466 14.481854090249158 13.293306878898736 12.084972009180905 10.871710593417516 9.66809103981503 8.488073403546403 7.3447045551089385 6.24983675242996 5.213881668750808 4.245610343827089 3.3520070880110886 2.538182331333072 1.8073461323542261 1.1608408424845784 0.5982285672345711 0.11742677962223169 -0.2851161847705619 -0.6142149449783751 -0.8757196932895894 -1.076276873914761 -1.223086551698227 -1.3236641953584538 -1.3856135387291246 -1.4164160205187848 -1.4232410901171555 -1.4127804253627474 -1.391107808872416 -1.363565056275995 -1.3346729512209166 -1.3080645830632065 -1.2864367829212853 -1.2715134167318176 -1.2640120225237972 -1.2636024027101733 -1.2688418779016608 -1.2770661967320684 -1.2842062020101963 -1.2844859227589822 -1.2699335301036285 -1.2295949679275164 -1.1482668664819506 -1.004433590586773 -0.7668497619151005 -0.38874586723691706 0.20227923262505776 1.1224865832570874 2.566156870801306 4.8724819332657265 8.663309193004398 15.143599141709263 26.801267577085675 49.16179381267538 95.54468266331995 200.85353615165056 461.14661683578805 1098.93465026901 1937.779099128196 10.296660392956625 -1932.7867161765687 -1102.76375452651 -464.79025860150176 -203.38008581548993 -97.31219310092465 -50.478885913674 -27.847437806884923 -16.01687758438608 -9.41644435051181 -5.533269450728184 -3.1484687232430364 -1.6323870863876877 -0.6415488659139434 0.02049412006766005 0.4708499972683189 0.7819185864665901 0.9999148632811039 1.1551720183000658 1.268073450737539 1.35257290765467 1.418338135009689 1.4720840549053982 1.518414741034091 1.5603597689306525 1.5997161056713338 1.6372643208928395 1.6729032065132543 1.7057321945901371 1.7341019874161923 1.7556481584279915 1.7673187637545773 1.765404438693885 1.7455775515240468 1.702945509729492 1.6321220651493995 1.5273193496145865 1.3824623201008635 1.1913262080698317 0.9476964363064333 0.6455492109869176 0.27924963194037034 -0.15623731671965402 -0.6651290586257019 -1.2506086297148222 -1.9146177136275533 -2.657669324135359 -3.4786903334782515 -4.374903710337996 -5.341759215851116 -6.372919360289053 -7.460304751137903 -8.594199747089526 -9.763415848446089 -10.955506865222286 -12.157026949835004 -13.35382040144606 -14.53133095101422 -15.6749181203919 -16.7701691416422 -17.80319663432728 -18.76091442931882 -19.631286270012648 -20.40354424028834 -21.06837541937467 -21.618076294940835 -22.046674871806225 -22.35002032480643 -22.525839674519506 -22.573760555027466 -22.495298941142547 -22.293810856178485 -21.97440765317471 -21.5438354032893 -21.010320079475342 -20.383381404989187 -19.673619200947233 -18.89247664813576 -18.051984976922284 -17.164493702762627 -16.24238981109416 -15.2978085238753 -14.342337854502674 -13.38671956777615 -12.440550850669752 -11.511994347910282 -10.607509263733661 -9.731622622421998 -8.886766468321206 -8.073212031272092 -7.2891333504898626 -6.530827866964017 -5.793108039153783 -5.069855339359108 -4.354698041437732 -3.641741865452186 -2.926255688915358 -2.2052021141449885 -1.4775122945609453 -0.7440389468005293
-0.007180784209470659 0.8000651911355128 1.602734004702011 2.397173372119532 3.181597468151498 3.9566154517367558 4.725327032886195 5.492989920270475 6.266343319405454 7.052722510125786 7.859114946393575 8.691292045157617 9.55311362349498 10.446056955584204 11.368980807906492 12.31810357609886 13.287156195971317 14.2676637125283 15.249311155779433 16.220356118179513 17.168058982643952 18.079109974502572 18.940038891717137 19.737598145429523 20.459112822242 21.092793268920882 21.628006782939966 22.055505800913643 22.3676108642723 22.5583477580224 22.623539602991958 22.56085617497322 22.369824170428863 22.051803273953617 21.609933508320577 21.049059320899786 20.375635156242854 19.597615943967583 18.724334247902096 17.766364026753912 16.735369418268142 15.643935995345304 14.505381782865534 13.3335460985895 12.142555941746513 10.946571994547849 9.759519017515927 8.594808091538786 7.465060398638146 6.381843693782363 5.355433074922811 4.394607027132791 3.5064880865243175 2.6964350362213008 1.9679906045833029 1.322885532625273 0.7610969043370108 0.280956061837756 -0.12070057279323088 -0.44834580982366923 -0.7075499035202881 -0.9047515875815204 -1.0470205710633174 -1.1418195151935429 -1.1967726726691552 -1.21944740755775 -1.2171537572736035 -1.1967660903888788 -1.1645697284734524 -1.1261341370494282 -1.0862128991939723 -1.048669174310568 -1.0164236431975393 -0.9914200574989707 -0.9746013324885006 -0.9658865560446817 -0.9641360230494556 -0.9670869968259055 -0.9712364526370809 -0.9716370575363342 -0.9615564184173309 -0.9319224310788687 -0.8704308525997462 -0.7601091021958162 -0.5769825802715012 -0.2862169359207911 0.16440950424412293 0.8558711185024936 1.918357177324026 3.56955593674102 6.189497436104308 10.474382351356448 17.771356269407068 30.85594951164783 55.87307164242272 107.56558209868317 224.27425605807016 510.0784255396995 1198.4340295603513 2068.5296191899915 10.505470115944604 -2063.2204312874514 -1202.3682553358128 -513.9058553674091 -226.92910559883205 -109.40319043797996 -57.21887282602367 -31.903431517645853 -18.628202413477624 -11.199961083290244 -6.816317331682642 -4.11499511430935 -2.39118247499448 -1.259988711419524 -0.5011077612659953 0.016876516241159933 0.37527689850769264 0.626075685505878 0.8034922629651664 0.9306495215333221 1.0235322715412831 1.0933978094240793 1.1482735163215185 1.1939000231087071 1.2343286477112247 1.2722983886381822 1.3094701867011338 1.346568423836736 1.3834630615583432 1.4192156472270234 1.4521059527816682 1.4796516896220524 1.4986307203801452 1.505112917651319 1.4945070334437816 1.4616264742561835 1.400776592477282 1.3058649697528235 1.1705350722657215 0.9883225847118204 0.7528325971828398 0.45793461228349486 0.0979710468074213 -0.3320264485195956 -0.8361198588935359 -1.4172550612945312 -2.077068572080565 -2.8157203330081426 -3.6317619180126215 -4.522048639178378 -5.481702358793861 -6.504129404389936 -7.581095018232009 -8.702852474057332 -9.85832173341139 -11.035309609329635 -12.220761228096677 -13.401031371201855 -14.56216415923861 -15.690170509549128 -16.77129463067306 -17.792263239867488 -18.740513775342137 -19.60440024155241 -20.37337712839593 -21.03816284694776 -21.590884266007027 -22.025203294697842 -22.336425250697005 -22.521587307339633 -22.579523925287948 -22.5109051842709 -22.31824350637679 -22.005864508239934 -21.579838593702714 -21.04787122239826 -20.419151346442455 -19.704159017656096 -18.91443440628193 -18.062311290413245 -17.16061846911421 -16.222352668240347 -15.260326715693662 -14.286797528182404 -13.313080407295619 -12.34915983306939 -11.403312729718618 -10.48176791091926 -9.588434174019334 -8.724737401553107 -7.889611055142964 -7.07968102832357 -6.289671409127617 -5.513030495842841 -4.742737637026817 -3.972206923421595 -3.19616377394194 -2.4113480099829943 -1.6169040580016336 -0.8143612634015085
-0.005944921190881303 0.8814141225199634 1.76252014290057 2.6323912545644923 3.488390211969783 4.330854551755081 5.163164775647822 5.991269926339804 6.822794452465697 7.665912450423029 8.528187632521611 9.415547490645437 10.331504978622341 11.276679453264826 12.248615267196339 13.241859371591058 14.248240061676132 15.257284690157746 16.256719813740883 17.233007818902024 18.171885692871424 19.058881901126146 19.87979523630834 20.621125002792116 21.270445488346112 21.816720033406288 22.250551837553754 22.564370377238795 22.752554223048893 22.811493170136753 22.739594772248072 22.537242393712297 22.206713428331234 21.752067174702695 21.179011805948498 20.49475890114338 19.707872200267484 18.828114849950836 17.86629675311513 16.834121105778753 15.74402720508794 14.609025439329404 13.442520236479627 12.258117688426218 11.069416452035297 9.889783082718262 8.73211580316946 7.608603422005755 6.5304882990080415 5.507843587245764 4.5493753058145625 3.662259047496619 2.8520194698722356 2.122458333235766 1.4756340744481733 0.9118930387463919 0.4299498186910444 0.027011894579986873 -0.3010579408968539 -0.5595490073917464 -0.7546882023934387 -0.8934117697201316 -0.9831313442876244 -1.031501676216351 -1.0461967157682217 -1.03469988906979 -1.004113470679524 -0.9609909497443336 -0.9111951653373307 -0.8597837354251681 -0.8109218825469444 -0.7678211423245429 -0.7327006030288796 -0.7067652382364287 -0.6901934747227667 -0.6821232541676103 -0.680622204491943 -0.6826225996248159 -0.6837945847393279 -0.6783200070892281 -0.6585111243373465 -0.6141882194588 -0.5316782167974488 -0.39220519814753274 -0.16927970884039745 0.17560892217494128 0.7002684871915132 1.4944509179848353 2.7025852000972517 4.566240744849903 7.506994341991424 12.296402432390163 20.424962460116046 34.95604066710012 62.6476505229423 119.62674107672377 247.47134296985607 557.2881742388436 1289.1309559744357 2173.0816989930267 10.172457623198738 -2167.6617947465893 -1292.9283508511346 -561.1030801503025 -250.13176579260943 -121.45686016502343 -63.9702868867964 -35.968056947344174 -21.23793350509273 -12.97309012030956 -8.082748718243327 -5.0608282512698555 -3.1267937178980354 -1.8538924756072994 -0.9976481056439557 -0.4121256094669068 -0.006957575772181812 0.275701916720994 0.4740252756696428 0.6139224708068269 0.7134441688039228 0.7854632021264685 0.8393390029226566 0.8819633853318631 0.9184198949363509 0.9523963788338197 0.9864376022739041 1.0220938841931648 1.0600032570273754 1.099933274915088 1.1408012786040533 1.1806870194153163 1.2168480196816933 1.2457453995806667 1.2630857873974222 1.2638831990230415 1.2425433077867254 1.192971268606513 1.1087031420931037 0.9830599228555226 0.8093221721272581 0.5809222103880796 0.2916497439398036 -0.0641343373297687 -0.491282387115044 -0.99365009993857 -1.5739005522452665 -2.2333309281108438 -2.9717306117749143 -3.7872786344761433 -4.676487054352529 -5.634194749606358 -6.65361343902493 -7.726424719348701 -8.842923836998029 -9.992203123986299 -11.162365879401337 -12.340760227859127 -13.514222314293667 -14.66931910695246 -15.792582940226119 -16.870732438726275 -17.890877240426818 -18.84070655288894 -19.70866361613921 -20.48410932993905 -21.15747845741603 -21.720430950860692 -22.165999252997114 -22.488730181019765 -22.684817609097408 -22.75221999571808 -22.69075521160235 -22.50216433232366 -22.19013617354437 -21.760285308098926 -21.220077938516322 -20.578702021851747 -19.846880163383318 -19.036625710165954 -18.160944051693882 -17.23348234346278 -16.26813194817389 -15.278589344609461 -14.277883696145466 -13.277883545612656 -12.288801825466322 -11.318727724407562 -10.373225281314902 -9.455049824151907 -8.56404105851416 -7.6972508227868275 -6.849349117228343 -6.013320222493235 -5.18141176359066 -4.346239724657419 -3.5018950047072117 -2.644860261376003 -1.7745476248021141 -0.8933187557680355
-0.003470460685495169 0.9755206606776312 1.9461764079853339 2.901876923437907 3.838937848708035 4.757357949261021 5.660843243202596 6.556149381684584 7.451919884162717 8.357272098342694 9.28038811744969 10.227318329227852 11.201126369557723 12.201422100706072 13.224262586977176 14.262358567129763 15.305505450191603 16.341157826054165 17.35507752787857 18.332000763892076 19.256285153561592 20.11251013636417 20.88601355384356 21.563353511462324 22.132688903525597 22.58407506191551 22.90967369000585 23.103878942077326 23.163364357817184 23.08705823206858 22.876057615122956 22.53349317531905 22.064358303676215 21.475315908304427 20.774495267219805 19.97128918349883 19.07615876698826 18.100449809447248 17.05622136064955 15.95608417111649 14.813044532281383 13.640347970017563 12.451317345794077 11.259181137847074 10.07688980571908 8.91692084039053 7.791075971604888 6.7102766203464 5.684365688563009 4.721924913891895 3.8301171556665015 3.014562143980326 2.279252571779633 1.6265151541350331 1.0570187500669181 0.569829069708705 0.16250717133292625 -0.1687529792293585 -0.4289540336588349 -0.6240989297856547 -0.7609761953486505 -0.8469344218986485 -0.8896531885560499 -0.8969172682293802 -0.8764003439121204 -0.8354637724228287 -0.7809751380483121 -0.7191504246639724 -0.6554225764610067 -0.5943379580120034 -0.5394807521763578 -0.4934236052489549 -0.4577008301309693 -0.4327981826124372 -0.41815055018989966 -0.41213569472065004 -0.4120481437541734 -0.41403185491950545 -0.41294230111010855 -0.4020963003781297 -0.3728479466824641 -0.31389559729810834 -0.21016757035363653 -0.04103362413188094 0.22259140173841452 0.6230186056810361 1.2238303599454436 2.123842521023489 3.482161430148345 5.564909868769341 8.836240188554445 14.144593477909417 23.12585545776735 39.13284077888157 69.5322370461926 131.79654843251896 270.5299881412104 602.8024444160129 1370.7393486782403 2251.358632608582 9.350501804377132 -2246.0536413267996 -1374.1837679025082 -606.4153223946932 -273.074900822321 -133.54263055870285 -70.78125231352983 -40.07450806179591 -23.869783479166795 -14.753584848654633 -9.346495520584641 -5.997359813874059 -3.848839983893182 -2.431565946606762 -1.4763906796577686 -0.822533892136379 -0.37036042260796265 -0.05602079432343032 0.16270283478503345 0.3145686415562121 0.4197332817656996 0.49271083170543406 0.544208312941441 0.5822768887797647 0.6130350199295975 0.6411179369558706 0.6699495842343861 0.7018991570628685 0.7383639474123349 0.7798075803122639 0.8257745742945577 0.8748966192306806 0.9249019618928767 0.9726362304640634 1.0141005753927512 1.0445109925483198 1.0583810136644 1.0496285485739332 1.0117064837567025 0.9377556252276875 0.8207776650814846 0.6538249855225775 0.4302032460978822 0.14368181207702335 -0.2112938095888417 -0.6393942101590167 -1.1442103636782885 -1.728077753103685 -2.3919281305084805 -3.1351761803288802 -3.9556472009494303 -4.84955015749855 -5.81149813875137 -6.8345755743881575 -7.910448774911538 -9.029513758558316 -10.18107326609341 -11.35353358768798 -12.534611559291697 -13.711542864763837 -14.87128452379971 -16.000706916758922 -17.08677352888932 -18.11670938241583 -19.07816142268981 -19.959355589518612 -20.74925568905872 -21.437728408258987 -22.01571696344405 -22.47542320953838 -22.810494895079135 -23.016211582717048 -23.089659973949406 -23.029887362085443 -22.83802092186815 -22.517340659856664 -22.073294987975387 -21.513449912429206 -20.84736534340492 -20.086394780371997 -19.24340722616602 -18.332432530001608 -17.368233501757757 -16.365810480201137 -15.339847280360086 -14.304112540579617 -13.270838429828569 -12.250110046279072 -11.249313289876106 -10.27270459369678 -9.321178492531779 -8.392312424390092 -7.480754957349678 -6.578987562382288 -5.678429413265018 -4.7707759359871815 -3.8493815480045157 -2.910440154924032 -1.9537098819255583 -0.9825884857339595
0.00022152727430224672 1.084338883099445 2.1575281311347894 3.2111341625151724 4.240168306417491 5.244192308493378 6.227277114849716 7.197111273622436 8.163508149297005 9.136647754894867 10.125382074888112 11.135855715702636 12.170583895438902 13.228022593851918 14.302584325016632 15.385006011219282 16.462959810628064 17.52180426611627 18.545391418482993 19.516867126390114 20.41942146836284 21.236961455813884 21.95468913111842 22.55957543080278 23.040725197100986 23.389632640368195 23.60033010002982 23.669436490905692 23.59611532703143 23.381955405813446 23.030789781516845 22.548470162521426 21.942614131426062 21.22234150771297 20.398013840729963 19.48098771833606 18.483388664203016 17.41790834530077 16.297624088128515 15.135836699819993 13.945920640397457 12.741179842302719 11.534702934316021 10.339213158556682 9.166910575781895 8.029306890103838 6.9370559677572885 5.899785523373335 4.925937174204975 4.022622949344523 3.1955063064448286 2.448714819600628 1.7847901357392892 1.204678753322641 0.707764953904455 0.29194501490970026 -0.04626012447217498 -0.31155816233696676 -0.5097102891926664 -0.6473339264934097 -0.7316900500342616 -0.7704618650539174 -0.771531449722529 -0.7427606730925351 -0.6917822688468078 -0.6258064127007135 -0.5514474915746526 -0.47457493800528994 -0.40019096947507826 -0.3323368063323784 -0.2740273774903823 -0.22721266586644973 -0.19276166923321014 -0.17046242188012428 -0.15902858943817044 -0.1560996171390272 -0.15821696521367556 -0.16075293402861845 -0.15775981971000164 -0.14169358058535586 -0.10294426418089309 -0.029068757755323915 0.09644144597364956 0.2961350572072696 0.6017938941726975 1.059684013693385 1.7393968337309218 2.749168495712606 4.26332795704587 6.573391100415105 10.187377831168964 16.032555076953557 25.892855864318996 43.412966490401494 76.56423764222485 144.1228784644344 293.48566617079626 646.524174151164 1442.7423423354567 2303.289900101095 8.120264833522128 -2298.3366601992825 -1445.6591704879872 -649.7628051176374 -295.80113743436607 -145.7123188255216 -77.69214357296272 -44.25209918478501 -26.545214621972455 -16.55767698834798 -10.620307922760697 -6.934961270922413 -4.565995916533394 -3.000403579510591 -1.9437001526056985 -1.219829321674748 -0.719609894362927 -0.3730089707021378 -0.1336476032032241 0.030153713082015088 0.14070203332994247 0.214177396845594 0.2626454637910669 0.2953182824882994 0.31934420563484167 0.3402964359433547 0.3624659383794082 0.38902714471378275 0.4221224814493496 0.4628978487430935 0.5115121741139372 0.5671379973948287 0.6279655493934833 0.6912193112940113 0.7531932369109207 0.8093085005400624 0.8541957119023724 0.8818019673362265 0.8855218247738605 0.8583502751124961 0.7930549479329141 0.6823640799757946 0.5191661397629943 0.29671636988637395 0.008844895899029481 -0.3498395423295886 -0.7837566749024916 -1.2961793508603492 -1.8890825045314585 -2.5630227801354266 -3.317054245171036 -4.148684183891138 -5.053871042480784 -6.027064311446839 -7.061283707715527 -8.148232697531288 -9.278439486638534 -10.441417357055505 -11.625835856905464 -12.819694939300573 -14.01049567422874 -15.18540343508401 -16.331402204888267 -17.43544146814879 -18.484579639181096 -19.466129749967084 -20.367813863774938 -21.17793223248055 -21.885551559494285 -22.4807140026112 -22.95466504588367 -23.300094499023594 -23.51138107759609 -23.584827758120205 -23.518872760006637 -23.31425986045965 -22.974151901333784 -22.504172728929905 -21.9123651981723 -21.209055911881602 -20.40662067543275 -19.519147948463544 -18.562000781194854 -17.55128107392201 -16.50320424302798 -15.433398567885614 -14.356152948988843 -13.283650676045866 -12.225245141914698 -11.186854527724943 -10.170571707059928 -9.174595182022127 -8.193576636670308 -7.21944100447347 -6.242661102120461 -5.253866889405323 -4.245559587081615 -3.213616513586537 -2.158251515360643 -1.0841651184057
0.0051322900751493705 1.210163667377806 2.4010222021919603 3.5665072424073685 4.699992134031827 5.800467251038111 6.8724061352454235 7.92457694645865 8.968142885388275 10.0144937647495 11.073224238202783 12.150559577748243 13.248380432955287 14.363860727486522 15.48963560168204 16.614366436302763 17.723560042715025 18.800515004553375 19.827295835437297 20.785664697491324 21.657925107807507 22.42765042193451 23.080282416794162 23.60359359341868 23.988012618421095 24.22681696167439 24.316201015009973 24.255232016885397 24.04570979182563 23.691949283778378 23.200506723590195 22.579870735588425 21.84013864418105 20.992695770790032 20.04991190110359 19.024864731821687 17.93109549213856 16.7823975453002 15.5926350551705 14.3755860858491 13.144802982215097 11.913482607010527 10.694339870579439 9.499479778746766 8.340265599452445 7.227183366746992 6.169705438942019 5.176157886545019 4.253597891364924 3.4077079602767846 2.6427135920936706 1.961330164028663 1.364743398084567 0.8526260246888295 0.4231914000252246 0.07328303543441272 -0.20150257964868246 -0.40666376670439597 -0.548616909282762 -0.6345006546570886 -0.6719669163501862 -0.6689646839341812 -0.6335226439491137 -0.5735364938963539 -0.4965666019696169 -0.40965130233550084 -0.3191405936042724 -0.23055426698226356 -0.14846747481533917 -0.07642542995567325 -0.01688725403958813 0.028803028667701014 0.06042274202644471 0.0788612133217903 0.0861052187506317 0.08523346476940752 0.08043922064104869 0.07710680738237663 0.08197722778158223 0.1034530520915844 0.15211665099323923 0.24157596377749613 0.3898206642594104 0.6213919437669801 0.9708849061229596 1.4886996170759836 2.2507089311640804 3.3749838956609324 5.051710526732256 7.5987734002103124 11.569555779514795 17.97238313347327 28.742251699429566 47.81832309650902 83.77141049978442 156.6319086873724 316.3212160947459 688.2298643160567 1504.4183415354782 2328.8987316310104 6.583523553445048 -2324.5337058766677 -1506.6871636551493 -690.949083625183 -318.30579699119176 -157.99886000956718 -84.73515767027483 -48.526152448206126 -29.28343324736904 -18.400102321722844 -11.91578630619028 -7.88301559845217 -5.286023581058119 -3.566923589820581 -2.40508396307626 -1.608648706189486 -1.0585532039208978 -0.6783646703711899 -0.41740597232720056 -0.24099212954764582 -0.12461738915781062 -0.05041199741206981 -0.004944738760670475 0.022152847167777878 0.039047119434476585 0.05223293831124742 0.06684980910720562 0.08685848085998593 0.11512845270678085 0.15347165558732279 0.20264769949429606 0.2623592907846639 0.33125143693690795 0.4069241620741071 0.4859652913291601 0.5640072161960941 0.6358093674085907 0.6953663391240372 0.7360402003553368 0.7507144686502709 0.7319664385396774 0.6722539855164023 0.5641125450384088 0.4003576078281945 0.17428775869965385 -0.12011701051695134 -0.48800723631670095 -0.933491820473975 -1.4594873699802502 -2.067594292494146 -2.758004187034535 -3.5294419454168224 -4.379144458440676 -5.302875983875799 -6.294978236106585 -7.348451292452651 -8.455059738338155 -9.605457310091214 -10.78932284945544 -11.995500771270207 -13.212140475338252 -14.426831112595018 -15.626730605513561 -16.79869053353461 -17.929381039708534 -19.005421928127706 -20.01352727464996 -20.940670899048524 -21.774278844148842 -22.502452583140485 -23.114223212858384 -23.599832685493592 -23.951033631723348 -24.161394977254556 -24.226596857386262 -24.144695708404605 -23.91633912557478 -23.5449102806351 -23.036583262475705 -22.400273427032324 -21.647470302006422 -20.791944453850686 -19.8493237300279 -18.83653863212542 -17.771141845193128 -16.670514419281357 -15.550982410141856 -14.426884634992643 -13.309655340383308 -12.207013619671692 -11.122379378658565 -10.054653961617532 -8.998498777572639 -7.945203065236051 -6.884143455296865 -5.804707594401215 -4.698406233620833 -3.5607768166956433 -2.392639756474413 -1.2003471629373763
0.011320680770587899 1.3556825984495369 2.681783340741095 3.9752243749169303 5.227314371725189 6.436298682570563 7.607097408459662 8.749740779570025 9.876969412840886 11.001575863887059 12.134007414488224 13.280584801829143 14.442491859805173 15.615517918863286 16.790420905916648 17.953728786685996 19.08879648109263 20.17696420068882 21.198702843332473 22.134670188307393 22.966632159258094 23.678225061050107 24.255548971753303 24.687591670107256 24.966488905833195 25.087631883977668 25.049637330198937 24.854199491503024 24.505846669214403 24.011626965668718 23.380748523570414 22.624198498699954 21.75436238916972 20.784661436579338 19.729221036979723 18.602577977283733 17.419429354934014 16.19442170869789 14.941975540462836 13.676138236454193 12.410457478341796 11.157867481371152 9.930581622784596 8.739986945212053 7.59653833074303 6.509652502008079 5.4876041357843075 4.537428051819559 3.66483249065519 2.8741289067224507 2.1681834585485227 1.5483946121652714 1.0147001143367973 0.5656152035216078 0.19830247860008754 -0.09132753922669323 -0.3084873354985973 -0.4593580153944288 -0.5509135821279987 -0.5907284484818476 -0.5867731721176384 -0.5472037055798129 -0.48014964407760985 -0.39350705821505905 -0.29474147800967465 -0.1907064156159155 -0.08748241626443942 0.00975906041089658 0.09686364931260627 0.17077211460048147 0.22956836040810558 0.27249958952979547 0.299973413960819 0.31353975840198167 0.3158689326709929 0.31074145513620977 0.3030705078954643 0.2989850610901623 0.3060121348719136 0.33341278266596497 0.3927525080960059 0.4988304531527987 0.6711664366354508 0.9363757404390327 1.331995867440705 1.9127600473201056 2.761126598858077 4.0054648528575765 5.852525880023496 8.647646253922003 12.99121705442885 19.97502973863807 31.688251466935878 52.3666601692252 91.17248339866713 169.32866498957864 338.9675156897276 727.5761898770838 1554.8924723634982 2328.4120154853304 4.855270771209064 -2324.8567279800445 -1556.4555189341256 -729.6664536704167 -340.53724793284164 -170.41674652861215 -91.93488535923055 -52.91852541449593 -32.101820753450696 -20.29443948583065 -13.243647348427645 -8.85013072868257 -6.015949995995529 -4.1369226980525475 -2.8653345018858634 -1.9929222624681664 -1.3903457895825255 -0.9745213162537514 -0.6903157112758684 -0.49994325700741804 -0.3766467147559016 -0.300842858449446 -0.25773088099811936 -0.23579493094949555 -0.22586779321653871 -0.2205545066635839 -0.21389015504413855 -0.20115024621847333 -0.17875867236116783 -0.14425475446833147 -0.0962916148139481 -0.034645534842114856 0.039778574429938374 0.12495615710594876 0.21777347437912375 0.31408359504769834 0.40878947852984737 0.4959536962489963 0.5689327659030852 0.6205329277875204 0.6431834273235015 0.6291229066246462 0.5705942786660145 0.46004337667437945 0.29031665512491145 0.05485324634069144 -0.25213328405437885 -0.6354880557812859 -1.0989672630701275 -1.6451138894701955 -2.2751602366688495 -2.9889599117838284 -3.7849507825193918 -4.660149034355632 -5.610172932776214 -6.629293356706922 -7.710506806959949 -8.84562559501978 -10.025379458337701 -11.239523048680033 -12.47694465444038 -13.725773108078654 -14.973481955811994 -16.206992400274178 -17.41277898821697 -18.576984157613744 -19.68554925957897 -20.72437023961274 -21.679485581631017 -22.537302280255243 -23.284862568272445 -23.910150020240437 -24.402428849499834 -24.752605107829506 -24.953593609647882 -25.000670247219414 -24.89178639347056 -24.62782061468993 -24.212743057704376 -23.653669553895806 -22.960785378476345 -22.14712236961791 -21.228177464542863 -20.22136565117849 -19.145306518821847 -18.018952299361235 -16.8605786970355 -15.686680116546725 -14.51083989063573 -13.342682864931898 -12.187057064745321 -11.043621643438417 -9.90702234691776 -8.767792947979025 -7.614016530641532 -6.433615634477974 -5.216943681318753 -3.9591792321402863 -2.6619528002580495 -1.333723194447689
0.01891915467400196 1.5240023591811536 3.0056384446952578 4.4454015363726285 5.831997436098746 7.162712555164319 8.442977224083492 9.684324277920986 10.901372338110171 12.108579480711867 13.317412916118432 14.534347760419841 15.75984473319858 16.98824117219777 18.208358894009624 19.404585362008397 20.558198482156786 21.648751525538135 22.655389452599373 23.558016889493327 24.33827511437503 24.980310549553852 25.471333109801098 25.801972574250875 25.966447733501983 25.962568014197274 25.79159136422926 25.457965377780887 24.96898069942466 24.33436627047647 23.5658548152734 22.676744113725444 21.681475352535173 20.595244632401617 19.433658087242947 18.21243558196274 16.947163091089458 15.65308998013104 14.344964717770136 13.036901110365928 11.742266886079488 10.473587185563792 9.242456985719127 8.05945840376243 6.934080919241414 5.874644545197927 4.88822768568653 3.9806026782868154 3.156182776923311 2.417984580276311 1.767609686834648 1.2052487790703559 0.7297104875758631 0.3384764057967615 0.027782597209480286 -0.20727304630874244 -0.3725991347736102 -0.47495712928724565 -0.5217887269670651 -0.5210279061540479 -0.48090179734727734 -0.40972503814074024 -0.31569270417697304 -0.20667725652678826 -0.09003515578864807 0.02757121070673385 0.1403309263159347 0.24341655757487146 0.3330871484075182 0.4067600975499186 0.46305182502037745 0.501789605852343 0.5239998473549612 0.5318814419397189 0.5287766770001312 0.5191567668472175 0.5086447987734388 0.5041066363964397 0.5138515979363767 0.5480022061998824 0.6191206320915743 0.7432267858054065 0.9414240553695663 1.242490425685805 1.6870462865703484 2.3343754699800545 3.273854427241485 4.64465766653932 6.67087294230706 9.726459570496004 14.460565337611753 22.050928155732397 34.743839940730716 57.072751788949105 98.77877449592009 182.19929519737164 361.3076274129234 764.1154294229312 1593.2090967340782 2302.3760543588523 3.0551462964112375 -2299.820488423343 -1594.074469529403 -765.5096279198935 -362.4005426439103 -182.96415153952415 -99.30989888266016 -57.448803750063114 -35.01682158430719 -22.253775152426545 -14.614231721228332 -9.844537927640173 -6.762390716588129 -4.715749559733862 -3.328770092253519 -2.376095025414804 -1.717662564086897 -1.2634516238307913 -0.9536932159714961 -0.7473927893686394 -0.6154823659332287 -0.5366393179573326 -0.4946898167890179 -0.47698187331413067 -0.473367548965431 -0.4755764067587709 -0.47684390629632034 -0.4717062810344341 -0.45590219022062506 -0.42633931336966135 -0.3810956640648566 -0.3194334367528917 -0.24180914441007673 -0.1498685217604656 -0.046418588468544186 0.06462741750645762 0.1783337222105441 0.2888535189737862 0.38956572044446247 0.4732331325552064 0.5321774272337709 0.5584659103041734 0.5441050224808119 0.4812356757022407 0.3623258216944869 0.1803559998569959 -0.07100603015341989 -0.39724512672534296 -0.8028562789785809 -1.2912226075767474 -1.8645161907748786 -2.5236234298164906 -3.268095892812184 -4.096126637176956 -5.004550963566001 -5.9888694801768505 -7.043290367682031 -8.160786975420775 -9.333166476834242 -10.55114538378421 -11.804428338802463 -13.081787774884 -14.371143717974988 -15.65964504063072 -16.93375569864111 -18.179351599158302 -19.3818354939897 -20.526278351878506 -21.59759577342879 -22.580766959836573 -23.461101416714644 -24.224554999504598 -24.8580922349656 -25.35008642779335 -25.690743320064822 -25.87252856593891 -25.890574572206003 -25.743038820669195 -25.431383976644018 -24.960549998214177 -24.338989987857662 -23.578544377838018 -22.69413193807912 -21.703241026262976 -20.625211088358686 -19.480304116219482 -18.288581212730914 -17.068623649012515 -15.836173690502164 -14.602818034985532 -13.374890824262575 -12.15282020015529 -10.931159831004678 -9.699506394533763 -8.444382182464238 -7.151955268129839 -5.811210894322016 -4.416951090013832 -2.9718853122862043 -1.4871697530383088
0.028119980743923634 1.7186424219239882 3.3791056609810965 4.986006835356882 6.524777773262436 7.991493044010589 9.392196261055474 10.74025207004059 12.052564454854142 13.345620592710716 14.632157330156659 15.918925774052184 17.205686383694463 18.485301709207924 19.744646640078578 20.966017385302127 22.128755145272017 23.21086949659712 24.190520199756094 25.047277913998744 25.763128795941448 26.32321655058112 26.71633249732741 26.935174005677798 26.976397602734846 26.840497022577736 26.53153920093798 26.056792766160353 25.426283641301062 24.65231077369789 23.748951715349964 22.731583023217205 21.616434711927145 20.420191801548274 19.15964997070342 17.851426945663384 16.51172690818395 15.156152084013634 13.799553850818157 12.455915048728283 11.138255539022701 9.8585541395102 8.627681628775585 7.455341274421046 6.350015092849159 5.318915610479369 4.3679441579302924 3.5016576254087717 2.7232461395371166 2.0345242994918022 1.435938507664547 0.9265925963197752 0.5042934731858129 0.16561793522495982 -0.0939988124554203 -0.2801530276169695 -0.39934141176478644 -0.45881056460528313 -0.46638892987282965 -0.4303039361769345 -0.35898775341491884 -0.2608758145555834 -0.1442029552822799 -0.016802637626267547 0.11408483663877256 0.24198904576111513 0.3613652175510351 0.46772381483650705 0.5577298577680301 0.6292696086157568 0.6814844882735427 0.7147748395919251 0.7307793864202994 0.7323399135578113 0.7234649150417161 0.7093109107342288 0.6962063224680293 0.6917511400705845 0.7050377721690149 0.7470573442641681 0.8313863265441146 0.9752995700718081 1.2015434551487791 1.541155957938689 2.0379940201742386 2.7561296729361473 3.792220588637596 5.296797949467802 7.512120172626924 10.8420193209402 15.986226269730786 24.210901852533826 37.92205157321926 61.950197605245 106.59675454457451 195.21485273701788 383.1838006878296 797.3179454389001 1618.4180507178603 2251.7595267316 1.2988207754816017 -2250.345063692336 -1618.657056139039 -797.9958779428387 -383.7636691959645 -195.62647923789365 -106.875265225006 -62.13613036276322 -38.04528091454373 -24.291694294544808 -16.038252634781312 -10.874673495669951 -7.532016949599596 -5.308693789580765 -3.7995715547234354 -2.761429058661946 -2.0429785537290357 -1.5469356016284408 -1.2086892223672763 -0.9839111357246022 -0.8411531376995018 -0.7573215155304291 -0.7148631907843983 -0.7000003440349456 -0.7016245372776231 -0.7106150055452565 -0.7194338869814798 -0.721902795601248 -0.7130961791357304 -0.6893061610430129 -0.6480460789493048 -0.5880685707793099 -0.5093804885686337 -0.4132420311986351 -0.3021417841270191 -0.17974302119472263 -0.05079975754329613 0.07895638942267968 0.20295547011217607 0.3139501285975843 0.4041928586318022 0.4656239223238545 0.49006433529952265 0.4694087133028102 0.39581335314453625 0.26187559234835955 0.0608011699443356 -0.21344306240844713 -0.5659931720158884 -1.0009705189428786 -1.521383618789951 -2.1290501835896647 -2.824539546563698 -3.6071351358696324 -4.4748160754432 -5.424256382716708 -6.45083965796156 -7.548686699515583 -8.710693213200281 -9.928574804345946 -11.192916826592292 -12.493227447744614 -13.817993498634328 -15.154740247531327 -16.490098082057035 -17.809881027490164 -19.099183854524235 -20.3425059626397 -21.52391099076889 -22.627230891528182 -23.636321818021887 -24.535376425835473 -25.309293125154174 -25.94409754051341 -26.427405328511842 -26.74890900615012 -26.900865175923936 -26.87855307146658 -26.680671253840327 -26.30963680341436 -25.77175072354221 -25.077194204812248 -24.239822861109594 -23.276729981411837 -22.207555958080327 -21.053531100914125 -19.83625612902662 -18.576253010900157 -17.29136259410957 -15.99512631768052 -14.695362123959832 -13.393213982064722 -12.082991402420085 -10.75308166928135 -9.38807766295291 -7.972006806467036 -6.4922085050245215 -4.943083755613031 -3.328767319326076 -1.6638733268692363
0.03912591997057291 1.9434973563203783 3.809356314725676 5.606798810946501 7.317152438335306 8.934991311604357 10.467141778627287 11.929258995766467 13.341090683041124 14.721657353886641 16.085329000699033 17.439339360141304 18.78283540095893 20.107236122577365 21.397512708354327 22.6339792122765 23.79424709175293 24.855095874352084 25.794109286936262 26.591003003442193 27.2286225826468 27.693621833808635 27.97684910129883 28.073477619043885 27.98292018764803 27.70857022174722 27.25741150173766 26.639537877243267 25.867621559468866 24.956364469507772 23.92196157092463 22.781598627004684 21.552999949278615 20.254035042752417 18.902387131260326 17.5152817559825 16.109270160214393 14.700060054603918 13.302385460998988 11.929907436804276 10.595138316128738 9.309383386198466 8.08269539501194 6.923838760774514 5.840261694414206 4.8380755589494395 3.922041654751407 3.0955662417225804 2.360705008019326 1.7181784231107278 1.167399497350452 0.7065154520147221 0.332464705761204 0.04105040648516578 -0.17296850504888717 -0.3157680492399395 -0.39433156506063494 -0.41630401586834065 -0.3898292815562865 -0.3233722994938626 -0.22552885165894043 -0.10482679393852834 0.030476487701824873 0.1725947224384683 0.3144051657649749 0.44962610930787683 0.5729729533032746 0.6802869708910642 0.7686321795430384 0.8363576409425866 0.8831250306662319 0.9099043978588739 0.9189446171220528 0.9137290927330177 0.8989318689972547 0.8803946670837837 0.8651520228636356 0.8615406647966006 0.8794423394747897 0.9307296144189792 1.03001720256235 1.195876585261546 1.4527662035368483 1.834094463756819 2.387127125875188 3.1809887615119603 4.320019704149858 5.966713230238785 8.38240472180396 12.002135810831316 17.578119636082466 26.4673665575188 41.237650487813134 67.01378217767062 114.63136172159105 208.33610135636337 404.40614901259937 826.5987763749471 1629.6650308316707 2178.0260361992987 -0.3100198539485177 -2177.8300036156215 -1629.4034195790273 -826.5887145102101 -404.4651875148153 -208.3808105197793 -114.64576174126329 -67.00157884725999 -41.206193890032104 -26.423579321462885 -17.527777535960574 -11.949939092401607 -8.332162389175224 -5.921486874400639 -4.28221053013933 -3.1523825162982355 -2.368914949449352 -1.8268846844604614 -1.4565983232189827 -1.2102453286516601 -1.053911615523373 -0.9626897146641777 -0.9176336573030186 -0.9038451316562002 -0.9092720959513745 -0.9239663403970422 -0.9396413507362089 -0.9494274557392268 -0.947754650245658 -0.9303141988775687 -0.8940635477933112 -0.8372483360441496 -0.7594221913331811 -0.6614505069130194 -0.545489056019699 -0.41493232428246873 -0.2743299025148582 -0.129272157939897 0.013751347157087146 0.14751562268600082 0.2642401926006288 0.3557788524338745 0.4138130582687083 0.4300433219789346 0.3963738300355457 0.3050864624898342 0.1490013802868395 -0.07837773391583536 -0.38273490520102094 -0.7688300486780042 -1.2404040976443653 -1.8001007065965302 -2.4494038867717283 -3.188590721571183 -4.016698123424645 -4.931502427926726 -5.9295104639933705 -7.005960614192008 -8.154832329103078 -9.368862618555628 -10.639568285585876 -11.957273151298185 -13.311140283348287 -14.68921032949641 -16.07844844559506 -17.464803935652547 -18.83328845391427 -20.16808025389671 -21.452663243654857 -22.670010201845667 -23.80281911391391 -24.833809924437176 -25.746085881407364 -26.523559031824682 -27.151433484786658 -27.616733097727273 -27.908852819233942 -28.020105642196924 -27.946230608224543 -27.686822094514785 -27.24563700851501 -26.630734617467677 -25.85440352609325 -24.93283197885887 -23.885482048624507 -22.73413745372377 -21.501612705610018 -20.210143499432842 -18.879530903062047 -17.52518848227247 -16.15633809118666 -14.774698668005293 -13.374077212091606 -11.941250500568934 -10.45836832582303 -8.906790512632767 -7.27183054043401 -5.547439799036269 -3.7396117579113763 -1.8673880960928813
0.05206670672830427 2.202781452949054 4.3041740988192245 6.318270229703771 8.221269734343117 10.005926844054436 11.680122778798818 13.262445772563858 14.776255202173516 16.24380196542763 17.681606852213427 19.09770555265311 20.490799219463618 21.850957788738246 23.16134995243635 24.40047671461887 25.544490277344956 26.56931761351622 27.452433847532376 28.174224726436048 28.71893801471126 29.07525746436379 29.236549022155778 29.200834779481433 28.970550823037566 28.552143258737672 27.955553299193745 27.193637678504246 26.281564810882728 25.236220200730017 24.075646975095232 22.818539581332953 21.483801246121036 20.09016925003354 18.65590681380577 17.198556603533476 15.734748531106481 14.280053497219072 12.848874720086528 11.454369004063603 10.10839142701947 8.821458196018595 7.60272366299386 6.459968583345521 5.399597602552819 4.426644664342061 3.54478560143201 2.756357627107797 2.062385841345993 1.4626172406323468 0.9555630635482704 0.538550629812784 0.20778610000438125 -0.04157023681172767 -0.21531448501477257 -0.3200939317338225 -0.3632848876938821 -0.3528529202972974 -0.2971956134367737 -0.2049690024646944 -0.08490002052441437 0.05441142535034249 0.20469584174953592 0.358216951207857 0.5079669771596018 0.6478470227899713 0.7728252376593137 0.8790661998575588 0.9640263758958767 1.0265126753900011 1.0667039488843066 1.08613871756702 1.0876763921641164 1.07544369710999 1.054783013031968 1.0322251423894313 1.0155161536529178 1.0137375655566716 1.03757316236186 1.0997975692095263 1.2160972534280834 1.4063940819841747 1.6969432670271845 2.1236548785380505 2.7374039938493633 3.6126709036116145 4.861933622548054 6.660325937432043 9.289262047628698 13.21644248629572 19.24855448010798 28.835820754012918 44.70917228657445 72.28225523206788 122.88972200699577 221.51853114654728 424.76121933571864 851.3444159824512 1626.2755843685816 2083.162830937688 -1.6864594717347359 -2084.1869302333293 -1625.6791071886312 -850.7212703278188 -424.3214384484473 -221.20039731383656 -122.63941389525579 -72.0709034416711 -44.5227932552994 -28.668186435233387 -19.09742936399894 -13.081634593762326 -9.171566355586357 -6.560912117181128 -4.781966307293439 -3.5530615591833348 -2.6986457038519207 -2.1057163569693227 -1.6992103586049856 -1.4276525220996428 -1.25455260836016 -1.1531286797955564 -1.1030149355406582 -1.0881880899205054 -1.095662188083102 -1.114679243163219 -1.1362250644503247 -1.1527594672000596 -1.1580859894255724 -1.1473084689661572 -1.1168362172025992 -1.0644094273276616 -0.9891238126952251 -0.8914393772124773 -0.7731632320318038 -0.6374007397003112 -0.488473058560257 -0.3318023387943736 -0.17376833443272233 -0.021541996960139365 0.11709731094933229 0.23395395653103002 0.3206107220049548 0.36861992238346186 0.36968588123797996 0.3158349087534207 0.1995701991830412 0.014010256602081661 -0.2469894995199562 -0.5887314825409051 -1.0155859861621375 -1.530915127807564 -2.13700914054038 -2.8350334855248294 -3.624985400266789 -4.505658704533899 -5.474615923408144 -6.528167020004028 -7.661354242051721 -8.86794278707831 -10.140417204605455 -11.46998374205177 -12.846579262025676 -14.258887994146388 -15.694368299815165 -17.139292832612853 -18.5788069604792 -19.997011943650442 -21.377080948533077 -22.701417225680085 -23.951864333045524 -25.109977793477675 -26.157365668187936 -27.0761020035426 -27.849211877970514 -28.461219984754482 -28.898746693953868 -29.15112686151078 -29.21101795719583 -29.07495594330456 -28.74381029146278 -28.223083804637117 -27.522998813673816 -26.65830911959599 -25.647777987314324 -24.513269183747965 -23.27841528116048 -21.966862847841995 -20.600156042376305 -19.195415357593504 -17.76309420451927 -16.305233185383017 -14.814735394432788 -13.276187668966877 -11.668578128980478 -9.969868235701895 -8.162808635314711 -6.240797099152928 -4.21221014363482 -2.101739812636616
0.06689129245618375 2.5009852824675605 4.8719571923516725 7.131652833569646 9.249881633759394 11.217234204861093 13.043070636582499 14.74981239710349 16.36548717201869 17.91653616561195 19.422356108012018 20.89225196579836 22.324747468456252 23.708729508582493 25.025723708602676 26.252641613071503 27.36450006603386 28.336800634580772 29.14741766166351 29.777957141212674 30.214617238286667 30.4486151622263 30.476257886637992 30.298734816367467 29.921705665942877 29.354749577513715 28.610733192904192 27.70514649144906 26.65544582074908 25.480434020411778 24.199698242881595 22.833117520456025 21.400444801008554 19.920962390884977 18.413205649566443 16.894747328678044 15.382033901363243 13.890265258305647 12.433309887422972 11.023648752271908 9.672342271966338 8.389015872566075 7.181860466236589 6.05764486957705 5.021737678544413 4.078136515376363 3.2295029589768376 2.477201902372772 1.8213446045350912 1.260835304600083 0.7934219253158403 0.4157520566810957 0.12343601227149392 -0.08888078279645217 -0.22743354537058114 -0.2992395042344942 -0.31198266185639145 -0.2738803570495607 -0.19353099351915315 -0.07974353670503476 0.0586491501641806 0.2129894907476615 0.3750016902442921 0.5369989408404718 0.6920836791263207 0.834332674211069 0.9589588112846048 1.062442254824436 1.142625306762568 1.1987677018421294 1.2315622471520404 1.2431145431762713 1.2368948943691782 1.21767538951989 1.1914705537829917 1.1655062124465987 1.1482488707420524 1.149538214851309 1.180880380541316 1.2559830960573448 1.3916520146667333 1.6092314871385405 1.93688231193756 2.4131792890602632 3.092849724556923 4.056089789351569 5.424047034629509 7.385276928779105 10.24240727608372 14.497403477836679 21.013553918273196 31.33660259379889 48.36124035632161 77.78130230521096 131.3847368887444 234.71641343785652 444.0180939807803 870.9352741113107 1607.8228488442646 1969.65895726537 -2.76936763548008 -1971.8236789371879 -1607.0782362048596 -869.8150625389544 -443.1309724982624 -234.05800965417666 -130.8807899008224 -77.37740835248808 -48.02486168541952 -31.04945133310166 -20.76578902271642 -14.284057770187486 -10.061252197104409 -7.235523400549448 -5.3055300424165175 -3.9687423256562493 -3.036360001383298 -2.3867727895326984 -1.939195666129656 -1.6382584835450409 -1.4447487474078535 -1.3299222936175026 -1.2719460380855585 -1.2536517502764744 -1.261117735024131 -1.2827856010910743 -1.3089287847384279 -1.3313538030418348 -1.3432538131391558 -1.3391579189470093 -1.3149350685159877 -1.2678219464568041 -1.1964521059232291 -1.1008698659015215 -0.9825178544486945 -0.8441917660007014 -0.6899600003629214 -0.5250493234520981 -0.3557004643200967 -0.18899958035667463 -0.032692747225504526 0.10500889329356777 0.21562590943546844 0.2906026275872886 0.3214889777525265 0.30010808102498565 0.21870702899939864 0.07008975068500956 -0.15226785772148865 -0.4541193408447164 -0.840363702023228 -1.31497368705491 -1.8809338756237137 -2.540186267412925 -3.293581410976909 -4.140833620704387 -5.0804794035808065 -6.1098387902366875 -7.224979781855767 -8.420686547252753 -9.69043231149963 -11.026358113277178 -12.419258813784333 -13.858578023461174 -15.332414079434926 -16.827539949813147 -18.32944103539985 -19.82237626403066 -21.28946952885624 -22.712840187307236 -24.073782686410137 -25.35300600201018 -26.530943024464236 -27.58813791096437 -28.505715418096766 -29.265930250998995 -29.85278661348678 -30.2527087433746 -30.455232780912667 -30.453679446982296 -30.245756225522058 -29.83402751851605 -29.226181946304663 -28.43501825066541 -27.478066600481466 -26.376763969160333 -25.155116587272097 -23.83781941508012 -22.447873848716604 -21.003861290531667 -19.517192559002083 -17.989839905707683 -16.413215169923667 -14.768894043646341 -13.031698279575288 -11.1751669150717 -9.178712863535665 -7.034968486525628 -4.755303305268299 -2.371585827982692
0.08325437720113626 2.8428930190971258 5.5218360848918735 8.05906976388826 10.416447263428275 12.582036654675832 14.567321298910585 16.399816369809805 18.113673185218282 19.740842594933028 21.304602099863068 22.81618703610544 24.274335688447835 25.666994958242206 26.974258400382922 28.171711208373473 29.233591310211526 30.135426474351412 30.856010125539513 31.378713876590858 31.692209877156596 31.790707787986427 31.673817214747935 31.346139030230535 30.816676235483342 30.09814060187299 29.20621701542503 28.158833727814912 26.975473870131104 25.676551855756678 24.282868034983807 22.815146479995274 21.293654313056518 19.737896570466706 18.166378092750733 16.59642300381528 15.044042581963124 13.523843272577693 12.048967843567848 10.63106391171617 9.280275081019335 8.005250650339745 6.813170280509928 5.7097802670605375 4.699438235880593 3.7851633147806263 2.968689200083252 2.25051810091359 1.6299742938313821 1.1052569318598104 0.6734927387025413 0.3307902008642394 0.07229774209527307 -0.10773097094685102 -0.21586106353610468 -0.25938628003374653 -0.24622142605568165 -0.1847750299788231 -0.08380099581983824 0.047770477741848616 0.20102069684113655 0.36724511176533525 0.538165104140842 0.7061416232079232 0.8643821837578392 1.0071321160082247 1.1298410824256422 1.229296828688109 1.3037199857851567 1.3528164552822908 1.3777874351628139 1.3813013492880444 1.3674367311439228 1.3416103958097114 1.3105110847266843 1.2820654678252774 1.2654716041099467 1.2713460028612733 1.3120465728377884 1.4022589616785597 1.5599748561989646 1.8080595358532792 2.1767232534497527 2.7074149242412027 3.459018249668544 4.517886814504601 6.014477897987036 8.15169303154284 11.254692175672876 15.861527938451081 22.8944092284733 33.99686874284935 52.227015306154364 83.54635869844306 140.13776975727143 247.8843267837405 461.929193541688 884.7593847706214 1574.1717129727206 1840.4341079910935 -3.5242576428373695 -1843.5806927570652 -1573.4648830025399 -883.2899811551354 -460.67341557752604 -246.9265636225648 -139.40326800230494 -82.96456990985578 -51.751106515260936 -33.59845823228347 -22.556977098215913 -15.575767728801537 -11.015544743285254 -7.956477669445738 -5.861699640161144 -4.4064635022006415 -3.3877780885654962 -2.674778051273141 -2.180516229002283 -1.8454311404769719 -1.627391954571178 -1.4955664226690146 -1.4265776414529308 -1.4020704487932578 -1.4071692846678863 -1.4295131444008735 -1.458670735368095 -1.4858080426727316 -1.5035220122228132 -1.505779698012799 -1.4879187236294111 -1.4466761824794006 -1.380221429191364 -1.2881748700871443 -1.1716005247741634 -1.032965107997108 -0.8760607596958181 -0.7058922839897619 -0.5285327860543587 -0.3509538273682722 -0.180837626481134 -0.026379430310696783 0.1039119678947209 0.20140835553239533 0.257544911480001 0.26398728038390384 0.21278017532377902 0.09647642546128932 -0.09175311034670397 -0.358027101496905 -0.7076761944607712 -1.145177216599902 -1.6740958138175555 -2.2970343562125906 -3.015582406381001 -3.830267725810632 -4.740506628990448 -5.744553370343186 -6.839449087692739 -8.020971529532906 -9.283587323760388 -10.620408863295932 -12.023158044060095 -13.482139152419819 -14.98622330966287 -16.522847166605402 -18.078029169735775 -19.636407758142624 -21.181307338764555 -22.694839692412593 -24.15805034760132 -25.551121042133307 -26.853640176914826 -28.04495263950657 -29.10459801955034 -30.01284167605478 -30.75129617512884 -31.303621281300043 -31.65627925758141 -31.799309067068737 -31.727068656437485 -31.438879265794917 -30.939490134715975 -30.239266931464392 -29.35399457298926 -28.304179132168095 -27.113742039488464 -25.808035590042522 -24.411188636173087 -22.942931683478385 -21.415257039936186 -19.82952052869358 -18.174820197436325 -16.42857681558141 -14.560045308424918 -12.536899115138667 -10.334081707545906 -7.94305822334973 -5.378868112657642 -2.682444300550202
0.1004226258372043 3.2337319364916794 6.264014703916132 9.11396440048673 11.735520487548001 14.113868998437695 16.26358027341457 18.219030974861994 20.02250617697765 21.71328056697952 23.319895885465236 24.85643216739497 26.322382992209903 27.705074622068615 28.98341265469284 30.131928725851687 31.1244341346395 31.936918469759323 32.54958452776568 32.94806933279215 33.12398032827124 33.07490133883872 32.804018000867075 32.31949337858975 31.63370099303453 30.762399210384483 29.72390968218774 28.53834385633136 27.226905651507316 25.811285190951992 24.313148153342066 22.753717753742908 21.153441497942513 19.53173233167904 17.906773155581256 16.29537434251288 14.712875289570881 13.173082666097581 11.688239492166032 10.269020276498717 8.924548075446292 7.662429579494006 6.48880430234422 5.408403852466548 4.424617239354999 3.5395583875474923 2.754132529626252 2.0680989716823084 1.4801288085752873 0.9878574218880054 0.5879329170682679 0.27606290456255733 0.04706309341545589 -0.10508806843473328 -0.18718409095536126 -0.2067099212543777 -0.1717421795796592 -0.09082712703500917 0.02716523296225626 0.17321073559006805 0.33832211380396826 0.5137572131103108 0.6912380109569405 0.863172330851647 1.0228688680280484 1.164735530688743 1.284451303827372 1.3791029727602822 1.4472801292267357 1.4891249031484532 1.506336734874436 1.5021370774320753 1.4812040963119166 1.4495931182467725 1.414664848237157 1.3850505500545562 1.3706921898581914 1.3830073956344613 1.4352464505590357 1.543135677813945 1.7259457676327417 2.0081974461216845 2.422342719934356 3.0129781592014293 3.8435326897839905 5.007070640668521 6.6441468098388246 8.973126311487277 12.343264747448067 17.33080850021884 24.91945276291596 36.852719978065494 56.35056324334253 89.62476700005162 149.17937878242026 260.9741639717233 478.2226826352742 892.2138955760682 1525.4963099693518 1698.727257368997 -3.943803786548017 -1702.6278761540148 -1524.9901855847802 -890.5624012299018 -476.69976870777117 -259.7750574681301 -148.2492213042019 -88.88790247297383 -55.751370001549944 -36.355482555141535 -24.50238896671064 -16.981013962575343 -12.053238700498458 -8.73849458279896 -6.462176463345459 -4.875696754325087 -3.7607234254011246 -2.97633278076026 -2.4288580603787358 -2.0541616729929935 -1.806931193370498 -1.6540691338512437 -1.5705391195985907 -1.5367275740335584 -1.5367652629538764 -1.5574711312749123 -1.5877069296443835 -1.618005395868649 -1.6403794413422101 -1.6482473858164814 -1.6364270053403907 -1.6011632152856947 -1.5401630407618772 -1.4526185497187871 -1.3392043643775664 -1.2020415876601298 -1.0446245872372528 -0.8717110394568239 -0.6891788838078727 -0.5038562831286009 -0.32333228984327 -0.15575667934336623 -0.009637390477323926 0.10635668221542494 0.18358102588045266 0.21358404835303268 0.18825567383695674 0.09995465979323326 -0.05838499998966906 -0.29316675826118743 -0.6100603115688497 -1.0139427755842534 -1.5088481471886572 -2.0979210135319004 -2.7833708994653983 -3.566424394343959 -4.447273192629552 -5.425017303525014 -6.497603833128529 -7.661762779195696 -8.91294211993701 -10.24524503565105 -11.651372373752515 -13.122573476289922 -14.64860837073048 -16.21772421345924 -17.816649009705365 -19.430606158158945 -21.04335446561134 -22.637259927569264 -24.19340769965139 -25.69176495220593 -27.111407304646338 -28.43082261634544 -29.62830549033346 -30.68245321505625 -31.572768570953258 -32.28036655402722 -32.788770539751155 -33.084768729096936 -33.1592840603867 -33.00819041363923 -32.632985195888416 -32.04120424449508 -31.246441655889967 -30.26781975114634 -29.128752978420103 -27.854880564541773 -26.47112929169637 -24.9980343034073 -23.447705593078183 -21.820160610088735 -20.101069833318164 -18.26212952507511 -16.265083544331205 -14.069701466294937 -11.644797440459875 -8.979953503294169 -6.094586347766828 -3.0410156260440857
0.11722933408897518 3.6795527968047637 7.110489081791904 10.311993185121437 13.223617869293491 15.82733272189607 18.142225044162075 20.212022647152494 22.089934436677616 23.825059994515563 25.453103611430272 26.992234233813583 28.443415644892056 29.793736541861016 31.021154205483903 32.09937713775979 33.00207919883835 33.7060709671233 34.19336714224785 34.45227143926033 34.47768010163221 34.270818979529324 33.838608116647514 33.19281294169585 32.349104119020474 31.32611429454535 30.144551213043822 28.826403297107504 27.394255454981085 25.870719234791782 24.27797200033832 22.637394097898554 20.969290362237157 19.29268205540624 17.625156681070063 15.982765274143716 14.37995910455514 12.829559738078352 11.3427578073556 9.929136552242271 8.59671630022582 7.352015755943408 6.200125516297172 5.1447888762562455 4.188484919293023 3.3325092399397183 2.577048434761753 1.9212456917844234 1.3632562910320667 0.9002934646845651 0.528666691523294 0.2438159609463586 0.04034671087504993 -0.08792909844013153 -0.14794003107221343 -0.14728484271753217 -0.09414004658564457 0.0028580653121945687 0.13475865951351196 0.29246850286934745 0.4669483645411421 0.649428703961008 0.831637479933589 1.0060310751419665 1.1660180479164395 1.3061648777865087 1.4223732254387 1.5120195575690776 1.574050340706623 1.6090293252638 1.61913763060767 1.6081322641031681 1.5812742209239672 1.5452433653187492 1.5080639608924806 1.4790723691782137 1.468967876850913 1.4900003604106926 1.556367239037848 1.6849214496017506 1.8963398096250028 2.216980574299976 2.6817939782586286 3.338882973869528 4.256722825884407 5.535789539146685 7.327716447025345 9.86769928351061 13.530962619359155 18.934399046667824 27.126022279799766 39.95135050127607 60.78882034448063 96.07656288990407 158.5466748313813 273.92518326910584 492.5834485397651 892.6929580788022 1462.2732164921536 1547.9603767029282 -4.046073714079057 -1552.3361191508477 -1462.0878780725377 -891.0304526135881 -490.9112467877774 -272.5574162722388 -157.46670890965484 -95.21535373255618 -60.0883494218829 -39.37197888468913 -26.642549209346942 -18.531338677810204 -13.1989414183592 -9.60096996284243 -7.122487878543082 -5.389114085742608 -4.165764676187789 -3.3004545457382406 -2.692088435466977 -2.271452988779621 -1.9897034421412219 -1.8112331467978748 -1.7091798237561795 -1.662561864602674 -1.6544486371855571 -1.670802077065603 -1.6997621347608627 -1.7312285949899753 -1.7566399759921802 -1.76888000743336 -1.7622612750264888 -1.7325485384805939 -1.6769936046079348 -1.5943610051755153 -1.4849299141417305 -1.3504631426997094 -1.1941388228531302 -1.0204445228023662 -0.8350369660756196 -0.6445731754262107 -0.4565206717771497 -0.27895532958677194 -0.12035565866624909 0.010598257858818183 0.10521405455932165 0.15495903433082603 0.15161101337257676 0.08738619801718084 -0.0449559070397898 -0.2520288812452032 -0.5397539804205542 -0.9133088268267753 -1.3770854632622065 -1.9346528782820949 -2.5887193812035303 -3.341090912982181 -4.1926224151017655 -5.143160686547077 -6.191478571816316 -7.335201729002649 -8.570730445396912 -9.893159898176247 -11.296202797176322 -12.772118476779559 -14.311652305797756 -15.903988893101461 -17.536722217273148 -19.195845763576024 -20.86576626733394 -22.52934591089606 -24.167979853866317 -25.76171864128618 -27.289447977884016 -28.729140985680466 -30.058199666557204 -31.253901992602806 -32.293968028807015 -33.157251980755476 -33.824556406027995 -34.279549635836126 -34.50974725712763 -34.50749323372193 -34.27084577346972 -33.804238125516584 -33.1187475825967 -32.231772929596225 -31.16590413163145 -29.946788950621084 -28.59989135721719 -27.146230958541295 -25.597516458781833 -23.951523631602356 -22.189025846421906 -20.273866114504102 -18.157588390717017 -15.789179125764718 -13.12889005897766 -10.163208120657075 -6.91660522016857 -3.4556405886831953
0.13210453099876673 4.18797549956107 8.076364420785964 11.67265699836939 14.900858444604204 17.73945901474505 20.214181269468945 22.381633041996807 24.309844504828426 26.061201770510856 27.681172523505992 29.19368649859866 30.60208875175441 31.8936445586937 33.04553149316547 34.03073921127486 34.822941300198806 35.39996605222972 35.74587703161214 35.85188106267623 35.71635579075583 35.344283886273864 34.7463373880541 33.93780012361125 32.93746253643537 31.766577427079223 30.44792865024459 29.00503724026504 27.461509735416943 25.840520457429683 24.164412031770777 22.454395326764185 20.73033015804082 19.01057033397935 17.311859941386007 15.649271229593863 14.036177430567786 12.484255933806615 11.00351828997273 9.602363662426574 8.287651821911531 7.064790943060658 5.93783465481043 4.909582324446188 3.98167658773374 3.1546927777308107 2.4282161089481114 1.800904125475733 1.2705338588728243 0.8340351495103593 0.48751348476122613 0.22626731037173053 0.04480595364231288 -0.06312504912037165 -0.1045043580563676 -0.08697462325013561 -0.01875642881427053 0.09146723050607042 0.2346975007502805 0.4017964405411689 0.5836906843306733 0.7715961626947321 0.9572557751319488 1.1331800636141254 1.292879730067087 1.4310784489543482 1.5438949821042214 1.6289851868031557 1.6856371319048935 1.7148161378705007 1.719161033350014 1.70293811836697 1.6719651269203606 1.6335238436276933 1.5962870605862323 1.5702936946734858 1.5670160034947367 1.5995766070556194 1.6831933102462449 1.835961436082445 2.0801348398008512 2.4441523412788158 2.965801172905569 3.6971586105638554 4.712390944050515 6.120274282909177 8.08474400331549 10.85950007784997 14.847975888679365 20.7105390999468 29.56255545900732 43.353012692145526 65.61265162499885 102.97284136395967 168.27537147253935 286.64419898682513 504.6202090522245 885.5640041398071 1385.2585728949584 1391.5959367117025 -3.870756476977988 -1396.1410789899453 -1385.4564893415322 -884.0488611134223 -502.92438074861496 -285.1913917087545 -167.10075956824164 -102.02519189506542 -64.83833164576124 -42.712310469672495 -29.02902712106359 -20.26736173952659 -14.484626949882173 -10.569287773160019 -7.863078908022514 -5.9634899997923485 -4.616958798029369 -3.6591886300979537 -2.9807569090367636 -2.5067296465652866 -2.1842680346845222 -1.974927618240141 -1.8497894198227227 -1.7863459008485294 -1.7665019504148338 -1.7753006801426996 -1.800129101590664 -1.83024495482631 -1.856518072554103 -1.8713119336424833 -1.8684517122466437 -1.843239011544151 -1.7924834336427442 -1.7145288452527496 -1.6092585770804968 -1.4780693217739116 -1.3238083566260994 -1.1506729578750208 -0.9640744378583421 -0.7704720629134187 -0.5771841387175458 -0.39218476889146814 -0.22389521423915593 -0.0809784892435994 0.02785508566055528 0.09402505078470735 0.10923611229202157 0.06560893202084417 -0.04421427138523448 -0.22698809434923417 -0.48880340182966275 -0.835043605667829 -1.2703525555263218 -1.798608339686758 -2.4228973090811845 -3.1454831656574367 -3.9677669545129524 -4.890235190032205 -5.912395003330739 -7.032696951891001 -8.248447799538601 -9.555716961493921 -10.949241262835363 -12.422333073071472 -13.966796763436317 -15.57285789372198 -17.229108783090307 -18.92247348651954 -20.638195023824355 -22.35984833299176 -24.069384071261357 -25.747211099609313 -27.372329073652722 -28.922526529460146 -30.37466345576445 -31.70505959929626 -32.89000954284526 -33.906441724353975 -34.732729861892686 -35.349650598957005 -35.74145949066798 -35.897027738349685 -35.81094363902082 -35.4844355055528 -34.92591918275778 -34.15091984520391 -33.181079569408745 -32.04196631127143 -30.75948827826469 -29.354941077186503 -27.8391153346913 -26.20646376034763 -24.430960762336085 -22.465732560958962 -20.248414369512524 -17.71314415090597 -14.808055586748026 -11.514568896440203 -7.862770715889589 -3.9369793268884123
0.1431998673062651 4.769486427300684 9.18209366120859 13.222081348889247 16.793816412219442 19.872200410193663 22.492736203902908 24.729952018880397 26.67218303910257 28.399915827193034 29.971944106375048 31.42018226624188 32.751477170656074 33.95365204329259 35.00309381300859 35.87192399200134 36.53367269357943 36.96710232104827 37.158295768220384 37.10135355941668 36.79810611216805 36.257213934172135 35.49295458407764 34.52391341166594 33.37172167372504 32.059926611449626 30.613033870299233 29.05573176939957 27.412286988652834 25.706090042454388 23.959324353026723 22.19273293131929 20.425459940903167 18.674949232790894 16.956887062699042 15.285180711566426 13.671968022357927 12.127654733254527 10.660976979911668 9.279085783003293 7.98764915292658 6.790966121142175 5.692085960560602 4.692925392339175 3.7943768635012587 2.9964020353877294 2.298106333011307 1.697792589567676 1.1929942206639899 0.7804907429785624 0.4563105720363503 0.21572771692165982 0.053260096130741674 -0.03732234900674647 -0.06297179313566326 -0.03131186542243425 0.04944336693665785 0.17060430353779688 0.32315572343302734 0.4979401672552952 0.6858705191037373 0.8781649123734692 1.0665948037560935 1.2437353086397485 1.4032058633581257 1.5398891197510034 1.6501168169127944 1.7318132427007749 1.7845898056442766 1.8097880968367952 1.8104735246757264 1.7913870138602794 1.7588682651265009 1.720770672436478 1.6863953482407212 1.6664803211419166 1.673291827014034 1.7208795294743062 1.8255795754232307 2.0068838555048485 2.2888496105205602 2.702315819815837 3.288348392869178 4.10360284957334 5.228758757326313 6.782009955340063 8.941107773702273 11.980284119247896 16.333815186924117 22.70870689164095 32.290678973329044 47.13242439197129 70.90618348479794 110.3901131573437 178.3838549039629 298.9725580567981 513.8177067190863 870.1391255678459 1295.4624069403842 1233.0068498840417 -3.473859693130521 -1237.416907333184 -1296.0411210256416 -868.9004790741438 -512.221537005737 -297.52422455280754 -177.17659915697402 -109.3998098873028 -70.0901356166117 -46.4548606895665 -31.726290381054454 -22.240742061633288 -15.951447847038501 -11.676396678707567 -8.710642389634925 -6.620803770936434 -5.132753560427861 -4.0683400102642375 -3.3086837436857586 -2.772306594688023 -2.4017764392750274 -2.155376923195229 -2.001821275405269 -1.916857703696262 -1.8810790000506339 -1.878515903283584 -1.8957499447824766 -1.9213746037755053 -1.9456901167019813 -1.9605523840210415 -1.9593188511710102 -1.9368492258925452 -1.8895295014406677 -1.8152957934225444 -1.713641031777513 -1.5855931190225658 -1.433658042246655 -1.2617256975167024 -1.074939829206062 -0.8795364670764749 -0.682657497133865 -0.49214750332648993 -0.3163427689886755 -0.16386135998344709 -0.04340260493701509 0.03643686640741883 0.06732494990835391 0.04133006982307008 -0.04897028157924144 -0.21040802230962163 -0.44916756161667015 -0.7707493285540046 -1.1799482241239834 -1.6808405669387072 -2.276772753061207 -2.9703451011058033 -3.7633852070176332 -4.656906539799859 -5.65104984326617 -6.7450070080772235 -7.9369292073510564 -9.22382300574287 -10.601439630642805 -12.06416342886249 -13.604905660187793 -15.215009227880493 -16.88416891160005 -18.6003704792137 -20.34985115533183 -22.117083772603685 -23.884787959015384 -25.633974170619076 -27.34403027269794 -28.99286539321699 -30.55713122998571 -32.01254588061975 -33.33434820486314 -34.49791021369774 -35.47952915728292 -36.25740808643529 -36.81281155743843 -37.131349852130846 -37.204298560093996 -37.02979957824759 -36.6137158393931 -35.96983248986163 -35.11902932892941 -34.0870273371463 -32.90039127215927 -31.58072243419241 -30.137467654141048 -28.560513162134704 -26.81460469183161 -24.838315736372962 -22.550260299061264 -19.863987601813626 -16.710334680163363 -13.062544418720456 -8.956631810153048 -4.499062524754294
0.14861387857667552 5.439559500741709 10.457129602694515 14.997579965085883 18.940273980025957 22.256708566681382 24.99685580409583 27.260422816826058 29.163824249716086 30.81237763620681 32.283088435467455 33.61879123406464 34.831162986805886 35.908823899197806 36.82701238175934 37.55639231679986 38.06974684474884 38.346250564536 38.37358083534914 38.14837898735046 37.67561038978684 36.967298910739466 36.04099707743558 34.918238665100354 33.6231237802953 32.181112926854546 30.618054934806736 28.95944034139952 27.229852881872628 25.45258347664725 23.649370291650705 21.84023246346922 20.043371621260018 18.275122668180988 16.549941981736094 14.880426448018458 13.277360063964627 11.749786252962663 10.305103824091027 8.949183194673916 7.686497687381909 6.520262988175194 5.4525766920289485 4.484549541455482 3.6164206259308576 2.8476503766051984 2.1769874805770137 1.6025085839506403 1.1216325269450267 0.7311135773005462 0.4270204318609916 0.20470944626566068 0.05880151323814364 -0.016827824139697967 -0.029036058354914296 0.014628421832613148 0.10600394293153181 0.23643181818036596 0.3969116664848116 0.5782932284910391 0.7714992275321964 0.9677711838734782 1.1589278965457028 1.3376247574425904 1.49760131406676 1.633904679026743 1.7430775645486951 1.823301927297849 1.8744923930769097 1.8983377208259267 1.8982934264247242 1.879534215677714 1.8488809972166953 1.81472399405469 1.786971106932378 1.7770597696117885 1.7980822071755886 1.8650902224182087 1.9956697452006011 2.2109129906464076 2.5369766563768104 3.0075143362445766 3.6674384411947147 4.57875161829796 5.829681422533928 7.549225407566529 9.930792624318062 13.271548288755207 18.039602328375757 24.99191250423305 35.386991318709924 51.37891861071497 76.76300835610661 118.39815734514535 188.84553723391483 310.63627552895935 519.4756783751586 845.654307645427 1194.136359283533 1075.3739207823899 -2.921468030230301 -1079.3743250804155 -1195.030242245263 -844.7775927917877 -518.0887732483885 -309.28151316968575 -187.6711071559045 -117.41296752830753 -75.9408778913273 -50.69184522160541 -34.81321581724539 -24.516246418718744 -17.65184074216053 -12.96473432325862 -9.699787591146979 -7.389643524485234 -5.737146025554529 -4.548415214934987 -3.693716090012178 -3.0839891235565076 -2.6564427114783573 -2.3655253304272206 -2.1771721883567796 -2.0650936990879165 -2.0083668300463486 -1.9898756090019898 -1.9953150429910527 -2.0125734198053746 -2.0313694443868657 -2.043058969627698 -2.040550576263289 -2.0182854976505404 -1.9722487054940618 -1.8999863603968992 -1.800611459775725 -1.674785063992823 -1.5246652860266552 -1.3538204460121495 -1.1671064642164442 -0.9705116557315319 -0.7709745808169577 -0.5761824209730981 -0.3943584925451826 -0.2340479701765097 -0.10391068515622215 -0.012529061875765635 0.03176208831986993 0.021018958920177022 -0.05219754995552939 -0.1947384337266933 -0.41281183180696956 -0.7119531050298056 -1.0970140831385866 -1.572164421524136 -2.140897203248698 -2.8060308016512185 -3.5696996508008394 -4.43332790426014 -5.397581934670388 -6.462300030940431 -7.626400245241658 -8.887769832919487 -10.243141797006 -11.687965421884465 -13.216278184108031 -14.820586011738968 -16.49175767094557 -18.2189374098185 -19.98947838614817 -21.78889840449838 -23.600859733743373 -25.40717671747683 -27.18785877340757 -28.92120216332117 -30.583950985293427 -32.15155530757796 -33.59856067654432 -34.8991665516607 -36.02798921081174 -36.96105459656707 -37.677025305280495 -38.15862995473429 -38.394208703325106 -38.3792129175653 -38.117399393482465 -37.62134694759833 -36.91181546529254 -36.015407094995844 -34.960048515073616 -33.76809216324439 -32.4474359224558 -30.982024120378426 -29.324289004395432 -27.39311147409218 -25.081022977988532 -22.272866270460767 -18.874656229437292 -14.846658848979288 -10.230706344565021 -5.160978256020243
0.146704600862968 6.222026358324584 11.945780427149444 17.055028333836653 21.396988462663025 24.94046119455362 27.756913228871305 29.981771648275313 31.77064131381968 33.2631405650341 34.56120757633574 35.722455717350776 36.76490475753358 37.67789439250713 38.434560499780446 39.002812340402926 39.353373463497654 39.46465973385216 39.324957930200185 38.932634568822344 38.295104773040656 37.427161777956464 36.349100976493794 35.08491701350813 33.66072827104771 32.103493539092916 30.44002673745494 28.696280855746714 26.896855486316927 25.064677955364267 23.220811741714307 21.38435397287419 19.57239373851838 17.800012586943193 16.080316648519055 14.424495509461899 12.841906096873744 11.340180635569796 9.925356747160912 8.602025728167705 7.3734926810845725 6.241940183827829 5.2085860137828845 4.273825407233554 3.4373494507109954 2.69823335224767 2.054991251754512 1.5055975393780952 1.0474780004039035 0.6774771384907008 0.3918104753773688 0.186012272450492 0.05488986379600935 -0.007504404514607765 -0.007873719844869731 0.04635820088694231 0.1471231919061844 0.28582836322427196 0.4535188433600623 0.6410796926314966 0.8394701226506485 1.0399805562459619 1.2345010530673273 1.4157883973150986 1.5777187900029022 1.7155137115083818 1.8259281268354077 1.9073927838378357 1.9601058246937475 1.9860732005559656 1.9891023342866188 1.9747590204838295 1.950303689190469 1.9246299700639846 1.908236356456261 1.9132713330943796 1.9537048992390726 2.0456971147125858 2.2082607375234486 2.464356193820072 2.8426230982048217 3.380060407700003 4.126146697242261 5.149195319926469 6.546260807920867 8.4588268088015 11.098139428378229 14.787030720133654 20.03062753846152 27.63886232542867 38.943877687500624 56.19398583195822 83.27679971002144 127.03738843359513 199.54431775023983 321.17605682824734 520.6412111372493 811.2762142663232 1082.7903044577347 921.6193152061257 -2.2832018595764225 -924.9913010233968 -1083.8818788413284 -810.7929328429808 -519.5479267650693 -319.9961082654079 -198.46734606435712 -126.10649837300203 -82.4861123844367 -55.52649353176453 -38.38361746201113 -27.173680273924194 -19.651892852516337 -14.488574253334052 -10.875171905596059 -8.307055278795605 -6.461242640550813 -5.125914500152817 -4.158783842198033 -3.4619264801541427 -2.9662276832348455 -2.6215817643557293 -2.390614398951052 -2.2446113181953664 -2.16085909951258 -2.120907979049902 -2.1094471528201875 -2.1135920923592844 -2.1224504243114173 -2.1268748823477512 -2.119338686911443 -2.093886401942635 -2.0461254407851124 -1.9732321362955774 -1.8739529923787746 -1.7485871758043947 -1.5989409506214636 -1.4282488443966013 -1.2410599581114123 -1.0430910076100752 -0.8410503991142237 -0.6424398128476727 -0.4553413762940772 -0.2881994692328915 -0.1496065159481419 -0.04810176044714454 0.008008972603029685 0.010806107116484442 -0.04712263222308999 -0.17259489761112246 -0.3717794816557318 -0.6501719213416329 -1.0125943211402448 -1.4632118089326351 -2.005556705596476 -2.642550927183587 -3.3765174625634273 -4.209172985476448 -5.141595697775342 -6.174165188098865 -7.306474134398527 -8.537214748804006 -9.864045574897728 -11.283446220188841 -12.790568606208529 -14.37909314896013 -16.04109708092716 -17.766940140954702 -19.54517060718919 -21.362452844623235 -23.203516894060304 -25.051131902512623 -26.88610882187192 -28.687344053155428 -30.431924167084734 -32.09532171640328 -33.651721945098245 -35.07452774258013 -36.33709269815544 -37.41372594071812 -38.280993185502155 -38.91930073486094 -39.31468691116713 -39.46065300184376 -39.359739909978764 -39.024402622223064 -38.476574095436256 -37.74519493752404 -36.86100943324 -35.84822985815528 -34.7134040418684 -33.43307128354844 -31.94342939549788 -30.136744556754635 -27.86966157328763 -24.9867918444302 -21.35839003693185 -16.92444853576447 -11.731827754917212 -5.949647022656102
0.13645561828035113 7.15441494152369 13.716614056948906 19.48079815436987 24.252369811472718 27.999036683694634 30.824345705222633 32.91489052161811 34.48148912314597 35.71149282662667 36.74107516870251 37.64770422208574 38.45738938839105 39.15953089617119 39.72324712720354 40.11130714321798 40.29000722578502 40.23489945006009 39.93311800789323 39.38332460007299 38.594235766278295 37.5824893862875 36.3703719385211 34.98372151727658 33.450164379515975 31.797735135450367 30.05386430307566 28.244681611429012 26.394569777679067 24.5259039116108 22.658920355514976 20.81167129375727 19.000034718139602 17.237761183636625 15.536547957715197 13.906137128502083 12.35443701766592 10.887666393767091 9.51051924596713 8.226345199254386 7.037337875986718 5.944721362525149 4.948923913617696 4.049728341808981 3.246390193237577 2.5377175850350984 1.9221101116120158 1.3975581195237174 0.9616074483999315 0.6112980605642304 0.3430875373167108 0.1527719824467172 0.035417344305468945 -0.014686448744777314 -0.004037771114268063 0.06010629070928031 0.16980658808486704 0.3165673006884362 0.4915081351757056 0.6855779140933077 0.88980104626879 1.0955458892156904 1.2948023026869426 1.4804549053504257 1.646538713784007 1.7884650186250628 1.9032074665011056 1.9894413099499908 2.047632536596733 2.0800780045679423 2.0909026617228763 2.086025401926428 2.0731111404342917 2.0615334927454043 2.062380458274782 2.088545594759461 2.154960700107844 2.2790454169357988 2.481478234294121 2.7874385474183083 3.228541308451238 3.8458023577186973 4.6941646031964375 5.849436747134007 7.4190433697785 9.558932086576876 12.500651425990105 16.59560185631792 22.388900328351724 30.745294476181016 43.06792259246461 61.68358499962667 90.52197659550565 136.27941264978682 210.20634528029268 329.8559991789229 516.0495109286422 766.162993632502 963.247682736128 774.3761383505009 -1.62598075709397 -776.9766085309903 -964.3876137753615 -766.0469068192288 -515.2983340344441 -328.91597446537355 -209.28538228056402 -135.45015332568465 -89.79998455125315 -61.064985450309806 -42.54437412013589 -30.30900069167064 -22.033718373714592 -16.316782643408523 -12.294208394153516 -9.421010837564747 -7.34541999685312 -5.835179145194657 -4.7334557262296295 -3.9319106440613427 -3.353917347168889 -2.943913528904163 -2.6605373057853043 -2.4721475841799068 -2.3538765696751174 -2.2856852863184507 -2.2510865298963623 -2.236317679060462 -2.2298188936942243 -2.22191829085866 -2.2046552108659356 -2.171692037590683 -2.1182780741160756 -2.04123810554957 -1.9389650096406086 -1.8114010483735732 -1.6599968697190992 -1.487641104227222 -1.2985569580348937 -1.0981654166800774 -0.8929176161127234 -0.69010149619117 -0.4976299928985406 -0.3238195866366034 -0.17716895930969256 -0.06614771339646941 0.0009954492463659648 0.016396995221254484 -0.02729082509235481 -0.13680657176863564 -0.31822403969372637 -0.5769320645440668 -0.9176442860384104 -1.3444308717405067 -1.8607622610733106 -2.469553932114218 -3.173201149740609 -3.9735936943317105 -4.872102640209232 -5.869534180404714 -6.966048959902715 -8.161049035466661 -9.45303792703897 -10.839461864882992 -12.316541878822084 -13.87910658564223 -15.520434441702035 -17.232112025065693 -19.0039121882446 -20.823693342739702 -22.677319668236162 -24.548602530174435 -26.419266656361184 -28.268951076483305 -30.075264477390505 -31.813926779145074 -33.45904199121286 -34.98355951138565 -36.35998861990064 -37.5614296369231 -38.562969015840665 -39.343447077184734 -39.887537022813554 -40.187962470867866 -40.247520981746554 -40.08037437912115 -39.71183634210007 -39.17569543262278 -38.50807920537047 -37.737180646071344 -36.869059664907944 -35.871357736905196 -34.65900852462678 -33.08824457680437 -30.966089084447646 -28.08044331031212 -24.249846384596374 -19.383007604432123 -13.529981339366337 -6.9044712304000555
0.11784134140491176 8.296563779834898 15.87784876534215 22.411415691734327 27.647479894872262 31.555750149760975 34.28791876828097 36.10462299181716 37.29526058596999 38.11417997170441 38.744802496735176 39.29118105803209 39.78901474018581 40.226128316720455 40.56421126386045 40.756866975071304 40.76204867598854 40.54900501418768 40.100878769369075 39.41437524707103 38.49777128691167 37.368224343150565 36.04901424917317 34.56707804155412 32.9510000887856 31.229490609642195 29.430311036287016 27.579569145954608 25.701297178652993 23.81723212011688 21.946731482079816 20.10677505169589 18.31201970036722 16.574888304088375 14.90568399855674 13.312727127635926 11.802514689720766 10.37990161251584 9.048300833063848 7.809895980583486 6.665857409718228 5.616550176638437 4.661721759695869 3.800658074598253 3.0322985582522746 2.355304504428942 1.768079001305961 1.2687412745705784 0.8550624755481601 0.5243735654599652 0.2734585788578825 0.09844799853664377 -0.005272866773209373 -0.043126716379078556 -0.02136674786133025 0.05294959406834665 0.17204023430132664 0.32753197348345947 0.510644344552183 0.7124165403765703 0.9239670235087344 1.1367731512722938 1.3429568613450293 1.5355622439198329 1.7088116628297816 1.858328930404718 1.9813207499667917 2.0767110997564617 2.1452272604473297 2.1894406917355447 2.213770831859252 2.224465196417474 2.229574949511731 2.2389518358525984 2.264300486033155 2.31933070858642 2.420069018624904 2.58540989449052 2.838019281467541 3.205752366283454 3.72382581353331 4.438110053805177 5.410111502046899 6.724552267836914 8.501021501444717 10.912137150270729 14.212322719613368 18.784215408891303 25.21485083902708 34.42278857459513 47.872861836287804 67.94014506739332 98.51676811241327 145.96106413216958 220.300315167834 335.5558220475574 504.10157401975295 709.6096984089595 837.7377824791132 635.9854860482804 -1.008606869081774 -637.7582462773468 -838.7710885681976 -709.7813940148434 -503.6971536631451 -334.8961368790926 -219.58169450984053 -145.27486269425793 -97.89773219442299 -67.3980550579023 -47.40809839127946 -34.0329225343039 -24.897013924505828 -18.535667756974792 -14.030328694866755 -10.793638333690957 -8.44231562765696 -6.7210629558944746 -5.456278295452588 -4.527402082100118 -3.8488687223292573 -3.358549930085608 -3.0102457771616353 -2.768745981307219 -2.6065524212942615 -2.501693416795958 -2.436266511189611 -2.3954735904783973 -2.3669917858226697 -2.340574128480849 -2.307806451386923 -2.261968246830975 -2.1979592488557964 -2.1122630751807536 -2.00292597418647 -1.8695337580550142 -1.713174047601046 -1.5363744936962298 -1.3430109564460668 -1.1381828553821276 -0.9280560333119886 -0.7196765030785535 -0.5207611582080246 -0.3394738243119727 -0.18419668983901683 -0.06330804286698577 0.015022775684790657 0.04301323186736011 0.01341018928350396 -0.08040819956901812 -0.2443734486658189 -0.4837090941077829 -0.8029493948531058 -1.205986056558826 -1.6961320645917342 -2.2761900836685762 -2.9485124311567485 -3.715040459249825 -4.577313244802719 -5.53643861759559 -6.593023444644019 -7.747064271627357 -8.997803442545166 -10.343559109241006 -11.781539683796415 -13.30765396544531 -14.91632729157699 -16.60033182692089 -18.350636018818477 -20.156275084113883 -22.004242170686748 -23.879399622632747 -25.764412618536348 -27.639714046778785 -29.483520186003307 -31.27193109349724 -32.97916639085185 -34.57800404585765 -36.040503028542666 -37.33909513539801 -38.44811912779189 -39.34583153011095 -40.01684972175345 -40.45484960762291 -40.66513816878725 -40.66644742865666 -40.490972685254256 -40.18137785537057 -39.78337019010514 -39.33276273353048 -38.83702606467754 -38.25345258977375 -37.46914325863937 -36.29127622470918 -34.4577516280431 -31.675933894694808 -27.68918466236059 -22.358323317437367 -15.733163537503536 -8.085271675253303
0.09212110564593701 9.745048249563126 18.6034232341159 26.067010385806277 31.81186819861015 35.81525179895628 38.30163669896969 39.64006124286712 40.23309219728155 40.430136310805054 40.480366279878055 40.52349636290753 40.6065558761437 40.712585853968086 40.7901336114147 40.777146002732856 40.61703441993636 40.2673752211391 39.70295896586373 38.915152374883185 37.909261919708555 36.70112844654793 35.313732404520515 33.77423049003569 32.11159393178065 30.35486252954689 28.53194386714053 26.668851368434332 24.789269779655896 22.914348900456847 21.062646607488134 19.25016434744575 17.490438434776824 15.794666678742852 14.17186108833235 12.6290238348134 11.171345848377255 9.802426548823627 8.524510393313756 7.338732446219298 6.245362025074086 5.244031435673035 4.333936345724751 3.5139955795593716 2.7829609300539064 2.139471640804258 1.5820529979647304 1.109063488645961 0.7185996645863931 0.408371725850315 0.17556556081502195 0.0167082814228961 -0.07244589606811291 -0.0969942253553277 -0.06291617759598966 0.022952000831594904 0.1530027526272862 0.31900177174446626 0.5122861783458943 0.7240068493338455 0.9454023539571046 1.1680899800827274 1.3843585984688738 1.587448617708445 1.7718059513353868 1.9332995547442777 2.0693955121053875 2.1792846225340834 2.2639647470031052 2.3262837105637866 2.370953265470044 2.4045495943247897 2.435521319709144 2.4742324794543857 2.5330761164808755 2.6267052658979217 2.772443917364864 2.9909638067091016 3.3073480318573933 3.752716508326759 4.3666726261668005 5.20096401552067 6.324964621486906 7.833933635045254 9.861580112186518 12.599416221387715 16.326983957458683 21.45974074451884 28.62591984351237 38.79110587592271 53.46065972308911 75.00458101616036 107.1556734608725 155.67821552009863 228.90083353308998 336.66576918166766 482.92662607427593 641.3056301112174 709.0058832205236 508.50514350120335 -0.4775539649948257 -509.48188180763407 -709.800408277168 -641.6466513680064 -482.82671197545034 -336.2943384547945 -228.41187302342635 -155.1657217588942 -106.66749150712195 -74.56254631493796 -53.07390388149202 -38.463056184889766 -28.357522493523966 -21.250741291486406 -16.176297788462744 -12.505120951279425 -9.820793950749973 -7.842707707121366 -6.378248179814694 -5.292664994033802 -4.489815152140808 -3.8996840244104325 -3.4701921421823045 -3.1617534985212137 -2.9436270041999224 -2.7914535018555564 -2.685587363395747 -2.609967290120585 -2.551356959998863 -2.498841356639858 -2.443500349529615 -2.378204337163403 -2.297491979598998 -2.1975000077116555 -2.0759218008863796 -1.93197609125062 -1.7663707477879458 -1.581249695772821 -1.3801140703509351 -1.1677118638015251 -0.9498936967736876 -0.7334358293942245 -0.5258349492578279 -0.33508240352518937 -0.1694280888035922 -0.037145919279720635 0.053686536246790734 0.09538217963341727 0.08080188216326792 0.0034677659485789214 -0.14237169725471802 -0.3617245504262262 -0.6588816460674842 -1.0374778051165483 -1.5005759570393353 -2.050760128473525 -2.6902222503085054 -3.420828324969746 -4.244151549466918 -5.1614633091031505 -6.173677226773144 -7.281246185668471 -8.484016887744112 -9.7810504765089 -11.170420515180801 -12.649000811820464 -14.21225501755885 -15.854037794764686 -17.566414098703074 -19.33949954381009 -21.16132206487542 -23.0177043218438 -24.892168793881897 -26.765874394109044 -28.617605128524737 -30.42384804166187 -32.15901813915289 -33.795910066662934 -35.3064760278543 -36.6630403223267 -37.8400536579071 -38.81645152558066 -39.578592175821825 -40.123588930545125 -40.46259629672644 -40.62324718216104 -40.64998880331405 -40.60061355949607 -40.53702679261306 -40.508586532497226 -40.527668037455555 -40.53989058128149 -40.395711728296035 -39.834859180611915 -38.49790152097743 -35.97664813650869 -31.904307563115353 -26.068567735397785 -18.513082296234273 -9.586185122021362
0.06197589839551654 11.658646231227365 22.179358569136554 30.81093599804241 37.12749410190952 41.123439045311905 43.134434415397216 43.69053973106496 43.35976925071261 42.62836879735943 41.83820937484928 41.177251223230016 40.70528578327792 40.39486088406985 40.172098856805505 39.949031048416295 39.64488225649099 39.19731292949091 38.56616454827266 37.73244877945725 36.694851450751464 35.46535299276066 34.06494688030559 32.519961569328345 30.859170821546655 29.111685435765366 27.30552133219821 25.466702292857857 23.618755790243416 21.782479802964215 19.97588565353814 18.214249747242615 16.510231320291947 14.874032106537705 13.313586482797678 11.83477765942409 10.441677768032175 9.136808686086017 7.9214174411888765 6.795756483822385 5.759356041991764 4.8112739829365285 3.9503085282328874 3.175160947852772 2.4845387650198822 1.8771947225123489 1.3519021718135762 0.9073731530318896 0.5421305644780043 0.25435000187053364 0.04168964826603734 -0.09887225072897042 -0.17117336999398525 -0.17996006037053827 -0.13092389411560426 -0.030673807178806592 0.11335894632004233 0.29308029829363397 0.49994950654805126 0.7252398693407754 0.9603289571627829 1.1970017508627049 1.427750062315651 1.6460530273990082 1.8466261530766108 2.025630013427482 2.1808339557106287 2.3117347102342976 2.4196344127733886 2.5076870501404556 2.580926758789792 2.646295927719727 2.7126960707649084 2.7910905590808333 2.8946964920897877 3.0393145735427285 3.243862846210588 3.5312054357852785 3.92940565334593 4.473590967276619 5.208706867254886 6.193575824114395 7.506896370123306 9.256164660213505 11.59105684008732 14.723704994608067 18.9597376402012 24.74624366571254 32.746348818499804 43.955142653400166 59.87754005718493 82.79046936445322 116.09067875203438 164.62365435070623 234.52134693219494 331.0324724124625 450.5999107377256 561.7125270882717 580.401165920712 393.7102813941351 -0.0642108860304802 -394.00092918368654 -580.8731878325091 -562.0887332056235 -450.7198848952587 -330.9194950433536 -234.26352493557178 -164.29909919690067 -115.75073882270858 -82.46499325316624 -59.583025702266696 -43.7005982658023 -32.53667057083409 -24.583925082619082 -18.845630387436252 -14.657297969726812 -11.570546810890091 -9.278471202135984 -7.567702874587689 -6.287436368435095 -5.329232569855069 -4.613712309362028 -4.081695560762821 -3.6882402078267096 -3.3985936203789757 -3.1854206428322263 -3.0268931715007885 -2.905368129959701 -2.806472097640622 -2.7184704209540222 -2.63183749732665 -2.5389702533472334 -2.4340031814230194 -2.312693671516902 -2.172352900639274 -2.0118017631341742 -1.8313342749151986 -1.6326734070895577 -1.4189069593653276 -1.1943941156630429 -0.9646369183616277 -0.7361149390225971 -0.5160856582427705 -0.31235721395358496 -0.13304379422117862 0.013683328084651038 0.11983463130007567 0.1778165185254473 0.18060775551424593 0.12188800213784774 -0.0038876814170522855 -0.20146962996740042 -0.47484580787970215 -0.8273167249423949 -1.261600127031334 -1.7799496279857165 -2.3842700342319687 -3.0762124461413896 -3.857234217890179 -4.728612403487042 -5.6914039520959685 -6.746351218375468 -7.893736606164186 -9.133194814341937 -10.463494576211652 -11.882303513626457 -13.38594961841688 -14.969190957587196 -16.625001987944366 -18.344381142881282 -20.116181298364122 -21.926963705712897 -23.76087849064068 -25.599582149524736 -27.422215612511458 -29.205485838837973 -30.92391846476028 -32.550377235869284 -34.05697267971019 -35.41650118305428 -36.60455391497619 -37.6023959407501 -38.40061382606397 -39.00333389673882 -39.4324870700169 -39.731115361973934 -39.96409166143078 -40.21395755340329 -40.5691284210663 -41.10194631116837 -41.83566697002927 -42.70315057685714 -43.505970499073676 -43.8896707636216 -43.35565603782232 -41.32752042275811 -37.27507536707808 -30.87386277334403 -22.151473872766836 -11.560921373492405
0.03135457404823683 14.30631617753697 27.09144447007983 37.26259837621981 44.249583305040474 48.08046935841137 49.26352045245164 48.572725692901386 46.82291951596973 44.701317431039556 42.68303554713082 41.0224143192206 39.793016535991654 38.947138899243505 38.37349826560921 37.941986602541 37.532579504615526 37.05028627112083 36.429930464059176 35.63463024318203 34.65108306484943 33.48378513488459 32.1494540547107 30.672283151833568 29.080237833887246 27.40236307780752 25.666953596304996 23.900399496840084 22.126526095873622 20.366274688817796 18.637606630174663 16.955547919113577 15.33232095331516 13.777532364195322 12.298400703489031 10.900015925175698 9.585625534495877 8.35694151671673 7.214459387889643 6.157777315995566 5.185900477672894 4.297514386785786 3.49121135221668 2.7656565495019074 2.1196842687102624 1.5523202682647674 1.062732288343122 0.6501169918821537 0.31353725738093124 0.05172827871002556 -0.13710616705243514 -0.2554849065536163 -0.30680669236278424 -0.2954552959079609 -0.2268386658248276 -0.10735427655611442 0.05572076169950684 0.2544098248083914 0.4802764039572556 0.7247079943165438 0.9792261499129429 1.2358036239962926 1.4871704219575343 1.7270932063717659 1.950616429290848 2.1542584534975373 2.3361611474107673 2.4961967002853913 2.6360402875262587 2.759221592642247 2.871172196470262 2.979289660208356 3.093043450611843 3.2241533863532066 3.386879243146151 3.5984720389795055 3.879855438062574 4.256632739980115 4.760555451943094 5.431650332261839 6.3212935105932955 7.496659317212384 9.04718328749554 11.094003224307313 13.803838858564287 17.409525809059524 22.24054418140664 28.76847994169096 37.67438926520649 49.946880760994844 67.01888467757655 90.93958671014146 124.53334727188015 171.3621851496061 234.95837078017166 316.05501061009454 405.60071837245636 472.52937269288253 455.8826994591136 293.0675247534609 0.21631039468061886 -292.8410348065924 -456.0141125518413 -472.82075266737775 -405.82823154128533 -316.13328595271105 -234.9020023325554 -171.21742073423096 -124.3435588272579 -90.73635516803513 -66.82308529522452 -49.77183294578191 -37.528486743826356 -28.656878502918424 -22.16610316959189 -17.37328016202966 -13.805220572248311 -11.130959734136358 -9.116284228229965 -7.593243361412316 -6.439679019259459 -5.56541363611801 -4.902866243625126 -4.400626151659092 -4.019014324086189 -3.726990453133683 -3.4999788603380653 -3.3183282186012573 -3.166214100927683 -3.030855889827322 -2.901960958332228 -2.77133610678465 -2.6326234780311983 -2.4811287768494728 -2.313715721927248 -2.12874417494735 -1.9260314249336732 -1.7068178550100344 -1.4737202556990014 -1.2306589101445524 -0.9827483847225926 -0.7361466547663349 -0.49786245392636347 -0.27552613537489606 -0.07713430675583208 0.08921751649956094 0.2155974460329134 0.2944774001355276 0.31893457129479735 0.28280082939793155 0.18075131756521456 0.008329114247434925 -0.238090999640113 -0.5613907204563007 -0.9638342531935722 -1.4472143987128392 -2.0129989120642318 -2.662457397025475 -3.3967510006033264 -4.21697093604588 -5.124116956422425 -6.119012760442688 -7.202161265792705 -8.373548012975407 -9.632405073498328 -10.976950192575218 -12.404116305692048 -13.909285016858174 -15.486034709741302 -17.125910306960424 -18.81821880627521 -20.549853813829344 -22.30515532027799 -24.06581938916519 -25.810887718609177 -27.516869752941542 -29.158080186485467 -30.707309762965096 -32.13698308238477 -33.42098466432297 -34.53733957419214 -35.47189393684924 -36.22302067067373 -36.807130326796944 -37.26434368005238 -37.66303661168369 -38.10109915031834 -38.70077204329636 -39.59316335253149 -40.888651428097056 -42.63134252654677 -44.740669524698795 -46.95158225229701 -48.77519643793349 -49.50964960847681 -48.32858434331566 -44.45484058246851 -37.389788898956056 -27.128340787996308 -14.271125493081627
0.0046421505039973 18.16473981830047 34.203885588333094 46.527233469717544 54.35226757360301 57.769613289813115 57.56230083028502 54.88441544962974 50.929659589162846 46.68884260925488 42.8339980891268 39.71324811047783 37.4140975937598 35.85195927399365 34.85359829191514 34.22058456460597 33.76956419585797 33.352694961517045 32.863942929681755 32.23679537560864 31.43772217043761 30.458289675938666 29.307616338654086 28.005981844861914 26.579843486065347 25.058199836103245 23.470095487330145 21.84301684552303 20.20194159331301 18.56884335728559 16.962499807633424 15.398496589426601 13.889356272263065 12.444748895460155 11.071759081162647 9.775195102320888 8.557929677779907 7.421262438874059 6.365291900421732 5.389281905818499 4.492005246802683 3.672046260682349 2.9280451955151707 2.258870148980352 1.6637071560561545 1.1420651559900223 0.693699492112388 0.31846455526930767 0.01611248353800736 -0.21394017951523397 -0.37285290208862604 -0.46258283333800404 -0.4860634915177355 -0.4473200912442302 -0.3515069606068247 -0.2048596360653722 -0.014562052480637105 0.21146322009342466 0.46482715761651805 0.7369895289714712 1.0195952101911543 1.3048093607785638 1.5856314110988812 1.8561719671083414 2.1118823991757294 2.3497333061407026 2.5683446032079282 2.768076047295828 2.951092210079359 3.121420003941305 3.2850201536543944 3.449896789500667 3.626272484986287 3.826860577595681 4.067273799277515 4.366619920445902 4.74835319039385 5.241478021738577 5.882242221859069 6.716517207689121 7.803150059755848 9.218699362810167 11.064150633572911 13.474470866446374 16.632232711359386 20.78703880713406 26.28309129223072 33.5978407966564 43.394720165651485 56.59110678743695 74.4352027591133 98.56368543939675 130.95649213625603 173.57990826002643 227.2703017018829 289.10013669196655 347.571734510117 377.13530325294005 339.8742145990585 207.67028512580055 0.3648109026066493 -207.12823575156136 -339.71645472020913 -377.26626268078434 -347.79231085085627 -289.2748713019655 -227.35381244018527 -173.57963020308452 -130.89790774069465 -98.47285696272355 -74.33308181448605 -56.49301553331431 -43.31137836743548 -33.53649467411124 -26.248340391444856 -20.781348286692534 -16.656228207278524 -13.527120455852359 -11.142915764192907 -9.31970915167779 -7.9214287447024185 -6.846274136743935 -6.017217768917448 -5.375327028672161 -4.875039824198679 -4.480794146982658 -4.164599737306873 -3.904270365424345 -3.6821254519377176 -3.4840316944291514 -3.29869735462035 -3.117159525419938 -2.9324221393116354 -2.7392125891689822 -2.533830139697657 -2.3140614207211097 -2.079139093035878 -1.8297202056524742 -1.5678619966847522 -1.2969753767061443 -1.021740395318882 -0.7479735126297848 -0.4824430957420245 -0.23263661151306375 -0.0064897580072213745 0.18790658619198541 0.34260174666616605 0.4500614974776214 0.503404493879091 0.49658142826932306 0.4244847569383149 0.28298354371021844 0.06888543511610534 -0.22016499010744753 -0.5858358645580543 -1.0292853506685362 -1.551343690339357 -2.1526767751698337 -2.8339100425349426 -3.595695640600943 -4.438711412592528 -5.363586824388561 -6.370757696650131 -7.460257726955854 -8.631459652735929 -9.882782023594993 -11.211378505094348 -12.61282579055667 -14.080823640584827 -15.606917540179621 -17.18025205795337 -18.78736297232286 -20.412020526837658 -22.03514673198015 -23.634848307299006 -25.18663476109295 -26.663928394632386 -28.039017881176242 -29.284653940822025 -30.376524932573812 -31.296862298446637 -32.03938160954767 -32.61561668248092 -33.06238880471213 -33.449590240646195 -33.88657768878422 -34.52424693730638 -35.548419677029486 -37.15894211154147 -39.52875698976399 -42.739606120054674 -46.69766176797374 -51.04430897172385 -55.09297236641508 -57.835993413402065 -58.06457336482218 -54.61750452703917 -46.718999592623156 -34.30250583632333 -18.185680530460324
-0.01676822295237912 24.134868396150644 45.15718086555154 60.707519696516776 69.67403060099464 72.26279831828109 69.71227422451153 63.79441600369962 56.30915349354115 48.724628608289855 42.01527091974633 36.666544267933695 32.77800343315151 30.198858520682492 28.652093220240538 27.826924771050532 27.43647289661144 27.246490858112704 27.083887081786884 26.833191298394343 26.4271617712164 25.835606229580588 25.05474217740833 24.098190942010156 22.9899314602644 21.759117358602918 20.43646906183194 19.051899049382648 17.633048992776732 16.2044707865755 14.787245893046475 13.398895107395447 12.053478588317512 10.76182163335354 9.531825785144276 8.368839501208813 7.276069653439909 6.2550173084489895 5.3059204244303855 4.428184301869253 3.620779135617147 2.8825839377109514 2.2126578233282785 1.610423486468396 1.0757534030472835 0.6089564230049235 0.21067039433848161 -0.11832559606565762 -0.3773585230481061 -0.5661418760344317 -0.6850594573208808 -0.7354221059770746 -0.7196691790087132 -0.6414916979816456 -0.5058614682282303 -0.3189595048837257 -0.08800671825202888 0.17899099260282325 0.47356340229925964 0.7871372587874709 1.1114107772833974 1.438714781751213 1.7623378686702078 2.076799322260382 2.3780615604104827 2.663682487670238 2.932916474184116 3.186779824371974 3.428102017407064 3.6615875925610775 3.8939155767378497 4.133904293542045 4.392770551197994 4.684514638364778 5.026467884473029 5.4400495472956 5.951796336811643 6.594753305671774 7.410351789153557 8.45095208261759 9.783299414448665 11.493236468073652 13.692137434193063 16.525676304042225 20.18569963281369 24.926086504081233 31.0834005120042 39.102521018167245 49.56549730224746 63.216924747402366 80.96785199000588 103.8365588896184 132.7396794911584 167.97519440431506 208.1627682079512 248.45221896799606 278.3259205035282 280.80553675588146 236.9098088671162 138.1346259724303 0.3962022312720137 -137.48122023043763 -236.57190449847042 -280.76663206263675 -278.45623837746024 -248.623911249517 -208.30172985708106 -168.05708772826387 -132.7686198957645 -103.82770404169017 -80.9379478998795 -63.180489703433814 -49.5338595077599 -39.08396417097281 -31.083582998956416 -24.948422841746254 -20.231637062106955 -16.594893418623858 -13.782715641277864 -11.60184993927893 -9.905453562297216 -8.58128286612858 -7.5429818400418736 -6.7236876975601545 -6.0713316642602155 -5.545165029637033 -5.113166689781623 -4.750086889763749 -4.43595599278368 -4.154941339021279 -3.8944734835570647 -3.644588531949988 -3.397449151251175 -3.147014933288991 -2.8888360267805693 -2.619943665008034 -2.3388096719642246 -2.0453454789231063 -1.7409110006531836 -1.4283055529297484 -1.111717338305035 -0.796614738397261 -0.48957102232682903 -0.19802359348050635 0.07002189516047697 0.30632414392162133 0.5027512635331216 0.6516111163322371 0.7459401445067317 0.7797274193066874 0.7480570417065477 0.6471602996347553 0.4743782938761674 0.22804486976651245 -0.09269222103246502 -0.48808802197106493 -0.9580275671625549 -1.5022355594162053 -2.12044274100048 -2.8124877438209275 -3.578339685501204 -4.418034264828743 -5.331523939871365 -6.318449859916974 -7.377849129380081 -8.507814959340665 -9.705129103723674 -10.964885910735022 -12.280125674707653 -13.641492941945943 -15.036934242975141 -16.45145162697259 -17.86693517243254 -19.262112225514326 -20.612675337373652 -21.89168693072285 -23.070406780295592 -24.119746978932266 -25.0126218483393 -25.72751447519672 -26.25360264463028 -26.597734414008922 -26.793351676952515 -26.91103796526928 -27.06959607706727 -27.44532433762714 -28.275402158359775 -29.849152498189202 -32.47896941977357 -36.44210473428 -41.88739675612396 -48.7100866538448 -56.41514185038332 -64.01358106693955 -70.0185746532389 -72.6109322568469 -70.005916905167 -60.96799507168349 -45.315953715507895 -24.204097512265932
-0.05378490613772158 34.07326273106026 63.35520938317796 84.17554890277401 94.86947093054087 95.8634638238509 89.20309804249626 77.73398039532253 64.28868828242118 51.12985259036806 39.72031632787587 30.754815998106366 24.336109927973748 20.191313611204187 17.863308845724735 16.849984608315882 16.68941918635314 17.001473999519455 17.499579982156455 17.98503115301053 18.33290850086544 18.475527036696526 18.38672544478781 18.06854100416255 17.540719161074357 16.832914056314486 15.979170009281507 15.0142012404747 13.971016508064759 12.879509237682662 11.765718907307543 10.6515481309849 9.55478508853441 8.489329874548368 7.465557666673228 6.490773244258313 5.56972372974647 4.705142049948041 3.898295375940226 3.1495127483019627 2.458666119795408 1.8255800306675452 1.2503480748308688 0.7335393682747146 0.27628523484687917 -0.1197549970083367 -0.4525407145892016 -0.7198912724841466 -0.9197952817112387 -1.0507547457625637 -1.112127032497183 -1.1044273246893153 -1.0295573979705528 -0.8909335171993978 -0.6934960811347951 -0.4435954648124296 -0.14876100632221778 0.1826282457391415 0.5417429033437171 0.9197387080726177 1.3081921245701456 1.6995027646862781 2.087236001784634 2.4663888451623497 2.8335738807682556 3.187128069990566 3.527164089278459 3.8555906049311806 4.176133408295423 4.494391767102812 4.8179638769034465 5.156672893900094 5.522922156428467 5.932206337506685 6.403806091634101 6.961699133116728 7.6357317074124404 8.463112169201924 9.490313477502065 10.775502917694245 12.391653145344405 14.43052259073263 17.007712401092554 20.268983552541584 24.397896973299414 29.624512630849196 36.23414573460604 44.57365683259273 55.04980586529706 68.10882744303859 84.1773033747284 103.53080095119704 126.04088159972714 150.74501789033243 175.22192064159725 194.90373269196226 202.78570857798604 190.41818580531 151.0546750538211 84.46904156242496 0.3364793185678394 -83.88180591463623 -150.67645579154743 -190.26928812500898 -202.80440210358464 -195.00331592946728 -175.3337242893682 -150.83196381302065 -126.09205718630444 -103.55069169077912 -84.17689665706662 -68.10025254822438 -55.043774682916876 -44.578548936030636 -36.25587277032327 -29.66667110678611 -24.46198672112154 -20.354621234727198 -17.112840292223265 -14.551636742489714 -12.524074593830425 -10.91370418536408 -9.628297880751035 -8.594829805074754 -7.755505497216153 -7.064628336759249 -6.486113597794496 -5.99149941516719 -5.558343502232166 -5.168928640393311 -4.809226458256515 -4.468086748382893 -4.13662954773436 -3.807820475871526 -3.4762078358997055 -3.1377952124961306 -2.7900171401056686 -2.431780404460182 -2.0635306126181447 -1.687304428957849 -1.3067324867600816 -0.9269663082969726 -0.554514022459221 -0.19698265727993713 0.13726190004351158 0.43949455838021567 0.701058659567308 0.9137853386837619 1.0703679975620704 1.1646596313273638 1.1918688916850995 1.1486415959296308 1.0330266965897366 0.8443378198539144 0.5829321421044198 0.2499363474517402 -0.1530459323246386 -0.6242097537933339 -1.1617746954327435 -1.7641335236561957 -2.4299040572143755 -3.1578737995126454 -3.9468361407625583 -4.795325752436768 -5.701268105156587 -6.661563276600043 -7.6716274782656635 -8.724916780317033 -9.812457482741564 -10.922407222078988 -12.0396722974217 -13.14561199885933 -14.217872380489215 -15.230413584629288 -16.153828683780347 -16.956101426961467 -17.60401534037115 -18.065506434853383 -18.313337349479262 -18.33054652288668 -18.118156614937984 -17.70555674223795 -17.163709213424692 -16.6207413749353 -16.278391141126836 -16.425994472331062 -17.446119425532647 -19.802699066424623 -23.999292113767723 -30.493598171152936 -39.55764183860122 -51.085418027658754 -64.37523903170205 -77.95215125978139 -89.53539296079337 -96.26958078857051 -95.28769255221725 -84.5365138204901 -63.61005831208466 -34.22420190254627
-0.3328652024903178 52.20431245996249 96.73793831480815 127.20760241530904 140.86752287081782 138.60216163186445 124.07528870089557 102.22495483932502 77.82535106897193 54.57166206240482 34.76229890158111 19.415110866903838 8.59618085563285 1.7876002892336373 -1.8027689472477348 -3.0234615564445066 -2.6497076802695085 -1.3218864295311272 0.470649373769394 2.3796235339218486 4.175589245947742 5.722152602590791 6.951554211150901 7.843868015918742 8.410478355688754 8.68163049945081 8.697460179727113 8.501797408917156 8.13807704995853 7.646790902079286 7.064035670262397 6.420823280088896 5.7429131703845036 5.050998324876363 4.361128464184794 3.6852885389966614 3.0320723393281734 2.4074033915834345 1.8152617270052185 1.2583785280229076 0.7388631714842775 0.2587303865816959 -0.17969974077464146 -0.5735490404318311 -0.9192864830553926 -1.2127906674216926 -1.4495566387913439 -1.6250216421173636 -1.7349735698422157 -1.7759970932499507 -1.7459081081575012 -1.6441268984705715 -1.4719456393309793 -1.2326558939359382 -0.9315158058356698 -0.5755536191433264 -0.17322158830827133 0.2660695611654551 0.732492805750537 1.2163736193343195 1.7087343247904063 2.201768578477675 2.6892119806000423 3.1665906294830317 3.6313474952709424 4.082864303883577 4.522411996978059 4.953073774773276 5.379690193479947 5.808875260079338 6.249146870125899 6.711205461975012 7.208383261688433 7.757275420333665 8.378555336734372 9.097971110216262 9.947519231886526 10.966793910596184 12.204513895284762 13.720228121934518 15.586187951893704 17.889334048853954 20.73325725748698 24.239820880553875 28.54982445684384 33.82156941586389 40.22535292459217 47.93065345283676 57.08101306648228 67.74950098030973 79.8658486926751 93.10675140139945 106.74738225260771 119.49135503924512 129.33521205171772 133.5809797394427 129.15935891619768 113.39641435128556 85.15826631033008 45.944893344218585 0.2187700943423465 -45.55051560597434 -84.87418092975929 -113.24479813296762 -129.11832735290395 -133.60518652723474 -129.3792124885984 -119.52391318492239 -106.75485473785606 -93.08956804133128 -79.8327657132769 -67.71250040686016 -57.0518517431573 -47.918980976229264 -40.23793777580664 -33.86217499323107 -28.619410284246303 -24.336883774690452 -20.854227242966815 -18.02899733398644 -15.7381341513807 -13.877322555921333 -12.359389488659778 -11.1123465849583 -10.077381187553746 -9.206930882334484 -8.462892498183328 -7.81498213877907 -7.239253104600884 -6.716781373332925 -6.232532536237789 -5.77442669075695 -5.33261473462221 -4.898971553065762 -4.466799114716535 -4.0307175423860695 -3.5867072964390623 -3.1322530746959867 -2.6665320280567366 -2.190587050392781 -1.707430878833474 -1.2220378951105155 -0.7411971973866546 -0.27321989830176446 0.17248590101021088 0.585941144037004 0.9571772889740982 1.2768200789242679 1.5366212366206555 1.7298896572720546 1.8517851144454756 1.8994532780897133 1.8719984464764943 1.7703079659953795 1.5967573932530732 1.3548370998223147 1.0487475086477793 0.6830117749241638 0.2621514165132566 -0.2095369665397473 -0.7280760346226045 -1.289757337531866 -1.8909426886781766 -2.5277253995567572 -3.1954693985962455 -3.8882518926348917 -4.598240690257028 -5.3150407207958565 -6.025046763149071 -6.710842616282596 -7.350692791225494 -7.918184615399726 -8.382099696793016 -8.70662751877499 -8.852085359963846 -8.776380620681701 -8.437544426208865 -7.797778738594108 -6.829579088847293 -5.5245998201181035 -3.9059685984871306 -2.0446509489518983 -0.08008067691078757 1.7555878745117992 3.1118449595729514 3.4976741504089137 2.2716400314271024 -1.3419611897591555 -8.191629884199413 -19.069075979945005 -34.49155214877209 -54.39235605248393 -77.75341085585974 -102.2765852626195 -124.26631738680082 -138.9434837047143 -141.35454653849243 -127.80869216877821 -97.3979888709886 -52.874105319173914
-6.79899221826652 85.33427488754963 165.03590717746874 218.17265398558214 238.31532398185027 227.98587921405766 195.50887598182354 151.033385108682 103.61496548046745 59.77064563926548 23.236850215637705 -4.569068567805701 -23.833299717987977 -35.66052783066764 -41.545619939906686 -43.02479374415746 -41.47878623594892 -38.04539207162283 -33.60137159830079 -28.782889269340917 -24.023451313884834 -19.596415615273365 -15.654992324245498 -12.266484691892954 -9.439820137025489 -7.146668233276587 -5.337014213528946 -3.95023188707877 -2.922662577440338 -2.192569225383245 -1.7031699306818693 -1.4042930856369984 -1.2530602791710477 -1.2138923622767583 -1.2580533404668581 -1.3628882483079918 -1.5108724138340746 -1.68856414240387 -1.8855371452486391 -2.0933586844096297 -2.304671269454661 -2.5124279221327983 -2.7093212698939273 -2.8874346312124377 -3.038128514577243 -3.1521585611354874 -3.2200026941400783 -3.232356548223403 -3.1807404031604367 -3.0581482029695684 -2.859663138260332 -2.5829652337121254 -2.228665347007719 -1.8004169308770412 -1.3047799705240282 -0.750839026208705 -0.14960516235756893 0.4867428850249128 1.1457040348460124 1.8153024083610025 2.4848538060831538 3.145580028329625 3.791021523502358 4.417227731274009 5.022735925865051 5.608379413149511 6.176990458054976 6.733078207181442 7.282566121722955 7.8326656861871236 8.391945017819369 8.970625169341107 9.58110625474462 10.238694667175086 10.962474236634877 11.776240947668493 12.709403965455722 13.79774330300676 15.083904473645049 16.617496461187596 18.454633870076396 20.65671978664474 23.28819145947625 26.412842396853485 30.08819052530587 34.35719939204551 39.23652175397585 44.700414745895145 50.659739353096086 56.93626262331275 63.23416883552868 69.1135805085441 73.97503156413521 77.06850276591126 77.5437019954106 74.55594962236577 67.42980330800563 55.858456865389705 40.086509974259776 21.002766905926507 0.07884356288734296 -20.861928351894043 -39.98936131523134 -55.81466276535885 -67.42958651293485 -74.57586039778086 -77.55653228532555 -77.05254209164902 -73.91953404850327 -69.0197870778908 -63.11300290644528 -56.804425297098945 -50.53567863225749 -44.60105216212096 -39.17506729394171 -34.34202174869449 -30.122538009895727 -26.495171006425398 -23.41288312505352 -20.815024384536194 -18.635713543685426 -16.80948587462927 -15.274921484851323 -13.97679750701375 -12.86715892018342 -11.905593389846535 -11.058923867396375 -10.30049007378131 -9.609167532628193 -8.968259795869571 -8.364389022067487 -7.7864948125153095 -7.22503110773598 -6.671422498087109 -6.1178076517579 -5.557061940673624 -4.983056225130178 -4.391080138109182 -3.7783381568497196 -3.1444189848160717 -2.4916438223004933 -1.8252165446648594 -1.1531262625585903 -0.4857861493369475 0.16457187996851697 0.7846953852698457 1.3612260582659963 1.8816401893437251 2.3351217786912737 2.713284562532725 3.0106782277657116 3.2250405782530134 3.35728684423775 3.411256378807459 3.3932622012780578 3.311507765656474 3.1754458703109334 2.995157679804572 2.780824218399369 2.54235152724408 2.2891943240432866 2.0304047707989104 1.7749135821140682 1.5320328614323864 1.3121541209965004 1.12760186867511 0.9935929978785452 0.9292435720903436 0.9585567935604944 1.111315717393646 1.423789490405114 1.939137216045994 2.7073566820590145 3.7845669364039436 5.231334849110092 7.109645656065422 9.477981680271474 12.38381195935001 15.852628665670165 19.872528532591804 24.37329734634841 29.19912810508962 34.07467551207133 38.5653984764478 42.03545289885646 43.6102503009117 42.156681379534874 36.30214592854841 24.523369623059565 5.345059703099064 -22.309286346273716 -58.58835536652895 -102.03266904040386 -148.87934851325002 -192.65806313715743 -224.5621528676267 -235.10329894569358 -217.1227105099982 -169.02598021065083 -95.77290392488446
-113.52477389486081 -1.2028182077133964 129.23465878879603 -295.7107044454621 598.2618149245278 408.91966182072804 345.3185829527161 247.70845451199008 146.16910800175907 56.106549913703674 -16.088118160215714 -69.20488302524674 -104.84489769041261 -125.87745025548713 -135.50105734036143 -136.72986594283287 -132.15510844257315 -123.870343925363 -113.48588868481446 -102.18595288316479 -90.80123617659197 -79.88204660052122 -69.76451855905007 -60.62690833176898 -52.535403703901636 -45.4801555549178 -39.40280498238246 -34.216943889830986 -29.822888290000904 -26.117987920744046 -23.003494913473865 -20.388822716410626 -18.193850409492505 -16.349784453829617 -14.798975612937415 -13.494002409329964 -12.396270902413908 -11.474334931980135 -10.702109006350824 -10.057122023359177 -9.51893816920346 -9.067850882424343 -8.683931836606096 -8.346489832365966 -8.03396213773011 -7.724226803146328 -7.395286567793424 -7.026240827411323 -6.598430921387899 -6.096622600952061 -5.510080303896547 -4.833392546448878 -4.06692967064387 -3.2168517474207015 -2.294633003948887 -1.3161254523241794 -0.3002410265873223 0.7326191929937775 1.762224837932591 2.7700868702051906 3.7407691881133354 4.662804455245473 5.529129494123152 6.337021729485026 7.087586928632428 7.784911889416879 8.435042298447492 9.044968968920374 9.621801677009989 10.17227739494142 10.702695183782973 11.219297485867695 11.72904103771688 12.240627073926147 12.765601729545217 13.319303064592836 13.921421973274173 14.595967038093516 15.37047061858754 16.274342794543315 17.336360782764793 18.581365671165305 20.02631974025393 21.675947739578927 23.518247850213836 25.520215013485892 27.62417781301707 29.74521767963756 31.770219250326637 33.559177545956494 34.94943381060267 35.7634685107211 35.8206726948751 34.95307124256275 33.02424307805918 29.94971571114391 25.716080873610103 20.39529024297604 14.150439354430056 7.2301519715045615 -0.049482824397983904 -7.333907955748842 -14.26591937009114 -20.52240460125976 -25.845749857946743 -30.064929312172417 -33.10373195112515 -34.976390384837686 -35.773206837697025 -35.6400794603795 -34.75600670867163 -33.311948690621925 -31.49327950508818 -29.466884011997152 -27.37300224615824 -25.321308518577723 -23.390410620858226 -21.629881638578485 -20.063998757755552 -18.696481825600795 -17.51565048461523 -16.499533349473293 -15.620561375224717 -14.849566281612825 -14.158891982068988 -13.524515645201296 -12.927168185297155 -12.352531808546008 -11.790674660671074 -11.234942710197092 -10.680568420653458 -10.123260517513332 -9.558017309360677 -8.978353092212176 -8.376054568554059 -7.741498945417757 -7.0644798736718695 -6.335410125806462 -5.546715932159551 -4.694206867769668 -3.7782084211737677 -2.8042749365556063 -1.7833575334474938 -0.7313741871287083 0.33179169654090623 1.3837648010983639 2.4014652993226138 3.363016421173426 4.249569518783025 5.0468597756558875 5.746345823562093 6.34584022825152 6.849601136877381 7.267916437339594 7.616266114485182 7.9141895776208 8.184008268452002 8.449561472438916 8.73510366665553 9.064489486943494 9.460739993594757 9.9460463786738 10.542227642392765 11.271620801436288 12.158347677949655 13.229872919747754 14.518742229688852 16.06436906135489 17.914715471044616 20.127691554696625 22.772065375377124 25.927633801499095 29.684345709091176 34.13998325802581 39.39589928065645 45.550164406464866 52.68730773986485 60.8636437473864 70.08698419407988 80.28938474303526 91.29153376346011 102.75759237756698 114.13992813066098 124.614614150933 133.01134210945696 137.74652173153433 136.77748856395056 127.61206867997643 107.43751116783606 73.49100329589575 23.926083114140795 -40.18957881062768 -109.65207172805691 -149.32846659957198 -12.345975753857985 1109.6856467805871 4618.280858382064 7088.130392863414 -504.58767379341293 -333.8512702262175
-1.9481331558485193 -0.9017742070777102 -0.08651215084753971 0.6506908744174922 1.1287556718747593 -1.4280177257325333 -43.89229209826539 -1093.1107896784242 57528.55061775529 -2791.572218136089 -428.36588937635867 -344.4150028156301 -361.1651666644633 -372.27539163467327 -371.2606408502239 -360.66312374721576 -343.5235334836406 -322.3158392477643 -298.9068951094964 -274.6655939823661 -250.57300450766817 -227.3108266486634 -205.32964939047105 -184.90203501332124 -166.16469725812877 -149.15272679204782 -133.82774110671568 -120.10111689372494 -107.85301995088759 -96.94769757351284 -87.24537130004428 -78.6110253691552 -70.92037992568744 -64.06336205738494 -57.94542015997273 -52.48706234637357 -47.622030543406076 -43.29453677496486 -39.45599891715279 -36.06169282148519 -33.06770706974049 -30.428528233437113 -28.09550662842275 -26.016356178502065 -24.13573196452523 -22.396816614385084 -20.74373087770809 -19.12449353227541 -17.494178183438123 -15.81788231916792 -14.07312543641237 -12.251339387948645 -10.358208306517346 -8.412735694600103 -6.445069087851474 -4.493264912541206 -2.599318189349664 -0.8048889311268459 0.8527883773473688 2.344337089799642 3.650613163818095 4.763763045467773 5.68688552915475 6.432415337827013 7.019525873303012 7.470988358301844 7.80998813528111 8.057391433718418 8.229859931716543 8.339057495212465 8.391997240589921 8.39237740637655 8.342583959285443 8.245924027192597 8.108621532498805 7.941154516520887 7.758640906319059 7.580155781659048 7.427061370793853 7.320607997377548 7.279192495234232 7.315713309108407 7.435433287512616 7.634660470282606 7.900409836740785 8.21104711853593 8.537769760519343 8.846684754033607 9.101203210235553 9.264493831384613 9.301800464842636 9.182512496717088 8.881950613484069 8.382875771655307 7.6767330579086135 6.7646129090892515 5.657861975969514 4.378231593744619 2.957434848716023 1.4360071376806616 -0.1385677891407866 -1.7144079959274805 -3.23829841728962 -4.659024435782477 -5.9306804467818 -7.015659218339021 -7.887068590395341 -8.530390192611481 -8.944272274395981 -9.14041829050749 -9.142588717871991 -8.984776009837159 -8.708648608359848 -8.360402887928053 -7.987213315976405 -7.633532493936945 -7.33755163682237 -7.128168175873917 -7.022808061097896 -7.026390231826829 -7.131611017511252 -7.320558477650341 -7.567482356772848 -7.842362984249451 -8.114785480233255 -8.357560301296418 -8.54955855714934 -8.677345712939655 -8.735391376663015 -8.724863141718053 -8.651247504154469 -8.521237315197716 -8.339443926237422 -8.105524664490659 -7.812246449542259 -7.444853664353435 -6.981896989227132 -6.397441225646228 -5.6643478340390185 -4.75814999551849 -3.660938457508145 -2.364665578973857 -0.8733532733962157 0.7961517342952584 2.6150277433545366 4.544860922409688 6.54128347675309 8.558431159352287 10.553687721419069 12.492172535150114 14.350478139885103 16.11928047984712 17.804599121430396 19.427653396297817 21.02342665803669 22.638191644435146 24.32635190791621 26.14701291629773 28.160705938755637 30.426651165207375 33.00087147577679 35.93536709548317 39.27844079393061 43.07613583873992 47.37463322966428 52.22334446540078 57.678356988279944 63.805821382199035 70.68484432495747 78.40942735829692 87.08901564579818 96.84723220331203 107.81842542820108 120.14169324297441 133.9520941055472 149.36879115666102 166.47988759595833 185.32368463154646 205.86602470828552 227.97321406367033 251.379791166233 275.6501405685618 300.13301968649483 323.9096249431128 345.74308810517704 364.06529258282916 377.14540529597326 384.04905860669913 389.38292827694454 431.0265921256118 817.541055197708 5653.228454809564 -54835.664070876075 -994.1267204054504 -268.8509717208298 -75.68368496065546 -28.17300101479486 -12.715025676377778 -6.505317240004804 -3.5650386159541414
-0.5237337836855143 -0.5434938979491941 -0.6153793918606048 -0.7867770135694829 -1.182286334494506 -2.1474793506363192 -4.8049245213419365 -13.786312770716139 -56.47664838037108 -416.203540693032 -2716.077454108676 -813.7217579069273 64.79916251178746 22.081458956875743 8.553139615841351 4.108055373857021 2.3401199565791995 1.514192003508625 1.070762153723469 0.7991366470380592 0.6098831876172945 0.4616512231113282 0.33447771698588524 0.2189234798212914 0.11125524472711204 0.011069819229915512 -0.08003435185836935 -0.1593244356931601 -0.2236042124518882 -0.26978800720213425 -0.2954079879455295 -0.29904210951499893 -0.28064746023136883 -0.24175583926327407 -0.18551572985513534 -0.11656370382548495 -0.04072405232927439 0.03543637218706135 0.10516823887142447 0.16215346583529217 0.20112042148616707 0.21838289891986218 0.21225397565051776 0.1832757105924623 0.1342367284070994 0.06996346263117678 -0.00309932823653377 -0.07747989718467017 -0.14540494195351963 -0.19956719976026452 -0.23388158374365217 -0.2441398430580834 -0.2285006743091159 -0.18775625415288522 -0.12534355482200776 -0.04708508771118086 0.03932400025166531 0.1250388419326209 0.20093416643833256 0.2585299393862263 0.29088242381067286 0.293342239760365 0.2640971377629542 0.20443560514319617 0.11869733155644772 0.01391132952644012 -0.1008467236050174 -0.2153113693831375 -0.3190130155071173 -0.4022880204931521 -0.45721072816176567 -0.4783505488509384 -0.4632759918018949 -0.4127579391366605 -0.33065426681095494 -0.22349382782177116 -0.09981035277443345 0.03069804127852488 0.15809175951191426 0.2730962120445733 0.3678998703830847 0.43676862832758667 0.4764236153249283 0.48615982980699124 0.46770979106575994 0.4248858125234421 0.3630519278369974 0.28849306366732824 0.20775337002240568 0.12701214610083555 0.05155793828946764 -0.014594693931880426 -0.06891939468048683 -0.11041659344859354 -0.13948732000788713 -0.15766984400256578 -0.16727789530546644 -0.17098572319903171 -0.17140799614499955 -0.17071935587801687 -0.17035271339798033 -0.17080580066695894 -0.17157475049913534 -0.17122091059994887 -0.16756460535245504 -0.15798720646149553 -0.13981184205564579 -0.1107237646431761 -0.06918531899519943 -0.014797686567107407 0.051435455626705484 0.12698231145438083 0.20782145296370425 0.2886566954669488 0.36330039231302014 0.4252002227430583 0.46806330813507374 0.4865186821993673 0.47674858922286745 0.43701670120363867 0.36802658122091386 0.2730579284903993 0.15784805047575068 0.030214027497785928 -0.1005615541459226 -0.2245298586350461 -0.33198192044866026 -0.4143726110415312 -0.46516112611861593 -0.48047857969425384 -0.45954320918151387 -0.4047772203039394 -0.32160350259467413 -0.21794176813679042 -0.10345166086032659 0.011399149071732867 0.11634494114386291 0.2023074437473458 0.26225335349977336 0.29183606928074485 0.28975831244207456 0.25782232597628457 0.20066541034706625 0.1252181106495753 0.03994712033053398 -0.04603612029130226 -0.12390037644328336 -0.18596284226274523 -0.22641236841903187 -0.2418209332390891 -0.2314029162770218 -0.1970043719100308 -0.142834457799683 -0.07497592772611458 -0.0007303989411704646 0.07213541180123663 0.1361628851493453 0.18491892948583682 0.2135922693811238 0.21941164989954787 0.20185172017625225 0.16261596026785272 0.10540491285352965 0.03550598007515202 -0.04075241399125601 -0.11661025119987303 -0.18549625881817375 -0.2415807224054843 -0.28022850832461066 -0.29829158935981254 -0.2942432631889964 -0.26813271362283003 -0.2213897847490147 -0.1564917596194636 -0.07653313528564482 0.015281461821642361 0.11620957043929729 0.2246465463373289 0.34099070845696605 0.4689692594177762 0.6180174875765571 0.8080868412633623 1.0804837441537838 1.5245280726422332 2.350562841027838 4.116994714191309 8.555012223762995 22.052937343858822 64.605143688016 -814.5112342479163 -2715.9757632849146 -415.94311376776824 -56.440486628240855 -13.778814042485001 -4.803034875378691 -2.147020963631698 -1.1822400383370255 -0.7868406423979304 -0.6154508587959172 -0.5435359619857948
-1.9485534631052959 -3.5655653443711355 -6.506221698637793 -12.716962138593356 -28.177988933624775 -75.69984215026304 -268.92606483006176 -994.7464352074497 -54823.99944906994 5654.004673409396 817.659873411749 431.05079386247525 389.3880329050958 384.04891062153723 377.14358033372974 364.0629436469567 345.7406524917772 323.90729303465093 300.13089047164596 275.6482697903273 251.3782131503639 227.97194826361888 205.86507995618675 185.3230597576516 166.4795722612311 149.36876789725773 133.95233762106605 120.14217393774729 107.81910867758259 96.84808011196199 87.08998828250714 78.41048297104524 70.68594037443975 63.806915689892385 57.67940717106512 52.22431017208873 47.37547515264229 43.07681781465566 39.27892983456971 35.93563442913394 33.00089324991484 30.426409434383128 28.16018944113763 26.14621726307331 24.32528102189524 22.636857147334542 21.02184850324984 19.425859504854646 17.802624832388148 16.117167662133003 14.348274223061619 12.489929125821252 10.551458791114854 8.556271692944373 6.539247297615014 4.542998949489396 2.613386510089133 0.7947715434902802 -0.8744395630028157 -2.3654334133432764 -3.661372385953543 -4.75824399501501 -5.66410530124406 -6.39687454760729 -6.981026992640693 -7.4437091832907365 -7.810862816209907 -8.1039429405233 -8.33770970720682 -8.5193991189636 -8.6493556700451 -8.722968213669136 -8.733542462550092 -8.675588643094478 -8.547934371700983 -8.356103510939183 -8.113522555203145 -7.841311416503238 -7.56664955545272 -7.319941792995888 -7.13119776991844 -7.026158853016273 -7.0227294883007385 -7.128208016130566 -7.337672150961039 -7.633695616932057 -7.987382866405657 -8.360547228503101 -8.708742471912334 -8.984802073381815 -9.142538389708132 -9.140291890081809 -8.944078474732997 -8.530144642333592 -7.8867923880010515 -7.015376651515748 -5.9304166384599455 -4.658803141917023 -3.2381398868386313 -1.7143272099207074 -0.13857325024346778 1.4359140926822889 2.9572600831273554 4.377987682286921 5.657567174008893 6.764289790270883 7.676406752967768 8.382572322067627 8.881695105313892 9.182327461985107 9.301704624955498 9.26450073121643 9.101320774669297 8.846914761508895 8.538107759501479 8.211482788943458 7.900927480182229 7.635239909198344 7.43605064898345 7.316342200994752 7.2798054147915625 7.321177502669363 7.427561116712944 7.580561775252237 7.758932586726663 7.941315559861772 8.10864027848579 8.245794067256451 8.342303957851183 8.391951058132063 8.391432688038547 8.33836704476787 8.229059024743579 8.056498137993806 7.80902209285339 7.4699701521763195 7.018476383088834 6.431354916551779 5.6858336040910284 4.762737923883487 3.649631360036487 2.343413372615788 0.85193565036501 -0.8056596187083764 -2.5999977281204734 -4.493846200224749 -6.4455467330509775 -8.41310620812996 -10.35846994752454 -12.251492268024466 -14.073171178243804 -15.81782422707012 -17.49402087496632 -19.124243142634167 -20.743394440194685 -22.396401894814176 -24.13524735321526 -26.015809879623706 -28.09490682702309 -30.42788197954227 -33.067020342052444 -36.060970095659336 -39.45524282052526 -43.293747723109895 -47.621206573189575 -52.48619987554992 -57.944512660674796 -64.06240141031194 -70.91935619298883 -78.6099268080731 -87.24418461977024 -96.94640848925573 -107.85161268850985 -120.09957442250752 -133.82604542128362 -149.1508583985901 -166.1626351241363 -184.89975647904444 -205.3271301296533 -227.30803828522104 -250.5699164915498 -274.66217016216984 -298.9030920384472 -322.3115996458148 -343.51876992337435 -360.6576837332831 -371.2542128365115 -372.26720477868014 -361.15286912952627 -344.3888968085673 -428.26226971506287 -2790.532750651451 57526.53855375943 -1093.0895937550233 -43.91223058058058 -1.4347602686265448 1.1260590464023945 0.6494074103513547 -0.08722626909596354 -0.902251976275803
-113.54540218755926 -334.1163181152651 -505.4840641975966 7089.827326361497 4617.813905410557 1109.803212941296 -12.320823874931719 -149.3260663419349 -109.65489793671956 -40.1934478214816 23.922285013311395 73.48757268024642 107.43450072691729 127.60946076699753 136.77524924623262 137.74461796042024 133.00974447667534 124.61329792571973 114.13887066736628 102.75677200253241 91.29092920064252 80.28897438069116 70.08674649232826 60.86355677443089 52.68735016117576 45.550315588402945 39.39613938436226 34.1402936574231 29.684709068820148 25.92803399473098 22.772487544592266 20.12812199249869 17.915141543011213 16.06477906367476 14.519125378564812 13.23021898328447 12.158647308925241 11.27186528598223 10.542409017879617 9.94615748300176 9.460774572133678 9.06444234081316 8.734970815174048 8.44934035760969 8.183697904631803 7.913790770367468 7.615781516336906 7.267350743989653 6.8489611238869985 6.345134667226637 5.745585466399028 5.046057202899301 4.2487388059569975 3.3621729332986017 2.400625230381259 1.3829448426613822 0.3310084787375156 -0.7321044712621516 -1.7840195814400328 -2.804854832286763 -3.77869395542213 -4.69458782567489 -5.546984393703657 -6.335560670567563 -7.064509656825035 -7.741407888621765 -8.375845205921827 -8.97803082526849 -9.557590147575844 -10.12273908590655 -10.679965866834396 -11.234274420917068 -11.789958011072521 -12.351785910578172 -12.926413204825682 -13.523772351919927 -14.158180938126375 -14.848907053757188 -15.619971493755491 -16.499027525150865 -17.515239565625283 -18.696171936523065 -20.063790647102397 -21.62977034431801 -23.390385405681613 -25.321353206004815 -27.37309627121931 -29.46700379605982 -31.49340024937164 -33.31204676164656 -34.75606202912873 -35.640077999827824 -35.77314247960928 -34.97626615256433 -33.10356020839844 -30.06473048459135 -25.845549973286808 -20.522231885755637 -14.265800293853381 -7.333863296636878 -0.04952474123687267 7.2300216486054225 14.150229234153322 20.395018030501255 25.715770953484984 29.949396200570355 33.023942674250684 34.9528167574098 35.82048684909189 35.763368721510865 34.949431525921334 33.559278162687 31.77042233978966 29.745517693129386 27.624564700854393 25.520675290451322 23.518765197620972 21.676504107110972 20.026896024201157 18.58194251726508 17.336919444971286 16.27486568950842 15.370941798108495 14.596372925749224 13.921751400139959 13.319547679065957 12.765756026270614 12.240688368450048 11.729009445615723 11.219175568534245 10.702487795163917 10.171991211009868 9.621444893857522 9.044550994845023 8.434573254745281 7.7844024039791515 7.087047782738942 6.336463580614293 5.528562664811609 4.6622387983177855 3.7402139588454952 2.7695505584027225 1.7617151917503904 0.7321430617240887 -0.30067759237195624 -1.3165173651144557 -2.2949760955356946 -3.217142802955375 -4.067166427019764 -4.833573723901363 -5.510205614816521 -6.096692677154403 -6.598447327464396 -7.026206000155244 -7.395203675408246 -7.724099680731511 -8.033795141653144 -8.346287622669202 -8.683699307932002 -9.067592853247985 -9.518659349243007 -10.056826670759023 -10.701800962605867 -11.474017334072162 -12.395946195298269 -13.493672147335545 -14.798640614809289 -16.349444708574357 -18.193505125499996 -20.388470369940848 -23.00313343140847 -26.117614657572563 -29.82250026900557 -34.21653777479827 -39.40237746292707 -45.47970307259508 -52.534923022120594 -60.626396259102485 -69.76397241814868 -79.88146422451602 -90.80061629132885 -102.18529523385644 -113.48519403236334 -123.86961363804794 -132.15434422648718 -136.7290666272325 -135.50021459154848 -125.87653653897135 -104.84384726252571 -69.20354551656516 -16.08617132667689 56.10982190257907 146.1754431233242 247.7229560717209 345.3621676609586 409.1382497455864 600.1594999107773 -294.63674998866816 130.18263711649823 -0.9912540934547964
-6.797509271665447 -95.76766712882545 -169.0197680919603 -217.1182177948383 -235.10131926949285 -224.56219664767073 -192.65935408496082 -148.8812692066732 -102.03482377356242 -58.59051500461509 -22.311328354733817 5.3431965231109935 24.521711986844608 36.30070058619816 42.15544491297462 43.60921272094753 42.03460097148337 38.564716860144394 34.074147590655855 29.19873703659981 24.37302624629045 19.872360929020783 15.852549012887462 12.383805683370829 9.478035416402575 7.109747288882584 5.231473602603787 3.7847332315299465 2.7075420637256986 1.9393342835372085 1.4239916978892042 1.1115173800849143 0.9587528174043181 0.9294294484585297 0.9937646795232791 1.1277557083783085 1.3122868054382675 1.5321413558369579 1.7749951541162767 2.0304569501039538 2.289214948275331 2.5423387630327254 2.7807765993417832 2.995074173270662 3.175325932250339 3.3113513871690925 3.3930700061063357 3.411029632535423 3.3570275443410567 3.2247514385820573 3.010362690503282 2.712946782564285 2.3347665844740404 1.8812729749141666 1.3608527366851253 0.7843222031787139 0.16420531013854045 -0.48613953325699066 -1.153459984680194 -1.8255243616804862 -2.491919856799224 -3.14465789624796 -3.778535220208129 -4.391231374590021 -4.983158487458783 -5.557112986018242 -6.117806202482201 -6.671368294329516 -7.2249249908792885 -7.786338724874719 -8.36418606067646 -8.968014202075935 -9.608884716083566 -10.300176607918043 -11.058587347482218 -11.905242383730696 -12.86680278991259 -13.976446172040413 -15.274585060863766 -16.80917437914875 -18.635436440990194 -20.814790049101806 -23.412698320862678 -26.49504027175342 -30.122463201962546 -34.342001386469256 -39.1750962976034 -44.60112156740248 -50.53577586373814 -56.80453469129043 -63.1131069885682 -69.01986857001496 -73.91957845800157 -77.0525409024847 -77.55648586122099 -74.57577998278175 -67.42949404241472 -55.81458782757842 -39.98933530541038 -20.861976986457087 0.07870691350220227 21.00254495421172 40.086221062849425 55.8581305992778 67.42947425269818 74.55565122942431 77.54346204200235 77.06834106819827 73.97495945840937 69.11360177238367 63.23428106153273 56.9364587151755 50.66000903544143 44.70074570211313 39.23690057083595 34.35761229002576 30.088623834287898 26.41328299768597 23.288627092346026 20.657139241769816 18.455027168986504 16.617854980074398 15.0842210464186 13.798012253454228 12.709621120196578 11.776403622305587 10.962581192308084 10.238746013108146 9.581103320252526 8.970570390817167 8.391841782565134 7.832518162771695 7.2823791041029535 6.732856933210629 6.176740474908293 5.608106401125689 5.022445620561089 4.416925772750685 3.7907133899162115 3.1452709365033247 2.4845486860204655 1.8150058341830089 1.1454201935039154 0.48647554592107234 -0.14985266162725885 -0.7510638177254947 -1.304979654249 -1.800589618265458 -2.2288096488914944 -2.583080282972244 -2.859748604574913 -3.0582042672619436 -3.1807677481364425 -3.2323563274999634 -3.2199765042842388 -3.1521083526325766 -3.0380565525631176 -2.8873434244366947 -2.7092134666414913 -2.5123062296467102 -2.304538355292207 -2.0932171046217363 -1.8853892738965317 -1.6884120853105644 -1.510717960611918 -1.3627328423287954 -1.2578980614386115 -1.213737911115731 -1.2529069740715992 -1.404140946136001 -1.7030186776911815 -2.1924183283267284 -2.9225112897340866 -3.9500794246777327 -5.336859609518796 -7.146510665476669 -9.439658779963333 -12.266318927517949 -15.654821734170653 -19.59624012240757 -24.023271410853475 -28.782705859675684 -33.60118634120557 -38.045207480510435 -41.4786052861138 -43.02461950964176 -41.54545479795102 -35.66037094692387 -23.833144612512847 -4.568898270573829 23.23706678561077 59.77095461659143 103.61542045988602 151.03401388969928 195.50960857581094 227.98643366619297 238.31512315901415 218.17105170084616 165.03308113653412 85.33223449332272
-0.3314779163776649 -52.872637199401495 -97.39670576926595 -127.80783421082909 -141.35422762820758 -138.94368310532812 -124.26693053324556 -102.27747997257008 -77.75446383807672 -54.39346753301266 -34.492649835313195 -19.07011092937838 -8.19257171990162 -1.3427937643628596 2.2709230237621947 3.497072081035113 3.1113524470560705 1.7551967932089019 -0.08038020160805459 -2.04486951693561 -3.9061168466847374 -5.5246880971571155 -6.829617136352439 -7.79777545168725 -8.437507873890748 -8.776317924459597 -8.85200284126808 -8.70653068067745 -8.381993350631832 -7.9180728904011675 -7.350579295161349 -6.710730477648662 -6.024938689229934 -5.314939066110025 -4.598147525840257 -3.8881690232275834 -3.195398398226287 -2.5276676520098738 -1.8908993935164153 -1.2897295410534138 -0.7280646062390872 -0.20954261952227382 0.2621281426880284 0.6829705378462447 1.048688155228794 1.3547597027745162 1.596662269440774 1.7701957160212027 1.8718699473867921 1.8993097116837276 1.8516279804338398 1.7297207623789834 1.536442692926139 1.276634271240168 0.9569868691940847 0.5857489472753732 0.17229493732891926 -0.2734065353877588 -0.7413763681465152 -1.2222064989886317 -1.7075858951607485 -2.1907256289861037 -2.6666515219918305 -3.13235110868601 -3.5867818025774043 -4.030766815299458 -4.466821856285163 -4.898966904542945 -5.3325823197653 -5.774366647820495 -6.232445563418287 -6.716668746915011 -7.2391167305113635 -7.814824534167208 -8.462716833605443 -9.206740934256663 -10.077181329931628 -11.112141678665255 -12.359184854231486 -13.877123801708802 -15.737947018289455 -18.028827490617072 -20.85408004347644 -24.33676399871132 -28.61932177635529 -33.86212035356606 -40.237917939620615 -47.9189948438119 -57.05189579118031 -67.71256843547846 -79.83284892358 -93.08965557365933 -106.75493499455513 -119.5239763530198 -129.37925417383588 -133.60521196702723 -129.11835432075412 -113.24485610770374 -84.87430393762097 -45.55072957814765 0.2184602947963299 45.944509667128486 85.15785200823522 113.39602018098915 129.15902888385844 133.58074267351583 129.335080243278 119.49132760366687 106.74744980690764 93.10690029863177 79.86606395967266 67.7497679450778 57.08131817231621 47.93098458797162 40.22569936049658 33.82192177111665 28.550174539593296 24.240161589489382 20.733582443197562 17.88963847341396 15.586467216921474 13.720478637054834 12.204732841913367 10.96697923332779 9.947669618011744 9.098085940586476 8.378634669634065 7.7573199387903635 7.2083942192952 6.711184632942901 6.249096462656589 5.808797850300751 5.379588642832611 4.952951162062874 4.522271542219403 4.082709301004988 3.631181250127735 3.166416399499952 2.689032962026397 2.201587821221082 1.708554739771606 1.216197933694811 0.7323235513178455 0.2659090470447101 -0.17337128397468954 -0.575690676633614 -0.9316386704659798 -1.2327633068408976 -1.472036637512955 -1.644200824540906 -1.7459646386318306 -1.7760362094840914 -1.734995572955228 -1.6250271348120653 -1.449546490872311 -1.2127660099292559 -0.9192486422589241 -0.573499509402553 -0.1796401241192791 0.2587984203739069 0.7389379406087804 1.2584584104237406 1.8153451725926029 2.4074889789196807 3.0321588273247295 3.6853748621638176 4.361213748583712 5.0510819045883855 5.742994580915234 6.420902222014357 7.064112030606695 7.64686466442524 8.13814831489998 8.501866315442918 8.697526914987208 8.681695237360564 8.410541215688738 7.84392904661646 6.9516133470748365 5.722209654431265 4.175643786370475 2.37967498586511 0.4706968112361265 -1.321844232521352 -2.6496721527830003 -3.0234343213303427 -1.8027513946533569 1.7876076477713054 8.596179632954781 19.41510628281018 34.762301331953125 54.57168887547103 77.82542562891126 102.225104025353 124.07553737762811 138.60252779650972 140.86802157724952 127.20826112797567 96.73881134732109 52.20545393134213
-0.0529499618595608 -34.22338055009799 -63.609356957763374 -84.53602397139991 -95.28746545945488 -96.26962004236627 -89.53566445967897 -77.9525997091257 -64.37580348321426 -51.08604214562495 -39.55827942660361 -30.494214464327207 -23.999863330343985 -19.803210879332234 -17.446564461791603 -16.4263707638046 -16.27870052540059 -16.620988061285534 -17.163898821073165 -17.70569559762958 -18.11825124594768 -18.33060330785563 -18.313362345949713 -18.065505197127905 -17.603992931949364 -16.95606235137259 -16.15377695751652 -15.23035273414297 -14.21780551239371 -13.145541815099415 -12.039601164500478 -10.922337186687614 -9.812390320322327 -8.72485400946879 -7.671570399074012 -6.661512987111983 -5.701225515973227 -4.795291614500922 -3.946811050050403 -3.1578582221730014 -2.4298983290330782 -1.7641378731864803 -1.1617892389960416 -0.6242345033858482 -0.1530808030651698 0.24989155031338028 0.5828777196616521 0.8442741811710841 1.0329543787373705 1.1485612579954438 1.1917813278660565 1.1645657745289542 1.0702689158479175 0.9136822352245194 0.7009528570849771 0.4393874931867686 0.13715510330976344 -0.19708759099526518 -0.5546154474965481 -0.9270625647524872 -1.3068219226711197 -1.687385430891551 -2.0636016365722583 -2.4318400043302906 -2.790063989225877 -3.1378281346821493 -3.4762258354740365 -3.8078227604958212 -4.136615560928064 -4.468056192212521 -4.809179327388835 -5.168865243198317 -5.558264497793341 -5.9914058236137935 -6.486006818142709 -7.064510154830561 -7.755378075217922 -8.594695660643636 -9.62815984464016 -10.913565364205624 -12.523938279031531 -14.551506328809305 -17.112719174636194 -20.35451266138466 -24.46189366622553 -29.666596100605958 -36.255817689855306 -44.5785148136879 -55.043761504007804 -68.10025897723504 -84.1769199492659 -103.55072781839114 -126.09210143490034 -150.83201253347943 -175.33377807228854 -195.00338447125287 -202.8045092265085 -190.269472401976 -150.676760249695 -83.88225443108688 0.33590764712876364 84.46841762771662 151.05409409192026 190.41772811315028 202.7854148560859 194.90360429929686 175.22193431323439 150.74514144581386 126.04108395039226 103.53105631557335 84.1775920190746 68.10913483171976 55.05012141526766 44.57397275292818 36.23445624309607 29.624813286762695 24.398184262114373 20.26925465257845 17.007965008589697 14.430754802121637 12.391863427614336 10.775690092573175 9.490476678986614 8.46325086030275 7.635845683419129 6.96178850364687 6.403871284977325 5.932248085585845 5.522941467148712 5.156671034191873 4.817942348604858 4.494352250541955 4.176077737340355 3.855520739285412 3.5270820541741936 3.1870359403606687 2.833473741171849 2.466282760189356 2.0871259999887326 1.6993908061921705 1.3080800912935313 0.9196283926887067 0.5416359788568137 0.18252626731864174 -0.14885662412644773 -0.44368346200071573 -0.6935753662553473 -0.8910031783783064 -1.0296167246601207 -1.1044758114097697 -1.1121643882545245 -1.0507809013343694 -0.9198103857337853 -0.7198956780892287 -0.45253497469498194 -0.1197398419199025 0.2763089289991444 0.733570604409435 1.2503857706927524 1.8256230501693254 2.458713322722409 3.149563002623685 3.8983476092010156 4.705195267100011 5.569777036657716 6.490825868075284 7.465608959610209 8.489379305232635 9.55483225208692 10.651592732080216 11.76576073304042 12.879548140168895 13.971052394127215 15.014234037504792 15.97919963576999 16.83294042230221 17.540742145724096 18.068560448668556 18.386741130128613 18.47553872079022 18.332915893203293 17.985033935790096 17.49957780738609 17.001466495387696 16.689406015464314 16.84996550083806 17.863283851451417 20.19128329109332 24.336076003634854 30.754782104978062 39.72028886143119 51.12984163261558 64.2887084229038 77.73405044283699 89.2032397330178 95.86370033123347 94.86982465347182 84.17603832003184 63.35584181666132 34.07402237809887
-0.01625077220346327 -24.203595407374934 -45.31552127660987 -60.9676800222303 -70.00574907312983 -72.6109187702173 -70.01870230833873 -64.01382291435276 -56.41546450769308 -48.7104568203689 -41.88778505949564 -36.44248798200022 -32.47933071757192 -29.849480818662233 -28.27569124107976 -27.445571631889987 -27.0698016714932 -26.91120377574352 -26.793480722731022 -26.59783032469276 -26.253669293441195 -25.727555764988306 -25.012641554322812 -24.11974863674504 -23.07039367747454 -21.891662067072826 -20.612641427809606 -19.26207172509575 -17.866890280210935 -16.451404299916984 -15.036886215705202 -13.64144572702064 -12.280080587863395 -10.964844074890788 -9.705091454511315 -8.50778225546911 -7.377821966604303 -6.318428677712234 -5.331509044346344 -4.418025832964786 -3.578337784707584 -2.812492348000569 -2.120453739861217 -1.502252781874617 -0.9580507809821368 -0.48811695004077893 -0.09272654196432542 0.22800551236108746 0.4743342981079583 0.647112101215333 0.7480051180167295 0.7796722982880677 0.7458823994741567 0.6515513746099647 0.5026902065773455 0.30626250773810315 0.06996046573955195 -0.19808398523425697 -0.4896295055068639 -0.7966704120598855 -1.1117692797626977 -1.4283528319293526 -1.7409526951008696 -2.0453806779905173 -2.338837506560623 -2.619963313072945 -2.888846734823494 -3.147016036112518 -3.3974400977615504 -3.6445689019744263 -3.8944430115189776 -4.154899945741919 -4.4359037943694775 -4.750024229406291 -5.113094141045715 -5.545083414809359 -6.0712420486291885 -6.723591376351923 -7.542880321133871 -8.581177838431486 -9.905346834974681 -11.601743399562991 -13.782611182283077 -16.594792848074746 -20.231542038666728 -24.948334755274804 -31.083502892019776 -39.08389264027589 -49.53379660889823 -63.18043491012393 -80.93790015289758 -103.82766203288485 -132.76858294178683 -168.0570576603868 -208.30171495950898 -248.62393292746532 -278.4563394411688 -280.76688018839667 -236.5723754918658 -137.48194883259401 0.3952811698848535 138.13368021296844 236.90902647662602 280.80503006544075 278.325699275932 248.45222762317042 208.16293347595936 167.97545313361528 132.73998667485463 103.83688573402772 80.9681813247498 63.21724680986351 49.56580677092481 39.102815065846784 31.083677663352738 24.926345994824572 20.185941040665178 16.525899359079997 13.69234194822988 11.493422286845133 9.783466434448718 8.451100261378519 7.410481160609883 6.594863996617628 5.951888601504196 5.440123766658478 5.026524586538017 4.684554492858095 4.3927943688713835 4.133913022598967 3.893910284868823 3.6615694506825225 3.4280722880268564 3.186739831848792 2.9328675894250282 2.6636261160088712 2.377999112838265 2.076732205352483 1.7622674703422074 1.438642460075759 1.1113378435860521 0.7870649752442227 0.4734929669570481 0.17892352747711504 -0.08807018158564495 -0.31901803457384803 -0.5059142493345214 -0.6415380435741482 -0.7197085403792998 -0.7354540914106602 -0.6850838306906616 -0.5661585676602909 -0.377367626579108 -0.1183273632143593 0.2106755622322161 0.608967994439177 1.0757707280637656 1.6104458293903146 2.2126843819238355 2.8826138760398856 3.6208116047838077 4.428218474140446 5.305955512091079 6.255052586143644 7.276104470269745 8.368873296048518 9.53185808491852 10.761852048875031 12.053506818623104 13.398920912231493 14.78726908825001 16.204491208863804 17.633066500922222 19.051913495672366 20.436480270101807 21.75912513512568 22.989935560981944 24.098191104451328 25.054738129454133 25.83559769645527 26.42714851063932 26.833173162557067 27.083864027643845 27.246463009480415 27.43644060498207 27.826888682311868 28.652054389550763 30.198818573750064 32.77796481974793 36.66651060532766 42.01524749071428 48.72462264081445 56.309174567239495 63.79447574857977 69.71238577057726 72.2629750471837 69.67428403631625 60.707856790012116 45.15759956215337 24.135352941008215
0.004970530653736205 -18.185367904819394 -34.30223752447503 -46.718800925011905 -54.61739209412286 -58.06455267290733 -57.83605887940357 -55.093110050044025 -51.04450031907071 -46.697887243478675 -42.73984781773432 -39.528999977873625 -37.159175041896475 -35.54863471205483 -34.52443919861769 -33.88674468034702 -33.449731270178695 -33.06250444127912 -32.61570827319149 -32.039451080416725 -31.29691182182759 -30.376556801339216 -29.28467048422201 -28.039021356296434 -26.663920979710376 -25.186618516711555 -23.634825175942176 -22.035118506801286 -20.41198886918116 -18.787329398522456 -17.18021793132185 -15.606884072584814 -14.080791884363286 -12.612796635831923 -11.211352677026053 -9.882760088594233 -8.631442020274049 -7.460244659753812 -6.370749326646552 -5.363583159752882 -4.43871235918325 -3.5957010210159455 -2.8339196146250076 -2.1526902495638476 -1.5513607465105546 -1.029305651455846 -0.5858590706592931 -0.2201907645939206 0.06885742019830006 0.28295360420448595 0.42445319943954685 0.4965485558466138 0.503370604460953 0.4500268974642462 0.3425667527959253 0.1878715354963062 -0.006524506623740295 -0.23267066858487923 -0.48247603920387183 -0.7480048877518686 -1.021769710299325 -1.297002110298359 -1.5678855977434984 -1.8297400981457517 -2.0791546877838365 -2.3140721233373336 -2.5338353624271974 -2.7392117700323486 -2.932414754064291 -3.11714511137956 -3.2986755298922144 -3.4840021800393304 -3.682088088578228 -3.9042251331002085 -4.164546766580179 -4.480733734887332 -4.874972420468304 -5.375253237994149 -6.017138328943405 -6.846189882070141 -7.921340573784629 -9.319617972285975 -11.142822423489406 -13.527025669458626 -16.656132471319363 -20.78125179801049 -26.248242934489017 -33.53639553548171 -43.31127623780739 -56.492908478005255 -74.33296736013561 -98.47273247771237 -130.89777152932803 -173.5794840600757 -227.35366719569328 -289.2747574073473 -347.792294757232 -377.26646099605074 -339.71701603454636 -207.12924657427578 0.36346611040016796 207.66893603752834 339.87319762675656 377.13475688961216 347.57160026331667 289.1002777978224 227.2705928647678 173.58026435436713 130.9568641210279 98.56404825598241 74.43554518357098 56.5914248219912 43.39501332367712 33.598110081380916 26.283338203718642 20.787264865211874 16.632439274870126 13.474659060948579 11.064321369577135 9.218853364182378 7.803287911521961 6.716639404210911 5.882349205638127 5.24157021763505 4.7484310388840045 4.366683897250034 4.067324434175179 3.826898464457523 3.62629828710187 3.44991123904681 3.28502405142414 3.1214142096375186 2.9510776323245222 2.7680536390452257 2.568315348058861 2.3496982090677117 2.1118424751583738 1.8561282344147638 1.5855848838854796 1.3047610392154934 1.0195460719453902 0.7369405237063476 0.464779195800194 0.21141716279683698 -0.01460540469958721 -0.20489955837935114 -0.3515428111858492 -0.44735133091312884 -0.48608968898482174 -0.4626036820484314 -0.37286822081327253 -0.21394992165584706 0.016108231829636138 0.3184655792408657 0.6937054592387774 1.1420756260533456 1.6637216002871567 2.2588879697847672 2.9280657462501383 3.6720688752021196 4.492029257112395 5.3893066662756555 6.365316807180054 7.4212869442902285 8.557953302106014 9.775217440571303 11.071779801190283 12.444767734366978 13.889373026902962 15.398511100601642 16.962511940555313 18.568852987170814 20.201948583182805 21.843021032820207 23.470096666091678 25.05819775934448 26.579837860138955 28.005972344605777 29.30760263750498 30.458271470901188 31.437699239735828 32.23676763126848 32.86391048671566 33.35265822145272 33.769523906321815 34.220541927376665 34.85355504823983 35.85191776807495 37.41406093460409 39.713220245949366 42.83398385162673 46.688847807803135 50.92969078674958 54.884479620467275 57.5624046628187 57.76976224665109 54.35246494639667 46.52747888767905 34.204173427174744 18.16505788419409
0.031564950857543295 -14.270933174262979 -27.128180141455793 -37.3896717613853 -44.45477470287784 -48.328572180915685 -49.50968819447343 -48.775278572512626 -46.95169796672616 -44.740807913505876 -42.63149321661608 -40.88880544729889 -39.59331361548468 -38.700913259299696 -38.10122776292335 -37.66315045194535 -37.264441700899376 -36.80721230125305 -36.2230869634006 -35.47194534256448 -34.53737716792027 -33.42100970071593 -32.13699692474536 -30.707313853117757 -29.15807597499653 -27.51685869609388 -25.81087124284953 -24.06579887645366 -22.305132078963563 -20.549829077577407 -18.818193698887374 -17.125885837764308 -15.486011751997264 -13.90926430639594 -12.404098423140773 -10.97693557224777 -9.632393995873954 -8.37354061837825 -7.202157563576394 -6.119012645392357 -5.124120225590834 -4.216977312564082 -3.3967601512503025 -2.662468956179213 -2.0130125024733423 -1.4472296464995704 -0.9638508064369056 -0.5614082578459314 -0.23810923923583652 0.00831041283245234 0.18073235020290568 0.2827817555273691 0.31891551570205345 0.2944584649240993 0.21557871722038477 0.0891990785877473 -0.077152363160745 -0.2755437010870491 -0.49787939170876405 -0.736162791725222 -0.9827635042145705 -1.2306727491523395 -1.4737325008496587 -1.706828143807834 -1.9260393490605834 -2.1287492860565247 -2.3137175424011587 -2.4811268099680928 -2.6326172247942425 -2.7713250835144363 -2.9019447152907327 -3.030834029115331 -3.166186298551171 -3.318294237875663 -3.4999385655232196 -3.726943816329542 -4.018961426982548 -4.4005671724120505 -4.902801441295512 -5.565343318691962 -6.4396034992589275 -7.5931628999598155 -9.11619896512672 -11.130869600257109 -13.805125192430934 -17.373178720234694 -22.165994277126288 -28.656760022039983 -37.528355615054075 -49.7716849894636 -66.82291510654802 -90.73615624748176 -124.34332442591288 -171.21714644485309 -234.90169271650262 -316.13296941886745 -405.82798902788926 -472.82075604419657 -456.014626721366 -292.84227224268375 0.21449151939023636 293.06569230376664 455.88140906939856 472.5287773734266 405.6006549656388 316.05524961998196 234.95874262044134 171.36259335542636 124.53374535213779 90.93995582442726 67.0192195232655 49.947181989566936 37.674659760233986 28.768723110853543 22.240763225567783 17.409723475626524 13.804017399258184 11.094164438933962 9.047328592914349 7.496789832107941 6.321410125445792 5.431753767722869 4.760646317718553 4.256711571366256 3.8799227318064844 3.5985282827269427 3.3869249305468196 3.224189031892921 3.093069601046161 2.9793068960842772 2.871181136075429 2.7592228887457493 2.6360346257127407 2.496184794578068 2.3361437351183953 2.1542362919765163 1.9505902887513582 1.7270638663110376 1.4871386666674007 1.235770234290362 0.9791918999869226 0.7246736427697631 0.480242685117452 0.2543774383881184 0.05569036164590393 -0.10738209409345487 -0.22686337642849502 -0.2954764578108615 -0.3068239595953564 -0.25549803732432746 -0.13711503096670244 0.05172369611437279 0.3135368568962386 0.6501205634034312 1.0627395214085187 1.5523307637909343 2.119697554888462 2.765672100480919 3.4912286097236316 4.297532782336146 5.185919451859144 6.1577963389679296 7.2144779760349715 8.356959245274242 9.585642045054353 10.900030930749427 12.298413983471423 13.777543759955767 15.332330351528478 16.95555523986425 18.6376118019016 20.366277635818218 22.126526709572712 23.90039762895313 25.666949037566056 27.402355561761958 29.08022703961177 30.67226871869444 32.1494356182761 33.48376236175454 34.651055723406984 35.634598263354356 36.429894032985466 37.05024592881134 37.53253623132835 37.94194191939049 38.37345431382477 38.94709850735367 39.79298322101421 41.022392259844054 42.68302945342306 44.70133221654571 46.82295994284491 48.57279567060502 49.2636224497911 48.08060371296996 44.249747694844466 37.26278790560755 27.09165160825311 14.306530978061005
0.06210997876898716 -11.560807744439572 -22.151385472337637 -30.873802908182313 -37.275045656128825 -41.32752059415434 -43.35568391911959 -43.889722532743924 -43.506041223424496 -42.703234865268946 -41.83575952330543 -41.10204234118786 -40.56922385998085 -40.214049137605734 -39.96417695250276 -39.73119260189062 -39.43255511156263 -39.0033920928845 -38.400661935518166 -37.60243406442765 -36.60458241429243 -35.41652063121736 -34.056983832280174 -32.55038097420781 -30.923915771214894 -29.20547776466553 -27.422203246990627 -25.599566587597433 -23.760860812238604 -21.926944936746516 -20.11616239377234 -18.34436296280828 -16.624985273227534 -14.969176320472343 -13.385937529563629 -11.882294297085316 -10.463488410721032 -9.133191742307645 -7.893736543303636 -6.746353970951413 -5.691409235459438 -4.728619866718672 -3.8572434652453524 -3.0762230610161323 -2.3842816024760225 -1.7799617562140253 -1.2616124598596212 -0.8273289584348367 -0.47485769749153195 -0.2014809951775276 -0.003898406491977674 0.12187797328791841 0.18059842543016214 0.17780784678226266 0.1198265468151799 0.013675742082256206 -0.1330509721224815 -0.31236406307059633 -0.5160922322348244 -0.7361212528503389 -0.9646429385747577 -1.194399750599831 -1.4189120537070123 -1.6326777378879858 -1.8313375532333016 -2.0118036370064125 -2.1723529616505393 -2.3126914665758114 -2.433998225592551 -2.538962046993165 -2.631825544492233 -2.7184542469707584 -2.8064512664981165 -2.905342263838789 -3.0268619598033952 -3.1853838504702914 -3.3985510882014736 -3.688191841868249 -4.081641311479977 -4.61365214272369 -5.32916641892367 -6.287364071164148 -7.5676240985025895 -9.278385337418982 -11.570452852073254 -14.65719434995627 -18.84551477520424 -24.583794124660162 -32.5365195589411 -43.7004207153846 -59.582812887549736 -82.464733778993 -115.75041867098123 -164.29870330680663 -234.26304320312673 -330.918939449556 -450.71933032569507 -562.088392072786 -580.8734703184904 -394.0022743153193 -0.06652172777066312 393.7078883146405 580.399552772981 561.7118502038832 450.5998754803997 331.0327571670868 234.52174858422657 164.624072151196 116.09107081143488 82.7908222886764 59.87785272158374 43.95541854733453 32.74659265207425 24.74646000164948 18.959930419204518 14.723877450740774 11.591211547571367 9.256303645351904 7.507021212763698 6.193687761596456 5.208806874634486 4.473679824018584 3.9294840014791887 3.531273822537373 3.243921757377921 3.039364459076488 2.8947377872934332 2.791123700714715 2.712721504319615 2.6463141168096835 2.5809381871545742 2.5076922250230615 2.4196338657517247 2.3117289945823876 2.180823646979052 2.025615706316153 1.8466084603915855 1.6460325770540836 1.4277274931904018 1.1969777094112017 0.9603040897128087 0.7252148177325743 0.49992489494007397 0.293056727327743 0.11333697777330363 -0.03069366117541307 -0.13094118505014782 -0.17997441477010828 -0.17118450225094178 -0.09887997102439768 0.04168542788300124 0.25434926338063074 0.5421331852277327 0.9073789124774012 1.35191075854284 1.8772057476314739 2.4845517800739167 3.175175461420758 3.950324028440047 4.811289956031319 5.759371993791229 6.795771957316399 7.921432032539921 9.136822054990612 10.44168964390718 11.834787844250405 13.313594844295839 14.874038568210567 16.51023584970268 18.214252334756154 19.975886290840016 21.782478464474895 23.618752409960695 25.466696745929383 27.30551342622789 29.111674905034633 30.859157336720067 32.51994475238051 34.0649263401338 35.465328378811996 36.69482251011269 37.73241544917649 38.56612703956985 39.19727184783061 39.64483869239643 39.9489866935232 40.17205607524499 40.3948227506179 40.70525603670383 41.17723415189012 41.83820952737616 42.628390509511505 43.35981605306127 43.690613599514094 43.13453507241327 41.12356354602831 37.1276368012996 30.811089194568986 22.17951360943271 11.658794576376863
0.09220497128925587 -9.586123394371704 -18.513042183174733 -26.068547331341563 -31.904304424941188 -35.97665986173393 -38.49792593946244 -39.834894285473155 -40.39575551268548 -40.53994106736347 -40.527723239804914 -40.50864447355362 -40.53708558057423 -40.600671449468884 -40.65004421780927 -40.6232987763655 -40.46264297562274 -40.123629846595676 -39.57862675414203 -38.81647945176203 -37.84007485776453 -36.66305494604449 -35.3064844334372 -33.79591278319216 -32.15901584188829 -30.42384151564992 -28.61759523337004 -26.76586203434472 -24.89215488010843 -23.017689732661715 -21.161307625868762 -19.339485993775106 -17.566402070123278 -15.854027795239034 -14.212247417749179 -12.648995841747778 -11.170418263660997 -9.781050899395904 -8.484019820977489 -7.281251361539314 -6.1736842966648995 -5.161471865203285 -4.244161150735865 -3.42083852116197 -2.6902326059808495 -2.05077024255494 -1.5005854813444734 -1.0374864572353786 -0.6588892178691075 -0.3617309133555242 -0.1423768016699939 0.0034638957403972104 0.08079915530484136 0.0953804509765642 0.05368562029026136 -0.0371462336883413 -0.1694280204930787 -0.3350821628784507 -0.5258347211838793 -0.7334357586302395 -0.9498938730554892 -1.1677123120470283 -1.3801147409930186 -1.5812504596467851 -1.7663713947657644 -1.9319763323818322 -2.075921273288761 -2.1974982851480362 -2.297488584566132 -2.378198757424926 -2.4434920545962635 -2.4988298174237475 -2.5513416651734566 -2.6099477647502365 -2.685563178922018 -2.791424285338018 -2.9435924358403587 -3.161713304796754 -3.4701460741923262 -3.8996318260203777 -4.489756509861442 -5.292599475859583 -6.378175145755338 -7.842626197957503 -9.820702541820658 -12.505017556844189 -16.176179405124614 -21.25060364486453 -28.357359552239057 -38.46285949954731 -53.07366167995875 -74.56224236699116 -106.66710396131539 -155.16522281701972 -228.41123232159254 -336.2935385233756 -482.82579617841213 -641.6458382053492 -709.8002524265822 -509.4831570703384 -0.4803369595762774 508.50211846121596 709.0038884903826 641.3048205961935 482.92656161693867 336.66604342913683 228.90121819307828 155.6786079848571 107.15603519714011 75.0049017378096 53.46094030498127 38.79135088164398 28.626134508890065 21.45992985755851 16.327151527728567 12.59956547406793 9.86171358629495 7.834053309358768 6.325072030455847 5.201060352443276 4.3667588230866805 3.7527933050754414 3.307416025816745 2.9910234960489612 2.772495732586422 2.626749594090705 2.5331133222343536 2.474262917171177 2.4355453440629002 2.4045675693920576 2.3709655701405206 2.3262907413534872 2.2639669208768254 2.1792823787687707 2.069389312887998 1.933289886272213 1.7717933208361014 1.587433554321102 1.3843416488202447 1.1680717053920082 0.945383322418919 0.7239876294834815 0.5122673293866953 0.3189838318874011 0.15298622725402888 0.02293734837625211 -0.06292855776031392 -0.0970040066036737 -0.0724528353140963 0.0167043349392354 0.17556465961268003 0.4083738217757794 0.7186046105811874 1.109071045155216 1.5820628415599922 2.139483379406501 2.7829741182354253 3.514009738567608 4.333950983390413 5.244046067246696 6.24537619422813 7.338745740645691 8.524522460641586 9.802437106525007 11.171354688653823 12.629030823828879 14.171866161467038 15.794669827177698 17.490439691086323 19.25016376323085 21.062644232682224 22.914344757863912 24.78926384626212 26.668843554807918 28.531934006631452 30.354850373714992 32.111579158282666 33.77421272153791 35.31371124778859 36.701103541108004 37.90923300814208 38.91511939094316 39.70292212982951 40.26733516150127 40.61699227237092 40.77710352876629 40.79009324907901 40.71255077062741 40.606529857747375 40.523483650591885 40.480371178510666 40.43016267134991 40.23314266786038 39.64013651042375 38.301734798529274 35.815367808798015 31.81199455965622 26.067137949485897 18.60354285400767 9.74515240772078
0.11789188850030996 -8.085243906670314 -15.73315498989647 -22.35832907718116 -27.689199861105074 -31.67595472054696 -34.457775672396274 -36.29130237445377 -37.46917115823312 -38.2534823208136 -38.83705767317558 -39.33279607787554 -39.7834048326251 -40.18141309414247 -40.49100763918734 -40.66648110356397 -40.66516958523003 -40.45487787585511 -40.01687410642107 -39.34585149461434 -38.44813435294636 -37.33910552562225 -36.040508708865545 -34.57800533190669 -32.97916376637566 -31.271925175343494 -29.483511687038444 -27.63970373581559 -25.764401284462668 -23.879388036512903 -22.004231051461208 -20.156265071435417 -18.35062764705242 -16.600325509554814 -14.916323307996858 -13.307652456753804 -11.781540655739496 -10.343562439708853 -8.997808896006044 -7.747071517540671 -6.593032080863675 -5.536448193120685 -4.577323286765328 -3.7150504972980474 -2.94852202084049 -2.276198827762931 -1.6961396305420136 -1.2059921885231375 -0.80295392324084 -0.4837119386987693 -0.24437461688991274 -0.08040778225762435 0.013412027586763575 0.043016265894833816 0.015026734376984152 -0.06330345895907974 -0.18419179086400644 -0.33946891186548145 -0.5207565078805056 -0.7196723471530886 -0.9280525453907867 -1.1381801375402039 -1.3430090298722357 -1.5363732910996657 -1.7131734113105812 -1.8695334397780121 -2.002925641183678 -2.112262318610114 -2.197957595617972 -2.261965175421876 -2.307801408742843 -2.340566548337114 -2.3669811069811084 -2.395459272780398 -2.436248048106049 -2.501670343238449 -2.60652431450209 -2.768712450924582 -3.010206445403507 -3.3585044025594146 -3.848816535755306 -4.52734264041188 -5.456210776649539 -6.720986194983791 -8.442227952421554 -10.793537348240955 -14.030210974042555 -18.535528426010803 -24.89684603373676 -34.032716175628195 -47.40783938629978 -67.39772307778668 -97.89729822319515 -145.2742862340206 -219.58092272399642 -334.89511418905767 -503.69586825873114 -709.780023931188 -838.7702959832487 -637.7592310831836 -1.0118028248307098 635.9817697470227 837.7353456084612 709.6086983418104 504.1014218350703 335.55603554018984 220.300645205036 145.96140529027358 98.51708247998747 67.94042287183166 47.87310393414734 34.4229992243783 25.215034854921825 18.7843771513696 14.212465819923302 10.912264513519565 8.501135406051018 6.7246544791349505 5.41020338370557 4.438192657043316 3.723899951705578 3.2058186777444986 2.838078272712763 2.5854619796464307 2.42011454654828 2.3193699867668505 2.264333795545803 2.2389794472604807 2.2295971312656646 2.2244822241355986 2.2137829942350806 2.189448294968588 2.14523063255756 2.0767105928674865 1.98131674403218 1.8583218325675388 1.7088019089490925 1.5355502963936007 1.3429432070773821 1.1367582972712091 0.9239514900497708 0.7124008523065606 0.510629021365297 0.3275175173945641 0.17202711634238532 0.05293824091361088 -0.021375968653238042 -0.043133508395125364 -0.0052770163440352125 0.09844661384223602 0.2734599841047042 0.5243776874486183 0.8550691443616822 1.268750230955136 1.7680899062240407 2.355316954226298 3.0323121018455654 3.800672232796634 4.6617360465879205 5.616564120318815 6.6658705721187035 7.809907975564328 9.048311339848597 10.3799103857366 11.802521563673007 13.31273201482519 14.90568688295002 16.574889228336275 18.312018748001258 20.106772325194086 21.946727080691673 23.81722611421111 25.701289587429788 27.579559919319596 29.430300041051183 31.229477627489064 32.950984822723846 34.567060134453875 36.04899332318112 37.368200050564845 38.497743378296256 39.41434366389718 40.10084374128198 40.548967168900774 40.76200915605899 40.75682753229337 40.56417432707349 40.226096991333726 39.78899271776637 39.2911723882472 38.74481116968198 38.114209346584715 37.295312626843824 36.10469750277012 34.28801276818216 31.555857669545162 27.647592507253904 22.411523719529924 15.877943118658422 8.296637778260063
0.13648421623102536 -6.904465032051554 -13.529992473526598 -19.38302961845384 -24.249873185451243 -28.08047033348693 -30.96611374273639 -33.08826612954174 -34.659027499919226 -35.871375298195396 -36.86907703347231 -37.737198768987845 -38.508098551699455 -39.17571599109326 -39.71185770047292 -40.080395846837646 -40.24754171349176 -40.187981614314694 -39.887553797328664 -39.343460859926346 -38.56297937769648 -37.56143636602926 -36.359991718146745 -34.98355918387874 -33.459038615724076 -31.813920875811696 -30.075256666093342 -28.26894203829755 -26.419257094382196 -24.548593129616325 -22.677311062450077 -20.823686083977222 -19.003906724511243 -17.232108681725645 -15.520433411668199 -13.87910792722463 -12.316545519335254 -10.839467610561925 -9.453045478728383 -8.161058009183986 -6.966058909469025 -5.869544623119949 -4.872113082996319 -3.973603657949106 -3.173210192933054 -2.469561671008674 -1.8607683863123419 -1.3444351599811721 -0.9176466068916422 -0.5769323838050733 -0.31822241723843125 -0.13680315417478883 -0.027285835919321766 0.016403269423037603 0.0010026747736258113 -0.06613989891428307 -0.17716092866430777 -0.32381170259637715 -0.49762259037904044 -0.690094863985552 -0.8929119811396102 -1.098160930449038 -1.2985536856874313 -1.4876390182289034 -1.6599958452814811 -1.811400864978191 -1.9389653542493945 -2.041238582307092 -2.118278215045566 -2.1716913179486985 -2.204653066310985 -2.2219141343009228 -2.2298121348837685 -2.2363077396492237 -2.251072856711278 -2.285667358987442 -2.3538539024947625 -2.4721197179389254 -2.6605037897381445 -2.9438738895476435 -3.353871040287504 -3.9318569892213273 -4.73339381570792 -5.835107720321142 -7.345337278711339 -9.420914295466542 -12.2940944121952 -16.31664604654692 -22.03355171258192 -30.308793172997284 -42.54410995611968 -61.06464132251132 -89.79952574762916 -135.44952831079814 -209.2845166903201 -328.9147714208118 -515.2967095880445 -766.0449502218736 -964.3860244052504 -776.977062833346 -1.6294931965177284 774.3716934585087 963.2447545081923 766.1617521336516 516.049222311139 329.85611344837906 210.206593892428 136.2796850425596 90.52223267291158 61.6838132861619 43.06812244228908 30.74546885376117 22.38905299104865 16.595736322451703 12.50077067031563 9.559038505352335 7.4191388433042516 5.849522732183365 4.694242215697308 3.845872451417043 3.228604535645274 2.787495407787499 2.481529115797021 2.2790906276021206 2.155000491295689 2.088580180494848 2.06241003177815 2.061558237878569 2.0731312411864655 2.0860410501898072 2.090914065099314 2.0800853908893577 2.04763615930123 1.9894414513252356 1.9032044411924909 1.7884591747120704 1.646530434647464 1.4804446071162158 1.2947904320292913 1.0955329182217588 0.8897874654285876 0.6855642228130454 0.4914948302432026 0.3165548637784621 0.1697954716373129 0.0600969023696607 -0.004045081657619298 -0.0146914032474188 0.03541494038153403 0.15277223243626015 0.3430904473077784 0.6113035383713272 0.9616153063028016 1.3975680808690076 1.922121822492684 2.5377306295106328 3.2464041102207504 4.049742646384663 4.948938118407263 5.944734997798337 7.037350511040555 8.226356459923311 9.510528828495929 10.887674073932763 12.354442655668763 13.906140666142264 15.536549412077937 17.237760632575206 19.000032282870393 20.811667116522045 22.658914576113574 24.525896641564014 26.39456107869198 28.24467147499732 30.05385263840532 31.79772176573392 33.45014904755361 34.98370390613514 36.370351707220024 37.58246621992534 38.594209446394245 39.38329508814897 39.93308554348873 40.23486465616788 40.28997121985345 40.11127161897221 39.72321442013094 39.15950396365275 38.457371697542264 37.64769951827951 36.74108703581869 35.71152411575351 34.48154121597824 32.91496261591753 30.824434260425804 27.999135340568415 24.252469976482338 19.48089030991973 13.716689598837206 7.1544679807056255
0.1467190601944779 -5.9496537642411695 -11.731850047973502 -16.924479482050003 -21.35842315784231 -24.986822324812863 -27.869686791706094 -30.13676393091913 -31.943443800459548 -33.4330823741924 -34.713413598761456 -35.84823936409354 -36.86101984259782 -37.74520664847181 -38.47658698909129 -39.02441621883579 -39.35975350245258 -39.46066580787999 -39.31469818377442 -38.919309849523295 -38.280999693824924 -37.41372959873645 -36.337093474736456 -35.074525798428624 -33.65171761577468 -32.095315475391125 -30.431916584999772 -28.68733575723148 -26.886100455119077 -25.051124084585208 -23.203510187866925 -21.362447726132604 -19.54516744498369 -17.76693917909744 -16.041098432296728 -14.379096794382983 -12.790574401157494 -11.28345390561225 -9.864054796087235 -8.537225077125122 -7.306485090076836 -6.174176267791445 -5.141606398884339 -4.209182831639464 -3.376526025300544 -2.6425578450370995 -2.005561699373673 -1.463214691638931 -1.0125950038852165 -0.6501704143537651 -0.37177589082781903 -0.17258941657938287 -0.04711553068290075 0.01081449703094206 0.008018273997406622 -0.04809195138233413 -0.1495966105326263 -0.28818986706063976 -0.45533244587087074 -0.642431874336713 -0.8410437083603006 -1.0430857430482332 -1.2410562093022326 -1.4282466060579202 -1.5989401180145635 -1.7485875460264422 -1.8739542675183518 -1.9732339321672232 -2.0461272984340084 -2.093887801618566 -2.1193390642954 -2.126873647191607 -2.1224469766986664 -2.113585839630394 -2.109437522377633 -2.120894426669573 -2.160841111237266 -2.244588404193837 -2.390586076331802 -2.6215475281643474 -2.9661869626290693 -3.4618785732976054 -4.158727828258157 -5.125849117671166 -6.461166117162631 -8.306965096668284 -10.875064458174544 -14.488444340569616 -19.65173291530009 -27.17347920877966 -38.383358726553624 -55.5261520917083 -82.4856497519999 -126.10585474746915 -198.46642898381893 -319.9947817037518 -519.5460270171992 -810.7904195968274 -1083.8793968763482 -924.9909944551326 -2.286901509140904 921.6141392775689 1082.786862148115 811.2746993703901 520.6407538959822 321.1760473269498 199.54446867762377 127.03758200888204 83.27699154298651 56.19416124997278 38.94403357115994 27.638999742649606 20.030748813273934 14.787138291732504 11.098235459606197 8.45891308080826 6.546338734211843 5.149265992880625 4.126210949765563 3.3801188649171254 2.8426762259012306 2.464404336623982 2.2083041492323985 2.0457359837663947 1.9537393700719274 1.9133015211603155 1.9082623616489824 1.9246518877596985 1.9503216193494932 1.974773075181513 1.9891126446602847 1.9860799234633353 1.9601091468787746 1.9073929274675272 1.8259253520593044 1.715508318630432 1.5777111210470152 1.4157788331309318 1.2344900115945912 1.0399684855653957 0.8394574945927435 0.6410669908574196 0.45350655213008406 0.2858169534059041 0.14711310629550445 0.04634983846979468 -0.007880018556144508 -0.007508371103193134 0.05488841446868453 0.1860134325654128 0.3918142401775071 0.6774834039774413 1.0474865669680282 1.505608119068691 2.0550034795700083 2.6982468017683336 3.437363652248372 4.273839868671331 5.2086002422062805 6.2419537072696745 7.373505068507605 8.602036607810726 9.925365820939446 11.340187687822745 12.84191099943377 14.424498219166582 16.08031720037817 17.800011080132403 19.572390318766672 21.38434881078899 23.220805008260513 25.06466979867117 26.896846006757567 28.696270090269316 30.440014642461044 32.10347999042629 33.66071306614371 35.084899893795814 36.34908165897288 37.42714000273484 38.29508036872875 38.9326075337304 39.32492852275704 39.464628570522464 39.35334161220716 39.00278140701374 38.43453265853558 37.67787237478171 36.76489171879904 35.72245500108817 34.56122229228864 33.263173040132266 31.77069242080055 29.9818401644103 27.75699538325238 24.940550661707306 21.397076995191 17.05510703606361 11.945841480049957 6.22206471391884
0.1486196425615205 -5.160991875112764 -10.230733793483715 -14.846693416643575 -18.874691652808195 -22.27289789310305 -25.081048265604977 -27.39312990265752 -29.324301524349394 -30.982032473505505 -32.44744202564931 -33.76809767152711 -34.96005456022022 -36.01541423323695 -36.9118237341004 -37.6213560002947 -38.1174086320879 -38.37922164708463 -38.39421624209693 -38.15863573029432 -37.67702890635105 -36.961055806539186 -36.02798801507267 -34.89916312232166 -33.598555351019854 -32.15154854885549 -30.58394334572001 -28.921194241512403 -27.187851173242628 -25.40717000897308 -23.600854421649274 -21.788894898880915 -19.98947698477804 -18.218938283138808 -16.491760858604042 -14.82059142466241 -13.216285612124844 -11.68797455004339 -10.243152224397173 -8.887781095655091 -7.626411841674084 -6.4623114471349155 -5.397592670324733 -4.433337495754475 -3.5697076923131563 -2.8060369620933057 -2.1409012392659132 -1.5721661865404635 -1.0970135298096761 -0.7119502858339566 -0.4128068929562523 -0.19473160664806866 -0.05218913909255107 0.021028591444538502 0.03177253955058412 -0.012518217598483927 -0.10389987703113279 -0.23403761205714746 -0.39434896507498096 -0.5761740541186666 -0.7709676391605413 -0.9705063256075508 -1.167102844070178 -1.3538185396173852 -1.5246649988752414 -1.6747862045167483 -1.8006137431161862 -1.8999894161245146 -1.9722520888110218 -2.0182887032485497 -2.040553054080685 -2.0430601416610017 -2.0313687216605425 -2.012570218233589 -1.9953087957283455 -1.9898657754199855 -2.0083528980402443 -2.0650751801257194 -2.1771486031788023 -2.3654961820507303 -2.6564074439705543 -3.0839470630009136 -3.693666361574144 -4.548356625414529 -5.737076902544436 -7.3895614855645775 -9.699689206248973 -12.964614609740632 -17.65169238864772 -24.516058542248253 -34.81297195240152 -50.69151993756904 -75.94043104205083 -117.4123344395328 -187.67018246714784 -309.28012835661707 -518.0866872037715 -844.7746097839292 -1195.0268540413765 -1079.373067866527 -2.925199679424395 1075.3680603479586 1194.1324200834556 845.6525141285275 519.4750396096737 310.63613145069 188.8455835524283 118.39826820762899 76.76313400711732 51.37904040460883 35.3871031806352 24.99201331636558 18.039692806299247 13.271629688566543 9.930866232332747 7.549292348899561 5.829742611940247 4.5788077684755235 3.667490085133285 3.007561860839114 2.5370203323740737 2.210952998853155 1.995706199310332 1.8651231879984742 1.7981117170831618 1.7770858375654175 1.7869937383943602 1.8147431957407645 1.8488967856908345 1.87954662510037 1.8983025152627397 1.8983435784045155 1.87449514496979 1.8233017405008822 1.743074650611548 1.6338992965576893 1.4975937693066654 1.3376154022948228 1.1589171253104102 0.9677594264079215 0.7714869411297454 0.5782808867003941 0.39689974595649713 0.2364207842033006 0.10599423435758704 0.014620434034828822 -0.029041987351235976 -0.016831428423097483 0.058800415684984175 0.20471094481583352 0.42702451803294794 0.7311201434206938 1.1216413690656735 1.6025194093352568 2.176999919391298 2.8476639973203097 3.6164349537112086 4.484564078689954 5.452590940563384 6.520276470940783 7.686509968908225 8.949193899541186 10.305112650864784 11.749792984478841 13.277364571702698 14.880428690967618 16.54994199940529 18.275120567549653 20.043367560376723 21.84022662954088 23.649362879322176 25.45257466305517 27.22984280546403 28.95942908321958 30.618042506799224 32.18109926466317 33.62310875126617 34.91822208344208 36.040978735782936 36.967278623152296 37.67558805119586 38.148354645848315 38.3735547730768 38.346223387764056 38.069719564166604 37.55636641099791 36.826989831117984 35.90880714373412 34.83115480771293 33.61879450687333 32.28310575181581 30.812410797200762 29.163873679340924 27.260487013487378 24.996930992671196 22.2567887552394 18.940351600438277 14.997647028800465 10.457179266989414 5.439587551863134
0.14320074994245147 -4.4990788620813404 -8.956660256171922 -13.062578896376742 -16.710369506647282 -19.86401854465747 -22.550285033182682 -24.8383337722613 -26.814616887325116 -28.560521132510175 -30.137473193243558 -31.580727097679784 -32.90039614412432 -34.08703297943294 -35.119035820119215 -35.969839531859726 -36.6137229135477 -37.029806062598425 -37.2043038544656 -37.13135345692287 -36.81281313407059 -36.25740747943862 -35.47952640290175 -34.49790552735532 -33.33434195218254 -32.012538542844915 -30.557123363176284 -28.99285758487413 -27.34402310360706 -25.63396817513608 -23.884783594363412 -22.117081394280035 -20.349850998522268 -18.60037265027592 -16.88417338539583 -15.215015853885793 -13.604914173241388 -12.064173467588173 -10.601450758573327 -9.223834735123045 -7.936941025450429 -6.745018402614655 -5.651060326638674 -4.656915671630151 -3.763392612828181 -2.970350487022516 -2.276775916962431 -1.680841404167882 -1.179946729094189 -0.7707455922574546 -0.4491617644877821 -0.21040042432182715 -0.0489612093730607 0.0413402381714556 0.06733580206905176 0.03644797313698267 -0.043391671526449294 -0.16385100858898327 -0.31633337226957825 -0.4921393823463516 -0.682650907704585 -0.8795315883268484 -1.074936754481698 -1.2617244293153251 -1.43365848937399 -1.5855950974902333 -1.7136442693105325 -1.8152999368123424 -1.8895341272945343 -1.936853853894971 -1.9593229589984218 -1.9605554232624 -1.9456915284682408 -1.921373834269935 -1.8957464569965832 -1.8785091855189062 -1.881068569430655 -1.916843101906207 -2.0018020564194217 -2.155352629613916 -2.40174656621045 -2.7722705353344645 -3.3086407150373365 -4.068288945542897 -5.132692959648466 -6.620731485267317 -8.710555305828093 -11.676290235651532 -15.95131528299043 -22.240573197706556 -31.726069588284833 -46.454563400208926 -70.08972215039044 -109.39921434819365 -177.17570954563166 -297.5228497728732 -512.2193701308707 -868.8971618607421 -1296.0369040190221 -1237.414578653304 -3.477450185407349 1233.000413426346 1295.4580368912793 870.1370778188266 513.8168924305875 298.97228079373673 178.38379750467536 110.39014242909094 70.9062442546715 47.132493930459596 32.290748159162774 22.708772382804554 16.333876070028786 11.980340462132698 8.941159985818569 6.782058510409472 5.228804077845317 4.103645269615264 3.2883881512341118 2.7023530675887586 2.288884425730997 2.006916257336344 1.825609538656514 1.7209069973336821 1.673316721864937 1.6665025563097902 1.6864148355244524 1.7207873315436273 1.7588820314431985 1.7913978456410296 1.810481410303988 1.8097930612143154 1.7845919163905766 1.7318126145052237 1.650113615734583 1.5398835650437537 1.4031982280057753 1.243725917454419 1.0665840289258988 0.878153166914003 0.6858582472278607 0.49792783316682243 0.32314379764364354 0.17059324772847329 0.049433617957256315 -0.03131991191077099 -0.06297779807803994 -0.03732604425363273 0.053258895613278456 0.21572910432365866 0.45631454264435933 0.7804971930337745 1.1930029500825667 1.6978033090801758 2.2981186754089666 2.996415570538785 3.7943911168988875 4.6929398652058305 5.692100151802881 6.790979548749743 7.987661375048159 9.279096416004162 10.660985713109444 12.127661339302458 13.671972362644945 15.285182735528535 16.956886802227956 18.674946791125134 20.42545547633778 22.19272663786964 23.95931643970006 25.706080709951838 27.412276410015977 29.05572007212087 30.613021122825046 32.059912819419885 33.37170678371803 34.52389732463201 35.492937183077 36.25719512008185 36.79808586062316 37.10133197846188 37.15827317050335 36.96707929868648 36.533650184784605 35.87190333119494 35.00307674777936 33.95364069020523 32.75147388920541 31.420189433930545 29.971963781232347 28.399949300648153 26.672230342934533 24.730011488380832 22.492804217852935 19.87227151380111 16.793883897543438 13.22213830427632 9.182134300496081 4.769507334092538
0.1321031665169059 -3.936995587632275 -7.862797424218471 -11.514600814330755 -14.808087838993345 -17.713173092541723 -20.248437977326006 -22.4657503720449 -24.43097348594936 -26.206472751320042 -27.83912210635009 -29.354946940762794 -30.759494140268906 -32.04197260958885 -33.181086328677445 -34.15092676327003 -34.9259257715806 -35.484441207591644 -35.810947925432046 -35.897030191569534 -35.741459851659215 -35.3496487908167 -34.73272598986332 -33.90643606293153 -32.8900025046841 -31.70505169781679 -30.37465526566363 -28.92251864195283 -27.37232205770712 -25.74720546552833 -24.069380240050453 -22.35984661434098 -20.638195601926366 -18.922476413037458 -17.229113978627918 -15.572865157048865 -13.966805785862457 -12.422343458381723 -10.94925255092742 -9.555728653058287 -8.248459382780847 -7.032707927513148 -5.912404907225804 -4.890243614262407 -3.967773563891275 -3.145487709714928 -2.4228996300283687 -1.7986083765467176 -1.2703503426383933 -0.8350392679520868 -0.4887971469386132 -0.22698020117173368 -0.04420507683899899 0.06561904831781096 0.10924674454376726 0.09403578312555672 0.027865509309721315 -0.08096875967783523 -0.22388652620386473 -0.39217741774871806 -0.5771783560842847 -0.7704680070788616 -0.9640721865358803 -1.15067250373857 -1.3238096062201388 -1.4780720966289795 -1.6092626184063819 -1.7145338216875694 -1.7924889511136688 -1.8432446254709745 -1.8684569418347952 -1.871316276231827 -1.856521018404611 -1.8302460008881583 -1.8001277628793 -1.7752964978223762 -1.7664944951592543 -1.7863347696547849 -1.8497742260517591 -1.9749079715464246 -2.1842435093771817 -2.506699734885487 -2.9807209553622815 -3.6591457377427306 -4.616907694842687 -5.963428848280716 -7.863005019758673 -10.569197172780598 -14.484513679060562 -20.267216724277336 -29.028836232699582 -42.71205113861143 -64.83796664360608 -102.02465771096624 -167.09994419865203 -285.1900935232487 -502.92224587439534 -884.0453816871551 -1385.4516109442727 -1396.1376504841637 -3.8740236700007813 1391.5891027498794 1385.2538891008946 885.5617546768002 504.6192417151784 286.6438000366589 168.27521757248442 102.97279420290906 65.61265147962291 43.3530331305132 29.562584546446445 20.710571409560117 14.848008981787618 10.859532905082569 8.084776148814532 6.120305605755716 4.712421403826883 3.6971881861180833 2.9658298250445636 2.4441799993502045 2.080161400301872 1.835986765567621 1.6832172516906274 1.5995989872774619 1.5670366403033875 1.5703124046820283 1.5963036668192876 1.6335381823223694 1.6719770559348035 1.702947523508913 1.7191678359759766 1.7148203013100938 1.6856386678942847 1.6289841600558574 1.5438915140300602 1.4310727206265361 1.2928719813090628 1.1331705913208978 0.9572449284991902 0.7715843360694974 0.5836783076176855 0.401783967149405 0.23468539359888796 0.09145594687731684 -0.01876645389309317 -0.08698299304221724 -0.10451073019807078 -0.06312914981293494 0.04480431710640609 0.2262682402429106 0.4875169872647911 0.834041132479757 1.270542134181596 1.8009144158159796 2.428228057923809 3.154705964889953 3.98169054526748 4.909596558365925 5.937848664680916 7.064804244361622 8.287663965992724 9.602374255042925 11.003527006862093 12.484262531090861 14.036181750743948 15.649273203189317 17.31185958257775 19.010567730592953 20.730325458473974 22.454388722482065 24.164403738111684 25.84051069335125 27.461498704541842 29.005025115299564 30.44791556040316 31.766563451658403 32.937447708953904 33.937784440676296 34.746320833116684 35.34426646009558 35.71633755531378 35.851862192006756 35.745857869986516 35.39994717412398 34.82292356295602 34.0307237877413 33.045519879544294 31.893638521709455 30.602090213687205 29.193697333611546 27.68119426413751 26.061235236900515 24.309889404694474 22.381687635641967 20.214242205884858 17.739521479134268 14.900916686904075 11.672705234255787 8.076397920717682 4.187991581821038
0.11722752185860941 -3.455654994191093 -6.9166285227861835 -10.16323601173763 -13.128918547766766 -15.789205224736591 -18.157610428279902 -20.273883681229954 -22.189039474267425 -23.95153437734887 -25.597525482567995 -27.146239248949655 -28.599899555823427 -29.946797309388096 -31.165912551309738 -32.23178106278812 -33.11875493248628 -33.80424417485317 -34.27085004852337 -34.50749539081643 -34.50974711477039 -34.279547196616186 -33.82455184967492 -33.15724564494804 -32.29396038044063 -31.25389358524688 -30.05819110148189 -28.729132866698315 -27.28944087187268 -25.761713043233048 -24.167976158753213 -22.52934439416654 -20.865767072025253 -19.19584889837844 -17.536727560812647 -15.903996205596792 -14.311661247104201 -12.772128629168211 -11.296213689176541 -9.893171031742122 -8.570741321447528 -7.335211872170344 -6.191487551844565 -5.14316813672852 -4.192628046039704 -3.341094521827348 -2.5887208575225973 -1.9346522040006309 -1.3770827099590655 -0.9133041484424287 -0.5397476040175375 -0.25202109450089827 -0.044947045150511844 0.08739576776189972 0.15162090620718383 0.1549688638186053 0.10522344737473599 0.010606867837104073 -0.12034813787475951 -0.2789491531635102 -0.4565160338879104 -0.6445702023014088 -0.8350357103167894 -1.0204449609207966 -1.1941408549778765 -1.350466594689792 -1.48493454294657 -1.5943665058101852 -1.6769996198989778 -1.7325546703986228 -1.762267097143444 -1.768885078267668 -1.7566438522573224 -1.7312308435349366 -1.6997623429035325 -1.6707998596804385 -1.6544436401522145 -1.6625537627396048 -1.709168311903042 -1.8112179237939063 -1.9896841844452284 -2.2714293115311257 -2.6920598373492144 -3.3004203296305157 -4.165723839515967 -5.389065156595763 -7.122428673601022 -9.600897211988201 -13.198850162482456 -18.53122126420359 -26.64239355817499 -39.37176536758291 -60.08804501031584 -95.2149006056202 -157.46600154814993 -272.55625536602764 -490.90925551274364 -891.0270046176727 -1462.0825851446461 -1552.3316696671507 -4.048836330809991 1547.9533951505075 1462.2683828299364 892.6905828095055 492.5823637450577 273.9246820507679 158.5464366165401 96.07644769760614 60.7887654147643 39.95132650249644 27.12601492238731 18.93440110506128 13.530970316394386 9.867710578533861 7.32773018904842 5.535805038311414 4.256739626121719 3.338900734053407 2.6818124104055485 2.2169994080567523 1.8963587774456503 1.6849402806667912 1.5563856570943724 1.4900180863802737 1.4689846330290246 1.4790878840509336 1.5080779752135731 1.5452556388079186 1.5812845390766883 1.6081404455045578 1.6191435337445381 1.6090328554616007 1.5740514563439278 1.5120182748482036 1.4223696225046378 1.3061590965246506 1.1660102939284323 1.0060216154184065 0.8316266379154724 0.6494168522380717 0.4669359149067631 0.29245589449389264 0.13474634447591116 0.0028464937162908654 -0.09415044292387931 -0.14729366710292124 -0.14794693714847984 -0.08793380504829029 0.04034440749922652 0.24381617709873238 0.5286694501513423 0.9002986924327994 1.3632638199342906 1.9212552647093761 2.5770597148422336 3.3325218244581456 4.1884983556975115 5.144802681090743 6.200139195342152 7.352028825289014 8.596728306077273 9.929147089123257 11.342766534089588 12.829566389299314 14.379963497775927 15.98276731306525 17.625156352830405 19.29267942371693 20.969285556183824 22.637387297564924 24.27796341990973 25.870709105966228 27.39424400846291 28.82639074897164 30.14453775303738 31.326100078489237 32.349089269891884 33.192797558296846 33.83859228753616 34.270802808655795 34.477663742020766 34.45225513190708 34.193351261286864 33.70605606470844 33.00206603841449 32.099366729974044 31.02114778161802 29.793735516991937 28.443421506829658 26.992248370429905 25.453127063590486 23.82509316416037 22.089976778914 20.21207242473899 18.142279241852854 15.827387215772148 13.223667877850787 10.31203401756109 7.110516997199667 3.679565780103644
0.10042152573497276 -3.0410271686243107 -6.094605388895502 -8.979976664762468 -11.644821604757105 -14.06972430914255 -16.26510375560386 -18.262146767153986 -20.101084477288644 -21.820173402971044 -23.44771734136497 -24.99804564563668 -26.471140570420992 -27.854891805993987 -29.128763932582125 -30.26782998224231 -31.246450641753132 -32.04121146717309 -32.632990225760494 -33.008192962753476 -33.159284014137036 -33.084766158184564 -32.78876569262401 -32.2803598302146 -31.57276049013724 -30.682444372983618 -29.628296518107167 -28.430814134691172 -27.11139988505917 -25.691759082928645 -24.19340375886092 -22.637258166581795 -21.04335499803489 -19.430608962195393 -17.816653933935555 -16.217730993355605 -14.648616648053613 -13.122582824326711 -11.651382323127493 -10.245255101635486 -8.912951827777793 -7.661771687888508 -6.497611554706628 -5.4250235194955305 -4.447277664556825 -3.5664269707094687 -2.7833715174058193 -2.0979196971307457 -1.5088450010958265 -1.013937976912238 -0.6100540984604885 -0.29315941750901464 -0.05837685348536459 0.09996326945704848 0.1882643971160003 0.21359254240072012 0.183588967110071 0.10636377787004436 -0.009631392384468196 -0.1557519811004604 -0.3233290374396458 -0.5038545611249501 -0.6891787125401505 -0.8717123739490629 -1.0446273182801447 -1.2020455453673473 -1.3392093233258184 -1.4526242361723174 -1.5401691416183638 -1.6011693883627443 -1.6364328904489023 -1.6482526162603373 -1.6403836555700657 -1.61800824708902 -1.5877080950987832 -1.5574703179593863 -1.5367622104273115 -1.5367220529272085 -1.5705309243629895 -1.6540580701901453 -1.806917056929036 -2.0541442183602543 -2.42883695761531 -2.976307553648194 -3.76069336306295 -4.875660784457447 -6.462132957183453 -8.738441055644586 -12.053171322423673 -16.98092673144802 -24.502272250471744 -36.355320411087796 -55.75113501213091 -88.88754532107245 -148.24864882391208 -259.77408523726984 -476.69802341514077 -890.5591836944193 -1524.9847856434328 -1702.6225967449625 -3.9458923169632953 1698.7204419210577 1525.4915265227353 892.2114870528296 478.22152534036985 260.97358571965043 149.17907219249793 89.62459467932281 56.35046141320154 36.852657468171564 24.91941355023175 17.3307839469633 12.343249989955618 8.973118487219377 6.644144151002895 5.0070719921829765 3.8435372422446212 3.012985300087645 2.4223519473198785 2.008208319344562 1.7259578795580932 1.5431486393280291 1.4352598829614482 1.3830209289533713 1.3707054632638993 1.3850632153178388 1.414676574392204 1.4496035971883758 1.481213049572272 1.5021442628160298 1.506341954028989 1.4891280077738989 1.447281027583125 1.3791016348296825 1.2844477645426733 1.164729892598193 1.022861300608302 0.8631630681835145 0.6912273471931796 0.5137454944578734 0.33830972940351867 0.17319810534460744 0.027152793674600773 -0.09083893637934493 -0.1717529341058177 -0.20671922603271442 -0.18719159664115637 -0.10509348584764044 0.04705998102177977 0.2760622312786287 0.5879347276874225 0.9878616680639163 1.4801353497806424 2.0681075793363424 2.754142895106948 3.5395701342402774 4.424629937726798 5.408417036960045 6.488817491025478 7.662442293078636 8.924559857924896 10.269030711753876 11.688248221045907 13.173089398502285 14.712879813629092 16.295376528401018 17.90677295631149 19.531729779192485 21.153436694188454 22.753710859805263 24.313139376033742 25.811274767866266 27.22689383624188 28.538330904901432 29.723895842402868 30.76238471434789 31.63368605372252 32.31947819596792 32.80400276915562 33.074886264443656 33.12396565394504 32.94805536298906 32.54957166235916 31.93690723308329 31.124425199198225 30.131922923906096 28.983410963121514 27.70507811423073 26.32239274529269 24.85644911878193 23.31992064096511 21.71331317345704 20.022545902875777 18.219076149574853 16.263628256711904 14.11391634753123 11.735563343848732 9.113999080061497 6.26403835188416 3.2337430990159177
0.08325467401260056 -2.6824525372104446 -5.378882647364414 -7.943076527037185 -10.334101475462099 -12.53691863754458 -14.56006362832607 -16.428593673993852 -18.174835823274726 -19.82953539493515 -21.415271617652998 -22.942946272350717 -24.41120328578794 -25.808050093640844 -27.113755981522658 -28.30419197063616 -29.354005731856425 -30.23927588015507 -30.939496462447647 -31.438882719743155 -31.72706917228041 -31.799306769788593 -31.656274450317934 -31.30361441638252 -30.751287818044926 -30.01283246257591 -29.104588609288882 -28.04494367263155 -26.853632233522216 -25.551114610562475 -24.158045798026162 -22.69483726148491 -21.181307123313562 -19.63640971719166 -18.078033135852657 -16.522852863232323 -14.98623037418524 -13.482147162468573 -12.023166544250438 -10.62041739359018 -9.283595443582287 -8.020978840850013 -6.839455252350135 -5.744558123154941 -4.74050978597651 -3.8302691878239203 -3.015582157866459 -2.29703246021451 -1.6740924038599614 -1.1451724863015267 -0.7076703853697852 -0.3580204900938133 -0.09174599445771481 0.09648373929305176 0.2127873847923567 0.2639940982163136 0.2575510759189603 0.20141363896553077 0.10391618375293898 -0.026376421612961387 -0.18083591396544918 -0.35095344688096386 -0.5285337198973616 -0.7058944618398844 -0.8760640614891013 -1.0329693680383167 -1.1716055373417467 -1.2881803970005157 -1.3802272074669997 -1.4466819338737613 -1.4879241639348395 -1.5057845466437403 -1.503526001533917 -1.4858109261611796 -1.4586722942050434 -1.4295131922198445 -1.4071676693167001 -1.4020670506964539 -1.426572368382062 -1.4955591992754647 -1.6273827067903035 -1.845419772087964 -2.180502590194977 -2.674761894194133 -3.3877590040592986 -4.406440828098046 -5.861672323564937 -7.956444047124145 -11.015502183803205 -15.575712010545972 -22.556901292355434 -33.59835058742488 -51.750946252654416 -82.96431840031815 -139.40284927735024 -246.92581943238866 -460.6720025979172 -883.2871825278764 -1573.4597187227093 -1843.5748792426841 -3.5255261052924425 1840.4278189927757 1574.1672014110009 884.757044771236 461.92801439003614 247.8837005518608 140.13741339850228 83.54614204498789 52.22687582576491 33.996774667245376 22.89434352780173 15.8614810192631 11.254658383554883 8.151668883492613 6.014461148922123 4.517875943607641 3.4590121676736363 2.707412801550846 2.176724418280207 1.8080634110356764 1.5599809225819161 1.4022667359042673 1.3120555942847112 1.2713558282473336 1.2654818059060213 1.282075635501978 1.310520828176065 1.3416193507470586 1.3674445652245293 1.3813077687602204 1.3777921916824365 1.3528193530759625 1.3037208871469197 1.2292956598564109 1.1298378364987816 1.0071268555700286 0.864375040260934 0.7061327949459129 0.5381548511568246 0.3672337495186362 0.201008586006024 0.047758013449472614 -0.08381339759389039 -0.1847869465654295 -0.24623244352595108 -0.2593960086189062 -0.21586915315896515 -0.10773712480038888 0.07229375468820187 0.3307885342063166 0.6734934633328971 1.1052600300953674 1.6299796590743543 2.2505255404345337 2.968698441504769 3.7851740159969283 4.699449998079308 5.709792650201995 6.8131828211845376 8.00526287966008 9.280286543665444 10.631074183098109 12.048976546959327 13.523850091911887 15.044047272221027 16.596425398002488 18.16637810463373 19.737894193437022 21.293649615846675 22.815139598112985 24.282859161055548 25.676541227758197 26.975461758469432 28.15882042397133 29.20620282043762 30.098125819137955 30.816661164900783 31.34612396777925 31.67380245650886 31.790693638023004 31.692196659873773 31.37870195571768 30.85599992011634 30.135418479697584 29.233586100003706 28.17170944972691 26.97426082546084 25.667002323528365 24.274348699626636 22.816206233193803 21.304627716780544 19.74087439628125 18.113710320566412 16.39985727718507 14.567363719386606 12.582077789220492 10.416484086661626 8.059099473380904 5.521856577215267 2.8429032825760814
0.06689331709441859 -2.371590725691597 -4.7553135154609905 -7.034982222422492 -9.178728527450275 -11.175183337406303 -13.031714815094908 -14.768910511784306 -16.413231693275243 -17.989856720843633 -19.517209840449468 -21.003879037748696 -22.447891843704326 -23.83783723229449 -25.155133645760053 -26.376779620405078 -27.478080198459764 -28.435029234814557 -29.226189908970746 -29.834032220055207 -30.245757630866787 -30.453677718469407 -30.455228260668488 -30.252701923998426 -29.8527780973723 -29.265920705365822 -28.50570552797138 -27.58812833538182 -26.530934355815106 -25.352998734208263 -24.073777189395074 -22.71283669332158 -21.289468128558585 -19.822376910425543 -18.329443557318914 -16.827544072102185 -15.332419447261248 -13.858584230351765 -12.419265429495507 -11.026364711941433 -9.690438495072728 -8.420691967246373 -7.224984154200476 -6.10984190608177 -5.080481134885351 -4.140833919916709 -3.2935803075090364 -2.540183859595646 -1.8809303204736505 -1.3149691883779235 -0.840358496966287 -0.4541136870833684 -0.15226202017215584 0.07009551152792337 0.218712467268678 0.3001129748292364 0.3214931363509921 0.2906058972418357 0.21562817710540916 0.10501008931573796 -0.03269264868543953 -0.18900056151072153 -0.35570246579852416 -0.5250522472532992 -0.6899637144608395 -0.8441961092897632 -0.9825226431531275 -1.100874900458737 -1.1964571784811584 -1.2678268486621125 -1.314939599295073 -1.3391618921898552 -1.3432570646126907 -1.3313561960404119 -1.3089302146862547 -1.2827859986824786 -1.2611170662590876 -1.2536500150339691 -1.2719432655738938 -1.3299185340742703 -1.4447440618164942 -1.6382529275615898 -1.9391892701819957 -2.386765530543733 -3.036351765927092 -3.96873285453625 -5.3055188497763694 -7.2355096407106245 -10.061234443456968 -14.284033618636727 -20.7657543497608 -31.04939883236679 -48.02477782020031 -77.37726664605259 -130.8805351744935 -234.05751903530225 -443.1299566706004 -869.8128457435139 -1607.0736556547338 -1971.8177136550707 -2.7697065134901777 1969.6535765244325 1607.8188353761468 870.9331061212921 444.0169458359522 234.71577037601054 131.38435099558254 77.78105537313839 48.361073436917756 31.336484640532845 21.01346768086154 14.49733890638849 10.242358248217508 7.385239561548684 5.424018757894111 4.056068827351655 3.0928347880621043 2.4131693930046216 1.9368766615290856 1.6092294068298374 1.3916529048951798 1.2559864057520853 1.1808855903105986 1.149544829318061 1.1482564138998175 1.1655142281391528 1.1914786083128126 1.2176830760723956 1.2369018390046005 1.2431204107316018 1.2315667485912618 1.1987706006227894 1.1426264250374851 1.0624414780402436 0.9589560926764884 0.83432803608674 0.692077213360065 0.5369908066815698 0.37499211004154986 0.2129787434168584 0.058637562557750655 -0.07975560052497777 -0.19354314434616438 -0.2738921942641026 -0.3119937873485856 -0.29924953786619746 -0.22744213892700316 -0.08888763353920304 0.12343114865587257 0.41574935612354036 0.7934214870197742 1.2608371456623857 1.821348657840005 2.4772080176099776 3.229510907094557 4.078145996387339 5.02174833197172 6.057656288505353 7.181872212116414 8.38902749238174 9.672353315786918 11.023658790783735 12.433318527314968 13.890272157808074 15.382038781298345 16.894749982342972 18.413205947656607 19.92096028442469 21.400440319392366 22.833110768027964 24.199689392440657 25.480423303251285 26.655433517827063 27.705132922757336 28.61071870627674 29.354734539810412 29.921690456005123 30.29871981832022 30.47624348863298 30.448601756520866 30.214605224707647 29.777946933080557 29.147409692413806 28.336795366794565 27.364497980266744 26.252643221866823 25.025729523688867 23.708740006740392 22.32476303265507 20.892272803405554 19.422382151192963 17.916566968532166 16.365521818926254 14.749849466526577 13.043108233889988 11.217270105725596 9.249913531115261 7.131678658680585 4.871975448623722 2.5009952981625005
0.05207052278688451 -2.1017416251689625 -4.212216501930932 -6.240806838189172 -8.162820738020216 -9.969881981102269 -11.668593133360439 -13.27620382129524 -14.814752732577041 -16.305251752730676 -17.76311393319574 -19.195435998287103 -20.600177146667953 -21.966883796993297 -23.278435350007065 -24.513287613856516 -25.64779406698081 -26.65832224854947 -27.52300856023293 -28.223089931473933 -28.74381277410576 -29.07495496298429 -29.211013878664982 -29.151120202497438 -28.8987380815664 -28.46121010997127 -27.849201446707994 -27.076091692326276 -26.157356083231775 -25.109969438406043 -23.95185758520324 -22.70141232232292 -21.37707798470889 -19.997010877627616 -18.578807629812122 -17.13929497490059 -15.694371579427878 -14.25889203072024 -12.846583659185534 -11.469988115085648 -10.14042120353109 -8.867946116337121 -7.661356673862585 -6.528168402234469 -5.474616182307157 -4.505657841764044 -3.624983485950306 -2.83503064842483 -2.1370055556241274 -1.530911002436408 -1.0155815463130935 -0.5887269597792955 -0.24698511858656236 0.01401428781300229 0.19957369856049567 0.3158377263118295 0.3696879032810685 0.3686210745873497 0.32061096969904224 0.2339533039108499 0.11709579874064069 -0.02154429460776708 -0.17377131460660777 -0.3318058750800823 -0.48847700689136353 -0.6374049443524932 -0.7731675326777543 -0.8914436154666694 -0.9891278386947588 -1.0644131066589457 -1.1168394364502454 -1.1473111413973225 -1.1580880594697085 -1.1527609137990114 -1.1362259032060562 -1.1146795272565235 -1.0956620067353873 -1.0881875667567709 -1.1030142234441653 -1.1531279563731234 -1.2545520677748057 -1.4276523671358232 -1.6992107909347132 -2.105717565467624 -2.698647851012703 -3.55306476239714 -4.781970613104702 -6.560917453631299 -9.171572449049314 -13.081640800861605 -19.097434321231344 -28.66818729001297 -44.52278389634023 -72.07087021550818 -122.6393245788171 -221.20017091362243 -424.32085939117843 -850.7197602769168 -1625.6754328631116 -2084.1812521078928 -1.6858083458259898 2083.1587301876552 1626.2722819133835 851.3425182903588 424.76015420672917 221.51790280009908 122.88932748825809 72.2819926877083 44.708988676182 28.83568705676187 19.24845402707098 13.216365276452757 9.289201831904625 6.660278660541308 4.861896550196199 3.6126421194543346 2.7373820939047278 2.1236387863926565 1.6969321153559314 1.4063871373454218 1.2160938695338075 1.099797155906801 1.0375751668539879 1.0137414626026908 1.0155214392687517 1.0322313337030042 1.0547896496476694 1.0754503450549624 1.0876826491129643 1.0861442194654014 1.0667083757215368 1.026515758054125 0.964027902086162 0.8790660191299038 0.7728232652004507 0.647843241438073 0.5079614378961095 0.3582097714499577 0.20468720201560764 0.054401563261419206 -0.08491081770700681 -0.20498040771144144 -0.29720727053594853 -0.352864456513724 -0.3632959265909008 -0.3201041070288735 -0.21532345402419661 -0.04157769359525165 0.20778041253610713 0.5385469092811235 0.9555614395811984 1.4626177681420494 2.062388496876233 2.756362308241056 3.5447921285913786 4.426652786156948 5.399607004423768 6.459978897815355 7.602734483313222 8.821469091302713 10.108401957871216 11.454378739685078 12.848883254417547 14.280060464115229 15.734753618045602 17.198559562968256 18.65590747170867 20.09016751132464 21.48379709762671 22.818533091304438 24.075638289582923 25.236209538331277 26.28155245546826 27.193623969670178 27.95553862234401 28.552128034400326 28.970535497117034 29.200819813706147 29.236534884851118 29.075244624467977 28.7189269358179 28.17421586347235 27.45242764347955 26.569314495419327 25.544490650888374 24.400480952546655 23.161358376595498 21.85097063984509 20.490816615255092 19.09772743497129 17.68163292400704 16.24383163384202 14.77628753548732 13.26247949712478 11.680156332740665 10.00595849045105 8.22129775553293 6.318293141780451 4.304190865886959 2.20279164340198
0.03913140841138585 -1.867387259264497 -3.739614917872558 -5.54744627799586 -7.2718397758997355 -8.906802132599978 -10.458382149844958 -11.941266473889378 -13.374095304850009 -14.774718777705864 -16.156359956802646 -17.525211655979867 -18.87955475271763 -20.21016725133329 -21.501635508649475 -22.73415845717608 -23.88550047312421 -24.932847180496598 -25.854415043271572 -26.630742199642565 -27.245640624933287 -27.686821927159766 -27.946227030382076 -28.02009918154269 -27.908844116170116 -27.61672285799821 -27.151422429970705 -26.523547853911644 -25.74607520176242 -24.83380026066073 -23.80281085670177 -22.670003602470732 -21.45265841126398 -20.168077163274788 -18.833286961516677 -17.464803802206795 -16.078449363405856 -14.689211952184227 -13.311142254482377 -11.957275131308231 -10.639569974989493 -9.368863775223168 -8.154832780167265 -7.005960261291522 -5.92950928387681 -4.931500466230365 -4.016695485785093 -3.1885875612291947 -2.4494003899860894 -1.8000970783277337 -1.2404005470445512 -0.7688267757488543 -0.38273208968819805 -0.0783755263683572 0.14900286508134908 0.3050871493259777 0.3963736851370081 0.4300423521053087 0.41381130835349555 0.355776401593233 0.2642371483063677 0.14751211560470878 0.01374752312044425 -0.1292761444604551 -0.27433389615416637 -0.41493617604637656 -0.5454926297676632 -0.6614536867532994 -0.7594248870029796 -0.8372504882259157 -0.8940651322819626 -0.9303152299006134 -0.9477551824549346 -0.9494275850879808 -0.939641213726361 -0.9239661131521526 -0.9092719909331581 -0.9038453944082425 -0.917634562519476 -0.9626915614102671 -1.0539147236121593 -1.2102500367172642 -1.4566049872294373 -1.826893682131403 -2.368926687540962 -3.1523974456809656 -4.282229170729512 -5.921509851376516 -8.332190475562884 -11.949973267222358 -17.527819011643462 -26.42362947094523 -41.2062537921587 -67.001647588254 -114.64583069436651 -208.3808440854451 -404.46505767532057 -826.5879888240235 -1629.4009187194724 -2177.825070047561 -0.3083794367952919 2178.023541967384 1629.6626226646715 826.5972358420637 404.4052151709154 208.3355181236124 114.6309791796396 67.0135187025156 41.23746103618764 26.467225373435486 17.57801141022086 12.002051092844246 8.382337465280276 5.966659436200672 4.319976635515088 3.1809544779531906 2.38710019479782 1.8340737825778275 1.4527508830902702 1.1958658763239205 1.0300104465787996 0.9307262115892945 0.8794417304236468 0.8615423175384329 0.8651554271948969 0.8803993327821669 0.8989373269163714 0.9137348979237903 0.9189503537232468 0.9099096850367916 0.8831295284117413 0.8363610564077195 0.7686342730145457 0.6802875603789671 0.5729719187791416 0.4496233950529449 0.3144007811117788 0.17258874120851253 0.03046904470282996 -0.10483550677731213 -0.22553859226115414 -0.3233827833959424 -0.38984019169741035 -0.4163150131314408 -0.3943423000751789 -0.31577817471817315 -0.17297768795443424 0.04104247238012615 0.33245828836681035 0.7065107700104933 1.167396711097557 1.718177627438311 2.360706226063325 3.095569422839617 3.922046674009194 4.838082219351669 5.8402697331366715 6.9238478562705374 8.08270517892451 9.309393455312343 10.595148247370956 11.929916803107565 13.302393847192395 14.700067073524503 16.10927546780057 17.515285064882494 18.90238822182491 20.254033772559854 21.552996259396604 22.78159254430867 23.921953209988242 24.95635402937013 25.867609317532512 26.639524183065255 27.25739676707306 27.70855490853874 27.982904795458285 28.07346267279076 27.976835136376277 27.69360938288612 27.228612162606414 26.590995103485948 25.79410435742835 24.85509431446875 23.794249238600074 22.633985326798722 21.39752295872821 20.10725056166285 18.78285394217416 17.439361744955306 16.085354770067894 14.721685823406716 13.34112093719142 11.929289907905982 10.467172067287756 8.935019639260133 7.317177541041886 5.606819643251271 3.809372174781167 1.943507962836044
0.02812689561704218 -1.6638703785432085 -3.3287680103555317 -4.943087775357569 -6.492215625493181 -7.972016908839308 -9.38809071191482 -10.753097645426202 -12.083010224515078 -13.393235432848094 -14.69538580189722 -15.995151626106985 -17.291388762274984 -18.576279146877983 -19.83628128618964 -21.053554350216608 -22.207576462518475 -23.276747053140312 -24.239836005339743 -25.077203144687754 -25.77175541091936 -26.309637409156483 -26.680668143812536 -26.878546771891276 -26.90085632953476 -26.74889832666505 -26.42739354759449 -25.944085363295287 -25.309281189074273 -24.53536526662692 -23.63631184629733 -22.62722238026149 -21.52390407234278 -20.34250063734172 -19.099180006500113 -17.809878449048817 -16.490096500338808 -15.154739354793639 -13.817992981249581 -12.493227012355945 -11.192916222685367 -9.928573840107813 -8.710691765851374 -7.548684719034804 -6.450837164136969 -5.42425345830877 -4.474812853984544 -3.607131787849993 -2.8245362637191462 -2.1290471627011254 -1.521381047245307 -1.0009685618295183 -0.5659919615302877 -0.213442690484289 0.060800656137560694 0.26187419219558805 0.3958111109814144 0.4694057153198372 0.4900607035562832 0.46561980815595927 0.40418843403000615 0.3139455773798483 0.2029509791556805 0.07895213872399776 -0.050803603030002975 -0.17974631992601076 -0.30214442552911613 -0.4132439418974565 -0.5093816372436777 -0.5880689723403165 -0.6480457969265663 -0.6893053085321732 -0.7130949180073065 -0.7219013356668524 -0.7194324821085951 -0.7106139499912789 -0.7016241612228802 -0.7000010084756703 -0.7148652829946922 -0.7573254459397605 -0.8411593381973947 -0.9839200622557831 -1.2087013620193376 -1.5469514891364167 -2.0429987976844366 -2.7614543869158847 -3.799602883218789 -5.308732330090438 -7.53206437529963 -10.874732192309722 -16.0383260890562 -24.29178767133 -38.04540186466032 -62.136289895197145 -106.87547748031045 -195.6267543602852 -383.7639738056664 -797.9959614690379 -1618.6559154022893 -2250.341306447812 1.3013799133432258 2251.7588862300463 1618.4166761081185 797.3168323464819 383.1830402014935 195.21434239812007 106.59640335898723 61.949947231791924 37.92186676299658 24.210761228469213 15.986116581312437 10.84193213001794 7.512049954686573 5.296740979507941 3.7921742811997117 2.756092175015823 2.037963954538702 1.5411322597469468 1.2015252644864693 0.9752861621481479 0.8313770648898933 0.747051650314412 0.7050351051152148 0.6917509851117609 0.6962081848899127 0.7093143127862023 0.7234693965374461 0.7323450350632532 0.7307847330034756 0.7147800264462045 0.6814891661433009 0.6292734701079938 0.5577326421629669 0.46772531428596054 0.3613652796186084 0.24198757783644442 0.1140818060707538 -0.016807202988244896 -0.14420896861655486 -0.26088313397565344 -0.3589961864003399 -0.4303132463462367 -0.4663988445335887 -0.45882078399395176 -0.399351618772803 -0.2801628986270899 -0.09400802840398015 0.1656096773833271 0.5042864494692045 0.9265870451452551 1.4359346199804834 2.0345222101186833 2.723245920310813 3.501659280332192 4.367947620051438 5.31892074195961 6.350021687306917 7.45534906259393 8.627690285771816 9.858563296061273 11.138264794222085 12.455923984640293 13.799562048055769 15.156159138689645 16.511732447727493 17.851430644941143 19.159651565594444 20.420191101490207 21.616431609507714 22.731577501372 23.748943850583903 24.65230073735447 25.426271695955236 26.056779260826833 26.5315245606057 26.840481737032682 26.97638221123455 26.935159081389326 26.71631862804391 26.323204319995686 25.763118764587922 25.047270599924953 24.190516060242917 23.210868910661375 22.128758399013737 20.966024655406645 19.744657979716695 18.485317034435678 17.20570546017708 15.918948204516337 14.632182550222694 13.345647871649824 12.052592912157323 10.740280708554373 9.392224027702234 7.991518901659944 6.524800792084839 4.986026275930477 3.379121041948707 1.718653541868953
0.018927180667205334 -1.4871652602277408 -2.971884267122249 -4.4169534373361685 -5.811216635183136 -7.151964453013804 -8.44439486384907 -9.699522571211538 -10.931179376310052 -12.152842812866993 -13.374916001627213 -14.602845076343574 -15.836201729981791 -17.068651711391603 -18.28860828227752 -19.480329208985125 -20.625233319948588 -21.70325966864617 -22.694146460815467 -23.578554476195723 -24.33899558643926 -24.960551245696294 -25.43138122211186 -25.743032579079728 -25.890565480842785 -25.872517337761636 -25.69073069393801 -25.350073121535033 -24.8580789032804 -24.224542200149134 -23.46108958605264 -22.580756399283583 -21.59758664671746 -20.526270692316356 -19.381829221617636 -18.179346543022582 -16.933751625032993 -15.659641682543578 -14.371140804070315 -13.081785055625295 -11.804425607371272 -10.551142492327136 -9.33316334432055 -8.160783590492326 -7.043286784113034 -5.988865807954324 -5.004547355389466 -4.096123272997465 -3.2680929625689137 -2.523621117076491 -1.8645146580609229 -1.291221983289459 -0.8028566479267862 -0.39724652396988525 -0.07100843811724822 0.1803526504240427 0.3623216484849312 0.4812308385138131 0.5440997145700344 0.5584603488650863 0.5321718428430433 0.4732277572772059 0.3895607768755749 0.2888492094255124 0.17833021841329177 0.06462485146574437 -0.04642013150091273 -0.14986901001767805 -0.24180860345834887 -0.3194319525290368 -0.38109338288516703 -0.4263364415146853 -0.4558989907710309 -0.4717030694600943 -0.4768410452660188 -0.4755742992001988 -0.47336663214880836 -0.4769826115536002 -0.4946926965532228 -0.5366448448873573 -0.615491064587248 -0.7474052097344863 -0.9537099468781562 -1.2634733186656089 -1.7176899830928516 -2.3761291055057754 -3.3288120517582787 -4.715801068797543 -6.762454159632281 -9.844616830070319 -14.614331440425676 -22.25390402952887 -35.01699289956473 -57.449038974223264 -99.3102327393358 -182.96463723940226 -362.4012413319288 -765.5104911871823 -1594.074776430876 -2299.8182689032906 3.0584792400389915 2302.377404683398 1593.20883972466 764.1147933637882 361.3070739461177 182.19888159611173 98.77847191875233 57.072527298777096 34.74366945748874 22.050795588475225 14.46046010107005 9.726374651111147 6.670803613004761 4.644600676760868 3.2738074844185228 2.3343369121553437 1.6870148701852994 1.2424651835118983 0.9414042051714144 0.743211666867083 0.6191096629115656 0.5479948573094973 0.5138473728072412 0.504105060712412 0.5086454132252616 0.5191591250686134 0.5287803454834261 0.531886002078652 0.5240048990073909 0.5017947724972327 0.4630567587460277 0.40676448435639223 0.33309071414300284 0.24341907242986238 0.14033220964493331 0.02757113375606579 -0.09003666725515558 -0.20668022139402886 -0.3156970864703901 -0.4097307489836499 -0.48090869796069136 -0.5210358124418946 -0.5217974156634941 -0.47496634451582587 -0.3726085964983472 -0.20728245903822717 0.027773534317931947 0.33846798923931054 0.729702998752968 1.205242473789614 1.7676047852610566 2.4179812572144854 3.1561811534158712 3.9806028141625704 4.8882295746549564 5.874648111607872 6.934086017531538 8.059464820896478 9.24246444591159 10.473595359239418 11.742275399941326 13.036909561352505 14.344972687956592 15.653097053408281 16.94716887085862 18.212439708068725 19.433660253105785 20.595244599456024 21.68147296396694 22.67673930423153 23.565847618456925 24.334356822677815 24.96896923909808 25.457952241203508 25.791576977300945 25.96255288027982 25.966432417011685 25.801957682148878 25.471319268393078 24.98029838229776 24.33826521715643 23.558009806052826 22.655385648711057 21.648751372078667 20.558202232783263 19.40459313825471 18.20837067354031 16.988256779679745 15.759863839057697 14.534369882590603 13.317437429902768 12.108605639640224 10.901399303993031 9.684351162255744 8.443003141853644 7.162736681229909 5.832019064597738 4.445420124166155 3.005653636614092 1.524013981302197
0.011329482703104077 -1.3337176996452982 -2.661950690716619 -3.95918061709688 -5.216948703241631 -6.433624437585106 -7.614029212328344 -8.767809504057755 -9.907042610275418 -11.043645252821754 -12.187083448187419 -13.342711254862305 -14.510869361723522 -15.686709642541707 -16.860607219861823 -18.018978797820218 -19.145330074739064 -20.22138550409336 -21.22819305168111 -22.147133355139292 -22.960791654960122 -23.653671242893637 -24.212740484009785 -24.627814274749138 -24.891776913871233 -25.000658336392643 -24.953580011159993 -24.752590551728737 -24.402414010010197 -23.910135481116644 -23.284848797278656 -22.537289613922816 -21.679474221792116 -20.72436025984378 -19.68554062010984 -18.576976728610223 -17.412772576566592 -16.20698677870985 -14.973476891919912 -13.725768389705184 -12.47694011071998 -11.239518565011041 -10.025374984150014 -8.845621145303628 -7.710502457346502 -6.629289232611968 -5.610169195271464 -4.660145863656373 -3.7849483603935585 -2.988958404042119 -2.275159778399871 -1.6451145726603666 -1.098969127673044 -0.6354910845651762 -0.2521374011921207 0.05484817240275497 0.2903108064311599 0.46003697695029544 0.5705875826944595 0.6291161883065222 0.6431769666070952 0.6205269969028482 0.5689276167342161 0.49594954772747 0.4087865054569484 0.3140819185065702 0.2177731539043659 0.12495718479610396 0.039780871445849186 -0.03464211956072383 -0.0962873032206435 -0.1442498371551082 -0.17875350288076852 -0.20114523417880115 -0.21388575880409988 -0.2205512240194274 -0.22586615255892895 -0.23579548365293412 -0.2577341941911726 -0.3008495124268151 -0.3766573033847642 -0.49995839644823015 -0.6903360579635365 -0.974547599676967 -1.390378866311659 -1.9929632020609933 -2.8653847237825048 -4.136984183471526 -6.016025632262778 -8.850224865121215 -13.243766736895646 -20.29459490068608 -32.10202989632149 -52.918818229165105 -91.9353138014478 -170.4174014143689 -340.5382779221 -729.6680153949796 -1556.4572512482666 -2324.856296109967 4.859158501311356 2328.415360151332 1554.8933540720354 727.576056615975 338.96719270486204 169.32836684526498 91.17224378869747 52.36647253279103 31.688103786114972 19.97491187044842 12.9911215538836 8.647567862677397 5.852460906516921 4.005410687630828 2.76108136536779 1.912722367665154 1.3319647002518753 0.9363502714199168 0.6711460042763129 0.49881449625366336 0.39274053116766794 0.3334043315594837 0.3060067808868805 0.2989823909360645 0.30307011699148845 0.310742946241227 0.31587191378412705 0.3135438461920881 0.2999782357815395 0.2725047877971676 0.22957359748554396 0.17077707815893461 0.09686805712671998 0.009762666125512354 -0.08747981939616345 -0.19070499040596545 -0.29474134003115715 -0.3935082739436879 -0.48015222999131524 -0.5472076282664329 -0.5867783494917234 -0.5907347524436446 -0.5509208423859491 -0.45936602408147564 -0.3084958536692106 -0.09133630351043642 0.19829374761082263 0.5656067923243135 1.0146923067266833 1.548387679197738 2.1681776476834003 2.874124431486713 3.6648295204222414 4.537426703000724 5.487604463707552 6.509654494836203 7.5965419067719475 8.739991951148273 9.930587836584625 11.157874617656049 12.410465197175146 13.676146155150448 14.941983248076273 16.19442878248084 17.41943537885454 18.60258256032296 19.72922383204241 20.784662158473132 21.75436083030391 22.62419454277076 23.38074215643082 24.01161828143483 24.505835872850046 24.85418689601504 25.049623349833183 25.087617022206963 24.966473738086137 24.68757682341116 24.255535099639847 23.678212817097588 22.966622168167916 22.13466301808742 21.198698975355423 20.176964007616593 19.08880020511816 17.953736522480224 16.79043258961954 15.615533325705755 14.442510609542492 13.280606368111236 12.134031147201796 11.00160102046166 9.876995195743365 8.749766379287927 7.6071220532591965 6.4363216822282965 5.227335152444557 3.975242501104148 2.6817985137439493 1.3556946383319612
0.005141546490783355 -1.2003411405681064 -2.3926371471838515 -3.5607778250756894 -4.698411071348829 -5.8047164451502375 -6.884156425948085 -7.945220129876862 -8.998519733993682 -10.054678403941253 -11.122406691053133 -12.207042996568163 -13.309685825364514 -14.426915177843114 -15.551011932126713 -16.67054187915573 -17.77116630404363 -18.836559305113187 -19.84934002758898 -20.791956008126 -21.647476976305313 -22.400275310614504 -23.03658065300196 -23.54490365233497 -23.916329089993525 -24.144682968844087 -24.226582161029906 -24.16137906699478 -23.951017204660307 -23.599816355533985 -23.114207484716818 -22.502437834633625 -21.774265320949752 -20.940658719994094 -20.013516444555705 -19.005412359706792 -17.929372579634506 -16.798682991243098 -15.626723780749474 -14.426824821971994 -13.21213457222803 -11.995495161305492 -10.789317498385852 -9.605452244283995 -8.455055040190729 -7.348447089106092 -6.2949746851248545 -5.302873256065599 -4.379142719854734 -3.529441339962247 -2.7580048211428565 -2.067596223755963 -1.4594905979758988 -0.9334962827833859 -0.4880128084461255 -0.12012350938284122 0.17428056705126593 0.40034999832627705 0.5641048211835198 0.6722464650843474 0.7319594389554318 0.7507082920432673 0.7360351187923886 0.6953625816263909 0.6358071068657267 0.5640065604928246 0.4859662746714566 0.40692673948572455 0.3312554817569424 0.2623645945720732 0.20265397389973572 0.153478538011953 0.11513551295250224 0.08686523016887548 0.06685571056097572 0.05223741761928302 0.039049575846217266 0.022152663481378454 -0.004948188511155749 -0.05041934374672152 -0.12462926866740887 -0.24100919412961552 -0.41742890911744546 -0.6783942394161802 -1.0585902994542096 -1.6086944538051817 -2.405139873793427 -3.566991804513364 -5.286107264047546 -7.883119587346332 -11.915918223286415 -18.400274540194548 -29.283666502544214 -48.52648275502802 -84.73564996170911 -157.99963496055724 -318.30707742247273 -690.9512165968579 -1506.690187921551 -2324.5351663286406 6.5876812476872715 2328.903927210142 1504.4203166446923 688.2302339811285 316.321135565909 156.6317386739957 83.7712446380645 47.81818098967938 28.74213372658696 17.972285479863626 11.569474452989281 7.598705141450557 5.051652856929989 3.374934978590538 2.250667405709894 1.488664463955569 0.9708553452314472 0.6213673597665892 0.38980055425685833 0.24155989756580176 0.15210424576417303 0.10344395208083945 0.08197109297558569 0.07710330352628247 0.08043801497215064 0.08523422286299542 0.08610760471206014 0.07886489045261236 0.0604273755189233 0.028808289318504876 -0.016881685842573546 -0.07641985883544145 -0.14846218590935933 -0.23054952011047902 -0.3191366186916511 -0.4096482945459279 -0.4965647180843469 -0.5735358483571762 -0.6335233067167323 -0.6689666787063064 -0.671970219778828 -0.6345051969336435 -0.5486225758111196 -0.4066704004990207 -0.2015099855057212 0.07327508566579155 0.42318316124889677 0.8526177706569271 1.364735412341389 1.9613227302217595 2.642706982736165 3.4077024257139765 4.253593648438914 5.176155107059488 6.16970423953811 7.227183800696535 8.340267650049915 9.499483355058235 10.694344807354872 11.913488667443794 13.14480986437161 14.375593432761068 15.59264246848102 16.78240460106506 17.93110175949075 19.02486979296042 20.04991537124103 20.992697319252503 21.840138012554217 22.579867754683455 23.20050132643525 23.69194151605747 24.045699816691023 24.25522011418768 24.31618757610887 24.226802478187757 23.987997665181336 23.603578806076218 23.08026846607025 22.427637984006044 21.657914833155267 20.785657177893047 19.82729157435026 18.80051438963637 17.72356332276681 16.614373702892316 15.489646781312594 14.363875579705976 13.24839855951332 12.150580439000969 11.073247181629942 10.01451805992204 8.96816776670084 7.92460165594866 6.8724299669509215 5.800489584799617 4.700012459972758 3.566525166349699 2.4010374343941265 1.210175996790852
0.00023096387691268205 -1.0841589444265942 -2.1582488380933462 -3.2136175769359454 -4.245564623992504 -5.253876083917142 -6.242674541556692 -7.2194586337803734 -8.193598218892983 -9.17462028041438 -10.170599679948378 -11.186884551763754 -12.225276252049166 -13.283681817701787 -14.356183039820891 -15.433426562434516 -16.503229192070812 -17.551302176963546 -18.562017426817512 -19.519159740764014 -20.406627447757675 -21.20905772331927 -21.912362317311196 -22.504165607414304 -22.974141135468916 -23.314246147503326 -23.518856851613144 -23.584810413591615 -23.511363019710352 -23.300076376655543 -22.954647405720173 -22.48069726939722 -21.885536028366374 -21.177918070914377 -20.3678011238944 -19.466118387256035 -18.484569537518258 -17.43543246795931 -16.33139413032836 -15.185396119592465 -14.010488982287294 -12.819688781173232 -11.62583019736707 -10.441412217050416 -9.278434938582159 -8.148228855385797 -7.061280712089557 -6.027062313065379 -5.053870184106302 -4.1486845832205965 -3.3170559799422517 -2.563025876242131 -1.8890869275478561 -1.2961850023851529 -0.7837633934282273 -0.3498471073848375 0.008836755569507915 0.29670796444669634 0.5191578052621271 0.6823561629798469 0.7930477892592602 0.8583441939835623 0.8855171027610798 0.8817988351106365 0.8541943353135295 0.8093089712857271 0.7531955642725574 0.6912234166922548 0.6279712645995694 0.5671450655442278 0.51152025307033 0.46290651793401416 0.42213125051926426 0.3890354645619265 0.3624732132900821 0.34030203623802713 0.3193474813745212 0.29531857406617235 0.26264211117399405 0.21416974515298115 0.14068943276157597 0.030135508348738682 -0.13367209297232563 -0.3730404907975604 -0.7196493183936337 -1.2198777536953642 -1.9437590893256473 -3.0004751684864495 -4.566083372719021 -6.935069577919117 -10.620445032957226 -16.55785598960957 -26.54545779471884 -44.252445976173945 -77.6926669868394 -145.7131598994521 -295.8025746162729 -649.765344942752 -1445.6632494663422 -2298.3399515183223 8.12435503533493 2303.296653800899 1442.7452995266242 646.5250206785366 293.4858277687446 144.1228425592067 76.56415224214673 43.41287593097709 25.89277265827472 16.032481811996124 10.187314108996981 6.5733357929054215 4.263279913411244 2.7491267442492084 1.7393605989823868 1.059652690651447 0.6017670095614935 0.296112231169543 0.09642236421525396 -0.029084368354803658 -0.10295665240467322 -0.1417029839123618 -0.15776647297127688 -0.16075707709783948 -0.15821884606914693 -0.15609949464590045 -0.1590267336337714 -0.17045911335666908 -0.19275719688516268 -0.22720732422487622 -0.2740214621244075 -0.3323306099678458 -0.4001847761925248 -0.4745690185026241 -0.5514420971475253 -0.6258017700333518 -0.6917785752491579 -0.7427580909380449 -0.7715301026711696 -0.7704618348292058 -0.7316913729904506 -0.6473365925141472 -0.5097142406851329 -0.31156329472703526 -0.046266288182827964 0.2919380112853531 0.7077573389158154 1.2046707854984628 1.784782096285742 2.44870700236266 3.195499006565239 4.022616452235006 4.9259317413064 5.8997813805639066 6.937053292261908 8.029305799338582 9.16691111831569 10.339215307256788 11.534706583032905 12.741184805669658 13.94592665840133 15.135843445895913 16.297631181057536 17.41791536492565 18.483395169528183 19.480993268653766 20.398018016886468 21.222343935066064 21.942614500874562 22.548468249672105 23.030785464194512 23.38194867566867 23.59610629835973 23.669425402523256 23.600317310905616 23.38961862090816 23.04071051133061 22.55956071470555 21.954675065213312 21.236948734164596 20.419410764473955 19.516859059047764 18.545386518922236 17.521802947473297 16.46296234393052 15.385012506199391 14.302594720738693 13.22803665902983 12.17060123738678 11.135875802172901 10.125404262417703 9.136671328200396 8.163532362988057 7.197135395879961 6.227300466743468 5.2442142952080495 4.240188430602032 3.211152028887998 2.1575434291398743 1.0843513612490696
-0.0034610540144974777 -0.9825824232656544 -1.9537074183717529 -2.91044153960085 -3.8493870027034305 -4.770785620196172 -5.678443381060827 -6.5790057228065635 -7.480777042769837 -8.392337974203468 -9.32120685371407 -10.272734941418893 -11.249344664234773 -12.250141401970449 -13.27086869505223 -14.304140674998855 -15.339872334194649 -16.36583164419836 -17.368250147569153 -18.332444238993162 -19.243413804114205 -20.086396257590344 -20.847361961203735 -21.513442100311586 -22.0732833281978 -22.5173258455269 -22.83800371242095 -23.029868534802933 -23.089640282139 -23.016191714879117 -22.810475444697275 -22.475404653612973 -22.01569965068657 -21.437712558696077 -20.749241402817503 -19.959342863962725 -19.07815017571618 -18.11669947826722 -17.086764806182874 -16.000699213739587 -14.871277700403972 -13.711536818798997 -12.534606236836998 -11.353528985256212 -10.181069428899514 -9.02951077021763 -7.910446745083011 -6.834574622467393 -5.811498376190327 -4.84955167226353 -3.9556500416415563 -3.1351803445611726 -2.39193355770162 -1.7280843194777962 -1.1442178842058226 -0.6394024423450606 -0.21130246250833373 0.14367306624185616 0.4301947577478593 0.6538171124803593 0.8207707550755838 0.9377500001139794 1.0117024229405747 1.0496262744763563 1.0583806788855288 1.0445126697156137 1.0141042489453245 0.9726417922728547 0.924909209600866 0.8749052578771455 0.8257842215897426 0.7798177739626322 0.7383741554944923 0.7019087907389476 0.6699580115498982 0.6411244970105923 0.6130390374059491 0.5822776873687374 0.5442052255300034 0.4927032068990922 0.4197204844846869 0.31455004550928756 0.16267780182266378 -0.056052951186158495 -0.37040050161252225 -0.8225829034658183 -1.4764500055386431 -2.431637594878522 -3.848927006094849 -5.997467003495682 -9.346630631804631 -14.75376080747437 -23.87002259503279 -40.074850482758606 -70.78177387376483 -133.54348206189746 -273.0763939343905 -606.418078444495 -1374.1885758810124 -2246.0585286535384 9.35415535309403 2251.366512570687 1370.7431150667926 602.80371628743 270.53037903075335 131.79664555048376 69.53223445860024 39.13280487642945 23.12581003687253 14.144547280006137 8.836196366768245 5.564869451810672 3.482124637287365 2.1238092871533887 1.2238005364184623 0.6229920369760222 0.22256794967590032 -0.04105407753196566 -0.21018512984194437 -0.31391035999916994 -0.3728600103658497 -0.40210576996324576 -0.4129492938820256 -0.4140365049343231 -0.41205060440252517 -0.41213614107915575 -0.41814917926652484 -0.4327952124993928 -0.45769649915206045 -0.4934181685722905 -0.5394744784548156 -0.5943311247846861 -0.6554154653171107 -0.7191433154962734 -0.7809683024884162 -0.8354574682900573 -0.8763948079448802 -0.8969127107516517 -0.8896497870103381 -0.8469323154947084 -0.7609754804449587 -0.624099655165411 -0.42895619925098494 -0.1687565327912477 0.16250233350723065 0.5698231016815214 1.0570118526720407 1.6265075701737963 2.2792445781416593 3.014554042899409 3.8301092628512112 4.7219175465818 5.6843591511890335 6.7102711901689815 7.791071884093448 8.916918275786445 10.076888877126322 11.259181881688729 12.451319715692799 13.640351834255382 14.813049675292955 15.956090300191516 17.056228115471804 18.100456777404016 19.076165501357433 19.971295224276986 20.774500163849574 21.475319243805142 22.064359718844266 22.53349239023511 22.87605444932783 23.0870526203375 23.16335636062594 23.10386875095882 22.9096616258706 22.58406156633086 22.13267452340517 21.56333887684325 20.885999350236382 20.11249707247864 19.256273925527534 18.331992019768872 17.355071831199886 16.341155625054782 15.30550704842204 14.262364106454317 13.224272035317064 12.201435250693837 11.201142849421863 10.227337624095778 9.280409599048411 8.357295063801118 7.451943597946986 6.556173118139608 5.660866324490588 4.757379773121517 3.838957902593254 2.901894785680703 1.9461917328289502 0.9755331575367343
-0.0059356761594742125 -0.8933129481891733 -1.774545509058978 -2.6448620719876637 -3.5019009353010055 -4.346249897297927 -5.18142619375439 -6.013338784234268 -6.849371516077785 -7.697276583791268 -8.564069525331952 -9.455080180464925 -10.373256582398849 -11.318758944907081 -12.288831909932352 -13.27791146739754 -14.277908510820225 -15.278610239346513 -16.26814828296963 -17.233493680662846 -18.16095017265651 -19.036626618270656 -19.846876076410336 -20.57869334934903 -21.22006525066111 -21.760269297146362 -22.19011760822398 -22.502144013206713 -22.69073392544951 -22.752198475536886 -22.684796500365977 -22.488710016787817 -22.165980439461247 -21.720413763068947 -21.157463044520764 -20.48409572975779 -19.708651775743323 -18.840696353860096 -17.890868525223812 -16.870725037324007 -15.792576692528204 -14.669313880841806 -13.514218018294555 -12.340756815796272 -11.16236335008125 -9.992201514181787 -8.842923210542475 -7.726425152223548 -6.653615003777702 -5.634197499647664 -4.676491008882566 -3.787283767668903 -2.971736844026296 -2.2333381222527926 -1.573908513728961 -0.9936585812031495 -0.4912910958221328 -0.06414294760448414 0.2916415775000569 0.5809148376845208 0.8093159304345399 0.9830551206535532 1.1087000431209137 1.1929700773527507 1.2425441564012374 1.2638861376423893 1.2630907761745913 1.2457523046871533 1.2168566124715063 1.1806969787930832 1.1408121962652729 1.0999446646242639 1.0600145656725068 1.0221045050262667 0.986446890662851 0.9524036672858838 0.918424509072091 0.8819646582902685 0.8393362866443432 0.7854558759012864 0.7134316416224085 0.6139041744557261 0.47400064813185594 0.2756703684714257 -0.006996719122964734 -0.4121731998885103 -0.9977053197907093 -1.853961052656894 -3.126876348132912 -5.060929234428357 -8.082875110720922 -12.97325385843262 -21.23815547426244 -35.96837530226438 -63.97077502499959 -121.45766758224984 -250.1332127404776 -561.105847702632 -1292.9334955953298 -2167.667878980737 10.175297565240271 2173.0901560190396 1289.135305273561 557.2897965148904 247.47193820365163 119.62696309523845 62.64772861506174 34.95605951192804 20.424955707677437 12.2963844066859 7.506971522414085 4.566216226787878 2.702560543040855 1.4944269597871873 0.7002457128180151 0.1755876375153509 -0.1692992935153903 -0.3922229276942524 -0.5316939726107694 -0.6142019115051855 -0.6585226894550988 -0.678329408225764 -0.6838018137378388 -0.6826276784166474 -0.6806251860436152 -0.6821242248700177 -0.6901925550439891 -0.7067625810919242 -0.732696393569432 -0.767815595078547 -0.8109152381263751 -0.8597762558837374 -0.9111871294353868 -0.9609826459644477 -1.0041051911213739 -1.0346919217185668 -1.046189337230441 -1.0314951436074526 -0.983125887629166 -0.8934075850342005 -0.7546854439732797 -0.5595477828213014 -0.3010583050044868 0.027009942734634862 0.4299463380286195 0.9118881467995443 1.4756279451555443 2.1224511927631085 2.852011590540604 3.6622507381256497 4.549366900962193 5.507835433905539 6.53048074105822 7.608596785728672 8.73211037916155 9.88977911143274 11.06941410909168 12.258117072443397 13.4425213605327 14.609028225323062 15.74403148310588 16.834126618488487 17.866303164155717 18.828121757433756 19.707879154278185 20.494765425370097 21.179017420954736 21.752071423537313 22.20671590262908 22.537242758404183 22.739592788393878 22.81148871357552 22.752547298583448 22.564361125646524 22.250540537770423 21.816707094658437 21.270431436294366 20.62111045829984 19.879780887270826 19.05886846949145 18.17187389734576 17.232998337100014 16.256713245677012 15.257281522345068 14.24824063891883 13.241863874347004 12.248623699053773 11.276691640278447 10.33152057607234 9.415566004999931 8.528208451570318 7.665934879204084 6.822817757978772 5.991293376725881 5.163187679659842 4.33087628388007 3.488410230307881 2.6324091015217377 1.7625354360650825 0.8814265363543683
-0.00717175224318467 -0.8143557412632063 -1.6169022892964513 -2.411350205491214 -3.1961700932514603 -3.9722174510981034 -4.742752351227786 -5.51304923995799 -6.289693869272472 -7.079706721604406 -7.889639329881071 -8.72476745636952 -9.588465086245446 -10.481798678085852 -11.4033423197335 -12.349187235951575 -13.313104687979749 -14.28681787416286 -15.26034247836261 -16.22236339382632 -17.16062391727391 -18.062311442739176 -18.914429457583815 -19.70414936079634 -20.419137542482257 -21.04785396446318 -21.579818664028693 -22.005842733179293 -22.318220710312307 -22.51088214856256 -22.579501351005504 -22.521565787757822 -22.336405252497656 -22.02518514979865 -21.59086817337369 -21.03814888274713 -20.373365265257124 -19.604390371035784 -18.740505734767265 -17.79225683814667 -16.771289672878886 -15.690166817258211 -14.562161585167654 -13.401029807703635 -12.220760609715775 -11.035309908962176 -9.858322954426901 -8.702854637493429 -7.581098148932153 -6.504133516799238 -5.481707442520634 -4.522054648349316 -3.6317687620346373 -2.815727872129692 -2.077076617124085 -1.4172633765874298 -0.8361281694635458 -0.33203445022333966 0.09796367442582721 0.45792819139189866 0.7528274363377552 0.9883189629789069 1.170533223782133 1.30586507009256 1.4007787462688714 1.461630705279493 1.494513278278431 1.5051210209804378 1.4986404355255 1.4796626805380075 1.452117801011843 1.4192278602753738 1.383475085403596 1.3465796570799604 1.3094799958324188 1.272306124727729 1.2343336625519896 1.1939016849771278 1.148271222014552 1.0933909946975184 1.0235204141106902 0.9306321389046524 0.8034688976432669 0.6260458781837119 0.37524013936418577 0.01683216534265064 -0.5011606017801817 -1.260051401439366 -2.391257175803352 -4.115085362027537 -6.816429053850825 -11.200104477299133 -18.628395614408433 -31.903708197036362 -57.21929892418931 -109.40390328072924 -226.93040862363122 -513.9084281797857 -1202.373304821611 -2063.227173189652 10.5071395955747 2068.53801877795 1198.4386937189217 510.0803030626277 224.27501959581875 107.56591415156613 55.87322392506477 30.85602019796907 17.771386920020227 10.474392017378875 6.189495513271304 3.5695473851460324 1.918344797593452 0.8558565998773027 0.16439393797584856 -0.28623279431649884 -0.5769981763315002 -0.7601240068888515 -0.870444722288477 -0.93193498567401 -0.9615674300700316 -0.9716463448083967 -0.9712438785214328 -0.9670924684646032 -0.9641394920589796 -0.9658880196750097 -0.9746008338984424 -0.9914176852421352 -1.0164195302331258 -1.0486634956607954 -1.086205868786605 -1.1261260026962372 -1.1645607669108493 -1.1967565998405316 -1.2171440507535713 -1.2194378032204245 -1.1967634859433307 -1.1418110489880284 -1.047013106676431 -0.9047453752175638 -0.707545153380007 -0.4483426844392735 -0.12069917997958868 0.2809556749483466 0.7610947549352431 1.3228817037880258 1.9679852447807011 2.6964283564612224 3.5064803542028677 4.394598557226903 5.355424219263272 6.381834826683086 7.465051901079933 8.594800334609243 9.759512343967547 10.946566701254268 12.14255226386074 13.333544194102931 14.505381721636734 15.643937751605996 16.735372867457965 17.766368947013667 18.724340327461174 19.597622792911217 20.375642324009235 21.049066316377594 21.609939825354417 22.0518084183878 22.36982768637338 22.56085767411306 22.62353878869888 22.558344448260492 22.367605007994616 22.055497488844832 21.627996250586644 21.092780892765226 20.45909910569077 19.737583698994364 18.940024404345834 18.079096180166896 17.16804662183824 16.220345899290443 15.249303714524043 14.267659575419867 13.28715574880679 12.318107039834825 11.36898822475807 10.446068184231105 9.553128348067652 8.691309793362745 7.8591351200918425 7.052744421327528 6.2663662327366865 5.493013093780252 4.725349756200536 3.956637074009617 3.181617416074811 2.3971911547260305 1.6027492066195137 0.8000774612493267
-0.007168002866819734 -0.7440336434649808 -1.4775107601949777 -2.205204534759808 -2.9262621940606692 -3.641752507257401 -4.354712768941393 -5.069873973750916 -5.7931302547520325 -6.530853180373164 -7.289161121535326 -8.073241478030457 -8.88679669289294 -9.731652650009082 -10.607538086078172 -11.512020974149273 -12.440574356147316 -13.386739142544624 -14.342352843744743 -15.297818459563128 -16.24239443419162 -17.164492973121835 -18.051979070791145 -18.892465942875745 -19.67360425051745 -20.383362906125633 -21.010298829959304 -21.54381225762447 -21.97438347635361 -22.293786480115926 -22.495275125893055 -22.57373795664888 -22.525818822777943 -22.35000161017325 -22.046658542997363 -21.61806246596065 -21.068364084438905 -20.403535295634434 -19.631279539315535 -18.76090969014421 -17.803193643716185 -16.770167659847512 -15.674917927981369 -14.531331862077668 -13.353822269428495 -12.15702966816723 -10.955510362171683 -9.763420078569007 -8.594204679218675 -7.460310356031119 -6.372925597128987 -5.341766021345062 -4.3749109896662475 -3.478697955470178 -2.657677118416135 -1.9146254724078382 -1.250616113717129 -0.6651360047538191 -0.1562434495405718 0.2792445883037509 0.6455455180387482 0.9476943273067917 1.1913258740792187 1.3824638968373826 1.5273229067092053 1.632127596906674 1.702952929147905 1.7455866862947644 1.765415031924622 1.7673304766296916 1.755660576496787 1.734114630289607 1.70574452757144 1.6729146550487073 1.6372742861636702 1.5997239813092534 1.560364957338134 1.51841666921948 1.4720821880365165 1.4183319876737155 1.3525620485321799 1.2680575041779107 1.1551506547191615 0.9998877782180227 0.7818854652830165 0.4708104513528877 0.020447587764094166 -0.6416032807943228 -1.6324508835796614 -3.148544462552305 -5.533361568458295 -9.41656068232044 -16.017032378692342 -27.847658066102454 -50.47922562174234 -97.31276737605431 -203.3811567725574 -464.7924412352555 -1102.7682659071925 -1932.7934736516104 10.296850850259887 1937.7867621738076 1098.9393333801977 461.14863855149844 200.85442233164883 95.54510380607394 49.162009725363106 26.80138437147095 15.143663885599512 8.663344541470774 4.872499631737304 2.5661634479401396 1.122485907621984 0.2022737484985715 -0.388754519100587 -0.7668604131538803 -1.0044453636381956 -1.1482790716310642 -1.2296070448480911 -1.2699450139797008 -1.2844964249292268 -1.2842153990400007 -1.2770738257172898 -1.2688477342859272 -1.2636063391524566 -1.2640139506969739 -1.2715133059693073 -1.2864346607588395 -1.3080605340620721 -1.3346671143121824 -1.3635576221560086 -1.391099014054209 -1.4127705467981144 -1.423230437580525 -1.4164049284848268 -1.385602355823412 -1.32365327473849 -1.2230762407972051 -1.076267502162498 -0.8757115618096556 -0.6142083160232126 -0.2851112717228155 0.11742982103601918 0.5982296459605685 1.160839937854874 1.8073432970311387 2.538177691486787 3.352000841319036 4.245602754242572 5.213873057425822 6.2498274873035164 7.344695035605975 8.488064044757104 9.668082254160604 10.871702771648728 12.084965500266387 13.293301972384652 14.481850999328305 15.635773069609948 16.740552908741655 17.782281789869845 18.747913718625274 19.62549213030573 20.404345884424966 21.07525488174222 21.630586431761742 22.064403600827173 22.372546321061392 22.55268527455934 22.6043477569364 22.52891411239827 22.329583080671622 22.01130458486411 21.58067907073957 21.04582337075389 20.416204019608752 19.702439832841588 18.916076191484166 18.06933381632847 17.174834863863396 16.245309090033853 15.293282884228931 14.330754486079345 13.368860154940876 12.417538737614642 11.48520628200922 10.578457950420894 9.70182092152605 8.85758804328729 8.045765830297924 7.264169585203817 6.508690536572992 5.773743190984337 5.052875646529564 4.339494054623749 3.6276205384533355 2.9125798784579437 2.191503009807416 1.4635514100524993 0.7298070716488247
-0.005980436466046513 -0.6809913416527813 -1.3536704299421665 -2.022499148401913 -2.687182688632106 -3.3489668825148478 -4.010702656547238 -4.676660374314245 -5.3521374685616685 -6.042930269052338 -6.7547513077825805 -7.492667682955645 -8.260618852082846 -9.061049495762141 -9.894670568066921 -10.76034335919962 -11.655069379344907 -12.574063282730918 -13.510885740118939 -14.45761642029475 -15.405052222060567 -16.342921145896526 -17.260106646925788 -18.1448804519857 -18.985143460162888 -19.768674663137585 -20.483387283983244 -21.117589964203543 -21.66024921119336 -22.101247808281876 -22.431632755399722 -22.643845707775235 -22.731928882196335 -22.691699936099596 -22.52089027149795 -22.219242396090966 -21.788563200010323 -21.23273112899615 -20.557656187101813 -19.771192479048903 -18.883003712779622 -17.904382848011878 -16.84802806794505 -15.727778577272478 -14.55831541193664 -13.354834426698714 -12.132700715379308 -10.907095641204956 -9.692669130816345 -8.503210609656087 -7.351351757938218 -6.248313026910868 -5.203703662972625 -4.225382012099654 -3.3193794115415898 -2.489887368337662 -1.7393043257674101 -1.068335403378029 -0.47613632849108356 0.039508590037318214 0.48198510596009214 0.8556347101040807 1.1655368916008157 1.4172962378400378 1.6168410735750705 1.7702386777118662 1.883530494568575 1.962589241162327 2.012998447165071 2.039953759205293 2.048184255523111 2.0418910286190695 2.024699305542832 1.99961933834647 1.969010087226053 1.9345381641677761 1.8971223820107852 1.8568511029037893 1.812854728042712 1.7631078686752844 1.7041228904357553 1.630474858489439 1.5340606682934244 1.402929721885382 1.2194058745351732 0.9570031829220227 0.5752245670453959 0.01051805549545648 -0.8400027249511055 -2.14903572672398 -4.21874534664024 -7.603608134394424 -13.378502461256492 -23.76383768971646 -43.69600734377865 -85.10005115903496 -179.36071924110618 -413.6233286691793 -994.1658130501452 -1776.3712401947096 9.524370598388288 1780.8658199010274 990.692918157423 410.35628504765054 177.08146103760703 83.47836358305604 42.45927851593611 22.756705274993294 12.517965765270755 6.846479669595507 3.5435997201682667 1.5464586416880088 0.3071807254362291 -0.4729284221594021 -0.964990806080479 -1.2715088673398434 -1.4564223573776403 -1.5611206036258984 -1.6133049089694929 -1.6320584238616043 -1.630829118719479 -1.6192258217451183 -1.6041187664894707 -1.5903217061685737 -1.5810167067931147 -1.578018325372188 -1.5819372596759251 -1.592282255478139 -1.6075263633652526 -1.6251558384428044 -1.6417149725933555 -1.6528567386719928 -1.6534066297957395 -1.6374450805578533 -1.5984121632328652 -1.529236725645866 -1.4224907018345334 -1.2705679654212432 -1.06588575554456 -0.8011053860812467 -0.4693676355160825 -0.06453691322239052 0.4185529470368543 0.9838595523392613 1.633908691742736 2.3695967610937174 3.1900288184538717 4.092401743489571 5.071940826815169 6.12189622672954 7.233603174678915 8.39660670919784 9.598848316358932 10.826908443654082 12.06629578085372 13.301771765469317 14.51769723025631 15.698387597972152 16.828463536684435 17.893185386326227 18.878761693055246 19.772624525837834 20.563666588690463 21.242437193385587 21.80129576504208 22.234522656486288 22.53838770654659 22.711177337122745 22.75318121626308 22.666639801654718 22.455654503540366 22.12606283069046 21.685281627740746 21.142122276112673 20.506582353110314 19.789618591981583 19.00290595423515 18.158587187814266 17.269016487864164 16.346499929057455 15.403034476628719 14.450046893860202 13.498134086254998 12.556807662531533 11.634247950628174 10.73707641810362 9.870160095228897 9.036466563614454 8.236992163082046 7.470787821195479 6.735104548125648 6.025672663547699 5.337114476671179 4.66347009081769 3.9987928286100427 3.3377489827568496 2.67614201821198 2.011279715732339 1.342117785134711 0.6691451467877307
-0.0037461204005495574 -0.6241839092879786 -1.243202651721731 -1.860011821182006 -2.4747847930584044 -3.0889223629104734 -3.705126945110493 -4.3272846907971285 -4.960182652140599 -5.609109532245249 -6.279398470483422 -6.975968871387739 -7.702913954192869 -8.463165371495052 -9.258249863532964 -10.088138679262837 -10.95118027530706 -11.844101244090632 -12.762059027223716 -13.698731737836756 -14.646434021360344 -15.596252129222998 -16.538195319092395 -17.46136368285356 -18.354134238278697 -19.204367544209955 -19.999636350129244 -20.727476148671986 -21.375655293702778 -21.932459944426775 -22.386986828726446 -22.729434984167238 -22.95138642268872 -23.046065195449494 -23.00856459980266 -22.836033193275316 -22.527811710539858 -22.085514724468624 -21.513052805466337 -20.81659286841897 -20.004456297932904 -19.08695631075652 -18.076177878049158 -16.985705455456745 -15.830305761843633 -14.62557486694216 -13.387560801658704 -12.132374582674021 -10.875803739924805 -9.632942928541333 -8.4178558265946 -7.2432811786349305 -6.120393602406793 -5.058626761753615 -4.06556299747951 -3.1468898165609716 -2.3064200935984935 -1.5461697475083191 -0.8664842517069893 -0.2662037520173577 0.25714415835320636 0.7071348761167329 1.0882305479786858 1.4055660051792707 1.6647441294193044 1.8716461816392638 2.0322608814726806 2.1525344006367853 2.2382419582989144 2.2948804416067503 2.3275803665967487 2.3410345515584297 2.3394399922249676 2.326448570704187 2.305121252559328 2.277879202279287 2.246443524385189 2.211752747498519 2.173843092239114 2.131669931317859 2.082837837016349 2.02318799398693 1.9461596636616285 1.8417859828856464 1.6950829183581817 1.483402755599883 1.1719665080156538 0.7060857819451982 -0.0028582632149998233 -1.1037020051585245 -2.8570304217612197 -5.741470128599602 -10.686110608368882 -19.613809096292734 -36.810706437906404 -72.67082686799986 -154.7153315491534 -360.1844616912464 -876.425944892949 -1593.9007440589846 8.205273898322929 1597.7435427131502 873.5496464083159 357.47208369816707 152.7929149078222 71.26575435461469 35.70401878701057 18.68334383489767 9.868588939965228 5.005760094916045 2.1894257448340504 0.4999723815046764 -0.5361822251659376 -1.1771664380488822 -1.570944835196375 -1.806275134594859 -1.9386458742820523 -2.0040695418122034 -2.0267007005259075 -2.0231830265582396 -2.00519936100374 -1.9810020914956539 -1.9563481023010532 -1.935077350394554 -1.9194739768924052 -1.9104932618874138 -1.9079060911475487 -1.910394217368161 -1.9156186249413842 -1.9202765955395051 -1.920158758561552 -1.9102144882365835 -1.884631873039222 -1.8369367676873694 -1.7601139656719944 -1.646752165163079 -1.4892130928800817 -1.2798238431921405 -1.0110901709858844 -0.6759271236744802 -0.2679020256968201 0.21851654054882985 0.7877114333143531 1.4426801753808505 2.184818464352478 3.0137342598912653 3.927102728271681 4.920571662807571 5.987725604792438 7.120114752205975 8.307351927270279 9.537277580460302 10.796189244552945 12.069128359000203 13.34021427814358 14.593012830385055 15.810925254629016 16.977582775071774 18.077232493438622 19.09510150597371 20.017727998258295 20.833250249767676 21.531646735709618 22.10492267785635 22.547240328908423 22.854991973825786 23.02681612998514 23.06355881441707 22.968183081886817 22.74563136114009 22.402646401316755 21.947557774184556 21.39004177091286 20.740862994185203 20.011605913973217 19.214404052206312 18.361673316946714 17.46585445888238 16.539167849740632 15.593382059270189 14.63959631028744 13.688036140016013 12.747861728916732 11.826989560784762 10.931930405436718 10.067649901024378 9.23746187128982 8.442968232369452 7.684061972992318 6.959010015434863 6.264629690166945 5.596565158343392 4.94965836324468 4.318393855422542 3.6973804216544615 3.081818197581132 2.467891829329716 1.8530318083564978 1.2359992750821114 0.6167736621698339
-0.0006884980585653011 -0.57284746010966 -1.1443892447582371 -1.7151362478617926 -2.2856630714640502 -2.8575144117470863 -3.4332829593863856 -4.016541815763386 -4.611647228771609 -5.223443625044233 -5.856911711921153 -6.516801377838277 -7.207285535870689 -7.931661229109155 -8.692112900752225 -9.489542079673674 -10.323459475920505 -11.191930390552773 -12.091562430918135 -13.017525257336127 -13.963594585805206 -14.922216071817651 -15.884588129122523 -16.840765605142803 -17.779788107429304 -18.68983744735819 -19.558428148303552 -20.372633350295708 -21.119346000825765 -21.785572244824856 -22.358750776455548 -22.827088943491237 -23.179903929466114 -23.40795562491532 -23.503757019945613 -23.46184814083496 -23.279020680390115 -22.954482389510034 -22.489952795911037 -21.889684707449007 -21.16040900308702 -20.31120329143765 -19.353287990205857 -18.299756199914306 -17.165246352409678 -15.965568968938637 -14.717300878779316 -13.43736180847488 -12.142589226846745 -10.849327562560962 -9.57304730263342 -8.328007960836104 -7.126976547759956 -5.981010080924332 -4.899307101351447 -3.8891293930287674 -2.955791429646304 -2.1027118322991534 -1.3315185019124876 -0.6421972936321296 -0.0332731484387061 0.49798750919816115 0.9553636940640153 1.3434655044131105 1.667526332782554 1.9332077232991907 2.146421153443878 2.313169294905215 2.439407765268964 2.5309270380002857 2.5932530588890224 2.631564193267266 2.6506213324806183 2.6547072742322264 2.647570723817161 2.6323693268159865 2.6116048063329345 2.5870412163042644 2.5595940139466755 2.5291721797304767 2.49444646073238 2.4525012586695816 2.3983008215999746 2.3238531539715446 2.216870003068916 2.0585640922532455 1.8199251932959903 1.455225533784077 0.8902920467090958 0.0004816876586488661 -1.4325658507918781 -3.810289140036005 -7.912984661726519 -15.35855222264626 -29.762520523559655 -59.92434872149843 -129.2728440834745 -304.20135904533294 -749.2652860839044 -1385.2841865329513 6.391270717447384 1388.3519133090692 747.198977981931 302.19705226428135 127.80187904427808 58.798447869536915 28.83139457119599 14.540719269178215 7.168641843791068 3.1222722104340406 0.7958522631823506 -0.5844805385435414 -1.41695424557442 -1.9186366463763704 -2.214079815230363 -2.3781496288766135 -2.457788227652191 -2.483563071471462 -2.4760293110759335 -2.44934858700141 -2.4134035654421737 -2.375061395762934 -2.338942428139479 -2.307894909645558 -2.283292232760914 -2.2652225674213433 -2.2526141234924246 -2.2433238067631756 -2.234207820328571 -2.221187106521416 -2.1993169134426616 -2.162867331687579 -2.105419843438927 -2.019983503032119 -1.8991330804274398 -1.735170305874334 -1.520308146185645 -1.2468767859719065 -0.907548684077053 -0.49557869126859444 -0.005053794183140781 0.5688543836335214 1.2296425405100564 1.9792435207577341 2.8178192716366013 3.743589628599775 4.752707439157344 5.839189674206047 6.994912517424012 8.209676052870485 9.471341121254362 10.766037438350029 12.078438369937938 13.39209418670606 14.689812449750761 15.954071689456839 17.16745291672428 18.3130728306613 19.375002833992294 20.338659036200912 21.191150119301838 21.92157208537049 22.521241299670034 22.983859775700388 23.30560921485869 23.485172885933657 23.523686980843895 23.424625583503833 23.193625767383846 22.83826149431194 22.367776749157297 21.792789580247494 21.124979246636975 20.376768426413893 19.56101140337063 18.690697393904387 17.778675898910688 16.83740838958947 15.878748089944716 14.913747375788766 13.952490703649234 13.003950185089819 12.07586118993409 11.174616619576971 10.305180758418686 9.471026539314975 8.674103233856645 7.91484433320333 7.1922269283564155 6.503893407179273 5.846343023396816 5.215194536483114 4.605511880966251 4.012173720426837 3.4302565852284417 2.85539247976363 2.284057974613063 1.713754886416563 1.1430535686707266 0.5714876977802597
0.0028961677012162568 -0.5264535751092758 -1.055898063131444 -1.5857840075805818 -2.1170384462321223 -2.651347469537768 -3.191233123860382 -3.740021908467117 -4.301713056362733 -4.880766660411151 -5.48183898248622 -6.109494405708293 -6.767920967727381 -7.460670530753388 -8.190437101854853 -8.958879218712301 -9.766485986016926 -10.61248204815124 -11.494764765551668 -12.40986694935331 -13.352940193954721 -14.317756499384604 -15.296728843782192 -16.280954075311715 -17.26028349250397 -18.223427477645494 -19.15810039104737 -20.05121062014392 -20.889098313294774 -21.65782014443035 -22.34347675653059 -22.932574676871344 -23.412410893564466 -23.771465275972403 -23.999783967196542 -24.089335954173283 -24.03432535588945 -23.83144352565092 -23.480047676467386 -22.982256182879635 -22.342954691472183 -21.569711390723167 -20.6726039869487 -19.663964881796446 -18.55805458926829 -17.370676443888566 -16.11874803714386 -14.819846503220102 -13.49174566950051 -12.151963133160137 -10.817334487711605 -9.503630176095346 -8.225227912244115 -6.994850372710193 -5.823374175646379 -4.719712278349331 -3.6907681292430716 -2.7414565030237092 -1.8747831309240404 -1.0919732223957368 -0.39263779216147654 0.22503361552850265 0.7640647831541614 1.2284791823757857 1.623089283222523 1.9532955010315156 2.224899644438505 2.4439359539374372 2.616521209939382 2.748723992176405 2.8464520330051535 2.915355682642229 2.9607447829027578 2.987515640668903 3.0000842067834377 3.0023208854768058 2.9974814186384258 2.9881267426690172 2.976022153096114 2.9620018149567606 2.94577738505275 2.9256570822644434 2.8981200359301518 2.8571528649234956 2.7931871932596053 2.6913506370185303 2.5285031361987897 2.2680552551790356 1.850588779923612 1.176203596369163 0.06978377686595039 -1.790915724564357 -5.033157282219314 -10.960092494332052 -22.491525595151884 -46.759301660073135 -102.85411394931553 -245.36854601246105 -612.3135504127797 -1150.4429580806263 4.168202303507229 1152.6432229395755 611.2279377776897 244.1922931492657 101.90955759158403 45.964044698159064 21.775382730031545 10.287731952605128 4.390864662360272 1.1767218539060487 -0.651690751689582 -1.7186092482179838 -2.3450930300317196 -2.7062232574470713 -2.9026258119868587 -2.994965420057838 -3.0214363955805013 -3.007020573542185 -2.968570083445865 -2.9176854143031505 -2.862387714832604 -2.8081115896405606 -2.758305423287144 -2.714800861098876 -2.678045291075737 -2.6472534843136053 -2.6205131086420863 -2.594866333602841 -2.5663822953503335 -2.5302306311592027 -2.4807633733403556 -2.411610527619512 -2.315793207301464 -2.185857011440806 -2.0140272572133355 -1.7923866156555057 -1.5130745792801825 -1.1685069895905897 -0.7516125405104823 -0.2560817723451514 0.32337740224708256 0.9907850596579948 1.7486443169589805 2.5977160237089514 3.536823845631254 4.562700773085293 5.669887727810519 6.850693834621335 8.095226037048153 9.391493103523274 10.725585809694405 12.081931415153235 13.443616708299633 14.792770202665118 16.110990784088397 17.37980750602608 18.581153457915 19.697835795631224 20.71398411479408 21.615460301261933 22.39021470711755 23.028575823700326 23.523463459890202 23.870518643395176 24.06814695855186 24.117475693271604 24.022228859061634 23.788527690980498 23.424627428487025 22.940603772934377 22.348004220689443 21.659480279739018 20.888416317109414 20.04856947458111 19.153732842187576 18.217431152319772 17.252654942458978 16.27163578346469 15.285662139017386 14.304932995694575 13.33844483488722 12.393906957108847 11.477680632625553 10.594739003996212 9.748646860968657 8.941562041641093 8.174262821268874 7.446207651999881 6.755634445886338 6.099705679252221 5.47470257287852 4.876266438185173 4.29967836490075 3.7401606802278664 3.1931764114911942 2.654697947739315 2.121414826701251 1.5908541216069771 1.0613955631577632 0.532176397085582
0.006667751639710673 -0.48465232408423375 -0.9767013896566645 -1.4702831099078217 -1.9666425104936103 -2.467610912888496 -2.9756782323731024 -3.4939860586624683 -4.026244860702022 -4.576587053354286 -5.149373345186836 -5.748972217944903 -6.379531684620465 -7.044759293259872 -7.7477216623877965 -8.490669740918166 -9.2748914125107 -10.100589706872887 -10.966783065027297 -11.871223876909198 -12.810332620554199 -13.779146992690672 -14.771287949985057 -15.778947100164586 -16.79290196470451 -17.802566942340945 -18.79608808972255 -19.76048898966298 -20.681872967365234 -21.545683876854625 -22.337023800034494 -23.04102162606923 -23.64324198422751 -24.130119843569496 -24.489402684313433 -24.710579884230086 -24.78527809285702 -24.70760204361766 -24.47440241741594 -24.085455853537496 -23.54354670573766 -22.854445255581222 -22.02678245197598 -21.071826451419806 -20.00317095637083 -18.836349373201333 -17.588391937111147 -16.27734508508727 -14.921773453733245 -13.5402649156946 -12.150958073493534 -10.771109694467373 -9.416716780841217 -8.102204539253144 -6.840187616843352 -5.641307911949944 -4.5141482886479345 -3.465217917260066 -2.4990019338866354 -1.6180658496844913 -0.8232037280642146 -0.11361857858549484 0.5128763459572028 1.0596457838563111 1.5310192819750768 1.93208396080502 2.2684887712731694 2.5462639957996025 2.7716580810333014 2.950992470229785 3.090533909062554 3.196382804682152 3.274375511086447 3.329997915519911 3.3683072607826325 3.3938586811399496 3.410632288642912 3.421955585802827 3.430414176506247 3.4377406324170856 3.4446660252629435 3.4507094272351324 3.4538646987591903 3.450115656122854 3.432659840130192 3.3906269527750332 3.306898274886283 3.154277999486421 2.888536400842412 2.4352726275678194 1.6639906229021229 0.3342812306472709 -2.0226534404632623 -6.38310686102983 -14.941345709027498 -33.07887524568675 -75.28406909527385 -183.37639430194395 -465.1752695538702 -889.3959054412547 1.6515511562431584 890.6683483809985 465.18570679936033 183.10735132292865 74.9169684413231 32.65185599807818 14.471424617739093 5.88422437014513 1.5084979035617785 -0.8500154396062776 -2.1678487956977577 -2.9143847042401028 -3.3309649327173396 -3.549339318928979 -3.6454436374500077 -3.6652754473753824 -3.6379771076600065 -3.582734091269746 -3.5125423262427624 -3.436326219676822 -3.3601580374864604 -3.287973967578406 -3.2220024579188156 -3.1630262272219767 -3.1105484266991112 -3.062905093034196 -3.0173499037000617 -2.970127817640833 -2.916548569311672 -2.8510675352477755 -2.7673792875160252 -2.6585276558388493 -2.517034997915335 -2.335052439133012 -2.1045319353452108 -1.8174200807719032 -1.4658725313498877 -1.0424867468894483 -0.5405494409260747 0.045706304048209745 0.7208408015957346 1.4879524471500538 2.3484367329618117 3.3017701161219826 4.3453299513962484 5.474261836335703 6.68140514473281 7.957286177109335 9.290186213324336 10.666288855905037 12.069907555483095 13.483790312474042 14.889494516909796 16.267820997941662 17.599292893333285 18.864662156485856 20.045424559735903 21.124323067076567 22.085819476193034 22.916515238856626 23.6055043586747 24.144644100417832 24.528732851658575 24.755588693421426 24.82602688445079 24.743739304240453 24.51508365010291 24.148794518275285 23.655632101581972 23.04798678124671 22.339459190900065 21.544435245537674 20.67767420584704 19.753925254241686 18.787584577799052 17.792400959577016 16.781233787485082 15.76586358383203 14.756851975592511 13.763445740763158 12.793518289998529 11.853541746923435 10.948583592262917 10.08232344958504 9.257087760586868 8.47390245489743 7.732565849302153 7.031745476837603 6.369102912902047 5.74144964380463 5.144934460131756 4.5752589024916634 4.027912373716358 3.49841342063284 2.9825393439741887 2.476523763428329 1.9772019450869927 1.4820870903453631 0.9893673446903506 0.4978222789198128
0.010280375006832543 -0.4472107314068552 -0.9059942427924739 -1.3672802756437008 -1.8326084011932586 -2.3039632208177174 -2.7838393553836216 -3.2752499304145033 -3.781679045038455 -4.306984389982338 -4.855260336823486 -5.430674062464336 -6.037287499280897 -6.678876432310021 -7.358755407543827 -8.079613934935947 -8.84336641965966 -9.651015839047261 -10.502529772519198 -11.396727094308279 -12.33117440608611 -13.302092906081198 -14.304278530002934 -15.331040516657346 -16.374165652633387 -17.4239170227386 -18.46907682715948 -19.49704253605744 -20.49398420211651 -21.445068135921424 -22.334748469602996 -23.14712362312947 -23.866349671691072 -24.477097561789172 -24.96503648920345 -25.317322068658108 -25.523065598094252 -25.573760059971473 -25.463639675397108 -25.18995273372182 -24.753131888261002 -24.156851690245727 -23.40796939643619 -22.516351478329977 -21.49459432881473 -20.357652968543416 -19.122395811372872 -17.80710655229667 -16.430955905459843 -15.013466252196128 -13.57399132797088 -12.131231020144906 -10.702798366879485 -9.30485212012444 -7.951804093282444 -6.656106145239704 -5.4281174163994805 -4.276048532758647 -3.205976206430705 -2.221919099079095 -1.325964145222347 -0.5184316851858384 0.2019322233159926 0.8377472627496552 1.3927837868799031 1.8717493320208334 2.280083034449376 2.623762484896819 2.9091258734337266 3.142710808929916 3.331109989066494 3.4808429825994303 3.5982427123126826 3.689354783340537 3.7598474952438288 3.814930118382076 3.8592766800071843 3.8969519353249105 3.9313351424130616 3.9650353607467714 3.9997886294829144 4.036321522091768 4.074155299715887 4.111306709884133 4.143808636318802 4.164912922508535 4.163721274472731 4.122759516294039 4.013534997124868 3.788091811263161 3.3622544337341687 2.580674844225861 1.1395426313054458 -1.5963239006189234 -7.061456131041144 -18.79514274288452 -46.401380256695376 -117.93534119872939 -307.4896767383706 -602.347133871044 -1.0203328541802392 602.6648169757642 308.6472125125983 118.60641957037953 46.635532843344315 18.757674106253397 6.858846158159793 1.2923437813294747 -1.5038783285659107 -2.9763343287680932 -3.7669396054473836 -4.183727245516966 -4.385085365938846 -4.457697239903524 -4.451811760100011 -4.398147709947509 -4.316396065677797 -4.219670075733539 -4.116910140239405 -4.014216109355928 -3.915599375794443 -3.8234139664772293 -3.738608000214416 -3.660875150726106 -3.5887523636679575 -3.519691487663401 -3.450121864809752 -3.375514713903627 -3.2904564267588476 -3.1887356084281393 -3.0634472208057595 -2.9071161711580196 -2.7118418941718403 -2.469464759755624 -2.171754393145431 -1.81061916097347 -1.3783350772733627 -0.8677912390298026 -0.27274757093076474 0.41190081017550284 1.189859818391259 2.0631819454930422 3.0320312028364604 4.094478583549499 5.246339749671591 6.481066588230888 7.789703506257961 9.16091770535088 10.581110254768156 12.034611580153953 13.50396118925401 14.970267266947168 16.41363743761337 17.813667838846303 19.14997390945583 20.402743274410273 21.55328898890252 22.58458037078137 23.48172879975463 24.23240724394815 24.82718487733959 25.25976189673651 25.527094369793833 25.629404429640122 25.57007703144709 25.355450431198687 24.99451308848599 24.498524393748998 23.88058008479882 23.15514515354035 22.337577316971917 21.44366274932502 20.48918295703056 19.489527750843337 18.45936467743503 17.412370476506123 16.361025601973612 15.31646893906946 14.288406877475124 13.285069013035944 12.313201951258401 11.378092982722299 10.483616533430995 9.63229808322641 8.825392360842788 8.06297472766948 7.344046411713601 6.66665531854016 6.028034275610272 5.424757623067045 4.852915064349483 4.308298849826642 3.786597095747357 3.2835828953514667 2.7952865137914618 2.3181369801172913 1.849060263721114 1.3855241148075237 0.9255243975281324 0.4675138041942972
0.01342212829769096 -0.4139541844183636 -0.8431197257463552 -1.275653572240243 -1.7133743553710001 -2.1584301259736094 -2.6133540855477477 -3.0810812868009574 -3.564925323741308 -4.068517636800495 -4.595714898352199 -5.150481708672272 -5.736756414931321 -6.358307365420535 -7.01858557077939 -7.720577951879637 -8.466663493019722 -9.25847308111405 -10.096752865002001 -10.981230788780216 -11.910486560724465 -12.881826640995797 -13.891167663380166 -14.932933814578163 -15.99997577301393 -17.083520570815303 -18.17316288458548 -19.25690854447326 -20.32128026179497 -21.351493608966763 -22.331708114654152 -23.24535406889684 -24.075530527590676 -24.805464414824616 -25.419015055457848 -25.90120346783242 -26.23874186756636 -26.420536554377925 -26.438137025065476 -26.286105906809798 -25.96228806406531 -25.467962701591905 -24.807868978975467 -23.990102988666884 -23.02589130661392 -21.92925309314031 -20.716568450951378 -19.406075049297478 -18.017317737200056 -16.57057690553465 -15.08630083856044 -13.58456534812591 -12.084580892255392 -10.604263419879967 -9.159880658224928 -7.765780834749769 -6.434206163643541 -5.175189140302905 -3.996526005021206 -2.9038188274155274 -1.9005756314549593 -0.9883568483015637 -0.1669561288220045 0.5653959962415023 1.2118160264007471 1.776547915346427 2.2647472260439727 2.6822744628773876 3.035501326795753 3.331132151533911 3.576041537058927 3.777128252684392 3.941184832483291 4.074781870719857 4.184165829013153 4.275169083589603 4.353130900740521 4.4228279384128655 4.488412570293754 4.553356688621335 4.62039733772901 4.691478141043426 4.767676192560799 4.84909637995079 4.934701081005244 5.022017033942117 5.10661089884179 5.181124763917744 5.233454674440363 5.243202990186102 5.1745015763260405 4.96080092616813 4.470761621424568 3.4264550990981135 1.1911511938711428 -3.8322700835835555 -16.06578158467764 -48.79518266687865 -138.98247765953275 -289.77270765740303 -3.6948990555396577 289.14365110331187 141.26921716129726 50.39004147321613 16.895601240520808 4.1875856537609835 -1.1171878761495613 -3.52232520363982 -4.669611491632253 -5.219375330589582 -5.462542183691799 -5.538157860693893 -5.517803204651006 -5.441009250517492 -5.331132781727366 -5.202872298537553 -5.065983187202416 -4.927172796500567 -4.791085675663886 -4.660818676114342 -4.538188049074687 -4.4238653665007455 -4.317446046622209 -4.217486471016496 -4.1215306702446775 -4.026139154227337 -3.926927647985856 -3.818620655602345 -3.695123065636796 -3.549611935333985 -3.374649879175351 -3.1623209573794497 -2.904389485456349 -2.5924816793687633 -2.2182894456523883 -1.7737948635065948 -1.2515129471579733 -0.6447491253691595 0.052133485304306504 0.843443430929014 1.7318948816491542 2.718355705559894 3.801620488852464 4.978220296461 6.2422814088169964 7.585445027606941 8.996858891203718 10.463249824514964 11.969083459115737 13.496813793296702 15.027221052317241 16.539831711128716 18.013409809949366 19.426504140154233 20.758031836869417 21.98787566396687 23.097470124173736 24.070350660836404 24.892640830529444 25.55345447746271 26.045193597251657 26.363727629596934 26.508446059373412 26.482183081170117 26.29102016923346 25.943979162055818 25.452624342900407 24.83059647306024 24.0931044586197 23.256401070848586 22.337267966448525 21.352532308755304 20.318633027537057 19.25124961510427 18.16500093035467 17.073216238184806 15.98777614133906 14.919017429341208 13.875693400268174 12.864979919648967 11.89251731530061 10.962478973181033 10.077658991485272 9.239573152288738 8.448569503591852 7.703946717283472 7.004079817966025 6.346553675632416 5.728304689438524 5.145770339188838 4.5950448552001255 4.072037383445748 3.572627017521812 3.0928073382119337 2.6288120253592506 2.1772130098218767 1.7349837127689227 1.2995221790723654 0.8686321692019661 0.44046415079934675
0.015849130643452725 -0.3847175896765087 -0.7875074922281122 -1.1944406598940471 -1.6076044449298 -2.029320626523168 -2.462190575376333 -2.9091146881166097 -3.3732845552114643 -3.858148421174157 -4.367352242151679 -4.904659852462689 -5.473856321980275 -6.078638538093983 -6.7224964840029156 -7.408587790925791 -8.139607162158669 -8.917651428284046 -9.744080509546116 -10.619374578018093 -11.542988303919755 -12.513204216572094 -13.526988823917563 -14.579857060653678 -15.665752658151622 -16.77695391528955 -17.904015829183216 -19.03576036577259 -20.159326552320888 -21.26029088801162 -22.32286612992726 -23.330182844732914 -24.26465330289229 -25.10841162060795 -25.843817923965617 -26.454008286991293 -26.923466848868813 -27.238592517042637 -27.38823048433647 -27.36413884324773 -27.161362970414825 -26.77849499710283 -26.217802164369974 -25.4852156616181 -24.5901799117898 -23.545370510171804 -22.366296410769593 -21.070807974774564 -19.6785367430663 -18.21029508005667 -16.687464190097145 -15.131397561105597 -13.562863930842717 -12.001549763946961 -10.4656363743727 -8.971461595261854 -7.533270712316575 -6.163056523378341 -4.870484163896904 -3.6628929287640943 -2.5453648394635486 -1.5208481951844988 -0.5903237411608586 0.24699867564592637 0.9934642291820062 1.6527479078054519 2.2296282324618666 2.729766400357825 3.15949564906548 3.525624116611503 3.835253185002774 4.095612333880894 4.313910852491443 4.4972063774895155 4.652290108111412 4.785588617370884 4.903082434084549 5.010241933969262 5.111981583960645 5.212634213107581 5.315947839521495 5.4251088405110615 5.542797198483385 5.671282823582757 5.812577639021654 5.968668331484128 6.141873668061848 6.335406619732975 6.554293699145841 6.8069529163694575 7.1080539237078355 7.484016662429038 7.984266884444313 8.70585858038675 9.85116336576608 11.87183245006107 15.837729655376886 24.242359894064425 40.49525680890786 47.50181253957653 -6.215384393394308 -49.03337797926621 -37.166152362082535 -21.78958716613666 -14.447882274091217 -11.139558347454948 -9.504391922603439 -8.58997714715315 -8.009422227555074 -7.59458119329981 -7.267106503747733 -6.988431101315751 -6.738940297568163 -6.508624233789728 -6.292562754852682 -6.088581246133096 -5.895943137463888 -5.714567283570116 -5.544527440042302 -5.385713583583307 -5.237593319991074 -5.09904070469247 -4.9682147508023355 -4.842477808510992 -4.718348271897099 -4.591484403431156 -4.456697369383811 -4.3079923057343095 -4.138636631221271 -3.941255043020675 -3.7079507091264396 -3.4304521337968907 -3.100285025776639 -2.7089681714786984 -2.2482318435756987 -1.7102565435700434 -1.0879289487020216 -0.37511073657015004 0.43308543405728983 1.3400200503199677 2.3472598650431387 3.4543304106904316 4.658499613126033 5.9546050768100045 7.334937910083994 8.78919545828083 10.30451397620924 11.865589949757727 13.454895549436241 15.052989608799194 16.638920775813304 18.190714320434065 19.685928813861775 21.102263892405215 22.418195969651222 23.61361541490803 24.6704367614603 25.573153197879783 26.309308117133945 26.869859910580995 27.249421381670967 27.44636184331517 27.46276770166478 27.304265533023564 26.97971965262835 26.50082326843439 25.881607883650457 25.13789920181336 24.286749125409788 23.345872521894417 22.33311447820515 21.26596919310955 20.16116605666418 19.034332400535703 17.89973651313115 16.770109257455147 15.656538394884233 14.568426691538017 13.513503147515316 12.497876132857577 11.526117696252225 10.601369565651497 9.725463110303867 8.899047512209712 8.121722305521883 7.392172091323923 6.708302415371348 6.067376418659176 5.466151910904493 4.901018012046787 4.368129611223015 3.8635367954376054 3.3833053357268383 2.923623532983255 2.480890429499283 2.051780709828588 1.6332826165632586 1.222706810252161 0.8176661752812286 0.4160288648158428
0.017408250563288874 -0.35931122995824794 -0.7386294424571727 -1.1227859217233238 -1.5141289984021977 -1.9151627402802518 -2.3285807803719027 -2.7572844532808283 -3.20438371137044 -3.673180326116965 -4.167133776313836 -4.689810885242229 -5.244820641774339 -5.835735709842638 -6.46600193905722 -7.138836821991568 -7.857117424598936 -8.62325798462904 -9.439077269796092 -10.305656019110598 -11.223185434457994 -12.190808761389782 -13.206459472987486 -14.266701351331456 -15.366577723219255 -16.499479066124923 -17.657039939026898 -18.82907748165047 -20.003584296435783 -21.166788150605296 -22.303289395915506 -23.396284170363323 -24.42787730902923 -25.379483555154067 -26.2323094466671 -26.967901587104937 -27.568740521659585 -28.01885376956248 -28.304417428776095 -28.41431370766312 -28.340612181771974 -28.078945628873253 -27.628756819841893 -26.993400182704352 -26.180091156235985 -25.199705460381416 -24.066439609684576 -22.797351988699255 -21.41181005120174 -19.930873345497258 -18.37664386746818 -16.77161484521683 -15.138046641836045 -13.497394489301318 -11.86980765169654 -10.273713894748404 -8.725497278554428 -7.239271694277072 -5.826747613957295 -4.4971853985176224 -3.2574254314621243 -2.1119832980209807 -1.06319721926873 -0.11141484937304824 0.7447928061043996 1.5084013827859621 2.1836965243648976 2.776038360896571 3.291633118736037 3.737316305216787 4.120350589209565 4.448240463763575 4.728565088947256 4.968830317473305 5.176340855035377 5.3580937206754164 5.520694689200578 5.670300255851135 5.812588957847531 5.952767866497233 6.095623185033983 6.245628935936942 6.407136247961187 6.584680516132924 6.783470059981145 7.010168275767281 7.274172942399737 7.58977606754252 7.979954184929028 8.48331989589779 9.167513687140527 10.156453434162493 11.689287834601991 14.257070741445776 18.94515621257753 28.365676906589865 49.3983204220072 101.31893212768749 230.94389422385564 408.23740881546166 -8.43140765584005 -410.59068060823046 -226.723576033645 -98.12100865245421 -47.51315581563053 -27.291308458265995 -18.342913001332395 -13.936249083976726 -11.541090818931732 -10.115376134578469 -9.191613922778785 -8.54417216936243 -8.057403831445153 -7.66911562493755 -7.344575962251465 -7.063792412749237 -6.814921281690367 -6.590670979944591 -6.386241892208933 -6.1980928372551425 -6.023173473779231 -5.8584325288557615 -5.700498316800751 -5.545473483898888 -5.388810529833865 -5.225248317959341 -5.04879755719001 -4.8527677290222115 -4.6298305917957805 -4.3721169576382835 -4.071344357901019 -3.718973692921068 -3.3063931106758204 -2.8251272369894664 -2.2670694705162475 -1.6247343758868382 -0.8915262336461893 -0.06201857160714752 0.8677619684904769 1.9000556932313728 3.0351037853426632 4.270907566423787 5.603025838314402 7.024423811974323 8.525387211646418 10.09351437769146 11.713797419847793 13.368800666606617 15.038940789642297 16.70286822637257 18.337944022166486 19.92080034151744 21.427966984379765 22.836540786301818 24.124870237822726 25.273224495832025 26.2644146095381 27.084335539333537 27.722400548528814 28.17184475876422 28.429881786529165 28.497705933989703 28.38034170837722 28.086351689502465 27.627422136994316 27.01785246522148 26.27397925396624 25.413567454813933 24.455200874808902 23.41770107556623 22.319599008409977 21.178677616867922 20.01159698469951 18.83360703539921 17.658346878378083 16.49772504781599 15.361871344458654 14.259148813771105 13.19621353377154 12.178110115544927 11.208391923474004 10.289256672266767 9.421690010410488 8.60561165788587 7.840020446768792 7.123136042488376 6.4525361157508065 5.825288262778505 5.238076072849873 4.687318499776438 4.169281246110268 3.680178361890052 3.216261840611745 2.7738967947454896 2.349619894320698 1.9401791915962807 1.54255420872218 1.1539561726015002 0.7718094281261578 0.39371623852701987
0.01804532363869349 -0.3375036836772427 -0.6959742368717325 -1.0599073726014208 -1.4319050356348395 -1.814658883338982 -2.210972458522864 -2.623775201591183 -3.056127113983953 -3.511213184380635 -3.992326961056447 -4.502842848093103 -5.046176798144675 -5.625735076401073 -6.244850678341907 -6.906706852261024 -7.614247059309909 -8.370070681638087 -9.176313940477687 -10.034515893171392 -10.945470089772646 -11.90906352518395 -12.924105909955518 -13.988153970641015 -15.097337388942366 -16.246194988733254 -17.427531713129497 -18.632308601405356 -19.849579145133355 -21.06648581679346 -22.268329970470887 -23.4387264914819 -24.559851375452467 -25.6127858318092 -26.577954649558144 -27.435649773209224 -28.166622805401165 -28.752723140361702 -29.177552385116766 -29.427101400829603 -29.4903343125541 -29.359684647651818 -29.031432485331354 -28.505937950080718 -27.787715033635862 -26.885339794466834 -25.811197521314888 -24.581083468933063 -23.213680383433744 -21.729942546888648 -20.152420035046692 -18.504558184213593 -16.81000601443383 -15.091963943785203 -13.372596054601615 -11.672526031172303 -10.010429313180857 -8.40272750195492 -6.8633851264987555 -5.403803819761244 -4.032805017395447 -2.756689520615474 -1.5793606816405514 -0.502497443894967 0.4742361973386622 1.3529576983328795 2.1373193577511884 2.832257801941296 3.443747019895582 3.978560757191829 4.444048688605484 4.847929655436012 5.198104519990032 5.502490764208723 5.768880950207667 6.004827486862929 6.217556946213065 6.413918501886329 6.600373194780573 6.783034118931219 6.967773093771168 7.160418461298335 7.36708405244757 7.594696214883179 7.851833843321998 8.150084778844047 8.506289886378582 8.946376434646464 9.512158162690021 10.273924440116211 11.354889008265978 12.98129139680304 15.591502321130601 20.090625499182835 28.49288414277451 45.686292498361425 84.68257426951008 182.52307259301935 432.20841143667866 790.7316723277802 -10.209372064577948 -793.7904116617167 -427.3034178138568 -178.73416316196653 -82.39316851470946 -44.32259482444189 -27.665825589295867 -19.582399800948114 -15.279433396273578 -12.793005427975679 -11.24531931602224 -10.21354553248699 -9.480796913969858 -8.929844718787994 -8.494489045356435 -8.135901050536631 -7.830468537779467 -7.5632373723144575 -7.324211195585129 -7.106178009110842 -6.9033878869251275 -6.71072572342446 -6.523184968392215 -6.3355334114900685 -6.142108140476665 -5.93670243298039 -5.712521954075456 -5.462196127470342 -5.177835587808488 -4.851129634064755 -4.473479396853719 -4.036163443221774 -3.5305330106050192 -2.948234090425217 -2.2814532494086492 -1.5231833806117479 -0.667504553377718 0.290126206530239 1.3525839289885155 2.520792972950936 3.793463751531334 5.166861687526669 6.634622384713573 8.187627645699358 9.81395677113639 11.498926411848132 13.225229926998594 14.973183670181633 16.72108295506014 18.445664737447576 20.122667632165303 21.727473129731223 23.235805300381163 24.624460463242848 25.872033853264753 26.959607776742 27.871365596543463 28.595098344239567 29.122575881130874 29.44976202809535 29.576862444909978 29.508204467136867 29.251958684085587 28.819721776481842 28.225988130125 27.48754332350778 26.622815289743528 25.65121875106685 24.592525603636116 23.46628884288035 22.291341028480346 21.085380994870505 19.86465523967057 18.64373382168105 17.43537513454685 16.250469860230044 15.0980518410454 13.985362446975458 12.917955079498332 11.899827438746069 10.933570814875004 10.020527627013776 9.16095047123533 8.354157841078402 7.598683298556397 6.892416125346967 6.232732333993907 5.61661541579328 5.040766398638485 4.501702786436912 3.995845856362701 3.519595688599164 3.0693932911229904 2.64176927375126 2.2333787782435888 1.8410227238452315 1.46165588154612 1.092382764827926 0.7304427880616693 0.3731865395839584
0.017798603807461788 -0.31902133525996135 -0.6590395409855621 -1.0050818117979254 -1.3599948859144284 -1.7266588893982693 -2.107997876772405 -2.5069878861938566 -2.9266617962853125 -3.3701101123484456 -3.8404766455824024 -4.340947861459776 -4.874734508663048 -5.445043963905327 -6.055041592277766 -6.707799322316355 -7.406229619907334 -8.15300315550438 -8.950448736750882 -9.800434581002104 -10.704230757695443 -11.662353677062143 -12.67439483671473 -13.73883765222461 -14.852868050427292 -16.01218651623326 -17.210831354002032 -18.441024888551926 -19.693056005813112 -20.955213564669698 -22.213785545573597 -23.453138057061008 -24.65588626045012 -25.803165735429346 -26.875007762977575 -27.850815583818633 -28.709931261110544 -29.432274870863083 -29.999030107500378 -30.39334384311143 -30.60100256523035 -30.611046640593997 -30.416284509866554 -30.013673340736347 -29.404540127411227 -28.59462712269778 -27.59395688372024 -26.41652403372996 -25.079831929595287 -23.604301751063428 -22.01258833404829 -20.328840859611397 -18.577947220181912 -16.784798704865267 -14.97360710075224 -13.167300039831353 -11.387013171919591 -9.651690244365518 -7.977795020761569 -6.379132695735201 -4.866773341816177 -3.4490661694741576 -2.1317309757140634 -0.9180120155516391 0.19112053064596068 1.1967355459274742 2.101685107365192 2.910338749413377 3.6283170307127577 4.262231847413922 4.819439390253422 5.307810429044935 5.7355217383703305 6.110872021940494 6.442125671375365 6.737388147719514 7.0045178091993066 7.2510808527948 7.484359019382936 7.711424580891801 7.939305082906856 8.175273605219857 8.427322944259963 8.704921676443433 9.020220883697583 9.39001081017965 9.838974764426744 10.405276026130839 11.150514113462684 12.17822964958204 13.669961649365181 15.959352697361151 19.693959974431685 26.213854388550395 38.50962633845434 63.86320195820305 121.74145052475603 267.9015798253487 643.9864907055681 1192.7796973329218 -11.44186701411698 -1196.3952975051484 -638.6461721715708 -263.7091542765962 -119.16088763375798 -62.27856548524313 -37.50061122802739 -25.546042207407194 -19.236601233594275 -15.63656701817795 -13.43560631067442 -12.002987012527111 -11.01506034483668 -10.296533567557553 -9.747979879555224 -9.310655587351224 -8.948482592545659 -8.638369684135228 -8.364785539423103 -8.116596773444229 -7.885163052683275 -7.663158097770406 -7.443827052511232 -7.220517573114371 -6.986390716479107 -6.734255994955696 -6.456496805911094 -6.145065202081135 -5.79153252670217 -5.387186987926285 -4.92317196341574 -4.390660383202238 -3.781061319791945 -3.086255090058998 -2.298852872653079 -1.4124761037193068 -0.4220497921014754 0.6758975739362683 1.8829365741135362 3.198452774300087 4.6193887587309135 6.140026654071207 7.751826644559756 9.4433374293601 11.200193988276652 13.0052162958183 14.838619509212059 16.67834167060178 18.500489143504772 20.27989312441081 21.990762989867463 23.607414545663286 25.10504409746428 26.460513377657424 27.65310651570374 28.665218978429774 29.482940189577977 30.09649645748569 30.500528673949034 30.694189429749663 30.68105583864389 30.468866390424008 30.069101410956645 29.496436117286695 28.768101990779282 27.90319569514421 26.9219749598687 25.845177948697337 24.693397209059608 23.486532145705617 22.243335934843 20.98106474229269 19.715229762297948 18.459446450440897 17.22537073228447 16.022708994494206 14.859287249953113 13.741164777145709 12.67277848211734 11.657105888320807 10.695836699468053 9.789545040927994 8.937856527282406 8.139606106538633 7.392984083814946 6.695668831758761 6.0449454644462275 5.4378102497731895 4.871060844664488 4.341372627806317 3.845361553628246 3.3796341009539876 2.9408250643980782 2.5256241385962497 2.1307924472713236 1.7531703514994668 1.389677992068572 1.0373100699601068 0.6931263162157641 0.35423899815478777
0.016779873207584117 -0.30356142353582527 -0.6273385465704884 -0.957644558625681 -1.2975593222830373 -1.6501471210439433 -2.018455879182479 -2.405518200334633 -2.814354041489331 -3.247974397994069 -3.709384898482604 -4.201587771391901 -4.72758022094899 -5.290346900859166 -5.892843897048472 -6.53797145669488 -7.228532651190056 -7.967175266718751 -8.756314508616692 -9.598034608475636 -10.49396817849213 -11.44515316371053 -12.451868527328935 -13.513451358308503 -14.62809988709901 -15.792668910403762 -17.00246627663382 -18.25106126932735 -19.530117799983202 -20.829267073971256 -22.136035575699655 -23.435844537898763 -24.712096223516998 -25.946360075100593 -27.118667897372827 -28.20792168904684 -29.192410665593858 -30.05042581594286 -30.76095159638248 -31.304405924232892 -31.663392416823033 -31.823423780314997 -31.77357320585772 -31.507012136866575 -31.021397983448384 -30.319084010477226 -29.407135001402462 -28.297145303346483 -27.004869214046767 -25.549686040577946 -23.953932343001583 -22.242141001727056 -20.440230328357956 -18.57468641637272 -16.671778654515634 -14.756842452166019 -12.853655589828428 -10.98392611754484 -9.166901200599042 -7.419098489442888 -5.7541549464534825 -4.182782912236505 -2.7128196567716145 -1.3493546156118086 -0.09491786836512972 1.0502862019823311 2.08811492680816 3.0222062216367362 3.8576915991450633 4.6009127109369885 5.259149101624061 5.840363453546438 6.352969576148837 6.805627838377681 7.207072676500559 7.565977357781861 7.8908624543450046 8.19005683170726 8.471723842187195 8.74397182565545 9.01507858821926 9.293877258667038 9.590381173967266 9.916778348433297 10.289020836609097 10.729408945144847 11.27090240681472 11.964545127638448 12.892731825420167 14.193920729759224 16.11087705247094 19.089983009150657 23.998402540610364 32.632923851960705 49.00948750802936 82.92409658971822 160.62055306174327 357.47764556861654 865.8482271746615 1611.639745589377 -12.055327106867963 -1615.6363644888127 -860.3494106271414 -353.0922671819028 -157.8781412347807 -81.19921223332493 -47.87160681719804 -31.842435659026336 -23.42272167296988 -18.653261000478594 -15.767986883876706 -13.917034985619914 -12.66418492402277 -11.772890012262671 -11.108646492350438 -10.591665211623358 -10.172674934438852 -9.819955546270798 -9.51209194230529 -9.233771261252244 -8.97326520230557 -8.72088159418194 -8.467994942762402 -8.206436639359715 -7.92811814027683 -7.624812080067045 -7.288045781361774 -6.909078879622221 -6.478947025110315 -5.988559794394277 -5.428844625656737 -4.7909307353366515 -4.0663680384556145 -3.247376406894098 -2.3271202948160763 -1.300002920321397 -0.16197292620034887 1.0891652405664587 2.453447893899785 3.928468352443204 5.509127542051573 7.187435295183953 8.952379687992007 10.789881854114114 12.6828526009648 14.611364539978133 16.552949273940243 18.483023329860515 20.375439267650286 22.203150030914998 23.938965749883412 25.556373622872552 27.030384042314726 28.338360745405744 29.46079021518999 30.381946462139098 31.090411914478366 31.57942325935359 31.84702214429347 31.896003634102055 31.733669017415256 31.37140255803472 30.824102847450963 30.109507476276942 29.24745418460106 28.25912229169003 27.16629528580594 25.990679635990443 24.753307036957384 23.4740384104308 22.171179025787676 20.861205878585086 19.55860157919459 18.275783807850942 17.023115998602844 15.808983232529217 14.639917116881506 13.52075436597211 12.454815546820708 11.444092613975831 10.489436203282576 9.590735880523615 8.747088547204074 7.956951869450002 7.218280919317754 6.528647211054839 5.885340041704712 5.285450577137141 4.7259395223731016 4.203689542845446 3.715543885611794 3.258332906914685 2.8288904259221592 2.424061977860381 2.040707102973771 1.6756977539678086 1.3259147280519912 0.9882437297270563 0.6595722720170727 0.33678816568016856
0.015147658081193782 -0.2908137117207943 -0.600415621291317 -0.9169986361634574 -1.2438602530362441 -1.584239054366332 -1.9413031218840082 -2.3181435981434184 -2.717773736704565 -3.1431331541964536 -3.5970963512588217 -4.082483921256097 -4.602074266191192 -5.158613109813581 -5.754817668404133 -6.3933720292319585 -7.076910134717895 -7.807982779344247 -8.589005248182957 -9.422182658390676 -10.309410744783198 -11.252150770324487 -12.251278442375613 -13.306908190798827 -14.418195900226527 -15.583125168684985 -16.798284356845382 -18.05864401969587 -19.35734668748412 -20.685523212272404 -22.032151811978885 -23.383977255525405 -24.725508001271212 -26.039108209089388 -27.305199065496552 -28.502579577105447 -29.608870836104195 -30.601079886752867 -31.456270141529963 -32.152315500347804 -32.66870583323978 -32.98736338875896 -33.09342406769833 -32.975935332733016 -32.62842443894742 -32.04929685734603 -31.242034905305527 -30.215179814425674 -28.982095461342894 -27.560527248227107 -25.97198351495411 -24.240978067120444 -22.394179850255824 -20.459519053037667 -18.465297948373482 -16.43935014984166 -14.408284464755283 -12.396840297972389 -10.427371592038881 -8.519466669563158 -6.689702743458703 -4.951526864780398 -3.3152499395994184 -1.788137127776146 -0.37457636662185934 0.9236934134948527 2.107311909043119 3.179000803603671 4.143254782489336 5.006032002885519 5.774453870963647 6.456522300353207 7.0608613844935775 7.596489664054573 8.072629033235579 8.498556916589628 8.883509856691951 9.23664950724934 9.567106861254615 9.884128571551187 10.19736255259307 10.517342444669175 10.856268791901158 11.22925172350353 11.656299824323035 12.165560921593155 12.798741013289039 13.620456424363603 14.73497423235548 16.317441456754622 18.674922723735943 22.372173322344757 28.50691432370267 39.355365229907235 60.00950134469329 102.90193632299882 201.37311497231747 451.27415961215667 1097.262621521975 2043.9957707579913 -12.015339117219526 -2048.177300764404 -1091.8925664959288 -446.9178300149651 -198.6075428593126 -101.12561982258183 -58.803361025376866 -38.486322703412675 -27.84688831706905 -21.84887858771356 -18.246276340270207 -15.9582986847151 -14.430037742552138 -13.360332718055368 -12.577657516867902 -11.979993767532449 -11.504120663312634 -11.109181567361404 -10.767519993386543 -10.459379753280373 -10.169741707715119 -9.886386537902858 -9.598686977492221 -9.29685037691197 -8.971450319319452 -8.613151780982875 -8.212571924497425 -7.760240619605341 -7.246637882833973 -6.662293297816646 -5.997937186759117 -5.244696030111129 -4.394325977727931 -3.4394787229574675 -2.3739936215694257 -1.193208971854709 0.10571615203236462 1.5234800543417748 3.058329295773099 4.705777320097582 6.458367956687638 8.305502534633469 10.233350135111507 12.224860042144847 14.25989348918133 16.315487972109466 18.36626166968003 20.384957924761693 22.34312061434096 24.211881185460804 25.96282797182603 27.56891919015514 29.00539381064826 30.250630399804024 31.28690379704091 32.100993592647505 32.684606702466645 33.03458834496231 33.152910223859244 33.04644037237958 32.72651418433914 32.20833918828658 31.510275807872244 30.653041921182567 29.658890205798148 28.55080433371959 27.351753748412477 26.084038061030544 24.76874216616881 23.42531311075327 22.071260483844142 20.72197432111636 19.390648630244478 18.088294761186564 16.823826891282366 15.604201579944576 14.434594318641913 13.318597869464988 12.258429554993233 11.25513721755067 10.30879604907775 9.418690735552016 8.583479265610316 7.801336298433048 7.0700751971009 6.387248754883279 5.750229356008552 5.1562698692153575 4.602547032881432 4.086189476290025 3.604292843053525 3.1539247272460713 2.7321222770648745 2.335885335547072 1.9621678547132593 1.6078700325838913 1.2698331799476659 0.9448387697597038 0.6296124762772415 0.32083335323784823
0.013077991682930445 -0.28048499312705033 -0.5778652064902801 -0.8826276218198981 -1.1982674920363312 -1.5281822799395606 -1.8756499331196164 -2.2438149584458333 -2.6356831084972665 -3.0541247746485034 -3.5018864099900515 -3.9816085289323677 -4.495848092351817 -5.047102412901738 -5.637831135064664 -6.270472400259353 -6.947449008334328 -7.671160271006672 -8.443955341675968 -9.268084117508568 -10.14562236798966 -11.078368560368812 -12.06771093913206 -13.114464776964319 -14.21868135801474 -15.379432163703521 -16.594573909274878 -17.860502479071783 -19.17190637546362 -20.521532920911298 -21.89998296486957 -23.295552014573477 -24.694137214886222 -26.07923008868612 -27.43201401496864 -28.731582712957504 -29.95529123131835 -31.079244034477593 -32.07891587648448 -32.92989072010033 -33.60869279252277 -34.09367302477539 -34.36590489544366 -34.41003734829584 -34.21505015771764 -33.77485958737436 -33.08872968734278 -32.161456634258734 -31.00330910733362 -29.62972520659246 -28.060784006060935 -26.320485585595854 -24.435885695508475 -22.436138939725403 -20.351507034761518 -18.212386459133256 -16.04840339523239 -13.887614399643589 -11.755840039380239 -9.676147096882026 -7.668484029847988 -5.749464967892415 -3.9322901946059474 -2.2267859522528965 -0.639543452716218 0.8258640956171348 2.1686072179694094 3.390287976201556 4.494607053557864 5.487024984258682 6.374430071280912 7.16482350379799 7.867030591564017 8.490446020035236 9.044820721197944 9.540098534071006 9.986312545842146 10.393554370593527 10.772035429615912 11.132269041547183 11.48541837082906 11.84388258102409 12.22224028919694 12.638751090037204 13.117762289893697 13.693637808089854 14.417339551493491 15.367803690335968 16.672330607439 18.544661187251954 21.359456912009023 25.80587007264823 33.223831727198224 46.39299568983457 71.53437512940064 123.84317607309292 244.07502410253576 549.3402830600047 1337.6249143926966 2485.9080742070637 -11.329175995236085 -2490.0664054294452 -1332.6636862021112 -545.2341374543379 -241.4269297538768 -122.10763102856514 -70.32482022828468 -45.494286715557216 -32.51850482828944 -25.228551057294712 -20.872974815981937 -18.127602290469724 -16.312346844791215 -15.057865084346922 -14.153546689339436 -13.473895440685446 -12.940949047424155 -12.504187815469692 -12.129346199776236 -11.791954736706245 -11.473495304561432 -11.159053660279028 -10.835860525935104 -10.492378931279411 -10.117740048340984 -9.701410380857922 -9.233019354684124 -8.70230339014455 -8.099138621560087 -7.413644113465345 -6.636343196029237 -5.758373844466647 -4.771740665177049 -3.6696014999249016 -2.446581168165096 -1.099103641082344 0.3742679044860253 1.9724960060907293 3.6917542172965057 5.5251507602438465 7.4625107197867635 9.490238463452094 11.591282290783766 13.745222018091141 15.92849690421616 18.114785791061294 20.275543498384785 22.380687657501674 24.399418840501674 26.30114497246261 28.056469739690115 29.638195413497215 31.02228445443167 32.188722596706576 33.122229450004426 33.81277109303582 34.25584211316668 34.4525008084684 34.40915917547249 34.13714690941871 33.65208408890541 32.973108927639714 32.12201398187009 31.122346084134776 29.998522369487635 28.775007825316834 27.47559007236444 26.12277584895489 24.737322248202798 23.33790521452453 21.940918945270955 20.56039311226415 19.20801037244346 17.893204346389744 16.623317821040096 15.403801957797336 14.238439318868256 13.129576145809452 12.078352160503346 11.084918945528655 10.148640494214156 9.268271707427722 8.442112412683223 7.668135917532348 6.944092230710686 6.267586964789906 5.636137629354554 5.0472095950993 4.498234473850893 3.986614035903502 3.509713063010178 3.0648446798098306 2.649251715441947 2.260087476100292 1.8943989750574985 1.5491151561652927 1.2210420019154178 0.9068656697708288 0.6031640049497522 0.3064259921392587
0.010738047862002276 -0.2723208728661053 -0.5593483566246338 -0.8541066937861608 -1.1602644031338816 -1.48135711247388 -1.8207564843464308 -2.1816491151971373 -2.567026645751147 -2.979687541375675 -3.422250153930495 -3.8971758134465073 -4.406799859822952 -4.953367736131309 -5.539072567549708 -6.166090076322739 -6.836606248989963 -7.552832920603159 -8.317006380271774 -9.131364267936926 -9.998096434185033 -10.919266098204927 -11.896698565982966 -12.931835985495743 -14.025558114951764 -15.177970878300084 -16.388166581839947 -17.653962055928506 -18.97162364860205 -20.335590860202505 -21.738213368405756 -23.169519056374238 -24.617033161418444 -26.065670442343702 -27.49772290990049 -28.892964696117794 -30.22889262693895 -31.48111567779388 -32.62389859594816 -33.63085473844895 -34.47577112683731 -35.133535789444444 -35.58112491461651 -35.798596707388164 -35.77003165935455 -35.48435657945825 -34.935993087017444 -34.1252805370229 -33.05863798955588 -31.74844848415237 -30.21266955911983 -28.474194396719277 -26.560005877511728 -24.50017931574955 -22.326797454566005 -20.072843030782828 -17.771130169697003 -15.453327159273833 -13.14911117503037 -10.885481958413656 -8.68624786018568 -6.571685274288086 -4.558362277022887 -2.6591096195982544 -0.8831173070733556 0.7638675008969642 2.279265941247388 3.663339783899211 4.918832074740642 6.05059482368997 7.065219737043549 7.970685430724878 8.77603249498815 9.49107635230817 10.12616727848581 10.692007429216055 11.199536606287808 11.659902356710994 12.084536816345803 12.48537427898988 12.875262734559634 13.268655179610178 13.682722121357571 14.139123979712842 14.666856336096323 15.306902169527348 16.12003637945225 17.20033289683176 18.69939710294588 20.871650396001584 24.162957252302775 29.393433723916562 38.15785886466916 53.7651543989992 83.62175195340882 145.81687232500195 288.841265569818 651.7792972599534 1586.2780041617873 2932.743479723214 -10.045344505371645 -2936.667318664554 -1581.9813731482845 -648.131485636132 -286.44574506471923 -144.21274006154226 -82.47428145487179 -52.887617680237305 -37.44899325295092 -28.797782780705106 -23.64988758847497 -20.424342755109848 -18.308886370350663 -16.862143333393753 -15.832199239902423 -15.068742181387762 -14.478226531040583 -13.999915486091474 -13.59255163390749 -13.226673276900414 -12.880048228787189 -12.534891999655962 -12.176143111992666 -11.79038653527087 -11.36518888922744 -10.888705463538706 -10.349474334336861 -9.736345196866836 -9.03850981615939 -8.24561254462619 -7.347926249141601 -6.336582856665274 -5.203849622352763 -3.9434425994944178 -2.5508681278418877 -1.0237815150437868 0.637650185719707 2.4303972034722676 4.348246774568132 6.381535329578192 8.516957171660344 10.73747485063059 13.02235597749224 15.347358568309488 17.685081801634972 20.005491119583496 22.276616015592943 24.46540619545967 26.5387179872123 28.464389256050993 30.212349226328428 31.755701167157646 33.07171229554706 34.14264748541784 34.956391703164776 35.5068200545916 35.79389257099441 35.82347146160458 35.60687925636463 35.16023470772067 34.50361764133491 33.66012281570851 32.65486573443943 31.514000539176745 30.26380253186689 28.929856875050117 27.53638221457244 26.105704859389068 24.657887016396593 23.210502368199297 21.77854450738483 20.37444858525403 19.00820384567514 17.687534154217644 16.41812472154447 15.203875468762229 14.047164393585776 12.94910748382172 11.909804862877959 10.928565742464036 10.00410725982781 9.13472437533036 8.318429687329543 7.553063364148516 6.836374439731507 6.166075554755457 5.539873895086256 4.955481616885082 4.410609473121108 3.9029476583796185 3.4301380534862425 2.9897420601154856 2.579208043972381 2.1958420556789093 1.836784966164906 1.49899846631385 1.1792615809425033 0.8741784657551044 0.5801973677987959 0.29363977806728947
0.008266850712868035 -0.26612045065821377 -0.5446025067290527 -0.8311075241262955 -1.129448234490349 -1.4432728789637306 -1.776025671527126 -2.130919072795834 -2.510919486561347 -2.9187471619596117 -3.3568901939673434 -3.8276315878860157 -4.333087437800032 -4.875253405828284 -5.456055893873213 -6.07740362745024 -6.741234826591613 -7.4495547606312496 -8.204458295034689 -9.008132048162754 -9.86283102232921 -10.770825059834287 -11.7343112202406 -12.755289204472442 -13.835398266689447 -14.97571568300826 -16.176518804034146 -17.4370150146394 -18.755046570662348 -20.12678026081266 -21.54639507758682 -23.005784471412102 -24.49429307553985 -25.998510726996937 -27.50214874799872 -28.986024284793352 -30.428177474624007 -31.8041427926663 -33.087389709719474 -34.249938600837694 -35.263145866171186 -36.09863809654667 -36.72935994746496 -37.130685722197576 -37.28153236581155 -37.16540349531838 -36.77129189144645 -36.09437256565595 -35.13643031200164 -33.90598372007059 -32.4180902495419 -30.693841606184158 -28.759582535560213 -26.645906464342062 -24.38649600792875 -22.016883891193828 -19.573209962389093 -17.09104345082757 -14.604327812879347 -12.144490379215611 -9.739742604404356 -7.4145808015524395 -5.189483322975974 -3.0807890869111176 -1.1007345601132812 0.7423782782201016 2.4439122181396655 4.002552113169244 5.419915907078909 6.700143138314019 7.849481367658839 8.875887733457155 9.788660096732293 10.598110232931113 11.315290507103448 11.951785758261835 12.519584069652367 13.031044459164143 13.498987387809969 13.936947423722756 14.359649951281028 14.783811858856133 15.229431221737144 15.721844767249138 16.295035627700294 16.99704939589264 17.899090928015227 19.11128299135978 20.810958111114886 23.295555379174715 27.086178143824746 33.14123340492303 43.324375548763335 61.502235640822356 96.32795287492834 168.92455294229114 335.8433319334414 758.7758066147376 1842.520455354215 3379.0773351713988 -8.250163043079795 -3382.5608150339904 -1839.10434485405 -755.7703562209483 -333.8229117307642 -167.53611536428846 -95.3051052450693 -60.69570630131027 -42.653896406579236 -32.56380168649597 -26.579019533563564 -22.847097848486264 -20.415899395520576 -18.767776533525904 -17.607068346658927 -16.757181441531266 -16.10807122546909 -15.588187317776558 -15.148873098045357 -14.755380746054314 -14.381538285905826 -14.006505775827627 -13.61276787144483 -13.184883093382282 -12.708712611821937 -12.170964462780987 -11.558953928245685 -10.86051880920813 -10.064050916605005 -9.15861866643386 -8.134163664932359 -6.9817585987319575 -5.693915794378057 -4.264936059579227 -2.691286361220513 -0.9719927550388974 0.8909679501512002 2.8922977276923945 5.02305153715632 7.270382818522769 9.617389079821237 12.04308689642275 14.522543891151152 17.027190559035787 19.525326861202785 21.98282730230705 24.364034088559805 26.632812021398777 28.753722368772827 30.693258003262613 32.42107059426402 33.91111447002437 35.14263232640591 36.10091585839914 36.777789241784205 37.17178385152842 37.287996398711606 37.137647133944625 36.73737703007163 36.108340552547524 35.27516198428282 34.264827610441806 33.105583539676516 31.825900642242775 30.453555627769635 29.0148625367842 27.53407371605676 26.032955228865728 24.53052972761549 23.04297073117259 21.583626190852886 20.163146036026173 18.789687651275255 17.469174404561304 16.20558483856116 15.001253410437675 13.857167259956338 12.773247049658876 11.748603210463004 10.781761810311762 9.870856688278806 9.01378646580464 8.208336619267564 7.452268035067489 6.743374443614059 6.0795118993961506 5.458604084297436 4.878627680720005 4.337582396065631 3.8334504029280403 3.3641499899705885 2.9274880592267127 2.5211157738780354 2.1424911325640394 1.7888515648323278 1.4571988175315909 1.1442974845310427 0.8466875749313374 0.560710564454503 0.28254748675848873
0.005765437959270869 -0.26174139578727385 -0.5334418679558972 -0.813394371814713 -1.1055224948619546 -1.4135572809648167 -1.7409902114962073 -2.091039580989218 -2.4666321998334517 -2.8704014934366473 -3.304702135826787 -3.7716403775223117 -4.273118266392428 -4.810889028500354 -5.386620023845046 -6.0019589433268905 -6.658598290023576 -7.358332718953031 -8.103103507717258 -8.895024320996203 -9.736382524522247 -10.629610622421847 -11.577222946996812 -12.581713551760298 -13.645412350676288 -14.7702979601394 -15.957767440797355 -17.208365260513446 -18.52147632056489 -19.894990836733655 -21.32495223096318 -22.80520289826046 -24.32704663860474 -25.878950430425206 -27.446311697063575 -29.011319791189536 -30.552941465906702 -32.04705894786608 -33.46678523412749 -34.782973873075385 -35.964929588333526 -36.98131184536768 -37.80120666915021 -38.39532404082524 -38.73726097932239 -38.80475618240231 -38.580853214713606 -38.05488756301045 -37.22321968673281 -36.0896514930964 -34.66548636017475 -32.96922053719342 -31.025883314397262 -28.86607123333551 -26.524744500417974 -24.03986916512668 -21.450995170013698 -18.797858047681082 -16.119081921419642 -13.451045648635862 -10.826954834111113 -8.276142598000469 -5.823603488446238 -3.489749377103557 -1.2903644566897299 0.763271205914684 2.664123973787902 4.409049898388417 5.998372337989721 7.435424127151258 8.72608049073964 9.878304825923223 10.901725794263406 11.807261341831854 12.606803598700367 13.31297853482738 13.938996160387518 14.498611856756938 15.006228354246254 15.477183304453135 15.928293406695104 16.378769961291617 16.851695880775175 17.37638546646103 17.99218332801278 18.754691972895365 19.746241595552938 21.09404012838212 23.002774449580876 25.815582374364432 30.13343406916391 37.06140565540306 48.74798181956352 69.6495855022472 109.73428973115595 193.31092905217506 385.3274166931228 870.6204782409 2105.5925848104184 3818.5613451116037 -6.061585997194641 -3821.411831500647 -2103.2199481318603 -868.407818550998 -383.78595438922525 -192.21180652255418 -108.89227587691063 -68.96004230575458 -48.155435553340894 -36.537277032129275 -29.663785347247007 -25.394520125874287 -22.628789821852457 -20.767886574102334 -19.469647121135303 -18.52954772041393 -17.820020953487337 -17.258041904590904 -16.787108526492567 -16.366868677075708 -15.966968109997204 -15.563312423707565 -15.135756772806097 -14.666668610945344 -14.140042905772532 -13.540980153727844 -12.855412548180567 -12.070007636415525 -11.172204949234654 -10.150356707279151 -8.993952858964427 -7.693915628936843 -6.242950853829754 -4.635943334680981 -2.870381801716171 -0.9467961901377109 1.1308138457177819 3.3545844815030534 5.712456783464326 8.187942094681766 10.760018365081336 13.403191436864859 16.087751445454934 18.780246846676896 21.444186825183564 24.04096733715111 26.530997637967957 28.874984492781586 31.035312489535727 32.97744342781073 34.67124811310285 36.09218194046804 37.22222250411189 38.05050299364954 38.57359793403736 38.795445387616034 38.726918825733314 38.38508899148607 37.79223819080579 36.97470421985871 35.96163757499493 34.78375369720177 33.47215305115281 32.057267673335495 30.567975728461594 29.03090782359341 27.46995219171211 25.905951774741474 24.35657546101283 22.836338517387283 21.35674340108461 19.926511159032156 18.551874868077967 17.236909356087015 15.983875155170523 14.793558709382259 13.665594927650403 12.598761933806934 11.591241176687749 10.640838862903678 9.745166959508333 8.901783840247202 8.108296085128641 7.362424067587359 6.662034835077657 6.005146473748724 5.389908657607023 4.814564452801928 4.277398658408815 3.776678018372337 3.310588523596225 2.8771747142675164 2.4742854203296805 2.0995297134052127 1.75024604767815 1.4234866446583005 1.116018188025425 0.8243388817896768 0.544710937319115 0.27320664961694163
0.0032967644536530116 -0.25909501367160637 -0.5257479120956976 -0.8008106713919272 -1.0882804837941684 -1.391937769039675 -1.715292745094743 -2.061546767005984 -2.433570639284177 -2.8339012092604143 -3.264756580897421 -3.7280692719854347 -4.225535632037536 -4.758678868818089 -5.328922132367131 -5.9376673159738935 -6.58637455970168 -7.276636913909895 -8.010244250497012 -8.789230301873285 -9.615896687070746 -10.492807950155392 -11.422752014480508 -12.408661062394133 -13.453488705422734 -14.560040461908951 -15.730756034130765 -16.96744373581971 -18.270969722393172 -19.640907457854073 -21.07515617643523 -22.56954093244584 -24.11741114029364 -25.709259096139967 -27.33238457277076 -28.970635714112845 -30.604259532908127 -32.209896570518644 -33.7607528842232 -35.22697769284155 -36.57626611797582 -37.77469325528582 -38.78776861454991 -39.58167976938931 -40.124672614507695 -40.38849533673394 -40.34981690602679 -39.991521381939066 -39.30377893664794 -38.28480448341942 -36.94123507247404 -35.288086006302066 -33.348279851956875 -31.15177803299396 -28.73437710480431 -26.13625717071244 -23.40038547667067 -20.57088265368101 -17.691452914050387 -14.803964421830074 -11.947244969081616 -9.156134083099232 -6.460808850561328 -3.8863794849008926 -1.4527336436298555 0.8254035323274067 2.9382337004779657 4.880516567675741 6.6511098596366836 8.252456403408104 9.690052028843432 10.971922794511535 12.108135177877344 13.11035890124046 13.991499473013924 14.765416829503053 15.446748214946737 16.050858569363058 16.59395170328981 17.093393079723462 17.568324716865646 18.04070295059912 18.536975719096738 19.090766072982213 19.747197194055488 20.569988917018556 21.65339670462174 23.142918719982752 25.272500757198557 28.434125988980874 33.314061514768674 41.17385569436749 54.46539580283183 78.27193606751992 123.95420142971014 219.17576888937916 437.6334996472863 987.7304283205611 2374.6302768627456 4243.753933462173 -3.6206915884662294 -4245.798732196952 -2373.401111490114 -986.4200912037591 -436.6513749257927 -218.4253955552273 -123.34002755465922 -77.7389717493948 -53.98563038885307 -40.73447908213179 -32.91058833241323 -28.066554450458803 -24.943110036907967 -22.854946722614677 -21.410208572141265 -20.374535634672952 -19.60165893247101 -18.996323332749476 -18.493676268440673 -18.04740539217864 -17.622706036894975 -17.1920106634893 -16.73235159662667 -16.2237221164796 -15.648069099696293 -14.988700290339274 -14.229975246631277 -13.357199391439423 -12.356670502713385 -11.21584477854043 -9.923599882069034 -8.470577726868989 -6.849591735038629 -5.056082729639755 -3.0886051450584873 -0.949321282757154 1.3555235370343865 3.815177334209885 6.414046514073846 9.13149022687687 11.94178563367565 14.814303164936149 17.71392391263671 20.601719384716333 23.435897019967733 26.17299387461358 28.769277455387154 31.182289199409574 33.37244560119412 35.30459753342097 36.94944266531941 38.284690669176946 39.295896541466924 39.97690247561136 40.32986058441601 40.3648434718451 40.099082959501594 39.555905182906415 38.76344977824741 37.753270375500136 36.558912988958745 35.21455943805041 33.75380686913676 32.208634564822034 30.608588195113473 28.980191880327855 27.346581568270523 25.727340274543096 24.138507004348718 22.592726443383945 21.099505188501922 19.665541613099744 18.295099609317855 16.990400667088178 15.752013431993284 14.579224525048673 13.470378744984135 12.423180562406987 11.434952046732727 10.502844993856563 9.624007119816147 8.79570383364281 8.015398371159499 7.280794050079642 6.589843149796826 5.940727476936303 5.331816072259299 4.761605756341547 4.228650298544467 3.731483921526335 3.268544610577351 2.838102276295773 2.4381962331720963 2.0665857095980567 1.720716223508889 1.3977036806955834 1.0943370141580644 0.8070991345543455 0.5322049497391568 0.26565428856484274
0.0008937014828180878 -0.2581328587503151 -0.521451313401089 -0.793257219736665 -1.0775807602436682 -1.3782153578689726 -1.6986590065382057 -2.042071546555224 -2.4112503124451568 -2.808625656607333 -3.2362768404814446 -3.6959677397596646 -4.189200768108803 -4.717286424399392 -5.28142494927164 -5.882795759661885 -6.522649639041367 -7.2023981080371335 -7.9236939909443915 -8.688496935929102 -9.499117540577862 -10.358233791359917 -11.26887374418295 -12.234358784702914 -13.258202424068498 -14.343960454811787 -15.495029459592358 -16.714392200504467 -18.00431038894823 -19.365967845917236 -20.799070164317627 -22.301410763592433 -23.8684176724685 -25.492700410536806 -27.16362178015519 -28.866924836599694 -30.58445024326284 -32.29398285963691 -33.96926783766907 -35.580234681835684 -37.09346168815019 -38.47290217073418 -39.68087766022643 -40.67932223495774 -41.43123766934487 -41.90229339676943 -42.06248146204183 -41.887718218522885 -41.3612749347303 -40.47492144591214 -39.229681793284676 -37.63612792402338 -35.71417438427371 -33.49237930626359 -31.006799507458105 -28.299484746288073 -25.416723526605622 -22.40716727031522 -19.319960368537892 -16.2029916087425 -13.101360683105412 -10.056125623472134 -7.1033671558939915 -4.273577715041554 -1.5913589352489765 0.9246066294732458 3.2613553773463977 5.411265572967672 7.371555277249087 9.143704112726248 10.732842237097806 12.14714336279954 13.397252251783343 14.495771588514117 15.456829259106186 16.295745441210485 17.028820270388323 17.67326820827808 18.247336314836105 18.770663393929965 19.26497064753896 19.755231501186188 20.27156582534495 20.85227407009338 21.54873151247294 22.433423813752462 23.61347177493478 25.25409503111753 27.62077392597373 31.15810531642005 36.64415275323574 45.5086377381031 60.528906049945874 87.45867605150391 139.14165327417737 246.7875146197379 493.21566300916106 1110.6627764036946 2648.5728194709422 4645.914191612234 -1.0814020733107554 -4647.00623950506 -2648.51784017452 -1110.3185859904663 -492.84649062466656 -246.42858953047298 -138.79091849176905 -87.11347022548165 -60.19014988266624 -45.17999088343494 -36.33083909347023 -30.86602396515037 -27.35587056198696 -25.02191136152465 -23.41881594854378 -22.28012911429822 -21.43948574628851 -20.78851030295148 -20.253409151109736 -19.78149817680297 -19.333216228978323 -18.877276066078252 -18.387670801316425 -17.841814671353262 -17.219401662638134 -16.50173590695747 -15.671385533755355 -14.712068909887854 -13.608716176056745 -12.347669025070118 -10.916993063845304 -9.306882747934786 -7.510140499316087 -5.522710214753701 -3.3442416748874493 -0.978656992169924 1.5653161216544476 4.273685937548066 7.12686025470699 10.099482195755627 13.160488019967609 16.273431240474423 19.39710586696286 22.48648384916674 25.493958282591933 28.37085627222624 31.069156265397524 33.54331766517671 35.752109625404316 37.66031470893605 39.24018428359766 40.47253714868582 41.34741989967772 41.864284055939116 42.031676393243785 41.8664800014068 41.392779163920146 40.64044718084858 39.64357030373344 38.43882256630682 37.063896760741734 35.55607878254374 33.95102935002892 32.281812129827394 30.578183498448652 28.86613872518373 27.16769355339321 25.500869418336457 23.879844611748023 22.315231910515486 20.81444456062056 19.38211608229115 18.02054422348931 16.730134787886207 15.509826442200447 14.357482601466964 13.270240875467575 12.244814260586878 11.277741278178931 10.365584650299796 9.505079957471407 8.69323714006609 7.927398769987937 7.205259816468468 6.524854214298159 5.884513954105275 5.282806678832408 4.718457891456085 4.190263855239351 3.697001096284458 3.2373380852401823 2.8097541817406757 2.412470271487832 2.0433947298348354 1.7000874203543237 1.3797434258322472 1.0791971410595291 0.7949462835465937 0.5231943466033062 0.2599090711963292
-0.0014279021365304345 -0.258827866151945 -0.520508136887532 -0.7906644570065957 -1.0733166531418092 -1.3722325253684442 -1.6908652102209931 -2.032307458008642 -2.399265429799957 -2.7940536627246715 -3.2186118090560267 -3.674542675283776 -4.163170021539431 -4.6856135627593165 -5.242877681488345 -5.835949544974461 -6.465901627720205 -7.133993089912805 -7.841764049854039 -8.591116511776908 -9.384375563327163 -10.224324436053367 -11.114207124499064 -12.057692503696371 -13.05879427837442 -14.121741691818789 -15.250796763369712 -16.45001498753129 -17.722948010559513 -19.072288912447554 -20.49946347578702 -22.004174339435576 -23.58390928325127 -25.233430096687215 -26.944264442415044 -28.704229599711415 -30.497023487765507 -32.301924236735054 -34.093643837002084 -35.84238289354613 -37.514130972808864 -39.07124925970784 -40.473358362274055 -41.678533862072875 -42.644786279353305 -43.331772280159605 -43.702653196595605 -43.72598916313919 -43.37753687176704 -42.64181027441083 -41.51326959774604 -39.99702597392574 -38.10898549166719 -35.87540381245091 -33.33187478952393 -30.521826937830454 -27.494643453156442 -24.303549491104803 -21.003421664005373 -17.6486690421207 -14.291314593539717 -10.979375246864542 -7.755602599099909 -4.656609796556133 -1.7123774294125482 1.0538947896110429 3.6256418621771758 5.992554206293299 8.15002957461175 10.098518049819205 11.842815833360554 13.391355483114431 14.75553182761491 15.949095264549129 16.987638474530442 17.888199650748504 18.66900600107524 19.349386703275684 19.949896634203768 20.492714293491865 21.002415346229597 21.507287629458638 22.041463754627344 22.64833977158265 23.386092333042008 24.33673982620732 25.621396014079423 27.426734338149572 30.052536933444784 34.00060327214849 40.14870052827746 50.10891660306438 67.01067541253991 97.33039809801224 155.50144131650677 276.49946772302343 552.6639995706639 1240.1172631261836 2926.0052569432382 5014.767884771629 1.4008678523680373 -5014.79083564174 -2927.0835673230345 -1240.7551301986873 -552.9329589178421 -276.5564855920782 -155.436924458352 -97.1943153786503 -66.83314263160823 -49.910131553085876 -39.943514619933396 -33.80064511815384 -29.867204587055163 -27.263649928630507 -25.48660185380136 -24.23477413887376 -23.320016676580124 -22.619757470678792 -22.050551375780714 -21.552851730421985 -21.08198071075762 -20.602645813241338 -20.08555407071455 -19.505309324578946 -18.83912228461515 -18.06605584265597 -17.16663869853363 -16.12274511617162 -14.917676931238688 -13.536406393579448 -11.96595086287111 -10.195856158681238 -8.218766323069282 -6.031054925856871 -3.63348763962712 -1.0318785400675878 1.7623056363236245 4.7314469181625185 7.851442868638259 11.09160075678961 14.414818189560918 17.77809934291774 21.133438111937686 24.4290739354458 27.61109407634965 30.62532058506484 33.41938517244181 35.94486564161059 38.1593383249168 40.02819613573294 41.52609347369829 42.637907098512784 43.35914311906386 43.69576939100783 43.66350327324131 43.2866303132573 42.59646439489506 41.62958067182254 40.42595801532212 39.02715898278286 37.47465541178774 35.808380777585526 34.06556063665911 32.27984362529579 30.480730403436016 28.693278366146433 26.938046485022735 25.231237080079737 23.584988792900162 22.007776418432737 20.504877316986793 19.07886977285264 17.730134970125043 16.45734053873221 15.25788943737949 14.128323031780132 13.064671496224033 12.062748117233623 11.118386788077638 10.227624051938887 9.38682859979001 8.592782267410337 7.842717400107224 7.134316041935707 6.465676813313115 5.835255605839418 5.2417863656284425 4.684188254127086 4.16146537882911 3.672605047393418 3.2164801229683793 2.7917605309879523 2.396838289580039 2.029769620450761 1.6882367563852974 1.3695310342654032 1.0705577783209907 0.78786238465689 0.5176759642078199 0.25597793252840617
-0.003654753375492703 -0.2611536663577052 -0.5228738017082346 -0.7929621101110396 -1.0753827198528576 -1.3738376516836404 -1.6917015886175335 -2.031974298697392 -2.3972534509331123 -2.7897295705237024 -3.2112038136067333 -3.6631281322507814 -4.146666318414205 -4.662773387965613 -5.212289833772532 -5.7960464732453865 -6.414974941183482 -7.070218352057678 -7.7632362662583 -8.495897825947507 -9.270556774340077 -10.090102008259437 -10.957977343107883 -11.878164277219216 -12.8551217533307 -13.893677253599689 -14.998864086113173 -16.17570050424538 -17.428907447746 -18.762563331259916 -20.17969659496053 -21.681819809709346 -23.26841316522027 -24.936370251743 -26.679425205355933 -28.487587392406752 -30.346617550579545 -32.237587083995265 -34.13656914641017 -36.014515035306395 -37.83737079846028 -39.566485254907136 -41.15935038902618 -42.57069728504259 -43.753945256326254 -44.66296961009197 -45.25411705204929 -45.488361033290126 -45.333457457510384 -44.76593967968068 -43.772785645193046 -42.35260271422181 -40.51620789721877 -38.28653039363861 -35.69782384490683 -32.79423971825235 -29.627871874327028 -26.25642772400294 -22.74070763645053 -19.14207910068466 -15.52011657559138 -11.930546099634398 -8.42359162397166 -5.042774203984912 -1.8241717920819411 1.2038891483490133 4.02076584846256 6.613127427677057 8.974358043705166 11.103812955717274 13.005998810733388 14.689739670337154 16.167379388614123 17.454060800958793 18.567114159488973 19.525582454473778 20.349910848556085 21.06183272573503 21.684497990421825 22.242913891026284 22.764811350373115 23.282122415997364 23.83337870906388 24.46755742996576 25.25028862764067 26.274049569714464 27.675324655427325 29.664371840882886 32.578688953881496 36.98294168249738 43.86434500533331 55.03478799009365 74.00830246115486 108.04731916078225 173.30224975269593 308.7695378561988 616.7280455283652 1376.920301494824 3204.90642875038 5338.266996997909 3.6808413847921884 -5337.140301993201 -3207.0073737785165 -1378.5085595081625 -617.6317968759325 -309.24841275465525 -173.5333279394513 -108.13119354139866 -74.00339713587334 -54.977317006890125 -43.77840101843944 -36.88555947876537 -32.48243687742569 -29.578707584798636 -27.607319160223298 -26.22878365369452 -25.231082264061122 -24.476118801768365 -23.869922009556177 -23.345482315617616 -22.852569819988844 -22.351547507875047 -21.80954889871689 -21.19810293935931 -20.491677051133195 -19.666826498294654 -18.7017630169084 -17.576228615960865 -16.27160354600754 -14.771202402861228 -13.060725811264717 -11.12884078330989 -8.967862753337386 -6.574507915684258 -3.950676803730069 -1.1042202541355906 1.9503716187863063 5.1914263371344305 8.58976709902759 12.108688053462657 15.704296062164502 19.326271849027243 22.919076998757504 26.423597490259354 29.77917209490144 32.92590951302632 35.807157498131126 38.371956865348444 40.57729898371498 42.39001094525019 43.788119022001304 44.76158570144051 45.31237292729973 45.45384628478644 45.209593308244145 44.61177622337997 43.69917000548229 42.51504828810093 41.105073263791866 39.51532452972639 37.79057079705494 35.97285282002649 34.100410713399086 32.20695777385152 30.321278358105275 28.467110219764777 26.663261836237794 24.9239116132538 23.259037121176327 21.67492712008133 20.174735724571725 18.75904548651552 17.426413586547895 16.173882170706644 14.997439830733983 13.892426196804308 12.853875571041673 11.87679861185953 10.956403369839496 10.088258658124682 9.268403921319779 8.493410595719064 7.760400505549825 7.067027214547883 6.411426481095495 5.792142102123421 5.20803346968024 4.658171124277688 4.141726443630533 3.657861352510672 3.2056235548127976 2.7838522639145324 2.3910987392661287 2.025565124403883 1.6850641494137175 1.3670012268729437 1.0683793791466112 0.785826326337169 0.5156419873897367 0.2538636553872653
-0.005763715159590177 -0.26506564335337934 -0.5284783541070759 -0.8000495938009777 -1.0836413001757972 -1.382848804747372 -1.7009344701723883 -2.0407794665311396 -2.4048565068879313 -2.7952253481178246 -3.21355176985616 -3.6611496239336017 -4.139044451287877 -4.648056138790713 -5.188897169717821 -5.762282237669059 -6.369044355143405 -7.010252096676384 -7.687322265627072 -8.402122037223236 -9.157054493686978 -9.955121399108924 -10.799957043023388 -11.695827002280446 -12.647585731342947 -13.660587018266002 -14.740541572155207 -15.89331642750713 -17.124671553901404 -18.439930189675657 -19.843581149077032 -21.338813872098168 -22.926990503055745 -24.607063987071573 -26.374957185767986 -28.222925369236204 -30.138932956401685 -32.10608465724407 -34.10216042972869 -36.09931179905379 -38.06398251999465 -39.95711752358577 -41.734718540129556 -43.348791068062994 -44.748704261734495 -45.88295290394617 -46.7012704831915 -47.156997982509274 -47.209569607447044 -46.826940921591564 -45.98776363025525 -44.68311048822837 -42.91757683249742 -40.70963185957677 -38.09115847446254 -35.10619718208208 -31.808986390586824 -28.26145771882782 -24.530391082162595 -20.684454915183004 -16.79135061310344 -12.915250379741394 -9.114670744421183 -5.440868292252432 -1.9367880576837138 1.3634546535801206 4.43461685953217 7.259978222635688 9.830695019799052 12.144955187012307 14.207025233550219 16.026268065094662 17.616196901979464 18.99361698799673 20.177895647925936 21.190393985581757 22.054091527845543 22.793439969075457 23.434496248593284 24.0054125629241 24.537408864948596 25.066435165497225 25.635870880291733 26.300852255345397 27.13525415881879 28.243152521372217 29.778112130749435 31.976631104155828 35.218183954945914 40.13736748258445 47.84297427461448 60.368320055710356 81.65216741050196 119.82033382993862 192.89348593964695 344.1845175192154 686.3403156310643 1521.9759005256071 3482.2599387798723 5602.387096797265 5.634441931192669 -5600.071606874728 -3485.209194792116 -1524.437987780569 -687.8483744016162 -345.0732377078003 -193.4163638149311 -120.12444252891052 -81.82230441023951 -60.45566850577666 -47.88022117291568 -40.14651002696823 -35.214634501032904 -31.97143502606803 -29.779181280318312 -28.255974279809415 -27.16331859818233 -26.345929782407573 -25.698214860989665 -25.144952362810002 -24.629822421240455 -24.108431388172313 -23.54399781196559 -22.904668891845503 -22.161873156179013 -21.289359730789492 -20.262715085919147 -19.05923032658574 -17.658040443309098 -16.040484605515104 -14.190651043901603 -12.09607526277523 -9.748558741926594 -7.14506845161722 -4.288666831775423 -1.189408876451914 2.134870415884116 5.65796621134762 9.345005922622995 13.152535675349242 17.029071012726327 20.916166453859297 24.750020544446194 28.463584378002338 31.989086903485564 35.26083633109689 38.21811188062352 40.80793189738419 42.98747937046876 44.725987005045376 46.00592993170505 46.82343913707143 47.18792370662417 47.12096423053591 46.65460300811386 45.829201154141685 44.691054244037076 43.28995660794366 41.67688324295815 39.901923303844455 38.012556969050365 36.0523245231914 34.059897782360295 32.06853281418898 30.105860737001386 28.19396020252496 26.349649834966904 24.584939768577396 22.907586562679604 21.32170347902751 19.828386905414092 18.426328532038653 17.112391034087846 15.882132075019095 14.730267277471286 13.651067426344587 12.638688667069298 11.687437037648518 10.791970475262923 9.9474426639512 9.149593880538598 8.394794489826607 7.6800470229154705 7.002952941930207 6.361650267797669 5.75472828071244 5.181125482111026 4.640016933027402 4.130696939097511 3.652462813141799 3.2045050850759704 2.785809039417275 2.3950718168952445 2.0306385343138444 1.6904599567124645 1.3720732347244358 1.0726061236632223 0.7888039829417881 0.517077762034468 0.25357016251059683
-0.007714074700126972 -0.2704865485469998 -0.5372059785035965 -0.8117701272547517 -1.0978920691895322 -1.3990196313817815 -1.7182694270012622 -2.058379231544283 -2.4216815505617717 -2.810100202140786 -3.2251706295305382 -3.668083537164968 -4.139750348811644 -4.640887974592944 -5.172119480457704 -5.734086499470381 -6.32756863020334 -6.953604619747145 -7.613609828962531 -8.309484282897905 -9.043705505980547 -9.819400284145074 -10.640389463917321 -11.511199860010922 -12.437037298982379 -13.42371478003923 -14.477529724181148 -15.605084371576039 -16.813043675260598 -18.107825666785203 -19.495220409437017 -20.97993553262664 -22.565069197730686 -24.251515441034986 -26.037312399961873 -27.91695112584036 -29.880671508174526 -31.913782086808727 -33.99605162319741 -36.1012312765363 -38.196775606661454 -40.24383644537499 -42.19760364863267 -44.008058417139836 -45.62118622751798 -46.98066621481755 -48.03001252957628 -48.7150931942848 -48.986898223644104 -48.80437831865425 -48.13713683692988 -46.96773939448118 -45.29341408975984 -43.126953791214895 -40.49669818073198 -37.445559872133494 -34.029154177765975 -30.31318198538191 -26.3702864181381 -22.27664633158266 -18.10857861789472 -13.939397859625835 -9.836732530064118 -5.860431529836063 -2.0611242858903367 1.5205681852048514 4.854227599286887 7.919332176640204 10.704564772523462 13.206856036291903 15.430277258299263 17.384883912687776 19.08559349898198 20.551163684303653 21.803321582436475 22.866084531116826 23.765308527083917 24.528504590914935 25.18497827189492 25.766377864764323 26.307790754502847 26.849619417697035 27.44062624924215 28.14281082208936 29.039272700619456 30.24711178923223 31.9391228033572 34.38138996182616 38.00073329943032 43.51056987762281 52.15649107982223 66.22026413894532 90.11520391884575 132.92559148532888 214.72696323258654 383.48930760945916 762.6352560523885 1676.1558670190445 3753.466413473809 5791.045739866476 7.1684165386187715 -5787.549966899874 -3757.0363015205285 -1679.3750877232671 -764.6926381666618 -384.7595097238365 -215.52564499171143 -133.4402751824948 -90.45421795401464 -66.44827068427617 -52.31391430999821 -43.623837459692005 -38.08775253727248 -34.45455769093719 -32.007032159175886 -30.315554163156122 -29.111851847081205 -28.22134256915465 -27.52542161238658 -26.939707608724106 -26.40111511532428 -25.859983879814585 -25.275204229848747 -24.611179881461887 -23.83596074628347 -22.920153806706978 -21.83637846552955 -20.55912534773885 -19.064931774397387 -17.332817779585064 -15.34494186273161 -13.087440101808845 -10.551408523675754 -7.733978592212587 -4.639421091803264 -1.2801966521225339 2.3221455893063236 6.136332783004406 10.121113693193351 14.225495573501057 18.389562732448184 22.54592960406754 26.62182822942949 30.5417655855722 34.23061743851097 37.61696201584286 40.63640954458769 43.23466200839121 45.370047480606246 47.01531600020736 48.15855430660765 48.803164933337584 48.96694793344203 48.680407458392416 47.984469047310796 46.92782994683453 45.564172150869275 43.94944922508026 42.13941985996783 40.1875518314565 38.143367799695625 36.0512560367332 33.9497293297375 31.87108631040103 29.841411592748113 27.88084316961925 26.004035507143918 24.220752324715377 22.536531983399914 20.95337883384632 19.470444437027258 18.084672336946273 16.791388516274317 15.584826604101432 14.458582336566716 13.405995827525107 12.420463122030378 11.495680468954772 10.625826018124117 9.805684390515323 9.030719963610823 8.297104882017958 7.60170784731673 6.942049718809962 6.316231922585125 5.7228436211309575 5.160853549204258 4.62949234926846 4.128131121767797 3.6561617018837644 3.212883865401084 2.797404220289401 2.4085509439730757 2.0448077801094033 1.7042698186375826 1.3846225760094644 1.0831448059889226 0.7967343512449432 0.5219552406110495 0.25510321031818606
-0.009445784645567556 -0.27729829682909823 -0.5488806571662952 -0.8278907087810872 -1.117846899644226 -1.4220097657868802 -1.743317924980392 -2.084342308645848 -2.4472614611237287 -2.8338597019927914 -3.245548847649049 -3.68341307215192 -4.148275411409719 -4.640783429881168 -5.161510707483163 -5.711070093273873 -6.290234126550276 -6.900057629218859 -7.541997222659802 -8.218022378174705 -8.930712542334906 -9.683334843936242 -10.479896859386661 -11.325168838532962 -12.224669682373568 -13.184610784919837 -14.211791653055416 -15.313441034698338 -16.496997211482842 -17.769821272268228 -19.138837760681106 -20.610098296894932 -22.18826589413206 -23.876021020808324 -25.673395318883685 -27.577045561872904 -29.579489095212796 -31.668332646290764 -33.82553870034943 -36.02678686282612 -38.24100049060752 -40.4301194477652 -42.54920565935238 -44.54696626845944 -46.366766725309816 -47.94818064710382 -49.22908368619749 -50.1482459808944 -50.648315875543304 -50.67902332883456 -50.20037430209179 -49.18556819206277 -47.623359241666385 -45.5196067180319 -42.89781912624413 -39.798589693549324 -36.277932054513684 -32.404640220882186 -28.25689768855444 -23.91843144925687 -19.47453795882126 -15.008297339771381 -10.597244409868978 -6.310691330346785 -2.207810467744764 1.6634988882291424 5.26700920039147 8.577931873734457 11.58218847713055 14.27533374468215 16.661273886851014 18.750908330504856 20.56080156102702 22.111969075315763 23.428841301371683 24.53845464454041 25.469911745150675 26.254155950411473 26.924120743938573 27.515348583326826 28.06723413672607 28.625150905439156 29.24389821902018 29.993215109875848 30.96665911711316 32.296159703975036 34.17647232311971 36.907520207787314 40.970286231098996 47.16827102973164 56.90308782794639 72.73891855040793 99.62576791914256 147.72344737516207 239.3841240744332 427.61973690202626 846.9516559171408 1840.0776982003995 4011.4741748974225 5886.288581587706 8.227671466727315 -5881.674979870794 -4015.398159028045 -1843.9038018546316 -849.4825975614394 -429.22907100927716 -240.43203660332134 -148.4303047057489 -100.1198495145772 -73.09652785265186 -57.171373481359474 -47.37750284589559 -41.14051326050916 -37.05227693829194 -34.30490761914928 -32.41430299335768 -31.078204644798824 -30.100033411253335 -29.34639301122033 -28.722529891629378 -28.157734066791562 -27.596438417214486 -26.992696686893858 -26.306735692900318 -25.502830950165922 -24.548065669085517 -23.411711888488007 -22.065076975095188 -20.481719663356657 -18.637973801953756 -16.51373405645362 -14.093461060005197 -11.367356916793803 -8.332647741489119 -4.994890433884791 -1.3691988678132816 2.5187359618517036 6.6319720810348315 10.922132770541104 15.329844204585719 19.785893424866252 24.21315224751197 28.529240976653547 32.64982245072101 36.492332878670375 39.97988439210953 43.04502870494886 45.63306208539508 47.70458392230115 49.23709178026314 50.22549523319597 50.681543653858796 50.63227206057341 50.11765820958747 49.18774213205301 47.899481472106764 46.31360402287843 44.49167982655933 42.49357899587247 40.375418660183456 38.188042249067685 35.97602335688399 33.77714824347233 31.622306565118883 29.535708035426378 27.535341017725923 25.63359468659654 23.83797655167025 22.15186944074271 20.575284666436502 19.105579875879283 17.738120261079626 16.466870166210732 15.284908603164782 14.184866981638566 13.159290726557082 12.200928660446309 11.302955369329458 10.45913247594843 9.663915025945323 8.912509212444242 8.200887546283564 7.5257674136863795 6.884558800354101 6.27528683989409 5.696494762400528 5.14713276661527 4.626438291923662 4.1338130872436984 3.6687023230941307 3.230480741615027 2.8183504477030663 2.4312544037352612 2.0678089883219286 1.7262581273513877 1.4044505280053077 1.099840477263303 0.8095115557771315 0.5302215166369528 0.25846554583708325
-0.010883573861031337 -0.2853402745339739 -0.5632587383408438 -0.8480891242890198 -1.1431115952187376 -1.4513616537703555 -1.7755696499188733 -2.118118102792943 -2.481019587805555 -2.865916924442713 -3.274106318600367 -3.7065830235938346 -4.16410804490619 -4.647293464324909 -5.156703146362851 -5.692964927520583 -6.25688989425166 -6.849594012019455 -7.472617165902307 -8.128034573280374 -8.818555496818425 -9.547604174993673 -10.319377859989709 -11.138876765051652 -12.011900555631838 -12.945005754900206 -13.945418087406013 -15.020893387922007 -16.179520331581763 -17.42945800867812 -18.778601424275024 -20.234168591172494 -21.802204246226115 -23.486997728262015 -25.29041654023456 -27.211163001082948 -29.243969465430062 -31.378758089001256 -33.599803947489406 -35.88495506649525 -38.20497854018168 -40.523116745336814 -42.79494918735915 -44.96866059476856 -46.98581089610965 -48.782684109585084 -50.29225831808759 -51.44678707014183 -52.180915802475525 -52.43518116498702 -52.15966593079102 -51.31752005238077 -49.88802281970628 -47.86886358004949 -45.277365492211175 -42.15046723848648 -38.54340149955782 -34.527148777061534 -30.184878924766068 -25.607698877934126 -20.89008700347339 -16.125404431974744 -11.401833729935973 -6.7990160913389275 -2.385556312027859 1.7825421530037744 5.662545992297652 9.224873425806024 12.45234504722248 15.33898267367384 17.888534082506347 20.112884778598072 22.03049202901486 23.664947721209195 25.043750246718233 26.197345593539367 27.15848706085655 27.96196418316743 28.644767990750886 29.246797160471516 29.81227795560759 30.392188697891953 31.04818112644292 31.858841364726942 32.92975660597275 34.40999562418501 36.5197716289245 39.59828963024048 44.189404571626234 51.20105001151342 62.21525301037811 80.12144885384264 110.48396667918014 164.68200583782289 267.6078954256455 477.7327845626944 940.790728502625 2013.6752104584764 4245.53340996816 5868.985798733632 8.799540993109645 -5863.375286031313 -4249.5247263456195 -2017.9326320204893 -943.7033372259184 -479.62796764331017 -268.87007840941203 -165.555584553555 -111.11304976921143 -80.59190265036875 -62.579841202454745 -51.493271807319104 -44.43110988847643 -39.80396681606102 -36.69903631269733 -34.569085592708326 -33.072465020476116 -31.98712683326832 -31.162589846585043 -30.492167249640545 -29.896423255255655 -29.31307138801298 -28.690694970059383 -27.984816583317418 -27.155469137087884 -26.165772885073935 -24.98122532725411 -23.569529207594364 -21.900852581651087 -19.94845263638023 -17.689611765163704 -15.106835946592234 -12.18925510597657 -8.934145719061704 -5.348470198276445 -1.450299721028614 2.7300379547146036 7.149260086807274 11.751054438216002 16.466781171713407 21.21705567437182 25.914242845930247 30.465798444181402 34.77828810378725 38.76181497211029 42.33451006447897 45.42670147310801 47.984389760094004 49.971719147849925 51.37223937832669 52.18888505958308 52.44273647771802 52.17074683946166 51.4227085863217 50.25777632885253 48.740865155674214 46.939207205138885 44.91928785698818 42.74430902023951 40.472252913146264 38.15455478200502 35.835342720841325 33.5511691223267 31.331140482950826 29.19734761751558 27.165503367607144 25.245706076280626 23.443261393171486 21.759510002400255 20.192623032604384 18.738339253938847 17.390628289559174 16.14227192354156 14.985361350703107 13.911712215992077 12.913201859364175 11.982034670660058 11.110942169978433 10.293324611342912 9.523340771994127 8.795952286740349 8.106928532485291 7.452817737143569 6.830889720689237 6.239055499475121 5.67576888139909 5.139915139893425 4.630691834488498 4.147486812279277 3.689758327101167 3.2569220170386437 2.84824915074422 2.4627800682719414 2.0992560911137215 1.7560723748366591 1.4312532382187992 1.1224504674356428 0.8269640057945171 0.5417833624365986 0.26364704473480494
-0.011945608793251239 -0.29441333506796674 -0.5800281223922177 -0.8719482512253851 -1.1731753083144003 -1.4864851323104222 -1.814372333047709 -2.159011871295524 -2.522240323786784 -2.9055584699921866 -3.3101558018211463 -3.73695650838779 -4.186685502279852 -4.6599521596291105 -5.15734868888007 -5.679559439177861 -6.227477019047356 -6.802320801130302 -7.405753234672741 -8.03998931959371 -8.707894593388277 -9.413066985930474 -10.15989786939786 -10.953607529780584 -11.800250076920982 -12.706682481021803 -13.68049196419696 -14.729875419756677 -15.863463925803455 -17.09008486433017 -18.418453784505296 -19.856788177995686 -21.412336003001908 -23.090813476306092 -24.895749717255832 -26.827740744727045 -28.883622540921138 -31.055582779547784 -33.33024356755754 -35.68776303353616 -38.10102114005564 -40.53497333125877 -42.946272305059985 -45.283270089124805 -47.48651573232454 -49.48985380330617 -51.2222014630348 -52.61003438802092 -53.580544337785696 -54.065347601861546 -54.004532633991076 -53.35075004255785 -52.07298490435441 -50.15962627049397 -47.62047400984404 -44.48740329635825 -40.81353602397808 -36.67092944856787 -32.146960347940734 -27.339730032016618 -22.352916974073267 -17.290544202310798 -12.25210455914727 -7.328407704996209 -2.598396463664443 1.8729508085613134 6.035639241712687 9.854706360847842 13.309478435754585 16.392246978762515 19.106583373069697 21.465492517149798 23.48957574835442 25.20533754173826 26.643736662532724 27.83905579358592 28.828148171848866 29.65011864931366 30.346513865011637 30.962137945715895 31.54668769496105 32.157535352066446 32.864216585366535 33.75557972227217 34.951260103515125 36.62043808442039 39.01328454896991 42.51528079132871 47.74432061327882 55.73110759370392 68.26910116015439 88.62705856562901 123.08041031822147 184.40305527357535 300.3333206670078 535.2157400010404 1045.6679322747052 2195.391178381225 4439.511499214852 5720.408995580826 8.91434396478985 -5713.980531493092 -4443.285723149337 -2199.8890019431446 -1048.859770560444 -537.3362877396293 -301.7691545039114 -185.41299211888406 -123.81994922660455 -89.18943302020254 -68.71155053279621 -56.08975825812434 -48.04251162207063 -42.768307039393605 -39.23117683004129 -36.809647093751785 -35.11571478944209 -33.89738105685325 -32.984115344154574 -32.25528049238591 -31.62129677760639 -31.0121205862135 -30.37006687287125 -29.64530388902098 -28.793059239449192 -27.771976238972762 -26.543290064733327 -25.070627909418164 -23.32031519440836 -21.262111960931307 -18.870321057784523 -16.12520896222769 -13.014665014363658 -9.53599873215083 -5.6977417556502985 -1.5212859913837917 2.9578402429475403 7.6892726206345685 12.607896448955103 17.634890896554012 22.679836449173152 27.643890059607656 32.423909907732806 36.91728285474927 41.02709365623625 44.66719795263252 47.766738742009984 50.27368723425241 52.15709025777393 53.407852105751275 54.03804457134953 54.078897184459684 53.57774588432562 52.5942960970216 51.19657980475978 49.45696035352886 47.44847573337818 45.24172692375927 42.90242844741776 40.48965644462221 38.054763719422844 35.640885082838246 33.282929821437655 31.007948494801152 28.835764459744784 26.77977217696137 24.84782054987339 23.043117226035914 21.36510675864317 19.810290505909226 18.372968512136154 17.045893231074082 15.820832039769028 14.689040370249872 13.641650414686346 12.669982125941281 11.76578403291717 10.921411523439062 10.129949972463859 9.38528960485907 8.682158416177254 8.016118935647576 7.383534158904581 6.781507636349771 6.207802485845848 5.660743983895156 5.139110358545196 4.642016414743155 4.168794621656202 3.718878244045598 3.2916909528901694 2.886547076358381 2.502566227282621 2.138605450570097 1.7932112898288999 1.464593287267002 1.1506194458266172 0.8488331382960901 0.5564899053411843 0.2706115914685725
-0.012554595466562901 -0.304287874357545 -0.5988130210632381 -0.8989572193474071 -1.207407827967799 -1.5266505794708785 -1.85892049654246 -2.206168794016694 -2.570048212029441 -2.9519182943171796 -3.3528711462471605 -3.773777228571751 -4.2153498224406505 -4.678225979865003 -5.163061083441889 -5.670633598071628 -6.201956212769089 -6.758389325514091 -7.3417527020080975 -7.954431102511483 -8.59946967832148 -9.280654948730648 -10.002577134425316 -10.770669494975515 -11.59122008129898 -12.471350916342105 -13.418959078470571 -14.442613476567667 -15.551400316083651 -16.75470944257698 -18.061953023964517 -19.482207578422493 -21.023770425302455 -22.693622531355928 -24.496791908683868 -26.43561561082641 -28.508904572179805 -30.711024519903816 -33.03091839227612 -35.45111127900346 -37.94675755457888 -40.48481064089726 -43.02341676529986 -45.511652230241225 -47.88973483813796 -50.08983928796562 -52.03762813241308 -53.65456979332439 -54.86105078041259 -55.58020220739035 -55.742257756858926 -55.28915405690782 -54.17899275724558 -52.38992651745544 -49.92302710564278 -46.80375414665594 -43.08176800787322 -38.82900592616423 -34.136140947400584 -29.107734694768794 -23.856544132536683 -18.497523871747745 -13.142068002123253 -7.892963764026817 -2.8404023709516224 1.9407633717971606 6.392481033081765 10.473779919646375 14.160067612714045 17.441691241479873 20.32202753667889 22.815349779117255 24.94468436065045 26.739825839450226 28.23563657396111 29.470722262194826 30.486553310464792 31.32709792449173 32.03905076934355 32.67278791579287 33.28426723591793 33.938247107911934 34.71345914522583 35.710826408634766 37.06662669956451 38.97397631460464 41.71879128832323 45.741811508173136 51.74927372956439 60.91804967611747 75.29237360393903 98.58823458703813 137.91165732400577 207.64064735814324 338.6972194291815 601.6255261369396 1162.7238479949308 2380.6992889042 4569.877170346039 5425.186295592823 8.641784256440133 -5418.166988617301 -4573.1778801262735 -2385.2433355107646 -1166.0887433852185 -603.9083634425468 -340.2638039599981 -208.75430171698295 -138.73479070494076 -99.21928968597226 -75.79198189921144 -61.32441861825599 -52.086971537992355 -46.02683836754995 -41.96158130595151 -39.181230720832794 -37.24247314533802 -35.857581229148394 -34.83215094674641 -34.02899424622241 -33.34656434492267 -32.70573483233896 -32.041544176988346 -31.297997973709357 -30.424832442714767 -29.37560002290507 -28.106701884693663 -26.57714639998865 -24.74890148025377 -22.587755791017017 -20.064622059203785 -17.1572119384944 -13.851990871840414 -10.146287167227541 -6.050387298861537 -1.5894063953592052 3.1953117613170434 8.245526160246541 13.486407353076046 18.828015724112745 24.168045768835356 29.39580052166768 34.397205770506645 39.06052004214455 43.282271394824434 46.972882333347066 50.061447861078356 52.49921357174614 54.26144920736675 55.347603063662376 55.779820741852504 55.60008480612222 54.866354279616836 53.64814130283335 52.02195708473134 50.06700196253044 47.86138333890521 45.47904031452887 42.98745250280955 40.44612506563405 37.90577910256165 35.40813743866944 32.9861782683305 30.664728425051635 28.46127905503093 26.386924191608152 24.4473431646397 22.64376798862766 20.973895051921016 19.432715613919413 18.013251559875556 16.707191701770263 15.505430051667156 14.398511436154726 13.37699206229781 12.431723653987813 11.554069942884547 10.736063927858085 9.970513655655488 9.251063497284218 8.572217122240211 7.929327687583587 7.31856020490973 6.736830648484959 6.181726111104124 5.651410190363748 5.144517751076716 4.66004323376068 4.197226697458811 3.7554417727025946 3.3340895946532 2.9325025648407888 2.5498614217533966 2.1851285733853754 1.8369999692047223 1.5038769694764031 1.1838587573387294 0.8747548534282501 0.5741163131223193 0.279283237989425
-0.012648948953808414 -0.31471405554595044 -0.6191828699386726 -0.9285185688889808 -1.2450644790074072 -1.570990992609822 -1.9082541022497068 -2.258568542246042 -2.6233977581013868 -3.0039620740551776 -3.40126552202058 -3.8161409099879418 -4.2493118711306455 -4.701469897274713 -5.173363750327065 -5.665898172403372 -6.180238483886047 -6.717917461450673 -7.28094078981667 -7.871887361219354 -8.494000704972748 -9.151267828950148 -9.84848169792496 -10.591283419821295 -11.38617992654134 -12.240532490235267 -13.162510798341852 -14.161006519041175 -15.245499352453118 -16.42586753206443 -17.712133718381235 -19.1141363583893 -20.6411160984013 -22.301207035491377 -24.100823883487497 -26.043939013376537 -28.131248409313248 -30.359233484967827 -32.719137060631674 -35.195887024238594 -37.767020401466844 -40.40168314019543 -43.059805484286784 -45.691576584974136 -48.237361032315015 -50.628208724072806 -52.78710170434353 -54.63105094166254 -56.0740977252161 -57.031187256746385 -57.422770350115115 -57.17986420272769 -56.24918322248096 -54.59785936686945 -52.217232478066755 -49.125223866299805 -45.36691854927444 -41.013164872962804 -36.157229539903746 -30.909783649981648 -25.392698611979014 -19.73226318977339 -14.05247244519181 -8.468984042897532 -3.084204341421426 2.0162134935741705 6.765368983971953 11.115692907104346 15.038316175939315 18.521518239413837 21.56857187771699 24.195288198489706 26.427525407539676 28.29887193284808 29.848660839362218 31.1204279846633 32.160897667288246 33.01957196871097 33.7490187011813 34.406006019072066 35.053733480254756 35.765586627451995 36.631145427694634 37.765701516980776 39.32546803220305 41.53235811312772 44.715390361438345 49.381971457265195 56.3448074437356 66.95646459317084 83.56123196073372 110.40627105318944 155.57223686317178 235.28056421532543 383.9696647525459 678.4361099343083 1291.809575739764 2559.5079588234703 4603.980822451241 4976.151503408843 8.083053742282686 -4968.792240363413 -4606.605521681928 -2563.91568944883 -1295.2464796271101 -680.8217113884085 -385.6262952498546 -236.4664250491262 -156.452499434776 -111.08269234177958 -84.09693873417056 -67.3913295475459 -56.7044604292044 -49.6830840079987 -44.96883830371612 -41.74516886504165 -39.502059568117254 -37.908699656004075 -36.74194444218681 -35.84474994949183 -35.101292312749166 -34.42169086710578 -33.73244526978514 -32.97039458658446 -32.078938258166545 -31.005785301876365 -29.701802494397356 -28.12071019110629 -26.2194766221846 -23.959314831651923 -21.307205398812812 -18.237860703438358 -14.736018061221046 -10.798904902671325 -6.438665998871329 -1.6844902398016615 3.415865151019659 8.795467580116068 14.368805773745663 20.03379851794662 25.675294271643168 31.169969311495294 36.39234145133674 41.22143787843591 45.547524582985055 49.27825133784758 52.34360710332009 54.69921349465778 56.32768667359844 57.23803383110848 57.463277341147645 57.05668024527544 56.08705641819256 54.63367983665312 52.78126769559188 50.615420849868805 48.21878618811892 45.66808217821183 43.03201885280661 40.370057875476206 37.73190119489955 35.15756676272574 32.67790223627998 30.315396184091846 28.08516495338531 25.99601666845641 24.051517841332526 22.25101023160314 20.590544399597675 19.063711382849736 17.662365135988484 16.377236220730257 15.1984423611784 14.11590440141247 13.119677607517643 12.200208528252986 11.34852722461721 10.556383865127916 9.816337693525078 9.121805359647572 8.467074662099616 7.847288952921305 7.258406817156615 6.697141187098632 6.1608817571856545 5.647604414034113 5.155771349434346 4.684225537529008 4.232083289481547 3.7986285987623436 3.383212920698986 2.985163850842687 2.60370585601688 2.2378957566215885 1.8865750550434157 1.5483404770810782 1.2215332570131299 0.9042468049802466 0.5943514859685362 0.2895343720099586
-0.012191923369764268 -0.32543238315030365 -0.6406639636724609 -0.9599604025378738 -1.285298098548937 -1.618512967953567 -1.961267605140593 -2.3150313961817215 -2.6810755506045947 -3.060484253407658 -3.454182339094336 -3.862979104879427 -4.287627149736073 -4.728894485018786 -5.187647639224302 -5.664943077814399 -6.162123986804824 -6.680919304361543 -7.223541811913758 -7.79278207731382 -8.392095043106007 -9.025676029166817 -9.698522836550927 -10.41648044565524 -11.18626447689952 -12.015459086479607 -12.912484286164982 -13.886526798638497 -14.947427498018527 -16.105517272632234 -17.371391859418438 -18.75561495405102 -20.26833788687614 -21.91882365032066 -23.714863439213694 -25.662075639131807 -27.763080977998843 -30.01655409704873 -32.41616186362539 -34.94941310447142 -37.59646353580836 -40.32894355114447 -43.108904301836226 -45.88800708815288 -48.6071087589468 -51.196415975116594 -53.57638665239417 -55.6595392842274 -57.35328246154303 -58.56379272052514 -59.20084930618685 -59.18338836893522 -58.44538489252482 -56.94153549232972 -54.65213102108901 -51.586504141982736 -47.78453154119511 -43.315862300321584 -38.276809346768914 -32.7851359747644 -26.97324032794768 -20.980435753417126 -14.945109431137027 -8.997504840806414 -3.2537314731229117 2.188606644946134 7.253008673711037 11.884965009905102 16.051370061802572 19.738800443098725 22.951041367162972 25.706232804489915 28.033959620028526 29.97254460899601 31.56673626670159 32.865926639398246 33.92299740569982 34.793880886372364 35.53794303063906 36.21935659484876 36.90975116847017 37.692632956001226 38.67041964663365 39.97554391073077 41.78815336392194 44.36488729996135 48.0868709308524 53.54216415466073 61.67215900709566 74.04118181477237 93.3532429940076 124.4864026905179 176.6602356206326 268.1866130309973 437.25205308148713 766.3015660673444 1429.4830995797713 2711.9722472231797 4500.523144098167 4381.248747530435 7.358897177027757 -4373.782243746688 -4502.34174619375 -2716.090558084989 -1432.9085979909628 -768.7432172009555 -438.9670205148466 -269.4193446822429 -177.57540736844655 -125.18783005564637 -93.90607387544935 -74.48681242409715 -62.037292520691345 -53.84422954692436 -48.337307298491616 -44.571183917203605 -41.95515557911644 -40.1063172299887 -38.76684176363554 -37.7558135944156 -36.940339538826805 -36.21777266117565 -35.50455475843428 -34.72914119885484 -33.82754948384914 -32.74068311114764 -31.412936004899805 -29.79178983659292 -27.828235437397097 -25.477910950666427 -22.702869823065797 -19.47388026727559 -15.773120476483271 -11.597077234855035 -6.959388277767431 -1.89330346263894 3.5466073694934153 9.283882493233975 15.221071980180412 21.242348917667186 27.21788862031893 33.009856583836594 38.479609765387224 43.495505806636636 47.94057565264076 51.71928190076169 54.76267266032675 57.03143725706905 58.516640257235686 59.23820262332846 59.241460028593984 58.5923160245283 57.37159904153355 55.66922675714236 53.578697330562974 51.19229334477726 48.5972323362227 45.87285401590923 43.088816764036416 40.304193054181425 37.56730574081435 34.91612961275536 32.37908772443454 29.976091659192903 27.71970192648465 25.616313725592143 23.66730061581307 21.870072164746343 20.219020550697255 18.706345327821328 17.32275563002164 16.058055665440772 14.901623208841418 13.842792675708981 12.871154813980933 11.97678462754259 11.150408179559923 10.383517714812607 9.668443261184878 8.998387654527983 8.367430859538837 7.770508559121758 7.203369288893979 6.662513885166144 6.145120683362926 5.648959717650115 5.17229909971384 4.7138067483021295 4.272450665067096 3.847400958966185 3.437936771435446 3.043361114587473 2.6629263808308767 2.2957728977024416 1.9408823863598101 1.5970475475712842 1.262858268552547 0.9367041536323395 0.6167922721422858 0.30117824337039245
-0.011177256120653567 -0.3361833076775955 -0.6627526636571179 -0.9925525920828626 -1.3271774078849052 -1.6681162025267149 -2.0167293813178055 -2.374236271451835 -2.7417154798492493 -3.1201190266960666 -3.5103006001635517 -3.9130576153745267 -4.329186145710651 -4.759547266838249 -5.205142918737193 -5.6671990680090545 -6.1472537335216515 -6.647247307974835 -7.169612548236781 -7.717361584113069 -8.294167281442387 -8.904436241210512 -9.553370604898358 -10.247015609221588 -10.99228947590347 -11.796991690298242 -12.669785003775468 -13.620145564477436 -14.65827443720674 -15.794962435523862 -17.041398692634463 -18.408911826640477 -19.90863105642511 -21.551053408059015 -23.345502535127014 -25.299465132527786 -27.417792998029043 -29.701763297173 -32.14799734830187 -34.74725027481029 -37.483101091204674 -40.33059589225507 -43.254925991860205 -46.2102572444989 -49.1388640954038 -51.97075770464243 -54.624024772520485 -57.0061028105906 -59.016196552352795 -60.54897700100703 -61.499589702775914 -61.76983088665988 -61.275140610805856 -59.95183977863139 -57.763848634695414 -54.70802325272306 -50.81728339656699 -46.16090536932127 -40.84170190780334 -34.99024826760788 -28.756748209533 -22.301468731935614 -15.78483643619677 -9.358255913545221 -3.1565061858618293 2.707742235790178 8.147093183028531 13.100387146174342 17.531802488486292 21.428568353876187 24.797800467890596 27.662938136989723 30.060184811171453 32.035260565503876 33.64068417543109 34.93372964986641 35.975156043304146 36.82879655150462 37.56211883395366 38.247942885472064 38.96764408787057 39.81641215751175 40.91154975219613 42.40550374686958 44.506571429536734 47.512486822696154 51.86632005284686 58.25227963554891 67.76529029292932 82.22189633680487 104.75225707290647 140.9732543066988 201.40783668869065 306.64966538352155 498.54633351706474 863.1920503426383 1564.9942486563439 2803.0647432607657 4216.524823005408 3671.445508886393 6.59441697614227 -3664.0302944282153 -4217.474148885536 -2806.7860373252884 -1568.360466482197 -865.6715065875708 -500.30907450508084 -307.9191607982612 -202.3466905025939 -141.68739139863607 -105.30926309190835 -82.66513231099059 -68.12292481042759 -58.54283794854531 -52.1021001282973 -47.7017021107784 -44.654730720314895 -42.516326456718545 -40.98759148220665 -39.85950402369376 -38.979207606058 -38.22921768465104 -37.51432577895564 -36.7532503209711 -35.873336122564936 -34.80731633953571 -33.491565111556376 -31.865513612876484 -29.872044077245974 -27.458751176387963 -24.57998585133403 -21.199583080715456 -17.29412752943915 -12.856536030687593 -7.899642845430321 -2.4593778084458506 3.4029491041920323 9.599773750457175 16.018288253665247 22.523671940746226 28.964642384821104 35.18111098149923 41.01338172080915 46.3120251733784 50.947367814808686 54.81751760847864 57.854020933403305 60.024583556761435 61.33271713207211 61.814598701404044 61.53376622348716 60.574463775520115 59.034482350663886 57.01824208184991 54.63067691532375 51.9722665964828 49.13535674527347 46.201743600420286 43.24138711927938 40.31205307092 37.45966309667392 34.719139533859746 32.11555783524278 29.665454097041465 27.37817169727319 25.257164899360472 23.301206137306682 21.505466699151683 19.862457745065328 18.362830706373007 16.996044002700604 15.750907628691301 14.616019376318123 13.580107010921216 12.632290184734218 11.76227471954283 10.960490414263502 10.218181982547536 9.527461223473033 8.881327175326303 8.273659840725145 7.699192121120024 7.1534638602333 6.632761355142014 6.134045328791693 5.6548701388869915 5.193296891140564 4.747803093977376 4.317191494658257 3.9005007404913083 3.4969204694734746 3.1057133299594586 2.7261462253846958 2.357432771882273 1.9986885331080284 1.6489000678177046 1.3069082143324362 0.9714053626042052 0.6409457786571426 0.3139673780794272
-0.009630759391088262 -0.3467151965397264 -0.6849294394828398 -1.02552625872665 -1.3697109990518097 -1.7186207884778426 -2.073310913971449 -2.434750214542758 -2.8038268630892205 -3.1813653821122223 -3.5681551963728797 -3.964990492352216 -4.372720676771857 -4.792310307394354 -5.224907036083248 -5.671915858015408 -6.1350777894964015 -6.616551000999671 -7.1189923771941555 -7.645637446843656 -8.2003765904054 -8.787825358042012 -9.413386592853623 -10.083301813569866 -10.804688947467778 -11.585562980810925 -12.434835397563958 -13.362287376030846 -14.378510598472838 -15.494808199401078 -16.723046847746115 -18.07544926773579 -19.564314742202896 -21.201653445134802 -22.99871903163969 -24.96542308158711 -27.109615164530585 -29.43621399281726 -31.946179032716902 -34.63531881354509 -37.492942868464496 -40.500379715916466 -43.62940448397578 -46.84064766304008 -50.08209198427149 -53.28780812717149 -56.377131791260915 -59.25454227123872 -61.810559561981115 -63.92401882567622 -65.46608258263475 -66.30627513851906 -66.32062864361465 -65.40168594540319 -63.469623237337736 -60.48321606400453 -56.44893266026685 -51.42629997122228 -45.52801170293996 -38.91406139424625 -31.780321202399264 -24.343126500179224 -16.822210914924085 -9.424531455906049 -2.3311102213074975 4.311813807857945 10.396988818577313 15.856191300347433 20.65709854967679 24.798169060513686 28.302629838670157 31.212441302317373 33.58283595421341 35.47777748075909 36.96649896742343 38.121162155584365 39.01562875427089 39.725341139993375 40.328367180002545 40.907777116392374 41.555705902358575 42.37975367253011 43.51286830357903 45.128686396700424 47.46576531823532 50.866766633941296 55.843540198470265 63.18843594123713 74.17072761209286 90.89490029885238 116.97706662597173 158.8663397671275 228.50470894120218 348.76867244670314 564.341695196564 960.3517908900549 1673.7597737932042 2780.241429001329 3727.790100783643 2905.987814017905 5.902014321250704 -2898.6547720231215 -3727.8200923230997 -2783.4960162483567 -1677.0732141335463 -962.9056470807029 -566.1867639982044 -350.09916447445664 -229.4816546443213 -159.60012211497343 -117.53990981732353 -91.33382405530854 -74.51661414121347 -63.46183554217788 -56.05832580630299 -51.032455690904754 -47.589025412402286 -45.21433596832214 -43.56455742861254 -42.40043495846724 -41.547960494234815 -40.87403411890733 -40.27103870845483 -39.64688599803701 -38.91855317350146 -38.00796490451397 -36.839570166709024 -35.339264893350375 -33.434499484616964 -31.05552389571109 -28.1377799814031 -24.62545274489969 -20.476133612499225 -15.666420460602737 -10.19807834346409 -4.1041250767737125 2.546070049964655 9.643800840875016 17.041326113824695 24.556409799556533 31.981499277415892 39.09711002115124 45.68804310787655 51.56028065234075 56.556058859347225 60.564869387831344 63.52894493919958 65.44290275383169 66.3483059167902 66.32465893815275 65.47863723636027 63.93319757213689 61.81778685691253 59.2603506578504 56.381384986943225 53.28994938885945 50.08137358685438 46.83631610335359 43.62083191811639 40.487143260429235 37.47485969008979 34.61244751464032 31.918797854825208 29.40478502406585 27.07474181509073 24.92780612306733 22.959114755207455 21.160836079765627 19.52304421676411 18.03444466656104 16.682965417313678 15.45622949666453 14.341925235264451 13.328089784174768 12.403320078210877 11.556923766934402 10.779020890034351 10.060605376585041 9.393573903325736 8.770728294257845 8.185756505450502 7.6331963196230035 7.108385152866381 6.607398846647516 6.126981943747056 5.6644717110032605 5.217718038802444 4.78500128914261 4.364950144675195 3.9564615050124985 3.5586244417940005 3.170650148263121 2.7918096644885537 2.4213809258977204 2.058606353834147 1.70266179433054 1.3526371246264102 1.0075283103261334 0.6662401426604792 0.3275983438277841
-0.007608161776140321 -0.35679066214377997 -0.7066734187699542 -1.0580958992245648 -1.411876043492244 -1.7688011985650398 -2.1296244942292653 -2.495068070845763 -2.865834217549157 -3.2426250880812635 -3.626171266031264 -4.017269064718887 -4.416826104661764 -4.825914413706389 -5.245830062591272 -5.678158173980652 -6.124842027861455 -6.588254907716751 -7.07127329231283 -7.577349954183132 -8.110585480240461 -8.675796641126054 -9.278579896489502 -9.925368102315923 -10.623478171141176 -11.381147003144964 -12.207552442312085 -13.112815304369695 -14.107977663821158 -15.204951584902592 -16.416431347441584 -17.755761007655774 -19.236747903592157 -20.873411593934215 -22.679656833285986 -24.668858721641485 -26.85334828498198 -29.243787522484908 -31.848424312209687 -34.672219040399185 -37.71583537446554 -40.97448553054827 -44.43661315031599 -48.0823817802678 -51.88191243286511 -55.79318219585794 -59.7594690917691 -63.706232651083994 -67.53740195616142 -71.13126736050911 -74.33660130728548 -76.97028218571322 -78.818456833587 -79.64385503094195 -79.20177271514727 -77.26593855342578 -73.66273989258154 -68.30858554462971 -61.24186989179492 -52.63988465497249 -42.813396710981166 -32.17724619940299 -21.20223820109679 -10.358970365347275 -0.06590757776869793 9.348375145377119 17.66388323077628 24.769354763627405 30.64836982943575 35.35760617366712 39.00307524994595 41.71858487231006 43.648743303386084 44.93717450321455 45.71953669484152 46.12042695293361 46.25317499455939 46.22170747459187 46.12396598524082 46.05671408342005 46.121956108291506 46.435654016612204 47.14006936086257 48.42206054787912 50.54137686539839 53.87605228012404 58.997680256176466 66.80017480673594 78.72678804037969 97.18242633086848 126.30382552970775 173.43199280483444 251.95772748953252 386.70884682183936 623.1060519029529 1036.784038230305 1713.682902258533 2589.9045016412 3066.162593508146 2167.4938922596707 5.364554541529287 -2160.1282577832135 -3065.130637963591 -2592.5693702201256 -1716.9836036709007 -1039.530980065857 -625.1553290354427 -388.199956782318 -253.0478665081926 -174.24028710483097 -126.91207254770909 -97.6453842899505 -79.08115253593806 -67.07085200289508 -59.20191925245177 -54.0261414725407 -50.64642161138888 -48.489175359964776 -47.175188958883396 -46.444084165750965 -46.10873284013994 -46.02680644510748 -46.082336175419236 -46.17322999792339 -46.202411766129714 -46.07125878605345 -45.674665703705486 -44.89753786701911 -43.61291755116348 -41.68230735817957 -38.95905538497502 -35.295824225700656 -30.5570376480091 -24.636614473401153 -17.48013315222785 -9.108861972633164 0.3588342540350453 10.694665172170659 21.562238474963635 32.537640265584145 43.148718121006624 52.92761077281938 61.46632428170484 68.46320105336368 73.75018618729356 77.2963150673256 79.18961597428442 79.60491040482687 78.76701043081802 76.9174847920917 74.28983371433162 71.0943300539979 67.51120367094465 63.68967077812204 59.750280044952305 55.788638370013466 51.87932283357899 48.07940512076225 44.43141786486526 40.965798434682284 37.70291748991683 34.65479952690087 31.82661492822314 29.217992586968997 26.824179248134403 24.63705825215656 22.646034511356604 20.838791532851314 19.20192760356737 17.721480242574895 16.383349684936377 15.173633156856381 14.078881909283247 13.086292574461533 12.183843536296424 11.360385876308943 10.605697210087083 9.910505491397824 9.266488698133623 8.666255282913093 8.103309385100731 7.572004068547855 7.067485264882212 6.58562865817891 6.122971418660583 5.676640474934214 5.244278875481401 4.823971715612885 4.414173068796323 4.013635343899091 3.621342457491572 3.2364481568014636 2.858220721763116 2.485995111719541 2.1191333914050148 1.7569939723849348 1.3989098571065561 1.0441756778134526 0.6920429143253415 0.34172227164952496
-0.005190189571457893 -0.3661917241348789 -0.7274773872534279 -1.0894835775865364 -1.4526506470702305 -1.8174254486369446 -2.18426756522061 -2.5536601886155808 -2.9261263918256564 -3.302251294217129 -3.6827103762626656 -4.06830396300184 -4.459997696533158 -4.858968636948235 -5.266656500625411 -5.684819442582922 -6.115593716892187 -6.561556503265065 -7.025791144155136 -7.511953998620147 -8.024342065903744 -8.567960452764423 -9.148588653275501 -9.772844463694641 -10.44824417299639 -11.183257449133288 -11.98735510181459 -12.871047659068768 -13.845912499986511 -14.92460721121358 -16.12086700016252 -17.449484590371792 -18.926272318312527 -20.568008537006353 -22.39237441758912 -24.41789348557266 -26.66389545632419 -29.150538763896282 -31.89894284577055 -34.93150085959184 -38.27246281724483 -41.94889072158148 -45.9920762964372 -50.439452387704975 -55.33687933998221 -60.740888396602074 -66.71994353473653 -73.35298097572273 -80.7224110806759 -88.89760992199402 -97.90421965868656 -107.67534890238738 -117.98452074407439 -128.3683994429463 -138.05994979094294 -145.966274181335 -150.73161551116598 -150.91381063058407 -145.2655151792914 -133.05850062697465 -114.34707415991952 -90.06663264408132 -61.916438170612764 -32.05781571779198 -2.725388410507179 24.132937797318732 47.10159556253757 65.39583587791498 78.82819125967444 87.6859747896308 92.5697549401594 94.23479095143072 93.4623493466269 90.97210934728928 87.37464190637922 83.15586597316127 78.68304833432482 74.22282786917478 69.96422427619997 66.04238863467948 62.56129319297976 59.61547914494325 57.312552883788115 55.799725915517406 55.299921366787075 56.16675955084194 58.974721555422605 64.67404484481686 74.86525539315281 92.2964957971395 121.77586361933112 171.84039146627583 257.7040224385063 405.8955073986992 659.0534571928952 1070.465891310164 1653.750677531125 2238.99782364537 2349.029823348907 1537.2710096333362 5.021448071573786 -1529.6666738074548 -2346.6413438255527 -2240.674304000727 -1656.9082850207017 -1073.5241011823414 -661.5230259897942 -407.7712705799352 -259.10630293777933 -172.8904890352978 -122.56799288506315 -92.89846450148076 -75.32497597455556 -65.0256721073239 -59.243288172661224 -56.37147246982277 -55.45648488418653 -55.92199563780209 -57.41372279833179 -59.70891379706522 -62.66104505837866 -66.16337910929637 -70.12201430001141 -74.43286122740922 -78.95922869272098 -83.50834602900647 -87.80678908223649 -91.47680406443648 -94.01808692195424 -94.80248467828467 -93.09157677646063 -88.0878252326589 -79.02717631978362 -65.31318085936988 -46.67968916447052 -23.353022279533064 3.8301508714333465 33.399472624182636 63.363119742163576 91.46642387525716 115.55899024701333 133.98111412793233 145.8540634672012 151.18108658309202 150.73441645141904 145.7841938940696 137.7745192297386 128.0482363456592 117.67834252997655 107.41160758413581 97.69472606847795 88.74260611729578 80.61537698030641 73.28436436545793 66.67965204920856 60.719723425914914 55.32720375003297 50.43536944236093 45.98933352751189 41.944653357044444 38.26504493786964 34.92010268833723 31.883417234668254 29.131195102599094 26.641341298372367 24.392910390371448 22.365823117226622 20.540758346286463 18.8991501346376 17.42323945495054 16.096146877881967 14.90194526983679 13.825720719635726 12.853616053410954 11.972855207142974 11.171749032847789 10.439684347437472 9.767098570930276 9.145442426506389 8.567133060281561 8.02549971319233 7.514723811883339 7.029775080503731 6.566345043497179 6.120779096165929 5.690008169186855 5.271480908596304 4.86309722351308 4.463144008951536 4.070233825759217 3.6832472922643245 3.3012799056231223 2.9235939475347195 2.549576032475631 2.1787007189788543 1.8105004260893232 1.4445416784669707 1.080407461127031 0.7176852066848038 0.3559596818403232
-0.002476236296011791 -0.37472449667230734 -0.746863246691154 -1.1189444989068154 -1.4910485141128582 -1.8632974987475848 -2.2358712500913924 -2.6090252825483606 -2.983111876461164 -3.358604395398146 -3.736125126376777 -4.116476816706793 -4.500678013269477 -4.890002253693515 -5.286021120061157 -5.690651132254088 -6.106204430815776 -6.535443171820088 -6.981637528865603 -7.448627158798127 -7.940885951533971 -8.463589847011454 -9.022687475276902 -9.624973384118052 -10.278163682078123 -10.990974093635364 -11.773200776909464 -12.635804885046397 -13.591002967871246 -14.652367160134515 -15.834942150310116 -17.155390828087963 -18.6321883357431 -20.285896579051165 -22.139570519261742 -24.2193773672264 -26.555555468351088 -29.183908893597454 -32.14813746948653 -35.50345495935026 -39.32216945932709 -43.702211552599785 -48.78001637234952 -54.749696492131235 -61.89103167079324 -70.60927082573221 -81.48964581771168 -95.36787495571186 -113.41293771792493 -137.20688670043833 -168.78398140646843 -210.55387275456638 -264.98300880747115 -333.8664875631458 -417.0503804751746 -510.6701528003299 -605.4496839224654 -686.2509039681619 -734.3302459883461 -732.8037310983149 -673.4953068152194 -561.2781880477513 -412.72217704019454 -249.5784210173113 -91.16189147679421 50.184012851275384 169.23500108987355 265.25870736641366 339.1251169591314 391.7336133896754 423.89446581832857 436.9160832322194 433.08537365536637 415.6575670560869 388.4248803589507 355.14389696139403 319.0703204143652 282.71235033964 247.79179715251232 215.34295585668772 185.87433106832307 159.5401117646844 136.29496185940226 116.02712080135191 98.67965614522411 84.38097646379816 73.6179700392725 67.50353647848151 68.21998283681019 79.76272999579592 109.14997860965947 168.22501289927237 275.7897425463884 458.3585458198147 744.0585447635706 1138.292939169323 1571.9810075045614 1852.6042860517578 1719.5005233184445 1048.5243669404908 4.860711310534782 -1040.5112557322482 -1715.5181014770092 -1852.6107588470352 -1574.3198445022522 -1141.3183953150362 -746.8858118638066 -460.7124809101881 -277.6737564205689 -169.72347965046984 -110.3520995988827 -80.74292654547399 -69.03747922664571 -68.20668188979084 -74.24891522576083 -84.97974885094628 -99.28761786142992 -116.68992141354195 -137.06497837189247 -160.47814692720763 -187.0500458581681 -216.8331629710707 -249.67541496241807 -285.06067188867945 -321.931622370446 -358.52270306378387 -392.2587104769093 -419.79740543251154 -437.28880765609546 -440.86124370895874 -427.21596913917637 -394.0698878680493 -340.15752540607735 -264.7279962688387 -166.94358140270538 -46.018771222726684 97.15144855007907 257.0572852319586 420.9836164055858 569.3075274276538 680.2284334271391 737.4775320234761 736.7230196987506 686.6738590524157 604.5270651632428 509.0674869478562 415.2892501214467 332.26438734394566 263.6806566099992 209.57517609986098 168.09214322831332 136.74303505952335 113.11755723657058 95.19019911900628 81.39018088400451 70.55906859339433 61.86979324605435 54.743728720845205 48.78045344266724 43.703610009515614 39.32145484960792 35.499155685713156 32.13983747387794 29.171860968060237 26.54041013867625 24.201994161446304 22.12088782780702 20.266843248473304 18.613625131110762 17.13807338095015 15.81949944989544 14.63929133232955 13.58064726416891 12.628387625673586 11.768813572826664 10.989593087267213 10.279662843926673 9.629139124576191 9.029233991251218 8.472174748616057 7.9511257996039975 7.460112614804393 6.993947860982619 6.548159894189665 6.1189238735726015 5.70299575580302 5.29764940236821 4.900617000668239 4.510032967389721 4.124381479113648 3.7424477519554245 3.363273173930814 2.986114368023207 2.610406228934492 2.235728928293712 1.861778814044035 1.488343048644536 1.1152777308520712 0.7424891434837377 0.36991766168892326
0.0004220279536948368 -0.3822240068340754 -0.7643977622640019 -1.1457930312663844 -1.52615424655278 -1.9053005433111725 -2.283150119759547 -2.6597450160248393 -3.0352764718655223 -3.4101110725404116 -3.7848179521271508 -4.1601973864313635 -4.537311175161207 -4.917515265265848 -5.302495119612338 -5.694304361819613 -6.095407243533746 -6.508725476382926 -6.93768995618238 -7.386297890706883 -7.859175840959631 -8.361649228628698 -8.899818976663143 -9.480646200099585 -10.11204631984397 -10.802994754361972 -11.563647636289032 -12.405483078545553 -13.34147183804757 -14.386291500513014 -15.556606698974296 -16.87145124276673 -18.352769403656673 -20.026207930410877 -21.922305765758875 -24.078318376015428 -26.541060453184606 -29.37139217229212 -32.65137373226645 -36.49577914220825 -41.07077872047893 -46.62448972845845 -53.537302833341904 -62.40534657941499 -74.17968764629634 -90.39928388824947 -113.5806179071075 -147.8643710856442 -200.06653772829173 -281.30949298277307 -409.30517732693517 -610.7825635745278 -921.6277251079141 -1377.4627242426795 -1979.0548735538848 -2614.707063098436 -2963.538099252787 -2526.6563316718302 -977.0906556214243 1385.7967654769254 3723.6570766420127 5290.221642140728 5833.029774817069 5493.360373526386 4550.372112484595 3260.8001050729026 1811.784247741599 336.3128226754242 -1052.8926259806326 -2241.731597927199 -3120.191074468721 -3609.7393384455145 -3691.6864267710102 -3415.873175571302 -2884.521262242803 -2221.6027715225196 -1542.263739476688 -932.0117890234413 -438.8618481210571 -76.73272153297717 164.51854548034106 307.63506650604455 378.77190223557733 401.9598568839555 396.83480078885225 378.5257046631685 358.6407086435983 346.630054294117 351.11558063434245 380.9224738360584 445.4936950818933 554.1177324752056 713.0521181227323 919.5502974650437 1152.8781261088204 1365.7340731497757 1484.4463866102396 1427.5736288831542 1142.3510627926526 640.0226286632281 4.819903295043559 -631.584356746373 -1136.9891388508256 -1425.8951306658219 -1485.7878306765454 -1368.784321901142 -1156.401486950802 -922.7772540461565 -715.6955759855954 -556.208837558465 -447.2123407539996 -382.4901030716532 -352.7462139868476 -348.5138422599121 -360.9365891412608 -381.3461436686083 -400.20923563776734 -405.7647833405653 -382.61835754202167 -310.714719870262 -165.4347660048927 80.07990575958246 449.2208269975606 952.4231823268536 1575.334994610884 2268.4974918180246 2943.927848117447 3483.344338639025 3759.7767907208454 3669.2475079693663 3162.371364457996 2260.631408528795 1046.6185630296109 -365.9707673048018 -1860.7435742094935 -3323.8432122684003 -4621.287337292372 -5564.304157953721 -5894.168164518021 -5331.0761660642565 -3737.4562941258205 -1375.8640585636072 995.9545656931823 2538.4437465257292 2962.9399589091317 2606.263138342193 1968.9338888938578 1369.0398429111283 915.7049064835832 606.9892969722712 407.01155056938273 279.9780146409425 199.3210449520788 147.46407513949845 113.37827400803135 90.30709895710086 74.14615985880113 62.40070646273743 53.544689845286264 46.63468984808849 41.07909947731136 36.500188649896124 32.651384361805924 29.36738442201492 26.533869335246262 24.068978410617113 21.91189340453009 20.015744986614237 18.343165522994532 16.863471902678754 15.550858259179012 14.383217846725692 13.341358997324969 12.408469324411975 11.569737319710448 10.81207456607558 10.123903001287292 9.494984941521011 8.916281900551159 8.3798334803159 7.878650902776174 7.406621812989789 6.9584242574805 6.529448514754899 6.115725900232016 5.713863913197059 5.320987210124528 4.934683930671868 4.552956909702477 4.174179296803082 3.797054095262542 3.4205771298390086 3.0440029613154618 2.6668132865859118 2.2886873941085906 1.9094742803960063 1.529166078350075 1.1478724893165815 0.7657959561735428 0.3832073557308302
0.0033860868231538888 -0.38855939845650056 -0.7797080768046083 -1.169427886992258 -1.5571572640127318 -1.942438506229438 -2.3249499260569184 -2.704536532681656 -3.081239149806958 -3.455322064556121 -3.827299502281445 -4.197961420141505 -4.5683993014955515 -4.940032789320092 -5.3146381257696 -5.6943794504982215 -6.081844062926223 -6.4800827738986655 -6.8926564813676094 -7.32369012241163 -7.777935220459331 -8.260842405203306 -8.778645612260716 -9.338460261419378 -9.948398726506435 -10.617708064951659 -11.356937632915342 -12.178148440094017 -13.095182812845328 -14.124023654493723 -15.283289819945782 -16.594942102297964 -18.08532023076471 -19.786707547165964 -21.73974836541581 -23.997262087679935 -26.630377880094144 -29.738583014170537 -33.4664791403072 -38.032238785205 -43.776860600149845 -51.25116121950879 -61.37274490554123 -75.71573050025648 -97.05820050250668 -130.4409517640215 -185.25846062660722 -279.44803761849266 -447.86702213807314 -758.3549461666461 -1337.9512461490783 -2390.966512092447 -4079.7880096591753 -5824.448778635087 -4819.627820436381 2357.605074737563 11958.07012748844 16060.551322178806 13146.146715195215 6832.9826933457125 1325.3873454036125 -1613.5876127597726 -2488.895866956966 -2312.3660012841183 -1748.3364783801392 -1095.6422504099805 -452.36809721799887 169.52841336689062 789.0483934843928 1432.3281588858094 2120.2703986512006 2856.5669485514886 3609.551947295557 4285.204941112966 4698.003587190271 4567.181743903745 3590.810778784146 1633.1374381087471 -1059.7206046571728 -3846.3348829839106 -6003.60496901743 -7123.493968899481 -7237.518675861025 -6645.965068756396 -5689.471273743649 -4624.648052365287 -3603.3198195196546 -2697.5669984603633 -1930.5877978850017 -1299.7202460860258 -790.9420128079869 -387.37622823547645 -73.9930436083025 160.18798572641657 321.7163625020713 413.77813741952707 438.37636359149275 399.11254831505926 303.79767284302807 165.99380325113015 4.797818101245355 -157.2364198444015 -297.39876648754324 -396.17802730443464 -439.4773855320455 -418.9891621301189 -330.76976210370646 -172.67012469815768 58.47541971592207 369.10328751274864 770.0756863767033 1276.3811299562233 1905.003704414385 2670.2891137822426 3575.509205897447 4598.412079115022 5668.11063062218 6633.7100292938085 7238.022797453566 7136.725716123777 6022.860258964329 3859.7085821447763 1058.0312945475612 -1648.6728664477823 -3610.1006496784294 -4579.816418305427 -4699.2864151371805 -4276.036926617763 -3593.4154256172233 -2837.0139775245207 -2099.8259846206224 -1412.3459103112168 -769.9272226724929 -150.95849079315826 471.239516587616 1116.0965866517358 1771.8498113784165 2339.8067357614136 2518.269576826384 1635.7525074390367 -1328.9241425724185 -6876.082098865197 -13207.098447034368 -16082.816590564962 -11903.371205967374 -2273.7064995733645 4847.284463563567 5805.213120602061 4055.6035433951365 2375.4667018346963 1329.806381294656 754.3856899421542 446.0001703697802 278.5975399838048 184.89186771742715 130.3016035792437 97.02237656429524 75.72367544381508 61.39579804033346 51.27598550732082 43.79775923421758 38.04734040155244 33.47580504854397 29.743047996612646 26.631263978521 23.995937552487298 21.7375169331771 19.784729015325517 18.084571353168663 16.596201140375022 15.287135524316568 14.130843369117573 13.105186489745511 12.191386498524858 11.37332123664625 10.63703076403577 9.970358641975263 9.362682146514256 8.80470224387142 8.288274853399113 7.806271628266748 7.352462702184814 6.921416499443556 6.508413355553744 6.109370703900607 5.7207781761925425 5.339641291990382 4.963432575793014 4.590049010132491 4.217774754369241 3.8452480660133848 3.4714313797679086 3.095583535458468 2.717233218729742 2.336152774775613 1.952331691944531 1.5659492041397716 1.177345639515881 0.7869923230485742 0.3954600210887005
0.0062945719447871085 -0.3936392742576178 -0.7924960244809487 -1.189354803196041 -1.583382038791159 -1.9738728521834226 -2.3602899039776304 -2.74229911520818 -3.119801948360257 -3.492964251696762 -3.862241992850235 -4.228404530560725 -4.59255636725886 -4.956158572723135 -5.321051264410848 -5.689478669573811 -6.064118377674399 -6.448116442232532 -6.845130033588109 -7.259379413049327 -7.695711160774499 -8.159674915986791 -8.657616493901731 -9.196791295529305 -9.785503667709138 -10.433280684721268 -11.151093332136263 -11.95164525765735 -12.8497607951078 -13.862922646972752 -15.012040242325801 -16.322580739747753 -17.826280765179543 -19.563805118274768 -21.588978379767642 -23.97568010043316 -26.829344893114502 -30.306604315247785 -34.649681557086254 -40.24824814780392 -47.75393822721407 -58.29917145076968 -73.93007159825382 -98.49599711066358 -139.5530949089796 -212.61297027995062 -351.0119871554895 -629.4926557901003 -1219.9255965315458 -2504.3345973511855 -5132.469226910707 -8774.39522553459 -6375.7666806509405 10056.977329696365 20050.943460472437 12410.709022696692 1160.5339770373746 -3616.931850060538 -3778.3751824582623 -2775.7552143372163 -1864.4921813887904 -1233.6033780735888 -822.6970672028955 -554.6514539152092 -375.0057295210318 -249.5661086576817 -157.2816846679892 -84.93731827732276 -23.85261801380878 32.09573295203327 87.67993037897881 147.0986811590258 214.52539461193965 294.5366317586284 392.47034223992114 514.7080066970489 668.7997150249813 863.2266939566335 1106.386171289344 1404.0652510955808 1754.3024665111773 2138.4420666994683 2508.277425912837 2773.112343746717 2798.472464432251 2435.9120191678585 1595.6094450346825 334.09842987595084 -1117.7092889403184 -2440.9844934518787 -3379.586116778199 -3837.020717643753 -3864.7350980455285 -3587.312831054916 -3133.0700967463263 -2599.351216007761 -2046.4555727664147 -1504.7957361247732 -984.6678874182934 -484.2827143482964 4.676801319192236 493.33937690816396 992.8451939227223 1511.5466300388468 2051.3006808134946 2601.940707250723 3133.3061106006353 3585.5418744135645 3861.9257148533848 3834.6726277298158 3379.0385236871143 2442.182546541005 1118.4221564094798 -337.26917506058385 -1604.711059105881 -2449.955859091375 -2814.193030670111 -2787.090109836114 -2518.450835373045 -2144.332740868222 -1756.479675866913 -1403.5154132605498 -1104.094296314244 -859.9884771775379 -665.181620772799 -511.07607151124057 -389.039220662557 -291.41623443425857 -211.75747909538245 -144.68267090419928 -85.58967884830793 -30.2892711737357 25.428838857406433 86.34907518578316 158.61311905986497 250.93373317062628 376.5856017686708 556.7295135564443 825.7582328208634 1238.4695771087804 1872.4348132497325 2788.0395129890444 3792.9033672639175 3616.854368243594 -1214.0206585174694 -12507.148857244061 -20062.312162090308 -9927.103530609571 6440.024346002247 8747.89755925164 5106.684153626766 2492.413764292038 1215.2642467792418 627.7804806822206 350.4313746389043 212.45810500654105 139.55187551163206 98.54301576098567 73.98501461499673 58.34764755209276 47.791982841142165 40.27603274926572 34.668906421412295 30.319405072218863 26.837835154631673 23.981765945890466 21.594290502541522 19.56968244847201 17.83377695316935 16.33248109744953 15.024883744590849 13.87902659589657 12.869246980976856 11.974466934161764 11.177062487404687 10.462095133104143 9.816773501111209 9.230064247617298 8.692401795750703 8.195465267672452 7.732002493324175 7.295688179382864 6.881007830951136 6.4831618347727105 6.097985856760024 5.721884758036477 5.351777842456107 4.985053580595089 4.619532115295311 4.253433927946526 3.8853530783722334 3.51423347185853 3.1393466703033557 2.7602698761375333 2.3768628787756985 1.989242964882676 1.597757050559867 1.2029505858368594 0.805533087352428 0.4063404621434952
0.00902595720275734 -0.3974164044140416 -0.8025498694952393 -1.2052047874611116 -1.6043122018538636 -1.99895182628973 -2.388396375396784 -2.7721513909029216 -3.1499900711384754 -3.521983033767384 -3.8885233760865834 -4.250347819609868 -4.608555111308421 -4.964623175739424 -5.320426765627051 -5.678257541043008 -6.0408486229923675 -6.411405752919652 -6.79364727033005 -7.191855268200431 -7.61094056576983 -8.056524679071474 -8.53504292171181 -9.053874382371484 -9.621507169779164 -10.247751582087572 -10.944020709923175 -11.723709018814642 -12.60271740473412 -13.600202788507653 -14.739679827812795 -16.050686755900017 -17.571374244408265 -19.352637403927673 -21.464886788953862 -24.009443693276122 -27.138256074767384 -31.08902844414618 -36.249841215686416 -43.28224544708048 -53.36503092336797 -68.69835231774202 -93.59807020253407 -137.00300203588256 -218.56890174238862 -384.4249299604829 -750.2707220762161 -1621.9200370771246 -3791.4355303889024 -8627.813145067123 -12384.652909997412 5718.061516367925 22775.672761737198 11192.660058387815 -938.5562477930876 -3381.0588273430753 -2485.259025341442 -1507.7624959763723 -897.5786247831329 -549.1622990360501 -349.1983884029359 -230.70081506729954 -157.67622859079287 -110.83860147627078 -79.59030143289691 -57.90375064047115 -42.21912796569027 -30.3488698040999 -20.889016371994362 -12.891401696570881 -5.673460630750693 1.2978586587686358 8.481991231927832 16.319394428698786 25.27614863836458 35.88573049822408 48.79306832933583 64.80478173426008 84.9484513661336 110.54199470407421 143.27032287301478 185.25771696679348 239.1055172062373 307.825699804729 394.5233813134585 501.53518969899835 628.4774415676075 768.2887075498179 900.0329836961995 977.7280951228917 917.9387772771008 598.9994811217158 -99.03754318450808 -1186.3711753674977 -2434.4734589210047 -3397.883603373852 -3687.8528528728525 -3249.081075544886 -2320.833537443434 -1183.6906780671086 4.35265629874948 1193.255807167759 2332.365589929637 3262.2335823533886 3700.946448213038 3408.744283380551 2441.0586915073295 1187.1938372991408 93.92596914434392 -608.5856950783252 -929.6774791149786 -989.5053165342559 -910.4952089429119 -776.8428767927027 -635.0523143904318 -506.3356052655443 -397.8590885615052 -310.01519955589526 -240.43175103244607 -185.95355848467054 -143.51889297104404 -110.48311169501889 -84.68671740340827 -64.41724280585426 -48.33568141607181 -35.398499964947035 -24.787063194318115 -15.847380309401693 -8.039096923126987 -0.8908500933224595 6.041964291441104 13.222172559594902 21.185819441316145 30.618466139435974 42.47182425101359 58.15481497689845 79.86289625727672 111.16955624157043 158.1273743811051 231.3815507346417 350.31114508546676 551.0928223572353 901.0565445301743 1514.0079774487701 2495.1422929849086 3388.032638927001 907.2030711916312 -11290.4373987471 -22797.724232350447 -5580.822932459028 12403.80111046079 8604.844825937193 3781.3783040502713 1619.0071776942004 749.6339788887062 384.4177648258329 218.70371304987478 137.14361476357294 93.71203561510998 68.7830059498129 53.4253155752018 43.32417283508749 36.278738790656014 31.10922578021702 27.15316627595887 24.021720240671726 21.476567125382207 19.365256376146778 17.5860507503452 16.06819084649748 14.760486701225622 13.62453836006694 12.630598526365278 11.75498020077964 10.978388342206546 10.284816084538129 9.660793143820289 9.094858628041491 8.577180080385771 8.09927022836554 7.653770905394208 7.234284679193959 6.835241589753238 6.451792678520141 6.079724640276618 5.715391550970006 5.355660578899579 4.997869132984389 4.6397911834317185 4.279610632585973 3.915899688469171 3.547600255262573 3.1740064503027465 2.7947464971889158 2.409762458486231 2.019286547806365 1.6238131021484303 1.224065684912734 0.8209592022445644 0.4155573332331741
0.011460607816093926 -0.39989064803291896 -0.8097518617722343 -1.2167459183287654 -1.6196061711271081 -2.017229486440675 -2.408724790745609 -2.7934560435871614 -3.1710790096350916 -3.5415717066944463 -3.9052589301313834 -4.2628317572313 -4.615363390606531 -4.9643230823681606 -5.311590178406211 -5.659470541975464 -6.010717763919038 -6.368561688395724 -6.736746921113257 -7.119584220798281 -7.522018110919237 -7.949714837086619 -8.409176157405662 -8.907886726489677 -9.454506539109952 -10.059125891629938 -10.733610000844273 -11.49207619534992 -12.351572602725124 -13.333070865501062 -14.46295993988378 -15.775358135368954 -17.315793113001597 -19.147226104975626 -21.360201346388717 -24.090467829127604 -27.550574676950543 -32.08854017074491 -38.30109554632477 -47.26195133402888 -61.00498797184217 -83.60550610605921 -123.75770124677388 -201.37484345350785 -365.8853090045344 -751.2601401355479 -1751.8644597175203 -4548.359238951675 -11478.990957921837 -13527.869621562872 17695.49340764385 20096.317824003745 2848.800988935807 -2486.3942582271293 -2009.9498611432587 -1139.610432943936 -626.0233056428266 -356.76572284543795 -214.03851792076267 -135.19062191142737 -89.57645485167863 -62.02298373606973 -44.73202721403835 -33.518973228445766 -26.04049380371509 -20.930609119675925 -17.36271923070465 -14.818675414963733 -12.96232693544841 -11.567721791628793 -10.476855783514427 -9.573854714816088 -8.768490372765836 -7.985041117276603 -7.154156360223984 -6.206270975151473 -5.065589513135738 -3.64390235959855 -1.8336049829142942 0.5006695040410403 3.532358977706984 7.48563650064149 12.650362244490676 19.397877885037882 28.19262923003274 39.5857534204036 54.155266888362696 72.30555408654027 93.71361167515911 115.9089775803146 130.7694097213785 116.17650192496498 17.41895211359701 -287.71081839819243 -1022.5915005686946 -2406.894855771826 -4102.658733780373 -4695.214916984369 -3349.7507844673178 -1420.940846593126 3.7659842018200607 1431.1504637630178 3363.9027861486425 4706.937548617844 4106.048035304432 2403.0251044053584 1015.469191048302 280.25565112915984 -23.91962779149992 -121.40709777817449 -134.81933550498314 -118.98492027115236 -96.02501920216388 -74.02893819840716 -55.429027269030534 -40.51502667947071 -28.856325215366184 -19.855220400354366 -12.946204162120333 -7.654512323514995 -3.601451136288625 -0.491907970453509 1.9021055950529941 3.75689398332657 5.210088531700241 6.371190925290593 7.33009021959663 8.164130828987037 8.944340276332285 9.74146205652393 10.632544272256572 11.709075031474114 13.08812837685136 14.928871307976488 17.45843451220308 21.014268245842516 26.116139683206583 33.59296076843376 44.81444202743878 62.13051482992338 89.7382969559568 135.46092087019622 214.5232841793554 357.6812453814337 627.8130118838465 1143.077130024217 2015.5327416754608 2486.7670095077797 -2890.292820033622 -20178.373998803545 -17641.612622757635 13584.085979489231 11475.611525002094 4547.097930854918 1752.491005855461 751.9921517967454 366.40865367428165 201.71417983254392 123.97313511064655 83.74227166353387 61.09234427153942 47.31834696972581 38.33830682528072 32.114274816919526 27.57001358716593 24.10716844070848 21.37663233405723 19.165091058589017 17.336233174215007 15.79908482299573 14.490347452387198 13.364224671974789 12.386383963225722 11.53026806736873 10.774777336718943 10.102771874787031 9.5000754575697 8.95479369579677 8.456833645878458 7.997555827185532 7.569515703294005 7.166267509242097 6.782213026853556 6.412483917833667 6.052849946809324 5.699647705105226 5.349725815406714 5.000403388812913 4.649438943090667 4.295007213911406 3.9356814206326085 3.5704186386209535 3.1985460480177252 2.8197460020196186 2.434038104774938 2.0417568204078584 1.643523540506564 1.240212501271154 0.8329104460247372 0.42287042609556735
0.013483133364244893 -0.4011087960731352 -0.8140800367428813 -1.2238869071801162 -1.629102335706234 -2.028472443810214 -2.4209680409903456 -2.8058298047894947 -3.182606420389922 -3.5511855265157877 -3.9118178970276585 -4.265135849970125 -4.6121673826615694 -4.95434795492411 -5.293532177242932 -5.632007908082937 -5.97251544729005 -6.3182746743506435 -6.673023185476135 -7.041068824605867 -7.427360613775358 -7.837583163544659 -8.278281462711922 -8.757025958028297 -9.282632735669315 -9.865461564210753 -10.517827512599442 -11.254583176349142 -12.093964206362495 -13.058851604300925 -14.178710101890868 -15.492650817465064 -17.05441250518141 -18.94070876708585 -21.26566110013092 -24.20660706355493 -28.051970704809914 -33.29373585696737 -40.81442014169934 -52.28523063228629 -71.06580207406732 -104.38155599153953 -169.02731718492436 -307.73117914641546 -641.0869838395383 -1549.0897155071348 -4318.057086556095 -12334.751260952287 -16071.085665177094 22229.84906792419 17268.319908189707 913.7509988200776 -1823.1759687824576 -1171.0235992307894 -607.8975913792827 -318.80036035003553 -176.4723832516446 -103.76850979209262 -64.67249125208463 -42.59324915378948 -29.594522422941026 -21.688600002659484 -16.770405816491916 -13.676347236425412 -11.735788744431375 -10.547411312696319 -9.862844121360514 -9.523689243656207 -9.426199626471066 -9.50081476009168 -9.699953783401382 -9.990545001481443 -10.349356445351342 -10.76003722842722 -11.211246026772702 -11.69551261052254 -12.208645124222594 -12.749613926724551 -13.320947395868957 -13.929798769134331 -14.590027910817426 -15.325958247506543 -16.179053279561373 -17.219883966780312 -18.570012540462532 -20.443086831939404 -23.22446217010221 -27.631041427614853 -35.04510267672401 -48.24264494904362 -73.05981081350498 -122.40072698348702 -226.35081513101784 -458.578174730353 -1004.0907448351088 -2299.60275640984 -5014.43885303253 -8100.908243282205 -5756.722266450111 -393.92594284663573 2.9266006843897685 403.97363848427403 5768.274844269427 8101.959266462372 5008.881356248374 2293.8097876527054 999.7249769994897 455.51624467481844 224.2125562409436 120.88243419532628 71.95723463286008 47.42381241829019 34.42518471069689 27.155292186978873 22.857346096322726 20.16136340768304 18.358263566212173 17.067565044273092 16.07852910256058 15.27119884616207 14.575766442690846 13.951019929124078 13.372614632157012 12.82656669503248 12.305612376529856 11.807199644014581 11.33246058891646 10.885828654067508 10.475148632043961 10.112250201597117 9.814059647291762 9.6044415468155 9.51712813978156 9.600362861381106 9.924350801530645 10.593454030203286 11.766656673564135 13.692907384947883 16.774150562202106 21.68182038532196 29.580756763192273 42.578343995952615 64.66707020943873 103.79379255319287 176.57413545730137 319.08184952843754 608.5850892371702 1172.4603953307344 1824.3581047370226 -925.6101579665099 -17323.105474805463 -22254.84915709259 16119.879210940268 12356.502536095988 4326.328185283188 1552.4690764909365 642.5963849566463 308.4635145585768 169.4073442074817 104.58918705069209 71.18384602424533 52.35479324338432 40.85733380370437 33.32231015539033 28.07350695752608 24.225607691290286 21.284965998520644 18.96210793180704 17.0789926456462 15.521002375398009 14.211059038205796 13.09514969056541 12.133955860469946 11.297858576099218 10.563867188422837 9.913675169659353 9.332393287114215 8.80770006490561 8.329255658319767 7.8882862557827504 7.477281910902023 7.089772107184422 6.720156356353479 6.36357510719221 6.0158111595109975 5.673214798764814 5.33264769256192 4.9914416650775895 4.647369073308427 4.298621839317063 3.943796377480213 3.581881785985619 3.212248813463381 2.8346373081511445 2.4491401330473117 2.0561818976616575 1.6564913093986 1.251066470379092 0.8411330074109546 0.4280954913682411
0.014985982345061544 -0.401160239326126 -0.815603060519976 -1.2266711688313503 -1.6328125370412838 -2.032653069918844 -2.4250498352973437 -2.80913756054324 -3.184367616403394 -3.550539315679835 -3.9078239791590086 -4.256782814899829 -4.598380196513263 -4.933994375804218 -5.265428022872554 -5.594921259535202 -5.925170067110352 -6.259353160218417 -6.601170697302372 -6.954898661480358 -7.325463552825262 -7.71854341237499 -8.140703515551738 -8.599578873272339 -9.104121871935655 -9.66494346947344 -10.294792923603024 -11.009248582697916 -11.827738945815458 -12.775093968609985 -13.883969739152679 -15.198750211768974 -16.782018057953252 -18.72563217408564 -21.170346559880176 -24.34186714257658 -28.619894902325857 -34.67657329228546 -43.76907180237976 -58.396417599665405 -83.88127199813411 -132.50542383204112 -235.41698205016945 -480.9766385235514 -1154.2943504077296 -3294.8911943511125 -10516.006146121412 -20748.494762329414 19969.348404231652 18807.689103345914 1448.7446143299287 -1223.2928452865365 -764.5219376066325 -377.41982721876343 -189.2810323154337 -100.73850411215668 -57.20500618691004 -34.60560982208038 -22.293702086150223 -15.336503767059417 -11.319790832368115 -8.997408515565851 -7.693935050523404 -7.0268498190767525 -6.770859372957072 -6.788586899335591 -6.993683223111002 -7.3304580200633795 -7.762261949614824 -8.264675298520762 -8.82143072227004 -9.421948975807393 -10.059868145942257 -10.732221944602381 -11.439081757918176 -12.183576945234142 -12.972280619843803 -13.816014190193709 -14.731201117946512 -15.742009492425435 -16.88369645244714 -18.20786145441289 -19.790835542405905 -21.74738777163787 -24.25374049088158 -27.58744980359662 -32.1990119274318 -38.84570498715822 -48.8534097537352 -64.6560338496216 -90.97474742836286 -137.57697330410988 -226.25018229430526 -410.011421043519 -830.8955470741707 -1904.9785727390754 -4861.327094147611 -11842.570710044525 -13850.88963754427 2467.0375564444666 1.9227406050958962 -2459.914898233961 13856.483917363106 11839.146137323694 4857.149290223574 1902.2825016528166 829.2676740312465 408.9955963703318 225.5815638170011 137.11170397510574 90.63357005095307 64.39425842398761 48.64554429545253 38.67733985868704 32.0622989116015 27.47842839637249 24.170664639395767 21.6896315157411 19.758161108663906 18.1999336726274 16.89977678517085 15.780787459271084 14.790732489065316 13.89374117041986 13.065112468905667 12.288011561043975 11.551351045610142 10.848446090822167 10.17620650461168 9.534737945569859 8.927301564019551 8.360647196549998 7.8458074993284495 7.3995397483966885 7.046760459372692 6.824592304834898 6.7891434236949655 7.027089042478396 7.675995089865273 8.961144039668634 11.264747475989155 15.261454289901 22.195882735386306 34.47938531590422 57.03940347526637 100.51248485536846 188.95465044013847 376.9223546798006 763.7811010810046 1222.6535929895288 -1448.032027097632 -18829.239730429028 -20054.94503929526 20799.76899294749 10553.807682833067 3306.561378410109 1158.1443403870217 482.4469775170792 236.05103761876077 132.8042841028054 84.03150186625851 58.47604281378538 43.81402597283146 34.70478018122392 28.640893374765053 24.360984963198717 21.190639897284424 18.748843524067638 16.809077510698287 15.230054067203458 13.919546329052428 12.81471046048782 11.870976285615619 11.055558548043464 10.343544493705004 9.715462147465992 9.155723688978323 8.651599786423935 8.192524392527933 7.769610556221385 7.375304645034775 7.003134021855151 6.647519832307935 6.303636678653968 5.967307163552427 5.634923100498179 5.303387504070889 4.9700728539781025 4.632791924643609 4.289777917240167 3.9396708879002595 3.5815076342826657 3.2147123757331197 2.83908577319969 2.4547901336180455 2.062329032933574 1.662520073099083 1.2564600447517726 0.8454823702552794 0.431107309316614
0.01587489633081418 -0.4001678762599603 -0.8144676127030959 -1.2252610040053291 -1.630903574932896 -2.029929033865452 -2.4211031284560036 -2.8034706523138997 -3.1763948084506666 -3.5395887530276227 -3.893139780863919 -4.23752722160442 -4.573635665203746 -4.902765595656833 -5.226643887338289 -5.547436906094827 -5.86776921268628 -6.190751121460947 -6.520018736666522 -6.859790680650013 -7.214946741217476 -7.591135370748625 -7.99491979668665 -8.433977124024382 -8.917372346207152 -9.455941509371456 -10.062838660636064 -10.75433547468918 -11.551021178440589 -12.479653415120861 -13.576096167747798 -14.890124540445637 -16.49353356519424 -18.494290644252285 -21.06215490637983 -24.476964751123376 -29.22386660597964 -36.19104147621621 -47.10532754525931 -65.56057961447314 -99.65084956125025 -169.3959656544619 -330.23035787936635 -757.958764047757 -2101.8881554392087 -7006.982635297305 -20994.149046436945 5459.470108482804 24588.00867620745 3667.664719047585 -690.3633294565026 -541.0021747198045 -259.9007892377347 -123.35766929843172 -61.818499683866655 -33.023032800857386 -18.826737861594165 -11.518189419473801 -7.662676126501955 -5.639856749063421 -4.64120790964806 -4.241948469663193 -4.208304236895111 -4.406164310837846 -4.755689522436546 -5.207765785332496 -5.731310482903484 -6.306194556985334 -6.919183136315232 -7.561560032343095 -8.227729056116129 -8.91440912344832 -9.620214106390579 -10.345506697156427 -11.092475545335795 -11.865426960187483 -12.67131878157801 -13.520604207027942 -14.428507535886869 -15.41693619324852 -16.51736743097154 -17.775275617596954 -19.257065007389215 -21.061195037337388 -23.336535254367963 -26.313603285683662 -30.35961490134631 -36.07940037131052 -44.508924903782216 -57.50618364890547 -78.59008903512654 -114.87393517072952 -181.91622529094786 -317.19154308777587 -622.3172280085976 -1415.1722903135067 -3853.3464702114093 -12276.73346924945 -28206.053600212752 6202.026445830597 0.9098518796690769 -6202.506344263838 28211.178532259706 12274.494648958977 3851.4838132498317 1414.181674496051 621.780665582019 316.87625271496154 181.7126435543992 114.72926303656816 78.47796995236632 57.41341038820735 44.42928350771869 36.010583548388155 30.301529233668354 26.26735172223338 23.3037532549607 21.043591706553233 19.256098478740434 17.7919279727351 16.55200054785533 15.469216743277947 14.497391613186583 13.604372340586535 12.767651706419857 11.971512177000875 11.205134641541864 10.461333782856158 9.735716529436221 9.026142657883595 8.332421015613267 7.6562149918033 7.001167058908742 6.373293996660978 5.781763990071742 5.240264495862401 4.76934286834374 4.4004241254569365 4.182835204220026 4.196422345090767 4.57497799810358 5.551426674350046 7.548786863731949 11.372149439349831 18.635160088357193 32.75903570732264 61.42678571222304 122.7216032683509 258.78404050950763 539.1315908790561 689.6946670393334 -3651.58432051206 -24593.20430285146 -5611.939241974966 21079.760968582235 7041.273957701684 2110.9776571802995 760.7501097146585 331.237973151266 169.80604978759527 99.8320530651009 65.64566604041366 47.14818069119109 36.215723419868446 29.241952487151224 24.494320665428003 21.081820439063367 18.51779626017666 16.521543532673768 14.922772099441733 13.613171582063238 12.520718909396487 11.59548819697681 10.801521650299906 10.112013090841087 9.506362507512577 8.968319568075644 8.484778810382009 8.044975304211665 7.639932920312509 7.262076252750882 6.904951603006748 6.563022881053704 6.2315206360508135 5.906329980241987 5.583907797210852 5.261222450354541 4.935710905918933 4.605249183082805 4.268132614192455 3.9230627326658496 3.5691378236657467 3.205844368706634 2.8330468502868467 2.4509736879685384 2.060197479253345 1.661608212947252 1.2563786902575202 0.8459220117340571 0.43184160872677957
0.016076285089816622 -0.39827442986473116 -0.8108787255223238 -1.2199125667999855 -1.6236676563707864 -2.02061029760614 -2.4094348991110515 -2.7891107902855428 -3.15892156719344 -3.518496799173043 -3.867836553906878 -4.207329800463011 -4.537768289271105 -4.8603579711470335 -5.176730393418039 -5.488956822067292 -5.79956812164939 -6.111583742521853 -6.428553618882393 -6.754617515057348 -7.0945875792782775 -7.454061897961273 -7.8395801784991725 -8.258838132785828 -8.720986012384357 -9.237051336497547 -9.820550153571972 -10.488392367569709 -11.262258016643267 -12.17074810945351 -13.252844954356885 -14.5636524001036 -16.18423452263702 -18.239086664031262 -20.928392058060517 -24.590226540047443 -29.826582410230618 -37.77357126597658 -50.72022517845998 -73.6400196299436 -118.34874645055837 -216.12167991039266 -461.4737789068312 -1189.7229759429706 -3808.3262106011516 -14024.963348708041 -19264.083329499612 30092.894305000467 8969.969054502317 149.64324647462223 -362.9187319939886 -183.97219707389166 -81.64842332831768 -37.04757957559257 -17.550620578605237 -8.704063179473808 -4.593924579696096 -2.719325415097007 -1.96311006488592 -1.7972802973031943 -1.958808684279223 -2.310270123351832 -2.776719293843821 -3.315674711983352 -3.9021979576561727 -4.52117472317215 -5.163178834571847 -5.822190721113396 -6.494313996934508 -7.177052596777089 -7.868919633304966 -8.569257344238078 -9.278206325704675 -9.996796618966624 -10.727156090856449 -11.47285032108411 -12.239388039078092 -13.034952044844728 -13.871453841070025 -14.766070914695728 -15.74352574029214 -16.839535774547663 -18.106161255694307 -19.620312868481314 -21.497675127623015 -23.91621211166539 -27.15724327255975 -31.680065352310827 -38.26366298145589 -48.28999295283687 -64.34541055075904 -91.5923082130976 -141.17989661054818 -239.67543042008987 -458.83503607689664 -1026.6486783138705 -2836.126464727915 -10283.086701271315 -40357.81870870295 5721.849675177282 0.0795605637904373 -5733.073396970667 40366.24186567749 10282.186479450174 2835.461157242278 1026.3479878641135 458.6916941014607 239.59697511136022 141.1279964038603 91.55060673345483 64.30711152907831 48.252880753427704 38.22790708242207 31.64712998584229 27.129267398048327 23.89560601985585 21.486828902367304 19.621373168721146 18.120859141627644 16.869059316194644 15.788435204562301 14.826255217260108 13.946126254460456 13.122681922162482 12.338164032789367 11.580169483216412 10.84013248179326 10.112282692831732 9.392920349864282 8.679910387395308 7.972336166836707 7.270279384444383 6.574712598065857 5.8875095433144615 5.211601056454295 4.551338486812884 3.9131846939827186 3.306959851131497 2.7480761542730825 2.261610642281253 1.8899305643971243 1.7074614426368373 1.850431443257694 2.579473423379719 4.41792770806082 8.473710524364297 17.2285637374342 36.554897978949285 80.81486653414015 182.4656567173366 360.68174040402965 -145.58447834444266 -8923.426569979601 -30164.760134308464 19203.430495794863 14105.217138976584 3828.2859964952463 1194.7533604853966 463.00206814367857 216.65966742819174 118.55692964582997 73.72530400998389 50.75723216819483 37.79231395172944 29.840144166030644 24.604600634722527 20.94633571277954 18.261758379728292 16.21194169767471 14.596217797416127 13.289801061839162 12.21145035206539 11.305958156051231 10.534291405018825 9.86783982856676 9.284948397293435 8.768761027687088 8.305839438100815 7.885253013936722 7.497962590237162 7.136392599277341 6.794127322896082 6.465691339018198 6.146388868640829 5.832185620029406 5.519622167722282 5.2057512328052 4.888093250542402 4.564605809878053 4.233663255941433 3.894043160425076 3.5449166364254214 3.185839701446147 2.816743139307798 2.4379186283385312 2.049999301988459 1.653933401061236 1.2509502401425454 0.8425183264615388 0.4302960922186738
0.015545918956583193 -0.3956252047121467 -0.8050745253196379 -1.2109434401341712 -1.611483939649716 -2.0051159932010787 -2.390479895338915 -2.766482308049767 -3.1323352613576994 -3.48758795496229 -3.8321518062656157 -4.166319760480208 -4.4907814002048685 -4.80663584108143 -5.115404773872179 -5.419048339804222 -5.7199868422641575 -6.02113167360252 -6.325929384690121 -6.638423695795037 -6.963341679888102 -7.306212699928483 -7.673532509978598 -8.072991162264008 -8.51379353980497 -9.00711812442001 -9.56678774407471 -10.210274109297979 -10.96024199543244 -11.846989773889037 -12.912421765131077 -14.216719979929168 -15.849935608697939 -17.95288895448534 -20.75643844368452 -24.65877316849191 -30.38584745058581 -39.34553326561674 -54.467985934788516 -82.3788173241402 -139.63287791394663 -273.00410093454184 -636.4962588643452 -1840.00319734122 -6728.3566101399465 -23280.51867288849 12371.852874313021 20019.96340811665 2335.0971921039454 -72.92931689574344 -106.20083641354472 -44.71389766226519 -16.050726674483595 -4.759287249264387 -0.5164733557083689 0.8899543322932191 1.1177961088512656 0.8388233517242494 0.3362300756953873 -0.2662808842804343 -0.9132424500199465 -1.5794585456543886 -2.253548152725826 -2.9305494135520305 -3.6084927541962797 -4.286775152495537 -4.965378924450397 -5.644500310410943 -6.3243860763693975 -7.005283832487302 -7.6874629692158525 -8.371288593178221 -9.05734451664409 -9.746610021163088 -10.440702332641383 -11.142204947972578 -11.85511330586808 -12.58544661765254 -13.34210222668497 -14.138073836957865 -14.99222987736304 -15.931975899015626 -16.997347577327737 -18.247480174963247 -19.771138427109314 -21.704403124863656 -24.26141986948016 -27.78995407549445 -32.87625546136263 -40.55327481119253 -52.7394217494237 -73.23112738319537 -110.15046206017675 -182.66210923614688 -342.0882401560732 -751.1499785571285 -2060.7404063396293 -7846.512546336299 -43130.50180803003 -11600.196740786827 -0.38412021126532636 11585.506346237366 43138.605272094566 7846.230966852161 2060.563890136624 751.0960523596743 342.07266691836935 182.65449333681792 110.14075387513422 73.2165607575186 52.720143469686676 40.53076410725165 32.85266479133742 27.767771596899358 24.24325054529275 21.692797688527275 19.768446797747696 18.25572370617423 17.01811122531871 15.966323376456204 15.040644857738927 14.200429276899351 13.41765853021315 12.672877836813756 11.952559227419723 11.247345692455557 10.550851176810705 9.858819503714837 9.168520535408827 8.478307091500328 7.787283917063333 7.095057488523959 6.401546880242526 5.7068441887309085 5.011120166059646 4.314579232842785 3.6174813878167567 2.9202733853392338 2.2239215760153086 1.5306440970230817 0.8454687621992085 0.1795563637932429 -0.4425776262592662 -0.9669260777891986 -1.272654181893873 -1.0821668346402968 0.2650252435132394 4.40285910556587 15.491072867721277 43.74289055744773 104.51545235593883 72.03704065498084 -2312.4468040937772 -19940.66465570203 -12663.939598726585 23388.815360691522 6768.267444550808 1848.5723682832322 638.7040350318296 273.6792752378436 139.86178358304846 82.45960503256988 54.49679288919706 39.35733344986758 30.394460574029722 24.669872264438396 20.772262923826055 17.97411095825707 15.87645824390213 14.248045176080552 12.947834622835662 11.885661039209015 11.001292473735434 10.252820439537457 9.60997816282838 9.050161900706065 8.555985453557179 8.113731343032393 7.7123415090463165 7.34274154626624 6.997376707790215 6.669886059798014 6.354869344739611 6.047717921646156 5.744491329039425 5.441827240619812 5.13687639746796 4.827256427100135 4.5110198622844155 4.186632509363131 3.852958817777141 3.5092512290957334 3.155140743392737 2.7906262051713426 2.4160601274092475 2.032129265652216 1.6398286318985988 1.240428180828701 0.8354319941250576 0.4265303863526526
0.014277721438471502 -0.39234910188978844 -0.7972977428138961 -1.1986956773146762 -1.5947744357169835 -1.9839247516151293 -2.3647471241428075 -2.73609663459351 -3.097121341616438 -3.4472941178742555 -3.7864383472241414 -4.114748431508497 -4.432806544981682 -4.741597498587602 -5.04252394830762 -5.33742451593433 -5.628597741806907 -5.918835224796859 -6.211467946122817 -6.510430778512988 -6.820351816748671 -7.146675811945391 -7.4958352795151395 -7.875489811440817 -8.294865506088822 -8.765245273472665 -9.30069251297294 -9.919145264699058 -10.64411417072364 -11.5073919125111 -12.5535073397455 -13.847286365303788 -15.487143054538857 -17.629363404591118 -20.53443522964743 -24.659892075062082 -30.857206872959008 -40.81787484437604 -58.166333317232194 -91.40164507973059 -162.776824680404 -339.16805376762227 -859.6820157890361 -2775.186514212269 -11273.553521797765 -24777.97660245244 30082.70529470053 8916.97164474653 783.8117520627708 42.93556945421064 7.192584147953373 9.506408677460614 9.57897871015939 8.119678671389893 6.381665880141607 4.780510460626746 3.392634793554228 2.19496966368804 1.145464985386202 0.20598125748227947 -0.6531933889242225 -1.4540251739930676 -2.212469069777512 -2.9400754982883415 -3.6452244449025617 -4.334011633340129 -5.010869752147123 -5.6790044767331125 -6.340708155094937 -6.997597687636841 -7.65081061981622 -8.3011848480994 -8.949442009638098 -9.596392077946547 -10.243176708643054 -10.891571767139284 -11.544375990635292 -12.205924590012739 -12.88278673127141 -13.584739542548684 -14.326167998550131 -15.1281368036138 -16.02154912853482 -17.05210892792075 -18.288359876326155 -19.83513484315913 -21.85685165972395 -24.61944071770028 -28.569149970623098 -34.48825843390457 -43.821359481406304 -59.40872656761575 -87.28159068922992 -141.5500365652589 -259.65114140355627 -559.31179500329 -1511.4728990378 -5808.290196453249 -38270.22608069313 -65006.80471641146 -0.34961597805249767 65014.209119152605 38275.12180409599 5808.210986579141 1511.4545357761333 559.3224961767218 259.6597093105801 141.54957592233507 87.27194918043634 59.39157798069638 43.79893209098595 34.46298634992129 28.54355024432986 24.596035505810576 21.838090783732333 19.823311592398472 18.28552337405864 17.059978997419066 16.041439713003204 15.160893201092707 14.37212208519445 13.64368582919384 12.953980804876752 12.288104133445499 11.635803391827903 10.990096217753653 10.346312814086543 9.701411294063266 9.053472727729716 8.401316668222927 7.744198251460593 7.081559977070197 6.412817949031369 5.737165309253333 5.053375704695551 4.359586998628761 3.65304000313621 2.929738027970391 2.1839798907055674 1.4077013987021103 0.5895410524459077 -0.2864622951295748 -1.242583451836754 -2.3093312883187833 -3.5264812450411243 -4.939267422399418 -6.577017546436775 -8.376098643237475 -9.948221270436873 -10.098038331036008 -8.201516470988794 -44.13661366566748 -776.9021181459035 -8843.834019066693 -30148.689968570892 24736.444515445724 11342.72938931712 2788.842808056682 862.7027246026707 339.97718929517526 163.01890445354016 91.4751195024277 58.18681763279376 40.8235950693564 30.861861378898567 24.668459274544972 20.548495335127868 17.649068294195644 15.51200622500292 13.876524919118477 12.586203698204539 11.542579649410355 10.680830610788338 9.956468689087949 9.3377713609058 8.80132217284113 8.329296963570654 7.907761544497793 7.525572874180764 7.173650362038431 6.844480308807466 6.53177115879644 6.230209011971466 5.935281692310834 5.643151047242112 5.350560093992929 5.0547658933963735 4.75349164748895 4.444893110963077 4.127535372769886 3.8003766533012406 3.4627561490196967 3.1143832478364164 2.7553257216317295 2.385994817174497 2.0071255486242556 1.6197509467152926 1.2251695317422318 0.8249058319897973 0.42066432727860814
0.012311045292090483 -0.38854024875689674 -0.787767019223562 -1.183497901312558 -1.5739583189022799 -1.9575228728130334 -2.3327636858094802 -2.6984936715090946 -3.053804131218918 -3.398096564510844 -3.7311090767955246 -4.052938249021754 -4.36405777672344 -4.6653355860126755 -4.95805149117845 -5.2439178059837666 -5.5251057013860905 -5.804280598692424 -6.084650614047726 -6.370033206676284 -6.664946997634313 -6.974738641920553 -7.305759330750727 -7.665613111213498 -8.063511658617516 -8.510790812574776 -9.021679169675112 -9.614469548981097 -10.313351538425719 -11.151359392398973 -12.17525892370036 -13.453917784473912 -15.093166027414453 -17.263254938527304 -20.251933812384518 -24.57247145341068 -31.197034428041004 -42.09757691070015 -61.60899549343179 -100.23177041206365 -186.6528108729959 -412.1524681998334 -1129.352234603962 -4040.7047486337433 -17254.851071514066 -7164.69265097686 24135.711920575603 3983.9924707524688 491.03498914896625 117.73725683258185 53.16874760694257 30.992390522676104 19.849993461000594 13.295426187729069 9.092361680111335 6.21176030166086 4.11661750893369 2.5075019203654736 1.2097139787210776 0.11750320091596933 -0.8352612840463458 -1.6911844563997913 -2.478480359373869 -3.2163075477728564 -3.9179639412187384 -4.592843290447263 -5.24765961184108 -5.887232247069416 -6.5150055619267455 -7.133409754498526 -7.744129921742962 -8.348327308762837 -8.94684297123402 -9.540406361250863 -10.129867824678618 -10.716473948976235 -11.302208241416034 -11.890227781170548 -12.485441343225157 -13.09530007650439 -13.730915229058782 -14.408691769522974 -15.15279635032396 -15.999009529686914 -17.0009378466196 -18.24037078735463 -19.845166636988097 -22.021348949431417 -25.113240088301403 -29.721840651621978 -36.95179326369091 -48.963558828958305 -70.31670882132524 -111.60038244291792 -200.66445247021835 -424.22277402415887 -1126.2497860737496 -4288.3980091975 -30678.274384443113 -164762.6738597796 0.22881830375354184 164821.3054050825 30680.18666325756 4288.333910897269 1126.2490348711028 424.2256427509394 200.65707307074464 111.58255081466838 70.29065488793229 48.93178509832507 36.9167343393717 29.685847764584494 25.07859337089524 21.99024591936882 19.81968593634753 18.222419191523674 16.99218892109333 16.000841102851158 15.16623271881623 14.43435540708582 13.768991670265462 13.145518605941486 12.547073081681237 11.9621017454552 11.382744996923376 10.803735589641482 10.221622250396189 9.634203167762921 9.040097774387078 8.438410966331855 7.828458922567519 7.209533982159739 6.580689724535365 5.940527454251776 5.286961852742771 4.616935877108791 3.9260412613605076 3.207977590140437 2.453743278214293 1.6503835723997995 0.779000790404466 -0.18848409405539113 -1.2947300794012573 -2.6062130832781025 -4.229500971993927 -6.340931938699293 -9.243113564248173 -13.479307483749777 -20.0912548596352 -31.340798943721992 -53.71132236293485 -118.42253120116108 -488.8470301958669 -3945.6444427981282 -24031.0935037472 6853.233006342378 17349.619475594267 4060.756878275153 1133.232792669201 413.07445017183306 186.9003383722445 100.2979595061204 61.6236684348892 42.1000288961193 31.200084554301455 24.58019823642271 20.265254816209527 17.281866230790463 15.11627383379252 13.48053668894504 12.204345187113995 11.181878844265524 10.344320529127314 9.644984093715447 9.050938037668265 8.53811444390229 8.088357202625795 7.687585281146436 7.3246166242624255 6.9903945410548785 6.677465930908788 6.379621268912117 6.091641269807546 5.8091158206141635 5.528313206357716 5.2460852351676746 4.959798532024884 4.667285145899536 4.366807383930915 4.057032876542133 3.737016550491301 3.406186632390895 3.0643321346091046 2.7115895720508654 2.3484269782803047 1.975623649035363 1.5942444673489042 1.205608133606484 0.8112491308220893 0.41287375857623765
0.009734736691191515 -0.38424276530890644 -0.7766512585438701 -1.165630337766066 -1.5494090158540974 -1.9263550676074104 -2.2950209087646556 -2.6541851251449255 -3.0028891417388515 -3.3404689417448896 -3.666582179620015 -3.9812314527554182 -4.284784893612281 -4.577995609758023 -4.8620218452510855 -5.138450088760793 -5.4093237670505 -5.6771807128441765 -5.945103403366403 -6.216787219712194 -6.496633950144881 -6.789880907555612 -7.102781072341746 -7.442857822880233 -7.819271164521968 -8.243354586076057 -8.729419408346761 -9.29598907874085 -9.967742906508148 -10.778663757771422 -11.777292301082959 -13.03579328251779 -14.666184123467376 -16.850602719848464 -19.900454057880655 -24.378353309665034 -31.365743298966684 -43.09523931973258 -64.58342828755569 -108.32978846758934 -209.79017743176342 -487.7445835033178 -1434.6247919604593 -5623.94064846984 -23063.66212879901 15919.729022034373 15059.667052215316 2215.762608420819 432.9015959056659 149.44370509132443 70.90636286124385 39.29974886330511 23.778408314050342 15.161984058971317 9.921479529850972 6.481125868723486 4.065330897793095 2.2642997335148296 0.8490460714548342 -0.31449942207897874 -1.3080788378140584 -2.183367421875124 -2.9741257238921626 -3.703080212928561 -4.3859415942108795 -5.033815052219821 -5.654681407531863 -6.254329991672025 -6.836963974939658 -7.405610134805923 -7.962414476882507 -8.50887559571939 -9.046050211962974 -9.574755161666781 -10.095784688593511 -10.610160110635647 -11.119430496772663 -11.626048526136579 -12.13385673322298 -12.648738914335377 -13.179525093036103 -13.73929624822079 -14.3473358022006 -15.032154702571132 -15.836347010879104 -16.824659167666844 -18.09789009032836 -19.817777170720863 -22.25350445863472 -25.872991978230786 -31.53267159292872 -40.89996371644977 -57.475573601242225 -89.33827283776452 -157.56792267499264 -327.14984719949933 -852.9081686700567 -3192.4580593052806 -23426.70163794409 -286519.42252066534 1.2978185088741157 286622.8293193694 23426.81522859884 3192.3391710634874 852.8730718870659 327.1199954790171 157.53156340939432 89.29530576512467 57.427804797207656 40.849422708100214 31.48134372557454 25.82279464394599 22.20628691188886 19.77530602753408 18.061819101705677 16.796488342938343 15.817376514241088 15.0234382660408 14.349637620633127 13.753054648520946 13.204825615818482 12.685298804643308 12.181022182915502 11.682805338091296 11.184428188900085 10.68174883352535 10.172063740392089 9.653631358786107 9.125303927789153 8.586231934175625 8.035616803450385 7.472493057979479 6.895522854029057 6.302784127760752 5.691528256985128 5.057873042545804 4.3963793958066635 3.6994305668695824 2.956282044289035 2.1515612512323923 1.2628355565150184 0.25656795533207655 -0.9187973411040051 -2.345035831843797 -4.156481459625175 -6.582753993693429 -10.034908640722184 -15.290921405384099 -23.930963914195605 -39.4913229563959 -71.15573562665512 -149.67213170658965 -431.71912498432215 -2197.224529035209 -14947.03877218754 -16207.473015866753 23147.476171049206 5650.544652208609 1439.2509433628043 488.7364870786026 210.03613273997024 108.39180527030145 64.5972068912437 43.09882135173859 31.370560713827043 24.38759810436536 19.91452416514508 16.868895245795226 14.68773804603223 13.059539070837399 11.80215915407512 10.803633102903776 9.99188080399449 9.318469613488478 8.74954325619598 8.260563852519608 7.8331604178499825 7.453180870294895 7.109453002041577 6.79297505712384 6.496373667508881 6.213532519159237 5.939332859642987 5.6694691654346485 5.400316609944222 5.128835092003681 4.852499584113712 4.56924965873573 4.277452974926765 3.9758787066335177 3.6636776522902537 3.340366264191763 3.0058122054898995 2.660219358099347 2.3041105202203926 1.9383063812561385 1.5638997484901385 1.1822244273551608 0.7948186060169338 0.4033830383676218
0.006686583291504178 -0.3794409050406067 -0.7640500118633042 -1.145296396067863 -1.5214181977485364 -1.8907822709457456 -2.2519275264099026 -2.603604647983815 -2.944811764795663 -3.2748260117054784 -3.593231278419262 -3.8999428067987285 -4.19522964403285 -4.479736287952285 -4.754505194814462 -5.021002175770728 -5.281147148198384 -5.537353308646131 -5.7925786724311035 -6.0503952774293435 -6.315083457739679 -6.591761924170103 -6.8865697036241125 -7.206924567044748 -7.561896623786701 -7.962759187771229 -8.423818925838711 -8.963696917183016 -9.607357026885365 -10.389408395410081 -11.359648615898305 -12.592685159001915 -14.205270592916644 -16.388876535277998 -19.473905528299138 -24.063468618569228 -31.33074296282012 -43.73282380251697 -66.89151554408524 -115.14969706150734 -230.51917183849244 -560.2002018561647 -1753.6218256991276 -7416.929858786431 -25773.784575390266 26060.904026875418 9313.323932205647 1566.8382459341856 411.2621586779808 159.67784541674246 76.93201368814573 42.084570480339366 24.94732019581752 15.5199343691223 9.84466032965179 6.154246787743507 3.5861903334795038 1.6892168627268 0.21339042917581375 -0.9865513893459604 -1.9986710743843255 -2.8784192125592964 -3.661950117493512 -4.373609430140118 -5.030280745330177 -5.6439783848363785 -6.223431609564608 -6.775075554957127 -7.303688202822955 -7.812815725231903 -8.305073474305091 -8.782377775209405 -9.246144594065864 -9.697479769839035 -10.137379049933726 -10.56695324921475 -10.98769404338229 -11.401799521912336 -11.812586787749435 -12.225033961362207 -12.646520220302992 -13.087877903722456 -13.564949974274043 -14.10098739325405 -14.730479847717692 -15.50550343979995 -16.506632671537957 -17.862441409897123 -19.785876663779288 -22.645489896917503 -27.113088846322242 -34.491249655608236 -47.50220688496842 -72.39369414665741 -125.35337807133561 -255.82104575948782 -655.2891716140952 -2404.0466538996875 -17548.313587301294 -375792.27695958765 2.7141062253122072 375893.4606460178 17547.562904258633 2403.8613957777775 655.2085797166062 255.7549990177943 125.2873612352201 72.3257422903223 47.432936620188656 34.42189566178255 27.045043212075015 22.58017212773744 19.724681932369315 17.80670619307978 16.457602701485108 15.464300998602187 14.698070794629814 14.078149288174746 13.55224288047574 13.085619443108376 12.654766313072718 12.243566492582957 11.840909178752467 11.439140889558107 11.03302228269376 10.618997019921084 10.194658270252788 9.758343854747164 9.308817330609397 8.845007421511008 8.365786408269516 7.869771781908175 7.355135715473165 6.8194040767714785 6.259220328991427 5.670038362414059 5.0456892733498 4.377735040088891 3.6544670015096687 2.859310061457364 1.9682175122381906 0.9453112803393948 -0.26461954668023646 -1.7494490261695665 -3.6543175332545346 -6.229118125110431 -9.925158377163157 -15.604975808217457 -25.035452541664338 -42.17158552060479 -76.99785698304595 -159.60414085759876 -410.17725420374296 -1556.7021818195315 -9235.576461864774 -26133.169102492673 25783.636712521627 7448.058840283984 1758.6599212906594 561.1973066026098 230.7576345727602 115.21306742630632 66.91084061280938 43.74275372391878 31.341128030532015 24.076830571119753 19.490380471866853 16.407782245026826 14.225652594091613 12.613525762094623 11.379957307419973 10.408268263916996 9.623953824580145 8.97734023079827 8.433958555213449 7.96899742599555 7.5639962706514074 7.204812277303296 6.880334315503833 6.581647576594518 6.301477522821508 6.033811370997899 5.773635239368913 5.51674849383732 5.259630850747987 4.99934632674337 4.733473395393539 4.460053988472046 4.1775560326151595 3.8848455085627176 3.58116485111859 3.2661150630575175 2.9396393216352124 2.6020061904397096 2.2537908680608787 1.8958532344515167 1.529311811818701 1.1555131343388148 0.7759964124987029 0.39245375741181476
0.0033473590532739905 -0.37405612470342575 -0.749982131955651 -1.1226036341993595 -1.4901699953229208 -1.8510502213875402 -2.203773849732693 -2.5470688906914507 -2.879896488053868 -3.2014822537906884 -3.5113445330703374 -3.8093201517774844 -4.095588500714342 -4.370695104607414 -4.635576140012976 -4.891585728495906 -5.140528294745872 -5.38469891640081 -5.626935539372879 -5.870688355516518 -6.120113855840881 -6.38020453971655 -6.6569707709979165 -6.957700147109391 -7.29133428292672 -7.669027180927657 -8.10499078543886 -8.617805795398391 -9.232506134133066 -9.98398703292047 -10.922749765839429 -12.124917814559794 -13.710373016959284 -15.877028242575127 -18.968839569103583 -23.618642015522937 -31.0687869151427 -43.95047587146761 -68.37007010259022 -120.20376116632647 -247.18580689401247 -622.931330197094 -2054.6224160769452 -9206.779170647329 -23370.580238509858 25267.988483509496 6325.879113498089 1290.9626664660489 394.6742568254446 160.8653169295726 78.1548340513688 42.52119472635207 24.88298688007734 15.161985754481298 9.305953873508834 5.497114046777119 2.8479338215862438 0.894537088321351 -0.6196068032304421 -1.8433695739883404 -2.866889262387873 -3.7468827799998907 -4.520338784849906 -5.212209784241639 -5.8398733742437425 -6.415790549071515 -6.949127285751782 -7.446765818666656 -7.913951089001392 -8.354718244266978 -8.77219052456163 -9.168803853099039 -9.546494687246442 -9.906875753947775 -10.251417202468138 -10.581647069105026 -10.899384114578803 -11.207018284492554 -11.507860014886573 -11.806591265116628 -12.109871823757778 -12.427190404639132 -12.77211293458591 -13.164192426893262 -13.63200973080847 -14.218201670256336 -14.988092872174619 -16.045103194970434 -17.55944568121781 -19.824224131597123 -23.37143983718093 -29.22852474321891 -39.533833131553116 -59.17124665578699 -100.71586465431714 -202.2475230649423 -509.49064539203 -1831.0499514691346 -13087.443241555724 -396008.7392025559 4.27189971333064 396069.63540668914 13086.370748610676 1830.8137398431688 509.3715562555534 202.15145747701334 100.62535812172868 59.08247158139312 39.44629453869419 29.142736940390712 23.28826138136675 19.74462588717918 17.484413249224673 15.975587100126587 14.924977725929711 14.162283608100124 13.583977807841707 13.124612145493098 12.74141121869743 12.4056419139984 12.09758685005169 11.803505676349912 11.513727862997868 11.221407755645506 10.921677513368033 10.611045462863844 10.286950231876423 9.947416930779495 9.590782284134013 9.215467229260755 8.819781467487298 8.401746637293206 7.958923979012044 7.488228747741521 6.985706602856273 6.446235340206163 5.863095644136548 5.227321628574338 4.526685508660366 3.7440713132273067 2.854811886353961 1.8222241206576095 0.5899165997202277 -0.9318960636998247 -2.8916821212584924 -5.545456982153772 -9.356319056159217 -15.210375077550907 -24.922259089610876 -42.53599724577672 -78.10411656678062 -160.60721345164563 -393.53397185459824 -1284.2943895419266 -6277.28557633322 -25205.64982319101 23273.64658417963 9237.857117755084 2059.519858344645 623.8532606797476 247.41182148575678 120.27494891663437 68.40154480783345 43.97177469645408 31.08825511609958 23.63847289607368 18.98921609198828 15.897425087433442 13.730017387559839 12.142974422415659 10.938407398580484 9.996506915309622 9.241253615780986 8.622273196280672 8.10481412327313 7.663997552098123 7.281403960334165 6.942983268277136 6.637738528912918 6.356874936996881 6.093236280257375 5.8409234484363415 5.595031037866627 5.3514623377765025 5.106797484481507 4.858198400626845 4.6033395903566365 4.34035727711668 4.067811519919973 3.784657323312457 3.4902216484111737 3.1841838398749545 2.866557421653537 2.5376715717584375 2.198150903199858 1.848892497935406 1.4910394604528143 1.1259505911731527 0.7551661135341003 0.38036970369970113
-7.048914008045415e-5 -0.367951651482068 -0.7343838346052234 -1.0975557438430705 -1.455727507020388 -1.8072712250882805 -2.1507096218253974 -2.484752337579277 -2.8083296145275938 -3.1206233437286457 -3.4210956872837706 -3.7095157258376643 -3.9859848386342156 -4.2509617849156855 -4.505288757091774 -4.750220038861608 -4.987455382888251 -5.219180895576492 -5.44812120442828 -5.6776081707382575 -5.911673690466301 -6.155177685402968 -6.413988006542803 -6.695238016446448 -7.007702416830797 -7.362356616702758 -7.773227209742772 -8.258715220993972 -8.843707317106874 -9.563038331103362 -10.467345608878574 -11.633308737026281 -13.182254994873304 -15.315458448444604 -18.38451697088697 -23.0399933713446 -30.567437807781925 -43.711453851134614 -68.9077020459572 -123.12403269508664 -258.3975510978975 -669.58414007249 -2301.0252726061162 -10718.458422705304 -16998.583188264147 21030.05431953399 4830.722859781246 1152.0043378659173 380.35481908461395 158.8326240074389 77.5331298412163 41.992317803698775 24.27258692887457 14.458498583471702 8.521260207462154 4.64485593920089 1.940596263002442 -0.056456143907070155 -1.6034762148443154 -2.849664533718307 -3.8852976825448287 -4.767133579593255 -5.532168004330484 -6.205370394550269 -6.804175538310947 -7.341163146223073 -7.825693843794556 -8.264929334483028 -8.664482990942412 -9.028847236950133 -9.361687347219648 -9.666058109680797 -9.944579882412707 -10.199598381672725 -10.433345135724137 -10.648111386493685 -10.84644670294954 -11.03139466343439 -11.20678231441019 -11.37758913207998 -11.550437591152374 -11.734276139342414 -11.941375636410623 -12.188849714676042 -12.501072821680115 -12.913677709615046 -13.480417324462923 -14.285408719265646 -15.465920216002349 -17.256854662097698 -20.08255986818419 -24.759326008472193 -32.97957073442159 -48.59194284527302 -81.45111029268293 -161.16936036911332 -399.7865829242153 -1408.3748398891414 -9783.692616061295 -356231.39225486794 5.739968825650976 356250.8695324823 9782.581812118102 1408.1128385377094 399.6430162403763 161.0534110257955 81.34393741418222 48.48856548517855 32.878747664744076 24.661052933478977 19.98728282606832 17.165177155238354 15.378481140918554 14.202828678884227 13.403275460183162 12.842502952435941 12.436341663215611 12.130986106545505 11.890750356289281 11.691204001129663 11.515171620560816 11.350311456861384 11.18759204837838 11.02029353268641 10.843323521048664 10.652726760675412 10.445317927562092 10.218395468843955 9.969510676573478 9.696275070517068 9.3961934406539 9.06651091657995 8.704060877262332 8.305096351970132 7.865080185160966 7.378397107972861 6.837931033716882 6.234417855183471 5.555427502404869 4.783729411342654 3.8946145751989762 2.851407412862369 1.5977388644951642 0.04381080390952058 -1.9589624550087752 -4.666901227779307 -8.543616675304246 -14.475454977472268 -24.273686783853332 -41.95605178222872 -77.40792368989058 -158.46778718527798 -379.17711149099586 -1146.9307360532043 -4799.729436631655 -20933.195645795804 16832.20568866659 10743.388136564676 2305.1000383642695 670.3474686656241 258.60666063890926 123.20855800149744 68.95658127203608 43.74790884841328 30.598531817683238 23.06794510906346 18.40983785651104 15.337982066645633 13.201533383707748 11.64879180198905 10.478476604137699 9.56931237966585 8.844710958083313 8.25415428166415 7.7629460596179145 7.346350103900889 6.986121063444761 6.668386795889991 6.3823190015172 6.119277017936908 5.872243264735122 5.63544294431173 5.4040828733342705 5.17416902656942 4.942377139361964 4.70595970545884 4.462678273942089 4.21075344442301 3.9488271821130905 3.6759335095326584 3.3914745802077206 3.0951997853068125 2.787186020780652 2.467817612625822 2.1377647253884025 1.7979593805639293 1.4495685080018195 1.0939637416951253 0.7326879516400542 0.3674187598212697
-0.003338592364787729 -0.3609440237228867 -0.7171160287022804 -1.0700557850917836 -1.4180321612466962 -1.7594199670989408 -2.0927366735234987 -2.4166772586187157 -2.730146992589999 -3.032292147041038 -3.322528792371604 -3.6005700465469026 -3.866452342592974 -4.120561525647881 -4.363659869580094 -4.596915472419583 -4.821935979861802 -5.040809284996284 -5.256154870790231 -5.471190984172036 -5.689825148334493 -5.916779110776704 -6.1577649823169045 -6.419738396699626 -6.711269369487072 -7.043096341602106 -7.428971334193513 -7.886978600879502 -8.44164354405652 -9.127398758447397 -9.994455807104396 -11.1190954959825 -12.622404156575127 -14.705904767651905 -17.72279392803458 -22.328912553026825 -29.825503674266727 -43.004499237142 -68.45518652851324 -123.70795906408216 -263.2427612472177 -695.252707698768 -2459.317480052281 -11701.076664160331 -9872.123565497901 16991.79077748148 4068.1376740372775 1074.023392070762 369.12968989233127 156.16162044266412 76.3596055777449 41.121023361611606 23.438474464300555 13.591631394203883 7.603012030455227 3.6728831359639225 0.9186753772098127 -1.1218144496541806 -2.7042872116257373 -3.976986672136924 -5.029471839358562 -5.917917314386956 -6.678834786906368 -7.336803729498936 -7.9089708611063125 -8.407742400090568 -8.842433523006399 -9.220300435460738 -9.547199859314125 -9.82802134258054 -10.066981348125225 -10.267835078985875 -10.43404214971455 -10.56891002572946 -10.675731612131422 -10.757928999929888 -10.819213393207239 -10.86377162407337 -10.896492811566239 -10.923255766307483 -10.951310819878879 -10.989812800656917 -11.05060224707577 -11.149403675363434 -11.307740425804402 -11.556111683959092 -11.939458304525141 -12.52692542730971 -13.430030820387184 -14.838100147440692 -17.091286678891926 -20.841260493948965 -27.434271548243405 -39.919860318413654 -66.06805320285235 -129.0653360261529 -315.7214363460126 -1091.5539395525186 -7348.647055360952 -288497.6474990785 6.898892817730484 288493.5991343144 7347.63897143992 1091.2917153169665 315.56880715123634 128.9406371262336 65.95294579223365 39.80902974028311 27.326124045334854 20.735477152982185 16.98801657950444 14.737653731828892 13.332756753920982 12.433165205765206 11.84953724877369 11.470347401613123 11.226458577489051 11.072954731741191 10.979374956222587 10.924241408304391 10.891874164843385 10.870467356024482 10.850881910766663 10.825856248357635 10.789466851497398 10.736742238539042 10.663374040024154 10.565491732917875 10.439480445287307 10.281828097846724 10.088991111530387 9.857268141831854 9.582669224834639 9.260763270887152 8.88647930791242 8.453824745102423 7.9554641861671875 7.382069511305822 6.721295783123498 5.956138543391498 5.062248127305837 4.0034387212993865 2.7239722993950553 1.1348659941221722 -0.9113487165080675 -3.669272972036258 -7.599414142101246 -13.581433160308881 -23.40944320760263 -41.048586182540475 -76.18796610988132 -155.74125216271105 -367.959728433318 -1069.8437300062967 -4047.056569772014 -16904.43358850487 9704.783382730824 11714.422426127128 2461.9262804638265 695.787401198964 263.4305299882 123.80866328936423 68.52410341102733 43.057845454856356 29.869276412864963 22.365609329757785 17.753439339080188 14.73081653163663 12.641543853116024 11.1322562066727 10.001375166582838 9.127832908961269 8.435417791239352 7.8740223759651835 7.4093413550715965 7.016990089575292 6.6790301407745885 6.381852805933952 6.114853662058106 5.869581367267673 5.639178420602797 5.418006076788329 5.2013880541684765 4.985432460561934 4.766906171099761 4.543144914012642 4.311987916802984 4.071729496363807 3.821082231943995 3.5591478385710307 3.2853928404413812 2.999626830361146 2.7019815990059204 2.3928898127800746 2.0730622459064207 1.7434628677570618 1.405281358358712 1.0599028767044327 0.7088751381956193 0.3538730609686791
-0.006231165106118652 -0.352820076674476 -0.697979562794826 -1.039919512929588 -1.3769149888021026 -1.7073426443270368 -2.029715884372396 -2.342718509879549 -2.6452367110241237 -2.9363893960993037 -3.215556979589418 -3.482408905869927 -3.73693036139211 -3.979448841416322 -4.210661509630453 -4.431664652966294 -4.6439870340869716 -4.849629654712917 -5.051115479629553 -5.251554203100639 -5.4547294633428 -5.665219482837713 -5.888567727290739 -6.131529158712179 -6.40243234057869 -6.711722178398826 -7.072790033510745 -7.503271585761195 -8.027125759283438 -8.678055580117471 -9.505308951214403 -10.58385291361534 -12.032913502147379 -14.051263703972818 -16.987846126262916 -21.491633803067398 -28.852446167257348 -41.84341856679152 -67.02773521207739 -121.93874883558941 -261.42826209061496 -697.4704429231604 -2507.4781206167618 -12009.767942964692 -4498.219967509555 14014.050183659207 3673.190360342762 1030.0935180614213 361.5804046724369 153.94407244504913 75.19662084944423 40.19044256747345 22.535337530530246 12.655260624604772 6.6147335930411 2.6287589401400093 -0.17908494558765975 -2.26793522628551 -3.8916492474407383 -5.197153775746525 -6.272939993040294 -7.1742538487923335 -7.936780765650797 -8.584373892285141 -9.133567771107687 -9.596292461587218 -9.981547403558332 -10.29645711910443 -10.546951207706101 -10.738212236126031 -10.874979074617652 -10.961760503250261 -11.002994316006154 -11.003175135164689 -10.966966740463269 -10.89931036008629 -10.805538277423032 -10.691502122512908 -10.56372762723301 -10.429613264352211 -10.297700774247742 -10.178064197305936 -10.082896574793443 -10.02743110655846 -10.031438325039943 -10.121737719930302 -10.336546545045566 -10.733271492204821 -11.40302273774818 -12.498909649785173 -14.29427081760748 -17.310558540231114 -22.621375914644304 -32.650222319206 -53.545036988105196 -103.53788575825806 -250.2345927528271 -850.3647328900765 -5545.844878438792 -218975.47844324663 7.570848399041097 218963.7637189935 5545.003790371403 850.1235594737633 250.08684789888045 103.41493262158163 53.43056461314832 32.53924941434949 22.512266229461897 17.202831416580633 14.187860097425453 12.39388309340006 11.299477350286136 10.631306350883385 10.236272960257864 10.023307234463541 9.935077205383003 9.933473694085926 9.99181190986631 10.090471830624947 10.21437301116368 10.351462413930035 10.491778144837705 10.626848793455768 10.749292738690963 10.852539214978307 10.930625225169521 10.978040724716198 10.989604762357551 10.960360606361297 10.885480014158343 10.760166583759222 10.579545861071349 10.338525414256283 10.031600656886518 9.652570253934899 9.194105475261448 8.647085389809488 7.99955409226033 7.235057808827882 6.329940868250588 5.24884360305771 3.9369917016729428 2.3065439490532746 0.2114666638644569 -2.6008275677352755 -6.5875448512990245 -12.621883755236789 -22.48283540866411 -40.09324166007217 -74.99873941186785 -153.50378180073008 -360.4605880692646 -1026.5438975870334 -3657.888986315267 -13946.208239756998 4374.165083455352 12008.773227730315 2508.2038564744025 697.7350606606735 261.5900749864797 122.05472223940639 67.11598757077608 41.91292160706128 28.908218647688553 21.536528888573546 17.023446688150813 14.078396021290004 12.051961038117017 10.594956715936702 9.5085004481249 8.673347006072085 8.014572467661685 7.483014478747718 7.045082978122119 6.676947401573485 6.3611057662354975 6.084297113867487 5.836196202262389 5.608577060335906 5.3947650560765 5.189270810246893 4.987541248675509 4.7857875938572825 4.580864734759493 4.370185345921596 4.151657675873777 3.9236394362551774 3.6849024896978833 3.434604523339657 3.1722649052134955 2.897742630036948 2.6112147830181787 2.3131543573096103 2.0043065957708883 1.6856633157802392 1.3584349277240282 1.0240200804367827 0.6839730590002535 0.33996921529944046
-0.008544102274021803 -0.34335711528887813 -0.6767360921272614 -1.0068965190468404 -1.3321176029268411 -1.6507773485274768 -1.9613865494017002 -2.262621500357387 -2.5533553229750705 -2.832687884933849 -3.09997439558507 -3.3548528803173383 -3.5972708854148383 -3.8275119623321086 -4.046222740292649 -4.25444175796541 -4.453631728111862 -4.6457176241221365 -4.833134013544349 -5.018886587907501 -5.2066351309520975 -5.400808678436841 -5.606769118747246 -5.831048257514959 -6.081697693661736 -6.368814758982433 -6.7053486491328025 -7.108362583541361 -7.601057247655085 -8.216101653835683 -9.001281616947686 -10.029404990472106 -11.416344582653942 -13.355362866685136 -16.18576498166921 -20.538479792900077 -27.66690045099662 -40.26410934338143 -64.69920339833956 -117.97716381176215 -253.3009704414346 -676.663189125355 -2440.6022090094034 -11636.101038116776 -1643.779335882698 11994.690174250734 3478.8738449525877 1009.1128479452615 357.7902719425685 152.58802699912977 74.27135784820737 39.32311306372393 21.636539927063907 11.699837956352793 5.596098317365051 1.5471462575969082 -1.3202235103254925 -3.463200502359306 -5.13417987794678 -6.478818120214946 -7.584414650800911 -8.505065758498686 -9.275350504721334 -9.918080569377985 -10.448847083278922 -10.878774114138068 -11.216234205898568 -11.467944889484993 -11.639685809616273 -11.736777529459674 -11.764407279323263 -11.727854495976464 -11.632649744728884 -11.484688995906378 -11.290318245911202 -11.05639948438375 -10.790367228217246 -10.50028494872457 -10.194912879312179 -9.883803511102629 -9.577449836256635 -9.287526573673599 -9.027290813343747 -8.812254695892419 -8.661326452108487 -8.598773277633809 -8.657666085614135 -8.886090420472392 -9.358741160974127 -10.199525762253359 -11.628022849063946 -14.061318687612623 -18.35550862094193 -26.43728897763875 -43.17563207583363 -82.92967184416743 -198.47857419903468 -664.1280585237652 -4199.652148081529 -160002.08952607863 7.637709735490716 159990.86091662064 4198.999026024541 663.9229763659315 198.34680155194738 82.81738193840259 43.0694848341151 26.333061481982334 18.25171303209583 13.957399278692328 11.52373904339532 10.094725105471714 9.253286581070164 8.779857887000198 8.550576939491128 8.490842707767898 8.552716435291652 8.703322890570853 8.918628812039087 9.179982482370175 9.47213170332084 9.782061767894534 10.098301652371466 10.410503765434509 10.709186179695962 10.985572200937765 11.231488026925973 11.439294004510492 11.601833356132406 11.712386630077232 11.764621904600258 11.752530582127552 11.670336570170914 11.512362540845311 11.272829940785488 10.945557888792644 10.523507032739188 9.998082324733648 9.35805329826525 8.58785245038393 7.664833926269639 6.554739539077689 5.203967197196894 3.5259176473906306 1.375905036839417 -1.497092574736479 -5.548211056773944 -11.647314894479356 -21.566547942884206 -39.210581948882215 -74.06295755785719 -152.1545674774738 -356.75708753007297 -1006.100422109859 -3467.268532752481 -11944.041114401216 1572.0410145091535 11621.337465088714 2439.380252484655 676.6534762759412 253.4322494258867 118.10363743500751 64.80276288273856 40.34662877337336 27.732333239399164 20.58991645048691 16.225246323937903 13.384146563812996 11.435176932083776 10.038728106691943 9.001381210351072 8.207210575403579 7.583427273407661 7.0823130015296165 6.6712972588225945 6.327294970066011 6.033364254565409 5.776673492927098 5.54723122162426 5.337073464775632 5.139732639201644 4.949883930299159 4.763105923475952 4.5757161611165165 4.384656575383006 4.187412467112073 3.981954131913601 3.7666936836522336 3.540451863783267 3.3024311110657623 3.052192183143343 2.789632346930082 2.5149636899057803 2.228690524514465 1.9315851968049191 1.624661893341317 1.309148279487471 0.9864549995630689 0.6581432318181202 0.3258906085817914
-0.010112372051951368 -0.3323436890234621 -0.6531317615704468 -0.9706962455019452 -1.2833198873962726 -1.5893827242863257 -1.8873952852194176 -2.176030633621595 -2.454155149728132 -2.7208580186766085 -2.9754794625119763 -3.2176378557968732 -3.4472559931514324 -3.6645869619938987 -3.8702403270740593 -4.065209691165306 -4.250903195928135 -4.429179239130998 -4.602390705242265 -4.773442501515013 -4.94586942539732 -5.12394479428524 -5.312835579543429 -5.518828249554408 -5.749663315886277 -6.015039567594249 -6.327388243782261 -6.703086219203569 -7.164401335948145 -7.742693650898552 -8.48384005530299 -9.457736475621571 -10.775582053747424 -12.62270334342376 -15.324069619266494 -19.482876262589542 -26.294551401263853 -38.31964583717095 -61.58979201457248 -112.12817267035824 -239.7531168960154 -635.9310797574213 -2271.5967364426247 -10682.864656715374 -964.3990357329812 10643.489198295838 3406.855325665514 1005.5624239296224 357.52386765627307 152.1756342400715 73.64727353389667 38.56044122297286 20.773374128538745 10.753279400178439 4.5748397640241185 0.4570324191779246 -2.4739212802654675 -4.674821257070784 -6.397222596523956 -7.785698662823373 -8.9263181259671 -9.871856859506172 -10.655532975511749 -11.298807391069143 -11.815985893716961 -12.217032023296714 -12.509344233039842 -12.698913461540172 -12.791097528980222 -12.791149966732695 -12.704585115967948 -12.537429146387558 -12.296387822914312 -11.988950885651883 -11.623446683987071 -11.209057615154672 -10.755805961514264 -10.274520531325937 -9.776797029737994 -9.274969660929555 -8.78211904034476 -8.312153944370904 -7.880025393168788 -7.5021681403719676 -7.197330854122885 -6.988080716980871 -6.903511371730842 -6.9841788764191115 -7.291349317581908 -7.9250284491694245 -9.060968092213795 -11.031618115875386 -14.51762645533039 -21.047134200082862 -34.46942319567769 -66.08075326930418 -157.07265066058574 -518.5304953484105 -3184.459141460527 -114371.38895080848 7.046621055906144 114363.30106390656 3183.9892421806935 518.3699903006467 156.96452561781535 65.98594331198359 34.377915415697565 20.955648000795524 14.424899355092169 10.937045674463963 8.964140524114761 7.825571806197029 7.188891826417354 6.878376584449342 6.794103535815443 6.874958300506773 7.080606636813425 7.382239408216806 7.757621851065544 8.188365064648595 8.65839681074232 9.153104619554764 9.658867533598459 10.162817259536938 10.652735562519666 11.117031022035428 11.544758825003942 11.925659234908181 12.250197390368811 12.509591155020482 12.695815755083828 12.80157436309992 12.820222555973704 12.745631303567873 12.571966950384317 12.293355774036506 11.90338215524167 11.394337576564606 10.756082394051402 9.974284190917837 9.027617707406884 7.883175351100952 6.4886836650619895 4.7587984687778855 2.549952869526778 -0.38799686044289905 -4.5097774701144395 -10.685878788627475 -20.691563644601175 -38.44085451883555 -73.44144932977248 -151.7707371912158 -356.60978157752373 -1003.0685288979635 -3397.9154408481627 -10604.914038031196 934.6731653357665 10657.499635108394 2268.7254563354386 635.6790384457644 239.8499118931796 112.2573702235785 61.70199998879799 38.41014077077098 26.3659985006337 19.538329711456246 15.365812166542035 12.652266100088987 10.793958246032988 9.465581068223566 8.481622254082055 7.730806756486574 7.143239664739037 6.67309721976983 6.2891056138980606 5.9691013877052885 5.696818040649698 5.459930707604754 5.248834754163489 5.055864983742331 4.874786325355651 4.7004557484003895 4.528594427195554 4.3556321489574 4.178599704203201 3.995053403019755 3.803021108356175 3.600962521130846 3.387738632906756 3.1625867234175153 2.925098290301742 2.675198024650882 2.4131224917378624 2.139397598706627 1.8548142759211572 1.5604020761567083 1.257400625020999 0.9472290378814696 0.631453554233441 0.31175373537251083
-0.010823655706704294 -0.31959849528973017 -0.6269208863185494 -0.9310157924541373 -1.230171150863879 -1.5227715952531584 -1.8073311967342631 -2.082525064932006 -2.347219697713676 -2.6005020135227985 -2.8417070649661147 -3.0704445132151426 -3.286624067926347 -3.4904802705798543 -3.682597250090902 -3.863934430859972 -4.035854670419448 -4.200156996690962 -4.359117114102196 -4.5155402928470645 -4.67283340190916 -4.835106110444298 -5.0073163486069605 -5.195483179686599 -5.4070033429398645 -5.651129549185674 -5.93970582745712 -6.288320348062093 -6.7181533429908065 -7.259015191651841 -7.954487114336036 -8.870908947685718 -10.11368935443329 -11.85819308233936 -14.41118210155856 -18.340252600435868 -24.7656661867543 -36.07426816933823 -57.84983356033446 -104.7912055065392 -222.04282808428565 -580.263699598107 -2026.961078358509 -9315.440454021022 -1771.274792617916 9697.237681602111 3417.6315460551973 1016.0398816980986 360.34865406850304 152.61676918703614 73.29890187038279 37.898485680158274 19.95330217515186 9.83093892692452 3.5725499457103793 -0.6147267187167627 -3.608744369721084 -5.867345210622126 -7.6418171961996695 -9.075827241593128 -10.254182499786907 -11.228182977948004 -12.029446267906723 -12.677783098383188 -13.185873612023835 -13.562158019437275 -13.812694945795068 -13.942401102687295 -13.955904850153633 -13.858146655447156 -13.654803357744383 -13.352581071904845 -12.959403248534729 -12.484510346694178 -11.938482610953649 -11.333195822840203 -10.681720519654103 -9.998177446871592 -9.297565614001524 -8.595584339208262 -7.9084776409121815 -7.252939624892152 -6.646135939476494 -6.105924602646251 -5.65141066069641 -5.304066090878745 -5.089837095160199 -5.043051501298912 -5.2137748965086494 -5.682148557117905 -6.587757894414015 -8.193715530449008 -11.037856326623352 -16.3257778403203 -27.0865400919984 -52.17145083416641 -123.62509059615999 -403.53294681879424 -2411.540768986153 -80667.53189640444 5.804661534511979 80662.66471360208 2411.2340166119493 403.4195519390371 123.54483060039055 52.09859843646747 27.01428633687941 16.251772994473335 10.961051676148248 8.113440658847892 6.503415472953744 5.593127190832714 5.119456040816317 4.9428630673475915 4.983330795282903 5.191004152176326 5.5318509038093655 5.980294593520563 6.515288325097401 7.11818232323691 7.771574449780827 8.458723721552763 9.163297798704395 9.869322383470047 10.561251471149502 11.224105259308725 11.843638458752803 12.406511428709743 12.90044287351022 13.314327202329501 13.638302693374515 13.86375839705467 13.983268043246122 13.990437425423496 13.879646820770253 13.64566009936785 13.283054204394906 12.785391044803918 12.143998316628823 11.34612692069048 10.372072475665627 9.190510046124846 7.750632886475046 5.968353349887351 3.701002219231447 0.6986749821824567 -3.4944770863035157 -9.753226229496716 -19.865205596207737 -37.77937329790051 -73.10708028593959 -152.25918758121182 -359.5839551967983 -1014.0826829309191 -3410.8583490356637 -9665.814940369124 1768.0344391902736 9283.96361944305 2022.9986288677803 579.8280721423898 222.10259966223498 104.91387118386707 57.96257583526087 36.16660868938581 24.838723446682085 18.39669625847473 14.453259429197256 11.88750549784255 10.131328030125648 8.877628606518833 7.950850244347329 7.245499599306398 6.695228733513552 6.256500631530437 5.899582466867003 5.6033898260191 5.352436378874558 5.134975907694073 4.941841266940528 4.765702482480427 4.60058350072734 4.4415422770921476 4.284456116896429 4.125875981257909 3.9629265325202834 3.7932366961546116 3.614890520536318 3.426391317049582 3.2266341621972616 3.01488325829824 2.7907516383363085 2.55418141810404 2.3054233405572777 2.0450147848050104 1.7737557510189017 1.4926826114219915 1.2030396358725381 0.9062484726612974 0.6038758851623083 0.29760012308810424
-0.010626738879970787 -0.3049854475439817 -0.5978872599721186 -0.8875668231189682 -1.1723218128678603 -1.450546478256598 -1.7207641711236565 -1.9816586789533908 -2.232104214666686 -2.471193961870455 -2.698267125285092 -2.91293451744834 -3.115102833632366 -3.30499793683936 -3.4831877266838784 -3.6506055095880674 -3.8085752740996126 -3.9588409498264587 -4.103602686920671 -4.245564573328031 -4.388000247715906 -4.534845948630239 -4.690835320564634 -4.861697876659132 -5.054455324932372 -5.277870414748531 -5.543137772867079 -5.864966996830534 -6.26331743191516 -6.76624606852666 -7.414716599637716 -8.270985744491671 -9.433774482396263 -11.066890904333492 -13.455911439038681 -17.126941245856063 -23.112585282735463 -33.59716109812671 -53.64257920669413 -96.40509204762893 -201.58038174296289 -515.4697808796849 -1739.6153597620144 -7719.7440721242565 -3374.4970912564295 8947.125171424339 3488.428516485236 1037.8682049949582 365.6685110721458 153.70876037354873 73.14322961911812 37.30390988437804 19.16853121202447 8.9404967824587 2.6075810896991625 -1.6416610032599088 -4.691618027198446 -7.002102242487373 -8.824462619080874 -10.301524876902018 -11.516763866452894 -12.519846615057922 -13.340568214077058 -13.99681472240677 -14.499324773494525 -14.854671110275385 -15.067216317034559 -15.140453805729814 -15.077961929327865 -14.884098229279719 -14.564504000592615 -14.126457196123043 -13.579093923593577 -12.93350990344333 -12.202750094629788 -11.401695283833613 -10.546857545514765 -9.656101119044358 -8.748310853355923 -7.843036525446712 -6.960148258394749 -6.119546752207938 -5.340984312558472 -4.64407317267157 -4.048595369229302 -3.575301625765581 -3.2475333977033394 -3.0943058968335713 -3.1561433001781047 -3.4964327382769333 -4.224598172428706 -5.5464902985424835 -7.88290677879111 -12.176761349866894 -20.793095612068324 -40.61811792894332 -96.42167674303259 -311.99819011548334 -1818.2436805574919 -56343.84397584249 3.965587126231185 56341.432023997484 1818.0716447509758 311.92957696069885 96.37032031478253 40.56934292395731 20.742845055070624 12.123472809786318 7.825678484503218 5.484545812282082 4.157125511725646 3.422563729971184 3.07499802247424 3.0050714980700555 3.1495605009079775 3.468206206604929 3.9323557466641734 4.519112798054836 5.208232173685712 5.980468742092793 6.816744868977098 7.6978046173237225 8.604169905841452 9.51628704845997 10.414789669629387 11.280824108523824 12.09639510326821 12.844697323377563 13.510404475124416 14.07989311968727 14.5413832945962 14.884982168564264 15.102619742642931 15.187866095388024 15.135616570285393 14.941622675942456 14.601829105413687 14.11144561922928 13.463626339316747 12.64752885118972 11.645343180827181 10.427538680244044 8.944911640688947 7.114668985291616 4.794926543096878 1.7356238021529191 -2.521234502320252 -8.857310326156469 -19.079589829940623 -37.192238082843495 -72.97562193838952 -153.4152334552885 -365.0821806741988 -1036.4863324084083 -3483.596153149193 -8918.682723984652 3382.7480788251305 7686.842491140453 1735.2148687967172 514.9219749569367 201.60272804616852 96.51224939426494 53.74763621109113 33.68505581189396 23.1827146830485 17.181262120653518 13.49635936794602 11.094930057331114 9.450439060069462 8.277011028634297 7.41066228413946 6.752593001626422 6.240538377952214 5.8335757737706935 5.503720933353051 5.231104753735393 5.0011137312547245 4.80264553694959 4.627017998341809 4.4672719281863005 4.317717487702654 4.173634612446575 4.031072841144678 3.8867163130507087 3.7377919599806964 3.582006439568075 3.4175020761573194 3.242825098916935 3.056901462076822 2.8590168828723783 2.648798686781806 2.426197746193126 2.191469330269924 1.9451521047292308 1.6880448541878312 1.421180774940356 1.1457993973035263 0.863316361948141 0.5752913861445386 0.28339482501249513
-0.009533920872772939 -0.2884237240408094 -0.565861499092768 -0.8400996278729034 -1.1094534012073831 -1.3723345576488466 -1.6272837457154132 -1.8730016796347781 -2.1083787958592337 -2.332523255297314 -2.5447871960593282 -2.744791221058196 -2.9324472305136684 -3.107979883543721 -3.271947221425986 -3.425261327278939 -3.5692103663892416 -3.705484000151027 -3.836205076702126 -3.963971803360722 -4.091916517700855 -4.223790054815324 -4.364085157571584 -4.518219417956326 -4.692809649273766 -4.896088511084917 -5.138546356146245 -5.43393727636135 -5.800888611580818 -6.265538208774235 -6.865976551043984 -7.65996899252868 -8.738873055066133 -10.253777428262389 -12.466984809662712 -15.859171868702893 -21.367430055103107 -30.95678778521016 -49.12856151529587 -87.39790120825819 -179.73044304343986 -447.14642439322546 -1441.5048260904316 -6073.971244725005 -5146.133521132796 8221.862551020784 3602.786693872986 1068.3575254795262 372.69781205179873 155.15209809060292 73.0511517085175 36.720865838789734 18.40018087405748 8.084526430186534 1.6966006795357536 -2.596824896468619 -5.687475518305618 -8.037246461078118 -9.897469900509298 -11.410001512717482 -12.656835034232268 -13.685835343521038 -14.524778546819299 -15.189396963000977 -15.688225248365884 -16.025677281856222 -16.204109001614064 -16.225275107691893 -16.09140173178869 -15.805994497509745 -15.374443487518041 -14.804454081575047 -14.10631543282248 -13.293010892465595 -12.380173915312875 -11.385896632917225 -10.330404883194255 -9.235621598822075 -8.124648990656125 -7.021208065043361 -5.949081298698422 -4.9316111874508906 -3.9913155068616035 -3.1496931421104435 -2.427319642060999 -1.8443838365422849 -1.4219260517001064 -1.1842699070363505 -1.1636431666439684 -1.409124504307968 -2.004788755849418 -3.108955420634274 -5.046138648823195 -8.544573543445289 -15.429793954544468 -31.002169469918073 -74.21839077797142 -238.78311124218675 -1360.0612069463791 -38987.25815881612 1.6115089403001548 38986.44599756046 1359.9921941300152 238.75339140416062 74.19428686229023 30.977395715292566 15.402418786638616 8.513610647760128 5.0107442950309 3.068204610214842 1.9576332709592137 1.3544278052224357 1.1002559795703082 1.111129338439154 1.3381666139944404 1.7494502962300817 2.3210720933763973 3.03249518977311 3.8640973610359897 4.795900957856869 5.806999840567428 6.875425256157586 7.978302125409842 9.092199453605287 10.193603652337568 11.259456143396518 12.267704071562413 13.197819055790205 14.031245356810329 14.751746125220011 15.345624229901045 15.801801783290047 16.1117487521234 16.269254655159603 16.27003667261151 16.11117039607701 15.790312675250938 15.30465404556397 14.649480936924085 13.816125864428846 12.788898770776935 11.540246385913985 10.02271340135169 8.154914907800709 5.795831951992958 2.695259435230024 -1.6071502704823049 -8.000887636569754 -18.315711898405223 -36.62307820870723 -72.9169072968222 -154.9376525438839 -372.3174265369833 -1067.6008367537593 -3599.8106011166265 -8192.89450094903 5152.846044491568 6043.71601115341 1437.2563454184028 446.55675948960027 179.71753988642368 87.48239274476654 49.21882892885976 31.034637146520325 21.43054054854737 15.9085592988413 12.504052883666876 10.279677501151065 8.754446175257042 7.665823052842822 6.862579283166761 6.253296362481869 5.7802084257588255 5.405267676556885 5.102407423275556 4.853087560941216 4.6436468589397535 4.4636846297441135 4.305047318072519 4.16118067888549 4.026708561405689 3.8971553501562783 3.7687612573450435 3.6383585519461636 3.5032881790708625 3.3613432084333983 3.2107299409467327 3.050040329902748 2.8782312388708764 2.6946073347411392 2.4988053175722946 2.2907778543385104 2.070776098331284 1.8393300785973787 1.5972265742109082 1.3454843501636837 1.0853268426591622 0.8181525367961795 0.5455033925871877 0.2690317378700735
-0.007617529404480017 -0.2698924960325977 -0.5307337550214397 -0.78842333376683 -1.0413055459757015 -1.2878205520233665 -1.5265367737604674 -1.7561818714934008 -1.9756720256219884 -2.1841393120236585 -2.38095702373764 -2.565762882275613 -2.73848021500267 -2.899337355222187 -3.0488857721350238 -3.1880177733639714 -3.3179850759273988 -3.4404201565824133 -3.557363147943249 -3.6712982563968932 -3.785205449306217 -3.902635813782529 -4.027823077664694 -4.165850247178082 -4.322900758762793 -4.506640834987807 -4.726809036219581 -4.996139921315673 -5.331839631998042 -5.757998342682257 -6.309641946016936 -7.039750505743284 -8.031853322149175 -9.423564341066795 -11.452653729041861 -14.552229632649738 -19.560210862932525 -28.216314033028265 -44.45330829881188 -78.14871350022123 -157.66564413648763 -379.9297682454927 -1158.1783866154271 -4528.23447364576 -6526.456685392077 7371.2747622991155 3744.9255346561827 1104.2665042852561 380.4015023966678 156.54609061752754 72.85027532611399 36.07407396748377 17.620653137990217 7.262115312812734 0.8555590619177544 -3.452390043329201 -6.5593370469876895 -8.92826229707433 -10.80984485177988 -12.344568962998347 -13.61268410025089 -14.66006189852046 -15.512296742443004 -16.18280494218194 -16.677739021494773 -16.999152624695977 -17.147170577721525 -17.121567634830193 -16.922970940554947 -16.55379648277999 -16.018970411535438 -15.32645296801638 -14.487565983033468 -13.517119188367621 -12.43333268673541 -11.257560552142554 -10.013831660443673 -8.728236552414392 -7.428201610837348 -6.141702540184424 -4.896477168967461 -3.7193028234649983 -2.6354072736767264 -1.6680876168551073 -0.8386247833802596 -0.16661456122890606 0.3290869547567521 0.6284342894791184 0.7065301917408284 0.5266113393176397 0.025977901643159385 -0.9141942279478066 -2.539195655331117 -5.401804526787846 -10.889063497374618 -23.020503945452298 -56.10047055245371 -180.1302669016036 -1005.07659713994 -26675.29935982653 -1.167983441519027 26675.39531864019 1005.0794132085894 180.1313191944942 56.09989614269617 23.017768531408134 10.883693770605829 5.39316728943251 2.52642212374643 0.896182317794425 -0.05051732121397201 -0.5590781169995118 -0.7483366710703265 -0.680892385969134 -0.3932881913149 0.0899177313296029 0.7491276298665639 1.5660231250946843 2.5216095855662424 3.595237658431394 4.76423478975696 6.0039513788612275 7.288103501452703 8.589327415605696 9.879874143514655 11.132377335059118 12.32063064816491 13.420315309888853 14.40962564557613 15.269750264874649 15.985178357380558 16.543812774542086 16.936882424536392 17.158654125935534 17.205946352545354 17.07744196045857 16.772780703543933 16.291379759332536 15.630871708778164 14.784945247285075 13.740186053920397 12.47116494451833 10.932340403677493 9.043962938036776 6.666232586809984 3.549373143251211 -0.7684030889087978 -7.183082594936218 -17.545757331186294 -35.99604245044519 -72.75745033205244 -156.42391878044614 -380.2523344350117 -1104.1887860345767 -3743.791992382501 -7338.912139538144 6521.81906028133 4503.52120665876 1154.5071868843681 379.35758074306267 157.62224909328435 78.20619660288463 44.52366057691448 28.279843044785036 19.613101644723738 14.594476348028934 11.484999586432037 9.44672934590593 8.046385707196357 7.046047112736937 6.30800625883117 5.748698179880856 5.3151545285710915 4.972396612054203 4.696405761878824 4.470061674975434 4.280721185944136 4.118735020547382 3.9765175501260686 3.8479517403780528 3.7280024263464107 3.6124619736477293 3.4977816806389117 3.380959534494965 3.2594653397804985 3.131190647653881 2.994414950655 2.847782213991623 2.6902835414788218 2.521242958949399 2.3403041416047987 2.1474165379470334 1.942819826686315 1.7270260278817728 1.500798902385192 1.2651305270811042 1.0212151350902365 0.7704204626207689 0.514256957286352 0.2543452674158564
-0.005001373240554052 -0.24943085046746916 -0.49246197618979526 -0.7324221168258926 -0.9676995079488382 -1.1967767083503889 -1.4182628557041221 -1.630924354977803 -1.833713673046189 -2.025795962228849 -2.2065733151910294 -2.37570655403585 -2.5331346024376478 -2.6790916776125995 -2.8141227928413226 -2.9390983890709155 -3.055229347426469 -3.1640842139218917 -3.2676112572860294 -3.368169094751794 -3.4685712364845855 -3.572152312176502 -3.682867455967187 -3.8054421741642863 -3.945599460042082 -4.110406513252035 -4.308809781757711 -4.552472727544638 -4.857112005201558 -5.2446766305237755 -5.746996287111297 -6.412076681861292 -7.31534497888848 -8.580547940318302 -10.420390691548848 -13.219816235878339 -17.717433874441802 -25.430389333395418 -39.73921990076512 -68.964294734577 -136.28564576674052 -317.1238535960574 -906.2923419083456 -3188.9278555259357 -7088.386254074272 6264.111948587753 3896.1319511275146 1141.3250962528875 387.4220311321652 157.37814881812196 72.32535766333078 35.271000365601076 16.795595412923415 6.470220700006412 0.10039859782456917 -4.1795452413159735 -7.26877000929299 -9.628938743942438 -11.508733421048412 -13.046516011733372 -14.320377365507133 -15.373970967900839 -16.23058598899274 -16.90124580010388 -17.38965549931276 -17.695432990126047 -17.81637388872548 -17.750147338543854 -17.495629202797236 -17.053972306833032 -16.429452360149366 -15.630094185573595 -14.668066478439323 -13.559829439026005 -12.326025104009153 -10.9911125312534 -9.582766609792515 -8.131077544765164 -6.6676053299497 -5.224357402553448 -3.832766558400369 -2.5227496006841044 -1.3219261080066325 -0.2550741152906877 0.6560988720438754 1.3927751489906104 1.9382926356203978 2.276592048324755 2.3893000451813418 2.250255262625789 1.8147251955058508 0.9965603845674131 -0.38463513737374555 -2.7388257478300204 -7.097936910565039 -16.450077076631818 -41.38458590297489 -133.25342571505195 -730.1267858573812 -17981.174548144594 -4.298362129588895 17981.695451442865 730.1733826201317 133.27612442046942 41.40242552040707 16.465951770399112 7.1122255490885244 2.7510550605458484 0.393853685668466 -0.9916355876771199 -1.815605164863232 -2.2585763215066113 -2.4067124608606605 -2.3046407391291712 -1.9782947792179595 -1.445701505224939 -0.7224665360716642 0.17528970113311892 1.2293526776430141 2.418647238524585 3.7190205558834677 5.1034332443689046 6.542466938640468 8.005072656839252 9.459485655096689 10.874229427491056 12.219129739065027 13.46626215720792 14.590764587186777 15.571459410433919 16.391246440073946 17.037245743640185 17.500685796318916 17.776544774208425 17.86295851769648 17.76040518509464 17.470660699296925 16.99548559992256 16.33494340169364 15.485144232828453 14.435017381806135 13.161363600215358 11.620754155194367 9.735455043508034 7.367592500154562 4.269107356160706 -0.020900032506876443 -6.400692526970508 -16.735015312519806 -35.2179121620412 -72.28076479356595 -157.3592130375434 -387.5255305080793 -1141.97677936676 -3896.8604644800384 -6226.403042686002 7068.190144457453 3171.1957471738115 903.4281168871594 316.6126811191261 136.21863759383567 68.99356194795314 39.78690903727433 25.476982874733377 17.758046885600344 13.253495359456386 10.447193008397692 8.60071103808896 7.3290697768893 6.419496714337481 5.748201379165985 5.239748349254794 4.8461570720635665 4.535650167818983 4.286350802586991 4.08262716330321 3.912906475148914 3.768332547576525 3.6419223576780735 3.528026068438106 3.4219761728579434 3.3198571345738337 3.218353242596117 3.114647963345929 3.0063574780303526 2.891486898204676 2.768401320770164 2.63580625183113 2.4927335082786106 2.3385297882366762 2.1728458785191807 1.9956250426672595 1.8070895813826482 1.6077249147194994 1.3982608265222796 1.1796497500837777 0.9530421653058951 0.7197593275343195 0.48126365878642385 0.23912720713892277
-0.0018485255692812785 -0.22713401380713982 -0.4510765158566299 -0.6720678768284971 -0.8885583559042898 -1.0990896933082972 -1.302326959652933 -1.4970887397663946 -1.6823752481870402 -1.8573940345451012 -2.021583027835838 -2.174630785252707 -2.316493968938793 -2.4474122728299075 -2.567921276522833 -2.678864023952232 -2.7814025351216576 -2.8770309972217523 -2.967593103755939 -3.055307019284026 -3.142802898745689 -3.2331800558338397 -3.330094193017552 -3.4378903271445327 -3.5618054580273393 -3.708278894086897 -3.8854315398921533 -4.103815867891602 -4.377609974794416 -4.726559905140204 -5.179220636117796 -5.778526064538873 -6.591691013745019 -7.728507664306848 -9.37668012833466 -11.87362335612424 -15.861224605047962 -22.643304278878173 -35.08155568542392 -60.07003169773095 -116.1969502690785 -260.67154860804243 -693.768833056989 -2111.0758587464315 -6654.620841497766 4805.726786346795 4032.2969909249373 1173.813420933256 392.01629311725213 157.01730421617043 71.2207983648111 34.20499224043305 15.886222822003303 5.705034571298895 -0.5524488115032922 -4.748759584672357 -7.776826977556328 -10.092916871679291 -11.941527100882698 -13.457727240787504 -14.716849152079519 -15.760055873440155 -16.608248301770573 -17.27007790435442 -17.74687181612167 -18.035891750090293 -18.132666625483296 -18.0327864199159 -17.733353472697555 -17.234179177688656 -16.538751412904507 -15.654963107029074 -14.59557619972185 -13.378393278510314 -12.026118287600251 -10.565905222420513 -9.028616459568761 -7.447836888795356 -5.858712560422585 -4.29669986904857 -2.7963209726278304 -1.3900223345597595 -0.10722690722775319 1.026340303981188 1.9889832254527118 2.7629517424943018 3.333848323705535 3.6893470250642935 3.816848303975773 3.6992230090115985 3.3066628839339973 2.5797412244654705 1.3906705840516231 -0.555339095525964 -4.005003712896915 -11.122126994791426 -29.549596385739505 -96.0501367094113 -518.1579040560202 -11877.511987391108 -7.744991424374348 11878.155566936517 518.2250238662078 96.08539989610642 29.58002677371452 11.152212989563592 4.035495789536103 0.5857858044655551 -1.361325221762577 -2.55293622451247 -3.2840870481765094 -3.6827000035721813 -3.8082216540724634 -3.6903621622008664 -3.3460346140945507 -2.787509926797105 -2.0266847574490487 -1.0774452269379786 0.04302744150308513 1.3136339745634107 2.709241268600282 4.200979441184582 5.7568835317534095 7.3428121423047 8.923565419621804 10.46411357025434 11.93084014170398 13.292704780080156 14.522239118615055 15.596306084670886 16.496574934213857 17.20968846438464 17.7271214616187 18.04474698470393 18.16213643360376 18.08161769037503 17.807099884672716 17.342638811140702 16.6906548006239 15.84960690355363 14.810736184034667 13.553138628530636 12.035746518195555 10.183411590798663 7.861319673570232 4.8252703912576855 0.6192734088578122 -5.649508289797822 -15.844157470528419 -34.181186721443936 -71.22977953933042 -157.10977788712776 -392.38816253892804 -1175.2338675016106 -4034.92631353167 -4762.26460664602 6622.135926009349 2100.3787811469897 691.770691470066 260.2486548440952 116.11449725997923 60.07271131049873 35.106158826379016 22.67204142925333 15.888697635558223 11.898132689036055 9.397663324437547 7.745732698230569 6.605001735344156 5.787772885822405 5.1842549381159175 4.72724932779181 4.3738587411701335 4.095584054047141 3.8727508871629066 3.691264213129819 3.540661287258634 3.4129128100859885 3.301668326348983 3.2017726060612484 3.1089514170268284 3.0196055055844995 2.9306749775792618 2.8395501193587136 2.7440130862060874 2.642200074753076 2.5325768812731186 2.413922875459107 2.285319838986055 2.146143095216879 1.9960530554452571 1.8349858293692511 1.66314195010564 1.4809725891495873 1.2891629000177929 1.0886123470271736 0.8804120549626981 0.6658193570735493 0.44622983033759667 0.22314719011817807
0.0016528703972173986 -0.20314726953962747 -0.40668213862227187 -0.6074300591146775 -0.8039240874957443 -0.9947842728758038 -1.1787487269215857 -1.3547029824789725 -1.5217071639597735 -1.679020564249456 -1.8261233260918885 -1.9627350563627965 -2.0888303736929514 -2.20465159661537 -2.3107190352669726 -2.4078396603977037 -2.497115309736675 -2.579952085156878 -2.6580732452208267 -2.733538795564594 -2.8087762651651804 -2.8866290662896144 -2.970431754422964 -3.0641260952410376 -3.1724392280145506 -3.301157360658391 -3.4575488760936466 -3.651025952048914 -3.894196058740126 -4.204567857790317 -4.607388088692446 -5.140497228339705 -5.862919868624286 -6.870646190012298 -8.326898067809868 -10.523104721177761 -14.008923568234326 -19.888360106677936 -30.547867933143902 -51.61212949073235 -97.73725585179416 -211.35541926467383 -521.6301070002727 -1302.0021981989682 -5370.030306316593 2975.8919848601195 4122.709619295346 1194.2801520006885 392.03377543108206 154.72268463158633 69.24900272801949 32.76070661123703 14.852374249189614 4.963345673505426 -1.0859367006288423 -5.130612732529016 -8.045658560195678 -10.27597681779374 -12.05875232659026 -13.524122759145662 -14.74384833505357 -15.756269339693844 -16.57985258341231 -17.221001132061847 -17.678879697611283 -17.948645748675496 -18.023806814336794 -17.898077552691017 -17.566920650592955 -17.028847071922094 -16.286487571449126 -15.347411641689623 -14.224654172069195 -12.936909919060158 -11.508368629103982 -9.9681863562473 -8.34961748785168 -6.688862788110095 -5.023716590608629 -3.3921168359107856 -1.8307118093396912 -0.37355604409317067 0.9489640062065874 2.1108927882951267 3.091095330671756 3.8732251567985543 4.44521507410256 4.798187060984782 4.924541924710146 4.814659637532026 4.45084002466456 3.7950608364534233 2.7614251085095187 1.1465789560438644 -1.5703734623451204 -6.903156194283389 -20.18660705657482 -66.89851765084519 -356.3911962581723 -7632.007505461544 -11.54451109243837 7632.607413704235 356.46113408611234 66.93812947719091 20.223739458163912 6.942611049937097 1.6129460613845126 -1.101392149478464 -2.714769860469035 -3.7484812729482453 -4.406137591906889 -4.773778099385062 -4.889457368811856 -4.770798587737657 -4.4272378339405005 -3.866089815079965 -3.095858954900166 -2.1281662325967066 -0.9788603654603545 0.33144831606102265 1.7773288787892305 3.3288919540452877 4.95252618014419 6.611949028880737 8.269491826967679 9.887519588095417 11.429873973053395 12.86322578007204 14.158233038029655 15.29042083222909 16.240726485322043 16.99568423337794 17.54725242670785 17.89230900170191 18.03185385173489 17.969956754891324 17.712473862768196 17.265520267320394 16.633622756339545 15.817368444675932 14.810175473018576 13.593464832043766 12.128842099312363 10.344533905780327 8.110398108601146 5.189190257770537 1.1357562243075048 -4.925644462950296 -14.832258825774325 -32.76947412802128 -69.31515834555857 -154.93133374920365 -392.68193167458105 -1196.4899759575376 -4127.306101015993 -2928.565971330066 5334.70691578346 1297.3915091973608 520.4393243316474 211.0339946739992 97.64779339473172 51.59195208488731 30.550888119759144 19.899802353458284 14.023473007853948 10.53859417823877 8.342278032012414 6.885277560555597 5.876316784388362 5.152235577609646 4.617078704733171 4.211855754228042 3.8987698572749 3.6526305384744493 3.4559979777504246 3.2963443411193616 3.1643451495294572 3.0528244981055384 2.9560898505343047 2.86950522625673 2.7892138346333195 2.7119564204236557 2.6349520199525633 2.555819964723538 2.4725293400709725 2.383366677715104 2.286915562470515 2.182043713650772 2.0678943612292833 1.943879601599141 1.8096740361203678 1.6652074571815723 1.5106557010394206 1.3464290696943437 1.173157956357307 0.9916755019073742 0.8029972689305165 0.6082980527022386 0.4088860592349475 0.2061747680420778
0.005304057694999198 -0.1776589167604148 -0.3594583676458374 -0.5386831306944395 -0.7139717500245779 -0.884043385374067 -1.0477276213771702 -1.2039925895718229 -1.3519708610670866 -1.4909826465281384 -1.6205559527213143 -1.7404434905504695 -1.8506363095993628 -1.9513743488699942 -2.043154348716769 -2.126735865450591 -2.2031464915220345 -2.2736878279819295 -2.3399443351829197 -2.4037979714558455 -2.4674526474918745 -2.533474173795347 -2.6048539037167027 -2.685108232029776 -2.7784324754484557 -2.8899381149119496 -3.0260199383774777 -3.19492979775321 -3.4076868606159465 -3.6795505001003397 -4.0324615682732485 -4.499204245391412 -5.130734139718396 -6.009565085397377 -7.275268566728568 -9.175417503022587 -12.173070054868061 -17.188181075646067 -26.179920250277153 -43.667121451471665 -81.0247675855813 -169.10236523159816 -386.42256073564863 -734.4590318080257 -3634.025479031173 875.2437667998336 4130.78152939077 1193.5615820551825 384.9766439941282 149.6783703595189 66.10801621452603 30.822735215034758 13.656361203660538 4.243676456819889 -1.482943390701541 -5.297468054202281 -8.04102474002255 -10.139220874286202 -11.817828294052312 -13.199930605850284 -14.352682815775147 -15.311202786097155 -16.091508220404062 -16.69797488304911 -17.1279643164203 -17.374954993060744 -17.430865678505768 -17.28792488953246 -16.94025617672623 -16.385242158495906 -15.624666702625522 -14.665598637113586 -13.520964812607783 -12.20976176081634 -10.756871113529742 -9.192471271898262 -7.551072316728247 -5.87023749463178 -4.189086986517987 -2.546702798111866 -0.9805637721393978 0.4748644603269625 1.789276921316807 2.9373325900239333 3.8990610321620878 4.659843606510394 5.209948607426407 5.5435759200628265 5.657280063208203 5.547418967007944 5.2057339999656005 4.610781819799348 3.70910138483449 2.3681980910805756 0.24209890131077216 -3.6807052066056833 -12.962241157883359 -44.51065595241443 -235.03795663524673 -4722.1888293485745 -15.853884419811948 4722.671698591298 235.09859012769584 44.54784677716761 13.000683503043842 3.7247612360247206 -0.19176516623753415 -2.3121568676298665 -3.648543921220826 -4.547288651808312 -5.141141610786049 -5.4837140244723415 -5.596501559581579 -5.487720740913193 -5.16088128226011 -4.619212922448712 -3.86822675377263 -2.9173054494369133 -1.7806745297466176 -0.47788506162271815 0.9661487098133748 2.521537130597551 4.154200529091767 5.827000578447761 7.501136844099143 9.137701408253873 10.699267107273647 12.151380517940735 13.463840803409344 14.611668460846605 15.57570025873589 16.34278286827273 16.905572118367516 17.261972081353825 17.414264095567955 17.36797725905348 17.130536385778495 16.70968741348547 16.111636711856146 15.338733858570665 14.386343056972672 13.238212944584049 11.859008157654726 10.18134903057688 8.08187233102553 5.3343736050875945 1.512449836250096 -4.226666007239865 -13.66062765943754 -30.866094622093996 -66.23292637835655 -150.00398614744947 -385.89944421579145 -1196.5560928843731 -4137.466535317067 -828.5511370826625 3606.741869928056 734.499179553194 385.91785140475343 168.88476948296537 80.9359927546327 43.628989291194515 26.164189666947333 17.184003126911318 12.175756583178432 9.182632625088365 7.285640522902425 6.022140181915006 5.1447493410435285 4.51399059295185 4.047405379668974 3.6940816539934165 3.421280241472299 3.2071130604889584 3.036383928790992 2.8981477880642146 2.784236919571442 2.688348826370007 2.6054699014832483 2.531505192747141 2.4630377124484903 2.397170908347568 2.331425471822912 2.2636721203839194 2.192088359177502 2.115131187373498 2.031520231725592 1.9402274284424648 1.8404704661989513 1.7317079583828443 1.6136348452067129 1.4861769243948442 1.34948370845267 1.2039190478188577 1.0500491505155418 0.8886277939137988 0.7205786583791562 0.5469748331937696 0.36901564853447644 0.1880010800964227
0.008908896059478533 -0.1508932918364847 -0.30965870126797856 -0.46611173474486733 -0.619020080232513 -0.7672236355488193 -0.909662491827834 -1.045403337635864 -1.173663689200688 -1.293833434397873 -1.4054932978732615 -1.5084299886616859 -1.6026479794506443 -1.6883780846860263 -1.7660832541030458 -1.8364622806882336 -1.9004524533139389 -1.9592325787839981 -2.0142283007354433 -2.0671223150801885 -2.11987302770833 -2.174746597694149 -2.234369437441319 -2.3018115850451104 -2.3807167290362807 -2.475503474567292 -2.5916772042092195 -2.736317201742569 -2.918848180768832 -3.15228559201082 -3.4552931582761124 -3.855677223312103 -4.396511939840173 -5.1472690430500245 -6.224882022819733 -7.835496360222502 -10.361673571230023 -14.555668371336871 -21.997091751961015 -36.25491984665607 -66.01540436738495 -133.29281882038302 -282.4356747474699 -363.209092057426 -1911.4102158113642 -1249.1133468797598 4017.501690856182 1161.3145937961456 368.1860093835354 141.06479828434104 61.510773367057375 28.287731703026395 12.267374880270964 3.5468581102515717 -1.7277760113648677 -5.226208553006928 -7.7358323643716975 -9.653187436311216 -11.187638195650218 -12.452651444098406 -13.509541040946926 -14.389738027898861 -15.106818836296553 -15.66343609813562 -16.05563321637568 -16.275789513331972 -16.3148376449615 -16.164080357755903 -15.816759493997855 -15.269427927993572 -14.523113372384433 -13.58422764283107 -12.465160006349674 -11.184495940421701 -9.76682085281233 -8.242098963385791 -6.6446559930233295 -5.011834511273738 -3.3824261927284383 -1.7950097611940663 -0.28633295420466 1.1101300114590984 2.3653355497421646 3.4554642031925376 4.3623077759669115 5.073238649788703 5.580768204307418 5.8816950196205475 5.975792656781609 5.863846141532791 5.54449942562818 5.008493761706756 4.22644391992244 3.1188401766768514 1.4709072580543214 -1.3525179447082536 -7.591072175984204 -27.824740107638135 -146.38847796650145 -2772.588394392286 -21.049499929972626 2772.938641754861 146.43274966114728 27.85453281689554 7.626383443488649 1.3969532883734148 -1.4168670733921696 -3.0558027163751778 -4.155584916663013 -4.9313558004771 -5.46287553018443 -5.779689465565951 -5.891135861391117 -5.798575322164545 -5.501158075519319 -4.998983352065833 -4.295071047220045 -3.396683058476402 -2.3161846653474427 -1.0714956599588987 0.3138698483529101 1.8111820687716218 3.387281183464541 5.0057271053061125 6.6282349203472535 8.216285841253779 9.732782061481204 11.143607209422868 12.418963866502875 13.534384329669802 14.471346312259215 15.217465505062977 15.766275284133101 16.116634313100008 16.271820763371082 16.238374306198065 16.024731782010026 15.639666854246231 15.09048194620121 14.380798256255627 13.5076150344611 12.456993843723563 11.197116730790878 9.666229224722933 7.75030765193141 5.239183258120006 1.7349829837043362 -3.5521844812541614 -12.297220032955746 -28.36621252477328 -61.69375186712511 -141.5037944666958 -369.3711664718235 -1165.059709116929 -4026.4824120094822 1288.9155177872879 1899.4107514763803 366.4276063658045 282.47625099565795 133.1737591768889 65.93346376003561 36.20399723237411 21.966127830657655 14.538228205380198 10.354112969688384 7.835578670778234 6.23107787869899 5.1584120553734705 4.411626438611117 3.8738914916663227 3.475797326734989 3.1743140809255275 2.9416761977047594 2.7592654372511625 2.6141211980690304 2.4968853350620934 2.400557545286924 2.3197232491899142 2.250064828539372 2.1880472530540205 2.130713577376125 2.0755511097467205 2.020403833127571 1.963415491021414 1.9029931395594946 1.8377843276407013 1.7666632101909219 1.6887222916353584 1.6032674316326934 1.5098143802361186 1.4080855640072332 1.298006168920507 1.1796988155371446 1.0534763083122622 0.919832097069917 0.7794282121684204 0.6330805463594658 0.48174145539481295 0.32647974367083776 0.16845819444472054
0.01228479208442712 -0.12310437366241933 -0.2576086582514736 -0.39011292739893344 -0.519537537986281 -0.644864595594763 -0.7651634973532273 -0.8796150930118207 -0.9875338349760177 -1.088387368942123 -1.1818131382798636 -1.2676317327753317 -1.3458569021868039 -1.416702371789813 -1.480585836536874 -1.5381307762321605 -1.5901670295689896 -1.6377314109081165 -1.6820700788082454 -1.7246449231984873 -1.767147019128279 -1.811521338649369 -1.8600086576499308 -1.9152133334186805 -1.9802100257594601 -2.058709647915907 -2.1553169092519697 -2.275932478621734 -2.428389003473405 -2.623475339866704 -2.8766238745569703 -3.2107661261135574 -3.6613177012449465 -4.285192115963538 -5.177760373164946 -6.506222969439521 -8.578674558935989 -11.995317012485213 -18.00041052975598 -29.35246565054894 -52.556146293721845 -103.01672785847259 -203.3290840031343 -139.21603102387215 -547.0714241312269 -3037.2619529778076 3747.85860686762 1087.2553768847526 339.1852721305544 128.17102884674276 55.225926814514295 25.07944032981796 10.665953460382015 2.8757379937982552 -1.8087710162933979 -4.902024651906034 -7.114570987266089 -8.802669876128155 -10.153602835467344 -11.268328491428614 -12.20093415944895 -12.978651181765887 -13.612637720699095 -14.104186901556965 -14.448601001712593 -14.637855293634649 -14.662628260468935 -14.51399012606186 -14.18488305419019 -13.671432237180037 -12.974069443311697 -12.098417256818927 -11.055868327592977 -9.863797524373163 -8.545364105900788 -7.12889298908892 -5.646864087214265 -4.13458019398516 -2.628619976661195 -1.1652070301926276 0.2213657291250115 1.5001260065972133 2.6445203673652884 3.6331495013475212 4.450107810419768 5.084929622343193 5.532168336891408 5.79063973897509 5.8623345568170615 5.750922426724925 5.459563112644172 4.987221011322762 4.321257064477391 3.4197325556217795 2.161740214882135 0.18188004382135858 -3.814548119010497 -15.924461018755887 -84.1593071584501 -1510.5277251674165 -27.988361613893176 1510.7610023251427 84.18436240256621 15.94380989217381 3.8435655694840642 -0.14035386638300285 -2.1073763517082122 -3.3531240033574106 -4.243502074086636 -4.899757843271901 -5.3640744269084495 -5.649263585412179 -5.756473034326803 -5.682602188158414 -5.423994516712272 -4.978632833947394 -4.347641113842116 -3.536376374001504 -2.555187931342351 -1.4198387116881594 -0.15155754486406714 1.2233032274677758 2.674006096173853 4.166528676989856 5.664953337648493 7.133038997803043 8.535844118024993 9.841261548008129 11.021334932391769 12.053251336254233 12.919941269978196 13.61025894174972 14.118755336754996 14.445088312179942 14.593132599368396 14.569855539583592 14.384009871640165 14.044660997437202 13.559507989696836 12.932863008736083 12.162994567104512 11.23825423872793 10.130857399017756 8.786066961241067 7.102101901974023 4.8905234988783075 1.793231938478912 -2.903624786471659 -10.721150084934127 -25.19190487139916 -55.463852565683645 -128.71530038750606 -340.60981326061943 -1091.6870268451628 -3759.427654167826 3064.367535213179 551.9443210384555 144.38021680377 203.78122626493854 102.98585278762594 52.485122906205106 29.293445816856444 17.957845023714448 11.967249123156774 8.562751430031406 6.500507140769704 5.180703477347254 4.295508950114303 3.677884664034072 3.232555012860159 2.9026633650161213 2.6528319241763896 2.4601612064424625 2.309254108666739 2.1893663144786912 2.0927227430422164 2.0134953175156287 1.947167452337889 1.890131084161667 1.8394271417652985 1.7925765551678186 1.7474695825860087 1.702293346908107 1.6554847238733905 1.605700167274654 1.5517968316297592 1.4928211274167769 1.4280019994344917 1.3567469918598918 1.2786396890029916 1.1934374861316543 1.1010689050941491 1.0016298573978233 0.8953783974816054 0.7827276151636808 0.6642364059550321 0.5405979335063038 0.412625676106948 0.28123702875110235 0.14743451890925074
0.015270767221020609 -0.09456995172713034 -0.20370205969788557 -0.31119436457893723 -0.41614210530588336 -0.5176898508277294 -0.615053975220603 -0.7075440372752984 -0.7945824224014908 -0.8757216771250464 -0.9506590859291453 -1.0192481926032948 -1.081507156376199 -1.1376240406470173 -1.18795935842117 -1.233046441055513 -1.2735904582608648 -1.310467207512045 -1.3447231426336193 -1.3775785544477281 -1.4104364343030251 -1.4449004489082429 -1.4828068248720627 -1.5262770943648418 -1.5778021103892563 -1.6403734169655875 -1.7176875519670647 -1.8144650859796412 -1.9369545654567 -2.0937424068288855 -2.2970836431961126 -2.565147069703375 -2.9259202982383603 -3.4242406751727215 -4.134956089289904 -5.18865828301615 -6.824510440709905 -9.504672254491696 -14.176587583234479 -22.906075191271857 -40.4282949999124 -77.25532255312805 -143.10877097824192 -18.585249176532592 310.96484212425554 -4123.694113094664 3299.1323049566645 963.1406797756491 296.17100136358096 110.53996634973001 47.12625845103207 21.164819864109006 8.847825293888667 2.233923764392576 -1.7217634355221056 -4.322839385418886 -6.1781189616472165 -7.59163849991945 -8.722602897915099 -9.656428830615848 -10.438531086361946 -11.091410760950826 -11.623839558842219 -12.036142902456039 -12.323502952298337 -12.478243109791537 -12.491586423238054 -12.355135728848998 -12.062186436817 -11.60890082202104 -10.9953218299913 -10.226174743917515 -9.311392860363865 -8.266307239732095 -7.111459230724759 -5.872025153664251 -4.576880690979612 -3.257371991643998 -1.9458944854516824 -0.6744027511890183 0.5270185206185385 1.6314024943342442 2.6158717559399136 3.462272587366755 4.157448897234017 4.693167311403679 5.065730189427464 5.27532387787466 5.325138973790722 5.2202552230184995 4.966172788016254 4.566597575533793 4.0193498189111665 3.3070278986097046 2.371291859821212 1.0277530627439413 -1.3848192050558428 -7.978629103478907 -43.022920222043346 -735.5940553908491 -38.9818402891251 735.7386923425157 43.02910022372485 7.986386452001892 1.4058450243881193 -0.9912205989404121 -2.319005273410113 -3.2395134761498134 -3.9375807051789113 -4.471861861125581 -4.859998520135855 -5.10435771460982 -5.201380659325405 -5.14568364137602 -4.932280571866565 -4.558057730185694 -4.022892158301317 -3.3305310934816923 -2.48923924542066 -1.5121771414172702 -0.4174639461357321 0.7721105359365099 2.029734084428303 3.325554984845991 4.627936296917046 5.904884127770349 7.125528741309672 8.261528382237925 9.288273542515935 10.185792789749181 10.939295962468787 11.53933027354892 11.981562838964122 12.266233231207346 12.397337459265772 12.381607701561354 12.227338961200845 11.943083307452651 11.536180793112402 11.011013434532451 10.366730945833291 9.593951081108276 8.669465787067843 7.547019560413815 6.14013315136469 4.288127446170353 1.684672984957336 -2.2830663051276456 -8.92661518344301 -21.308365699246046 -47.413527463368155 -111.17706345197486 -297.80239857642107 -968.1677954037093 -3313.5916210543746 4135.311349263162 -291.9503693402106 24.804390041663904 143.85815365961952 77.29911985934534 40.37002052651561 22.84270294596019 14.125743685225178 9.468563391746704 6.802139216458558 5.17849875393335 4.135537237633796 3.434232303291106 2.944106937602577 2.5903879517725352 2.3282821659993505 2.129828596198688 1.976879022929194 1.8572020123950455 1.7622445594721314 1.6858061280317083 1.6232317775544818 1.570909627116035 1.525951714219792 1.485988161759877 1.449032943214995 1.4133957935767716 1.3776243569132984 1.3404663962342245 1.3008454106731848 1.2578452147711527 1.2107004487804662 1.1587909125218565 1.101638230894958 1.0389037727112638 0.9703870272848025 0.8960238347464899 0.8158839959793163 0.7301678762944297 0.6392016774442455 0.5434310992119551 0.44341315440482587 0.33980594902977 0.23335630038423538 0.12488514293473862
0.017732621246102642 -0.06558588755756212 -0.14839459387530618 -0.22996704468328244 -0.30959307794994895 -0.3865977105438345 -0.46035994614182507 -0.5303308550499986 -0.5960502926653788 -0.6571616843642492 -0.7134244133090439 -0.7647234910644618 -0.8110763678044475 -0.85263693222426 -0.8896969596008941 -0.9226854801770712 -0.9521667634346254 -0.9788378502988138 -1.0035268381354545 -1.0271934582294777 -1.0509339404369404 -1.0759928194674362 -1.1037853422644905 -1.1359357173602869 -1.1743389986935275 -1.2212585834155825 -1.2794783154999183 -1.3525401581930898 -1.4451193004888507 -1.5636259710606266 -1.7171920633583804 -1.9193312520762207 -2.190817561230319 -2.5648494623977443 -3.0966748442999568 -3.8823118169948807 -5.096723636503972 -7.0757692337949925 -10.501661997898703 -16.841529081739747 -29.37874244215377 -54.99169628523093 -96.57245743833752 33.64824367282137 679.7541655829398 -4275.673715481485 2668.3974407083165 785.2157178374553 238.57356807724494 88.12111835609245 37.23573426781826 16.568197580349995 6.826391668805498 1.623823529905144 -1.4737238376125172 -3.5034766657951466 -4.947949220220071 -6.047274887637233 -6.926765038960392 -7.653367783739539 -8.262437494854224 -8.771239593916984 -9.186195084803645 -9.50704501206219 -9.729458175882256 -9.846843360326456 -9.851755110162618 -9.737087880209993 -9.49714419774872 -9.128596566742031 -8.631321628642107 -8.009060937446687 -7.26985291755633 -6.4261843477431135 -5.494825991910202 -4.496343572288342 -3.454308148330143 -2.394263796542395 -1.3425392747912213 -0.3250088583500732 0.6340877227861696 1.5131660788414436 2.294080760354422 2.9626241226332617 3.508725944699753 3.926369377347805 4.213261389924283 4.370307518364869 4.400938686666134 4.310317472728253 4.104399640788015 3.7887045181320134 3.3663285544557886 2.8337836971617514 2.169953212298459 1.2999941266786386 -0.05277362577660316 -3.1970139207260218 -18.27013861576965 -298.5408502092934 -63.97120068697859 298.6261964805481 18.260000831491762 3.1937604645287943 0.06561176029429294 -1.2692114386642084 -2.1209898778140612 -2.7670655068093297 -3.282681997320014 -3.6892511189323685 -3.9904986937772113 -4.183530460211138 -4.2630077280497725 -4.223144913529375 -4.058947877829677 -3.767157868206361 -3.3470462302148674 -2.8010829523389402 -2.1354510559540296 -1.360359279667378 -0.4901044489230566 0.4571523979818304 1.459908640039087 2.4941233990699585 3.5342505327501383 4.554420528757319 5.529669477551402 6.437105082942041 7.256906032587218 7.973070995643261 8.573863273834414 9.051931326721773 9.40411800586266 9.630997081065267 9.736190772801079 9.72552443476514 9.606063480665297 9.385052365699572 9.06873331135094 8.660955764613343 8.161377519095153 7.562862819976979 6.847307776484124 5.978355427771198 4.887792933860046 3.448569235228738 1.4178796215058576 -1.6914082727284563 -6.925494266341037 -16.73817815020101 -37.5643659145386 -88.83472708015982 -240.37182715557768 -790.7257407090195 -2685.8857708229243 4273.129833422829 -651.0114402179656 -26.93847326238341 97.52683010852635 55.09478590051631 29.33289779840392 16.776391398687363 10.445309699458338 7.033947878880841 5.069683799813901 3.8689604753337075 3.09566623391648 2.5748562302925144 2.2105747906052886 1.9476230422050578 1.7528306519223185 1.605437329060509 1.491937986941895 1.4032128522663971 1.3328745166590883 1.2762867834216485 1.2299666288104887 1.1912112006604718 1.1578606049276323 1.128144644474971 1.1005826053406276 1.0739172045323708 1.0470708913146165 1.0191169572175418 0.9892605374688113 0.9568262427228635 0.9212502236588538 0.882075166351165 0.8389471774684909 0.7916138233907133 0.7399227871116021 0.6838207307643951 0.623352025588414 0.5586570470446361 0.48996974567075413 0.4176142096624924 0.341999939616755 0.2636155729163203 0.1830208334047123 0.10083654297290967
0.019565586137915147 -0.03645974785831951 -0.09219365621843112 -0.14713136338898036 -0.2007734279077522 -0.25264005002217926 -0.30228568068904615 -0.34931333489252037 -0.3933880078149654 -0.4342486385901234 -0.47171815703538067 -0.505711277539872 -0.536239861813545 -0.5634158468502404 -0.5874519164615621 -0.6086602776021743 -0.6274500833330227 -0.6443242265619792 -0.659876422136399 -0.6747897230252597 -0.6898379133498528 -0.7058916471650717 -0.723931852224316 -0.7450739451266009 -0.770608071278267 -0.8020633309793398 -0.8413085611344225 -0.8907101196692357 -0.9533808609129071 -1.033579056765911 -1.1373611259001686 -1.2736774026185331 -1.4562672188212031 -1.7070486608422932 -2.062414892030958 -2.5854301434109077 -3.390570087487936 -4.696464834096567 -6.944075519887751 -11.071662565096812 -19.14005336082325 -35.26457090612445 -59.3966846622318 43.316348783297705 665.9236977096405 -3482.197896486738 1876.0673702378483 556.462227949055 167.53363324798875 61.38855079358629 25.762153664425217 11.37957563579539 4.633233367094536 1.04461050286081 -1.085462895365763 -2.478321364816072 -3.468471006685403 -4.221901863682848 -4.824964941045756 -5.323604838372159 -5.741919796164174 -6.091508032251419 -6.376475711523006 -6.596315711634888 -6.747713658560479 -6.825808382131329 -6.82517560701909 -6.7406688154098005 -6.568175172478041 -6.305298282693605 -5.951950581506993 -5.510821195463255 -4.987678447368193 -4.391469314848628 -3.7341904304244444 -3.030524940184909 -2.2972637830265263 -1.5525546799705081 -0.8150429331699183 -0.10298111914441854 0.5666125194692118 1.1786751714309984 1.720645276890309 2.1828011081984067 2.5583846101978613 2.8435251411490503 3.0369944573507834 3.1398336709115293 3.1548941079806436 3.086326286580454 2.9390318589045394 2.718051765796259 2.4277636518854617 2.070474293467961 1.6430147768564662 1.125958960443152 0.4397522039964463 -0.800363611903887 -5.572170934630694 -86.32204784668862 -209.14787636627352 86.37245197395171 5.549659689398078 0.788133588708051 -0.4339128205360643 -1.100395007119781 -1.5974580431571406 -2.0052456805041974 -2.3435531722004743 -2.6158307948059845 -2.8200091557545326 -2.9519258496987777 -3.0067484187354387 -2.9797893436761536 -2.867127233355804 -2.666159889806452 -2.376114435533594 -1.998498347580424 -1.5374565449194355 -0.9999929639883942 -0.3960174966954888 0.2618102289886348 0.9584510118001988 1.6770582695332936 2.399715982137618 3.10828411627051 3.785277686042532 4.414699522117815 4.982751550049458 5.4783641183087095 5.893504916900382 6.223254197927075 6.46565690807635 6.621381082725641 6.693222684520661 6.685498612069504 6.603361390145959 6.452050769250143 6.236067433714326 5.958207012317709 5.61831559835621 5.211491606413043 4.725197486905169 4.134209125093297 3.3911640170561363 2.407771015134341 1.01508379028864 -1.126470750484887 -4.747989183821743 -11.569764513632284 -26.12206890511899 -62.15921191202289 -169.45380129456456 -562.3273959971486 -1896.3380779729898 3469.7046893544048 -631.5257074100655 -36.42453733300188 60.48321840133319 35.41053788643167 19.10448547098542 11.006214012629911 6.884359858135985 4.650910524794243 3.3604251527831472 2.56997460689988 2.0604301935277234 1.7172319272702914 1.4773316073114382 1.304361185421978 1.1764156757358266 1.079757799874112 1.0054354347746075 0.9473946681479856 0.9013913356364575 0.8643441871657165 0.833940255017436 0.8083884785187179 0.786262787201078 0.7664004373595518 0.7478351840808223 0.729752806680195 0.7114611930389425 0.6923700240270281 0.6719768560278783 0.6498575138929458 0.6256594251635023 0.5990969996316764 0.5699484650069364 0.538053769054414 0.5033132753564512 0.4656870411631764 0.425194481590771 0.38191421046510077 0.3359838175245877 0.28759930088106955 0.23701384358476574 0.18453560622758158 0.13052421853329554 0.07538569616716284
0.02069516178544728 -0.0075030915049068 -0.0356437569747764 -0.06345582475759948 -0.09066217416309197 -0.11698885453097219 -0.14217506688410375 -0.16598332408114536 -0.18820924373268155 -0.20869045262474073 -0.22731415227565666 -0.24402300037522362 -0.25881909724381064 -0.27176601337972756 -0.2829889463088625 -0.2926732414623365 -0.30106164715226064 -0.3084507997412264 -0.3151875484781741 -0.3216658541270456 -0.3283251360969297 -0.3356511419536079 -0.3441807148790374 -0.3545123221753918 -0.36732500776622684 -0.3834097728791334 -0.4037196560424325 -0.42944867218057403 -0.46215657361941415 -0.5039685511526621 -0.5579012947222548 -0.6284089617633083 -0.7223248491805079 -0.8505410540022038 -1.0311190114716158 -1.2952941509261193 -1.6996067920656104 -2.3516259750862645 -3.4671517516163264 -5.501675405854694 -9.441481362399834 -17.1820720336005 -28.017455586890893 28.80647953975024 402.7025894190539 -1946.3206825644174 963.8693048579983 287.7237489882156 86.09934720110707 31.3754604822522 13.101712874001649 5.753459984697978 2.3163111938598324 0.490925162552891 -0.5922239087519099 -1.3012260885245097 -1.8063167342545483 -2.191717586415148 -2.5010676502219136 -2.7574414409813754 -2.972806509718567 -3.152782884514975 -3.299194472003754 -3.411538954558235 -3.487914035229479 -3.525667806135099 -3.5219092532457266 -3.4739460595014506 -3.3796780193604685 -3.2379508077459707 -3.0488601242663336 -2.813987780547894 -2.536548271919875 -2.2214265290013135 -1.875094479059508 -1.5054048034754408 -1.121273236266429 -0.7322737249479405 -0.3481814047717746 0.021495370898239052 0.36795197987105066 0.6834564311564151 0.9616227899114649 1.1975741227124304 1.3879929985756434 1.531069170414845 1.626362685940852 1.6746055498549628 1.6774661245889944 1.6372981163281786 1.5568906494294044 1.439227106009161 1.2872443573801184 1.1035455711932984 0.88989761163491 0.6458539443504607 0.36334754699579586 -0.0033999161847680925 -0.8186822594205556 -10.864644761419267 -4796.479191267622 10.897769011921214 0.7885103642941982 -0.014674253810270654 -0.3621973159066705 -0.623901493361223 -0.8468354319213223 -1.0396161450194896 -1.2030414486667584 -1.335618106164116 -1.4349807349335608 -1.4984166441786573 -1.5231693793686663 -1.5066927557123855 -1.4469017614122948 -1.3424271716802605 -1.1928644521334852 -0.9989990073691613 -0.7629852764014233 -0.4884559531384558 -0.18054005488349345 0.15422518933688734 0.5080939008483831 0.8724156247455483 1.2380240495518668 1.5956790134058485 1.9365224966065575 2.2525065065931438 2.536753746883169 2.7838202166785564 2.9898408545955824 3.1525527915407525 3.27120334960386 3.3463595497332244 3.379641219946813 3.373400149645905 3.3303630044673356 3.253245802820265 3.144331874215429 3.004980726984685 2.8349953999385473 2.631705485780303 2.388488144421455 2.0921727039377447 1.7181710639779801 1.2207790931033358 0.5126412583450479 -0.5818241830020388 -2.440959078681831 -5.956364290688256 -13.481181348460428 -32.181426566675675 -88.09377613463204 -293.80667719705707 -986.1411247540941 1928.5757691132321 -365.580497452922 -21.868485043831097 29.177736860259984 17.353974455104474 9.412658379551603 5.436443348230124 3.4056658604943166 2.303985754784389 1.6677019684266032 1.278655060055582 1.0286192905176357 0.8609020799052631 0.7442524080062068 0.6606172805660465 0.5991071625373583 0.5528827571834845 0.5174811224301339 0.4898817057673223 0.46796770731110865 0.45020614117343566 0.4354527207254058 0.4228299933791563 0.41164951658701276 0.4013610667454384 0.391518727864866 0.38175766594206184 0.3717777474080211 0.36133159525775227 0.3502155791815925 0.3382628135298327 0.3253376176040254 0.3113311417861364 0.29615801996011465 0.2797540017984712 0.2620745561010898 0.24309443402918685 0.22280814281329386 0.2012312205604272 0.1784021256888424 0.15438447653899623 0.12926930738461906 0.10317695905828761 0.07625820411007178 0.04869422997343109
