-1.541541041920144 -1.542498981541626 -1.5453698381505983 -1.5501452872693358 -1.556811699771771 -1.56535051351891 -1.5757387662687494 -1.5879498013729099 -1.601954159648697 -1.6177206716432393 -1.6352177639669918 -1.6544149919188222 -1.6752848070732052 -1.6978045645451503 -1.7219587686220306 -1.7477415488325785 -1.7751593510624952 -1.8042338205589632 -1.8350048467060276 -1.8675337329155284 -1.9019064521721278 -1.9382369485876436 -1.976670451610059 -2.01738678560672 -2.060603683847633 -2.106580164652834 -2.1556201015822003 -2.208076240971979 -2.2643551114842966 -2.3249235821063383 -2.390318342683018 -2.461160467231169 -2.538178793435588 -2.622248752551636 -2.7144588771188785 -2.816228538476519 -2.9295247036594145 -3.0572808252399795 -3.204257122969775 -3.378948028745204 -3.5982424597847706 -3.9003097895098926 -4.38626089184848 -5.380234943557892 -7.993807185689063 -11.714025471065096 -9.022164736273742 -5.354983712943969 -3.032491521447909 -1.617792222642694 -0.695263414366206 -0.016150522070147028 0.515647255468414 0.848743595004888 0.9955198607139643 1.0439531589516264 1.050241511274441 1.038630360051544 1.0192882052712176 0.9967704666515725 0.9732862457786863 0.949988617385889 0.9275211882833235 0.9062673668062677 0.8864718660920429 0.8683033537094019 0.8518882381651938 0.837329490816442 0.8247173211534955 0.8141352289854793 0.8056633456446404 0.7993801533209052 0.7953632330959487 0.7936894496303243 0.7944348392668269 0.797674381780789 0.8034817777475818 0.8119293117970691 0.823087848240468 0.8370269779206106 0.8538153109186757 0.8735208900490258 0.8962116833352985 0.9219561017559407 0.95082347944332 0.9828844482037105 1.0182111344348093 1.0568771043089915 1.0989569799271834 1.1445256449252295 1.193656950531747 1.2464218223671997 1.302885652195852 1.3631048379217943 1.4271223059658449 1.4949618079331286 1.5666207012562765 1.6420606571991265 1.7211941077438855 1.803840907305845 1.867691468823841 1.803841723530689 1.721194409529344 1.6420608821954892 1.5666209098613584 1.494962013879916 1.4271225114152024 1.3631050411679122 1.3028858500737988 1.2464220112406001 1.1936571267778502 1.1445258051631244 1.0989571212119364 1.0568772241799622 1.0182112310206368 0.9828845202103299 0.9508235261794701 0.9219561231125291 0.8962116797602221 0.8735208625097702 0.853815260850343 0.8370269071647007 0.8230877590069797 0.8119292065650742 0.8034816592182331 0.7976742527940968 0.7944347027307938 0.7936893084314607 0.7953630900512916 0.7993800110512195 0.8056632065351385 0.8141350950795504 0.8247171940917185 0.8373293717219075 0.851888127609069 0.868303251587519 0.8864717715804894 0.9062672782380828 0.9275211030655163 0.9499885318343796 0.9732861549415807 0.9967703639177788 1.0192880819191426 1.0386302043666196 1.050241307444914 1.0439528868905439 0.9955195045865602 0.8487432072507841 0.515647299661943 -0.01614852948877369 -0.6952579522052351 -1.6177834543746206 -3.0324816331622935 -5.354977346145733 -9.022168736500445 -11.714039395588834 -7.993815192865547 -5.38023729729456 -4.386261122401453 -3.9003092159772996 -3.5982416006734295 -3.3789471298065026 -3.2042563184367205 -3.057280193889313 -2.9295242914044883 -2.816228368746039 -2.7144589564030186 -2.622249073909195 -2.5381793391402763 -2.4611612108503715 -2.3903192511871754 -2.3249246176965714 -2.2643562333516263 -2.208077407003894 -2.155621269939031 -2.1065812952316025 -2.0606047394476374 -2.017387733108792 -1.9766712628250604 -1.938237600869132 -1.9019069289588195 -1.8675340238232603 -1.8350049477452588 -1.8042337338739964 -1.7751590845732819 -1.747741115850534 -1.7219581871419376 -1.697803856621988 -1.6752839979676601 -1.6544141093021878 -1.63521683701605 -1.6177197302047301 -1.6019532333818332 -1.5879489189070366 -1.5757379544563144 -1.5653497967529217 -1.5568110993599273 -1.5501448209066502 -1.5453695194843267 -1.5424988198573524
-1.5413090449686617 -1.5423455520535705 -1.5452911301023158 -1.5501360310762524 -1.5568653083420894 -1.5654592128346152 -1.575893748091345 -1.5881413953835253 -1.6021720219743634 -1.6179539862873233 -1.6354554533774948 -1.654645932305867 -1.6754980441795198 -1.6979895248802168 -1.722105461391696 -1.7478407534421034 -1.7752027855441794 -1.8042142863279966 -1.8349163455356468 -1.8673715528176982 -1.9016672192983803 -1.937918643221449 -1.9762723874311654 -2.0169095514481006 -2.0600490487038354 -2.1059509463595623 -2.154920000257787 -2.207309637266884 -2.2635268290231108 -2.324038611151817 -2.389381517988419 -2.4601760876262047 -2.5371501596734185 -2.6211775834738584 -2.7133445348542438 -2.8150669400991633 -2.928306701117664 -3.055989654340875 -3.2028641826691016 -3.377405660413453 -3.596471720703053 -3.898183335971552 -4.383610465594993 -5.377129549554108 -7.989653977532561 -11.662187234061665 -8.968306303522082 -5.32993722738199 -3.0245873568186807 -1.6192573634554817 -0.7023703698304413 -0.027050324335198273 0.5033720000609991 0.837815459970876 0.9862428123996063 1.0358256576696632 1.042950033491041 1.0320120440504499 1.0132435868281788 0.9912257576563361 0.9681790613166137 0.9452625362836976 0.9230694868108378 0.9021001812076352 0.8825416996775652 0.8645655509056774 0.8483009421890517 0.8338536233576952 0.8213165536923809 0.8107759346805473 0.8023145308282775 0.7960133724530405 0.7919524930785685 0.7902111096086974 0.7908675111885302 0.793998834893802 0.799680848276277 0.8079878163825653 0.8189924975903689 0.8327662851595246 0.8493794879504513 0.8689017246027604 0.8914023899402261 0.9169511411621076 0.9456183436764513 0.9774754120690277 1.012594979973839 1.0510508324472219 1.092917535804597 1.1382697037845264 1.187180849869327 1.2397218070859324 1.295958790641134 1.3559514647085873 1.4197523150486453 1.4874121164501526 1.5590118162503634 1.6348320304015942 1.716599326811001 1.8297093840187806 0.029669738824495157 1.8287202967979024 1.715797105084902 1.6342354674440733 1.558637296016506 1.4872685660407614 1.419841147715685 1.3562669666479454 1.2964887227932191 1.2404481695512575 1.1880807655550387 1.1393163773376156 1.0940812452806936 1.0522999148904981 1.013896777100745 0.978797148877212 0.946927919492275 0.9182178199571976 0.8925973838173645 0.8699986706867145 0.8503548245232972 0.8335995374386813 0.8196664865678946 0.8084888056660721 0.7999986442131629 0.7941268537147697 0.7908028245676786 0.7899544762554904 0.7915083798646521 0.7953899639554732 0.8015237214884001 0.8098332938663213 0.8202412503404619 0.8326682945537447 0.8470314888688995 0.8632408437382453 0.8811931793673878 0.9007613393217072 0.9217752151288651 0.9440470413967861 0.9670785410677891 0.990273782065028 1.0124706572071582 1.031443389215125 1.0426017001581533 1.035695804400584 0.9862897398016682 0.8379143255690408 0.5033348072241159 -0.027306164987624636 -0.7028875014233925 -1.6199930307052604 -3.025284210931619 -5.33005905593722 -8.967100487568555 -11.660085392854857 -7.989204043424603 -5.376918798569961 -4.383426795823725 -3.8980615605642766 -3.596429170594911 -3.377449945847696 -3.2029975059812315 -3.0562098896299084 -2.9286077895088365 -2.8154392432042443 -2.713775269318633 -2.621651338947728 -2.53764947883631 -2.4606820850884157 -2.389874517112365 -2.324498780842234 -2.2639348041819054 -2.2076471083160194 -2.1551702583491332 -2.1060993718912107 -2.060083532595207 -2.0168208399639784 -1.9760543432470423 -1.9375684180330652 -1.9011853353340102 -1.8667618935572161 -1.8341860581107066 -1.8033736009332366 -1.7742647590439071 -1.7468209464150948 -1.7210215592889124 -1.6968609149314622 -1.6743453601669238 -1.6534905796994483 -1.634319126502394 -1.6168581891841236 -1.601137603179612 -1.5871881060460495 -1.5750398315105987 -1.5647210323734277 -1.556257019353629 -1.5496693014075427 -1.5449749127264008 -1.5421859124274342
-1.5406104324673298 -1.5417195027308463 -1.544729248554111 -1.549628718325833 -1.55640196110146 -1.5650284385113484 -1.5754835905150204 -1.5877395657064923 -1.6017661292306218 -1.6175317618681653 -1.6350049637031097 -1.6541557741717154 -1.6749575173574476 -1.6973887772799912 -1.72143560241984 -1.7470939325655794 -1.7743722334493999 -1.8032943179155554 -1.8339023247704767 -1.866259820915378 -1.9004549888515434 -1.9366038618009334 -1.9748535746462197 -2.0153856138521413 -2.058419076132155 -2.104213992051131 -2.153074844653824 -2.20535453185928 -2.2614592105208233 -2.321854767830169 -2.387076177905074 -2.4577418774598696 -2.5345768525722456 -2.6184510012820184 -2.710444880437606 -2.811966175551295 -2.9249642934959033 -3.052345457997055 -3.1988261859315115 -3.3728284785601925 -3.5911194569131912 -3.8916758124601065 -4.375434568977213 -5.367401745501269 -7.975512158746763 -11.505566227412478 -8.801902111187772 -5.256837840549072 -3.0042759641814554 -1.6255246493284963 -0.723633039508057 -0.05900871958387527 5.839570321201615 3.46486054352673 3.189202713862424 3.446753550596595 2.8105297404167184 1.9424932776171544 1.4198286508391489 1.167953841234096 1.044357956194561 0.9759216207709303 0.9320875865544354 0.9003122008064519 0.8752416546482257 0.8544694053332427 0.8368631310763647 0.8218768714873828 0.8092499737574228 0.7988692570028578 0.7907012335444394 0.7847573042857059 0.7810749029970792 0.7797066396298744 0.7807140272001525 0.7841634292453498 0.7901238117326851 0.7986651873660786 0.8098582174205666 0.8237737999439745 0.8404836815194662 0.8600611746583715 0.8825820375027369 0.9081259731944433 0.9367782894489493 0.9686317064043448 1.0037886147438804 1.0423640552918818 1.0844894095536861 1.1303184754727265 1.1800368175646057 1.2338786786113385 1.2921580053061306 1.3553304167871523 1.4241211683764747 1.499815729282036 1.5849881497981861 1.6856654323570401 1.8203836329612486 2.141318584103211 259.30229667026845 1.2361368707263627 1.5269499660129604 1.5470251228404086 1.5057354783572263 1.4494250111253852 1.3899707196269793 1.3312559974977023 1.274770239790428 1.221138654271785 1.1706280895736003 1.1233409971332424 1.079298553348099 1.0384801208303835 1.0008434239937563 0.9663354867054177 0.9348994036492193 0.9064782266286567 0.8810177129714194 0.8584684380535031 0.8387872816145505 0.8219389261281316 0.8078968000464819 0.7966438943272667 0.7881729267751607 0.7824850356175433 0.7795872095080403 0.7794869401850935 0.7821835523198867 0.7876556128422518 0.7958448008832806 0.8066360141616655 0.8198386401550503 0.835171508650334 0.8522631326294189 0.870675181649592 0.8899656391710604 0.9098073418636394 0.9301804624271403 0.9516810023710705 0.9760462634877899 1.0072052267804645 1.053782078700568 1.136033338416551 1.3077882448425147 1.7368282336921734 3.0510581078460834 7.911371132849421 21.0485886438354 -0.05956478374896007 -0.7246422131741465 -1.6268209118270582 -3.005256991921745 -5.256329078007181 -8.798779895557786 -11.501371441467786 -7.9745448006769 -5.3669739243762145 -4.375071484666766 -3.8914384643952413 -3.5910398946984237 -3.372920645206539 -3.1990937397666404 -3.052783739182583 -2.925561050608257 -2.8127022382103735 -2.7112949987100237 -2.6193848510583457 -2.5355601629713402 -2.4587376343299105 -2.388045862470895 -2.3227595954728764 -2.2622613377833862 -2.206018203096305 -2.153567452208766 -2.1045070263394585 -2.0584889440554552 -2.0152143082593534 -1.974429180691896 -1.9359208905196288 -1.8995145334870325 -1.8650695360828382 -1.8324762338502034 -1.8016524587424123 -1.7725401564984693 -1.7451020697522959 -1.7193185271450908 -1.6951843784570717 -1.6727061111957233 -1.6518991774476288 -1.6327855520755596 -1.615391535161354 -1.5997458039397738 -1.585877713012822 -1.5738158355665948 -1.5635867344248051 -1.5552139488078875 -1.5487171811582245 -1.5441116684614566 -1.5414077233263788
-1.5394375046196898 -1.5406096418399118 -1.5436696244170884 -1.548605580774324 -1.5554009284142498 -1.5640347921091224 -1.5744825678797567 -1.5867166436429971 -1.6007072894099539 -1.616423730886446 -1.6338354202693826 -1.6529135164886515 -1.673632584821876 -1.6959725217037642 -1.7199207055169374 -1.7454743681230707 -1.7726431744957325 -1.8014519913874394 -1.8319438180448908 -1.8641828464146712 -1.898257614800149 -1.9342842176849149 -1.9724095409701363 -2.0128145045206343 -2.0557173209675246 -2.101376823036892 -2.150095985510676 -2.2022258831996386 -2.2581705128439222 -2.318393210001381 -2.383425897289964 -2.453883265045847 -2.5304855235975827 -2.6140962048809904 -2.705786972178161 -2.8069525073543162 -2.919522379012827 -3.046371324592935 -3.192164004991189 -3.3652341883308283 -3.5821961760678676 -3.8807728814671365 -4.361615466316055 -5.350441762483806 -7.947636495357727 -11.248090285480954 -8.542746833646412 -5.141437884976126 -2.9714003631529406 -1.6351912820297925 -0.757637287207187 8.404119153393221 6.267157762258609 3.9136091673238105 3.0576555372060756 2.6963299726677583 2.165205652957048 1.6404563635512792 1.2992604190882329 1.1110482578014553 1.0073525385184987 0.945376693599113 0.9041351892596785 0.8738840624914996 0.8500524172750805 0.8304303803505675 0.8139180219129326 0.7999599714484849 0.7882809578741281 0.7787558450469463 0.771343379134537 0.7660506557639001 0.7629130738400424 0.761983126889942 0.7633234227293137 0.7670023567893131 0.7730919418191133 0.781666170709924 0.7928005725399173 0.8065722403784517 0.8230601560220512 0.8423458448834356 0.8645148566476245 0.8896579165530227 0.9178728360368456 0.9492664384665273 0.9839577698020354 1.0220816228961596 1.0637947906049463 1.1092849695830997 1.1587862364201729 1.2126062716486283 1.2711761658884844 1.335147312820039 1.4055933873810462 1.4844667052101272 1.5757713007239273 1.6892325055797741 1.857426255299252 2.3797773902997164 169.46841366366544 1.0551016302317118 1.393458154790084 1.4709926016135386 1.4515547799211745 1.4055563153289814 1.3520246098101631 1.2972715946883375 1.2437387366729957 1.1924683543566492 1.1439261765844044 1.0983158495578291 1.0557129337598523 1.0161274063420263 0.9795354844481273 0.9458966065706904 0.9151632398343803 0.8872869663877956 0.8622225581895423 0.839930460235957 0.820378964884622 0.8035454269849701 0.7894167174469275 0.7779894207668675 0.7692684557442314 0.7632655671249096 0.759994838184638 0.7594683145630525 0.7616884909108834 0.7666394222795497 0.7742757585282232 0.7845117399647643 0.7972079083717315 0.812159548423457 0.8290902426792915 0.8476546861448417 0.8674635176464564 0.8881547808223721 0.9095536520700497 0.9320028994842658 0.957035725201483 0.9887782581148828 1.0371071746926144 1.1256678409926297 1.3154771331551194 1.7868422414029976 3.1755259760054995 8.015611851515546 20.68057578981823 14.182948125084184 -0.7590854027480662 -1.6370118659689052 -2.9727346582857517 -5.140642790217413 -8.538273138580195 -11.241884027691876 -7.946037249174226 -5.349789218246671 -4.361081934463259 -3.880430857493896 -3.582088317595905 -3.3653787991775457 -3.192565057546694 -3.047021035256017 -2.9204021829010856 -2.808034001554726 -2.7070331127060103 -2.615462746317302 -2.5319226349878026 -2.4553372556147552 -2.384840992833859 -2.3197133294117385 -2.2593409990105413 -2.2031951472783895 -2.1508170267352114 -2.1018085898930843 -2.055825883153918 -2.0125740101207708 -1.9718029389192069 -1.9333037318777475 -1.8969049629350623 -1.862469204467515 -1.8298895378913234 -1.7990860863303513 -1.7700025931881498 -1.7426030830943524 -1.7168686457132707 -1.6927943819474984 -1.6703865461995806 -1.649659911714473 -1.6306353777509 -1.6133378288789166 -1.5977942494649973 -1.584032089395254 -1.5720778718978123 -1.561956030239974 -1.553687957554037 -1.5472912529583758 -1.5427791472689258 -1.540160092855506
-1.5377772959851599 -1.5389998356866652 -1.542093104795029 -1.5470446513246734 -1.5538376853036202 -1.5624514928471507 -1.572861985549013 -1.585042396255492 -1.598964134142942 -1.614597813563517 -1.6319144708632647 -1.6508869829896424 -1.6714916987078747 -1.6937102905308998 -1.7175318301010454 -1.7429550843150292 -1.769991022670149 -1.7986655189635183 -1.8290222236445473 -1.8611255766030985 -1.89506392583002 -1.930952716751753 -1.9689377207380685 -2.0091982842066227 -2.0519506041907385 -2.0974510786600726 -2.1459998503347775 -2.197944775500387 -2.2536862320653595 -2.3136834772818653 -2.378463761695858 -2.448636255228398 -2.5249143512172822 -2.608152705982454 -2.6994107619099803 -2.8000654453716725 -2.9120192324493583 -3.038103641491239 -3.182911485262712 -3.354652469455023 -3.5697205699389105 -3.8654523965089314 -4.34204208754417 -5.3251945156175715 -7.899794431918561 -10.898664410086273 -8.208071522062621 -4.99256040558066 -2.9289674289142886 -1.6479938323380554 -0.8021281770543837 7.900795830110518 6.168049351903742 3.8582153807260577 2.787212982241651 2.315433776790244 1.887659856076724 1.4980099078938154 1.2267642895029411 1.0635388399285168 0.9674950227769701 0.9080715285047699 0.8682306519146976 0.8392667884281189 0.8167905729280123 0.7985619573296461 0.7834191299701961 0.7707570746836846 0.7602678119656618 0.7518066618164765 0.7453225610801217 0.7408187559093372 0.7383308120866949 0.7379137944182868 0.7396346490757415 0.7435672768151522 0.7497901148245678 0.758384324821683 0.7694332879896597 0.7830223602482537 0.7992393233796744 0.8181754521670531 0.8399264384465512 0.8645941218209746 0.8922889071024037 0.9231324790229234 0.9572618541895765 0.9948353630965963 1.036041695277007 1.0811142031208212 1.130355025640403 1.1841769644852986 1.243180351932114 1.3083024469924578 1.381128524689682 1.4646062958799089 1.5649251601580287 1.6976681112644076 1.918393346562432 2.734771809519492 126.33025384116678 1.0495575868726448 1.2570325731654324 1.384376284256322 1.3860760916277308 1.3505339557392972 1.303273974777127 1.2528997279332077 1.2027590070322343 1.1542896606199005 1.1081446059061548 1.0646208380482867 1.0238427412833149 0.9858470369538955 0.9506247873742986 0.918144772877784 0.8883661105592207 0.8612464616129165 0.8367471954341619 0.814836805540377 0.7954936045439756 0.7787070433137002 0.7644784695427312 0.7528209184389968 0.7437577700092922 0.7373197543037431 0.7335413673873824 0.7324543559519853 0.7340815202855875 0.7384270536304306 0.7454672941291138 0.7551391885311186 0.7673293091443981 0.7818622678763761 0.7984906724708162 0.816893791368987 0.8366902647599465 0.8574930319272297 0.8790487697322995 0.9015581726257648 0.9263672798465021 0.9574507465214671 1.0047336162042388 1.0923016190341166 1.2819228927467705 1.753665485243106 3.1374461649915646 7.95762555625042 20.947769669095866 15.142111693290694 -0.8039371498071048 -1.6502031721525112 -2.9305124129699878 -4.991454091183909 -8.202475859542794 -10.890636439420762 -7.897406573768896 -5.324234680987436 -4.341336459094082 -3.8650211862473367 -3.56959598886224 -3.3548544477561384 -3.1834427922303696 -3.038952646985792 -2.9131610025813752 -2.8014628845630245 -2.7010160978737163 -2.609909286364438 -2.5267586637761714 -2.450500086001424 -2.3802764171570403 -2.3153740066459654 -2.255185592682195 -2.1991878894440497 -2.146927504721907 -2.098011626470611 -2.052101427079678 -2.008906985470258 -1.9681830229393908 -1.929725047387597 -1.8933656825005747 -1.858971072899859 -1.8264373256398052 -1.7956869907703124 -1.766665607495962 -1.7393383532619842 -1.7136868362893771 -1.6897060694102408 -1.6674016572126782 -1.646787220220149 -1.6278820723185323 -1.6107091581843904 -1.5952932508058495 -1.5816594021646082 -1.5698316352785713 -1.5598318621749576 -1.5516790101732794 -1.5453883381196138 -1.5409709247551928 -1.5384333129309686
-1.5356114286811149 -1.5368690076687264 -1.5399761068968925 -1.544920079066331 -1.5516843905665467 -1.560249020678459 -1.5705909835738765 -1.5826849840322663 -1.5965042205426843 -1.6120213504237262 -1.6292096328080727 -1.6480442641455801 -1.6685039195316649 -1.69057250997738 -1.7142411615479496 -1.7395104166794533 -1.7663926516260033 -1.7949146969103622 -1.8251206402828821 -1.8570747850463327 -1.8908647316183695 -1.9266045481459384 -1.9644379992344791 -2.004541812341302 -2.0471289844913767 -2.0924521717396614 -2.1408072711947765 -2.1925374152472052 -2.248037773873359 -2.3077618505851563 -2.372230441220844 -2.4420452535265333 -2.517910662730013 -2.6006698056075126 -2.6913664928875263 -2.7913551398564724 -2.90250397373187 -3.027589727246892 -3.1711133465799066 -3.341123299791509 -3.553797310779302 -3.845760478981769 -4.316231047726887 -5.290019898111647 -7.823568744996841 -10.418463438291585 -7.821145471675651 -4.820597784128333 -2.879925849347976 -1.6632969310511583 6.126450441060533 7.33796037903237 5.957197721278515 3.748446870849612 2.563297162963338 2.0550689080843396 1.7003444862124555 1.393154496968241 1.1647606695414185 1.0162682372183802 0.9239762056442058 0.8654686660299031 0.8263191711094036 0.7983725195860976 0.7772046390836845 0.760434002098797 0.7467758918634684 0.7355408862144994 0.7263686785623187 0.7190848929619262 0.7136233971862086 0.7099816002422934 0.708195169323935 0.7083230944348049 0.7104384400091116 0.7146231999259254 0.7209644556708757 0.729553040705111 0.7404821817271623 0.7538477296374368 0.7697480912108935 0.7882856174688448 0.8095678438384251 0.8337094364195253 0.8608355268818642 0.8910855774597446 0.9246193349101393 0.961625857148587 1.0023371711390097 1.0470504607182047 1.096165114242828 1.1502477711060108 1.2101523128686675 1.2772542752562193 1.3539493910564822 1.4448243019230183 1.559846040199571 1.7252807292196746 2.039906548087355 3.333159045480005 100.64770240095748 1.2684013204774613 1.1338243983423952 1.2928784306912986 1.312297750967517 1.2863719907235562 1.2452849961266943 1.1994639128844582 1.1530017709817355 1.1076662604648244 1.0642650469178154 1.0231718404836816 0.9845498805955507 0.9484554567151902 0.9148897332218475 0.8838262558539619 0.8552270768020493 0.8290521735553403 0.8052661546862496 0.7838425276353377 0.7647669311450991 0.7480393085454751 0.7336750307307721 0.7217048967833128 0.7121739114117719 0.705138538731394 0.7006623583781775 0.6988101404756646 0.6996398425551534 0.7031939300700587 0.7094880747920027 0.7184999087570066 0.7301555053221725 0.7443164288461313 0.7607665665937889 0.7792033434818031 0.7992433340443712 0.8204619224878006 0.8425144564919682 0.8654318956869447 0.89028320610272 0.9206215713038635 0.965729878782389 1.0486165228830815 1.2289826185678066 1.6831150003378434 3.040575848429191 7.890274353590552 21.361708729426365 15.734080523225963 2.1195396731607232 -1.6657409212812182 -2.881530842953929 -4.819173197318188 -7.814717472892909 -10.422266597618218 -7.8202219476221355 -5.288809825754305 -4.315387429182065 -3.8452383447518717 -3.553642371794518 -3.3413859742423107 -3.171767010269194 -3.028618221400381 -2.9038761360961147 -2.793026051884717 -2.6932791640571323 -2.602757229985975 -2.52009813732231 -2.444252857023528 -2.3743755869296 -2.309761840219712 -2.2498122856841674 -2.1940108671263503 -2.1419110029116584 -2.093126396765046 -2.047324466758313 -2.00422123050009 -1.9635769700264556 -1.9251922887183353 -1.8889043521601312 -1.8545832129874378 -1.8221281878975102 -1.7914642940503456 -1.7625387740077931 -1.7353177473794261 -1.709783028956579 -1.6859291492165207 -1.6637606064707349 -1.6432893711034737 -1.624532653923298 -1.607510942250385 -1.5922462995972413 -1.5787609189280918 -1.567075914635201 -1.5572103354328488 -1.5491803781729192 -1.542998783100178 -1.5386743911300476 -1.5362118462516368
-1.5329160038045835 -1.534191162035179 -1.5372907857505094 -1.5422024497987346 -1.5489103661270087 -1.5573957575164714 -1.5676373394846275 -1.579611921708898 -1.5932951427519773 -1.608662354160784 -1.6256896704500974 -1.6443552019657064 -1.664640485856294 -1.6865321285363406 -1.7100236684907548 -1.7351176641347206 -1.76182800425614 -1.7901824322689064 -1.820225267867492 -1.8520203022092057 -1.8856538373490617 -1.921237837442832 -1.9589131604942416 -1.9988528491527313 -2.041265478467586 -2.0863985968257213 -2.134542359698626 -2.186033561150883 -2.241260438280261 -2.300668904834015 -2.3647713384878593 -2.4341598525593877 -2.5095274169401307 -2.591702846496445 -2.6817108088710797 -2.780878446574722 -2.8910326995294167 -3.0149393616999207 -3.156885291463948 -3.3247633812297224 -3.5342908533409454 -3.8214903078265507 -4.283940562109597 -5.2429502930493275 -7.706250111488071 -9.898069064056763 -7.405874760022323 -4.636290683966738 -2.827477215968945 -1.6805750550082834 5.646781655298941 6.772252636386151 5.759389807632493 3.6993381637529428 2.415977450095431 1.8648377114348385 1.552195715793914 1.3022060721890716 1.1062913825393714 0.9689594767030372 0.8786927901626871 0.8199547860134769 0.780714298539308 0.7532891188270578 0.7331441106331434 0.7176857924189944 0.7054531866309204 0.6956348574175353 0.6877936961444645 0.6817101318158745 0.6772933729116808 0.6745298717281627 0.6734528708212723 0.6741241736402717 0.6766235165960488 0.6810415827419999 0.6874757517193192 0.6960279769933062 0.7068035339869712 0.7199103967257412 0.7354599870895727 0.7535679569442473 0.774356229326203 0.7979556948142904 0.8245102007911018 0.8541825034380772 0.8871628206211604 0.9236820386432665 0.9640324907511879 1.0086012904192765 1.057927240789125 1.1128011508364481 1.1744531058115761 1.244925658914477 1.327881153115111 1.4305523934400828 1.5692301535613384 1.7886972813006903 2.263515921528648 4.265504789154638 83.42050872271997 1.5577385343110572 1.0359988210783375 1.2008742442558158 1.2326773209975488 1.2148766746103044 1.1795782547396612 1.1383256943920133 1.095721158387102 1.0537675916099227 1.0133857290564017 0.9750048570803497 0.9388150852019352 0.9048848959459861 0.8732199849940556 0.8437943049638248 0.8165686022839187 0.791501198814583 0.7685559596318483 0.7477075270441924 0.728945373827065 0.7122772908773063 0.6977306955747354 0.6853542160641297 0.6752167583012743 0.6674058313701918 0.6620232259443436 0.6591801355929785 0.658988728176436 0.6615530041915257 0.6669569038954677 0.6752510059270027 0.6864362359529483 0.7004454788433545 0.7171231878815698 0.7362048705914181 0.7573059469297702 0.7799379469415091 0.8035990059525473 0.8280302823614785 0.8538311927464248 0.8838440682027325 0.9263029293638034 1.0026864689617734 1.170727319818818 1.606891086374413 2.9652037416444066 8.000869424353388 21.92282354711349 15.646432253462883 2.0390124602248827 -1.683097505209333 -2.8290050215621503 -4.634569892168999 -7.39894536902162 -9.901137901203526 -7.697095406188772 -5.241484754427731 -4.282981965453301 -3.820919621844174 -3.5341436918454034 -3.3250555485125552 -3.1576138015918573 -3.0160842356059985 -2.892591262112403 -2.7827657584313883 -2.6838626591996637 -2.594044469692684 -2.5119759873867222 -2.436627155557782 -2.367166523177845 -2.3029012382134657 -2.243241989203096 -2.1876817486110456 -2.135782305403397 -2.0871652273548666 -2.04150532865478 -1.9985255259715111 -1.9579924364285195 -1.9197123521560326 -1.883527398151136 -1.8493117851645589 -1.8169681329391036 -1.7864238762383506 -1.757627784711405 -1.7305466354129695 -1.7051620764646047 -1.6814677153206434 -1.6594664570849782 -1.6391681098647681 -1.6205872645556614 -1.6037414485471606 -1.5886495450417408 -1.5753304645717534 -1.5638020503968522 -1.5540801974437606 -1.5461781628241842 -1.540106046558675 -1.535870422204138 -1.5334740994477167
-1.5296616051118046 -1.530935499941608 -1.534005274899907 -1.5388591613335492 -1.545482614473557 -1.5538586514689126 -1.5639682813262525 -1.5757910385469773 -1.589305634986164 -1.6044907466982197 -1.6213259541046425 -1.6397928542237736 -1.6598763630386282 -1.6815662244287048 -1.7048587385200795 -1.7297587180357314 -1.7562816752076 -1.7844562347193786 -1.8143267607849096 -1.845956178569844 -1.8794289637052486 -1.9148542692171924 -1.952369159241643 -1.9921419256330564 -2.0343754820102093 -2.0793108634794284 -2.1272309210808737 -2.178464399437761 -2.2333907501956207 -2.292446303956818 -2.356132875393031 -2.425030655368943 -2.4998186287757127 -2.5813083219263646 -2.670528788343458 -2.768729337837561 -2.877707725363358 -3.0000966909047264 -3.140152213109591 -3.3054799505142367 -3.511323732521571 -3.7926928284778576 -4.244749778491837 -5.181486421577917 -7.537106082604961 -9.329751489017207 -6.984288619501388 -4.449697458372668 -2.7748396486543387 -1.6995453516143963 5.108831853042632 6.226479585295657 5.610362263325966 3.7535996382187644 2.3625973422612536 1.7349184659687622 1.4317573824607435 1.220287066740836 1.0512624081083213 0.9239194809199645 0.8347752634446866 0.7746642173642355 0.7342379405885997 0.7064619392763193 0.686710147918153 0.6721344284550728 0.6610423574883473 0.6524545332527072 0.645822790886246 0.6408585538745382 0.6374307243749112 0.6355039925688 0.6351025801564918 0.6362873211077102 0.6391420521492299 0.6437652706923932 0.6502646115873011 0.6587538820631791 0.6693513795842838 0.6821793361481807 0.6973642658463544 0.7150383869727975 0.7353418252792223 0.758426430737426 0.7844611967262914 0.8136404113703355 0.8461961961529578 0.8824174899297519 0.922680500385341 0.9674986871897922 1.017608116152325 1.0741205712991628 1.1388125116444094 1.2147109154092777 1.3073853870946142 1.4281390530973586 1.603204627469152 1.9069652037625717 2.63354395363282 5.479571926521524 70.93385050379376 0.8859506440440383 0.9636653355388767 1.1089983970582977 1.1479756523141607 1.1369628507248557 1.1071664851385243 1.070545701373002 1.0319900587577924 0.9936566687337853 0.9565461726705113 0.9211283076160739 0.8876127676637005 0.8560759399836085 0.8265243674725837 0.7989294683093776 0.7732471901152986 0.7494306407891126 0.7274389203423668 0.7072437166543026 0.6888342058739804 0.6722219735553222 0.6574438608905558 0.6445647437708042 0.6336786468079121 0.6249085921199885 0.6184045042760814 0.6143396057511583 0.6129041258248562 0.6142969027068588 0.6187131576246134 0.6263292247885704 0.6372808101907901 0.6516346155293553 0.6693505110895579 0.6902337816150805 0.7138859939294042 0.7396717496556815 0.7667562009840476 0.7943175071414885 0.822149685011976 0.8520878630944375 0.8912862048563325 0.9604345513102539 1.1183848780057057 1.5537740359368195 2.9969654751115344 8.547050372953933 22.760465799860576 14.555555093053133 1.6282206555320498 -1.702002500729657 -2.7761830666042737 -4.447737391267761 -6.977208550148086 -9.33192503515055 -7.526781293612132 -5.179771449127053 -4.243705142313523 -3.792097771658492 -3.511195676030024 -3.3058266869255295 -3.140964998043314 -3.0013504612843613 -2.8793617446487607 -2.770728448311856 -2.6728052198529255 -2.583810034030454 -2.5024285417201733 -2.4276561776026204 -2.3586790036853738 -2.2948184382705694 -2.2354974373865915 -2.180219938115375 -2.1285577652019327 -2.0801417683079553 -2.0346553420283464 -1.9918292627488405 -1.9514372290752902 -1.913291764084634 -1.8772403026333393 -1.8431613868848593 -1.8109609531661393 -1.7805687265838825 -1.751934756984867 -1.725026134372699 -1.6998239208435353 -1.6763203287756603 -1.654516167553498 -1.6344185706858896 -1.6160390062334957 -1.5993915656652964 -1.584491518335712 -1.5713541143741965 -1.5599936147006739 -1.5504225247911612 -1.5426510084320078 -1.5366864584658235 -1.5325332029877812 -1.5301923286115597
-1.5258134838415187 -1.5270666902870056 -1.5300840543870067 -1.5348548979919405 -1.5413664071077895 -1.5496039245418718 -1.559551317228545 -1.5711914301829237 -1.584506642524842 -1.5994795433194438 -1.616093747190959 -1.6343348705616048 -1.6541916895153632 -1.6756574989067878 -1.698731689766317 -1.7234215580347214 -1.749744351797974 -1.7777295578025536 -1.807421419897817 -1.8388816738557447 -1.872192476175152 -1.9074594978140453 -1.9448151534194211 -1.9844219403427612 -2.0264758776747165 -2.0712100665092743 -2.118898448705362 -2.1698599358390465 -2.2244632361875967 -2.2831329667730507 -2.34635836359564 -2.414709733652024 -2.4888452690605263 -2.5695561239074367 -2.6578177287359637 -2.7548882956194554 -2.862491352675833 -2.9831714854667686 -3.1210326540157505 -3.283397289792237 -3.484931789845486 -3.7593256891927265 -4.1982013631278186 -5.102820169400786 -7.306319358091721 -8.739094189044199 -6.574870388016976 -4.269531073693689 -2.7250852634291656 -1.7202596799731613 4.523997544413742 5.7025403127645875 5.5109835537190275 3.9315397270668697 2.427168746240671 1.6722052745219274 1.3404977361517134 1.149076820595515 1.0026529816641787 0.8853329260043581 0.7968307317708341 0.7339322008826623 0.6906405759871354 0.6610161889365198 0.6404831375195039 0.6259236784887797 0.6153519046858354 0.6075561361525269 0.6018248027089167 0.5977617030815807 0.5951678078628271 0.5939671190502828 0.5941614394466658 0.595801346489632 0.5989689473481974 0.6037665241420003 0.6103096527315747 0.6187231820236114 0.6291387804363888 0.6416942825320009 0.6565340010170246 0.673810466965805 0.6936872166659165 0.716343990676878 0.7419838214216072 0.7708447543791299 0.8032169431840659 0.8394700170843576 0.8800972570602434 0.9257882859788844 0.977555769188156 1.0369640240054905 1.106566793408735 1.1908069037119693 1.298029480828529 1.4455345191709923 1.674341620074152 2.102800690506741 3.193368730031687 6.6122411863758455 61.3757222227542 -6.745305686185446 0.8891877162226154 1.0102942911452328 1.0554940631323904 1.0516263009011664 1.0278705145628364 0.9963860096058211 0.9623178026278082 0.9279832954759819 0.8944745314945592 0.8623122683384802 0.8317329690365565 0.8028256122644084 0.7756004421851694 0.7500268351116544 0.7260552264794067 0.7036314131543315 0.6827067030472264 0.6632456320272637 0.6452327928959523 0.6286788804002099 0.6136259114128972 0.6001523829520459 0.5883773583142858 0.5784635849692631 0.5706199750565524 0.56510204571052 0.5622106419586245 0.5622876277003498 0.5657064458933392 0.5728541238419008 0.5841019385521979 0.5997540581950168 0.6199700789499005 0.6446552082873842 0.6733220736458023 0.7049619890212966 0.7380080666086023 0.7705557061141545 0.8011242324300489 0.8304379057098985 0.8653100692815945 0.9281114370384076 1.0858155043510593 1.5634131280650967 3.2695371662243717 9.951448320086143 23.74769764218753 12.22122102343182 0.8052818326574869 -1.7225311174799067 -2.7261766747819656 -4.267422878337025 -6.567987976629315 -8.740457393222592 -7.295903580748679 -5.100883701802065 -4.197106808165058 -3.758731488913078 -3.484830664252473 -3.2837867418330275 -3.1218975965427265 -2.9844822971352225 -2.8642038905041804 -2.7569448954420155 -2.660148874321865 -2.572082556148874 -2.4914803725488692 -2.4173620852102617 -2.348934356351932 -2.2855388319128944 -2.2266010029878616 -2.1716448632806475 -2.120254032118916 -2.072070120419187 -2.0267863169433267 -1.9841422184559099 -1.9439193262219077 -1.9059368921195743 -1.8700479540960508 -1.836135495440331 -1.8041087180520938 -1.7738994506046435 -1.74545872534203 -1.7187535619496863 -1.6937639919855294 -1.6704803509736819 -1.6489008549507125 -1.6290294693967335 -1.6108740682314426 -1.5944448729217775 -1.5797531553620523 -1.5668101829317609 -1.5556263813305913 -1.5462106896302128 -1.5385700814165015 -1.5327092277938312 -1.5286302797766584 -1.5263327508553672
-1.5213319777867125 -1.5225453425071829 -1.5254884857613988 -1.5301522352927495 -1.5365259649376741 -1.5445978333909496 -1.5543550794994323 -1.5657843866675683 -1.57887233231067 -1.5936059414222368 -1.609973365775941 -1.6279647117540457 -1.6475730407005589 -1.6687955647813937 -1.6916350595098981 -1.716101510376997 -1.7422140060176856 -1.7700028832812011 -1.7995121222876387 -1.830801980314564 -1.8639518457258355 -1.8990632859829666 -1.9362632607460668 -1.975707473757869 -2.0175838495534646 -2.062116149485738 -2.109567792566969 -2.1602372423985585 -2.2145005459662386 -2.27275762055266 -2.335482195442934 -2.403223050144428 -2.476622871504146 -2.5564491943406598 -2.643647260058956 -2.739433864460869 -2.845471174597689 -2.964205346194003 -3.099568936773961 -3.2585580150295765 -3.4551482945570973 -3.7213529654170605 -4.143854163591865 -5.0041486426967605 -7.008416006296759 -8.150138899419867 -6.191805056040386 -4.10286936818278 -2.6810537089424304 -1.7431465272187574 3.891900564911782 5.181828691658821 5.44350255831462 4.243149350555505 2.6497765766090953 1.7002089005155931 1.2888037308254439 1.094837303148738 0.9666912361411126 0.8605389506730559 0.7725396392817496 0.704765131799042 0.6557686619758047 0.6216114232383563 0.5981138337315169 0.5819188915157325 0.5706614539589187 0.5627920819312204 0.557345061557589 0.5537470122851527 0.5516802194471565 0.5509919945427153 0.5516361344435043 0.5536351972061436 0.5570566751667428 0.5619982678590937 0.5685778701858225 0.5769282318285585 0.5871935622312336 0.5995283013269939 0.6140975232650367 0.6310789461527077 0.6506668735929183 0.6730784968575085 0.6985641182127043 0.727422636390709 0.7600257115258267 0.7968565268445007 0.838572216471506 0.8861097253966461 0.9408696371269445 1.0050530476704853 1.0823124309080314 1.1791020580582656 1.3077316144545832 1.4940918596135209 1.8002987139584876 2.4057399898795344 3.975690870375066 6.825414046804209 53.76177555866636 -84.75951694668821 0.7152698852845398 0.8821688175647214 0.9456527381011288 0.9540348033205607 0.9390875457461516 0.9144405054007265 0.8859973672489807 0.8564727074258058 0.8271752826569767 0.7987474512379991 0.7714948431619889 0.7455446077527996 0.720926537422202 0.6976171543902725 0.6755661277201374 0.6547132610262976 0.6350008522510444 0.6163833448670926 0.5988361058879417 0.5823637162707634 0.5670081685651573 0.552857344840729 0.5400543185128946 0.5288062535991971 0.5193949268241089 0.5121870169436114 0.5076437756594427 0.5063276533983974 0.5089017387940039 0.5161125061189631 0.528742070443514 0.5475101106122611 0.5729013824905738 0.6049059012624058 0.64269264517953 0.6843095621469858 0.7266184600432851 0.7657766737472603 0.7986343730802741 0.8254739039135252 0.8551532958494806 0.9171590554040576 1.1008350835571195 1.7192327264789224 4.079946051111131 13.026843241834715 23.649412527566085 8.62821207382703 -0.40762586914116206 -1.7451418998294317 -2.6818678109179555 -4.1007324201411 -6.18544590740175 -8.150938985560593 -6.999664322660872 -5.002053889957507 -4.14275445019362 -3.720785231840148 -3.455077434506631 -3.258970458960416 -3.100443652851803 -2.9655094383561256 -2.8471591544593826 -2.741448312727681 -2.6459202571078864 -2.5589042137009024 -2.47917695238169 -2.4057891300739316 -2.3379715184291365 -2.275082155467145 -2.216575358585525 -2.1619827690986213 -2.110886615876305 -2.0629638206415324 -2.0179099055417025 -1.9754742436420194 -1.9354468364399202 -1.8976541253503494 -1.8619549995997218 -1.828236946158064 -1.7964123379671388 -1.7664148839373814 -1.7381962757267608 -1.71172306708584 -1.6869738169134074 -1.6639365184986372 -1.6426063273522717 -1.6229835901990843 -1.6050721680076332 -1.5888780386914727 -1.5744081584334677 -1.5616695568681205 -1.5506686385941904 -1.5414106630413276 -1.5338993749132637 -1.5281367596610373 -1.524122900750808 -1.521855918974104
-1.5161731952855249 -1.517328707464349 -1.520177534578875 -1.5247123883439881 -1.5309252364414299 -1.5388074801935565 -1.548350170344546 -1.5595442740803889 -1.5723810098397581 -1.5868522703190513 -1.6029511565211307 -1.6206726481861473 -1.6400144370808447 -1.6609779494101993 -1.683569582528097 -1.7078021777659897 -1.7336967464800155 -1.7612844601475073 -1.7906089069403022 -1.8217286090372415 -1.8547197855644961 -1.8896793380462515 -1.926728031386598 -1.9660038135714477 -2.0077060506075393 -2.0520373923974766 -2.0992491688039125 -2.1496352174612428 -2.2035367429978 -2.2613483106424326 -2.323525877114532 -2.3905984387028942 -2.4631860804576364 -2.5420294309648916 -2.628039817798096 -2.7223881269835886 -2.8266690983693232 -2.943220806145164 -3.0757858026427085 -3.230990584657924 -3.4220006899645954 -3.6787563248946284 -4.081363932876203 -4.883183888781611 -6.644430718076768 -7.582286613106951 -5.844981901456632 -3.9551629894208835 -2.645327865139447 -1.7690056799271667 3.1864281017267864 4.615870250697933 5.36584827250597 4.68721708945027 3.094925938592569 1.8708474495466774 1.3004573747758428 1.0702712939719947 0.9556355967941106 0.8642241622385638 0.7773042155661289 0.7010029601804668 0.6408346900621689 0.59681395875844 0.5659676184211474 0.5448130948814582 0.5304490486025684 0.5207776813685152 0.5143937562478981 0.5104038583886311 0.5082682751796551 0.5076844221830925 0.5085067407372215 0.5106937540215998 0.5142738287673557 0.5193226457731641 0.5259495654378541 0.5342888022406275 0.5444943749527793 0.5567382423485843 0.5712102219529799 0.5881205437342985 0.6077049338038004 0.6302330912065853 0.6560221956003459 0.6854584596170638 0.7190310063215865 0.7573861026884093 0.8014167821277927 0.8524145821025809 0.9123365905935767 0.9842971737972812 1.0735251497271563 1.1893602703255333 1.3497828964472032 1.5928570912688922 2.0098130269999075 2.8576864808857496 4.969943477648727 4.873137489358989 47.51599688933608 -330.351205579009 0.12206778957209552 0.6645409591147453 0.7935266325083103 0.8310339334615617 0.8329969456226024 0.8197212597220666 0.7997048664631634 0.7768515853957016 0.7530756018829363 0.7293495180885214 0.7061681613718312 0.6837689108519579 0.6622450718508729 0.6416076353307115 0.62182169124309 0.6028296617120612 0.5845680881075049 0.5669803195791335 0.5500283293343908 0.5337044632511717 0.5180439090027398 0.503138371176756 0.4891531221278044 0.47634695480264855 0.465097749299618 0.45593228566734745 0.44956127741824675 0.44691281679174955 0.4491566371596985 0.45769205361774856 0.47406255522769536 0.49973695191080336 0.5356956378478112 0.5818015681353261 0.6360661266608401 0.6941441668451612 0.7496174106392195 0.7956003809648821 0.8278356701465224 0.849144212533493 0.8764118625446796 0.9581851541110709 1.2402078874173394 2.259168565813429 6.275929309002886 19.03953094090721 19.228752011744636 4.237969701471647 -1.8331013755138856 -1.7706675111118564 -2.645879058796748 -3.9531356908687223 -5.83943198115521 -7.582819260557224 -6.639379304638975 -4.881042147908878 -4.080313414482296 -3.678240333502081 -3.4219584156996214 -3.2313985785819597 -3.076618630759352 -2.944444379430859 -2.8282392315115943 -2.72425082320647 -2.6301323892036295 -2.544282084090267 -2.4655237709866795 -2.3929428779368744 -2.3257976111414966 -2.2634688124630262 -2.2054304672859333 -2.1512315719817874 -2.1004843576310743 -2.052856087454565 -2.008062849971255 -1.9658644481089849 -1.9260278579808159 -1.8884499780444872 -1.8529661486787183 -1.8194683960457476 -1.7878721499376011 -1.758112767984328 -1.7301422829320539 -1.703926406210884 -1.679441815526188 -1.6566737441018697 -1.635613879262638 -1.616258567623633 -1.598607315436992 -1.5826615646167224 -1.5684237200182458 -1.555896399706521 -1.545081877970502 -1.5359816910614421 -1.5285963765207193 -1.522925319375525 -1.5189666814644163 -1.5167173937190477
-1.5102899720506455 -1.5113716112270916 -1.5141086813866549 -1.5184961005922357 -1.5245287649067707 -1.5322016593942536 -1.5415099889383286 -1.552449342495716 -1.5650159081686166 -1.5792067604769755 -1.5950202441684946 -1.612456481957775 -1.6315180349782539 -1.6522107454176165 -1.6745447899351935 -1.6985359700066047 -1.7242072606457364 -1.7515906330844966 -1.7807291590184138 -1.8116731257650371 -1.8445078606011505 -1.8793189023682926 -1.9162201049104206 -1.9553508214384072 -1.996879423784394 -2.041007002120871 -2.087971288539123 -2.138050925252492 -2.19157032852598 -2.2489056205657807 -2.31049247183254 -2.376837335155706 -2.448534685208898 -2.5262949617491177 -2.610991928704612 -2.703746279787782 -2.8060797057588136 -2.9202133517148425 -3.049682424014896 -3.2007020667848813 -3.3855071549212123 -3.6315491833103453 -4.0105898132486 -4.738831355709559 -6.2230516885892255 -7.04858217118155 -5.540477401351994 -3.830434870504308 -2.620252863603926 -1.7989677628381577 2.3415765355588793 3.900110540136854 5.169986169003895 5.225177317320623 3.856064880426487 2.293422347392833 1.428604209259709 1.1015046409441092 0.9965227503310201 0.9317183940302768 0.8492308185718204 0.7567700498192054 0.6729135914152563 0.6066470400044696 0.5583093752483195 0.5245953304574327 0.5016726786009471 0.4863676280724972 0.4763778207595283 0.47014538101754294 0.46666444480541514 0.4653135754389406 0.46573278405421925 0.4677383782570249 0.47126653464629775 0.4763365643624775 0.4830268335234098 0.4914607200737252 0.5017972634213267 0.5142275131751745 0.5289734699996999 0.5462908938746753 0.56647578521736 0.589875703132615 0.6169086935837749 0.6480929425464559 0.6840953741231751 0.7258096184705125 0.7744860584413937 0.8319534328700201 0.9010107313116928 0.9861510906080588 1.0949730974567355 1.2411180639323738 1.4508862263122873 1.779611363882187 2.3566983238665062 3.5185680171676106 6.0152871601871025 -0.31763971239783473 42.28246054214531 51.74408809230055 -2.2588401385764207 0.18317398593963663 0.5325322133742045 0.6479495360602021 0.6886446800333188 0.6983761354683367 0.6937133232993964 0.6819898959365311 0.6667823302989039 0.6499453117551841 0.6324718989976594 0.6148923695815977 0.5974759227835762 0.5803375656794295 0.563500972680919 0.546936508924063 0.5305875680311939 0.5143899082365891 0.49828928243808446 0.4822580220554965 0.4663142365516162 0.4505447483418861 0.4351361573054491 0.42041520470308713 0.4069055821683963 0.39540271294688945 0.3870693399994575 0.3835431754830849 0.3870303438225314 0.40031475606566047 0.4265613009682139 0.4687235502186373 0.5283853410634702 0.6040915733885 0.6897840601949048 0.7746442627120762 0.8456965864472001 0.8931839226941325 0.9168765834425976 0.9319137567501351 0.9785160647941327 1.1573190850449449 1.7818518255208928 4.081292667148361 12.689273344782022 24.245215150809024 9.387968791595291 0.0912791528642578 -3.1408182374846603 -1.8002713321957309 -2.6205894177013924 -3.828664539677457 -5.53597010461954 -7.049083853730331 -6.222863306698748 -4.736808770391043 -4.009651915206827 -3.6311088415331025 -3.3854866471818688 -3.2010714834672642 -3.0504146267272545 -2.921275868082371 -2.8074327722051255 -2.7053427751488455 -2.61277814619256 -2.528211819898098 -2.450519183945718 -2.3788241480618115 -2.312415604463413 -2.250700084101753 -2.193173786714398 -2.139405276372199 -2.089024145967536 -2.0417130375180665 -1.9972015390904612 -1.9552611178021975 -1.915700621630144 -1.8783621042862548 -1.8431168596885283 -1.8098616312671227 -1.778488483202365 -1.7489904460508616 -1.7212907128294204 -1.6953538299607793 -1.671154253539732 -1.6486741197197148 -1.627901331005691 -1.6088279512407053 -1.59144889274433 -1.5757608727046015 -1.5617616103844245 -1.5494492342446688 -1.5388218665070104 -1.5298773532572656 -1.5226131099967612 -1.5170260550352226 -1.5131126065733589 -1.5108687232757951
-1.5036330891354908 -1.5046276093909952 -1.5072390075280901 -1.511464657336611 -1.517302626963097 -1.524751719493793 -1.5338115156214625 -1.5444824325766278 -1.5567658173703482 -1.5706640967063115 -1.5861810093217854 -1.6033219496836784 -1.6220944540735538 -1.6425065272361448 -1.6645763289984732 -1.6883210030921312 -1.71376551219215 -1.7409425713402888 -1.7698945830281279 -1.8006758738756394 -1.8333552264627158 -1.8680186903089986 -1.9047726480595981 -1.9437471099595025 -1.985099214595132 -2.029016932031085 -2.0757230046338364 -2.1254792319873275 -2.1785913284974763 -2.2354147894244543 -2.29636254821983 -2.361915806393913 -2.432640474293855 -2.5092136006522487 -2.5924678831684136 -2.683469824599528 -2.783662984787039 -2.8951437388345918 -3.0212244670919755 -3.1676706490235595 -3.345672674522123 -3.5797913663257552 -3.9317127805653387 -4.571920085781749 -5.760462243546808 -6.555245061377638 -5.281237838639813 -3.731572917110861 -2.607983049235198 -1.8344359380279243 1.2353281546851886 2.8223488389761533 4.554510390495153 5.624448299059743 5.001067682141031 3.1874966785146386 1.7970903089951729 1.2466081990289943 1.1623269438310815 1.1723981760624766 1.1109651913987868 0.9819765934980148 0.837830184628399 0.7130200674360521 0.6179157057338547 0.5501820992076689 0.5036687127768811 0.4724012865367391 0.4517456648350955 0.43843641122708527 0.4302863668631328 0.42587916886054455 0.4243270373288302 0.42510003764226123 0.4279110440512005 0.432640249751463 0.4392874439058156 0.44794087145803346 0.45875919748590077 0.4719609542908819 0.4878210727019423 0.5066719378737993 0.5289114228648641 0.5550181945552135 0.5855779978491644 0.621328429214412 0.6632310064560618 0.7125907976353256 0.7712559086327664 0.8419578518084343 0.9289133671758177 1.03892931786554 1.1835351779538725 1.3833349439156386 1.6774547892599 2.145228179541209 2.956193204290889 4.44736756462445 6.4805797748722185 -8.751082283438475 37.831486547824966 154.80849290673441 -18.817302958475643 -1.2354713465820104 -0.054314926218037796 0.29822085794552977 0.4430256668700622 0.5089278136540415 0.5387018465699646 0.5500749413693109 0.5514344157646708 0.5471086287683473 0.5394611328778797 0.5298234231348515 0.5189483503227387 0.5072468860889439 0.49492015599825456 0.48203855820233066 0.46859056670392774 0.454519541535518 0.439751459800081 0.424222848816021 0.4079124770949688 0.39088312358367633 0.373342184938416 0.3557341545918556 0.3388805748011318 0.3241897224178972 0.3139526482663635 0.31171913133080836 0.32266505925772404 0.35368612714983316 0.4126557759757399 0.5060052610408918 0.6341044675084004 0.7857723562420493 0.9364910550101782 1.055828768109919 1.1231785090836133 1.1416510643842006 1.141900832741999 1.1833984095505334 1.380768226614312 2.032812191793107 4.181828952251175 11.706258429489921 24.22068607764521 10.767621682809903 0.611598795075718 -2.6965182675101182 -3.9339191785772254 -1.8353873833513155 -2.6081800559667467 -3.7302064992485 -5.277944317963272 -6.555804309369095 -5.763890215790416 -4.570231905202705 -3.9309569578998156 -3.5794476314056443 -3.345662146252218 -3.167962483237923 -3.021793498519526 -2.895962458220472 -2.7846994356974095 -2.6846872747420676 -2.593825245799193 -2.51066623312634 -2.434141181238223 -2.3634159558813925 -2.2978132438835432 -2.236768058785231 -2.179801295960557 -2.1265032477896693 -2.076522702806555 -2.029559191273811 -1.9853569970727705 -1.943700154525133 -1.9044079982639202 -1.867331041033736 -1.8323470785277616 -1.799357492031359 -1.7682837591553313 -1.739064200766097 -1.711650997298211 -1.68600750370626 -1.6621058828207995 -1.6399250667839436 -1.6194442786058074 -1.600662521642175 -1.5835630222868349 -1.5681377108075707 -1.5543796070991522 -1.542282383152227 -1.531840086228943 -1.523046989326718 -1.5158975382136197 -1.5103863667410231 -1.5065083563051205 -1.5042587190945123
-1.4961527284067655 -1.4970503395279464 -1.4995264342746208 -1.503582172437055 -1.509216698735538 -1.5164337130256489 -1.5252372237421223 -1.535632513650947 -1.547626118376588 -1.5612258444702483 -1.5764408530054843 -1.5932818386672054 -1.6117613372095558 -1.6318941962330902 -1.6536982448358812 -1.6771951961717728 -1.7024118138008295 -1.7293813670750953 -1.7581453930931121 -1.7887557733014983 -1.8212771228192994 -1.8557894793761494 -1.8923912712992084 -1.9312025387588772 -1.972368386191237 -2.0160626595873703 -2.0624918772343976 -2.111899508253404 -2.1645708076008847 -2.220838608078795 -2.2810907945870893 -2.3457807422794454 -2.4154429789487044 -2.4907181179522873 -2.572394506424303 -2.661480809048981 -2.7593380009997404 -2.8679310603382193 -2.9903366028130507 -3.1318380782491273 -3.302483971360922 -3.5235996681817587 -3.8453377400509203 -4.385778165982507 -5.27756912314865 -6.101911814918475 -5.06773217795721 -3.6606434394671714 -2.6105488777322354 -1.877028692845331 -1.3514946518554327 1.0389383940198975 2.7923171806334346 4.767880917168072 5.839413257853125 4.677474776687415 2.5918835504210227 1.5993758317188413 1.7139529964399747 2.0670063210326193 2.12519476410493 1.885884199290265 1.5320527093989176 1.1986019313731175 0.9367395489310952 0.7487475541047672 0.6197170976641401 0.5330121758832951 0.4752786827824753 0.43703083114332986 0.41190461684066226 0.3957601158178917 0.38596203613807895 0.3808768542265956 0.37953832665632914 0.3814337218442816 0.3863672371981025 0.39437254778670955 0.40565769679076596 0.42056736017931007 0.43955997817091785 0.4631918763623034 0.49211389406520023 0.5270832175062066 0.5689986658702973 0.6189759797926093 0.6784816442462986 0.7495629715586524 0.8352272974598093 0.940076221340551 1.0713861246297118 1.2410078405644134 1.4688158967540623 1.7890591526471489 2.261627761915027 2.987477404873649 4.0954025206536935 5.4417034042375985 4.450502460283914 -18.760721170619448 34.008846167412734 -25.81740590100238 -97.82272474046427 -8.755335654929869 -2.0477912350815286 -0.6844686672866026 -0.16344333396242594 0.08599133423423255 0.21981450136387326 0.2962956459723234 0.3413952486718723 0.3680798638101851 0.3833538540333601 0.3912064845619203 0.3939800843015002 0.39305859033464857 0.38923510149644375 0.3829203455614689 0.37426744249384525 0.3632510597424763 0.3497258101903018 0.3334778148286369 0.31428855625778795 0.2920318007773083 0.2668455763960009 0.2394510692126011 0.2117474398253774 0.1878958937082391 0.17621327401848197 0.19214909111916867 0.26195433728053485 0.4240612066778635 0.7191216652456802 1.15425039780459 1.6463136969296381 2.016345391706583 2.116764367263209 1.9747274847842031 1.753618715921017 1.6212615161609545 1.7142578243169688 2.226172979820474 3.6542050348644772 7.488563722805322 16.285413580072916 17.391079346394392 4.778630124210858 -1.2152447099796513 -3.000176035338382 -3.5946898159554905 -1.3522449429057501 -1.8776623248785471 -2.610701409468219 -3.6598197810712483 -5.065752941169954 -6.102392833999561 -5.280904127533672 -4.384665989467422 -3.8448331735674817 -3.523368330077322 -3.302467056016875 -3.1320108634674737 -2.9906801835526218 -2.8684264716009613 -2.759964469893866 -2.662215302176242 -2.5732118303954277 -2.491591295593347 -2.4163437740997926 -2.346680266408761 -2.281960155524538 -2.221649574637688 -2.165296469549432 -2.112514914244497 -2.062974634423143 -2.0163934791356013 -1.9725315601132483 -1.9311863343152396 -1.8921882310305 -1.855396617223017 -1.8206960100877843 -1.7879925111502166 -1.7572104724279332 -1.7282894204028234 -1.7011812666521067 -1.6758478295596224 -1.6522586817556464 -1.630389327962917 -1.610219705461549 -1.5917329904744644 -1.5749146847885325 -1.5597519508859603 -1.546233160310062 -1.5343476182745266 -1.5240854277252043 -1.5154374582312111 -1.5083953881338812 -1.5029517921689015 -1.4990999301962975 -1.4968350022785306
-1.487801539445101 -1.4885964914122103 -1.4909325743066997 -1.4948124371088825 -1.500240750927626 -1.5072241122966834 -1.5157709175386376 -1.5258912220393532 -1.5375966025417203 -1.5509000450100308 -1.5658158850098338 -1.5823598317081973 -1.6005491096481688 -1.6204027551436804 -1.6419421045511742 -1.6651915112580506 -1.6901793247330574 -1.7169391599820718 -1.7455114784667 -1.7759454923797042 -1.808301393377814 -1.8426528971807428 -1.8790900859534663 -1.917722525458243 -1.9586826361383265 -2.002129310323213 -2.048251800404943 -2.0972739624581074 -2.1494590460688787 -2.2051153992535015 -2.2646037584529193 -2.3283473067476796 -2.396846582458246 -2.4707029479688467 -2.550657394673611 -2.6376575053866333 -2.732977912686591 -2.838446970224945 -2.9568958251664 -3.093102158587329 -3.255902370536143 -3.4631479426620957 -3.7525387210040124 -4.186409196906132 -4.7929664151824625 -5.6820234197023325 -4.898400889120761 -3.619179390197485 -2.6299433596710147 -1.928542068138691 -1.4216674965009308 -1.4989533913612307 -0.6314596495259202 0.4624795822016967 1.6714979678356503 2.198492541124861 1.5861515166217912 2.059542480997468 3.73921801038738 4.846068558641101 5.230398940178095 5.211169476327142 4.801832579470254 4.034746506323808 3.1306538497034246 2.314846975299071 1.6847471117924169 1.2369354033822428 0.9302370096613548 0.7214304901012929 0.576499519550563 0.4711805085905022 0.3885576455131654 0.31656334790896473 0.24615065556577387 0.17029373636244827 0.08396622061893155 -0.014525859374713956 -0.12041070795514441 -0.21778986116884225 -0.2764528436525442 -0.2573247229036979 -0.13258108671168056 0.08940231892675587 0.36126775896221996 0.6259806561850563 0.8503835520463361 1.035257349132405 1.2060424930602998 1.4025703332469197 1.6781117820484512 2.1092850148787834 2.8141950551095 3.959677758767648 5.651167323839499 7.3740982881542525 7.142065438573354 3.1194277105714363 -5.013133304254158 -25.887080730406627 30.706338273689212 -30.39834510214873 -22.273913287550208 -4.103441048778372 63.15465041542015 1.8213351365757688 -1.0116250347469826 -0.922521337196335 -0.6281371003125358 -0.3878856168911864 -0.21483726523501345 -0.09374937462590283 -0.01060586498399374 0.04410611950520016 0.07594020363856413 0.08716142049621634 0.07687638926772822 0.04040218193013345 -0.03255013318539479 -0.16190187392278466 -0.38594625543167904 -0.7810632279090641 -1.5091206648157445 -2.9374443818465052 -5.923040011868193 -11.936750002757043 -18.0168010619891 -11.788950075007225 0.7808214933073909 24.21151711936978 38.980649438102034 11.922354895910935 5.3003522453659055 3.038029880193121 1.7811969156327425 0.9358413618210841 0.4424877505885414 0.3401606380513549 0.671099578218294 1.4940533327773822 2.9181271114268394 5.004122042867513 7.086028194591327 6.711736763000676 2.8386799687832225 -0.4387892853635873 -1.555629497984281 -1.9765212707780475 -2.3240009275244864 -2.684037210562088 -1.422049040222034 -1.928917471028062 -2.6301604261373006 -3.6190227386624594 -4.897755371079423 -5.681982593528879 -4.79309687961827 -4.186101731615188 -3.752344825957484 -3.463036941936835 -3.2558587160257892 -3.0931148064364518 -2.9569564946742544 -2.8385486742434853 -2.7331141084612667 -2.6378216777884873 -2.5508428869928284 -2.470902931347948 -2.39705410337499 -2.3285553789398428 -2.264805480666366 -2.205304085994503 -2.1496283639485783 -2.097418065577436 -2.048365459860503 -2.002208033455681 -1.9587227713354847 -1.917721349131221 -1.8790458685842362 -1.842564946002267 -1.8081700700339831 -1.7757722047784297 -1.7452986469180252 -1.7166901585567849 -1.6898983997131527 -1.6648836790606034 -1.6416130325899885 -1.6200586288436418 -1.6001964896448313 -1.5820055050308501 -1.565466714195684 -1.5505628185870552 -1.5372778903233573 -1.5255972381235146 -1.5155073935176502 -1.5069961827201879 -1.5000528527340995 -1.494668224240645 -1.4908348485052372 -1.488547149817896
-1.478529734643693 -1.479220484828519 -1.4814170498742536 -1.4851247019177314 -1.4903513056077926 -1.49710715448695 -1.5054047647498825 -1.5152586404935473 -1.5266850289192595 -1.539701688636582 -1.554327698508623 -1.570583338713846 -1.5884900792888077 -1.6080707136658017 -1.6293496760602113 -1.6523535807070537 -1.6771120183883759 -1.7036586407249934 -1.7320325560134198 -1.7622800511158232 -1.7944566444514392 -1.8286294645301924 -1.864879939722738 -1.9033067793485825 -1.9440292278053946 -1.987190584577371 -2.0329620125610957 -2.081546712834961 -2.1331846410419004 -2.1881581060126907 -2.2467988683548974 -2.309497826795694 -2.3767191980201585 -2.449022561479266 -2.5270988686998526 -2.611831806852323 -2.704406634585726 -2.8065113857594657 -2.9207258748293556 -3.0513094030061754 -3.2058536353536846 -3.3986500694404684 -3.6548048954366132 -3.982075141942369 -4.316984749411613 -5.28297516504715 -4.769745678977619 -3.6084129798477633 -2.6682334246150967 -1.990948458412249 -1.4976239650219578 -3.215681139969231 -2.70355857887111 -1.9614966291380398 -0.4946312572958096 2.9702059485036996 -7844.962480009276 11.543567122591432 8.065243609243492 4.6452887099212905 2.69821294903564 1.6571609906635734 1.1287404153710194 1.018349225230294 1.500737754338335 2.9388840099584055 5.04005047397951 5.539645274100546 3.600017333596927 1.608224246578939 0.5602283842259927 0.14277368596933115 0.008667983316372085 -0.015793710361417856 -0.002574419686204199 0.020647231775578034 0.04389325502655628 0.06399050823621621 0.08024484793376763 0.09274173111583095 0.10168043871970567 0.10711862950727902 0.10886108954379048 0.10639014768445754 0.09878022583805923 0.08456051659593267 0.06147723614028089 0.026081588868758665 -0.02700164475222322 -0.10642591059831563 -0.22675531138924931 -0.41395418257631644 -0.7178991156515366 -1.2443828760001934 -2.2510003014342344 -4.516988787307374 -13.487307035859207 -31.024893211314428 -39.727462528324054 -20.62566674599536 27.843702398842172 -15.45632824323104 -0.4036077075932063 4.258287735678328 4.727536396871147 4.071120953104897 3.289094566757675 2.64514038616564 2.1587227594663307 1.794331496164676 1.5153006488559817 1.2941054242377013 1.1118494371405911 0.9560764148203452 0.818954537275292 0.696026349629005 0.5853356490012405 0.4867224137674343 0.4011299683361875 0.32990402717882095 0.27412585509296594 0.23411843770898821 0.2092237608458556 0.19789195836076168 0.19802095957444765 0.2074215129993452 0.2242921723121189 0.24763757018481503 0.27763172303147265 0.31599121060032326 0.3664437068933606 0.43538788223051417 0.5327738372913333 0.6730300182587095 0.8753156650788427 1.1612281431723606 1.546361526361097 2.021575424587463 2.5256235677363597 2.926712978902216 3.046601842724477 2.783160051974707 2.4345692668452776 2.877435302094954 4.169429037191064 4.43179477812116 3.1583777312837844 1.5134176718497423 0.07682554394927488 -1.1252395537116802 -1.4976695869223948 -1.9911474755701306 -2.668632595071573 -3.609026429234555 -4.7703549949275335 -5.281536728242542 -4.314646699498606 -3.9827393298066944 -3.65495996180804 -3.3986568339344423 -3.2057597842729146 -3.051124289761078 -2.920455666478921 -2.8061639453007787 -2.7039920374792796 -2.6113621039322616 -2.5265877073689986 -2.4484847822412457 -2.376170429810869 -2.3089540864389524 -2.2462761663501674 -2.1876720618717793 -2.132750112004439 -2.0811774409779016 -2.03267029637398 -1.986986981879256 -1.9439222963286205 -1.9033028620333277 -1.8649830009815442 -1.8288409822503586 -1.794775561609462 -1.7627027891335754 -1.732553089536249 -1.70426863222105 -1.677801008551624 -1.6531092291316178 -1.6301580449918118 -1.608916586752681 -1.5893573063470487 -1.5714551971696615 -1.555187262393654 -1.5405321960883787 -1.5274702400132756 -1.5159831778326676 -1.5060544302932735 -1.4976692170487818 -1.4908147545084391 -1.4854804630354455 -1.4816581614411701 -1.4793422308624853
-1.4682971046368212 -1.4688868652380616 -1.4709500936599578 -1.474494505495247 -1.4795308817904949 -1.486072845039823 -1.4941365810833735 -1.5037405211698456 -1.5149050029456315 -1.5276519336759624 -1.5420044832787438 -1.55798683925919 -1.5756240587530426 -1.5949420557007672 -1.6159677622774122 -1.638729503095612 -1.663257618637799 -1.6895853695094472 -1.7177501468486898 -1.7477950060106506 -1.7797705310384504 -1.813737027749169 -1.8497670351367383 -1.8879481387263264 -1.9283860711896867 -1.9712080955975284 -2.0165666934876363 -2.0646436317120225 -2.115654571120222 -2.1698545326792953 -2.2275447898845253 -2.289082183754951 -2.354892593585101 -2.4254916001406523 -2.5015177655577547 -2.583788489240158 -2.673397331317568 -2.771889883849813 -2.881592999525416 -3.006247962410507 -3.1522141896005595 -3.330321379906983 -3.553861683543097 -3.782219000735094 -3.856382516852449 -4.88596799666694 -4.6758589113042035 -3.6294177602405 -2.727704559430666 -2.066448706291143 -1.5813175791382297 -1.212263039822917 0.44065945013815067 4.659543774678645 10.46449557097175 12.566827678208755 7.884106743191811 3.677642107411339 1.9251993603965927 1.3545031867542114 1.202677149456231 1.1944530576366639 1.2104045447154173 1.175519803286036 1.0501341569725087 0.8500080947768569 0.6355205929044705 0.4627061606551801 0.35081974377475755 0.28998524395913217 0.2617866826478099 0.2510787639749067 0.2484604441899298 0.2489572428160695 0.25023727872006096 0.251342579674374 0.25195485253680977 0.2520158855001198 0.2515428435178435 0.2505434025709196 0.24897564704091069 0.2467257970968964 0.24358755668527365 0.23923479944592385 0.23317683104623443 0.22468544504173715 0.21267212493645665 0.19547737246530061 0.1704934921467448 0.13345597690719346 0.07702131572627202 -0.012333356070047485 -0.1618587780745162 -0.4338917299614861 -1.0012770614165782 -2.5301224540919702 -10.246705586511833 -140.95559209059329 -139.7002627192877 3.171209745464721 25.356861709313666 -0.5261726928231156 3.8349616180591353 5.4283060177108595 4.316892701680514 3.2066050218824866 2.4230739657350875 1.8952125696301758 1.5332233462402916 1.2760087213536762 1.085861102097435 0.9397175558623467 0.8232574108169575 0.727409221945885 0.6463309059362214 0.576229394593538 0.514653517953918 0.46005509052017224 0.4115022273307373 0.3684792433961127 0.3307379892243309 0.29818140728065357 0.2707715727564967 0.24846217835003204 0.23115858848494583 0.218711561747987 0.21094546270916237 0.20772682275810458 0.20907364624054603 0.21530569143745173 0.22724055422990747 0.24642880021338903 0.2754030109535763 0.3178534088561069 0.37849139537782 0.46212447873669904 0.5711850100284152 0.7012340827064527 0.8362741615288545 0.952423964838837 1.048051369322601 1.210697819133851 1.6551854602464449 2.4978747579729172 3.233060992249211 3.1836977168836142 2.4312935110364107 1.3318733778623324 0.08641222299047535 -1.2118490590025832 -1.581086451079062 -2.066572041867362 -2.728406597463963 -3.6308745386344183 -4.677514991262835 -4.881588682444709 -3.8550722426556594 -3.7839134379674064 -3.554372275193897 -3.330430926832689 -3.1520449023242794 -3.0058341146955905 -2.880957894698527 -2.7710581633227966 -2.6723971236601276 -2.5826514463941646 -2.500278528446823 -2.424187068744794 -2.353561115428331 -2.2877627057864407 -2.226275997356999 -2.1686739918654006 -2.1145978913215435 -2.0637436620127163 -2.0158527702810987 -1.9707053581436003 -1.9281148623160573 -1.8879235074134062 -1.8499983560222253 -1.8142277506808444 -1.7805180698319818 -1.7487907719035842 -1.7189797273869543 -1.6910288489099474 -1.6648900308191148 -1.6405214044401548 -1.6178859075282734 -1.5969501574961 -1.5776836095073086 -1.5600579731918915 -1.5440468562202487 -1.5296255993520749 -1.516771265694639 -1.5054627471031226 -1.4956809520765653 -1.487409042279784 -1.4806326881046123 -1.4753403180394271 -1.4715233405573434 -1.469176321557824
-1.457070175583517 -1.457566688069016 -1.4595081827663492 -1.4629045210901994 -1.4677689811917474 -1.4741179825132202 -1.4819707474196648 -1.4913489141662128 -1.5022761199453285 -1.5147775772477154 -1.5288796710080184 -1.5446096081345606 -1.5619951543219344 -1.5810644957769753 -1.6018462640181752 -1.6243697626134006 -1.648665431122577 -1.6747655789255589 -1.7027054143773137 -1.732524387962279 -1.764267859177401 -1.7979890879064462 -1.8337515437727328 -1.871631521343899 -1.9117210512324787 -1.9541311057487798 -1.9989951237905923 -2.0464729265684327 -2.09675517837998 -2.1500686860166085 -2.206683060437249 -2.266919650410013 -2.331164313263299 -2.399886732625503 -2.473671046434016 -2.5532663442317602 -2.6396727864437053 -2.7342928915146185 -2.839203216716329 -2.9576410651528833 -3.094794001470549 -3.258319267418173 -3.451377457405697 -3.5958321667744606 -3.424973284726854 -4.466075768326046 -4.607049964128469 -3.6830867077018796 -2.8110458174807404 -2.1575958728844986 -1.6749342677854013 -1.3071053987899266 -1.0141140550219783 2.285208952402514 3.1272570913216264 2.6426408567838067 1.6507729906252715 0.8599747895857536 0.5568962709624311 0.5634587772339751 0.647829650626584 0.7107158651006038 0.7128268297800135 0.6439709492753494 0.5251241750568547 0.3981103863909832 0.29896827816988836 0.24039720119848562 0.21576344151866222 0.21197062896091423 0.21795886487195293 0.22694596254081012 0.23560810013687633 0.24269316653783865 0.24797691706850936 0.2516564750288801 0.2540461391036154 0.2554453672137661 0.25609036035030974 0.25614411598781184 0.25569854141953907 0.25477901523737423 0.2533443682872614 0.2512793999213214 0.24837550205774755 0.24429364453602842 0.23849828803095163 0.2301395133120897 0.2178383251419304 0.19927531482464522 0.170349501903032 0.12330077489104985 0.042019292951944065 -0.11163767155838594 -0.44769595737558465 -1.406427547269429 -6.389710103083157 -152.3669601638177 47.305125927162216 33.802452651374026 23.189854181636786 16.174353896637758 5.397988536580632 5.962134717060225 4.430140693392013 3.1600787321524275 2.323038695959134 1.7811573746971823 1.4200012078595527 1.1693656965767403 0.9880304429513624 0.8515110403874409 0.7448747200603026 0.6587513919934072 0.5871097036622873 0.5259904881421473 0.4727646292256444 0.4256835109694347 0.3835979812410679 0.3457746834134785 0.3117700022293242 0.2813387651949241 0.2543661991275382 0.23081502225319103 0.21068668716227315 0.19399806586144308 0.18077549711175417 0.17106932365986255 0.16499526009494972 0.16280281725708487 0.16497511896949282 0.1723501685846302 0.18624184412656114 0.2084958426767805 0.2413561959475717 0.2869526111201707 0.34629043841366025 0.41820352458535204 0.5004042150423804 0.5973073036870761 0.7386958946980239 0.9956809423044516 1.4157968136358439 1.7939878869358545 1.767788706706832 1.337569002077085 0.6752781584396819 -0.14137388394858041 -1.0132953328133818 -1.3063863989551328 -1.6745103059240631 -2.1577588886281935 -2.8121683929469725 -3.6854161957431524 -4.609361199998632 -4.45599406217362 -3.42747976246656 -3.59847716576901 -3.4522119309445243 -3.2585039056922183 -3.0945241947454365 -2.95697731742507 -2.8381870714702577 -2.7329664617156775 -2.6380825168168016 -2.551463338617771 -2.4717104173220843 -2.397826597738484 -2.32906463787522 -2.2648410163362023 -2.204685403468928 -2.1482100308796435 -2.0950903961194878 -2.0450525386191956 -1.9978641782706936 -1.9533281516157701 -1.9112772376158227 -1.8715698472451496 -1.8340862826674842 -1.7987254070554237 -1.7654016492403013 -1.734042312329703 -1.7045851801910987 -1.6769764249316812 -1.6511688197917458 -1.627120257391137 -1.6047925667380465 -1.5841506144251456 -1.565161668775621 -1.5477949989321 -1.532021677178876 -1.5178145492199522 -1.505148336662732 -1.4939998362142983 -1.4843481815656352 -1.4761751371977616 -1.4694653962454889 -1.464206858661682 -1.4603908696997756 -1.4580124029242751
-1.4448250187682503 -1.4452402990850208 -1.447076750518574 -1.4503459697415568 -1.4550631761929647 -1.461246896515563 -1.4689185801114781 -1.4781021601297364 -1.4888235781634456 -1.5011102955366016 -1.5149908180674068 -1.5304942649472955 -1.5476500155314927 -1.5664874704346474 -1.5870359635776485 -1.6093248625258378 -1.633383891412349 -1.659243707746239 -1.6869367585986885 -1.7164984350925732 -1.7479685363399644 -1.7813930462933445 -1.816826220188731 -1.8543329738088623 -1.893991569737151 -1.9358966050756754 -1.9801623283803407 -2.02692635756722 -2.076353946618885 -2.128643075385941 -2.184030844947478 -2.242802005307776 -2.3053010197427497 -2.371950060131378 -2.4432770602707956 -2.5199610491653424 -2.602907554889481 -2.6933766473501803 -2.7932011815695423 -2.9051413620309603 -3.033317610596012 -3.182670742115749 -3.3486125366883472 -3.4295696424213853 -3.048046539012006 -3.9942646095032734 -4.546962405552859 -3.7697664628787844 -2.9215716408421377 -2.2675137566968444 -1.7810283754624794 -1.4100489176360407 -1.115317532274266 -1.1441793999623613 -0.37968688238456116 0.06730107134712388 0.2235212075392108 0.21230566634149117 0.207497193377167 0.3004932059791865 0.42754935287779283 0.5134326675142662 0.5281034838659127 0.47221938315368694 0.3737186953498197 0.2740795515047254 0.2037505307833829 0.1701210555946806 0.1644722856209302 0.1741581647623085 0.18947432452456248 0.20493412358138702 0.2181634111620746 0.22853556695511767 0.23622283259186286 0.24167332285228588 0.24536592644623015 0.24771520335198685 0.24904691225449294 0.24960300205693778 0.249555145256923 0.24901841398419333 0.24806053440750295 0.24670553752139593 0.24492957483587294 0.24264620284792576 0.2396750839687246 0.23568156946024388 0.23006028786729238 0.22170105790960049 0.2084846349498795 0.18609031946496013 0.1448096454606686 0.05950366991291256 -0.15046564868902362 -0.8535889046394862 -5.539711648276028 -174.00269204243557 42.16569313927349 61.9895186382364 21.289027450626747 38.06420710435521 5.858932750605847 6.255118869058955 4.778720843749866 3.4197811603704893 2.4923237983781803 1.8853611861696074 1.4808918008214056 1.2019531969517194 1.0021927049224972 0.8537365640007185 0.7394744053329825 0.6486238196110239 0.5742138120528922 0.5116371604916381 0.4577977121845761 0.4105942219107455 0.368599329796431 0.33085303771129315 0.2967256490812495 0.2658223883656401 0.23791589019748668 0.21289606907200728 0.19073423841581988 0.17145928764040164 0.1551479775150044 0.1419306796064207 0.1320181340059743 0.125752123949196 0.12368188404243394 0.12666347512771967 0.13596063851228393 0.1533001858431484 0.18079612480497148 0.2206510462597308 0.2747061443662021 0.344501514379454 0.4336864889308948 0.5550969948871065 0.7376313973461783 0.9936383474569469 1.1906338309890736 1.0862284213211009 0.6886247103546344 0.1566530837513722 -0.44189512827151434 -1.1033355616258842 -1.1142023715434486 -1.40909714377764 -1.7805168193332106 -2.267841085573574 -2.923220902333911 -3.7729299317972766 -4.549261569688577 -3.9728091541849606 -3.054953217591135 -3.432947281308569 -3.34970158549032 -3.182892023223605 -3.0329250130956087 -2.904219358170904 -2.7918088662093723 -2.6915729120247915 -2.600756139112385 -2.5175310969900244 -2.44064237565724 -2.369187886111816 -2.3024906070120323 -2.2400230778053984 -2.1813620181255002 -2.126160264989069 -2.0741288003674283 -2.025024740754189 -1.9786428962384515 -1.9348094955675115 -1.8933772514225713 -1.8542212826849562 -1.8172356172391255 -1.7823301231497353 -1.7494277901743298 -1.7184623263575074 -1.6893760562103082 -1.6621181163293868 -1.6366429459417067 -1.6129090664936583 -1.5908781386792654 -1.5705142797327851 -1.5517836173519524 -1.5346540522794156 -1.519095197968248 -1.5050784639149055 -1.492577248786473 -1.4815672101154245 -1.4720265795037824 -1.4639364944586024 -1.4572813217025784 -1.452048949861263 -1.448231033287588 -1.4458231723093724
-1.431549443147117 -1.4318993181347794 -1.433651913421453 -1.4368200474805186 -1.4414202004882943 -1.4474721719546824 -1.454998666948467 -1.464024824772385 -1.4745777079211202 -1.4866857732578929 -1.5003783511763453 -1.5156851619088445 -1.532635901083213 -1.5512599283666333 -1.5715860941278708 -1.5936427383137517 -1.6174578940042743 -1.6430597246181486 -1.67047721903048 -1.6997411630182302 -1.730885398694415 -1.7639483774637688 -1.798975006504675 -1.8360187864507425 -1.8751442399856861 -1.9164296418027478 -1.9599700820246415 -2.005880936634839 -2.054301888069726 -2.1054017537632754 -2.159384566327053 -2.21649765399443 -2.2770429717859684 -2.341393776754178 -2.410020172921366 -2.483529502014408 -2.562731668768886 -2.6487457856433663 -2.7431706883015945 -2.8483267243010557 -2.9674059652355944 -3.1032011187921964 -3.2461029717669847 -3.2861253474704983 -2.757608077945277 -3.445878364888386 -4.467249738727649 -3.888109331891859 -3.063439866064167 -2.4002407380758624 -1.9027797154003243 -1.5235940597780617 -1.2234532659843649 -0.9751863958390125 -1.054457628994025 -0.6448750385466525 -0.29922811721995 -0.060758687457307614 0.08346328521031238 0.19712244466651319 0.31971916623755847 0.41892658606768696 0.45459998129057455 0.4173310061868003 0.330084523659516 0.23476863196557263 0.16593614850408445 0.13452313135973681 0.13281348026895312 0.14751535978347552 0.16798661609955945 0.18811924574113748 0.20527548292420533 0.21878936230941376 0.2288973129676013 0.2361445984227183 0.24110851326077976 0.24429265818840484 0.24610274742016242 0.24685570357962613 0.24679952888984563 0.24613413680075047 0.24502923731284793 0.24363905451436116 0.24211341481081314 0.2406056458635262 0.2392766926178653 0.23829372951996114 0.2378158793128813 0.23794767670221817 0.23860004320171013 0.2390617826786946 0.2365571986942599 0.22062175000838247 0.1453878922091434 -0.2764541931217712 -5.690957631550297 -22.004106488645903 47.66875207085254 91.17464051935504 19.598769879187035 68.7932993803408 6.014962753884542 5.943952456805968 5.06922511442611 3.849077822363487 2.8702521389855438 2.178797959137262 1.7000587071768525 1.3638156884896309 1.1214504263681722 0.9415401421108537 0.8039607745329035 0.6956837847437185 0.6081276916323802 0.5355368381952131 0.4739883619593539 0.4207750382603515 0.374014808650309 0.332397564682474 0.29501794706772805 0.2612613700344246 0.2307247064947329 0.20316144914503018 0.17844308620687588 0.15653661089643173 0.1374966501061463 0.12147563893006677 0.10875609642566278 0.09981158062953512 0.09539938763163047 0.09668393807847336 0.10537214540130696 0.12380624167313414 0.15492325062475398 0.20198866486875222 0.2682444033685504 0.35729305067379835 0.47566278043395915 0.634648269897195 0.8255700626293161 0.9350612069985504 0.7810382354869326 0.38679676007341157 -0.09033596719978043 -0.5767247258924659 -1.0655893762983843 -0.9738089903223429 -1.2221082029033044 -1.522507017900417 -1.9023018557244606 -2.400859416671684 -3.0656979135512055 -3.8919563336179026 -4.468445450636487 -3.396697637258988 -2.7678608583923006 -3.289916285146425 -3.247348274318627 -3.1034142166460645 -2.966874430808341 -2.847153605424497 -2.7414302251859386 -2.646511580895049 -2.5600824607966124 -2.480549828365241 -2.40679953992995 -2.338025280192732 -2.2736216720876294 -2.213118828814113 -2.156141903567007 -2.1023855278686288 -2.0515971566645956 -2.003565793522858 -1.9581140044618852 -1.9150919715475114 -1.8743728392101988 -1.8358489088666032 -1.7994284219409287 -1.7650327835881487 -1.7325941465485846 -1.7020533142069372 -1.6733579416725148 -1.6464610241390512 -1.6213196626649675 -1.5978940967167725 -1.5761469879267511 -1.5560429352373377 -1.5375481975962724 -1.5206305961791728 -1.5052595664195498 -1.4914063287537047 -1.479044146990724 -1.46814864430476 -1.4586981488450468 -1.450674043241154 -1.4440610952979398 -1.4388477502523522 -1.4350263681053623 -1.4325933928276098
-1.4172451454126702 -1.4175485956816167 -1.4192421808479714 -1.4223393398859256 -1.4268570264471854 -1.4328153547587912 -1.4402371751717518 -1.4491475926084694 -1.4595734447267872 -1.4715427604987623 -1.4850842232920587 -1.5002266653898806 -1.5169986235809425 -1.5354279866659595 -1.5555417664013764 -1.5773660228112656 -1.600925972823164 -1.6262463081488674 -1.6533517444812127 -1.6822678185357693 -1.7130219450399833 -1.7456447398096395 -1.7801716123716873 -1.8166446297665613 -1.8551146569904744 -1.8956437906584396 -1.9383081229276504 -1.9832009123953858 -2.0304363010483284 -2.0801538201235337 -2.1325240925622193 -2.187756405486012 -2.2461092571265113 -2.30790568692814 -2.3735563565704814 -2.443595225830302 -2.5187355340837954 -2.599957259883951 -2.6886367279637615 -2.7866980839674236 -2.8965623833292424 -3.01948071484438 -3.1434751273567247 -3.1634867425908966 -2.578845617714903 -4.549133358039327 -4.319025216034649 -4.03209328854839 -3.241709940000953 -2.561234933786049 -2.044423666496336 -1.6509014131686306 -1.3410082286845983 -1.086499398614976 -0.8680361126887154 -0.8652927842649174 -0.5664608901085155 -0.2645493723144846 -0.014063903626825192 0.1637175582533672 0.2886318421223678 0.38421465666604315 0.4359422417102441 0.42022897923833247 0.34319070260105455 0.24251698151457957 0.16074507053291232 0.11865336025038187 0.11269375760742073 0.12866465842220576 0.1534032542006949 0.17873899633994217 0.2008674168962985 0.21862518742224782 0.2321203545314383 0.24193574878293073 0.2487447330541307 0.25315809636962544 0.2556842769828045 0.25673734242837304 0.2566632312279673 0.2557701498067847 0.25435987972462926 0.252759817665145 0.25135913032959967 0.25065512176053684 0.25132053584508385 0.2543125931022094 0.26106455312495147 0.27385217915122295 0.29655675442260954 0.3364328521674488 0.4088347811011688 0.5527188244084014 0.9006779740981318 2.2604728293695273 66.26816440990542 9.115295544919913 59.34148538228683 121.29604102246357 18.058498790484666 105.73241900765034 6.8628216781823 4.87005364300564 4.669694703650033 4.088868874387508 3.3410287375003067 2.6672147733387224 2.131696364453276 1.723101397406246 1.4131795251272306 1.1758810876835928 0.9912341616795172 0.8448302728040228 0.7264755305026083 0.6289763172162522 0.5472319269617235 0.47759863872870456 0.4174525488241219 0.3648917563297892 0.31853139330044716 0.2773623357149141 0.2406531448175599 0.2078827483060222 0.17869637684801776 0.15288178542027536 0.13036578512817634 0.11123587981729205 0.09579296998321349 0.08464699200264222 0.07886418633650558 0.08016854950698793 0.09117253553701793 0.11555112801370793 0.1579933763592306 0.22375741399267013 0.31798392671376075 0.44532207059267526 0.6068922634746763 0.7745221158627921 0.8309934767099119 0.635040244992978 0.23902409456465173 -0.20187614322676017 -0.6153219117257305 -0.9938056047882419 -0.8665240303988618 -1.0849207795635716 -1.3395265960129816 -1.649796152223689 -2.044109966407603 -2.562265515991366 -3.2446140100364853 -4.036281706716733 -4.3173762300513285 -4.549546076437448 -2.590660063168941 -3.1673369830066473 -3.144764534316214 -3.0196407802873546 -2.8958855919610555 -2.785298654252805 -2.686600252585136 -2.597368774955836 -2.515685337048695 -2.440179497780787 -2.3698762527581 -2.304065860823565 -2.242216128694433 -2.183916297359028 -2.128841298032653 -2.0767286477424776 -2.0273631338495277 -1.9805663209861677 -1.9361890734590845 -1.8941059908227607 -1.8542110855697964 -1.816414294943001 -1.7806385820942692 -1.7468174826497092 -1.714893013221718 -1.6848138946904863 -1.6565340623426692 -1.630011445154108 -1.6052069986865536 -1.5820839761041938 -1.5606074194596882 -1.5407438499711312 -1.5224611334299913 -1.5057284947346918 -1.4905166539812287 -1.4767980562978125 -1.464547168024949 -1.453740813018293 -1.444358524699378 -1.4363828915789334 -1.4297998767840774 -1.4245990942788427 -1.4207740277371115 -1.418322180144723
-1.4019297286617212 -1.4022080615214323 -1.4038700769500267 -1.4069291650253468 -1.4114018831738782 -1.4173076066600943 -1.4246681136050174 -1.4335071168393139 -1.443849757977127 -1.455722082725682 -1.4691505190400016 -1.4841613825161062 -1.5007804350552232 -1.5190325239846008 -1.5389413289320135 -1.5605292429667874 -1.5838174125673632 -1.608825958649444 -1.63557439677785 -1.6640822714545203 -1.6943700149256165 -1.726460037885318 -1.7603780570741807 -1.7961546659517347 -1.8338271591416402 -1.8734416324299539 -1.9150554018243113 -1.9587398199994668 -2.004583626780813 -2.052697061532519 -2.103217110211138 -2.156314488641277 -2.212203326416658 -2.2711550949104478 -2.3335192359010124 -2.3997543340454306 -2.4704755276717165 -2.5465251780363047 -2.629068868262676 -2.7196797407359146 -2.8201656164105913 -2.9308032430447284 -3.039449028551765 -3.0554858336033757 -2.5114840638372837 -3.639242626481574 -4.023278453585046 -4.183774300280095 -3.461735613762985 -2.7580567221828387 -2.2119413180975243 -1.7963084019321953 -1.471174573809508 -1.2064218713183736 -0.9814020222766325 -0.7818400706532793 -0.5973044133405525 -0.4507730633154883 -0.1605406627278082 0.10365771128754958 0.3001372422550396 0.4198617810702202 0.4772555422212805 0.4747747269385365 0.4073099039504049 0.29711576308918675 0.19081784640343358 0.1246508736732641 0.10517885420830564 0.11873147829284103 0.14810321191375098 0.18108326731707725 0.21133210995402474 0.23647896439408017 0.2562145192644161 0.2710819325194659 0.2818612616432853 0.2893092714335822 0.294080611999284 0.2967313087546002 0.29775682306930307 0.2976450179154283 0.29693946141719785 0.2963181145381334 0.2967015781557504 0.29941943339922467 0.30649452644650277 0.3211727892639502 0.34900272919335873 0.400246760640532 0.49589884311091637 0.6849411458642621 1.1040563545488407 2.250306707684084 6.995230721704737 58.78836973083383 21.191872308445557 9.998104670583125 80.31498010236479 128.55354563799293 16.600936750387067 123.520835361785 9.478081314687508 4.009713343176843 3.227324186820324 3.165498305011132 3.1227950363923918 2.940649460242289 2.6548258275255137 2.3310660129029874 2.013811348627887 1.7245613245347982 1.4704912163333246 1.2515418702872712 1.0645843306704341 0.9055329954474567 0.7703082891321167 0.6552191544764107 0.5570742105406813 0.47317612601056863 0.4012728034663479 0.33949823544285407 0.2863166342826498 0.240476796217038 0.2009793236808178 0.16706144838332854 0.13820455357165495 0.11417685165094259 0.0951253797088435 0.08174251331369027 0.07553066883438547 0.07917909551034391 0.09700663326998227 0.13528499549781814 0.20203428776732002 0.3056965036317296 0.45171355677515734 0.6321101351754264 0.7925709281386512 0.7990415286823545 0.5541864314808372 0.15416953720746562 -0.2518651329455276 -0.6031674759311967 -0.5958975390361584 -0.7802979127294827 -0.9797343427300145 -1.2047329100505388 -1.4696701352314454 -1.795313996538877 -2.2119231087165008 -2.759600587350229 -3.465239221933495 -4.187625325975377 -4.016037750705147 -3.6400820227939534 -2.5229814177992305 -3.0590810923703797 -3.0406744342307372 -2.930872690735816 -2.8193506896446534 -2.718097851835302 -2.626812272450872 -2.543686137903684 -2.4671515459481457 -2.396048605953159 -2.329539676174906 -2.2670128329443537 -2.2080109565116244 -2.1521841880068777 -2.0992586843241767 -2.049015958641622 -2.001278959714559 -1.9559024345483031 -1.9127660338207715 -1.8717691988177214 -1.8328272306006048 -1.7958681691390699 -1.7608302529765507 -1.727659818276492 -1.6963095517014026 -1.6667370440626486 -1.6389036108723896 -1.612773355897509 -1.588312457476758 -1.5654886591129085 -1.5442709443308975 -1.5246293750591373 -1.5065350706182237 -1.4899603040708427 -1.4748786917773518 -1.4612654523096638 -1.4490977115929053 -1.4383548325649138 -1.4290187489452721 -1.4210742849014433 -1.4145094442959507 -1.4093156554244775 -1.4054879591816896 -1.4030251309674944
-1.3856384611616839 -1.3859143446324258 -1.3875735637972484 -1.3906287464356972 -1.3950951317532267 -1.4009902425340472 -1.4083335005381095 -1.4171457961138951 -1.427449025683421 -1.4392656137158144 -1.4526180379425169 -1.4675283786450661 -1.4840179139928904 -1.5021067839521696 -1.5218137450295548 -1.5431560371640989 -1.5661493819759535 -1.5908081297853023 -1.617145569464658 -1.6451744125667842 -1.67490746063778 -1.7063584627532968 -1.7395431699953863 -1.7744805961965184 -1.811194500368606 -1.8497151179922617 -1.890081189025441 -1.9323423634297299 -1.9765621166221776 -2.0228213881038313 -2.0712232804142703 -2.1218993498893197 -2.175018320171862 -2.2307985147004437 -2.2895260039315763 -2.3515814466262657 -2.4174796775884664 -2.4879259617057974 -2.5638854952165886 -2.6466221352702908 -2.7374715273732537 -2.8362008927530593 -2.932022166934737 -2.9535023615585723 -2.5209281973801376 -1.643426689464889 -3.475282488648226 -4.296643268046599 -3.72633256175133 -3.001107472302138 -2.414144293627265 -1.96619119309955 -1.6184716752646546 -1.3382823708298206 -1.1027673915802567 -0.8963491616980137 -0.7081119605567044 -0.5299300702672847 -0.3529965057941622 -0.05401033382199372 0.2425823718764744 0.47612484769283564 0.6057144800788234 0.6266265408851641 0.558591371268961 0.42829721640637075 0.28080350569846324 0.16907994803155058 0.11942022806877284 0.12396995731543137 0.160170610529226 0.20816991239002658 0.25618568446346457 0.29903000560297216 0.3352971835231104 0.36529738272615664 0.3899250539964754 0.41015332347636646 0.42686957907745204 0.4408806635871493 0.45300625578708265 0.46423377130445875 0.4759471261596535 0.4902819307894747 0.5107300620903957 0.5432709442806883 0.5986865984901952 0.6977197889789996 0.8836044503719709 1.255582196210657 2.069692684201958 4.089846286107173 9.970811023421232 26.052893660519164 23.7932963103114 6.940534245647439 0.937558899135766 4.853046232279597 128.08331717960556 95.67733970924924 15.151904316581303 104.45571147522061 15.751480029643357 4.685580497767578 2.3571449565340186 1.5265910473188296 1.2633072432881396 1.3134999442940938 1.5508083150838923 1.868235909546046 2.1638447002725285 2.3569972397794934 2.406292633014984 2.3140123378041606 2.1145111243875796 1.8544705531115684 1.5760919836448857 1.3089676489523432 1.069523228215882 0.8641671036500778 0.6930692745352576 0.5531656182690066 0.44011690856464525 0.34942381431142466 0.2769890875872283 0.21936618535357064 0.17386425706048841 0.138624591517887 0.11275545435380499 0.09660665692599554 0.09225925240757998 0.1042664895765748 0.14050136405259428 0.21247659117549644 0.33340980142744514 0.5099156483823954 0.7181742349926739 0.862277773050525 0.7951097911962445 0.49153572540969637 0.09580064846368652 -0.2626148273600998 -0.5445792524336408 -0.5285690550186922 -0.7066227734588995 -0.8947084999746479 -1.1010319272746567 -1.3365936198046464 -1.6170705474039586 -1.9654400576866298 -2.4145432654984846 -3.0032248537844444 -3.730226543947994 -4.298901639981277 -3.457602120654972 -1.6293383116748474 -2.530668412014476 -2.9566219958014877 -2.93309543209178 -2.8361562594177157 -2.736541963174062 -2.644921004374152 -2.561506650483828 -2.4849640965172526 -2.4140345304371698 -2.347758009162157 -2.285433518409846 -2.226549013307978 -2.1707249451694866 -2.1176745492179103 -2.067176928437311 -2.019058868786886 -1.973182404637042 -1.9294361409235474 -1.8877290396815187 -1.847985843159163 -1.8101436053300812 -1.7741489951986558 -1.7399561575367777 -1.7075249947044107 -1.6768197818845083 -1.6478080586083053 -1.6204597575164112 -1.5947465417697577 -1.5706413275873081 -1.5481179715518811 -1.5271511022688737 -1.5077160769120534 -1.4897890424633897 -1.473347081721041 -1.458368424474563 -1.4448327045966676 -1.4327212450157503 -1.4220173534847156 -1.412706613592499 -1.4047771567098355 -1.3982199024891642 -1.393028756699524 -1.3892007572211549 -1.3867361603096968
-1.3684256080810422 -1.3687220031771572 -1.3704071148001162 -1.3734920787766 -1.3779898772282944 -1.3839150494826806 -1.391283358595555 -1.4001114229435696 -1.410416324090451 -1.4222152048360597 -1.4355248725898782 -1.4503614247372605 -1.4667399131766525 -1.4846740650251242 -1.5041760761336014 -1.5252564923870198 -1.547924192533954 -1.5721864835528176 -1.5980493183107207 -1.6255176428635503 -1.654595879497713 -1.685288551966841 -1.7176010603532328 -1.7515406171071275 -1.7871173634550388 -1.8243456976037602 -1.8632458659332847 -1.9038458984608086 -1.9461840157322141 -1.9903117032875164 -2.036297755148948 -2.08423374696958 -2.134241642281283 -2.186484597581331 -2.241182553002611 -2.2986348561126544 -2.359252687335399 -2.4236030649975833 -2.4924581674114554 -2.5668064317229233 -2.647622603443459 -2.7344900139267834 -2.818762525207811 -2.8485891059392907 -2.552733275744557 -1.4396128712062257 -2.6115190451339667 -4.26216293593901 -4.02603430345243 -3.303698231701547 -2.664308580160252 -2.170419017589974 -1.7898152940857082 -1.4869392195468771 -1.2357089176133016 -1.0183135262885723 -0.8225674156820154 -0.6398435143250982 -0.4636599273450097 -0.2888013915539338 0.02129604864144996 0.37557397901185996 0.6907014018304678 0.8849727114305765 0.9047290973179061 0.7631184368968964 0.5375790074059523 0.3260352997379852 0.20004440549139346 0.17607017747778286 0.22859383681233458 0.3231112528138046 0.435390213806042 0.5539479641660556 0.6760566104563347 0.8037375634324033 0.9413636809423173 1.0946006789582572 1.2701259850555688 1.475657953778519 1.7198793850079537 2.0118647584110425 2.3602360244920706 2.7751016517846736 3.2816411839268698 3.9542415379470723 4.9528830454396875 6.467153009324563 8.30681957982971 9.056909459269622 6.924298414000286 2.7325184411761394 -1.5188649476634408 -4.94088290035495 -7.043666883610388 -7.128705453745681 -4.619775662829792 2.9351403581624727 84.28990209639203 112.02700863843295 13.631925321242122 112.1179510997787 32.43229286110331 8.078534111262849 3.3361211299760374 1.5721156919320052 0.6578307643179533 0.0739720061129534 -0.34488141792417965 -0.647421139914792 -0.8265673605390523 -0.8380284086894376 -0.609894899317037 -0.059569114259227174 0.8625341109978146 2.0795522612665414 3.277209386408577 3.972943653378043 3.9043609186786075 3.277179653376333 2.4850658880897694 1.782202111701125 1.2461706000072514 0.8652814105268396 0.6033146784815784 0.42585039011761516 0.30694820275666557 0.22909512521518924 0.1817929554356185 0.16057656923372077 0.16693678675669288 0.2089799212055538 0.301495830046267 0.4609371269352732 0.6845855440105642 0.905051290312546 0.9719621342884114 0.7832743166971213 0.4279383394228564 0.06930696553237992 -0.20784335820329014 -0.2875856547595321 -0.4624208918603654 -0.6384805130521519 -0.821044844938907 -1.016657664818769 -1.2340124527762641 -1.485372961255358 -1.7886470482632633 -2.17003652324697 -2.665220223502999 -3.306362281725031 -4.029784199095364 -4.260718609117979 -2.565626421379956 -1.4531320786553534 -2.560081295577376 -2.8511228193333484 -2.819625917819062 -2.734327102246266 -2.6466199409118025 -2.565067633144395 -2.490073679453884 -2.420664972682283 -2.355857707924177 -2.2948843009817574 -2.2371813503402898 -2.1823399500006495 -2.130061500148538 -2.080125168849025 -2.032365193279655 -1.9866552456426203 -1.9428976157202489 -1.901015627273528 -1.8609482265019226 -1.8226460432430036 -1.786068466853902 -1.7511814371371122 -1.7179557526995557 -1.6863657667263565 -1.6563883823814454 -1.6280022882047325 -1.6011873909820005 -1.5759244145009936 -1.5521946390894645 -1.5299797608061605 -1.5092618516132639 -1.4900234032675144 -1.472247438456637 -1.4559176742441982 -1.4410187229463884 -1.4275363170056328 -1.4154575451787004 -1.4047710882085267 -1.3954674433919676 -1.3875391282574014 -1.3809808546278157 -1.3757896655247746 -1.3719650282450393 -1.369508878006513
-1.3503651397730676 -1.3507041732882037 -1.3524422566978425 -1.3555883186134767 -1.3601521679079447 -1.3661442597719833 -1.3735754332066596 -1.3824566271007492 -1.392798583834554 -1.4046115505978332 -1.4179049896487412 -1.4326873092618655 -1.4489656270696742 -1.4667455767987196 -1.486031168392661 -1.5068247100935115 -1.5291267990334134 -1.5529363857904936 -1.5782509164256517 -1.605066555100652 -1.6333784901170896 -1.663181328093485 -1.6944695833629937 -1.7272382758874887 -1.7614836587944793 -1.7972041098525706 -1.8344012392250462 -1.8730812936154422 -1.9132569752937365 -1.9549498530759686 -1.9981936276636505 -2.0430386414329194 -2.0895582113660778 -2.1378576376535583 -2.1880871111937603 -2.2404601619746556 -2.295279445908142 -2.3529703048306247 -2.4141150012523633 -2.4794494759129746 -2.5496620725992765 -2.6243322339280626 -3.326056894857487 -3.5872930026395267 -4.947543318293129 -10.678263331357215 -1.5601209612524913 -6.210826595266278 -3.4549896033246643 -1.999724831878714 -1.0186669660037204 -0.36152149357033503 0.03179064650926977 0.20288339489475132 0.19941035553356712 -1.1516126363285113 -0.9437533850741574 -0.7521004464003822 -0.5695921654810506 -0.39092200779090946 -0.21178285697530042 -0.028447509719691677 0.42424750070127304 0.8809105462604749 1.2656202752930443 1.4476948380891261 1.3459782119468924 1.0285549830862957 0.7064960698198961 0.5823867773093026 0.7496774259965635 1.2425251030268805 2.1468413584015145 3.699902209312908 6.320522563326376 10.063960327771996 12.391765635514416 9.730024927518675 5.07959703261346 1.6143113822626534 -0.7808602918287697 -2.8967776290201894 -5.408134072389336 -8.75723955570023 -12.308276678370262 0.5085072529922874 0.43124800008822706 -7.927373274745268 -4.2711712751805875 -0.453071180032911 2.948447278519344 5.229980585498289 6.091181117081887 5.868685850731904 5.2807020612168865 5.0543749405398 6.1374734239452495 11.860531100019598 74.38258571184736 60.93306471284704 11.959859291457056 60.96777635612907 74.2853676594943 4.747337522039513 2.167737374727184 1.035067304572691 0.337410654723192 -0.15806748865744313 -0.5144325985523317 -0.7533656967674149 -0.8993418667786403 -0.9994806715426027 -1.127529143405732 -1.377562470662614 0.420865558395275 0.4980241360382638 -3.920766688379852 -5.370106040215744 -5.99990662126604 -4.067668308775368 0.8033864277491638 6.485677757571823 9.235018166781344 7.64002231475109 4.757770308592237 2.7016884182258263 1.568725420504161 0.9942646297447333 0.7211589837635028 0.621911058219279 0.6446859908134717 0.7727272981553154 0.9848663602002955 1.2026272540244058 1.274318439346266 1.0968605622515475 0.7506349713475294 0.40787677584005566 0.17130901585472946 -0.027449325921012457 -0.21083325039508183 -0.38990344277309164 -0.5684343621297774 -0.7507755954740103 -0.9422761960688565 -1.1500451947961572 0.054967605502678096 -0.04745486041881247 -0.3109129869660643 -0.8945152527995217 -2.156997692799752 -4.959470895535523 -10.162225181742222 -9.268898824322894 -1.567972903663982 -3.538584753240359 -9.923268353237727 -6.611095615106168 -2.231165308971498 -2.624068687333567 -2.5486458412999395 -2.4777704306929142 -2.4118555224527 -2.3502148926854556 -2.2921165772368886 -2.2369820702368166 -2.1843889027197774 -2.13403613766211 -2.0857106620443284 -2.0392613006243403 -1.9945802950374667 -1.951590347802792 -1.910235592343947 -1.870475268845118 -1.8322792586651344 -1.795624902033118 -1.7604947120623913 -1.7268747239343898 -1.6947533019928596 -1.6641202829024677 -1.6349663700497477 -1.6072827188755605 -1.581060669645217 -1.556291594655562 -1.532966835289446 -1.5110777086921323 -1.490615568436296 -1.471571905478997 -1.4539384783003855 -1.4377074625591653 -1.4228716115337932 -1.409424420125299 -1.397360285586832 -1.3866746589290668 -1.3773641814999689 -1.369426801770396 -1.36286186746739 -1.357670189114038 -1.3538540712100486 -1.3514173077381786
-1.3315506087835183 -1.3319524325101488 -1.3337673847906633 -1.337001518546108 -1.3416606183526998 -1.3477500365310338 -1.3552745191573181 -1.3642380266579122 -1.3746435549936065 -1.3864929636679353 -1.3997868172933077 -1.4145242470723685 -1.4307028378186142 -1.448318544926433 -1.467365644399446 -1.48783671704498 -1.509722666550629 -1.5330127698488467 -1.5576947573523532 -1.5837549208075514 -1.611178248200149 -1.6399485871038597 -1.6700488431044054 -1.7014612261509117 -1.7341675668581473 -1.7681497374162027 -1.8033902285595005 -1.8398729578310116 -1.8775844161086646 -1.9165153063462537 -1.9566628943959699 -1.9980343893085706 -2.040651809993069 -2.0845589910438225 -2.129831630189164 -2.176591520392482 -2.225026051138768 -2.9443673110673823 -3.142491895937673 -3.3045461801284093 -3.327443027146952 -3.1665218405628703 -2.9979877325680073 -3.140399378151721 -3.9323444624927357 -6.324047194063007 20.372496583704603 -10.149701428338817 -4.6455500244698165 -3.0071759061395813 -1.9646011993049657 -1.2205135688556508 -0.6667347254397444 -0.2518000592005157 0.04788295337305909 0.24204538654194319 0.33378264497515775 0.32502254043509493 0.22476042939508267 0.061622378750392004 -0.2990565663230407 -0.10906902882013259 0.086906947918161 0.29271418199336674 0.5132472637838362 1.4296471385782168 2.17858551705481 2.9407269771688798 3.954971670362583 6.903566742118135 22.33311474804386 30.91327373769961 -26.80465230593721 -18.414419564657965 -4.4163645106751455 0.6936423555209146 1.65205459133026 2.050695786148442 1.0894619433121133 -0.7703072358149607 -2.9849357941935786 -5.150165327549501 -6.83155939502186 -7.4109628286851015 -6.479723309802546 -4.4008203791780645 -1.9733282051843353 0.23123469044948397 1.9808417203056432 3.220194374232523 3.9601004965586526 4.242000635527321 4.131260405794972 3.721929144451516 3.1758496513548726 2.880129678143127 4.050036972574232 12.302715828684159 58.04929548030654 23.687687555230013 10.058573720551667 -0.5925221457152196 41.583833620029715 12.147231385227784 7.744447605513299 6.945162348345036 6.773813302082639 6.84173624410396 6.942444750988166 6.7691929160060855 5.989293534217398 4.489455043318407 2.4699138143741024 0.25273365340812215 -1.9047341590659768 -3.8265927700440967 -5.37934306991195 -6.485363899747874 -7.170033124550901 -7.55885154983107 -7.808083004472955 -8.038956884170338 -8.329025777311792 -8.775726796594366 -9.743302338069169 0.6732707698879992 -33.63519521194131 -7.429010272456365 -0.47440735503335474 1.6882267962771067 2.3128840871024554 2.322405872819558 2.0172808878874435 1.5411297077256843 1.0843631552564288 0.8239561968944782 0.5136988622425336 0.2930967672295929 0.08732142568410861 -0.10854898589057571 -0.29838183306901245 0.7798251867862717 0.5700283262458662 0.37663473289054006 0.20182966415464032 0.027450286448079897 -0.1796126853571648 -0.47119510107607554 -0.939888342160953 -1.790523322457163 -3.560585646317157 -7.605337534441762 -13.468003781438012 -5.516160430219283 1.758737060224258 -5.6255543950978435 -9.473255246011071 -6.211448514001054 -2.0133169028740805 -0.5045340041016293 -0.3929272536543159 -0.6855861305009118 -1.015096648050741 -1.2783846682500064 -2.22227872561505 -2.173584252246909 -2.126644659373685 -2.0812737309021347 -2.0373498241911796 -1.9947962832142418 -1.953567138818853 -1.9136370113584333 -1.8749940762767578 -1.8376351944227562 -1.8015625584457717 -1.766781401904764 -1.7332984564073175 -1.7011209380626964 -1.6702559093997567 -1.6407099069532927 -1.6124887557394723 -1.5855975125523374 -1.560040495713101 -1.5358213699413192 -1.5129432630578528 -1.491408898088185 -1.471220728792473 -1.4523810704921714 -1.4348922210686794 -1.4187565689470276 -1.403976686356564 -1.3905554071697046 -1.378495888945826 -1.367801659317477 -1.3584766464377136 -1.3505251932499454 -1.3439520553296198 -1.338762381355182 -1.3349616756617455 -1.332555742156781
-1.312094000032562 -1.3125756846903456 -1.3144866655432579 -1.3178295312291466 -1.322605299519685 -1.3288133361740166 -1.3364512836744584 -1.3455150022712294 -1.3559985256563456 -1.3678940335744425 -1.381191842878182 -1.395880417862838 -1.4119463989390857 -1.429374647300952 -1.4481483011117797 -1.4682488369951745 -1.489656128965376 -1.5123484962852127 -1.536302730958611 -1.561494097568803 -1.5878962996451662 -1.615481411022814 -1.6442197764364148 -1.674079892285854 -1.7050282887297707 -1.7370294454766486 -1.7700457886214411 -1.804037835247559 -1.838964577010609 -1.8747842286562317 -1.9114555145988663 -1.9489397348955526 -2.462150148013979 -2.5424467741840955 -2.6392264685368647 -2.752783431933098 -2.8763808525907995 -2.989886722361127 -3.0539963739664544 -3.018666505131354 -2.8645550593211047 -2.6577238248661983 -2.5391922256907957 -2.6465807157129353 -3.111689900510017 -4.199524429810206 -3.3235393786067604 -1.3945493091976902 -6.9482395539439645 -4.16384758614014 -2.933840307543936 -2.1371782737474874 -1.5555617778073685 -1.0906589606488253 -0.689665274550385 -0.3241290779945824 0.019131323414532053 0.3411841536528645 0.630866496105188 0.8640854900321288 1.0068673450054944 1.0276133189911878 0.9195947703240626 0.7207647805564003 0.5020188796883275 0.2851773003883432 -0.25911350756761786 -4.029218682894179 -16.413139437136234 15.80769204986231 5.943522311361926 4.637947869699584 3.1774038690912336 0.9142969236545202 -1.3968505842556866 -3.332452921799596 -4.888626485389752 -6.165159932026797 -7.199988659402653 -7.918240911115255 -8.16244265760594 -7.803959827361924 -6.860525219534857 -5.499467370403009 -3.9354181421590266 -2.341294688145527 -0.8265632505216787 0.5458049320153944 1.73819400401743 2.726173570093699 3.4960007225757823 4.049037570272561 4.4112302377256 4.65273156466215 4.950032060795048 5.845363238354616 9.53958667841549 25.555725673594296 29.436437996751692 6.045480232205374 7.862457038985365 -3.5183335312640827 23.320303912659543 26.833954062333735 12.869674209973912 9.493370019534487 8.456422521905884 7.812962843463564 7.039978828167971 5.9697900843195155 4.595951573111692 3.0038082383984785 1.3081071690040837 -0.38963590759096955 -2.010961401659267 -3.490854993176135 -4.768484114373587 -5.788835878244605 -6.514013105276145 -6.935197628925382 -7.076344363042166 -6.9868639846771385 -6.726852233304605 -6.352049348358746 -5.907253649452429 -5.435465878984386 -5.002451434519786 -4.719895025139621 -4.740620531357946 -5.297218543319479 -7.139756869400918 -11.79733225457105 -13.937156311160429 35.01118328271137 13.873445167691942 -0.39836870695125015 -1.3164659671608914 -1.3103612582239044 -1.18398467376829 -1.0577646631029811 -0.9576354255125636 -0.8891019750266427 -0.853601845010661 -0.8537296272138286 -0.8955330742629756 -0.9907336648049068 -1.1615682093636757 -1.454049475233462 -1.9766499533156132 -3.0216531702296856 -5.456041739221739 -11.269224655667987 -14.175791264789524 -1.3963039651083644 -0.4714873749977131 -6.3796038552353815 -9.584769701312148 -6.641175675147503 -1.84969824992963 -0.05159981247904777 0.014215151911058377 -0.38228225354701884 -0.7873000354185835 -1.096352909179326 -1.310288682119439 -1.451921447872723 -1.5428289430968087 -1.5990013661484392 -1.6314242403052575 -1.9464305822807684 -1.9090578442166204 -1.8725547765882902 -1.8369566135875097 -1.8023002326967088 -1.7686221005154543 -1.7359570236213147 -1.704337465685819 -1.6737932584660886 -1.6443515807080873 -1.6160371120441193 -1.5888722921839027 -1.562877633636702 -1.5380720492640325 -1.514473167194964 -1.4920976139043765 -1.4709612536426322 -1.4510793782418485 -1.4324668454449865 -1.4151381678818398 -1.3991075568965106 -1.384388927052867 -1.3709958677624665 -1.3589415887026082 -1.3482388451891238 -1.338899849006698 -1.3309361693282267 -1.324358627489546 -1.319177188521703 -1.315400851612195 -1.3130375412304494
-1.2921233969083428 -1.2926979099878406 -1.2947178756808282 -1.2981819418653113 -1.3030857682968717 -1.3094220374864414 -1.3171804963083662 -1.3263480277454212 -1.336908751713604 -1.3488441525870116 -1.362133229990583 -1.376752667670265 -1.392677013002878 -1.4098788576210706 -1.428329007470909 -1.4479966282703494 -1.4688493511768415 -1.490853322516517 -1.513973182141453 -1.538171956394006 -1.5634108551184451 -1.5896489666670068 -1.616842851445326 -1.6449460415707011 -1.6739084642127238 -1.7036758157880187 -1.7341889268610151 -2.2482052777013872 -2.213378611007134 -2.2856217583798735 -2.5668516357599453 -3.039399276309512 -3.5994817129077683 -4.0776028052492626 -4.2630185037008665 -4.015363849160082 -3.4006209399870517 -2.663773096848842 -2.0492858608572817 -1.6759957675691028 -1.5429535646853347 -1.591961028070635 -1.7594997377256965 -2.0062725593207 -2.341280808171975 -2.8119108035140066 -2.256667995314263 29.136594117796456 -17.130932462849806 -6.703906746355018 -4.239697917243949 -3.1214105336555806 -2.4346049196850066 -1.9402570248109718 -1.5370598715472776 -1.1731569962353432 -0.8203900771263813 -0.4640039068609364 -0.09836083987146749 0.2742272158707614 0.6427561106288475 0.9855807288189585 1.2670222338057524 1.4271773406145547 1.3354048350640302 0.5401943903787407 -3.758396143237327 -57.408522398125434 -8.583141505269968 -0.10130442292026487 0.9113189668897994 0.5685173862846638 -0.22810293495449807 -1.279877247628162 -2.49543697732112 -3.7570740034468173 -4.930115451548712 -5.894266050928843 -6.558883280702194 -6.866746508746305 -6.795927840917388 -6.361625400508489 -5.613394535397639 -4.624449037360149 -3.4762659963971423 -2.2451159426543215 -0.9945366181974635 0.2265621483991649 1.3830171138259166 2.453269737172316 3.4334721816557026 4.350093643958546 5.289534643111598 6.468780404092502 8.416135569038198 12.354658730925424 19.298006391891942 19.6149584026055 7.239043554071129 -1.3148602381794419 5.326517391132434 -4.293436413776874 4.909191637545546 19.934785460100137 20.596565721715326 13.907746061891096 9.993352541110838 7.932423775346633 6.51512126483463 5.232946872188962 3.9109610308307348 2.518632126319409 1.0850231036450397 -0.3403744244936513 -1.7032817055231142 -2.949335025386838 -4.026591520560629 -4.889985895314286 -5.506938462284046 -5.86032863045232 -5.946071194334447 -5.766999125127551 -5.32897683605211 -4.645148359219592 -3.7493294719065506 -2.7133118576008615 -1.6588785469798912 -0.7534649998861647 -0.1832505476324644 -0.12622231655791527 -0.7907576729666723 -2.5368996438695235 -5.339554985040329 0.6987047414705438 42.754042174635686 3.60186106560315 -1.094803544488712 -1.42700803010443 -1.3840766452328532 -1.3423797617260242 -1.3289456429938253 -1.3400830795344842 -1.3750817249760572 -1.4377494813469531 -1.5360947602420933 -1.6843862666621336 -1.9103522728070736 -2.275613903788731 -2.9371324134741768 -4.353373786677761 -7.950932993129258 -15.23592781521141 -7.95257035920231 2.7663418026607083 -1.7189733762757624 -5.310892067115338 -10.424991412118866 -10.434016888321889 -2.434647101550932 0.8996548553820125 0.9361885008328346 0.2684901410016028 -0.3365902386346905 -0.7670034034205562 -1.0538226563202115 -1.2411804761028065 -1.3623869631598957 -1.4396036099732301 -1.487099757777222 -1.5140360440963456 -1.526329296377888 -1.5278156586757679 -1.5209553792584893 -1.5072472996200323 -1.7332636417575866 -1.7029740160347946 -1.6734494198436534 -1.6447441820503217 -1.6169073750941414 -1.5899835426381406 -1.5640134335247278 -1.5390347002900175 -1.515082530540268 -1.492190190143243 -1.4703894651644545 -1.4497109975155167 -1.4301845150874788 -1.411838962672926 -1.3947025435270732 -1.378802683957721 -1.3641659349238098 -1.3508178247325828 -1.3387826766321824 -1.3280834039865987 -1.318741294136323 -1.3107757905714017 -1.3042042813848138 -1.2990419003494829 -1.2953013456422768 -1.292992720232179
-1.2717793696132156 -1.2724546856406767 -1.2745890859372109 -1.278176943453828 -1.2832081594362692 -1.2896682717363883 -1.2975386138273632 -1.306796521019927 -1.3174155788713438 -1.3293659071844024 -1.3426144708855616 -1.3571254067320029 -1.37286035187902 -1.3897787582540393 -1.407838173422681 -1.426994466623482 -1.4472019775244904 -1.4684135642227667 -1.4905805279422566 -1.5136523945257938 0.6556040984364631 6.452648378600404 339.22098626154 7.6745552128141785 0.8268598864889896 -0.3484659923100818 -0.7257379121379808 -0.8639366001445752 -0.8924208632325326 -0.8466522230131563 -0.7281998165914244 -0.5156934271220389 -0.15756815802440166 0.45640058788425736 1.5757178437241448 3.8401400058105537 9.228092931091606 26.752260495854188 135.01977045884112 23.31540013620155 8.442748688273205 3.0903458898752714 0.6521319764914848 -0.6136973348132084 -1.16679058477642 -1.0424534649358232 0.042304689422422825 6.615318718089956 3.0865942146029894 -14.732072059669354 -7.9267132974534205 -4.875970747235313 -3.526496163695605 -2.7531173552267276 -2.2084553257068342 -1.759947471938829 -1.348307105401827 -0.9463389737255972 -0.5445092683258468 -0.14558546020302876 0.23676622521306123 0.5763746401065926 0.8267878974685949 0.892295711983781 0.5099864438581649 -1.3437933977104546 -8.802310521123069 43.83526016250617 0.7480754658742754 2.35872428683314 3.4084197584834457 3.8942914033422262 3.8116702468260133 3.1301680015643276 1.9714316917731534 0.556291585966147 -0.9230547126399986 -2.351595037648772 -3.664696961912514 -4.804278634295491 -5.688639733788737 -6.207785888798686 -6.253133150853428 -5.773624277940008 -4.816153236062612 -3.5087633737354 -2.001189104782452 -0.41311450467578315 1.1851401566056563 2.7693881914038974 4.352186751860763 5.972092397617996 7.6670286742232285 9.386832895792075 10.79036812673625 11.067876712806411 9.295486321755076 5.119055918328571 -0.5579624644864823 -4.7679385525679745 2.4370413956115025 -5.087250557212794 -1.0062421342563954 5.030677155361794 9.508375267914905 11.425602171189817 11.197996782628834 9.780266413096141 7.997151484375805 6.2034444951331995 4.465876871199716 2.7649089074069355 1.0795200593843164 -0.5882261633038293 -2.2036244307669923 -3.6909241951073106 -4.931364219028125 -5.783619485910889 -6.135302282213976 -5.959572754388363 -5.326710210583007 -4.358448584109874 -3.1693985372173907 -1.8384276177130783 -0.4165581591162111 1.0394563718820695 2.4209574806860124 3.539738820337506 4.177404514336399 4.215915131704291 3.6967396943860384 2.653637834273737 0.7992420406817347 0.6830790497444854 15.422230304309934 3.1469611448367587 1.5629986180356217 1.2206519836022187 0.8941839772329002 0.5128355360196889 0.10163888022314838 -0.3132542854172896 -0.7161255302361489 -1.1029486917411204 -1.4814404036830746 -1.8732935070263552 -2.3234743965547198 -2.9296413313995986 -3.937367577566976 -6.072905869400808 -11.268027983440458 -14.37659062542635 2.7196838407354633 3.096547935095611 1.633505058351191 3.9135817311613943 5.752162942032377 -1.0684749808280163 -61.82089621275053 -1.6062072772235254 3.5673928583910106 2.187119314710189 0.8633197018781024 0.013204399946183998 -0.5097467271459981 -0.8351987239822214 -1.041433637690957 -1.1734115152874092 -1.2571898738160543 -1.3081659629887221 -1.3355208073800275 -1.3445793193940816 -1.3380018047980136 -1.316226404599577 -1.2772547431629129 -1.2155257056948312 -1.1189399942364027 -0.9611599373732975 -0.6794549665794156 -0.09831997565870676 1.414143995663335 -1.5139591846260925 -1.4909792499939258 -1.4688973705495512 -1.4477620712321104 -1.4276202661185968 -1.4085175245772872 -1.3904981891224684 -1.3736053638945953 -1.3578807946804972 -1.3433646630864455 -1.3300953167243557 -1.3181089567434696 -1.3074393017344976 -1.2981172450180671 -1.2901705197693407 -1.2836233839434144 -1.278496334840391 -1.2748058610493511 -1.2725642376926105
-1.2512100756456173 -1.2519884649162525 -1.2542341763320395 -1.2579371423306729 -1.26308133002314 -1.269644947548544 -1.2776007187043255 -1.2869162193047563 -1.2975542666557986 -1.3094733511352912 -1.3226280962111663 -1.1024814089997643 -1.0543884361057714 -0.9758124236212744 -0.8383768414927089 -0.5745984195677529 0.007881484975246877 1.5940820076633666 3.755718716838821 7.850780461678333 4.1639997763330845 0.6301352884977431 -0.3913406326969062 -0.8092977075510664 -1.019012457426213 -1.1377192487511392 -1.20914734015721 -1.2520135659433047 -1.2747642170233635 -1.2808229943664549 -1.270563108129323 -1.241869935596809 -1.189834375619483 -1.1055360466572828 -0.973353076676119 -0.7652798655749937 -0.42833612901020995 0.14591777361412867 1.205142325778573 3.4130148869184724 9.087337791618857 31.636852104332636 66.4893641480886 -7831.455124092444 8.990585049135792 23.12679977288741 18.42000474691089 5.112457193004878 5.464531263255301 -0.6521844908463992 -13.226076098331419 -10.992474800171225 -6.517217523684726 -4.301486283489625 -3.0965032852003938 -2.2829911235315943 -1.6250320715556161 -1.0266805352953035 -0.44911610052853906 0.11940308534567956 0.6777353016104184 1.222188834946303 1.757913667866875 2.3178647719718555 3.0209589403541806 4.256234361522009 2.034389321725616 4.387615147257419 6.157990542563976 7.9447574476137115 9.921922595882242 11.393199728379031 11.44554263511928 10.132720469288389 8.382157735285597 6.84557064823343 5.646279416665472 4.6805653265671445 3.8266488478993135 3.01837830827123 2.2536627603426234 1.5729075404696602 1.027969807694736 0.6560511747411457 0.4636572154529707 0.4178638502965807 0.437904775554798 0.37578750125500293 -0.03567493123612042 -1.3106973377831102 -4.428087166558801 -10.228777536146906 -13.77685397679669 -8.479655360223209 -2.655659083038543 0.026208101322541033 0.30936769706050615 -1.2079471773989445 -3.651727359967183 -6.56128001665947 -0.775700012738119 -6.8810174961769395 -3.793212733706635 -1.1990515128105494 0.2507052223942745 -0.1260882828077987 -2.851371278858176 -8.673181379525225 -13.972436906695819 -10.38755868824944 -4.493515162574154 -1.2919335742547462 0.04276564713524289 0.4838592003305544 0.5414501145380314 0.4819777677759882 0.45759639331801616 0.5584572744423508 0.8307320394958628 1.2821007223349872 1.887045881686955 2.6003893604493427 3.382733461195325 4.23258627367148 5.209967387355533 6.430022644258365 7.990645841066345 9.763579732765159 11.091271433972112 11.036479261505292 9.53101827315551 7.47570993035708 5.720361496874202 10.098135714507862 -9.150657700586258 -1.2365147900818743 1.258005129878808 1.4795605182494447 1.2604627647976248 0.895690586252665 0.45867160897577275 -0.023301041375603793 -0.5356328447483656 -1.0713207837095584 -1.6342848257937428 -2.2478602739537954 -2.9721406323391864 -3.945650782553 -5.504199713902353 -8.481781671520501 -12.878871304354224 -0.6533662806240876 12.044420888384401 1.779177574608731 -2.3105481536700374 -2.7883808283380507 -1.5655687884477807 0.09087338879962559 2.27323518464332 5.188143729974955 2.1475399163023123 -74.1458818515817 -0.17754975525116024 2.3011611290039586 1.1852274843556916 0.3192471548537994 -0.22327973901027676 -0.5602865429011434 -0.7714174270922611 -0.9017194157189423 -0.9755873788388786 -1.004745134295102 -0.9913237461254154 -0.926615487580086 -0.7827119066914039 -0.483852465470804 0.20489052585816397 2.294463258332843 14.910113139575818 531.965418060907 8.157030315661203 1.4052751837610364 -0.05015698358456705 -0.5842760189436096 -0.8342140146769239 -0.9683087869076035 -1.0466038133966624 -1.0949358513126968 -1.1259961573348087 -1.146700878244824 -1.322037734274911 -1.3089004089893228 -1.2970104735860302 -1.286412761160173 -1.2771479904433711 -1.269252323683967 -1.2627569582015976 -1.2576877646628812 -1.2540649820128713 -1.2519029772843653
-14.168149096380194 -9.84904497391676 -2.2065188617287586 -1.5193015259237965 -1.3225146004863588 -1.2375689146221087 -1.190016679350368 -1.1562728640912436 -1.1256472954279813 -1.0908161413648907 -1.0438781238529504 -0.9727997311050138 -0.8549854568121618 -0.6412243918059706 -0.20921224937412353 0.7519335967714387 0.8380139112082112 -25.62012907337602 3.370435612156218 0.7315209201753081 -0.30974155816263815 -0.7554664983418745 -0.9834780876746916 -1.1163359441000091 -1.2011494927265305 -1.258687624595999 -1.2990180306650052 -1.3272750509263718 -1.3460326260046789 -1.3563407079556107 -1.3581568812211773 -1.3504445466191874 -1.331016492307827 -1.2960932601604818 -1.2394294362745648 -1.1507007661423523 -1.0125943020824835 -0.7958246787681487 -0.452508159234454 0.08080621569336621 0.8005578533522577 1.247609426238851 0.19164155888808132 -1.5783923979799557 -1.0388675101138745 1.0035220085298242 0.3007639722214037 -12.867155409271204 -12.548140454360507 -0.030053084679200648 3.243691173168177 -6.662294308218192 -14.897386960431001 -10.739093871196431 -6.270658863646026 -3.7680758234456353 -2.211235019733345 -1.0429002316798548 -0.033078328919337346 0.9212218444959441 1.8910300746511555 2.9857518355641064 4.472597460216765 7.092233208269899 11.383819214665305 -16.170359961508098 2.2595748738325687 10.24957498664146 15.369904772882087 22.77216454406973 24.60455864714313 17.793838751233938 12.195670803861596 9.021618766289768 7.0187882817249125 5.520461676863159 4.27224312097303 3.1872569469314165 2.2370261598586874 1.4124097484502658 0.7128296452386502 0.14433625637743763 -0.28139756128584326 -0.5498195488760746 -0.6482492589016863 -0.571569679821657 -0.32718092566642976 0.06201048745547311 0.5563093526799946 1.0976224740626868 1.6040579562876633 1.9551387058020655 1.9534051134833028 1.2078534110303831 -1.330522388672958 -9.905715649593478 -39.505368328232784 -23.013494556234498 -8.367991463924605 -8.356176828156027 -4.221544350067275 -10.89871164484662 -10.40686091585824 -23.759674534154186 -39.87241473368114 -10.24240980561114 -1.7407775457593027 0.8011946867301547 1.666365715175377 1.8660848215102976 1.7352908868745838 1.418927353522157 0.9960003013729217 0.5202177954692166 0.03606933042514149 -0.414220883098784 -0.7882864144874749 -1.0442234998310154 -1.143365027589092 -1.0542214286184262 -0.7561796989819809 -0.2413744698785658 0.4863550665885237 1.4155739619499301 2.5348852497771963 3.849084706681332 5.421053406166055 7.479903902041629 10.659855683290694 16.16289366585196 22.697685232261495 20.07492963604806 9.498478082162867 -38.95617286459738 -58.22186180381 0.1375015966382434 2.060454669605445 1.996939068239598 1.5768745308728926 1.0505181907493526 0.4725400298514278 -0.14549165524379504 -0.8047939460352466 -1.5147202184879793 -2.2969177576442217 -3.1939429593205144 -4.277858824409251 -5.645326294866808 -7.368696214883249 -9.32240552579211 -9.227065028238753 53.090564048199134 -22.18700739421968 -5.176604286183964 -1.872110150749327 -0.9408741436262646 -0.5880659936006951 -0.3621086873992771 -0.11329895191663009 0.23066420699532364 0.7180162401139476 1.3310048727625263 1.6603264653362055 -0.6060650159911845 -12.66496093153035 -17.652446938830487 -4.813075394675504 -0.7606621919845704 -0.04710910290252679 -0.04110943314258586 -0.11441070658778374 -0.08667126378863932 0.19497985958326536 1.2029609269696055 5.863671198163234 71.04754621790535 -2.6603866054911993 1.4277793595985604 0.004295831354634516 -0.53291796335735 -0.7868220466718018 -0.9257382904319529 -1.0090249159872542 -1.0619077390826899 -1.0966829901831694 -1.1200125425863616 -1.1358316510795823 -1.1466483136799765 -1.1541837674255202 -1.159719687107997 -1.1643128860396468 -1.1689591470612257 -1.1747669664070566 -1.1832165572325022 -1.1966601243228072 -1.2194736696129378 -1.261169297837573 -1.3465995244384563 -1.560386379344437 -2.366629640407136
-395.077351930356 -4.6063807713281 -1.921922347474011 -1.4506930485927452 -1.2859774102974915 -1.2064483992820367 -1.1576985794591943 -1.1198691935960656 -1.0825299174342933 -1.0371327048909418 -0.97287312007364 -0.8715805651113444 -0.6974330998118583 -0.37521697061401005 0.19547148992526342 -0.762364891583001 -18.94689529407278 1.3996197212551476 0.5645067540917097 -0.311470479813579 -0.7308729949791397 -0.9526674646979406 -1.0838147699274354 -1.1684821864258919 -1.226777472221542 -1.268666527050276 -1.2993818777092219 -1.3217219390252257 -1.3370989827724877 -1.3460289962243528 -1.348344605801295 -1.3432467400080905 -1.329240405237126 -1.303965146606589 -1.2639296829630058 -1.2042077386420555 -1.1184035744254623 -1.0000964497169025 -0.8499264413593219 -0.7000546105018657 -0.6719527267886392 -0.9936882548796593 -1.6214975486052197 -1.8352537042655896 -1.2959510593180026 -0.3900638365804494 0.6213114778517861 1.4021121106586847 -0.05654308662984775 -7.648599084715684 -6.246450871925617 2.8344193099275308 -0.6960533061699765 -7.93959263202435 -18.42125914692691 -13.303757225827317 -6.107620694819841 -2.1263519310006758 0.3193029884275716 2.2206613719200288 4.094073419281125 6.506112162865956 10.698594835373422 18.56242961036402 -4.4112818025744875 -4.3302231638112385 25.916037085367407 50.83293248272379 23.121749062039935 12.64586805606877 9.147087879058406 7.2868094327639525 5.945682435238643 4.843092269105277 3.895221101273897 3.064727431011471 2.3247957593366566 1.6529052947604597 1.0314453966422574 0.44932661568477117 -0.09651212508774315 -0.5998660865423687 -1.0446787772558106 -1.4059250050050358 -1.652884813527958 -1.7550323056908173 -1.689288410193459 -1.4461951280845013 -1.0331312347622812 -0.4750578549017468 0.18465925013168805 0.8814428950479172 1.526417866736249 2.0074787444253968 2.1854716743197082 1.7848073172211483 -0.5235194648861254 -17.83989800292709 -54.06430425435384 -16.44197834591715 -7.729516425858938 -16.423498129916787 -62.07662883610665 -23.70878468923491 -4.124184795870953 -0.2823596621548212 1.1059252440047753 1.641253353058492 1.7499706084204198 1.612796441708701 1.3270130710964123 0.9498195881037614 0.5165654097905401 0.0509624204439158 -0.42894894504574343 -0.9075423919133832 -1.369882801512781 -1.8003877869970584 -2.1808416073243055 -2.48742520520297 -2.6880210807337965 -2.7429191570006033 -2.612093211915486 -2.2682661192265767 -1.7088947881760126 -0.9591405271339595 -0.06574895321486496 0.9087050160718837 1.8796463149393228 2.7123087313091574 3.1381326797204494 2.418655808215656 -0.7288105956128135 42.366415264588525 28.772750961853408 7.784967656645244 4.668406345306299 3.320293417937994 2.3368183706069665 1.4385485179722417 0.5456538143049761 -0.37376279866850803 -1.3400461743367733 -2.3706801327574314 -3.471883515536959 -4.598560009047347 -5.568763818801686 -6.086247049792695 -0.7044389933230262 -16.399782783350915 2.4982206942172667 11.306337794134016 3.2254549973224833 1.5564622776869783 0.8865315587977856 0.4834087328004377 0.20699348373272292 0.013921253102104708 -0.11798033655579226 -0.20403669293142712 -0.2568793397999485 -0.2889233052945004 -0.31461326810365664 -0.3520799562471417 -0.4224162904152551 -0.5430486763659119 -0.7129089810640328 -0.8983783795934335 -1.0518500683666028 -1.200389520022957 -1.5857473455933164 -2.6838288799905246 -4.62326943723574 -6.070958872913247 -5.577467965188735 -4.068463578303597 -2.8109193529302074 -2.049707963649068 -1.6335494635302537 -1.4114929609695848 -1.2927105294560062 -1.2285233990341586 -1.193439798891809 -1.1740302807844742 -1.1631317401776606 -1.1568967047831 -1.1532798675118936 -1.1512498633584685 -1.1503761595033435 -1.1506201612686469 -1.1522509196582953 -1.1558587662679531 -1.1624854197813013 -1.17395952069388 -1.193696457490788 -1.2287425437445068 -1.2957807405790378 -1.4429976476347464 -1.8628952473305378 -4.0740295287336625
-9.324000714169232 -2.583770079594048 -1.6535142705994232 -1.3679447929580333 -1.2432048753649796 -1.1749302788011697 -1.1293827746351341 -1.0918565616121008 -1.0534065541922897 -1.0058343294911818 -0.9382651169393568 -0.8326444237139256 -0.6564962388552684 -0.3649582902338757 -0.15856050166024893 -4.837435880326542 -8.416963385597384 0.6288151581027446 0.07285595152269408 -0.49346899250518916 -0.7991987119192168 -0.9729428342576978 -1.0803018050805193 -1.1514763596945279 -1.2011570148488304 -1.2369373718864212 -1.26290300876543 -1.2812552490390592 -1.29308381902591 -1.2987470001770405 -1.2980516995035454 -1.290330477707552 -1.2744636437330856 -1.248898832424502 -1.2117575436515675 -1.1612570261786572 -1.097042692601432 -1.023919797502649 -0.9610572569068059 -0.959226825182733 -1.1074765524260002 -1.4363826790088128 -1.689143852655735 -1.4975175801563294 -0.9270138796560925 -0.2366953722905598 0.5021489191285549 1.3449397014532318 2.299837700038818 2.9347000055073624 1.1102818502436804 -5.90578904143236 -3.7312941393243353 5.109916024737828 1.6509858876911765 1.0696312628013995 -21.72928080581781 -28.578134511876705 -2.869112699261448 4.60915494520859 9.269337249977042 16.051802580925706 32.071180154394824 54.82408387127703 -70.23876754009552 17.32984326471092 13.36593658953172 10.37764255019448 8.412781648304783 6.913014027208257 5.682789169974955 4.6483922480166235 3.7647144942985866 2.991441605391075 2.2902448500941692 1.6262540036318622 0.9699805164764811 0.30004502384819665 -0.3918169273187304 -1.0922776613478449 -1.755759325015828 -2.2990410191822797 -2.6153217794694505 -2.615571243265912 -2.2761286209469125 -1.6517531130842777 -0.8454761944629084 0.025805920939344362 0.8355113146061107 1.4335842445723481 1.666349549110842 1.462402372519902 0.9162458959277454 0.2594961312027785 -0.2461413262392681 -0.32694955602949194 -3.3511616647638083 -9.377863207861214 -83.16245870132622 -43.77819243516679 -11.019554587233413 -43.69259744562458 -83.02114992174599 -9.370765299891803 -3.3476916034456448 -1.3556076395862837 -0.5743618465793552 -0.09999499476373364 0.24559121677691187 0.5259370855113532 0.7575550704723205 0.9335537034859606 1.0380490140031688 1.0592137550765812 0.9987598357321341 0.8735284563919101 0.7092239488179564 0.5311847827182885 0.3572411804609659 0.19448681928274242 0.03904243151241123 -0.12306792753458659 -0.3159035615339118 -0.5770608990525823 -0.9706535962401357 -1.6310521310224477 -2.9358951493634646 -6.457576433120635 -24.08384972261438 -55.778092659130074 -10.383557019895154 -2.497501971064709 2.8643797220490135 68.09100379978918 14.495829892244032 15.481796164572597 33.8901497833371 28.541630776987923 11.616736374820576 5.380097292630156 2.3782958368377995 0.3766539762550214 -1.1898813931211867 -2.397398088806514 -3.1307728859088506 -3.361073951751064 1.6426662539756443 -6.634937338920663 -11.343707593746462 1.119919440345333 7.057395555433345 5.528099302626008 3.8257429769566174 2.663846420961182 1.8539472452117858 1.2606204419607467 0.8103022454027704 0.4593129045802887 0.17882296490885546 -0.05157600070672719 -0.246942688349721 -0.4186397578320742 -0.5752775963939688 -0.7232799366845043 -0.8673817141103232 -1.0114434068397706 -1.1600480003844917 -1.3211298320082498 -1.509078028353772 -1.7457961780270257 -2.0540795469470807 -2.435579256326533 -2.8349282361534014 -3.125194518549298 -3.172762584224046 -2.953137066413088 -2.5738883074117864 -2.1748154015730288 -1.8410030764283567 -1.595219991525538 -1.4268711595506613 -1.3160735434444264 -1.244652920473242 -1.1990592790528583 -1.1700751414002908 -1.1517324874760009 -1.140298135009019 -1.1335282917357805 -1.1301789461383525 -1.1297139401248075 -1.132168899740022 -1.1381601736115992 -1.1490828474547128 -1.167651003265242 -1.1992107556580842 -1.2550603256443562 -1.3613676824970973 -1.5777090569254395 -1.5815825514492792 139.5011070713357
-3.201717114359329 -1.9333284839480152 -1.5028281912031312 -1.3129991208913032 -1.212810624237728 -1.1514787530954556 -1.1077648873981856 -1.0706522916709225 -1.0326051599257222 -0.9863552632248094 -0.9223653281955616 -0.8256190832068059 -0.6720509412278162 -0.44266372482234173 -0.38979710916663635 -4.12349155989029 -8.643169049596338 0.029459193208868584 0.036325997654714115 -0.45396220266335385 -0.748918188941039 -0.9211340187627791 -1.0279268526657654 -1.0981460833469856 -1.1463061958533205 -1.180018235975264 -1.203396177734793 -1.218650779247405 -1.2268724062281096 -1.2284288925753821 -1.223178821016536 -1.2106016107816184 -1.1899149981523578 -1.1602632843433525 -1.1211317172237423 -1.073313379232351 -1.0211167441014808 -0.9770437363832807 -0.9698461422941898 -1.0500092919846367 -1.2590643079688801 -1.5087443319141522 -1.512995749366394 -1.1109556165760175 -0.485681163496376 0.17082593660919665 0.8390277804057518 1.587224569004513 2.4992174123256095 3.6430363550572995 5.000084816134151 6.198722784386717 5.781576983198417 0.8946852309964974 -3.0110893410436574 6.694169057540876 12.181113948686058 14.776004276928973 39.027903466496156 66.48583771940625 42.03133163287204 32.22313817074557 152.21869234247973 25.904433018907433 33.78852785221966 77.04784546964268 16.778301908214825 8.88706011193619 5.744428753087123 3.761111766113154 2.278321109885988 1.1072709853392135 0.19891488498791854 -0.4406885659105841 -0.7981132438730287 -0.889396936081711 -0.7734564507379877 -0.5359059175570835 -0.2597156354357484 -0.004901443099358568 0.19448581124620024 0.3214310553884506 0.36427853876340166 0.3094871420204043 0.46416275075610647 0.33545996371349784 0.22686104857576572 0.1329100421626066 0.04845438156486481 -0.03151118142684772 -0.11229065806143712 -0.20036356932197202 -0.3051465975996989 -0.44292789928786797 -0.6469387800596935 -0.9979734494888931 -1.7428427464205076 -3.972066099139745 -18.60970514162947 -178.5789476749835 -13.664288731547167 -177.6344382215787 -18.583251853544716 -3.9668378855460062 -1.7404215983131248 -0.9966946179742042 -0.6464291221274246 -0.44304317707604796 -0.3057768101788873 -0.20137979001574674 -0.1135283203933024 -0.03276684464347268 0.04741890696286466 0.13235745151674638 0.22706142512736738 0.33666497107502624 0.46656917487128646 0.04460698783751196 0.4563901211109555 0.9956970350385153 1.612032070290158 2.2456170459049964 2.8509174914805806 3.412284155842999 3.945309547365657 4.485396175036251 5.069757748765408 5.717650911980906 6.411141532731947 7.08492920250841 7.650805627287482 8.09242835013831 8.691921811535185 11.244473617091101 70.8227700483765 18.66168118257767 10.190862639379036 10.223392766587233 11.704854548803997 12.930516248406878 12.014310632624179 9.241300497242149 6.318432257362934 14.792462595399254 12.19151783948963 -0.2912532275254245 0.1248220710314909 3.5300004542024785 6.843302765623449 7.883146033021416 7.221255974193447 5.96968333133384 4.709153567345085 3.621809154378677 2.731031949675613 2.012336091717819 1.4320524718902405 0.9593008957353938 0.5689151327297968 0.24142829885397055 -0.037787176884721885 -0.2795112370287305 -0.4916082494881805 -0.6798913379121353 -0.8489860089954661 -1.0032504023546964 -1.1477734106008939 -1.2893902991127442 -1.4374671507554493 -1.6038407344261145 -1.800675322203767 -2.034275742136754 -2.2935710886745055 -2.537360349706196 -2.6954815850376224 -2.7011469873703535 -2.540312175056773 -2.2668693660898374 -1.9636968548580616 -1.6942070251040704 -1.485363590513416 -1.337279521620826 -1.2382746469388275 -1.1747288552688835 -1.1352300958595671 -1.1114719816083303 -1.0978615538900738 -1.090829865298692 -1.0882086201869843 -1.088753439326481 -1.091770883076287 -1.0967149582016984 -1.10236648722768 -1.1041714429368996 -1.0831353950670468 -0.9466295776823836 -0.07367841125853491 8.585449987800363 -4.137197949339139 -8.66977414151127
-2.1640884191710392 -1.6603878378423707 -1.4095427558996159 -1.2707610908724833 -1.186116692105582 -1.1290931233057595 -1.0859595312891412 -1.0483858851359105 -1.0100441658134822 -0.9645671509868997 -0.9036753827134116 -0.8147530688609921 -0.6782391434397872 -0.47636679200750764 -0.34102267524470165 -2.153795078113811 -9.99933257023094 -1.3626545832164396 0.12645703715432077 -0.2919516436280509 -0.6196174018482741 -0.8167075900731948 -0.9378357769513179 -1.0157372037371553 -1.067525840011325 -1.1022500754142888 -1.1247984789092171 -1.1378022740756908 -1.1425840750284668 -1.1396600274478517 -1.1290295312665475 -1.1103854628685141 -1.0833435656984989 -1.0478137724659873 -1.0047262017959073 -0.9575106454855731 -0.9150036588139527 -0.8964136110669592 -0.936442530708403 -1.0768304375778248 -1.3069446026993408 -1.4550714929911672 -1.2565836607467418 -0.6939581370531522 0.0032008569072727866 0.690083543115871 1.3779222471190535 2.1386023464987707 3.0514691806023406 4.195482399293248 5.651248738435607 7.493361051815574 9.758118586719512 12.37383146451065 15.060462735201902 17.188842523550182 17.272549555600847 11.593184351450171 3.793031158305819 20.483497343825896 50.971941804133714 33.08613113605757 17.862295215346542 14.074804811608706 11.016572893687705 8.640664518132029 6.8255445653625255 5.444205653801122 4.388088044911381 3.572471916353229 2.9346793238628184 2.4298226844447988 2.026185391911402 1.701179185509419 1.1045548307258855 0.832631691538789 0.5746529701506824 0.30642196006954103 0.0063247797540486594 -0.33891150428034145 -0.720989389981388 -1.0906068229200034 -1.3507757106155989 -1.39930268452283 -1.2157726955152643 -0.8969826106679095 -0.5814727327950728 -0.3559228452098404 -0.23448527506810457 -0.1895586988845528 -0.18387282009051775 -0.18783797864776713 -0.18864944269901152 -0.20109348327337928 -0.28957317278481237 -0.6177243638417589 -1.5754899211553077 -4.172661844404914 -7.436292601248505 -500.7261611710518 -15.03864609048574 -494.42747846707044 -7.42103898160017 34.356729067839744 12.672745473191066 4.477331125265449 2.0092550569605243 1.1097691339906866 0.755103246519532 0.6294407602874916 0.6139959018247969 0.6568224487132053 0.7315541581040762 0.8212855360774562 0.9103349476783145 0.9782024946425424 0.9936865203824683 0.909460549124562 0.6614538780881936 0.18546120305965497 -0.5274110699803778 -1.3315968819876423 -1.8794715484598434 -1.8198552173668494 -1.1389259604479252 -0.15003658241965745 0.8343228700548271 1.6741787472568408 2.032263604094081 2.4355054577258546 2.939789035467438 3.5769023267555644 4.391754043826431 5.446955461931976 6.8270407384298935 8.640230982928085 11.01299592183775 14.066120107888068 17.845839953662168 14.678036729229412 25.21859621121621 28.06158805923813 27.422122801702677 24.400177005257497 20.795119403795105 17.76976028772462 15.52856584534193 13.779713857986788 12.166800281193588 10.517463438077861 8.857820478285074 7.28751192678498 5.882627756498005 4.672773562421535 3.6538248957463764 2.8047979636302665 2.0993414768150886 1.5118477418413365 1.0200597261990243 0.6057590100324087 0.2545344647807932 -0.04483572346757003 -0.30111515164194014 -0.5213508603959041 -0.7115783472297722 -0.8774894783001685 -1.0250742281428418 -1.1612450383823762 -1.2944134390487494 -1.434865482894382 -1.5944757406262116 -1.7846826379152365 -2.010898698157061 -2.2617466613171144 -2.4960312195497356 -2.64168738034165 -2.6268811728812005 -2.434520603695935 -2.124443699927311 -1.791498864429217 -1.5072745366992977 -1.2989446718757935 -1.1618725896912072 -1.078847676778947 -1.0320391727844704 -1.007411659064289 -0.9951050721644259 -0.9883590340491557 -0.9820776575618242 -0.9711644163833925 -0.9479798306616816 -0.8968207047448313 -0.7786283809734134 -0.48092491053397834 0.36719190110364597 2.979825453645484 6.604086404599091 -3.900877912016398 -5.533860017185065 -3.2792238768079915
-1.800319570141456 -1.5173607060869547 -1.3439882283214468 -1.2329536382959958 -1.1576372454091668 -1.1027656405690722 -1.058950544217546 -1.0196840947853514 -0.9795331799396669 -0.9327764940875007 -0.871932117491081 -0.7856801407121043 -0.6560755852433915 -0.4600946777413504 -0.23165139028767356 -0.7545901731083084 -7.40560531218566 -5.255975886934404 -0.005420679452804222 -0.04654268519235494 -0.41464021887794456 -0.6587190687292801 -0.8089316819004094 -0.9035343421730062 -0.9644857393443467 -1.0036282192679375 -1.0273840410072443 -1.0392316524483398 -1.0409798950805094 -1.0334541685378684 -1.0169127907650084 -0.9913707937914595 -0.956973030733371 -0.9145876659388839 -0.8669000577264208 -0.8204626504659309 -0.7892565539863727 -0.7994114733351294 -0.8894745835276634 -1.0849077759406311 -1.3150147455093437 -1.3413522911449016 -0.9476714571722376 -0.23411711019123072 0.5503951565889764 1.3025061885632963 2.0594412263934005 2.900844252925932 3.9072072938845674 5.156972372178925 6.73147488629039 8.714295716132655 11.176400690544689 14.13455890798263 17.46387373834258 20.743799625585922 23.04421212157635 22.660061515298107 15.27809922798064 -51.954128337136346 -49.78852026888627 -13.989809154322312 4.449005804009653 6.185939656050536 5.656185195025872 4.782785995504878 3.9573019467917425 3.25909571446634 2.687564387584384 2.22172647112838 1.8375772810490323 1.5130181489135193 1.2288452688819156 0.9685987285712057 0.7184366757479967 0.4679073980744679 0.21270038345377174 -0.03964108227876029 -0.26229571919727857 -0.4080147922773625 -0.4290584411718159 -0.31916282630642545 -0.13799714999686863 0.022387721253174675 0.09663444607041427 0.06844789062013312 -0.04749937972814111 -0.23007461530026174 -0.4641669821742176 -0.7424968895318468 -1.0623413769235142 -1.4200683531803606 -1.8042692719293774 -2.189272961292271 -2.5361373656026838 -2.815832504874889 -3.0660635889037797 -3.469636913828466 -4.666740888223346 -82.69055135404973 -14.25697812868147 -82.38481852205621 0.6141004160937786 14.105341914683567 30.33502967615521 11.490572256494321 3.111266631638746 0.8383608392806394 0.23151678932998387 0.13678153591228237 0.21695607031903696 0.3638808838779357 0.5440519632764645 0.751793777368247 0.9942126930698302 1.2873205684487177 1.6574879393252713 2.14758639301935 2.830692424052603 3.8399733201235673 5.43755525360174 8.183368677825914 13.353077083156531 23.724725857731446 42.38462630993787 48.19530010027715 26.344367297963547 14.650654210684525 9.75479643141631 7.572350933423506 6.636379627789838 6.400607435964943 6.668085543078234 7.4123972741863025 8.736849560703437 10.932458276210173 14.805904264739883 23.671302147885967 57.99526940385105 51.21578437301701 34.650052212987674 37.70143523210329 47.042721890761946 46.21959710879248 34.35227239999069 26.59530749014012 22.192906881472336 19.044490720404294 15.972496342707469 12.839666067223478 10.081232741250112 7.957795576448749 6.40638262293151 5.236932316999673 4.286731724541089 3.4648216973896853 2.7354430750687726 2.0890465734504398 1.522909816901096 1.0332674676722633 0.6139607223780832 0.25732939624582274 -0.04471936442398916 -0.3000631585882445 -0.5161474554258813 -0.7000701449771505 -0.8588635349368102 -0.9999211824294877 -1.131568578120643 -1.2637581977800347 -1.40877382785875 -1.5814475874259721 -1.79749099892284 -2.06684577625942 -2.3776251234443153 -2.671355689280843 -2.833003440822076 -2.7442076857774502 -2.3929723409666193 -1.9091140615928053 -1.4581693703953214 -1.1308739685028808 -0.9333419330211523 -0.831620392086553 -0.7873407644245805 -0.7710290847064016 -0.7626191867452663 -0.7477237632787508 -0.7129651365558105 -0.640266925612639 -0.49780859425326796 -0.22312162964750115 0.3038039937642685 1.2412242042750403 2.291117536288807 1.2635278363528801 -2.2702330883973136 -3.573779881914776 -2.9811735003657045 -2.269109717961038
-1.6264288639043727 -1.4298618139379602 -1.2931220387560156 -1.19639742978827 -1.1253792927206392 -1.0702452022221876 -1.0240556546835298 -0.9814318250728497 -0.937503449259237 -0.8869023820782113 -0.8225024091668629 -0.7334697804154071 -0.6021353182211675 -0.4010160111454233 -0.11195264267864813 0.0023356641632776842 -3.1108642003722267 -10.676591649033064 -1.362163847582048 0.1727115195104938 -0.137363181283777 -0.44069613032233357 -0.6356489272411068 -0.7576063036696292 -0.8344827266730753 -0.8822730225710409 -0.9098011405867596 -0.9219098760677557 -0.9212078055450363 -0.9090374303821691 -0.886074437296833 -0.8528119003104926 -0.8101266947148169 -0.7601691144943526 -0.7079408096393534 -0.6640705841005974 -0.6490856221416403 -0.6972424040048248 -0.8490883968090515 -1.1035575120873435 -1.3153141430563862 -1.1891173580550474 -0.5850639671846531 0.2866133109129496 1.174306409108957 2.0173850068596155 2.879071764807392 3.8498844893204236 5.016195187394666 6.460312793135251 8.263291530732156 10.497158782790379 13.194694366765994 16.28015317027475 19.4490488358665 22.033210199344353 22.998827023869005 21.18703784576941 14.932197715364897 -12.603231084368078 -34.16775894422726 -15.46051207058838 -1.4724437860491495 2.6741998984801505 3.485488754088153 3.3646708321621084 2.996209307872321 2.590763000949743 2.2128507185322177 1.8773730958498995 1.5817922398781366 1.317761629063703 1.0755697346354607 0.8461864736857558 0.6231409886208699 0.4057656294182195 0.20472517379303667 0.047961740594892 -0.02197265335226284 0.026872261786342833 0.17522789931471916 0.3454978814050902 0.45444109143282585 0.46604034263715244 0.3905050433361228 0.2536182834668539 0.07480424797993379 -0.13921986375771933 -0.393682986583348 -0.7044248093078428 -1.0981806187271101 -1.6141349460113077 -2.303744303641629 -3.218950674756803 -4.361693125479996 -5.543389580835271 -6.14268944256508 -5.018646429027542 -1.266048197588038 -20.451425199652075 -10.102803475078797 -20.386167842974036 -1.482298462664942 0.014620039362617021 19.110123223727992 23.672830390893296 3.359859818698536 -0.19623330060912192 -0.5538250274862246 -0.3781365428680761 -0.14071807540417214 0.07715665698131602 0.2714332572361813 0.4526740602181454 0.6329234085073827 0.8230858281914935 1.0316428189463422 1.2606227839733442 1.4922313163628003 1.6489607688009684 1.4868617085671119 0.3873324407056442 -2.5418391295583174 -5.986703371417763 -5.099061060148657 -1.6141115100397236 0.7000853900176738 1.8239484054482533 2.421913331293899 2.8631403760132255 3.3145226883390424 3.8602924732238644 4.560510506648069 5.480367399206894 6.71186952172681 8.400707727391552 10.79380137173457 14.352550364009236 20.166764536319896 32.70009342134047 82.15864039980825 55.990389263005916 44.527787106526134 41.51086764304965 36.67781943604358 31.836832008924766 27.79186681635278 23.583745724576026 18.58107595888825 13.503502409316486 9.242689445588324 6.170197094042258 4.3383247454662 3.5434553792682917 3.329261061862341 3.2216971755945796 2.9701529478578927 2.5527912901897873 2.0477414117519777 1.5338352374018236 1.0584321206291716 0.6410305893995687 0.2846559990131994 -0.015410557219613708 -0.26677513648143436 -0.47771433253670736 -0.6564270509287446 -0.8110575469940599 -0.9501748034107971 -1.0836324289550328 -1.2238574432588045 -1.387600488247688 -1.5977460151313685 -1.8831098184987418 -2.2693119213414095 -2.744759600067112 -3.1881073637738675 -3.3212967858960383 -2.8922537221921525 -2.0319949203409085 -1.1807389286810146 -0.6286926710554637 -0.37883981407437783 -0.314626516956793 -0.33133264938315987 -0.3656198142772018 -0.38378776938447334 -0.36608865228970533 -0.295835858747 -0.1531229408907424 0.08514072077340895 0.4256525609912316 0.7803298281323627 0.8044521496709871 -0.02783328698605736 -1.504733044898929 -2.485000715317386 -2.579321499376894 -2.259840729221712 -1.9040614640377762
-1.5300446809990818 -1.3709775667230633 -1.2505936444632766 -1.1591846959236733 -1.0878759874853978 -1.029578482043203 -0.9786776300054513 -0.9304105422347302 -0.8801606741829036 -0.8226232703592108 -0.7506168395676716 -0.6531169048465955 -0.5117511679056298 -0.29515700380101517 0.04204983409057572 0.4650768726477281 -0.29310269931490573 -10.041932550695421 -6.052839603824051 -0.020769726691563406 0.16913836351059963 -0.1628250728783196 -0.41357571143454774 -0.5741443252034137 -0.674735107581842 -0.7361471970871456 -0.7704293492712252 -0.7843613032758225 -0.7817255737693058 -0.7646349640239383 -0.7343817171209083 -0.6921375731600551 -0.6397899050708296 -0.5812524164383279 -0.524741878865822 -0.48660250847164166 -0.49652276395687966 -0.599592748597642 -0.8363480174072961 -1.1627281907513076 -1.3330999160634702 -1.0051579964934225 -0.15611570417172782 0.8912369789519898 1.8991554841182587 2.8561330928252118 3.853611703359072 4.994793164280235 6.372832969318521 8.071994786847917 10.164079559232132 12.685529706825628 15.581203728770818 18.606833740754485 21.224571831723974 22.623299518749448 22.016041975091984 19.00446820462399 13.239362189085714 1.1944009195179284 -18.639976725554877 -13.045315720299172 -2.8912934571799678 1.2642513481380364 2.4431075249505403 2.6231400256689237 2.472538404042634 2.221801707771277 1.953317173366556 1.6949940646125776 1.4533291200574847 1.226016713902947 1.007127885787595 0.789841376893623 0.5694959026435491 0.34963245955497246 0.15324388792001287 0.03464593361392687 0.06667989009694697 0.2710563900227392 0.5483430319023768 0.7440773036641417 0.787297451563659 0.7079138385972779 0.5635349604122806 0.39297685924529313 0.21123710804755214 0.01752258400283857 -0.19857487199517299 -0.45522145737017117 -0.7801266394068066 -1.2156621635305376 -1.827667221530463 -2.717109317941861 -4.023552751148367 -5.857754799720925 -7.9023550257067665 -8.19877260330633 -2.670563960952152 8.92212121905587 -0.96857303642259 4.673622824039059 0.8119754629831266 -2.14125097673338 1.6475611123517098 31.913919141758363 3.7952234873138444 -0.9845157791056103 -0.8980721389487836 -0.4987711634099934 -0.18982495221161577 0.03244608274257299 0.20031478865885033 0.3368472561488518 0.45532276330216237 0.5602221727005481 0.6441721732442582 0.6771266524554198 0.5837643974922626 0.22462675726091863 -0.5013912636341118 -1.2427212316091119 -1.1886329046589328 -0.3683424540473741 0.46246962952730897 1.0068321333590315 1.3440038622766526 1.5913186190463393 1.8226826863518695 2.0804315929005854 2.3930837919383112 2.7863842589946204 3.290362725755537 3.9458063461217363 4.813279359792545 5.989200323974746 7.6382062682618646 10.06157211558077 13.813108499325669 19.28920748774165 13.120867019732943 -15.471144206958922 26.765369696820123 29.166547409460996 30.12306298751623 29.838321181034864 27.930909497366677 24.467709661586397 20.03520595550227 15.508393921398815 11.416248393924448 7.7796531713589685 4.390925710157937 1.303450988740547 -0.5730821667698933 -0.2675000367740381 1.2162461055062597 2.2440276649199014 2.4391876815822866 2.1345800175317207 1.6552064753614761 1.1674842830410481 0.7327235499357005 0.36436514863349867 0.05806235308872876 -0.195732986305857 -0.407270011226758 -0.5863196507180184 -0.742361260497211 -0.8854769719554101 -1.0279358448065876 -1.1868588488443883 -1.3887272094082652 -1.6765307210748646 -2.1177002897156103 -2.7953456564423447 -3.707883741234097 -4.436451478296098 -3.9572684212246205 -2.031267555771139 -0.17160764215594604 0.6260220804396068 0.6606086494119454 0.4323999892571502 0.1915575242645482 0.015687393492718638 -0.08275145963807296 -0.10820296594400203 -0.06772743743781895 0.027688916654401652 0.14998173751622446 0.2274687373537443 0.12045533935792108 -0.327058042873964 -1.0850235238598565 -1.8145327840779935 -2.178084622840352 -2.166546399530181 -1.9673784907629637 -1.7333840100864477
-1.476434624925972 -1.3303758648967705 -1.2131453210209302 -1.1193806914181155 -1.0427325627940984 -0.9774236197943145 -0.9184507024826019 -0.8612657922171894 -0.8012164117698157 -0.7327499072902899 -0.6481753064271557 -0.535509541918338 -0.3744156494927913 -0.12842026068607015 0.2673314527652173 0.8917469342859503 1.3680063659700572 -4.076672715577477 -14.687756852031583 -1.641630150826396 0.3552685975855958 0.14834389467203302 -0.14870201262096328 -0.35506372414569265 -0.48623390878150824 -0.5658703953070123 -0.6094884959087357 -0.626248593673423 -0.6214604016638832 -0.5982644741962722 -0.5587700154174066 -0.5050355245825938 -0.4402795191091605 -0.37081812200759345 -0.3094392191669464 -0.2809596196505493 -0.32913652824375017 -0.5159384198301682 -0.8804006606719366 -1.3066588964077113 -1.4011821339317079 -0.7906964329594244 0.3614320249089973 1.610868176303514 2.7572544457395667 3.850091144852601 5.012514360064172 6.3604422007972214 7.990114913775452 9.976963217079616 12.359191654974781 15.091804526722171 17.96590720606579 20.524570368964707 22.08473597934487 21.9942876408907 20.00002885554439 16.26253520628689 10.795841234113054 4.246446531805514 1.773271056011989 -11.82042101403927 -2.989878814143454 0.7960026640942157 1.9823971846502269 2.251291458234347 2.193017703333518 2.0199944070497255 1.8125566759891558 1.6006065562646283 1.393008063532955 1.1888207119449583 0.9815840690487141 0.7609940770207202 0.514918641677502 0.23700212574007562 -0.04855294053301673 -0.2349661349566139 -0.11628920416458399 0.3911754397994667 0.958724132170687 1.2048319030991257 1.1354945098741887 0.9324110410294697 0.7119452123323153 0.5113173959631614 0.33151238055919663 0.16207688809249632 -0.010547143272514159 -0.20186254955403582 -0.4310379053460518 -0.7245529353838399 -1.1228419018241662 -1.694022655555823 -2.566926840304905 -4.012927491233002 -6.557664871082174 -10.124706247626145 -7.85665494001147 12.627857377110107 15.153308854008456 8.930575465792394 2.301199373660524 -0.2561816276843558 -0.33852915170824005 19.519837651064357 3.967905357161957 -1.2116467897418506 -0.8595024682471322 -0.40469619784541444 -0.11456315005903472 0.07007317862736606 0.1952291603732741 0.2847232247389082 0.3474000493360707 0.3784823602606404 0.3529426557892763 0.21019117381041053 -0.14398657781334823 -0.6634135078032433 -0.7504677689455317 0.005113740935501099 0.7886844570840026 1.1586640235200987 1.2935214952769685 1.3633246937003962 1.4369504766414227 1.5370721790231179 1.6720932086829519 1.8477863661206957 2.0713170548252147 2.3530373999190006 2.707998419458945 3.158111486917065 3.736006689381244 4.4929301859525745 5.517783379224638 6.993735280219576 9.41169249640086 14.412456116945217 13.580225108127237 3.284050143083846 16.683119336563735 20.939948703739756 24.100243783065984 26.090730440934564 26.331584459907965 24.688140618595234 21.63966746724995 18.018162070317757 14.531065939518907 11.49872225523914 8.879344200666486 6.294329062749849 2.833063485430114 -2.780832578972243 -7.058111712368291 -2.7386187102746753 1.7705517464694456 2.9484969158238057 2.660880148944301 2.0355653116413595 1.429976209694019 0.922055874927434 0.511432235715248 0.1808812076942976 -0.0873819765978946 -0.3084517275334585 -0.4950327907310566 -0.6587431888689329 -0.8120157055615379 -0.9711227983693564 -1.161866427024172 -1.4315573580883372 -1.8754905815233964 -2.691571724858928 -4.235169137540363 -6.573363875265528 -6.832614040069627 -1.2927902503728586 3.070493246484345 3.0465490024058193 1.852935358605909 0.9300371123539444 0.37435348044814765 0.0654468535344983 -0.09041205866447077 -0.1492924003215399 -0.14699889920359377 -0.11539051126219979 -0.0973819964460656 -0.15839096262177232 -0.3781244687336951 -0.7960237195043627 -1.329113433284058 -1.7813183934100465 -1.9989795995700579 -1.9843732333212158 -1.8370896261956244 -1.6509515292763697
-1.4581340778919332 -1.3065251767537343 -1.1797323672125664 -1.0744811487928514 -0.9854587627840309 -0.9073045508960533 -0.8350945406332649 -0.764149825416931 -0.6894890535042288 -0.6049437406280711 -0.5017045876593624 -0.36571820045538317 -0.17259945740107294 0.12294127613269926 0.6092068036761079 1.452153204555546 2.771744867951578 1.7762049287698893 -20.105372662062937 -6.7750395269915415 0.12087243455299745 0.42332622539972364 0.13021563794376956 -0.1174770173028944 -0.28097448109058243 -0.3802416193762672 -0.43324682860590513 -0.4515506689189563 -0.44215843608706873 -0.40937289611371463 -0.356201165587249 -0.2856616219767515 -0.2025004365205223 -0.11607174570206746 -0.045533030802967556 -0.028644332756525337 -0.1327586564972938 -0.45155828610595616 -1.0268670112532128 -1.6172586343264577 -1.5801911737609382 -0.5457806551299083 1.0039420560701986 2.4909851395140903 3.7936587616929223 5.042240586622762 6.39550809567018 7.978666982626332 9.879981930415708 12.142435895682716 14.7282590516423 17.45265892759901 19.915959530708683 21.52602575588504 21.716173456732715 20.269093869317064 17.396772809652187 13.38424352621175 7.991060164946356 1.6986313944586175 12.11184050848156 -11.443087777342566 -2.635787894012429 0.7466604559006176 1.8143714214385827 2.080209641133404 2.053686084401457 1.9191107954204305 1.7478697608040359 1.5676518417241507 1.3872641773813439 1.2058467556249448 1.0155568325290547 0.8005062408333474 0.532604559352992 0.16662298580645363 -0.34585258351510273 -0.9273315655933239 -0.9743791757475702 0.33660380699977743 1.7859903568317677 1.9890134530248265 1.5762394466896152 1.1488286670717716 0.8317685091423677 0.6040357638978424 0.4309414818948911 0.2868518061569729 0.1540308742162637 0.01889217296886625 -0.1311576684997946 -0.3107203616708466 -0.540906278111039 -0.859725604141121 -1.3520611952572952 -2.2428683484097016 -4.175419981634493 -8.639532096989935 -12.399453035754414 12.321503968149887 40.54938783341724 10.188365022093882 2.797075636189164 1.0873772388158809 2.1534236881409683 11.36524411327797 1.6653909221590766 -1.168004732096474 -0.6786724287661463 -0.262551138475855 -0.020283247830830797 0.12319764266313338 0.21087252457104078 0.2599043030177861 0.26805999817582293 0.206697348620287 -0.010261249442340414 -0.5928358864050418 -1.7233216429888145 -1.6951585147276766 1.1184060726278862 2.1454403548358805 1.8695677347450825 1.567523890133823 1.4114883601081305 1.362092285558858 1.3814384094796492 1.4487487025696089 1.554402296009143 1.6952980418316912 1.872457108871349 2.0899352495425436 2.354403359823837 2.6750014352623928 3.06307347628088 3.5310693122042047 4.088918838891084 4.734835987870199 5.460804787348447 7.181838719958455 48.434087303180114 1.1588985248064994 11.129979485123757 15.91199672061298 19.602731247792747 22.5359460397116 24.24523687780502 24.289956442411643 22.69125219521215 19.990333747573718 16.92663567928258 14.074918587938301 11.730631961355552 9.983895275825923 8.780451794413082 7.662557776049372 3.446290791793606 -24.492573805814178 -10.399638355029657 5.352277885530001 5.441734583560855 3.9639698964010353 2.7335153367329195 1.8416008239393666 1.194029895080356 0.7110661786513968 0.3400972552269633 0.047073451523773374 -0.1909927821865348 -0.3910141361428924 -0.5674103989290519 -0.7356113236126354 -0.9173825775470034 -1.1523005459237936 -1.528317592908305 -2.2771158046537376 -4.1134749513181905 -9.329823224130166 -17.380611832823377 2.878889487340693 12.920116222214686 5.598184040129093 1.9936290779333667 0.6136725769162261 0.03817512246229704 -0.21369702184819261 -0.3145089606372262 -0.335879988683093 -0.315310253331722 -0.28285737041814674 -0.27568953967032606 -0.3450696384469061 -0.5467129404474251 -0.9012957350396613 -1.342452477789407 -1.7246649161175993 -1.924726809711459 -1.9281104849816124 -1.803910192707031 -1.6307691444673147
-1.4920227754836433 -1.3098336688869068 -1.1536636051919607 -1.0213621236111703 -0.9075829518804173 -0.806614158415365 -0.713154303400221 -0.6221271794824584 -0.5279753185650776 -0.4234679758656392 -0.2977322478967255 -0.13270630107879744 0.10392881724059988 0.4742430863871562 1.1068971562171876 2.2869616925980583 4.606846424374462 7.780987767558354 -10.607648920910442 -21.519807385812523 -0.7686075067837148 0.6093339174392169 0.375841349248877 0.09803668234223106 -0.09182396934848858 -0.20503051610590423 -0.26126181961133244 -0.2743776292330716 -0.2530159942444252 -0.20248212882887578 -0.1263915824359666 -0.028309621059189327 0.08592933965799343 0.20404197803193846 0.2991567674052913 0.31464921869671425 0.14187315834046732 -0.3832420035859734 -1.3424035151280016 -2.269561887255392 -2.00938760301762 -0.274617077418716 1.834741093315433 3.603980848614958 5.0746892039401 6.491255875731407 8.051163787971385 9.878601672970364 12.030884956117283 14.478938644903282 17.05649664942849 19.407187962577595 21.009067307234844 21.362481939555025 20.27052419374849 17.93768236826939 14.733267536577504 10.765705447268397 5.275258355852973 -3.722617848401857 5.0699836741542015 -11.41612609056564 -2.1101604740770217 0.876318389929565 1.7882819668313084 2.0150163283166735 1.992576402799243 1.8768947665477058 1.7290214387325058 1.5734115017703532 1.4186290023793497 1.2649874420748328 1.1064829509334952 0.9285330833474148 0.699095767223842 0.3436391071719478 -0.32144545730726026 -1.6993888153443137 -3.6667337730981835 -0.8554378440328705 4.150185313313976 3.377183556195911 2.041412300735151 1.2994374109568367 0.9015985603439192 0.6664625670880542 0.5096281446020667 0.39145040388516783 0.29141065440817626 0.19713490874041328 0.0992541570856168 -0.011847306854462114 -0.14988917542352376 -0.34092904214248176 -0.6462643913124528 -1.2336103816501487 -2.614252901657443 -6.352638496643196 -12.644591029149204 11.789920603549934 77.41569204420321 10.285533241271537 3.0293118571260207 2.2347909987907606 4.841559185420605 5.650273603007115 -0.5672159187594517 -0.930363656141183 -0.4200631032818709 -0.08819508558203437 0.10344403662406143 0.2202800416663816 0.29578259219816344 0.3425473400088964 0.35509127055117196 0.29198075082428687 -0.018180769877558678 -1.401539790205078 -7.962787779735454 -1.6508664559091244 7.665349649307533 3.4809846830300764 2.001302454306072 1.4975471551841197 1.319919491364886 1.2759717021780759 1.2993085472637311 1.3640060948750339 1.4594532933905056 1.5817478253718318 1.7303284272927848 1.9064121793109945 2.1119284577243125 2.348111130487761 2.6124948240328725 2.8911230813281295 3.135653859578509 3.184365052405256 2.411928997623585 -2.5504129896295575 240.47257934828068 -8.008300707598249 7.150691979929874 12.310357782794364 15.991588945306052 19.166339772372126 21.656322477397865 22.990742372765318 22.834402958281473 21.286440932571605 18.861962811081888 16.196204245672718 13.781592291664989 11.922218561088101 10.853799488637076 10.983146153539536 13.482550046924253 22.78598381804346 74.87650960540782 50.55049497669516 18.34813881953337 9.185961066532133 5.3513996161244926 3.383867198184297 2.215812686539163 1.4474256185064824 0.9037093830287245 0.4978334574495358 0.1819322646962312 -0.07313378388838168 -0.28729037669332946 -0.4766879822713549 -0.6582955060458601 -0.8568313290039524 -1.1215801048630365 -1.581960648398083 -2.6966143161705785 -7.020915745577711 -45.436453528381854 -4.241864495695236 37.80374233641521 2.1893528573543457 -0.15309330109509078 -0.5778191970955615 -0.6658223127364828 -0.6553825876923571 -0.6027581335181607 -0.5259401071577114 -0.4352418949589494 -0.34489775864908223 -0.2818247047801603 -0.2924400128602205 -0.4378270803029629 -0.7591900131535247 -1.2158609269948988 -1.6630186995989176 -1.9406946698910614 -1.9940935086307792 -1.881225140285042 -1.6924274220492463
-1.6723917779412263 -1.395060716130365 -1.1585589682810704 -0.9613936010460614 -0.7965762296500045 -0.6570880457511639 -0.5370771729266419 -0.43121372052820317 -0.33316298803514255 -0.23343132553173418 -0.11633848603204244 0.04492856335139672 0.29826152278389384 0.7363605356114767 1.5613103660091867 3.282774037148511 7.369113522459277 17.192643589652587 18.855799343611686 -136.58378831035898 -0.5415041814302759 1.062661558961391 0.6094073421345804 0.24336890222054186 0.024589914434307164 -0.09047235140266724 -0.1343913031206481 -0.12648289286615036 -0.07764163402531471 0.0061828786730657725 0.1216872497757906 0.26621088842006246 0.4349560986270631 0.6156071766335416 0.776583825694952 0.8413604727915915 0.6383670529071299 -0.15559786933683206 -1.8516549253558008 -3.6733544078964595 -3.076810694745152 -0.0011952717989167638 2.9774321153027934 5.076953941712357 6.7046897291424745 8.278478755389266 10.033478406553744 12.069955358693871 14.375304480538837 16.799197912175316 19.01852202850891 20.567062059436715 21.00173550326464 20.144930523686693 18.182307950481217 15.495313845942224 12.365590275308309 8.65896119681957 3.0831051491526473 -10.261753452939251 -31.478513355907957 -11.263164020429752 -1.5156498827834413 1.075868220882794 1.8276712718342525 2.0032997611198122 1.9724597017215422 1.8651329666930199 1.7324456454858737 1.5954892144931534 1.462561390514467 1.3357583955297745 1.213171675182352 1.0882377620062509 0.9447216953670434 0.7388352696786005 0.32951762448354094 -0.858607018621468 -5.747173957907334 -12.680580051261394 12.177314107789837 5.4850318584577336 2.3981061658264577 1.3730667766992015 0.9420067186034062 0.7183198659227592 0.5809616647779713 0.48402796208903076 0.4068493416886235 0.3381997523733352 0.2701659763363473 0.1947631683136859 0.10033424184405104 -0.03554894029997124 -0.2648602815423322 -0.7266484147541643 -1.8429960044713065 -4.929646316092997 -9.828656667701397 13.302389552405653 127.12885128357959 9.950216438481055 3.50482746175899 4.114123929840401 5.017703736160129 0.0886550389095504 -0.9668249341455777 -0.46673610661129894 -0.08682931158798901 0.13352670189156723 0.26940160264682955 0.36519555301645257 0.4447916194261144 0.5234328816319723 0.6152555952850516 0.7411000956865268 0.9442285381985382 1.321986313131879 1.0662691166753495 49.25908217970884 11.151783181597041 2.744742746633876 1.5972833672727222 1.2868541493296806 1.1964558946256334 1.1919982775816464 1.231643618198752 1.2996235478580642 1.3895304483373805 1.4988990576616894 1.6270308598772365 1.7737863625188657 1.938401683746115 2.1174807672673857 2.3005132404485247 2.458357418031447 2.5093191064420335 2.198179279722568 0.5093191164666178 -9.429162686786704 -241.104886216826 -15.131321734186017 4.360490856373769 9.622215172512426 13.072897066288768 16.1199018910229 18.850756986027964 20.945934585588564 21.9738010541784 21.683000469903558 20.209450520887764 18.01994959105359 15.660785619772716 13.562886996991924 12.025833397355429 11.345012303129563 12.096259154018226 15.935413600491158 28.958564493643422 93.63765360601884 40.430116134569445 16.042575659576567 8.50808194862764 5.17456956528028 3.3824757791771853 2.2821932309293347 1.540636012044056 1.0061689424004023 0.6012029135837091 0.2820354391260601 0.021854418833414754 -0.1972630682552177 -0.3884938810896812 -0.5625156720470996 -0.7279855046459958 -0.8862319485957781 -0.9901717321347357 -0.5672792836018601 9.997478107312723 16.75825667679552 -57.69907684504484 -15.885029447437235 -5.193572953856162 -2.6820366978031718 -1.743187630326141 -1.2680394196547282 -0.9617908063799253 -0.7189051910636055 -0.4938467971170213 -0.2683692696183404 -0.04808713770673245 0.12575451840598273 0.15994617803965472 -0.07694284511842309 -0.6533676135066342 -1.4226307122973703 -2.053022777449205 -2.311916614347019 -2.2303463094328357 -1.9723095522634488
-2.7579182594034513 -1.977539133588495 -1.399438851426042 -1.0053806122910272 -0.7704238300486064 -0.6759426209060146 -0.7024928790022265 -0.8207893225203775 -0.9888345810588564 -1.1572439946755084 -1.278816364126627 -1.3149558187152 -1.2322461922725885 -0.9823076814150313 -0.44079307017587266 0.8371359220942182 5.365976549525612 59.482757906098186 22.10477390679391 29.982790761098922 38.207778920995 4.751658701609583 1.303152393169417 0.35834818630540843 0.015045024825031339 -0.10412720103671902 -0.11457372690277273 -0.06015775812426835 0.040854989098968175 0.18125172325151562 0.3592479743428776 0.57561948639464 0.8310296480320039 1.1210896641413581 1.4241409535002167 1.6687932985565843 1.6476677131934507 0.8105974562616334 -1.9730318356701773 -6.658656492057403 -6.167251866730771 0.1621785158770841 4.710408344581257 7.159400885511539 8.861891606795014 10.52022840201287 12.393290581427847 14.513863604683277 16.74813666087331 18.79665065048537 20.236552363554882 20.673955111599813 19.952726178885037 18.239982327871083 15.897158470480257 13.257141318523075 10.444112433656786 7.161412450488882 1.7829826631444434 -15.912786908518951 -112.80685193634585 -10.627214016894197 -0.8951933040216344 1.2969559388739493 1.8947886434018266 2.016778359713236 1.9717445119819204 1.8663957443917951 1.7426847011634325 1.6182442180514414 1.5005887785076608 1.392733858487798 1.2955566267588485 1.2086328474323795 1.129770568169087 1.0514614657871806 0.9441050139347891 0.6587442421873213 -0.956949934062667 -24.694378557238565 36.18244295077114 9.515957569552308 2.9159616966206836 1.524286499270208 1.0360702119405967 0.8048200460840129 0.6711982986087862 0.5818784174863263 0.514649848426255 0.458121914429954 0.4045727728808776 0.3462654368191129 0.2717127887833469 0.1585015382524267 -0.04547090077070948 -0.47889037170509563 -1.5480582876437836 -4.193468171683518 -3.9527859310176154 14.033108603843779 189.1977762015975 9.900744317561612 5.113100683308642 4.005830133245233 -0.8251337928181552 -1.0547489573358577 -0.37498079237795023 0.01678436797342786 0.22232935660161823 0.34267627062851397 0.4261114773610142 0.49643259124515826 0.5683105500858798 0.6554930225198964 0.7788188993465848 0.9834363579747271 1.3981472800033545 2.533869741569532 7.978218854365165 69.20377220861297 -22.763543282107392 0.6505563890586723 1.1288404070310116 1.1246597549944284 1.1238546168816295 1.1500702156977491 1.1987667771205446 1.2656609792288638 1.3483422471553026 1.4456144546042242 1.5567861162506371 1.680919162802473 1.8157005947421363 1.9552282615556198 2.0849895281339013 2.1690864966057575 2.112999423508561 1.6317148692974108 -0.38621022044958164 -11.30531900192458 -194.39036808599033 -18.397622219432183 2.4150466516318954 7.582856663498248 10.73254535902895 13.492763471024617 16.130834657712143 18.510003440071145 20.288386185513275 21.08941904465824 20.725878403502257 19.34510494980606 17.35901122730827 15.234186172027004 13.33552917278024 11.898466225111061 11.062582119990543 10.80018836666265 10.04253666530353 -1.0454430646467578 -52.498998976780726 2.3246991749237385 6.037002173661264 4.980649639181937 3.723636137466214 2.73153694884789 1.9830916611369909 1.4118965569327084 0.965676672287568 0.6086245205452236 0.3168465638042595 0.07474729797945752 -0.12661442289731495 -0.2884255106920237 -0.3969380358392014 -0.39670183209061316 -0.08211380807624424 1.4657054134160323 10.25728982758031 49.18664735237005 -3.261950873412612 -20.64439050808696 -13.458814464958234 -6.89894312651905 -3.9514836839213547 -2.5386205440652385 -1.7396984988818311 -1.1902103882310422 -0.7190089096054856 -0.21832199443326727 0.4070898899288842 1.2529496501045299 2.35989599010454 3.471514158039071 3.6301752956053477 1.7076590872256334 -1.5577507144046026 -3.8979408628665784 -4.349876052594583 -3.67283555243373
-10.11018799156466 -15.424586061108036 -13.635682161185091 -8.4238670397084 -5.077760792874846 -3.688757184253351 -11.072626736383667 -3.840440476864579 -2.100061620243495 -1.9022096863208122 -1.9492250130655737 -2.144640808420705 -2.504540798856822 -3.1084394505877793 -4.1273330585067045 -5.889036551956385 -8.869860821949182 -12.760316561226398 -13.21716192359093 -4.058561355218901 25.280364392702115 26.695395092280073 5.26381064592071 0.965926221095843 -0.06194582089805101 -0.29277159435005085 -0.2677978204617347 -0.13938389870203405 0.04400306034653348 0.2680174198758207 0.5318094072702774 0.8411585940588631 1.2058200703156974 1.6373913416904409 2.143952861466928 2.711810907282853 3.241084620935652 3.3076706301366845 1.2268676651062043 -8.842842341059672 -18.370508077421526 -0.3554680223446489 7.772207339104142 10.401356195481775 11.880917385777625 13.391208493363749 15.159849682185989 17.078779334222364 18.854148721557543 20.088580488725604 20.428412332641592 19.740211015391743 18.174804339398207 16.058883475035554 13.718081380779712 11.35193041793611 8.965606191400576 6.217998185124828 1.4952620307203452 -18.0450488953331 -200.30143853486152 -9.35003851827958 -0.27434487954374087 1.5172671004714107 1.9704733926051055 2.0399816273886247 1.9781799459367364 1.8708665567894753 1.7515679276410268 1.6344036392836405 1.525532193916942 1.4277257176880669 1.3424299229897798 1.270837183833576 1.2145645441033754 1.1760173920707753 1.1571995688129904 1.1466747620020963 0.9922856327347471 -1.7896050683039064 -105.87275386732026 30.579904138215134 5.318348183466448 2.2038964405262735 1.3547461112283377 1.0060266840021237 0.8243328919574289 0.713301512364927 0.6367036352941737 0.5777209053262363 0.526295707311531 0.4735613433124922 0.40710389438888583 0.3023781529763866 0.10005315231221878 -0.3596270886811812 -1.447490423482133 -2.2353590349143566 4.658769254175969 11.51795120752931 260.2977136064404 11.900719682374678 1.329958444272222 -2.911505646021025 -1.0280696304048815 -0.11426089193003941 0.2278506212536573 0.3741397241362838 0.45043620687814445 0.5009350423204249 0.5436613070759488 0.5878803292113759 0.6405584813932441 0.7100117389601636 0.8103334594630832 0.9713509070396422 1.2694204520472971 1.9529497062037644 4.205876406771511 19.647395456142597 -33.75516355937827 -3.30252569248945 1.0893335093450882 1.2202317207792779 1.1994559313333972 1.2007477630470433 1.2290787196543413 1.2787391272233077 1.345479821799763 1.4266769378344646 1.5204738618112266 1.624849973661754 1.7363621115303736 1.847864340330199 1.9435432745342753 1.9866229911608335 1.884385086761486 1.3680838122854704 -0.5558243296449876 -9.703051944555147 -168.1618629890185 -18.67805542564043 1.0326189391147422 6.016340505848377 8.869158527657937 11.302887644805258 13.688161413160639 16.028451109922155 18.126234919448184 19.6572122418353 20.29928362933336 19.91021354258259 18.63087221576349 16.81379203317784 14.844426887867852 12.997184816584241 11.361054926700644 9.729184966067294 7.216945420444533 1.3252989441994423 -9.924987407461995 -9.865898759641194 -1.4695225475462035 1.8226605570235908 2.4603288885601873 2.2766884466760877 1.885914590149388 1.477561409856397 1.1057720106673021 0.7816296257062136 0.5034037125324966 0.26711065713688514 0.07109873532602526 -0.07995154798715731 -0.16726523922507153 -0.13698215666757263 0.166988093805837 1.264244355123926 5.376059981971142 24.43800987446832 30.07547969858655 -0.39965759944591284 -12.360332489874768 -16.119853790307033 -12.531663885106376 -8.417603144806142 -6.067882790582556 -5.028785665559822 -4.873350389633081 -5.516775552270538 -7.171169660546215 -10.181363452781977 -13.886263083918282 -14.603893118994066 -10.749557636596805 -6.321162879510415 -3.3888761348083523 -2.042375120078248 -2.3609618394295664 -4.857677701286768
-1.4406958073944907 -1.84326202573338 -2.107824475719256 -2.119357875430617 -1.8026760847905425 -1.210714431029785 -0.5382419024937612 -0.01284589723157703 0.23664411940697727 0.21339777317881214 -0.006989012393011418 -0.3464922175516445 -0.7584712932828794 -1.2315246846509469 -1.7828329426789304 -2.4501499429972404 -3.276398185241382 -4.25356175859359 -5.122650173063509 -4.782202237443737 0.27826453798668993 19.0787929109836 21.891317095878655 5.140755140062119 0.49549427655192524 -0.5357242382954297 -0.6215842640908567 -0.42603343684427164 -0.13458372604694757 0.20056326166147975 0.5702587976008753 0.9819992130405756 1.452278701706797 2.0054275617333928 2.6751650116759778 3.5068491254270353 4.5550238251511335 5.8495660800101295 7.176703249757968 6.389941396614753 -35.68170699862823 -3.5035762839412996 14.53523181161971 16.128337507295257 16.452227270269393 17.17042025969534 18.302007312469534 19.486350260972202 20.287187109887128 20.35596370089779 19.566231497180837 18.042903033374444 16.062882188534587 13.91288102956658 11.794115767042943 9.78924770286036 7.845705908365073 5.665657512058841 1.9573013458915502 -14.80214661446313 -240.16638812047836 -7.510303573048492 0.3241058014300483 1.7245571907945776 2.0440773696548042 2.064123658380014 1.9849464904848577 1.8735380820170897 1.7557382028656154 1.6422358572334212 1.5375241518002507 1.4434375501473995 1.360692760891688 1.289592959290689 1.2302602556481739 1.1822373203616139 1.1420608628310895 1.091622690228398 0.9332809077933324 -0.017022477276281478 -10.328053403556805 -13.499086354654835 17.402802525473 5.184698546455563 2.437485375811907 1.5400863685613901 1.147295593159966 0.939068563255511 0.8125694062021646 0.7266803149290857 0.6612224600935763 0.6027692742813022 0.536581947784161 0.43575353719801524 0.23623297186692715 -0.1905368266157863 -0.29457307690853085 3.522716497383673 4.502741660974737 11.546175837814522 334.1666833471804 3.3811001297772876 -5.680870363207976 -0.5553654581926502 0.3501541214632413 0.5344468436681444 0.5776875428738345 0.5898312525776215 0.5972115822518371 0.6073179421762045 0.6228281712809391 0.6453716820539572 0.6768715383309409 0.7204490871963272 0.7817586988070537 0.8718969875348244 1.0150309624320788 1.2724161675601815 1.84101411520253 3.7039047886915646 26.937033203104953 193.57891267018087 6.651847425842334 2.599907960668191 1.7613339634293663 1.4872862503796762 1.393266191334207 1.377316550990435 1.403101048348972 1.4550010640870745 1.5250727123458387 1.6080886726848658 1.6987916988886773 1.7891355868441727 1.8635432756788601 1.8880696715679863 1.7809164299753388 1.3162406418665635 -0.27786710188811137 -6.6997040301082995 -11.765500862065068 -17.065952866852083 0.005650158238799108 4.798561887105274 7.392506305121381 9.51819293490763 11.601685199381532 13.73372251463945 15.83835234205917 17.708340832413615 19.049631064969955 19.586970258223246 19.20558572561186 18.025695457299353 16.334683853981897 14.430013301971062 12.477663146106318 10.414137436091417 7.85989441344381 4.148233636230825 -0.7996106110348116 -4.176585540912061 -3.20120475808797 -0.8165063892115443 0.6319302351343126 1.1793510456155931 1.2534554729529326 1.1212870256636605 0.9130121640552988 0.6877380453989927 0.4716043393835312 0.27647962759630484 0.10926743933444005 -0.022547723882312097 -0.1056743691177863 -0.11220318579042099 0.022324109079206567 0.4703058302880567 1.8300068511033076 7.502818687816816 66.78433813159869 19.217266246260774 5.6795524708059855 7.195182087697084 21.492371042624804 40.68326102858918 12.626460938486781 4.172317007111281 1.8241637825477772 1.0844980097556765 0.8910006399970443 0.8835224049236716 0.9014944655995945 0.8656240400478512 0.7423263801427347 0.5267482861663451 0.22960396336750266 -0.13315089093387034 -0.5456271516826927 -0.9906067160985199
-0.9523057622696718 -1.1407362759634192 -1.2817389333770024 -1.36008174453023 -1.3672191627883505 -1.3082331630855815 -1.204138868918804 -1.0865466434108142 -0.9872673712908764 -0.929276682864592 -0.9235906927248412 -0.9717613115665631 -1.0707914736465258 -1.2175616435243295 -1.4114095568738616 -1.6543486293016567 -1.9475934809891857 -2.279288955015777 -2.5871436975402182 -2.645806469172502 -1.7174762344699044 2.5917017444883266 16.184799219154435 20.841507125016804 5.9630550249454926 0.41560638220066703 -0.8744207909124113 -0.9063111418967023 -0.5606947838364646 -0.10130834742566253 0.39747753768449756 0.9250523227983154 1.4954853461354518 2.1362863841503583 2.8878911896882116 3.8097563080033936 4.995324681338571 6.607102664015177 8.973552859335928 12.969517195132596 23.150523607754224 140.32268316551722 34.62869239717423 27.336620356984575 24.116051908050096 22.323630164707005 21.63166332425508 21.26814787735221 20.651279918741103 19.523430002168293 17.90414464832249 15.972652985120682 13.942279714966686 11.97811276083926 10.1682424619626 8.525373310657098 6.9835371704392015 5.325345064116363 2.701142547683081 -7.970075327213388 -199.00066576392032 -5.377211797473158 0.8776634893065828 1.9106169556781372 2.1092172859929397 2.084234568392064 1.9885241490963668 1.8723005460149367 1.7544925055658902 1.6425900468738734 1.5393889901944544 1.4455900502133905 1.3608413849006165 1.2840529952993887 1.2131609584349634 1.1440252621093283 1.0671510401796434 0.957621146889998 0.7403117350421171 0.14869450782885174 -1.9468247718017526 -9.660451141588531 -5.876359934700073 8.692175226832573 5.3762153464355995 2.9832737393658966 1.9226011712937474 1.4096023104363535 1.1301346502224963 0.9613101646561782 0.8492609375581859 0.7661812916618034 0.6928363219189556 0.6096320687617118 0.5178920042634036 0.8563867508386735 2.691568937608448 2.3852566404306703 3.811780000155637 14.41727586459675 402.9750161075199 -22.75642329136848 0.4489927788877335 1.1182096915811162 0.9530867690301704 0.8294178182930714 0.7551238772832429 0.7114717143468862 0.6871009448555819 0.6758050496892174 0.6741765225871432 0.6803488101383591 0.6933320508923686 0.7126010885381194 0.7376698235282653 0.7672034126879198 0.7962632942492214 0.8059795197264442 0.7168506795064172 0.11170716421567839 -4.23721265129289 -30.87612887958771 18.73466162537094 8.199894577051726 3.6599164727764175 2.3158003457080416 1.8237515463126956 1.6264393407140298 1.555949854759413 1.5499772552376896 1.5812651941578082 1.6356772981174243 1.703654609256219 1.7754231489083623 1.836002830336162 1.8560271181068593 1.7688503484458111 1.4011209208322906 0.21626624139114536 -3.7222837437826355 32.884007362284876 -14.401611627641007 -0.8135198515044495 3.843093083724613 6.227973116071913 8.086224499644658 9.876775196208449 11.73854645666496 13.674746874128118 15.584682949221826 17.270291025262523 18.46988714759687 18.944965414983905 18.5927198119971 17.501138826317174 15.888339069103976 13.967130197346284 11.825078532974763 9.379970092782726 6.468192360770577 3.1757698166323474 0.30393362928429823 -1.0298964804592838 -0.8604463198576271 -0.19828751883395057 0.3048620043973904 0.5331496568258629 0.5617916207928491 0.47810869561616975 0.3422430320543599 0.19006407856655638 0.04187733338751165 -0.09113678103899636 -0.20349656442326297 -0.29497820715644285 -0.3747092805351224 -0.47681528227474285 -0.7173489905188648 -1.550182881475872 -5.523025691476301 -43.15188498316066 -22.96059008147284 2.294173836779696 9.509273497373117 12.9849573832867 11.83227254425809 8.53575304570042 5.810866271689995 4.055837073495923 2.953284708856231 2.2218007038990697 1.6937234548846236 1.2772764964352938 0.9233822130358106 0.6060259793646932 0.3114401110482541 0.03237309655082324 -0.2346494344437311 -0.4902013002771204 -0.7316560759449722
-0.6648682143427294 -0.8032323914419457 -0.9102839683625366 -0.9822946190919055 -1.018381779112378 -1.0219492329766555 -1.0008602570374157 -0.9660229256846975 -0.9289361005318275 -0.8993056096129164 -0.8836688317181929 -0.8852823565149933 -0.9049002218746196 -0.9418323386422737 -0.9947490957578295 -1.0618051080016624 -1.1395168411820946 -1.2190773129003603 -1.2765694126671674 -1.2471251372264294 -0.9533531681187903 0.10802796664974412 3.435163610849634 12.739085547826134 21.314382744451763 9.458581973543637 1.6474750171188255 -0.7104429287693552 -1.0372247537790962 -0.6676576972473556 -0.07409148256955866 0.5881015254278154 1.284497293429694 2.0292303285229387 2.859825721186157 3.8322638717317536 5.028904668611187 6.584746138777347 8.762044382415635 12.201846270881024 19.069585349814858 40.51214070353922 69.1693117115524 45.744359941459805 38.51061362073264 29.59485014456395 24.53251374586389 21.802596401199608 19.773307983263138 17.825489363863113 15.836902792973579 13.867731943455256 12.008838282745156 10.321668671489949 8.82590571432294 7.503694069144382 6.297996515820033 5.072038206109662 3.3694785039224366 -1.5707813412798242 -10.972134276091836 -3.2779897143488093 1.3667939991204703 2.0696681862148436 2.1620799270587416 2.097666083827916 1.9873221410610535 1.866565066685506 1.7482561916993846 1.6370465671841123 1.534212520748798 1.4394689858491052 1.3516411484054498 1.2687861792894166 1.1878922004021133 1.1039968379770093 1.0081568781150252 0.8827837997288799 0.6904909648155528 0.34662714395454053 -0.34448337653517225 -1.76649114845595 -3.9048777294504387 -3.221702114865632 1.7493212573531185 3.6472267668250513 3.0606953988906804 2.2674672148521062 1.7214090399704647 1.3771666660034896 1.1582068438660904 1.0169353028514763 0.9359355367937956 0.963845159432628 1.4313871416356214 2.141760229669927 1.400755688455062 1.9040316842304073 4.2759833556540805 17.449940331410154 459.7577118855205 -2.458189131685806 3.316468518268797 1.7836780044286509 1.2209849422259933 0.977834260887352 0.8551044566307904 0.7866807126896768 0.7465982913415697 0.7231037587063942 0.7101841906440921 0.7043230889082464 0.7030035076465422 0.7037584833922237 0.703154232052716 0.6950168407455485 0.6664206632902887 0.5873048128129348 0.38082790122993226 -0.16703663821811476 -1.6546648896206761 -4.887529287357264 -4.0663275702577195 3.8373442389745183 4.659907807274423 3.3296508165155903 2.4644067859982544 2.0224898181469766 1.8083532272733542 1.71531546785475 1.6906657889674164 1.7069652965305093 1.7478756130779292 1.8006774076381291 1.8505958973492287 1.87302270403806 1.8167225782237675 1.5577026846188131 0.7540061677642602 -1.4201634649100958 27.09279670327864 -11.258250641882682 -1.5244522228857926 3.09463288713629 5.318494281256402 6.952304095431663 8.482044659030825 10.071419739311962 11.76743323026308 13.541273889648368 15.288223066615608 16.826744432673262 17.925126298614106 18.37106766322283 18.060641073800127 17.041974035430293 15.468393067403081 13.495833672145697 11.21055502563948 8.653730979487493 5.950866344840511 3.445045233595293 1.6005822679329684 0.6258888695928055 0.29897325203941527 0.24992119772661203 0.2389906212779218 0.18161885444636416 0.07347232886742594 -0.06486768838542689 -0.21139039865162856 -0.3499021137800966 -0.47210659800526655 -0.5798498863785845 -0.6911673482630211 -0.856705898236761 -1.2065455904871412 -2.1016313634230386 -4.7148724101310435 -13.426626180061625 -30.863364722762128 -13.638861401463416 0.55385962989899 6.6046115593504116 8.89874388638349 8.514234459736759 6.90152076801293 5.2483900429445445 3.949367874233476 2.9955339585883145 2.290555366046094 1.7506749395690893 1.318783342408938 0.9586243276276476 0.6476311775535388 0.37181916614641103 0.12264947213579125 -0.10472614007569436 -0.3123528315022013 -0.4998848423025317
-0.1704377660889238 -0.28890016177234323 -0.37740230427388033 -0.43606963786455877 -0.4668785855141524 -0.47393929840540006 -0.4631180225722229 -0.4410787612814886 -0.41409309361853874 -0.38705768859170475 -0.3630158096261462 -0.34321460795703096 -0.3275219939081385 -0.3149505119229116 -0.30406949894628954 -0.29314009987940876 -0.2798051915700112 -0.2600115392789441 -0.22538532768588204 -0.1570745605218561 -0.010800522146169556 0.3216795437911575 1.119527205714708 3.148696149468325 8.46907764642631 18.688547551927105 16.91059786260122 5.8864277413039545 0.7669360642631995 -0.7042441588955328 -0.6724500926546195 -0.06572691698599797 0.7485589490333588 1.6538690262179625 2.6415293370437944 3.749601078379476 5.04417363948101 6.627185193871556 8.678162597128916 11.588085192772935 16.44745987448112 27.11343943518655 51.787921859274135 54.19626367267473 67.26790485001852 39.523511220418605 25.402627948261383 20.59269976853599 17.85735753968195 15.675948815131054 13.717549692942043 11.936072459117135 10.342523595046716 8.943239073050108 7.728177938997722 6.672280218232885 5.734921331385513 4.844186692720892 3.8250054854130555 2.5204541230622777 19.773633227124037 -1.4537592277892086 1.7788221042313455 2.198270981301402 2.2005874945573236 2.1030779799737385 1.9806349137915957 1.8562288086824181 1.7375599211633452 1.6268966549017032 1.524306476888611 1.4288410494786776 1.338962772666473 1.2526208422707221 1.1670968117723435 1.0786028453368979 0.9815184874030081 0.8670197965417645 0.7206958058093131 0.5187252092419898 0.2233027844730726 -0.2152820794411685 -0.81628625795567 -1.4010273561507027 -1.358316935445675 -0.1861924395679022 1.2964915254368883 2.0272486685652424 2.0563235337917796 1.8225560640602945 1.5751394564254926 1.408185733284403 1.403756209153383 1.7464799617785864 2.0587999746588928 1.301627271480747 1.2686620517236937 2.0932452585042967 4.770118240329747 19.97308663333676 500.4862292263214 14.93595740515972 4.597534456126345 2.1349328817776283 1.3821379761538917 1.0766942123797907 0.9271339183535344 0.8441037039426781 0.7940068116031389 0.7621023938705302 0.740989383880625 0.7263323441154677 0.714968456329419 0.7038145375511626 0.6888987570427434 0.6640290172663347 0.618445933374791 0.5322997262609359 0.368040099142003 0.05691868362453345 -0.5020797271085087 -1.312085517524574 -1.722312114788334 -0.4085600720761775 1.711470852452793 2.6032600868726963 2.53589107734021 2.254735809741247 2.026891605790787 1.887731436627763 1.8195566900590783 1.8012254639730432 1.8161921122741425 1.8510576522973712 1.8919568524343553 1.9188227808173743 1.893743367584401 1.7319583286844757 1.2266218713580894 0.10787071803187054 19.063567933111685 -7.9765007164140975 -2.1794739281712303 2.525403452199531 4.623126990206043 6.067219280751716 7.372375608891192 8.713903741851112 10.159312199679906 11.71995693285418 13.355956178847336 14.967803695609895 16.392826312608033 17.42482286999496 17.867727807710676 17.606546792663085 16.64839224319691 15.099199270614712 13.102660017729866 10.80633889981504 8.383897555827453 6.066980287038929 4.106372783847384 2.655501302018826 1.6928448917062249 1.0745302565859727 0.6459341331498449 0.30522169188527926 0.006360630262049138 -0.26100700303719315 -0.49050153378576633 -0.6716178529058543 -0.7980263219593458 -0.8743549946459173 -0.9245164155222699 -1.0077791234705904 -1.2606221601592056 -2.026315586647076 -4.317611748436887 -11.50528712255366 -26.782873678098966 -16.295164881785038 -1.8565638510635827 4.447564149240911 7.27518978711476 7.93846940275371 7.228055099232562 6.002720147794108 4.802551544477656 3.807932397344354 3.0234095952405373 2.4047945365040433 1.9071964079836978 1.4964216756243522 1.1488126760961488 0.848707230009043 0.5861058452859206 0.35500871916923593 0.15230921279059162 -0.022987178859101842
1.282542664375823 1.1787480479801358 1.1089897645652316 1.0687568426641334 1.0518904961266715 1.0510643370859685 1.0587482745120398 1.0683433876908235 1.0750891372063858 1.0764675868301634 1.0720569676939977 1.06299688929269 1.0513153046584491 1.0393307234585518 1.0292513468884854 1.0230047412356884 1.02229535419147 1.0289024356425878 1.0453187641292345 1.0760489265078452 1.1304207874899588 1.2291944497717044 1.421307545149597 1.829491739329072 2.7844099299350646 5.242987042983916 11.825626385990567 22.449037532204592 15.511428247158456 4.683761276661586 0.4554932204768676 -0.47447474556377367 -0.02553284597901695 0.9758413483112959 2.210495253353468 3.590966751453247 5.130422357677067 6.895237288291414 9.011190408024033 11.737351994324584 15.727566222780517 22.91923881196114 37.444915088888706 45.519216787385254 68.12804312618653 42.29853970313284 21.88534305415721 17.787582202238333 15.394149605729591 13.461562031919343 11.765234580202339 10.264089074825636 8.94926660026438 7.810372879715336 6.83063199525108 5.988639517054208 5.260246134885839 4.620166091281137 4.070189775808805 4.621764769954835 8.277359068851723 0.009070554217284865 2.1106452254312673 2.2955051643733118 2.223903744359496 2.099774509120144 1.9679887050152518 1.8411005985381492 1.722575830766886 1.612796344980476 1.510970372112209 1.415815922007368 1.3258047266591793 1.2392166040392436 1.154091664681442 1.0680998168729037 0.9783290551924506 0.8809809791891441 0.7709953827721536 0.6417188424924603 0.485052739481175 0.2933276911005196 0.06588602521011033 -0.17458634338481627 -0.3549355339390665 -0.34093825975871184 -0.0161905257124495 0.554168704646055 1.117343929105341 1.4768034883852397 1.6416491699562954 1.7509939114359172 1.9456652105755348 2.074257639943026 1.6237810253942317 1.2178126023026845 1.4225914779539353 2.3017957036866012 5.211119138219326 22.116021141661815 524.6102263369901 22.913716286587437 5.372195214459223 2.386557917335905 1.5108806850160974 1.1617815498458004 0.9921579990858835 0.8975594032850409 0.8392220949941052 0.8003738611061757 0.7727326606698978 0.7515550027614752 0.7335183769504211 0.7156256545933989 0.6944412107617648 0.6653234205227664 0.6214376556326112 0.5524389977439659 0.4431242362287986 0.27399234607777334 0.03091005868667862 -0.2578770011531475 -0.4430010872707921 -0.23558414172992492 0.4818808973982138 1.3226824658509537 1.8441041730967331 2.0131986162112216 2.0022641384109994 1.9437862477973478 1.8955826153487814 1.8739764350761028 1.8787610584094399 1.903801830583982 1.9396264035483075 1.9714749586959521 1.9722857152619577 1.8849975680972477 1.58426339727187 1.0131914425350184 13.16644806773898 -4.688870696526138 -2.772242151501292 2.1292925172135106 4.111487634278173 5.387494381912264 6.4996381306856295 7.625853536367086 8.840031336406547 10.171991195407449 11.618619715234058 13.138621874091006 14.642103710453544 15.984993181474792 16.9811512029765 17.44186237426449 17.235082193600913 16.333647660591797 14.822499647960337 12.869692450065436 10.690542791267257 8.515015334093155 6.544372425594892 4.900139344671411 3.5997564477181445 2.5814667579292774 1.7565947294588886 1.0521711468382273 0.4295799357609251 -0.11416243300284545 -0.5534738955493772 -0.8461136357809289 -0.9494181897293215 -0.8380364549022873 -0.5158190079923255 -0.014680725495865188 0.6190065996543703 1.3414416674599423 2.1211479762161862 2.931525318218768 3.6924517702421613 3.843466393457339 -12.074357443963166 0.31183923523082857 8.095079114582012 9.40601893272959 9.390417127642383 8.566045053288741 7.404795461657237 6.251004400859191 5.252517000922975 4.433177103194915 3.7690684173131177 3.227314027253776 2.779657710586475 2.4052411089158032 2.0898451666019353 1.8243536421973836 1.6032604499656684 1.4233558465623188
3.2726729220717545 3.1731324395756126 3.107297195381962 3.0627140250291953 3.0269864268139557 2.9889282800813133 2.9399965195365856 2.8754106692578922 2.7944892806695454 2.7000815099500297 2.5973560969785296 2.4924070413249195 2.391080188455217 2.2982282551356867 2.217400816199115 2.150861048727368 2.099796145868852 2.06461934195161 2.0453148058313895 2.041839836934056 2.054685226913028 2.085871917882864 2.1411377067013992 2.2355826070898908 2.4103298600076912 2.787496706578658 3.7695388110415164 6.834285829968815 17.397779610913968 30.539937929849586 11.537334120179548 1.9695806793993542 -0.26163837944478896 0.16389250645236197 1.5829762922001995 3.3613570546634373 5.297273026217729 7.374884520838581 9.67274134661947 12.376395206619968 15.931913567880466 21.495115012590503 30.864189626051324 35.37314287152451 8.319254193318166 -9.216904610817947 14.62900139604898 14.29728184614717 12.88621390253278 11.426465418383337 10.071977689210266 8.860790314559406 7.799429971764232 6.880894671062068 6.092228145852913 5.419318289194362 4.8516838409833145 4.3950921704015435 4.151585201629295 5.491278078967882 -0.6540904181023279 1.1561787371095225 2.368962609640567 2.362977941972493 2.2322002857246277 2.087468188451572 1.9490069185636196 1.8209048602775955 1.7032606938191854 1.5950335535033209 1.4948708584430515 1.4013757015188066 1.3131851722798669 1.228976014428739 1.1474328647245178 1.0671946343763379 0.9867885752230134 0.9045651272719377 0.8186621509808432 0.7270652496373335 0.6279010630450337 0.5202357152239556 0.40583940250516815 0.2924804305068527 0.19874876306524047 0.15791132147411258 0.21327465231103915 0.3959515308732966 0.6927423944959714 1.04111890765925 1.3729559208695703 1.6544136005326402 1.8352654497759344 1.7581097258601206 1.4379319187035948 1.2936787312421263 1.5659308643410532 2.4964654991117134 5.633424979099621 24.051747733149554 534.1636252053096 27.30597103504285 5.970681691397154 2.6066656820142957 1.6325936368084386 1.2463156540300537 1.058619668789879 0.953123217659579 0.886920124191585 0.8416345161148373 0.808339985705741 0.7820679308307462 0.7595222203503631 0.7379952014242613 0.7147562209148952 0.686620189795985 0.6495951746178295 0.5986655631128059 0.5280417567905298 0.4327930323833671 0.31382995708275185 0.1889691696066782 0.10895635196866138 0.15991336351859875 0.4131743698796084 0.8330599649198902 1.270719887787764 1.59217965925703 1.7688343178797825 1.8442494451071885 1.8715357536928072 1.8861668420560915 1.9055271435750007 1.9351574728202239 1.9732064972328385 2.0113565486863094 2.031401080737392 1.9943395985029473 1.8181371558070858 1.487451899301627 8.991162109865062 -1.2995969264462914 -3.225220784440209 1.9063221589133796 3.7537206280232867 4.871424398607524 5.815925340019362 6.759174036459811 7.772861267738888 8.89238095699928 10.131848707458506 11.483446548526342 12.909536717274012 14.33170287473317 15.622528850387543 16.60978264851537 17.104402840737485 16.955871813220007 16.116878156700054 14.67840133759527 12.846544401230945 10.872410829488654 8.973527749567356 7.280648865739052 5.825252457421015 4.562873145348368 3.413119471307407 2.2992636069698316 1.1846385914199085 0.11276372296373705 -0.7565660458778831 -1.1744198466611049 -0.9647667803774165 -0.20914283753283325 0.8054457450052284 1.8234840442532811 2.7478589037759193 3.6022243012978987 4.45974654108557 5.409386860873017 6.556227499605548 8.040153102203073 10.066691187797648 12.941124596615587 17.012548820504854 21.994757499298814 25.01131160862733 22.795111321194547 18.064707455032924 13.951066254638397 10.961338151837936 8.837216832474668 7.311162140384525 6.1952890238100125 5.3648825915346885 4.737913789038828 4.2603469477944245 3.8962758430905624 3.6213047334030897 3.4179998444025186
4.442958135909611 4.344968666465595 4.290488830530833 4.255372744192092 4.217289776233372 4.157868520408805 4.065183690696615 3.935320615707651 3.772117612874379 3.5851109443830667 3.3865565573425402 3.188635318093266 3.0015686568346167 2.832792694034529 2.6869463105577784 2.566308227349232 2.4713831735814735 2.4014579733342902 2.3550501827851904 2.330242334893637 2.324934083813485 2.3370853875810775 2.3650936352507426 2.408631389985896 2.4708040270221314 2.564321198827639 2.7321883506873963 3.1341197762308894 4.497557556693866 11.108067619580003 46.03196384000945 18.12220508969575 1.9470280322909703 -0.28230097098336615 0.903619951676626 3.1210838713832665 5.56878071565316 8.03230585489514 10.533330852403065 13.220393329994078 16.43584325022228 20.918251261227212 27.090127668577956 27.45208861789369 -1.4292408924859963 -20.69405205061225 8.323312582355067 11.095133015421709 10.65088004364582 9.6738798660117 8.649413177882696 7.698419398749888 6.852221883212351 6.114116248632474 5.478305156969498 4.938105056167368 4.493160554725259 4.168072698792912 4.112465994361186 5.647211376572992 -6.174700187407296 2.1017704303606504 2.5680069343917094 2.4044846601850587 2.2266034227608524 2.0664002461602515 1.923677793955199 1.7956655592810797 1.679816860101134 1.5740338499675612 1.4765956919610153 1.386073478323747 1.3012584210538092 1.2211017695129263 1.1446628557975205 1.0710620960196517 0.9994450310150349 0.9289645806230897 0.8587975008896778 0.7882264313896234 0.7168387073165787 0.6449287411753049 0.5742180880454297 0.5090075375340186 0.4577018198878462 0.43412986112311724 0.4570657729435177 0.5455156894979578 0.7088642174181055 0.9366034663543463 1.196134135360875 1.4363791612837806 1.5816981940572923 1.552681887809606 1.4086229636462022 1.388765178568141 1.7025476130406973 2.6924053848072793 6.061096886091036 26.919496628379157 532.3683638327316 26.97452236852611 6.507040921926414 2.8207260070740503 1.7572885644853065 1.3357636937435406 1.1301956196656724 1.0135736429970732 0.9393027788107513 0.8876022108762847 0.8489984753137824 0.8183441632263975 0.7923780152917335 0.7686325136470781 0.7448993240260873 0.7189481570330591 0.6884005089278737 0.6507867700599315 0.6039482044704558 0.5471223907312956 0.48322115236944807 0.42264312914415925 0.3875594670929776 0.4119695603427749 0.5293371656223549 0.7466354055183659 1.0261097030947712 1.3025398427387658 1.5244288050286388 1.6770401360969753 1.7738751816970386 1.8373495731515912 1.8863173219046923 1.9322479567090232 1.979424261726178 2.02526868862466 2.0582437900170345 2.0500910173399007 1.9377717337367728 1.6724496533452466 5.887631307936243 2.670422157084076 -3.415600478858451 1.8343246000434905 3.5093776780595602 4.475024698003102 5.274339116736568 6.06498466058599 6.911507521075193 7.848132697316464 8.8949064142158 10.060131879172388 11.336510337370097 12.692817440627879 14.062221058464562 15.330332807084671 16.331448485179827 16.86943532759276 16.77939555204325 16.015018153538836 14.696014510082389 13.060205184943117 11.35351540779453 9.738920193464816 8.26321683541921 6.868628096043875 5.424804370830041 3.776081922408736 1.8411669068956604 -0.146048775374378 -1.3808935540411378 -1.1184461746732395 0.11462805220260508 1.3056007317826361 2.1382468766781635 2.7286516422971747 3.219726419431782 3.6972825680634744 4.211570093078283 4.801212971380208 5.507194756082265 6.380980384783083 7.489350952252014 8.914376099656536 10.740344394599076 13.008420957370618 15.607218672758155 18.07994959400038 19.49225017906935 18.934313743035347 16.63065844687478 13.754759299074834 11.182918944812016 9.174453640556177 7.685455197245313 6.601720618400217 5.819749953849502 5.261770198554311 4.871969928711751 4.609601172452924
5.2441281069712105 5.178390619773682 5.173916495974424 5.189263656971898 5.185461313897324 5.1307930856957515 5.006367172006768 4.809315294997091 4.5514757500510115 4.254078812197836 3.9410948161923107 3.6339388502089354 3.3487179027033793 3.0957226986836055 2.8802358969315485 2.7038073696613036 2.565484503532116 2.4627834406706413 2.3923617245989055 2.350428670149406 2.332949002289613 2.335692346193308 2.3541801958529467 2.3835976612855063 2.4188151334901793 2.454894660336092 2.489190017938397 2.52902093817883 2.625432242278535 3.0962796981782494 6.8568052994827475 78.40157799586986 11.528813766196087 -0.06734694224315252 0.3603780193998375 3.000940887753582 5.9975900750530196 8.823452925417051 11.446416771679964 14.019401755011788 16.84667963468722 20.380535091734323 24.04120980988666 20.884604044724615 -3.200359971296276 -12.48162288777405 4.999461501854082 8.626650431448242 8.806617369281756 8.217632161018669 7.471338543928272 6.737630685556178 6.067680817643845 5.474966011098484 4.960662908125467 4.524181976439911 4.171797707107546 3.9372174484355353 3.9795834864489033 5.342309306492686 -9.605343581698946 2.975504853681617 2.725697796609551 2.4252283236238386 2.2090778394627537 2.037485981448381 1.8926155805811877 1.765994151362504 1.6529522983070803 1.5505742353853258 1.4568619601849293 1.3703522752928066 1.2899165829321422 1.2146438084663618 1.1437647717655157 1.076603360107452 1.01254731300251 0.9510432112704652 0.8916210562183908 0.8339645971127472 0.7780490865108232 0.7243839483461922 0.6743995155945162 0.6310085902971001 0.5992990848891688 0.5871254645654593 0.6050246969340392 0.6645134874007819 0.7739606744325496 0.9325096865641147 1.1242771937151779 1.3145709519052438 1.4499342231727388 1.482287970872926 1.4462968109534384 1.4988087949813318 1.8474886574034357 2.9020189480984353 6.510036749494442 28.493201045482525 522.5212875852749 28.55181177825789 7.027029722925459 3.040078156041111 1.8898770138521277 1.433072484224181 1.2090250253720736 1.0806042586537692 0.997722406601597 0.9392793973261062 0.8952770626379198 0.8603651431429297 0.8312497734535433 0.8055764968497299 0.7814258300350707 0.7570882587996498 0.7310004801522931 0.7018324653168402 0.6687875356223418 0.6322344953711521 0.5948008359990953 0.5629057889980729 0.5481892859505519 0.5672876065911328 0.6375963904400725 0.7681977255443586 0.9505400618000932 1.1579903114769312 1.3578393039284569 1.5267319701747386 1.6575500988223015 1.7558441939513787 1.8322684646350487 1.8966574865376056 1.9549600596424468 2.0075655236887218 2.04664450519431 2.0486389607700675 1.9533350252785961 1.6429684886189655 3.337951900828944 8.620675878046512 -3.293876373433692 1.8416813135149561 3.3229468591925397 4.1519693351037965 4.830743247143825 5.498185230161682 6.210135023435925 6.997069914623118 7.8795496129224585 8.872135652054762 9.982508221626716 11.207002584918406 12.522019751139148 13.870415273876777 15.144205494150839 16.173788597739513 16.75027181711922 16.70774484461165 16.032129106433924 14.88969877576164 13.528820937600369 12.144211049442113 10.795252560736458 9.381696719923621 7.648774394869859 5.238908910845211 2.0065815788122254 -0.8610211251393292 -1.036588631304693 0.4772198106013015 1.5773583817859178 2.1405274545931876 2.4870183617014403 2.778397474115943 3.0731064316567247 3.3938398135250716 3.7552991314002244 4.1743814454888 4.674547228520243 5.288690118467237 6.061774369402175 7.0527086926555365 8.33234769224968 9.969417864715119 11.988442528302242 14.282591217090745 16.497452202399394 17.98916537677256 18.062458537566847 16.568572218012623 14.174893373837698 11.730473007813048 9.688272237326268 8.138825530862622 7.021183972270647 6.244779545337126 5.729818406230489 5.413190055732105
5.905202398682311 5.90523773776958 5.9951271739645575 6.107755713972413 6.176636399265693 6.146613734619184 5.986946946218746 5.698513881566514 5.309649591510097 4.863127563549466 4.402068541388274 3.9608437126208074 3.562099455449788 3.217853742908398 2.932209323467016 2.7041264080192606 2.5296137162403456 2.403231611040778 2.319014831527289 2.2709654578671863 2.2532430308924027 2.2601362895125328 2.285858601096526 2.3241673687664894 2.367757800947265 2.407299078902763 2.4297995915960175 2.4154753208575723 2.33059023158419 2.10854428943499 1.631938041066111 1.7411001147403675 310.67634790425086 -0.8691987546637765 -0.043616581308147495 3.1959891843276735 6.663580415993442 9.694851019136433 12.26996108716991 14.59418672851585 16.96577241107378 19.553074064323333 20.916045190625375 14.887243514850784 -4.279338528329573 -6.904360667177858 3.6561486885979093 6.887726336516653 7.349932930332805 7.029797819642967 6.499543028321497 5.93957273826658 5.411039735337525 4.934510457403777 4.5164542736701865 4.1605062400326425 3.876272770658371 3.698190117921734 3.763039719364617 4.645539386646906 -11.363031180109417 3.895056736395924 2.8587514266394383 2.430286186006068 2.181814517786224 2.0020248512950616 1.8568653697601514 1.7328877930558946 1.623635734756994 1.5255137739658016 1.4362815147031271 1.3544165659567557 1.278810794415726 1.2086085552550054 1.1431145154870626 1.081740717501163 1.0239812760417835 0.9694108621713278 0.9177086042622469 0.8687161022690593 0.8225405998818851 0.7797201186057621 0.7414687620895104 0.7100079683700962 0.6889503962908328 0.6836101985245331 0.7009548830352728 0.7487324454496727 0.8332835526421967 0.955939610072505 1.1086977049179927 1.2705075473796794 1.407112255362266 1.4858925851302982 1.522809976248681 1.6293926300728798 2.012601601301068 3.1368967376513894 6.996632096674256 30.080542731783602 507.4069063059315 30.140152400421837 7.5500866481793025 3.2705455989122125 2.0336125437283745 1.5406971400687202 1.2971727726839941 1.1559734715497432 1.0636175229021603 0.997732827554646 0.9477946980677359 0.9082059039134905 0.875558667580017 0.847488064583266 0.8221773178883307 0.7981506552148608 0.7742179077714205 0.7495368162161429 0.7238101326021606 0.6976578362085635 0.6731915587433366 0.6547285042186888 0.6493589602444183 0.6667261059875207 0.7171318872435477 0.8075701591129225 0.9370069661038736 1.0941936497840365 1.2607781461262833 1.4184855519238275 1.5555671368615875 1.6687651320122785 1.7610572501818726 1.8377985431349901 1.9032594698271401 1.957750957574093 1.993760370748829 1.9866427609247053 1.8654155219941122 1.4139895466631835 0.8987449941279007 20.470975243009704 -3.058052987184693 1.8075213051342613 3.130480360383379 3.857726931376525 4.446509668568104 5.0205081882596465 5.628875101176505 6.298665776095479 7.0492825212701495 7.897041783663684 8.856091919333895 9.936871529577632 11.14134274132298 12.45280532645541 13.817475736398011 15.119302425080958 16.167058202312184 16.738664291134512 16.703968885172472 16.13087082326269 15.240238347937002 14.244732739397392 13.206946515098462 11.95236090213934 10.006446123710916 6.623330683053821 1.8161488265215313 -0.4841106645888722 0.8901438941577946 1.9081225605392866 2.252257949141736 2.405026055558653 2.540938324387191 2.700396066549448 2.889115369561153 3.1079538992306612 3.361024263206157 3.657944334123519 4.0148917577237855 4.455909938250036 5.0149367211169675 5.738528158597566 6.688365879526598 7.940266683291061 9.57073713977847 11.61232447640388 13.955835673727236 16.22158517271047 17.739743062920702 17.83644477205079 16.388374360645756 14.039117938161489 11.62515288409329 9.617119139987425 8.123510223486502 7.091285114690814 6.430846928988192 6.059068368652434
6.5374884846348245 6.635204838512033 6.870326939276085 7.137466476582715 7.324051361725457 7.333385826777536 7.115384318740965 6.6827259991089 6.098172238335998 5.443212259540703 4.789956168748153 4.188029955505846 3.664314633242334 3.228547428690054 2.8796894936877657 2.6109341533505885 2.4130136125621444 2.276133765620429 2.190974377426704 2.1491077060369306 2.1430710953865875 2.1662300665484544 2.2124918458129104 2.2758609630126934 2.349744490617015 2.4257566902878542 2.4914022433348 2.525005296162593 2.4830964681619125 2.2639093520637634 1.58127249341195 -0.5406579728928906 -13.492116819371809 -14.654602272573769 -0.28019819431723936 4.036867973949314 7.693480514303686 10.626529301367482 12.945144918513176 14.922440153102063 16.808785736524378 18.35938564243227 17.361121316274946 9.035877771010995 -5.085776189257457 -3.576401056049841 3.2191510521455804 5.713910708645937 6.227482007661399 6.069398837713843 5.6960103617057625 5.27018257626373 4.85324056225295 4.468862198604125 4.126581918848915 3.8322134098173732 3.595487470981201 3.4435073306795365 3.4586086905521554 3.488369844873942 -10.010760344820497 4.941830561481231 2.9739792391535786 2.4210444871407573 2.1452976571698983 1.9604062861877134 1.8168883322453677 1.6968555640982688 1.592322709281844 1.4991244669262767 1.4148105034552734 1.3377967495688656 1.2669771485390335 1.2015280999702485 1.1408044216278952 1.0842823893432474 1.031534726795455 0.9822290064246568 0.9361494101016379 0.8932451249869058 0.853711561231336 0.8181137927535214 0.7875578905369864 0.7639088365311602 0.7500249398610797 0.7499272052425092 0.768737779159878 0.8121322894644472 0.885032274952031 0.9894393137230076 1.121704298587872 1.2699921661798879 1.4137377231649904 1.5313262929991138 1.6288798124690405 1.7880052137336961 2.2115589805875624 3.4137936237667112 7.547689081710666 31.684938865542282 489.12415705455794 31.742533620529414 8.080443119715419 3.5149532167883724 2.1915804112935264 1.661886930451412 1.3977912423475782 1.242512642542103 1.1393406679326255 1.0647337379526611 1.0076759067184389 0.9623026378511906 0.9250309211590201 0.8933906265612271 0.8655371729887325 0.8400519521409062 0.8158827765507142 0.7923791928871937 0.7694210357437109 0.7476520678682651 0.7288161158817767 0.7161374882558114 0.714572106488768 0.7305978289221087 0.7711235757568211 0.8413207378036653 0.9419126698002431 1.067388403239537 1.2067297386277982 1.3468162276347613 1.4766651094853391 1.590083114978907 1.6856728072341565 1.7648442601928864 1.82897883387603 1.8760986394519117 1.8956015123511865 1.8553070027265468 1.65777273667908 0.9441852898932792 -1.8966754179982797 49.03966289131432 -3.1785431213861806 1.5935780315834318 2.8702657451970137 3.552913889731826 4.089286630975943 4.600725206445152 5.135047025651859 5.718259441843038 6.369240612276206 7.1049850927578255 7.94271158111657 8.900237003669897 9.994001389947101 11.23219024321628 12.59804060799867 14.018876173449152 15.331402051907101 16.29411353784286 16.710051584937776 16.590227818203434 16.15244180254957 15.63506755633691 15.10505114265653 14.30495262988142 12.456575675365748 8.174659588869366 2.2701409360195326 1.5902018022183775 2.5899267121818506 2.7301495486735505 2.6507385239381347 2.594984050091768 2.598670141995708 2.653227273525058 2.7465413641031873 2.8716082608282907 3.0276747386559 3.21996038036984 3.4595671784092756 3.7640635702531196 4.158966328421297 4.680284074423905 5.378124716978931 6.320627237237968 7.594962448056172 9.295215407729335 11.47272152863474 14.013606821838048 16.463853287748194 18.01495638154637 17.936035256395762 16.23545070790177 13.72311022246198 11.278545039875524 9.337969741541636 7.974846099472447 7.118123568215074 6.669577352495905
7.228028981521981 7.45408248346026 7.8989738486621395 8.39991807317506 8.764714559767011 8.820291516877843 8.485848055609907 7.808225032337165 6.9223981930462966 5.976624341633601 5.081402102659155 4.297841494114012 3.6483634969246674 3.131963834605396 2.736160952283274 2.4443883619272704 2.2399184364285203 2.1076450414593273 2.034695199581625 2.0104616741037002 2.0263798766487993 2.0756083964116483 2.152673277697942 2.25306515815972 2.372701048958495 2.5070155580347695 2.6490988713870167 2.7853622643504288 2.8844612215101026 2.8662251454900467 2.50580282863702 1.1517361946045672 -3.0974254324937367 -203.3764615614552 1.3947925553117204 6.1508252184098735 9.32069084872288 11.749552376129706 13.644400578177297 15.260330679506957 16.61548119452505 16.75785244366816 12.972401464674993 2.9940377161267353 -5.416694797248844 -1.4123214622691496 3.1688035071977465 4.942853398594111 5.376790435259644 5.295913239633315 5.027185132361132 4.700488415930398 4.369498270698772 4.057059437434016 3.7733576325537723 3.5242076962705036 3.3161312781907815 3.1604008090753624 3.0487182841498184 1.6712510910044998 3.4107177782952505 6.048663934704359 3.041185157442104 2.384225740592842 2.0923111268391623 1.9082018184819167 1.7697206855693548 1.655715515965108 1.557188380309933 1.4696368314009578 1.3905103259130691 1.3182167151631474 1.2516847864890235 1.1901508414354804 1.1330483967191867 1.0799511858587783 1.0305473857135101 0.9846374699654323 0.9421527310329072 0.9031967870860407 0.8681106632607594 0.837568824169171 0.8127014276047981 0.7952376801721293 0.7876400154253125 0.7931726100329022 0.8158024848251333 0.859804391796384 0.9289566896242101 1.0253366008405993 1.1479299112114354 1.2914655473910275 1.4462107352768887 1.6014450118570411 1.76134773408354 1.985973868329474 2.4676234411600473 3.7666219681699715 8.223265143317544 33.310728529080606 469.13454218942854 33.36299574391674 8.6027750589998 3.773028841165162 2.368572995342027 1.8032588412826032 1.5176644199221245 1.346263178756737 1.2297395742411292 1.1437636682331132 1.0770180634965976 1.023426801802928 0.9792043689789225 0.9416998151728146 0.9089361333533355 0.8794276514392882 0.8521231994932094 0.8264282179095361 0.8022986568522741 0.7804080321315852 0.762373794669579 0.7509860266629267 0.7503056649750779 0.7654104260863284 0.801539336514512 0.8625516724953548 0.9490605825229177 1.0571385702265887 1.178590924323215 1.3030398573458 1.4208471772605136 1.5253154067703194 1.6131395653334382 1.6831275411948554 1.733668303002497 1.7588748985173401 1.74128904435613 1.6326417735366388 1.2859185457443099 0.11910967888498569 -5.665160522684674 124.16935035405997 -4.114962332850513 1.082303080070524 2.4868923830882226 3.2005802171207023 3.7283342701684434 4.209364826918206 4.698075194574143 5.223295945374647 5.805638682529546 6.464190393562623 7.219941214041484 8.097800270487083 9.126636358806905 10.333817529713695 11.725681449045803 13.241625854767673 14.689296052782456 15.748331292479874 16.1753700985216 16.067988540261258 15.796133833339233 15.684724672086753 15.822604073571409 15.940283729221484 14.998977605344896 10.63016219878849 4.410360608452849 3.9457133825815873 3.845681719476258 3.426687716154291 3.0774607994364676 2.8500695722787537 2.7212213441706847 2.662505076990387 2.6532574930819717 2.6814148167981746 2.7421843746368446 2.836784643458534 2.971784177633857 3.1591784007013337 3.417304857711409 3.7727674757728704 4.26362999695013 4.944102530782745 5.890344234904219 7.204439840351516 9.005350115820185 11.375179911590186 14.203228454134033 16.931518461396674 18.527525515698684 18.165549547869787 16.08195938016582 13.348167046899004 10.888964442925317 9.075540226621346 7.927418470772144 7.348688499932293
8.09155435310592 8.472048800926547 9.215736805560212 10.073196121752634 10.70695011305336 10.794071467325526 10.208600159809299 9.095619225118856 7.742413030713612 6.402830199211195 5.222930119397386 4.255390186519952 3.4986446838038727 2.9276384884768545 2.5111059397367574 2.2194375972633553 2.0274801586557936 1.915008252391138 1.866290371503235 1.869408543937245 1.9156069608068758 1.9987668384631407 2.115024107831749 2.262504665645733 2.441105706790424 2.65215471434157 2.897521877013709 3.1770615744260753 3.481251613562404 3.7699354507104434 3.9126579002718618 3.615331957509201 4.459850693764847 167.56150106460908 10.762443607529075 10.31064201476715 11.948803825206141 13.586339846710331 15.111593041597633 16.4851159242426 16.926294525756933 14.330758008506052 6.68807337561729 -3.6169550849093017 -4.9412782976106175 0.23865103789120745 3.3151752070904283 4.4601019687204975 4.743803342865098 4.674228630984954 4.464026606164817 4.204373936922151 3.935810017149106 3.6767118721841276 3.435326671282469 3.214988795865532 3.015280856723078 2.8228535400716206 2.503936280888804 -1.049923249243058 76.88737607574897 6.380171332294713 2.8827918531796803 2.25002096636045 1.9859265583178347 1.8223321516716835 1.699261225590136 1.5972344931996783 1.5081936866789503 1.4281602648578922 1.3548893100009891 1.2869877935241434 1.2235414493512127 1.1639459102291767 1.1078235049508682 1.0549837272554419 1.0054079029305163 0.9592480190479351 0.9168381096261347 0.8787181216366466 0.8456698555071958 0.8187631448403292 0.7994066591712592 0.7893892109192926 0.7908885721557746 0.8064133877821198 0.8386428930144327 0.8901455329698993 0.963011218781417 1.0585236419486743 1.177099775651954 1.318750697732352 1.4842336466685504 1.6773615070079577 1.9120122846510579 2.2385302393155575 2.8307538611094882 4.286301831068988 9.205176295913244 34.96374088915033 448.3894630105023 35.007221187718514 9.049639781743421 4.041113565046473 2.5814244496347776 1.987674548697461 1.6786708834973585 1.4849179657369649 1.347312800765077 1.2422279223393948 1.1586711295617758 1.0904940679716124 1.0336115523242713 0.9850027006600415 0.9423525112907751 0.9039260601697607 0.8685414796908406 0.8356084905394119 0.8052303582464218 0.7783651200724 0.7570159242246308 0.744367974548451 0.7447167251067539 0.7629747424002864 0.8035882524656808 0.8689425893683511 0.9577758913941334 1.064476773139905 1.179955041662645 1.2939131998415783 1.3974056312158607 1.4843638951187255 1.5514294637401738 1.5962172288953413 1.614249951731462 1.5938412496251169 1.5052607280952595 1.270391516687401 0.6522762748727919 -1.3115487570370714 -11.405189723377868 335.50415221139224 -5.646654876001001 0.25429232324233 1.9429104267576431 2.7610778348613256 3.321829902031503 3.800832716339479 4.267130552495766 4.756907378539417 5.296147751054144 5.910272525519915 6.630422865258698 7.499412351135829 8.577084456860176 9.938059443483963 11.634922609215316 13.56304225188726 15.213817585226055 15.751396095855357 14.968723845781927 13.755174262940837 13.065103599366662 13.240527346040109 14.24838731964207 16.013544161949234 17.907929030651907 15.833443883804458 8.43054290330239 6.117736499253381 5.0648242012569265 4.233079897432075 3.631923597291471 3.215216774967051 2.9313217314316513 2.7402366671287295 2.6145565962699147 2.5371828090355972 2.4989431331136895 2.496826615801728 2.5329370720744766 2.6141526609076573 2.7525081515718597 2.9664053650738005 3.2828909121151186 3.741395762944944 4.399426251492671 5.340331233569324 6.680993812306572 8.568500658868217 11.128589892203713 14.280454216012254 17.37382746247263 19.090785132250815 18.45533207607526 15.989177718756023 13.06954544567094 10.659055986784644 9.059833810239041 8.24297632231547
9.332561682282579 9.876391615821754 11.053060163075298 12.48434450832492 13.543001280056412 13.578390831241965 12.419476754939447 10.506698543134991 8.442453750909086 6.608692504852082 5.137276578651413 4.021056724699026 3.2031351084774577 2.620080646317237 2.2171919091040424 1.9515831277157019 1.791057189131942 1.7120072774155966 1.6974653657017122 1.7355930353371525 1.8186312532881952 1.942253219473096 2.1052621621468894 2.3095901958813254 2.5605597781822076 2.867338846374489 3.2433917688589964 3.706332333276456 4.275468802511136 4.962646198104103 5.753226338884498 6.770703665910655 13.90607558515595 106.0794653259011 21.649037242421617 14.936377432921457 15.2454338521735 17.09012249608446 20.066292943953293 22.391082616155597 18.929557378723715 8.805776937682941 -5.151956429370712 -10.504964687584454 -2.983121999342356 1.8151979194828511 3.62576108358307 4.202648851893468 4.289675202994882 4.175204335207688 3.978358683307214 3.7515848560549827 3.518709115305777 3.2900963081176844 3.068801481218599 2.8521641242481826 2.6283897674777092 2.3563114905473066 1.823087236794633 -2.61620570111846 76.41050904125042 1.4937353633289583 1.7173664825703265 1.7195890415173696 1.6703510994808677 1.6066570132364508 1.5392605333966978 1.471706205305245 1.405009702273017 1.3391341713685256 1.2735702784370009 1.2076306564188797 1.140663895593895 1.0722632784128532 1.0024963563404934 0.9321397282993851 0.8628733539231965 0.7973553219560334 0.7390952855162212 0.6920702415129538 0.6601201765982188 0.6462552828529144 0.6520872671664604 0.6775740489988542 0.7211555818112814 0.7802134394429427 0.85169438228864 0.9327435869844762 1.021290022378105 1.1166670861486738 1.2205290577621934 1.3385525091459247 1.4837446596245063 1.682533919121576 1.9850224773989427 2.4836565318028394 3.3767995220286364 5.307664716374973 11.418361002311764 36.65191682524846 427.4623912616184 36.68317239981795 9.12877121498849 4.374657588283166 2.9964760465677953 2.390177351091875 2.0182020486242163 1.746445496181746 1.5353114207947658 1.3679909930052847 1.2337307152051757 1.1242037130430305 1.0327156608932173 0.9539611726057862 0.8839046042757523 0.819739492289328 0.7599470732668159 0.7044751211739482 0.6550241387116751 0.6153482334605571 0.5913431648081824 0.590539088892815 0.6205783887142298 0.6865807901350558 0.7881101827289743 0.9173528109679343 1.0601147826682449 1.1997226775373853 1.3218726596461932 1.4178335539510916 1.4847277125402494 1.5234511561437436 1.535564029230873 1.519940719205189 1.4687573619029706 1.3604356896438454 1.142482515217783 0.6797029448506919 -0.44154180554094213 -3.940096258048219 -21.071118891338198 381.9144613491334 -5.3728204606612335 -0.41630749934558264 1.3542074834020883 2.233152845261721 2.8098185487396483 3.2732513182713348 3.7014315339064625 4.135959941347092 4.607501108099365 5.1486964073956205 5.80649706853244 6.662727163213497 7.87791508982942 9.789364585807398 13.079391380161997 18.458471350151015 22.624655541964582 18.009602504873794 10.149906610883324 5.109103227324678 4.075407582449413 6.069148722326678 9.195303924077333 13.319030680186419 21.356467461233347 29.83746258613394 15.073289848944153 8.404474874635106 6.479897673939011 5.246785839147044 4.361865430035943 3.7193450737897327 3.2488938483788967 2.9005948684376435 2.6399702774116394 2.4441607579859834 2.2989683922417865 2.196745940547655 2.135040760686537 2.1159000394903593 2.1457931953127876 2.2361822581967745 2.4048797832920115 2.6784789983982122 3.0963362137104378 3.716780819624881 4.626125941953928 5.949377386858128 7.853738158245676 10.508838309303727 13.902331334077282 17.393551752473286 19.436016776034798 18.78091587424278 16.118727733013348 13.133975766546687 10.874673973319087 9.622267737425226
11.305715675006454 11.981378100837839 13.827433804590115 16.31225112119679 18.14578600491037 17.8102788342338 15.240974740563786 11.839161827849107 8.774984034969378 6.424093683557882 4.739037760449923 3.566164558883265 2.763260068233117 2.22361242927635 1.8723264021096082 1.657935804379576 1.5452763825156 1.5104469272673346 1.5374877164575922 1.6162910153945425 1.7413804297878979 1.911330988595746 2.1287094645756732 2.40049535367299 2.7390067628037427 3.1634063619652393 3.7018953306162308 4.39470539538796 5.298070483337327 6.491201366075608 8.115265473662697 10.968370760811975 30.08752337330122 52.10715345438052 17.95668505695525 13.19766888024823 12.306496227452367 12.972105167421844 20.88628636666722 114.99963645312941 12.359080483423906 -6.2330707102311464 -49.3409401387298 -8.035470462718852 1.7333318725804925 3.7236472196578 4.167113819497186 4.159794110238346 3.9942765664197593 3.7703112703227504 3.5264176603544373 3.2773561179116903 3.0266893794430327 2.7708550491079205 2.4991624319754404 2.190278315752297 1.8057770574237486 1.3159206272724484 1.7195084378157648 250.48526465406513 -57.554352312402166 -10.397119760130153 -1.868054527846365 0.09586846268284765 0.7848532308919864 1.0856628518085172 1.236121772172034 1.3207676617118131 1.3759277745169314 1.4196412508581757 1.461932143134003 1.5085759725507994 1.5617902599601379 1.6178393308176562 1.6579874361049303 1.6198924986733019 1.3039770279687124 0.04998791267149816 -4.258166356430114 -13.823382656452738 -9.928092182104974 1.3096607885823524 4.540882349576442 4.423315058566429 3.681870216237747 3.0162769215039065 2.5202106698750417 2.1620451729235217 1.8993447115046769 1.6988494802072325 1.5364006495323572 1.393944119808129 1.2571992560510195 1.1153671807511192 0.9670246540916665 0.8527673516971224 1.0441473995109056 3.740268114698769 38.9118960054344 38.38603551300342 406.6572229517724 38.40182729256433 7.775495346625849 15.159404127866638 7.429247654883418 3.1900953906962606 1.8868079561445918 1.493852689088144 1.3861444866867232 1.3768596905065722 1.4055850739616225 1.4511377128992287 1.5037169341134031 1.5516973837795047 1.565820740705413 1.459286499617782 0.9558851508881272 -0.9119545842255077 -7.669824758123501 -21.356107635405642 -7.992878418032451 4.21905298536057 6.536036928280724 5.726704719175225 4.526205574419606 3.579492690170331 2.9165609666789356 2.461128022410982 2.1445340077245545 1.9188995127709236 1.7519046371081586 1.6205128035919354 1.5059202131178333 1.3888858286372598 1.2434369502112608 1.0243974744076827 0.6350186276962524 -0.1777243360406846 -2.2615060154313795 -9.629393034776195 -38.61524315558428 210.18482990751636 0.5818445710553473 0.5648762122505064 1.3864417178240829 1.9356849983629165 2.3345881795939154 2.6610750303836954 2.95439018082316 3.2348709134540017 3.5129566882224266 3.7924060010778127 4.069869360598794 4.329872662456649 4.5284267342928874 4.5347933717565425 3.8475502728049076 -1.0390656445980642 -134.47043211681233 -3.6097605400009805 -1.30579731378163 -69.76945536775577 -6.712383212489794 6.912127370645752 9.959782711263314 12.191203942923218 17.876634005557925 49.14868405498179 29.23697791911728 11.170914989716385 8.202948265239305 6.51949115343977 5.300216633002608 4.387499711207545 3.6941979132311484 3.1599434148272376 2.742212632127678 2.4115074940719343 2.1479482921058333 1.9388555678356068 1.7771174195158939 1.6601955297141495 1.589677565047073 1.5713483630217098 1.6158263383955918 1.73990774957762 1.9688934460689724 2.3403504804367414 2.9099535945081936 3.760029284001333 5.0101951309567685 6.823468608473099 9.37955884614401 12.72973304100876 16.395460641672475 18.94444918175433 18.866319968360436 16.55967273064195 13.827041756517533 11.935685230525051
14.041717131301663 14.87000089570969 17.9262685678605 22.92835781379474 26.86304876073316 24.914602328714842 18.508782478907165 12.475106581028093 8.309493979957246 5.651163387403704 3.966526601667218 2.8898154039613315 2.1994155728092517 1.7625902771295487 1.498340964073384 1.3560529681791276 1.303543756035922 1.320338888779563 1.3938722526139133 1.5173906829700605 1.6889300536643583 1.911050950862025 2.191213521853132 2.5428040025624274 2.9869468757620354 3.555388299733917 4.294992701254956 5.274981071207831 6.599965507959219 8.441373610932157 11.178034714992165 17.017969092562964 56.31849996588985 27.517084319991454 13.070912492381844 9.645416736481168 7.248857308908554 3.861911144831957 -2.102231018405572 -9.145059056785712 -3.8058966102945693 17.35373456463821 43.43300659576632 17.476817945781082 8.811664360134237 6.222076843433567 5.070876721107664 4.370661474829945 3.840777249861284 3.376041195878304 2.9216920643608493 2.4335336293986223 1.8563119793448652 1.0957215456805391 -0.0498103915172361 -2.122821617444932 -7.186206224813978 -31.581640803623802 -71.41932496515179 -36.90449610880178 -15.87966798469861 -6.398882652708213 -2.870090127744231 -1.2958184156535164 -0.474761765266827 0.00437093003427913 0.3070412877005433 0.5091583951721854 0.6495077783275285 0.7497838618324495 0.8230693431872473 0.8777369650694622 0.9193835312856014 0.9518564079257505 0.9778310686294447 0.9991512831054026 1.0170315895512183 1.032173324224065 1.0448165766120892 1.054741201247123 1.0612222987465487 1.0629435214002072 1.0578897292897056 1.0432615338261526 1.015541865414392 0.9709863324971946 0.9070887151490046 0.8259220539150356 0.7404438484907743 0.6840925041439208 0.7212219660417889 0.9510969015594098 1.491848341485277 2.4114235931762162 3.5280588865217473 4.173516542546044 3.7975009968415234 3.375660425000902 5.781966149826395 40.18061455361685 386.0870338646724 40.17808201598339 18.337552476281527 7.1034306373223055 3.775526263476692 2.41417065922578 1.7569724447276023 1.4089671782681834 1.2130779240649325 1.0977162777262754 1.0275241361291692 0.9840276243412283 0.9570960539601828 0.9408954570741253 0.9318768712287572 0.9277356634130569 0.9268521234792146 0.9279800684196542 0.9300737607529634 0.9322033081073924 0.9335469916398349 0.933457164925144 0.9315976336017657 0.928119726295463 0.9238043359002077 0.9200665932932424 0.9187363590585367 0.9216238674366988 0.9299965955225811 0.9441450659718522 0.9631312665509371 0.9846313715068904 1.004573923157346 1.0159927135978808 1.0057821273234504 0.9454335359647074 0.7609119529147568 0.20830532218948639 -1.8943944162408826 -18.360147164548543 -44.93597510602927 150.8238095108191 5.465396796227178 2.5612975936485443 2.2773155713164863 2.3244144580283335 2.449566571616699 2.601752380556335 2.76619403710765 2.9358315185243313 3.1036179524285727 3.258316399188337 3.379164056310484 3.425658576601206 3.3151439091043033 2.870486585090519 1.7001140024308241 -0.9737088902843274 -5.385608435995787 -4.686015262463826 9.513758782106402 25.84792461307163 22.596482481634787 15.778123483881513 13.19697839675293 12.709345019975903 14.189596306115783 27.167252742802084 74.94534346736089 14.962230303325173 10.293502359211722 8.07952376069506 6.468788157057336 5.238991387935266 4.284760729924389 3.5338898643259857 2.934682303205707 2.4502163495863676 2.0544386940449395 1.7293968129972728 1.4633285144807895 1.2494088915100732 1.085018653323994 0.9714584644472788 0.9140916253117484 0.9229581516191522 1.0139744168509655 1.2109215931003172 1.5485303775007562 2.0770334067947895 2.8683497610425244 4.022776577275975 5.670223780712371 7.945490772011267 10.88501813935228 14.172457710138616 16.851514774710722 17.709677488386824 16.63035131461684 14.92694594982304
14.65628726472459 15.857218258457333 20.722999433837884 32.66476875360988 47.206039159857575 38.58958455480147 20.434136051397267 10.993494358538825 6.501190232585535 4.152871247863699 2.821196640995034 2.0284710489969195 1.5495319092346616 1.2677383962094377 1.1180427973099272 1.0622561680570959 1.077407818516504 1.1499456042706109 1.2727905646417117 1.443939707652602 1.6660349569211703 1.9466661276536303 2.299376956614881 2.7455006520523857 3.317131091318725 4.061824687330704 5.0502201771227355 6.389303636399259 8.249192050521476 10.935333628400208 15.232026721831845 27.018814690092128 57.8620781854138 17.626128816468277 11.057285390229431 9.009411890298544 7.657852475814371 6.398491549217684 5.224363403525599 4.513767569394138 5.0619818457962165 7.47823028389919 10.58319092387001 11.513529022224935 9.861951412648095 7.656014687225293 5.8937048152041696 4.5396629160115465 3.2952432016101776 1.7492462490748717 -0.808826743616395 -5.515275816137366 -10.914945965330096 -7.348195562164518 1.895275650196652 8.450888286425855 15.629202081089849 46.4062750105515 20.93318108027669 -1.8925746622682862 -7.654036116602366 -6.430794556568315 -3.737206647345914 -1.8007436346580254 -0.6492985442914767 0.0183891107689933 0.4120668095090756 0.6499705070119847 0.7971847156342067 0.890336583026812 0.9507501470093587 0.9912867035128199 1.0199649284935446 1.0419360218171598 1.0605983820246156 1.078249383400188 1.0964779922830536 1.1164124909682567 1.1388808827662134 1.164521150116115 1.1938597648268492 1.227370467779116 1.2655181647903209 1.3087898740331942 1.3577102719951761 1.4128382324230035 1.4747470294843805 1.5440117444554544 1.6212851392040741 1.7076376913735534 1.8053165652547118 1.918354700734281 2.0500619411346443 2.192709681587458 2.318370058426804 2.419438124353526 2.6496348583397156 3.5993093015609503 7.476915482477757 42.055077798389696 365.7262406749602 42.031919849525565 16.85950581633849 7.162723116482103 4.153693370609564 2.8221153021534393 2.109811223071211 1.6934785049718637 1.4413799827694909 1.287295641162595 1.193617353617009 1.1376436544860575 1.10527284130516 1.0876461459801798 1.079205123718015 1.0765104176111653 1.0774990107477953 1.0810047164776106 1.08644180433854 1.0935920599831146 1.1024587560269585 1.113164618880201 1.1258805424561857 1.1407772719794407 1.157998329311948 1.1776560962164573 1.1998580933103336 1.2247728527106996 1.2527494154835392 1.2845056348939967 1.3214090854067426 1.3658983446430022 1.4221693824347361 1.4974690581276413 1.6049724047050293 1.771277400306563 2.0596058999431053 2.6614501538187234 4.447829719233241 17.9180568935744 47.90674208620092 68.64793913067452 5.570274970123757 3.327477189636191 2.810120276275746 2.6704369619674884 2.668358609970686 2.731425502838618 2.830753603079967 2.9519587945087746 3.085558425843093 3.22243602425586 3.3502699823226307 3.4489290255293374 3.4828819069253996 3.3883432328156617 3.0566481176626823 2.349212979852114 1.354311147876749 1.4248465316427374 5.449851112026458 11.8024653803633 14.235013497856492 13.298855108864009 12.243463395811279 11.907298699270704 12.504495485581995 16.809338511770704 94.62435169994686 21.704164604390936 12.795271857226817 9.935865290294371 7.875220610770709 6.282577558527879 5.030610551131049 4.033194524315681 3.228189291631197 2.570605814088803 2.0279858588302146 1.577136149393793 1.2018727343209574 0.8915086225658047 0.639887841758997 0.4448414521241586 0.3079980679683485 0.23493046384138883 0.2356591854470803 0.3255755829669355 0.5268775286659428 0.8706114959041575 1.3992961097841043 2.1696104278440824 3.2531371637510675 4.729275632652909 6.656386308032955 8.997899629428453 11.496794611129614 13.601894052465074 14.712763268327638 14.783021046792719
10.556605170721966 10.455955798899907 12.155864284455058 26.423446239798515 96.94663736251624 80.55173053331252 12.702271492720296 5.335881370048625 3.0421853418693026 1.9749901675861097 1.3902130050532278 1.0520639529385911 0.8620521119838953 0.7712614162739082 0.7526887806616336 0.7907074930555864 0.876530042342075 1.0061588170720066 1.1795581251123024 1.4005652190779971 1.6773816959532324 2.023658594943466 2.4603213573296223 3.0184393560764167 3.743697164605085 4.70351789340509 5.999035155859712 7.787316396874706 10.330209501325907 14.138039853515977 20.7637942969099 47.305456916348554 32.75734153001655 13.552369524647828 10.192477058065418 8.900898879683972 8.05623160831889 7.356941759317039 6.758252156894301 6.282678633046535 5.967152680431042 5.822376473466225 5.782588164063443 5.683325329138363 5.317960347511736 4.5123126191368215 3.0489998333179864 0.4021946696567902 -3.6072257052804817 -1.0664853269955152 11.3389102895906 10.67508814169621 6.67198354112224 4.6795702537054025 3.8573311914574133 3.7165214495243957 4.386509658996038 6.972024080721992 14.180591900746446 14.16653701089514 -5.197859655371385 -7.695345416490515 -3.617706367768207 -1.232289707867329 -0.10978198279421125 0.437717803212452 0.7208327542614799 0.8740391966461453 0.9594553684889455 1.0080299249540885 1.036281417059556 1.0535681001005612 1.065468007416646 1.075453798820618 1.08576971429233 1.0979154488669423 1.112926986150907 1.1315491180352626 1.154348792183605 1.1817968086027382 1.214333519666687 1.2524274695872915 1.296632613349048 1.3476466438725885 1.406367082401954 1.4739369339537647 1.5517547048154068 1.6413980577101674 1.7443645402366548 1.8614626586955412 1.991630051921321 2.130054814947482 2.2662455473664758 2.3853848081883213 2.482374823988731 2.604816208200133 2.946589189219012 4.101496595771171 8.352827918694809 44.03531980256574 345.441082110889 43.98998441888256 17.964151851499413 7.760039725795219 4.566923654272898 3.1363099699366086 2.3578105868323056 1.8951967489007564 1.611409001075674 1.4358886033027558 1.3272197950016884 1.2597831948602434 1.217532248615474 1.1904768222669044 1.1725053823615026 1.1599911459757588 1.150892393415924 1.1441717238256202 1.1394221951956398 1.136627358431328 1.1360078357546637 1.1379244069591612 1.1428181567303524 1.1511765597394452 1.1635195067411679 1.1804036485813971 1.2024477735169214 1.2303876704789656 1.2651763316450653 1.3081603330373084 1.3613900605157359 1.428180627389883 1.5141788750663912 1.6295497887909183 1.793923324824423 2.0490977138778046 2.4975289671181073 3.4494949743966576 6.235749599801396 22.037187165954727 65.55944917596348 10.029270082415367 4.7686810901969015 3.3827885879886104 2.905668351575428 2.733318801790875 2.6935719167439567 2.7227387211531617 2.792784817881402 2.889473975459281 3.004205075889794 3.130153493446328 3.2596816135204003 3.3816653779114256 3.4777935918026555 3.5172252313438372 3.4514419667379235 3.2249369477058245 2.8731326031495854 2.8779764970332415 4.461686083044592 7.743113044922827 10.163003812026803 10.725368544182194 10.630432454355574 10.677465574382637 11.169119063158167 13.13170853202881 31.06543746082921 44.80940934837065 15.803963680987227 12.083808353765857 9.511725595034086 7.512255220869353 5.929276429517491 4.659042101524096 3.6269680743897537 2.779228057880306 2.0769176304958643 1.4919354699582574 1.0041733004778706 0.5996430182370034 0.26924995123560047 0.008014681670877821 -0.18537682619613594 -0.30875959215619597 -0.3564405030006551 -0.3189179935881744 -0.1823701665171884 0.0720620394176783 0.46906619814579736 1.03961139813752 1.819986126337361 2.8469676055335325 4.14436892221865 5.694182343292066 7.389973942092197 8.994897487615244 10.173456933212679 10.667921481496084
5.93556256841413 3.872166002903967 -0.8490350740616561 -15.648547403100663 -55.474269343924966 -88.81798891389877 -19.555533430294762 -4.664830345009579 -1.6033419999166045 -0.5864864768968169 -0.162691082196173 0.051341430308544767 0.18885351190665844 0.3040060170465567 0.42144040561950913 0.5538996652762216 0.7095167652762484 0.8953129258684738 1.1192463480786776 1.3917929254959902 1.7275667846584972 2.1473460527443557 2.6808904409948173 3.371094706225126 4.280387150746888 5.501114229654633 7.173782637078066 9.52327797439417 12.9442134292695 18.270187990537394 28.75516087572502 70.6658385628318 19.53279030595782 11.375095990658746 9.323918292463029 8.356223644497373 7.679075544809426 7.119952074197252 6.638207270106282 6.221383750528415 5.8576416812056955 5.525842888943582 5.191695999359392 4.808712764415066 4.324825817138637 3.7150112726634994 3.173951115582132 3.530531895079612 4.679477593955694 4.6243573975280245 3.915427550922139 3.3496735549012877 2.987809099500515 2.770023321080038 2.6764022294627217 2.755404031860772 3.2089243831299434 4.753116226269311 9.89213811900241 16.98865201879487 -4.1218864995536215 -8.31562223624188 -3.20403890141041 -0.7997397739989598 0.18893187722319293 0.6311146717963445 0.8447203610898997 0.9528714548469339 1.0086991449061355 1.0375217883029482 1.0524604237277848 1.0608117017746412 1.0668836087635611 1.073352725715092 1.0819571686913232 1.093870748627737 1.1099173715476172 1.130702249397091 1.1566999002905058 1.1883201426311285 1.2259650930526373 1.2700846585991983 1.3212359036253343 1.3801487212573371 1.4477974695831968 1.5254715851960894 1.6148251576459651 1.7178560241022913 1.8367126567654029 1.9731345185771851 2.1272286137211927 2.2953360566484062 2.4675615460051588 2.6285176693280756 2.7712260820365313 2.9410107135540606 3.333279310313948 4.56049626655317 8.973616619885952 46.15583427477628 325.0024144771812 46.08774059561867 19.949071123038717 8.70794747866466 5.142352500281554 3.522413921944237 2.631532146463388 2.0992643903115087 1.7720813171085692 1.5691145849709796 1.4421826985415875 1.361419674193319 1.3082892395000085 1.2714536521853352 1.2441448870536436 1.222469575021107 1.2043227615142722 1.18869931141429 1.1752615877107317 1.1640709193886178 1.155422465438403 1.1497458930219189 1.1475484983555664 1.1493868760636958 1.1558602532533113 1.1676227189810047 1.1854165637946652 1.210133981281654 1.2429223469299358 1.2853637916046057 1.3397889709777615 1.4098503196827368 1.5016311128007194 1.6259527746662328 1.8036363030971139 2.0789891164347045 2.5602020837191897 3.5700061361584163 6.431434225865813 20.538450773836892 57.23440225272594 -17.819226188981457 3.900402632872849 3.2125694203836064 2.830700981873465 2.671037634583157 2.624454097161875 2.6406179658097413 2.695525897266866 2.776731248252651 2.8769806852906177 2.991081258908869 3.1139021419040516 3.2385234032321972 3.3538851500832023 3.4415442128799074 3.4724796956995627 3.4117653324203663 3.2652954286030837 3.2537377685028996 4.030131021033973 5.966382150786981 7.891857725961193 8.813419951999503 9.13950440071286 9.420090905509003 9.923349639820577 11.114621437513962 16.743589857512294 180.30883628037063 19.787721243902432 14.51999572501628 11.361056406212272 8.906729453375796 6.962144613089641 5.398426881426044 4.124234181334633 3.075175438413056 2.205635023474585 1.4830382295413118 0.8839995101873668 0.39179695885000876 -0.005266337818149669 -0.31492110860906675 -0.5416048127644536 -0.6868631640830921 -0.7495461019492601 -0.7258410423723378 -0.6091873130416526 -0.39014745603908607 -0.05639246601159653 0.4068606036068509 1.0152765185795953 1.7814195723439912 2.7062982079041316 3.763976509457365 4.878670350840354 5.901095103160535 6.6030949204016665 6.709368720224155
2.950895023716473 0.47223818313921306 -4.538345259204365 -14.288361127370585 -28.50030763805608 -41.42590209293125 -32.45958503774132 -13.420532053363216 -6.006813764616716 -3.0263477040017572 -1.6239364262692648 -0.8718588632279384 -0.4165997029081977 -0.10339186429217895 0.14338653954209502 0.3646849350876036 0.5856072730159774 0.8243966634236171 1.0973654350763837 1.4221781205844715 1.8206580935240249 2.3218459519017642 2.9659621424335176 3.8101160771247145 4.937170726814591 6.470624838970914 8.602392442947725 11.651998931494592 16.21061683460939 23.62328807754234 42.51010395423821 41.50109250681149 13.848918904465943 9.700895071432386 8.319180708980301 7.5704213069248905 7.025670715553417 6.57924190310694 6.199582895088601 5.872027735423927 5.58373607363677 5.319835437191674 5.062845735433649 4.790312867993283 4.4634952188050505 4.0146951011256515 3.4354750525606494 2.992768604399637 2.871898257492547 2.8434411849139565 2.7647732460675503 2.6495810300965905 2.532929283064303 2.4407638693672586 2.401578881290701 2.4736773715744116 2.820906267959566 4.002002783688475 8.174663917712572 17.205976972485193 -3.4210186495527033 -8.580022973137098 -2.9224169262981814 -0.5817628138743243 0.3159577656070838 0.700129733747952 0.8789459762522185 0.9658615864441515 1.00838782903404 1.0287530073734046 1.038360847978118 1.0435344843417225 1.0480218985344365 1.0541771769414094 1.0635558186181022 1.0772332218152993 1.0959857653026441 1.1204022188572353 1.1509592995762161 1.1880805636744727 1.2321897988805213 1.2837658321842962 1.343403645229556 1.4118856259300798 1.4902637054950105 1.5799489630833035 1.68279495533261 1.8011363967417147 1.9376954465267398 2.0951750228317554 2.2752210360112635 2.476365136865699 2.6910803953279934 2.90467833724219 3.1056690766528776 3.3276145916656845 3.754321289914371 5.005237838856709 12.399315311023424 48.462583543659406 304.0828552179522 48.372427910102545 12.360353844740375 10.043213169855733 5.923797922954082 4.014942624844926 2.9554703699744778 2.322817139439174 1.9360913212258888 1.697457463484494 1.5481903353664703 1.4521643151939887 1.3873230255031825 1.3404663258201528 1.303916446699551 1.2733897026930918 1.246656746035997 1.222711983237105 1.2012656251245666 1.1824370405749174 1.1665724673468134 1.1541394509939877 1.1456694020181772 1.1417317782727847 1.1429311927858907 1.1499243740688205 1.1634586703953111 1.1844390329341845 1.2140387228190552 1.253884084082722 1.306373728284986 1.3752590339707784 1.466767838116227 1.5919496676831961 1.7720381213554948 2.052210800196807 2.5427038641859365 3.5708592335937226 6.45571611802391 19.898042385720405 48.86041508664039 -29.554905577716305 3.089310064293328 2.9756165970440804 2.699015400111804 2.5657916470605384 2.522894295255227 2.5337675433686973 2.5791082958264275 2.648600109441549 2.7363331209984127 2.8383547711115087 2.951102992886126 3.070016232019699 3.187822825737424 3.292144896758651 3.362758655187566 3.3727381571522135 3.3131682890608896 3.295477520486908 3.7190200524825627 4.959118246017982 6.446516241629963 7.390097810666692 7.877134367978245 8.267572219135204 8.773774212920374 9.641041379370943 12.17846362910992 41.9585089931877 28.5290420422618 17.266177630661897 13.414172760766315 10.43672864017799 8.094823690228711 6.2212649817907115 4.69816071607311 3.446139251169354 2.4114086149059064 1.556829025637044 0.8560695042735735 0.28984954765225646 -0.15640668583893524 -0.4939687176789388 -0.7315734522815067 -0.875796449554131 -0.9311795490192419 -0.9002342057110188 -0.7834214860913766 -0.5792130431429093 -0.2843806326206154 0.10524017070983444 0.5930843074856781 1.1785915185284477 1.8513403201697296 2.5815179733453055 3.3064161504180256 3.91490798910029 4.234712467919776 4.024514514079807
0.9486169674127072 -1.3720671855473583 -5.471661379542882 -11.972957035606173 -20.270571279545972 -27.395939745031924 -25.788365886776553 -15.838423952795724 -8.603750604443546 -4.790330858496068 -2.7624467077211943 -1.607508366675361 -0.8953480672231635 -0.4156106705153325 -0.05809148969509215 0.2397561858516286 0.5172235933269578 0.8026874119227057 1.1205967809033512 1.4961340262111151 1.959098515937566 2.5480053620709873 3.3153035061035134 4.334921357042725 5.714316295395089 7.615925499154199 10.300644318970559 14.225388451214151 20.265682866429717 30.603606461404677 75.7203990299095 21.234102282854717 10.657834636101764 8.279833897390859 7.3374419923745915 6.78081555577488 6.3690290504567795 6.034636159588713 5.752981550712361 5.509611611850418 5.291163107068269 5.08187513892454 4.857734576442042 4.570568240598845 4.127173128736985 3.4440408669728138 2.6958093590724532 2.300138710269077 2.288282542996013 2.3690086595754765 2.3945701042348766 2.3624786576458088 2.3043477324634787 2.2497165569580435 2.2295378846543876 2.298384457074926 2.6002526530676593 3.6224775934212983 7.327273732649479 16.996412269865644 -2.8366618845621048 -8.744795213000407 -2.8129521702130065 -0.5100477069249361 0.34404237107188895 0.7020917346791136 0.8659020021049155 0.94399760811742 0.9812307957298054 0.9984455153095642 1.0063216961327024 1.01080679875265 1.015463117671963 1.0225664204518086 1.0336559157853005 1.0498272621772038 1.0718986976263185 1.1005136850108652 1.1362117400123015 1.179485212769271 1.2308324620867732 1.2908141691933634 1.3601179871647957 1.4396358543024201 1.5305567300672676 1.634474979505811 1.7535073548442193 1.8903919968962704 2.0485000695461126 2.2315965256638037 2.4430162707657397 2.6837113697085697 2.9487736273910734 3.2240726826999433 3.4918983810262216 3.768974191211654 4.218410701108685 5.454548569046972 13.56188108478748 51.01663398269274 282.23783967745 50.90688411733846 13.512114805718735 11.930330405334242 7.014640311933167 4.664180327412564 3.3500404310400542 2.572098427442433 2.1038570133836845 1.8194306853016455 1.6435095725804425 1.530615126052329 1.4536495031051633 1.396834659813462 1.351271617310492 1.3121712925060578 1.2771543991383436 1.2452247186806495 1.2161589617670665 1.1901501896180833 1.1676036021731304 1.1490234315188956 1.1349551543075778 1.125962387706408 1.1226281734880301 1.1255766264146536 1.1355164104218844 1.1533131013327038 1.1801060098828073 1.2175004282907318 1.2678971148367475 1.335089179190794 1.4254166280720812 1.5501792564600323 1.7311703965712448 2.014927184609595 2.5154577290155826 3.572589984810297 6.555680512018639 20.222160154874228 42.22110858604754 -34.61386220521276 2.368251808404726 2.7265548428923743 2.5509824994255617 2.4474639070880166 2.411871225155501 2.420608566573014 2.459006103039114 2.5188676947640984 2.595544411281812 2.6861063987666878 2.7881214942740886 2.898578079431166 3.012559656063568 3.1213038229517496 3.2096066231754796 3.2548251752500987 3.239908404624666 3.2195304992939775 3.45589836149051 4.285020666549507 5.4333915248417775 6.296362063182055 6.8266366018828855 7.256205022929222 7.746305859021404 8.440993326310583 9.875613363542662 16.873022646590726 115.91645734744469 20.427863680196975 15.696967169351876 12.085271945135599 9.285497256771752 7.082140863007712 5.3102967722803305 3.865403553764631 2.681123407684921 1.7139009095207296 0.9334672958982768 0.3169715827118609 -0.154432638678919 -0.497284932751752 -0.7264001579900285 -0.8548392223638118 -0.8936552811203206 -0.8516726620774026 -0.7354439262338391 -0.549462285405076 -0.29670087943691703 0.020397566822135504 0.39825315514363246 0.8294342405672487 1.2983939728090148 1.7751322832638485 2.2064970571834333 2.505424820969175 2.538815342889287 2.1129791937612628
-0.6636322233525118 -2.776304452642265 -6.101148242392048 -10.74630852475406 -16.029794989232233 -19.899038678568697 -19.18676678257311 -14.150469843489187 -9.029322663567362 -5.540996642080813 -3.383917713776471 -2.04409622679173 -1.1786064090719066 -0.5863685559160325 -0.14948343207425818 0.2044202887342692 0.523509779884813 0.8439841699614408 1.1976594990783038 1.617369652835217 2.141647983258452 2.819761343113539 3.718210534857758 4.930397712762637 6.593002047433966 8.918069214705763 12.264324138348629 17.293201658259736 25.232763135291982 40.54666777955609 54.59861535960695 13.429322594077178 8.516938488772784 7.100053316554418 6.464516869470946 6.07464507746238 5.789863461595116 5.562764390941487 5.370398161747682 5.195487829993395 5.020541595921979 4.823205099476828 4.565998759149656 4.181447792391616 3.5890383322227235 2.8277661051629273 2.19591679695443 1.9610670592137547 2.011479286548444 2.112747471401886 2.1630996401967275 2.1602878099750558 2.129038021934835 2.0954210995456544 2.0887723822615354 2.1609171074499636 2.4470835058024396 3.4047648216175572 6.9120094119802395 16.870614498747805 -2.3185553173445754 -8.91864526684393 -2.857198248921918 -0.5437941194144771 0.30540453122378475 0.6596057493133123 0.8212165695992328 0.8981374169944091 0.934803370759555 0.9518600587132752 0.9599213702896824 0.9649433156494849 0.970538786730802 0.9790578966466105 0.9921277168993169 1.0109394906146996 1.036412002837835 1.0692935059816917 1.1102334766454518 1.1598414000907438 1.218743226700208 1.2876419702536104 1.367388331872598 1.459066636577272 1.5641010851852666 1.6843870877956881 1.8224483254087005 1.9816068499832624 2.1661159673100645 2.3811097568877773 2.632007633348186 2.9226238039359522 3.2509089287981294 3.6025509556396456 3.950269476342238 4.286288958530774 4.742303114981745 5.918580900855559 15.020849236421688 53.897756057049335 258.8670261334797 53.773547653506554 14.960167286610389 14.649381063628176 8.634875727435917 5.562601312106156 3.8391631276684213 2.8433003062274276 2.26283039927222 1.9212474110973705 1.7156877291961588 1.58627520791313 1.4986187094484213 1.433413203090865 1.3801984574646422 1.3336163005560775 1.2911860055262228 1.2520015849400892 1.215983278147143 1.183457278444767 1.1549268953569787 1.1309541295322836 1.1121050719768926 1.0989333134174422 1.0919884437519403 1.0918447217702827 1.0991512484640147 1.1147111229084863 1.1396059910734246 1.1753983910721293 1.224476916977604 1.2906800237053742 1.380504169328883 1.5056353482356157 1.6887809806051637 1.9787836097991156 2.4963101537759007 3.6049224939968165 6.789157621983233 21.50894536986828 36.946045871575386 -37.3837106513907 1.7526721403005259 2.4876227522740613 2.4017064076641947 2.3265874385440193 2.2990397530530977 2.306917769038959 2.3397924851280463 2.39144896072494 2.4584080034342985 2.538637701821351 2.6306166068416754 2.7324977171669937 2.8410590631422554 2.950069917848976 3.047762545237697 3.114377815311218 3.1277682892214824 3.1074333062313713 3.2290843018723603 3.786935209497549 4.672257726545427 5.427996886419365 5.950351536833776 6.384075282733563 6.848058405297621 7.433699567813114 8.380604270489151 11.20093841633956 62.155351056610854 25.034805899056227 18.2745513428956 13.883362554159103 10.505530990727355 7.9303059854471805 5.9096175478484545 4.292176162952582 2.989292502735567 1.9456419008224488 1.1231639853484383 0.4920782833089572 0.02623745459664273 -0.2986209572536709 -0.504924055698262 -0.612637458256998 -0.6386645358629423 -0.5966087334679261 -0.49696955656763575 -0.3477198648989833 -0.15520660910970208 0.07461772393133703 0.334534056464143 0.6137704485777804 0.8948154228931612 1.1490180346600483 1.3306883085806485 1.3694849847444073 1.1608489386510175 0.5538959764586329
-2.1059295691685525 -4.028924934211379 -6.717484013536977 -10.023449913256071 -13.249824081034799 -15.072120616766195 -14.290949768821235 -11.366949952754306 -8.025008213822336 -5.321345657159595 -3.402690687747436 -2.0917691338484947 -1.1917670531254068 -0.5554573852265398 -0.08202164611245466 0.2978611818587118 0.6347422074005968 0.9695850342473862 1.3404609792275082 1.7879357541685623 2.360140782171681 3.118493723918057 4.1453742180971265 5.556280832972711 7.5228284904408405 10.324238976571854 14.468690908121967 20.90556814235014 31.11370147897278 69.48325270907185 22.706875119568878 9.538293090453031 6.99612718131087 6.119003283164995 5.698133827367612 5.454256680313998 5.295483630544335 5.177955263486947 5.071305225229397 4.9497691690837025 4.789598692160175 4.563827615957711 4.231740410616237 3.7378015974263263 3.0651610539967162 2.3530872062707804 1.874667639494525 1.7440183109121112 1.816019931687494 1.917186521749993 1.9756270363573227 1.9885113007123363 1.9747168999767046 1.9567669386560347 1.962500910684408 2.0430475587908417 2.3327832510588267 3.28784738623979 6.795244343761141 17.00037953153869 -1.8866116084385993 -9.135943217733658 -3.0439877857090503 -0.668821400171729 0.20990418343025685 0.5789477716638642 0.7487621273171063 0.8305590473474391 0.8702948072293961 0.8894124684303508 0.8990022034304188 0.9053410967877813 0.9122815588993789 0.9223672303190338 0.9373913129974702 0.9586947904246851 0.9873381873066414 1.024210653682541 1.0701088304420658 1.1258031437145501 1.1921016924295278 1.2699193698875124 1.3603585460918122 1.464808184486455 1.585070383891872 1.7235249332406881 1.8833433860476374 2.068757907800615 2.285359080131529 2.5402943308621992 2.8419550146235877 3.1980901433856106 3.6102631356637334 4.062748987085731 4.512121785898073 4.91182896747799 5.34707756158939 6.404790677750688 16.93372809691767 57.20364819044716 233.14805104946055 57.07454507415551 16.86255878127922 18.11855996160297 11.304809456114915 6.9023571011828535 4.441622095364547 3.101742923710101 2.369747359552946 1.9641006733577293 1.732972956887749 1.5940177013653092 1.5025536418722698 1.4347464155576013 1.3783978078199923 1.3277379916870178 1.2804480732158445 1.2359741106688846 1.1945962647632666 1.1569337483468245 1.1236959886015436 1.0955692024799046 1.0731761212594955 1.0570755431261818 1.04778565524929 1.0458252438247893 1.0517745338588798 1.0663639905031461 1.0906089390248797 1.126024995139591 1.1749935250380745 1.2414227491149075 1.3320315537549603 1.4590535968696596 1.6465108093323064 1.9466278217103894 2.490116502524129 3.678016219764699 7.193607922202677 24.029598466883144 32.67264184711437 -40.06583007969963 1.2657513450824123 2.2731039819184637 2.2581204174413996 2.206414789309659 2.185511318525438 2.1924414971480095 2.2203535929029288 2.264784427512833 2.3233189620921264 2.394733490281717 2.478294782630095 2.5731278550191545 2.6774040211672414 2.7869647968975646 2.8928496331552873 2.9776656434254254 3.0154117312704654 2.999064084935843 3.040117184147954 3.3966705119181713 4.068523876866354 4.716030175164286 5.210989782892122 5.63458472440966 6.070845134691297 6.580846795917584 7.280417263717629 8.733798629353858 16.660119966725517 56.496622058800426 21.148469288866224 15.948661333943726 11.774230255176922 8.729701037339936 6.444638887415878 4.678046866364893 3.2995513058048385 2.2314272439567135 1.4196838091608162 0.8208833587963269 0.3966582413153421 0.11236171700979236 -0.06244001234321517 -0.1532031438998549 -0.18015031808611492 -0.1586741139657487 -0.10023279809302776 -0.013518424797479334 0.09424322897465753 0.21588964926076726 0.34274786535688295 0.4627523297315561 0.5580629955459022 0.6019614240528853 0.5547870937383088 0.3587101953340278 -0.06866382227795542 -0.8409875156540242
-3.4119703489648123 -5.123343108045573 -7.213919018461244 -9.405824587459657 -11.117590926405704 -11.6486542001361 -10.69494644954328 -8.695237971843426 -6.43198835579517 -4.436050610863762 -2.8742481894816665 -1.7162036866949615 -0.8729761926435279 -0.2560047416225404 0.20757225471208418 0.5755780956567316 0.89574188043796 1.211142409856076 1.5653013350843197 2.0070266951872435 2.5954480367115105 3.4060176281798586 4.539098932241345 6.135399607431168 8.410838553105622 11.745949570380638 16.888383656181716 25.076825192633592 37.97378999353924 80.01204037171277 12.599872850496853 7.28624652808776 5.856316857296804 5.263825239748178 4.98561546833391 4.875907711788178 4.860813514871478 4.878247094565877 4.870289700610104 4.791342447723446 4.613513535426796 4.318855315585879 3.885927600102926 3.299394046166199 2.610336087375602 1.9917603029297961 1.6366291157778057 1.5655210041488576 1.6429168199200403 1.7402232000226565 1.8032383873055924 1.82774457794015 1.8279994890935376 1.8237547345885414 1.842240542058013 1.9362825487980526 2.2471841158450925 3.2578958389254944 6.966855543242914 17.496130693262188 -1.5963772770812703 -9.389308353536988 -3.377161537916903 -0.890904346880872 0.052501997657875554 0.4558133633826611 0.6447377100827512 0.7377884124507132 0.7844454326432755 0.8079907256379366 0.8205622929946352 0.8290864716999887 0.8378487624392452 0.8497001088687068 0.8666644506300067 0.890267230988363 0.9217292793201417 0.9620944848914554 1.0123252604098565 1.073384171800956 1.1463122520583968 1.2323124298565906 1.3328461476617939 1.4497538932395966 1.5854143041923723 1.7429628682528313 1.92659899273036 2.1420146267734297 2.3969565585746135 2.701821849949657 3.0697921952013263 3.514928506642065 4.044408541421586 4.639193739920575 5.226609764080407 5.693676203971254 6.059595594545102 10.235463969097829 19.58791868584303 61.025340801054284 203.92772283236968 60.90898324861551 19.507687027227675 10.158414016150294 16.470909500846734 9.155226418084425 5.074610303553317 3.1834912301280642 2.285867144748155 1.843783825111224 1.618667569744428 1.4974660303799157 1.4239483643103217 1.370132427065533 1.3229159784207152 1.277066789816912 1.231326388996634 1.186249501153448 1.1430586660014437 1.10308335279288 1.0675199433845768 1.0373571979510479 1.0133810149741795 0.9962145623354228 0.9863742561294717 0.9843359913744667 0.9906148422940668 1.0058687944622478 1.0310470667585945 1.0676212862093708 1.1179748661259836 1.1861080452191102 1.279014540286863 1.4096034229506542 1.6035490623009159 1.9174668237160546 2.49571404997288 3.7937489394486223 7.817323138391564 28.592139447352707 29.15374523921734 -44.387022220542384 0.973540117538406 2.104211176556793 2.1267531894262937 2.0869769386413015 2.067566854550062 2.0710402533576895 2.093058797021956 2.13055263269158 2.181994343329987 2.246817180212612 2.324916803187473 2.4162353884386434 2.520214959724181 2.6347175582642524 2.7536499283789144 2.862167237753673 2.9305851839639994 2.925658093560113 2.8984972809515206 3.07915706170314 3.5638599824935184 4.111159904442965 4.575704129607011 4.986769901869353 5.399139396020663 5.854876486502863 6.414837519533437 7.305050067049887 10.09227250720503 104.51307460573432 24.214109355599522 18.464747504154104 13.204023782795371 9.486204417734761 6.881304744521141 4.979429352389155 3.5710688268417314 2.5383970224322283 1.7989891024311229 1.2859048122089556 0.9421854173149731 0.7203527157924823 0.5827969332142664 0.501416896042993 0.4562945832483042 0.433803306648597 0.42460528048704993 0.4218117260008387 0.4193825388230965 0.41070845221923546 0.38725263904419693 0.33709856413019956 0.24324560056807498 0.08150327829405246 -0.18210811794470821 -0.5943439803258947 -1.2173897189754788 -2.128770039168389
-4.53814252697044 -5.973988252015149 -7.461273164405097 -8.708770079510256 -9.34114214022254 -9.094745702130869 -8.016095562781734 -6.4384476430171915 -4.7524963588742 -3.2211200389687225 -1.952955554492115 -0.95784803738449 -0.2017094752490728 0.36243284332704695 0.7817421149690658 1.1005354477295195 1.3615388085285494 1.6089139148827822 1.892046337029067 2.269760228077791 2.814994149534075 3.620547488452007 4.808263957798406 6.549827535488833 9.125260811424367 13.085607250793958 19.544388561942096 29.559148964554723 55.468070451791675 23.822655186489953 8.381968062786498 5.908932456715134 4.967990728937888 4.467946447966376 4.233539132449147 4.230408346458756 4.407112824652029 4.646948967780668 4.799831612095827 4.762478892608252 4.5178910011172055 4.09929186653618 3.541392926455887 2.8835938805712975 2.2180913991877116 1.6968491887818393 1.4301712317160211 1.3916529001141775 1.4677094234785 1.5612751614766411 1.628680121376138 1.6637608880183534 1.67694285615367 1.685957813256334 1.7186125262810579 1.8326544904999045 2.186830200422711 3.330466140335762 7.52478468236497 18.482935455689002 -1.5454874319058405 -9.626434757680485 -3.871000911693087 -1.235181417763553 -0.1876313085443284 0.27388236192812165 0.49601388010844705 0.6088598443456248 0.6678022005577577 0.6992717729093612 0.7171988866059353 0.7295897860006686 0.7414050939003571 0.7559231261216535 0.7754366135308911 0.8016416701845589 0.8358790504388703 0.8793026292708944 0.9330101041622848 0.9981537861441222 1.0760427838871904 1.16824701100764 1.2767161969223284 1.4039322486635704 1.5531215420167994 1.7285672039720161 1.9360816790826636 2.183723544175129 2.482844849631818 2.8494357502237047 3.305166477157276 3.875650420078211 4.578736358337582 5.389010534390765 6.1762273769055875 6.705141848757134 8.6414188925309 12.759261541916075 23.565775279874785 65.30870352664107 169.5444983368452 65.23844308879254 23.480384475065666 12.674792740139141 8.561336191321537 13.364955561645779 4.456327925498092 2.2558940820407987 1.5366707578903271 1.2735771023245253 1.1860694060472026 1.1690841429633312 1.1740084708932632 1.1774922349497894 1.1702132240733665 1.1507346482292 1.1214647542947533 1.0861410074414342 1.0484841033235905 1.011626982740238 0.9779775691338954 0.9492836292600086 0.9267689754348296 0.9112794487470439 0.903417053778222 0.9036607436099818 0.9124833151278655 0.9304805539835461 0.9585381753988195 0.9980800077237354 1.0514789585165425 1.1228006487605287 1.2192643959785883 1.35437706235262 1.555386904600195 1.883466330417638 2.498698209976466 3.928350669510629 8.698030706882315 37.55340087216588 26.013322018663175 -53.267495757820356 1.0947121288827402 2.0374679922678887 2.0238359226440945 1.9667266936334027 1.9326797729224423 1.9226999345108 1.9332566087278018 1.9621481907999376 2.0082782605456684 2.07112424622974 2.1505391355312065 2.2467468751736686 2.360271265074984 2.491375195918138 2.637996189153973 2.7895664831354785 2.912368290604749 2.935991034251529 2.8297510293751014 2.8114759412732013 3.1126160084847383 3.5736395885121057 4.015821351514219 4.419616365245778 4.815367238513581 5.2328166560226155 5.707350563518215 6.335193133748108 7.633778205262616 15.827866886152234 34.51580069665184 21.416006825763446 15.039396234287441 10.276967253662487 7.218507232192807 5.169444499673146 3.767256303660769 2.82509344763681 2.2167769494924725 1.8413485294085419 1.6169128920810976 1.4808945488113965 1.389290445979554 1.3137971444315384 1.237794258653475 1.1523296404479713 1.0527614668464162 0.9362250912081889 0.7998089339939873 0.6392166895002959 0.44768914087890543 0.2149970780434758 -0.07362326791131862 -0.43862565233435336 -0.9072483183350231 -1.5139753462112104 -2.298885056237728 -3.300629450546436
-5.4190214054370305 -6.506048006605512 -7.402859789626481 -7.893755025982749 -7.80891173085911 -7.1233282913066045 -5.977977032483469 -4.600208595582384 -3.1998596137859674 -1.9155121826938442 -0.8150682590006766 0.08136813271782617 0.7799023495557869 1.2996037492917258 1.6664463668990641 1.911681613864399 2.07263101358179 2.1948550361113575 2.335243899627864 2.565773835163794 2.977725982341826 3.6868377967204893 4.8433283599922285 6.6633237221924535 9.535024555770281 14.312166410842167 22.51909052654808 33.33044510516226 153.350852528499 11.070764635403421 6.394639592212952 5.109406776808022 4.359967845904581 3.780759950277111 3.372060407596507 3.2760114651424557 3.6462337412573538 4.366239124146991 4.945324582544904 4.991131298355851 4.564471583035102 3.9106785759783538 3.1887353117037316 2.478357946050035 1.86114520194664 1.4295115137600751 1.2248144030607593 1.202025159653152 1.2719997556750116 1.361020771475344 1.4321558081842767 1.47686923456638 1.5020263734180395 1.5238561718848784 1.5723188766048584 1.7153512834090123 2.1479321217011407 3.5616662789268934 8.780432723455704 20.091787519685724 -1.9167363474362666 -9.71416376684588 -4.525524743590156 -1.7468717405711702 -0.5547945201309419 -0.004176470333969284 0.2711832190215768 0.41670713371678997 0.49654405733279205 0.5421015156963418 0.5702312806210292 0.5906818732344035 0.6094144301164881 0.6302040931893829 0.6554956273354247 0.686925051853584 0.7256831302731968 0.7727915689177992 0.8293173403366919 0.8965370751612096 0.9760654358435837 1.0699688421378253 1.180894466054467 1.3122537321297636 1.4685128296395384 1.6556670567275678 1.8820198040273732 2.1594542723511463 2.5054542683935837 2.9460562485703194 3.519120668579894 4.2739018630814405 5.252276419571175 6.416894887815907 7.5095063567559235 8.31289653771272 11.414017571790524 17.099845442813887 30.233747860240257 69.12510063355796 127.5383526564022 69.16250615365693 30.155623568923065 17.012082842516804 11.33367001214757 8.242934997817198 -14.02678884186003 -3.2918548749092533 -1.073334899510392 -0.2881073148975659 0.11152397535304504 0.3817256993864091 0.587480829352212 0.7397395933191055 0.8404300662012738 0.8955706295621235 0.9154304187334632 0.9113676782762474 0.893406308895583 0.869278247770176 0.8444475943285462 0.8225470722420122 0.8058853071180363 0.7958836876658064 0.7934123361747771 0.7990410686223305 0.8132355474587804 0.8365319043634437 0.8697270314243332 0.9141344797779899 0.9719904533766967 1.0471792573351193 1.1466613567609756 1.2835684293029246 1.4846970211424562 1.8113721682253785 2.4297123191130314 3.9249747498349685 9.58111712434543 61.01455389160524 21.545330299339447 -56.784730663875564 2.547269163979509 2.28075917387865 2.0149502577746063 1.8468695557548498 1.7384220785017108 1.6733724602592859 1.6473688849500274 1.6588503808070667 1.705123906020487 1.7820164098223357 1.8852541486694494 2.0121582575935366 2.1629826113331427 2.341658415649168 2.55499827694213 2.8051912837233632 3.0574016342485075 3.1619155780153783 2.9080838290272553 2.5665739524384623 2.6631153855711434 3.065470663380641 3.5054333194286844 3.913661419669527 4.302635718120799 4.695229738831251 5.115221156439873 5.606735833637013 6.346257983854759 8.712107378846305 256.3123496290154 23.901407912872134 17.62099474731539 11.281603496321647 7.494811294024505 5.239714200514162 3.859597729417138 3.04693492663693 2.614076174700072 2.418417920684112 2.3492033561579233 2.326653153642711 2.299276839354595 2.2382144113186837 2.1305262347533827 1.973059718781892 1.7676280903535107 1.5175826716864054 1.2255414670969313 0.8919448002006733 0.5141356949987869 0.08575391179563635 -0.40363958687142887 -0.9685964459580663 -1.6270476482729705 -2.397851717651492 -3.294881810186139 -4.315143444219162
-6.000266091427724 -6.692400170626773 -7.058398128033865 -6.991324322484239 -6.464901706353791 -5.549490909824549 -4.379530882597944 -3.1002371570284026 -1.829740550432216 -0.6482899000390641 0.3952720794203266 1.272829379447675 1.9692962178239843 2.4795102818404433 2.8085500686075253 2.9736216025307725 3.0061289597500407 2.9535375447636216 2.8815144048991534 2.877026767223708 3.052604131292397 3.552276999455369 4.565804069011193 6.383289434709999 9.594014695700572 15.57816456534048 25.6363691954703 37.270936010908486 21.45235554537227 7.0711142930748565 5.476212960232965 4.761958928103409 4.172553700381763 3.550025969841398 2.828811659664414 2.0632729091896698 1.7569741774170424 3.0544041435233016 5.446305712769636 6.020549001866813 4.943484045936154 3.7235876776020507 2.7646528649729856 2.0336810255895843 1.4965662143910237 1.1547346629141408 0.9972275857958257 0.978024799472212 1.0337401099385757 1.1110528319993946 1.1789851653920929 1.2266404717470043 1.257038086548706 1.2848357615564594 1.344144203001233 1.5230788106470963 2.095798238249688 4.097070234047711 11.76997947678285 22.054512568251262 -3.08872773441178 -9.375961459198876 -5.213561610497241 -2.4550752576186077 -1.1180607929218567 -0.4533718106900684 -0.10349367544175103 0.0897413127796367 0.2014001352950356 0.2704525514981063 0.3187501146356404 0.3590486928110306 0.3986099386632828 0.4410418403871732 0.4875199107987255 0.5378359422565928 0.5913537856050856 0.6477843504862659 0.7076761552894846 0.7726015218821305 0.8451189875525972 0.9286518696717745 1.0274244479404713 1.146570411921111 1.2925106432944622 1.4737233758963528 1.7021225887181926 1.9954479616306458 2.3813598112258028 2.9041866621539034 3.634510583396264 4.675494143815701 6.13251491591492 5.952491454446658 8.055450630163953 11.330226170432127 16.731290779812763 26.25136220830257 43.53190211306443 66.40969365309155 74.1811130595543 66.61386753445353 43.516409197737055 26.174894417886684 16.66168168118348 11.274883282680753 8.01274226769684 5.920366457452564 1.8370382536202223 0.09832166770994188 -0.1970037334025987 -0.21875159495489882 -0.10589502004811102 0.09185312807145785 0.3064692569255172 0.48046511166901773 0.5922501574124119 0.6489619829431983 0.6684022453449803 0.6674055469706692 0.6580822829791542 0.6480292110621919 0.6416249185470755 0.6412382706901802 0.6480846197786173 0.6627749710712023 0.6856625894306722 0.7170765619201919 0.7575086292578255 0.8078070655531362 0.8694361682421554 0.9448946530295828 1.0384863332955614 1.1579223236672664 1.318124807086402 1.5518881949412024 1.9473697320970362 2.836269966697591 6.723233490825626 276.6536857338518 10.442144508328326 76.84691519134203 12.807441573790353 3.954143155277608 2.4246028890355715 1.706503749754298 1.2214778843487897 0.8946930996660782 0.7273633055925143 0.7109509577437797 0.8153256835189214 1.0008853591705507 1.2327288588924794 1.48901569400635 1.7644882100539594 2.0734361868892557 2.455986638025799 2.981787290650686 3.679717625114117 4.145701025769881 3.4111015693110485 2.265988495610051 2.126411379849399 2.5420833550454534 3.0199919083967077 3.45177140943805 3.8461883267163723 4.226111534857026 4.61155210443741 5.025553513192563 5.5269180279553085 6.45771310946221 13.631493318953778 25.348284053295675 21.00369389821409 12.818754654539426 7.791438753370903 5.189977769603093 3.821158088637161 3.158427007472441 2.9270515934924886 2.939295357669099 3.05636015776162 3.1804403931673053 3.2491407220461803 3.2284360788653412 3.105205600089545 2.8802889502999593 2.562508456698418 2.1638697074748716 1.6960272781869183 1.1679671802966665 0.5847521869229915 -0.05284206500316058 -0.747864752006828 -1.505733524968897 -2.331277059263768 -3.2234099725058183 -4.166518346846872 -5.1186810165383285
-6.257289532076252 -6.556696824316824 -6.491616006577239 -6.0473915905222295 -5.269783866427545 -4.2464386911813214 -3.076771268076916 -1.8487786273698017 -0.630645781602625 0.5262419515510597 1.5800563989791985 2.492734678658699 3.2285990197888674 3.7579164860421073 4.0637665165050265 4.149028880592583 4.040439483154882 3.7889267535239854 3.4684339770545076 3.176829915592344 3.0415092155807537 3.2316409297825013 3.9885495612549677 5.732593433193599 9.43745147654835 17.290412001940936 27.14843308313756 384.2987867981487 7.633774975526087 5.544933384579832 4.9705326052610825 4.548188449875285 4.137163854103827 3.680852786095536 3.1012361092984504 2.229072966469393 0.6708773551568665 -1.921761009307474 1.2432805089207406 12.437280979034524 6.467769367346448 3.18788095477066 2.0004447141789528 1.4120991477261873 1.052497754686045 0.8344652442399594 0.7274121721318072 0.702157041148951 0.7248714324748691 0.7642720790491464 0.7976423291735735 0.8123541445216471 0.8053542328180499 0.7853174585867815 0.7867805737032398 0.92867208990616 1.671307270144538 5.191420842548123 22.0429359660788 19.627707959309078 -5.894575140490668 -8.293443899911274 -5.320469237453835 -3.0599192772000388 -1.7921183745152116 -1.1091792546812342 -0.7455230128851299 -0.5568506336032141 -0.4598797844487562 -0.4004639502215112 -0.3401933831994437 -0.2526111305550631 -0.12428745042110778 0.04237009406119374 0.22834238871313772 0.40377758075493064 0.5410395715727359 0.6276883723986328 0.6698574344769823 0.6852315639546473 0.6933497313418231 0.7098464126855641 0.745509027188882 0.8079890516596475 0.9042736938056011 1.0432853593141718 1.2389672989913687 1.514975636217747 1.9131221242973342 2.509496472467912 2.4751865166803415 3.351077441652202 4.692292690664859 6.850419297295614 10.537605370844958 17.29201871083677 30.59915381048106 56.96008537858398 71.70910038436048 27.159297369793514 3.7562164999448133 27.2223358732802 72.02449102532911 57.023404871892055 30.582614512599665 17.27790539686455 10.529046017799596 6.845912814578968 4.6910820346360635 3.3528681517319345 2.479831322219246 1.5661893290378446 1.0007800747052586 0.7769862081768037 0.7712923157433309 0.8508604758488296 0.8592072915592626 0.7641586112672876 0.6382845364385306 0.5362061101751516 0.4703591413909427 0.4352715809184535 0.4229683118966985 0.42729209288293335 0.44414160335786534 0.4708690784954186 0.5057124843463777 0.5473738267804723 0.5946691693563244 0.6461193227776584 0.6992674163525731 0.7492854286942566 0.7858214170932092 0.7852715108734272 0.689907715256088 0.3430182261152259 -0.7616458418173964 -4.859132152134002 -28.293742392616466 -38.136096970732744 -7.098584092618174 -5.422487319604276 -42.230459745575665 -24.91069466939861 -6.223761197518651 -4.795290315391087 -4.418164970214825 -3.84778383293158 -3.0983050291496306 -2.3292502886520348 -1.6261174459158447 -1.0077655044427862 -0.46802728455620857 0.0015967645856305168 0.40880005112042994 0.7733472612964034 1.174985125601287 1.9437891323505658 4.325223364089375 9.338715851577705 6.131556815863608 1.483943127062906 1.2909937728865994 1.9405660372224358 2.536326372475219 3.0208911432657635 3.434982144060688 3.813217149340563 4.1781472944794 4.545446702954401 4.932149335587535 5.393268831863228 6.60991241276423 507.19017338568 23.628407427010266 15.35235108591707 8.246229675416398 5.01370134284039 3.6119171619074244 3.1083271193192585 3.093152841046259 3.330284115880679 3.6591759777232538 3.967041094453249 4.177140059698178 4.242090380614398 4.139519732533101 3.867965946482107 3.4415815326558894 2.883659735290117 2.220178029128107 1.4747445830649297 0.6657538126842256 -0.19413638975136555 -1.0964439524710898 -2.0334118377776202 -2.992680668213728 -3.950203860033377 -4.862479882084622 -5.661356427475628
-6.20077555731113 -6.15694587869137 -5.776753494881591 -5.099795885128721 -4.192592366984174 -3.128238358357244 -1.9713389560366144 -0.7728582071241967 0.4267975461973388 1.5906095520467227 2.6776511340670055 3.6389675829790593 4.41935205026257 4.9662292720603105 5.243491179691501 5.244256349719799 4.995949295688012 4.556013695940685 4.003601600219903 3.435934610214238 2.9765873135823373 2.802780124590944 3.216015935064563 4.863013964545663 9.445303340860052 19.813230942893092 22.261922247401355 7.342423964299319 4.95685794540894 4.782626385103429 4.4947344976959664 4.172411354835919 3.832362754981064 3.4664629801381412 3.0478588988742192 2.5128739946474328 1.6904728432578757 -0.01925180293334594 -5.975305466196769 -50.39401193401551 0.7536244332230453 -1.8556333485258512 -0.19512594531426242 0.2888402194708519 0.4195757082461271 0.4336618943717956 0.4111471306973584 0.3775235109119299 0.33432290604439885 0.2710773080770976 0.1701898284855301 0.007272544721300678 -0.25291195326631577 -0.6663662207175999 -1.3294673672079045 -2.413445360186201 -4.18829248899538 -6.4309259242354635 195.4692581538546 -14.137056320608663 -12.026064082342478 -7.803480538831224 -5.029994462595926 -3.679944278752608 -3.205738964011232 -3.1557432285038685 -3.156628751254829 -2.9674908133505986 -2.5655356365094466 -2.089309360785272 -1.6921811642221818 -1.467631716424889 -1.4673063273100135 -1.754972538774867 -2.473473240509167 -3.902969032688759 -5.806739215760331 3.211620339963023 27.829397630534476 0.6278708675395386 -1.7555426588202305 -1.4074253279914668 -0.9706562523254925 -0.6418877250866356 -0.39195478604920997 0.06920712639546867 0.12805011465263916 0.22354793842062004 0.3756474122366265 0.6198347638288608 1.0229231091258422 1.7199728848328597 3.0094430159087473 5.626258848104721 11.588100015202246 26.26118215476619 67.93312092330098 27.163230507918982 -6.379362239684258 -49.06071639382963 -92.33002600573579 -48.93543678006491 -6.338871268081592 27.017803053138167 65.57537404519128 26.27501422702155 11.620825913734173 5.646609108920577 3.0230674308106416 1.7301897661912284 1.0314241277746896 0.6275098081797575 0.3829794968260996 0.23079985661081037 0.13535790099815714 0.0766300879878265 -1.9223316504305474 -1.825236700152745 2.790809682514798 8.93123195951393 3.9035036836302126 0.7418276357089004 -0.0428951179135737 -0.1551080219346339 -0.10327593197903395 -0.017771641813699945 0.06635237599969046 0.13771434507160585 0.18890466876850898 0.20908502192782175 0.17817622270582878 0.05808393009067814 -0.22338189248400164 -0.801551091200746 -1.9183847337931579 -3.937396915099576 -7.081767602162122 -10.419755083344246 -11.860201258478327 -12.360441835103408 -16.005824147150584 -26.23616894646359 -37.94864601682049 -33.834764529928975 -20.225313285837764 -10.831840499549799 -6.004682160760643 -3.50065342690906 -2.1197806442582134 -1.3155684691830605 -0.8276925467517414 -0.5226579652170023 -0.3287693344588416 -0.21098035687121897 -0.165927499022406 -0.23473788590911004 -0.553588882321205 -1.5458765217761874 -4.849845959885156 -17.548573878561555 115.13217872621924 -4.001224918592247 -0.48034529060113673 1.1612935375294795 2.0386481841980717 2.6180132932898856 3.0651377590403683 3.4490455381539316 3.8021977960281754 4.139977456062909 4.465082248358621 4.7540018506091695 4.887348347861591 5.855715558488637 20.87915826541691 19.176692283722495 9.093361888859137 4.686579775058496 3.1604726515998744 2.827766211719709 3.048259294271702 3.5257737085465246 4.088223886171766 4.617688350463429 5.024385980763389 5.2392056929328295 5.2164341499859805 4.939261965673468 4.420883180745208 3.697910432435291 2.818486708784844 1.8305219361781582 0.7743601171106721 -0.3188607361072334 -1.4241596018656117 -2.5166947245288043 -3.564510061735196 -4.522124487135444 -5.328073725591975 -5.910223614993405
-5.871116423662366 -5.564429087499776 -4.978840106127011 -4.1735334480923045 -3.2096380737452903 -2.1389052057820144 -1.0002324567146414 0.17731956598457943 1.367717197898847 2.539775686875878 3.6498933638587747 4.638663226979102 5.4350007653264125 5.96989716398789 6.196548979023901 6.107118200964311 5.735874784991074 5.147326849394767 4.419004676559856 3.6325384867928667 2.8851236330410712 2.3392870582745604 2.36774588709359 4.00731572844025 10.300160670950927 21.74188873365629 -30.669894533378688 2.400291317042106 4.1873231590928 4.246189670800577 4.0194189659057304 3.7328580823840607 3.4271798062937475 3.1071924393594728 2.7643181754470634 2.376845180189981 1.8981774839881815 1.2198722408387321 0.05910962572647627 -2.0668738509675144 65.41326456290423 -23.207263380320875 -5.5818161375359345 -1.5652644398449769 -0.4117606258947577 -0.01573307418468084 0.10135526822741081 0.0819726706561309 -0.0309607586903351 -0.23628350524684222 -0.5604807985951505 -1.0603701070947535 -1.8388513985743071 -3.07863053664951 -5.104639174139253 -8.491055019699294 -14.313346585676587 -25.564998931457797 -44.65336594044216 -32.877874415445476 -22.03393392720129 -19.626892945330447 -14.73000513957157 -8.418651129575508 -4.263078172171626 -2.04205387880204 -0.9082386085547216 -0.3400356835805125 -0.0683941635191403 0.0428807997527203 0.06359544823880725 0.02994872356031464 -0.03944953023939157 -0.13561805305679786 -0.2550197988031562 -0.39664182009325377 -0.5574367089766121 -0.7184136582753755 -0.7930355826228204 -0.4303759866404855 -0.4921728366409205 -0.5947813202934141 -0.7094670961814603 -0.8411261067108391 -0.9969779981773736 -1.1879949085481614 -1.4315252858517964 -1.756409584875405 -2.213693162683057 -2.9010942504528385 -4.025139654424484 -6.0800648815305385 -10.424440344352776 -20.538949878625562 22.293352101799 -15.809643334474824 -17.697485297125944 -14.767751418093972 -22.043361592922263 -66.57976410794207 -225.58651608510638 -66.38473944318962 -22.019359431700995 -14.79752645467125 -17.792829755913232 -16.173405130996272 22.212852711568914 -20.61137969711364 -10.478783088089251 -6.114140298687371 -4.048904190559686 -2.9195832030289717 -2.2293827088127465 -1.7705789811736647 -1.4448597661808475 -1.2008634888438334 -1.0095709681763425 -0.8535280247782066 -0.7216980996782237 -0.6068218908427889 -0.5039794382640308 2.1168716951594995 7.686939408347561 5.211561165279885 -1.2777057975817563 -2.3110821538266393 -1.9020582184984112 -1.4957569807451756 -1.2731330205762346 -1.2187189660129643 -1.3062814168112171 -1.5124564521070651 -1.8040072330921486 -2.128638854323779 -2.4293057884287474 -2.6938567201137094 -3.019594684995247 -3.6607040766695462 -5.0936524775547625 -8.205128251708528 -14.333191790273794 -23.75789514138416 -223.95575220620796 -12.812262209609814 -5.812775495237223 -3.0238077189405232 -1.5936014659840576 -0.7767080897018837 -0.2759748780452682 0.0463913585020459 0.2610769346882865 0.4074190032691004 0.5087480050456099 0.5791168804872804 0.6255119890081715 0.6464093313558249 0.6246630919918167 0.5054394648524225 0.11825787252473285 -1.177901726704425 -3.3179850945388267 -72.42576628849392 -5.617868272647749 0.04863726018999853 1.5458226571728808 2.266024251584432 2.7465683129684444 3.1319976349982452 3.473279249687832 3.7890565273195476 4.077656389693354 4.297419873473972 4.215751202987387 2.4416033141645763 -25.417604208282107 22.62532055877148 10.730918614760547 4.153768469531025 2.3378186505977645 2.2111451526391326 2.715645795559583 3.4632456036674446 4.281892790296382 5.06747933274154 5.729179892531748 6.174207381317717 6.31721150336564 6.103596994443495 5.529799794738098 4.644465943247066 3.528995456479358 2.2710997939500714 0.9463510746289889 -0.38686093535983224 -1.6821810322079525 -2.895922788536855 -3.9787782135044374 -4.8727912061981655 -5.51649457315096 -5.8580525196778925
-5.326479358518956 -4.847470631224002 -4.14692445606555 -3.283074236919578 -2.3038530049345063 -1.2437088294328855 -0.12601711001569682 1.031104094067696 2.207228459825762 3.371522921913335 4.475904679559992 5.45278362440237 6.221783857767308 6.7075431598244055 6.863423329462054 6.6882621362281895 6.224563767808738 5.538921666634426 4.6978141466753645 3.754571556639295 2.7636116584984696 1.8583628823200304 1.5166771748904493 3.475601596445248 13.017367924700197 16.655789973428092 -31.12579595166242 2.540731263054294 3.8192613303006855 3.8220670356328172 3.613295164444531 3.358295646848584 3.0912298235474402 2.818964322452601 2.539385012426556 2.2449748237399314 1.9229267363779636 1.5578297209279133 1.1700817982180047 1.2041534292229166 6.935752593604331 19.63957284530261 -4.245466325354737 -2.5205045007411053 -0.9531164432095229 -0.3029907458899257 -0.06479013306882975 -0.025898324548158547 -0.10106610205668698 -0.2506027406106699 -0.445711690115705 -0.6487447627077039 -0.8018756543617882 -0.8338142135789539 -0.6996988428718316 -0.44699854705081066 -0.27222272541074055 -0.6437054444936776 -3.906520580463865 -324.09684032589337 -18.94313259295272 -70.32848068256729 -5.525610105730041 -1.1136124590673742 -0.10909368479991244 0.20626659731735653 0.2973054740622001 0.2954734953741973 0.24866022557987932 0.1769509312664903 0.08937402626069946 -0.010035105454315296 -0.11974993371908271 -0.23963975400299697 -0.3704098184573158 -0.5132085884054218 -0.6691016455964834 -0.68879393262747 -0.8494334717495684 -1.0332105234474915 -1.2478791149950468 -1.5046837888780908 -1.8203172357704291 -2.2202969570818407 -2.7450638312020126 -3.461595023285264 -4.486923578050882 -6.039352242939722 -8.559876667356274 -13.029773558537807 -21.898190332538224 -42.27837407998548 -104.62421169764494 -113.04486883189122 -42.89383863335952 -22.53304497321681 -14.858408238949474 -12.552661297312097 -15.889938509232314 -46.44603701580097 -404.629914441057 -46.38317790456551 -15.924727744303715 -12.633422067949775 -15.000247785237203 -22.778181130619636 -43.30234481320042 -112.54167534951371 -102.0880857418352 -42.220927097118135 -21.95728351032749 -13.100575625038662 -8.625221674442606 -6.097763693486621 -4.539721891110466 -3.5102018509439517 -2.790535082076977 -2.2633304238916554 -1.861339270965382 -1.543929812962818 -1.2854547560286511 -1.0691357373699728 -0.883674113762497 -0.7212844968648712 -0.3877590475941233 -0.44031617500048004 -0.5310989371821306 -0.6244355974198621 -0.6981090888431263 -0.7488195797607453 -0.7849634930878517 -0.8185143620469342 -0.86231801257728 -0.9327872580603931 -1.0567068809744782 -1.2829115109592364 -1.7044128074183988 -2.506594782922818 -4.069132345825931 -7.015403814952676 -9.924104536799875 17.25265252502 21.582173972294477 -0.6041288117801464 -1.3058028853267132 -0.760160895680881 -0.2775019433131096 0.06966762657605274 0.31679906294381377 0.49673263202112444 0.6316812932802173 0.7362206141399197 0.8202171887612428 0.8907161594426252 0.9530288962637461 1.0112773660022594 1.0686535482201853 1.128231879934121 1.1997838050037917 1.361045090575153 2.6322503530583603 50.50103257169597 -25.96180526169873 -1.5260812557668375 1.1916662606567208 2.035137191227947 2.505675781384065 2.8636007286333514 3.178120111536601 3.4691419126479905 3.732591242906928 3.9259139973882253 3.846618814088397 2.254890884637004 -32.450988630069354 18.370476286194936 13.690207271040933 3.304147126375944 0.9024009921783058 1.083250012710078 1.9907829924471732 3.0774967094297776 4.184814173409928 5.253318551033006 6.219738408030337 6.982162254903278 7.406062378911339 7.367176436627388 6.8111350953713945 5.785932585093097 4.419411909463156 2.8637322852247595 1.250500158813962 -0.32334341226655416 -1.7870896443519961 -3.0815499865024045 -4.149560747849411 -4.936626396079119 -5.4007989235331735 -5.5255039301615945
-4.629817538045668 -4.062599005130313 -3.314424889464786 -2.435760288601422 -1.4635039359234783 -0.4221199748062145 0.6719006866027559 1.8037616539506678 2.9530776267353525 4.086396184736451 5.15141591761063 6.0765622734821125 6.7802491804618885 7.190781859909194 7.269755317879424 7.025052103787582 6.503289929260349 5.765079664287882 4.857046720316826 3.7958434582329676 2.5850121354976037 1.3306160729459209 0.706198606336236 3.801623871934762 17.926065989465343 -10.100156921640671 -3.847530254565612 2.871376898337899 3.5414465449645656 3.4811079632386326 3.2869638217495423 3.062489890032838 2.832061311442415 2.601715796189949 2.3716392349710715 2.1397799564235545 1.9046196131287072 1.6739835843863642 1.5069232383383442 1.7385834287196147 4.152376582584898 10.694453281760197 2.297072655670874 -1.2938625202588252 -0.7594441362635749 -0.2498967291295322 -0.00020233017722134927 0.10102745103807453 0.1354918248653021 0.15586472251827344 0.19823781774496307 0.2830884685332187 0.4102523337042543 0.5568872957407591 0.683868836524347 0.7447021161529479 0.6766592205647672 0.31312306363087883 -1.2496547468643278 -18.40727289741399 -15.775665034183588 28.287465340433826 2.4556334851254875 1.0304421393302747 0.6782352387715509 0.5038018623887441 0.3745014995551563 0.25779639543222277 0.14268298714906225 0.024194602522992992 -0.10070655864933364 -0.23449058684890756 -0.3796316188518105 -0.5389353587033482 -0.6764604168464812 -0.8559344688696331 -1.06083028215043 -1.2982819625137736 -1.5783128271623472 -1.9152722806278775 -2.3301603151890893 -2.854521924197679 -3.537229708915259 -4.456816716204518 -5.744996605387739 -7.6339015489072795 -10.556107616575238 -15.366104028132558 -23.83436367896209 -39.59509952733515 -67.37347357636975 -83.56503350685398 -54.71986712301021 -31.515732858317936 -19.7616412065308 -13.69878108468378 -10.541155336265748 -9.30977010010471 -10.684679013758178 -25.494335774680422 -608.1638649453221 -25.58299587411897 -10.748372228526204 -9.404099499056155 -10.680332421501223 -13.90123303575054 -20.049607108455003 -31.879565111104927 -54.845609798859215 -82.23493684297824 -66.27517474898751 -39.32285167501204 -23.827721365763768 -15.436878273239646 -10.64623746589055 -7.725520401796469 -5.832913352732792 -4.539846823522105 -3.615392976382726 -2.928124529306443 -2.3995043746650837 -1.980579234827839 -1.6397187859170694 -1.3558550313625803 -1.1145922387869633 -0.9058808625568222 -0.7225774179328917 -0.7784905454732418 -0.7196097258858503 -0.6739212515872635 -0.6410100267642072 -0.6236307338429251 -0.628448399484626 -0.6678567020141637 -0.7641322331318172 -0.9586056850909006 -1.3324628492417152 -2.0554115865910028 -3.486962257149883 -6.113185447484606 -6.179898440331014 27.807300449704957 10.033611033966123 0.46329377588445464 -0.3078491751954857 -0.11756051077762031 0.13684696207346247 0.3473697717192141 0.512332855700333 0.6429066579950347 0.7490535148697044 0.8381616726613084 0.9156466820391252 0.9856605307082139 1.0516486814593127 1.1168012773531224 1.1845663634409265 1.2597502708383983 1.3524829831843395 1.498603520507332 1.9234895337028388 6.396627249976871 -50.945290744555024 -2.7177921550842052 1.2888177913738645 2.0011457625212357 2.3566005698142622 2.6374139430842742 2.899448363409078 3.1543091906141214 3.3943099928829765 3.5815786006389083 3.5660638546150696 2.534450878955586 -6.10252693419243 -13.66454795930386 17.51916013434273 1.9328933230240857 -1.6347680421133681 -0.8655757642466941 0.7285994594375724 2.310055416067578 3.764642338641342 5.130181953998912 6.4210150645540205 7.567855873073793 8.403438216297726 8.70561580233052 8.30845893383053 7.214938949266082 5.6040202021688845 3.72843820441879 1.8091380364684602 -0.0030979359523233274 -1.6136663916197092 -2.958080520986675 -3.986910107971724 -4.665654016959202 -4.982848903814089 -4.956216556785728
-3.8384744699364894 -3.2514651861785975 -2.501835954406198 -1.6341720346993531 -0.6803716897482429 0.33790856089540977 1.4046222055484765 2.5034326674177216 3.611073484945841 4.690848109975656 5.688374381028714 6.533159332839521 7.149461329876802 7.475792682146935 7.484884193969227 7.191352673289206 6.63964697738346 5.87694408214213 4.923352034573608 3.753269104558123 2.3167097332153106 0.7139924418848054 0.021345298664333434 6.099290953214913 19.28640735610738 -217.0957095394351 0.03611460795462931 2.9932770316113744 3.297438946268091 3.200812617695875 3.0217956677514644 2.824096318773032 2.624532553580466 2.427915219784395 2.235333850808025 2.047279849778976 1.8670629237078722 1.7104128345170535 1.6411261419826704 1.913892172534192 3.4321078615014606 6.509225626734025 3.202411148207201 -0.18110920702580025 -0.3303695708261225 -0.029853251577377282 0.18064887771759464 0.3061848920735367 0.39309952990339125 0.4713131872055287 0.5530548279865575 0.6367671075845602 0.7123314211588365 0.766701149105403 0.7872241496791959 0.7589519048975806 0.6478498740650465 0.3279951504217088 -0.8834050595644604 -10.679308094721836 -39.281786542751064 27.619259898820324 3.744160420725396 1.3608700354190018 0.7276947504965405 0.438373842912527 0.2487521226795749 0.09239345571832075 -0.05483727838824831 -0.2041039542552306 -0.3620175535973855 -0.5336302612270346 -0.7239745668581469 -0.9223103268955453 -1.1504267621148057 -1.4160605120337908 -1.7298848376333473 -2.1069053108191143 -2.5686572598448456 -3.1467668947267495 -3.8889054799106684 -4.869079919218086 -6.206029499363982 -8.097163124185009 -10.88249121969531 -15.16364328891767 -21.9996268764764 -33.03860286803333 -49.249026421336126 -62.84319307520839 -55.756123307800145 -38.2150136985393 -25.211396020445445 -17.343962414742705 -12.630640121687463 -9.74858329746496 -7.999517323442964 -7.090094400037071 -7.1767137097759885 -10.913656374118354 -731.4266427259989 -11.114429934362331 -7.25524157503432 -7.18765644749049 -8.131572504294915 -9.926052179737646 -12.865174200852591 -17.64251020377465 -25.545840045656448 -38.40177182430085 -55.22022744340431 -61.51134345235468 -48.386492479238015 -32.74750971212674 -21.973827351213746 -15.239229852089686 -10.992292697546095 -8.215156493139169 -6.322350171794385 -4.980135117100548 -3.99352901918967 -3.24470849104988 -2.6599849597027 -2.191773438668179 -1.8084509341910904 -1.4884630781804038 -1.2167869722619091 -0.9827420710450345 -0.7785961611111482 -0.5986541971128317 -0.7534348268959647 -0.6836795784035733 -0.6433514345297866 -0.6412299036026355 -0.6947741667513054 -0.8383713911255884 -1.1425182441165396 -1.7601118152358128 -3.0246882925756915 -5.331141408420841 -3.501895723432714 23.553208422894947 5.998968583250477 0.46752606861477997 -0.04459887117683348 0.08283515522317986 0.26769208812153145 0.4292074494358237 0.5622898020195589 0.6729241888769032 0.7672664125679136 0.8501203640002785 0.9251001379452839 0.9950066442430959 1.062157044587366 1.1286577900559172 1.1966780528431735 1.268870653604411 1.3494333263015403 1.4481511655950716 1.6040212462817753 2.1834592889224353 221.14234755832274 0.730018073487116 1.8802647504163112 2.0836607232344653 2.2571365542402257 2.44056014678039 2.638145424921721 2.847373098649254 3.0586046396799977 3.243388348657686 3.303963721107767 2.7822613878294162 -1.408464085443676 -126.26339441926464 16.220247067275643 -0.13069642536360604 -6.361440739285144 -4.216178475912658 -1.2444945461484447 1.1674959044737445 3.079534102142068 4.7388745025604635 6.313899327497468 7.836257901171154 9.168209629229501 10.006600227292747 10.00702145073106 9.022640205245619 7.239929284511461 5.047253276563217 2.8065305801886486 0.7481619716573791 -1.0095672981318962 -2.409629227697903 -3.4244973931683926 -4.047579341068834 -4.295194109718301 -4.20682073983671
-2.997704856407988 -2.4409159363585804 -1.719317173889302 -0.8770882618979701 0.0524351534788029 1.0446585414491896 2.079690819322597 3.1370732915549326 4.189884649384865 5.199326521243467 6.111965662501248 6.862745346763603 7.386025298253882 7.632728631134045 7.585536772694731 7.26156244503108 6.697457388994378 5.921394454142876 4.921629276596206 3.625051266490935 1.9281989303510696 -0.02499376413112042 -0.29997896861304163 12.444257028870627 4.809330298801882 -15.719319835836085 1.5406567678743803 2.9643160590011144 3.0768984305529785 2.963715065037748 2.799641063153475 2.624747286678609 2.4506830727355213 2.281227829899902 2.1179035444006695 1.962647707017195 1.8213717019154605 1.7133753220705277 1.701784272253732 1.9933667309998446 3.1356869189277585 4.816787481641514 2.5875766341424544 0.16532440566297701 -0.06007574416981498 0.15692078842581303 0.33912583406529706 0.46161078750272033 0.5500344718641803 0.6209504749682582 0.6795835866071198 0.7245548102078117 0.7522031056243912 0.7589713606609598 0.7412056582954807 0.691236527042307 0.5838303952811037 0.3192193804472023 -0.6328385134419274 -7.46724362309721 -38.979986135700535 21.906657888874935 3.7068290648227245 1.2917599920485838 0.6025651273671812 0.2767435685521258 0.05850923745523712 -0.12491036381956257 -0.3011238497593611 -0.5371545555216649 -0.7141871905563768 -0.9168086084777958 -1.150788120968093 -1.4237659002431893 -1.746056832549565 -2.1318582998931195 -2.6011027744689796 -3.182365173353572 -3.917537679401497 -4.869533106278065 -6.135267176292205 -7.867879393617192 -10.314651442400839 -13.878304488400827 -19.195329153027274 -27.127224354410558 -38.12136322465201 -49.37309828418622 -51.82151689723552 -42.37368406239665 -30.481912371626905 -21.54838780968914 -15.645110305946215 -11.803506879936517 -9.264132471346471 -7.552563436404279 -6.381632717840854 -5.552448347115914 -4.736029046010885 -1.0680259155114449 -637.0041599886943 -1.3440445170494892 -4.822048432081109 -5.648573151216703 -6.50490686407365 -7.710656269104518 -9.463889519214021 -12.050396948950144 -15.936472968972256 -21.850140151395834 -30.662154741948193 -42.09651032615426 -50.80610125531806 -48.24089095039289 -37.49702677033045 -26.92265507868713 -19.20266565306141 -13.975518155153813 -10.444830364246918 -8.006219784015782 -6.271255158933845 -4.99885453465498 -4.038552577432129 -3.294576528459353 -2.7044895211701667 -2.2265870199801148 -1.8323616591157077 -1.501903485066707 -1.2210255481977281 -0.9794248541697934 -0.7694790863014417 -0.5854430582128084 -0.7838508341427812 -0.7370893948788062 -0.7455392738056839 -0.837884614576889 -1.0751390744969704 -1.5932208720325436 -2.694693333990119 -4.696722662935707 -1.6219246351452696 19.066448717631527 3.9079593015687113 0.2833532086287267 -0.013198477884886817 0.11766962543426374 0.28190189998277004 0.4254444169140905 0.5461065591292683 0.6490129494513219 0.7391112941203015 0.8201982124239133 0.895093684020854 0.965939160340489 1.0344399449675956 1.1020384174101785 1.1700246372327405 1.239548450469461 1.3112914458783393 1.3832440278718834 1.4329476772631748 1.1413413135942565 -61.79637120967216 6.2948510790461745 2.309478567468325 2.1053305691909756 2.158573302355155 2.275591519694962 2.422960702321901 2.5904018827931443 2.7700175480747005 2.9452124552621894 3.0630747351070475 2.900125636337275 1.0913040913785788 -16.541831251500877 2.0840090005302585 7852.808110958983 -15.896176046778109 -10.117372820832408 -4.019185323464608 -0.10864106912439553 2.4313342212093416 4.349078130905214 6.083144607765629 7.835079776946378 9.58243377893255 11.039145019362383 11.70146375779251 11.14517073856781 9.408184776277231 6.980735024805917 4.42112757116846 2.088489269666945 0.1406873165635304 -1.3745424220627254 -2.4545217472273566 -3.1167399467190755 -3.394418562418897 -3.335467885814838
-2.1378991044216087 -1.6443533915359378 -0.9683978278796448 -0.15934674477534527 0.7427949058864927 1.7064825532506744 2.7055431194990076 3.7145755663513795 4.703704897641349 5.634026240905463 6.455840442356642 7.1121686767736705 7.548753568206211 7.727956691069843 7.639295497864702 7.298183887243951 6.729209308623037 5.937126226970361 4.872667384786249 3.4081075447465397 1.3878844102377768 -0.9032568861754751 0.35931683485932275 23.1596319108016 -61.42381905769279 -3.487860548104778 2.172943973719664 2.862664837622952 2.876658180775701 2.7582941652275177 2.6084828106703872 2.45317450574274 2.300558366822382 2.1536548302699634 2.0142656277386877 1.8853221389537227 1.7744693283826631 1.7031954507378297 1.7336832015514725 2.0435936548862594 2.9937707188691363 3.9381055282893804 1.8888663589483041 0.14088338192753902 0.05193169685323529 0.26893102188641915 0.4390911561111779 0.5498295097667373 0.6233617518442385 0.6733485038662046 0.705215245151599 0.7204083439838704 0.7191934774596882 0.701617413757631 0.6667876847939387 0.6097431170114189 0.5109579844664628 0.29108414670403204 -0.4698221528472737 -5.610167696616072 -32.742794670740665 17.899642676203612 3.431692168708806 1.1219495339444945 0.42099720683376995 0.07349666164653412 -0.16957233145525297 -0.5000446015967509 -0.6711913044728756 -0.8675647507290213 -1.094707697104967 -1.3597877268765357 -1.672256772363976 -2.0448251437011655 -2.4949224040554054 -3.046926633899693 -3.735628928092363 -4.611713749846715 -5.750553563100697 -7.266399160801226 -9.334908053956532 -12.226392140821897 -16.343105071324402 -22.208788487789157 -30.19401774555337 -39.39488408455158 -45.613393329080765 -43.550605025337234 -35.086334475705264 -26.13725702385265 -19.266989160707794 -14.477338751454557 -11.195509543830763 -8.92376638147306 -7.320363929972165 -6.158141721548798 -5.266851159923986 -4.433779866602934 -2.9522976971569843 5.8035293102367405 -380.42629417212765 5.477945892425826 -3.0413015462886497 -4.525608461270515 -5.380053029361599 -6.298767030009019 -7.492741438867335 -9.13139497057163 -11.439132661896917 -14.74841166233781 -19.529962610225837 -26.288678818724918 -34.90055108249845 -42.78923358231761 -44.522004205863816 -38.577050470099636 -29.814982131776997 -22.12267779445969 -16.40415884070193 -12.350831650277446 -9.48161898466639 -7.416364771944371 -5.895271154018437 -4.747552898354025 -3.8611971840466026 -3.1618513912667465 -2.5992893552152347 -2.1389221557519944 -1.7564606823359 -1.4345178571245143 -1.1604097790161254 -0.9247077186724186 -0.7202684553781532 -0.5415750685242439 -0.8792441882987677 -0.9230066309943652 -1.1001049049009148 -1.5308361984909267 -2.4861222202623363 -4.210560506443786 -0.25384356792443796 15.785652296756389 2.5528052147919222 0.041438065437295 -0.08278778901742712 0.07301343946453565 0.23684082404107554 0.37659218161749886 0.4943742543794395 0.5959328792813745 0.6860329382879918 0.7681434441464039 0.8447609229592759 0.9177283190828698 0.9884624256471043 1.0580967506331598 1.1275346113197535 1.1973188157978871 1.2668223465213435 1.3298525769709928 1.3423451439050176 0.7443804720394311 -51.66141606540157 6.261913391129578 2.3208611018551633 2.0419368291655298 2.058103118303353 2.1451918254597517 2.2634723917522335 2.402103939335414 2.556079545098567 2.718136997785342 2.8659084599481024 2.908643424693536 2.3395590576061713 -2.9631149689417713 -34.44767248614452 9.58317439756907 -36.291167152944546 -20.94755259711363 -7.230578320407652 -0.7000075430060528 2.550710757856501 4.562922923634978 6.221147651459669 7.920576497790408 9.779485661325076 11.630208308137394 12.966090966066545 13.120917950251023 11.796598441275291 9.385008886839952 6.604330158958251 3.9955747558719046 1.803488994365201 0.09098540691442092 -1.1503871716162282 -1.9505446064399279 -2.348557865302944 -2.3923870763092614
-1.2748375934458152 -0.8636318557305864 -0.24302422720282346 0.5287666878861123 1.4015963904583892 2.334589977779621 3.2943195226436117 4.250829455590623 5.172745942768384 6.023076448044946 6.757711291280275 7.328576754362793 7.691926132866276 7.81897476774083 7.7025473353403635 7.35282289504797 6.778885497849749 5.9574973090973815 4.794129774819869 3.095195212585696 0.654530467533446 -1.911223856829178 3.5719453468006037 22.71162466100802 -89.54961006922501 -0.21955585978901593 2.401211196075782 2.7318635632803443 2.6946962393063707 2.577362868023794 2.440992478161244 2.30284905429163 2.168792477081462 2.0413244729843156 1.9224994476333561 1.81606513851539 1.7310812444481327 1.690909107403968 1.7578949943228812 2.092805353274935 2.9400201514969773 3.377964545046769 1.2227573095570552 -0.030707745933245434 0.07659152330596486 0.3283161395884864 0.4947056052673806 0.5921547249729147 0.6480689370193177 0.6774776085644729 0.6873724155101826 0.68115804584971 0.6609187592200136 0.6280668675123479 0.5828006445450166 0.521793245711039 0.4300058499992834 0.24424214849849868 -0.373608019173703 -4.417906702237971 -28.284956783165192 15.309681226671767 3.160533381779829 0.9278326344983459 0.21338607014780486 -0.4528793896998377 -0.6133289469168238 -0.7971971293097426 -1.0096367905271415 -1.2571700293714185 -1.5482024379065211 -1.8937718837588748 -2.3086513048846444 -2.8129936259340584 -3.4348181858424427 -4.213816630856798 -5.207231750316886 -6.498941896347018 -8.213222952314844 -10.534177759825646 -13.72739374856411 -18.141261467629153 -24.101381945465782 -31.459767857121758 -38.52193772734269 -41.49516330734182 -37.99573757294575 -30.71864067361908 -23.479130965315672 -17.798382445862664 -13.688366853392141 -10.770875776174687 -8.68827396171664 -7.178314355481101 -6.058443651322624 -5.193579247168428 -4.451397805892363 -3.583234616767947 -1.5926396138523855 10.786384094740585 -132.7666247896264 10.429126573782767 -1.6814832984315615 -3.668729828676664 -4.553400685931852 -5.317288627740245 -6.206769521380252 -7.353395205087349 -8.890987488386347 -10.998583017868825 -13.929080668057466 -18.017236739714043 -23.59171208163438 -30.561990290248545 -37.39224266880725 -40.54435677420535 -37.67107375951062 -30.977523321670724 -23.935866448535606 -18.160111340201205 -13.834876192984371 -10.677469145674586 -8.366012277740575 -6.648768201408503 -5.348454418767608 -4.344081895577842 -3.5533413329591825 -2.919733334128013 -2.4039158758945316 -1.978034209852101 -1.6220156254294307 -1.3211308791504037 -1.0643710974242264 -0.8433539250895421 -0.6515774131473067 -0.48390554911415795 -1.197012776867132 -1.5516930950517867 -2.3798731555774637 -3.8584974545600232 0.8137641963276288 13.468653064161376 1.5158198170836688 -0.23598602722108009 -0.2102330510399626 -0.01853907593599069 0.15596721267990854 0.3001042519653566 0.4207750970393648 0.5250504009829459 0.6180364851217834 0.7032407348865114 0.7831044041680437 0.859393565370941 0.9334577172062029 1.0063982737197077 1.079164058161987 1.1525188395555395 1.2264799586970878 1.296528415777313 1.3208735393814997 0.6315634163573787 -36.71505847705578 4.5981660646483515 2.164340867395555 1.9487082904911044 1.9633456136388654 2.038200325242417 2.140326939577979 2.260857945932116 2.3970316798613505 2.5470335707068656 2.705094461000974 2.8445186630120505 2.814885083506342 1.397786906441586 -27.781285439949006 33.12040249439007 -83.57633119903346 -42.85699218278395 -8.966450857077415 1.1472645936486856 4.370460709059895 5.938787200182571 7.16390775969909 8.502497191176339 10.114733486212597 11.926325291781698 13.548817550090138 14.303668821115984 13.625236098945823 11.59536367720634 8.872720999367152 6.126805320247245 3.7267829797711336 1.795591169962822 0.34405353570888164 -0.6513946533452029 -1.223934985370842 -1.414709041994624
-0.41238421198957953 -0.09154483745361147 0.4693590279312734 1.2018283743736218 2.0439248543593056 2.9444859970278694 3.8629698460035504 4.765989647770151 5.622331363208364 6.398480167154867 7.056696303413846 7.5572390189684615 7.864794538376714 7.956315790009922 7.824636011451664 7.4717023151284145 6.887698832050376 6.015450211811917 4.703524492796722 2.6733655348768703 -0.3339290890480999 -2.977678661797759 13.134504149303247 -2.4355764304383563 -12.614612211019757 1.1311843939560906 2.4452386263889494 2.5929877340961625 2.5293866597191625 2.4164317422912123 2.292707037007411 2.1699496669851626 2.0524408395068443 1.942364842425432 1.84206704394036 1.7560880948369815 1.6948904956843662 1.6839896709519597 1.787903524670886 2.1610283039346108 2.966173230814759 2.9433180947684043 0.5053344094877961 -0.2717618872472496 0.06626423438416396 0.36464996546900896 0.5284662716716164 0.6113956066899104 0.6494033074222165 0.6599703666327028 0.6514399475083954 0.6282763992828748 0.593339951428615 0.5485777962676355 0.4947489177428922 0.4297615311094405 0.34226468493517354 0.1820300541686839 -0.3266456960044337 -3.612818769817073 -25.940264468957487 13.802307682147411 2.965115820597081 0.7342329854016159 -0.5512313552329812 -0.7202678800950704 -0.9145931653868252 -1.1400051543591156 -1.4038351147338142 -1.7155047090741216 -2.087333608658823 -2.5357220406471703 -3.0828995740880782 -3.759534555203671 -4.608650884722117 -5.691499027193378 -7.096201352267957 -8.949783798484164 -11.432321950815446 -14.784211970158276 -19.272566679661537 -25.018950629744253 -31.50580582746862 -36.81787433160652 -38.03307212051632 -34.26215300834971 -27.957650278335464 -21.798222210591618 -16.858787940838386 -13.18151326266819 -10.501469865799965 -8.545013021204474 -7.100069351253513 -6.013858676927955 -5.174197869715312 -4.4857470918842 -3.8275522076128623 -2.9130732450722423 -0.5211917326261931 14.516742624640017 40.17745310562237 14.141108107515246 -0.607488140822246 -2.990701166333959 -3.917424190292632 -4.592614414094739 -5.300147479084978 -6.160172829774886 -7.267281496255786 -8.73205724910668 -10.703453039294583 -13.384712513077462 -17.03033329615626 -21.86837079139532 -27.805026382464874 -33.76003348223924 -37.232120578964235 -36.03412330305294 -31.004013190903493 -24.811991109454375 -19.25900388489017 -14.87179431436141 -11.564261408573417 -9.095864053668516 -7.24143560187981 -5.828834254901441 -4.735013173036177 -3.873813682708344 -3.184946140196579 -2.625854048524368 -2.166096203787297 -1.7835548916851758 -1.4618873977443332 -1.1888060774209712 -0.9549086016197414 -0.7528752237428364 -0.5769128866706845 -1.6408488378004331 -2.3596282494764313 -3.626249014906353 1.7365824356122666 11.815925199395235 0.5969732443368976 -0.5521717099278387 -0.3804990783344895 -0.14344468185287518 0.049880893499181234 0.20431477036988477 0.3321084350972732 0.4421780335556259 0.5403375411854819 0.6303870136249078 0.7149027699873279 0.7957393859610661 0.8743578169067796 0.9520725802128226 1.0302965312794572 1.110878040766353 1.1966407255429319 1.2915986820084666 1.386503917041389 0.8757014713610385 13.540978256760184 3.3800049253575812 2.006810107905194 1.8589523871409765 1.8771255410038732 1.944444459383512 2.035466549964595 2.1431724436392634 2.2660958027942733 2.4050675809424766 2.5619332730167566 2.7368349181043765 2.9085319246694326 2.815624671892376 -2.470127851234979 32.093027590350964 51.63518161046069 7762.9327455708935 -0.665990828939174 6.703159473509892 7.710454140203366 8.151019721828085 8.690449386923172 9.52832598790302 10.726406688699067 12.209651250042754 13.685498012817835 14.610210340194774 14.410112177470076 12.928824947644319 10.578426069507621 7.970020771881344 5.538416275400499 3.481769135289964 1.8595161204099533 0.6774945166540203 -0.07626367665719846 -0.42613138963176844
0.4530429242671563 0.6848595712339656 1.1860218954616124 1.8786289617186847 2.688975443072681 3.555926148657382 4.432868493091887 5.284559534954168 6.081519333386155 6.794676973586444 7.392515380404418 7.842134163029542 8.114026300820031 8.187775481421195 8.053332585281549 7.701735059357311 7.100417930001127 6.1501270171688915 4.6248283101272865 2.1266737813595755 -1.6747150107526858 -3.8510282210201723 32.79906944545966 -75.02269110957579 -3.555468479499667 1.723684059751061 2.4061401978983583 2.456139763232509 2.379468104341062 2.272661857483068 2.1608677070745337 2.052199295310678 1.949875797629543 1.8559436051440383 1.7731320700746287 1.7068807539553892 1.6693140311616783 1.6889824988202309 1.83599725094086 2.2717374230004275 3.101031319228472 2.5037075502866486 -0.41016832563502525 -0.541371208483894 0.06751697626300057 0.40854469957924355 0.5629268744938801 0.626926823405177 0.6451556853188756 0.6369236940002219 0.6111457829392122 0.5725902477770476 0.5242951403284769 0.4683501725379132 0.40583468103014747 0.33565159034194614 0.2495304004837464 0.1078430913747801 -0.31616761429117934 -3.053439709159205 -25.3762272355645 13.31727441387875 -0.48792191017802455 -0.6428799935576546 -0.8192910228421831 -1.0221799073729487 -1.2578229887320815 -1.5341555259628714 -1.861352334527591 -2.252663431763101 -2.7256272647623945 -3.303844956579444 -4.019586605946576 -4.917614862774266 -6.060719324898407 -7.5374102197618775 -9.471507505616625 -12.03039523949027 -15.419124569771629 -19.821721549797633 -25.20046467253131 -30.848852229564837 -34.94701673022238 -35.31901832484987 -31.714423485035905 -26.176053355254563 -20.746103603570404 -16.29278101996534 -12.896134051232561 -10.367370442331096 -8.488523405252787 -7.081159142219017 -6.012530511882128 -5.184834772213875 -4.520727396987619 -3.943583569369843 -3.3336845768897754 -2.369847367795566 0.34523454776131524 17.377639905340814 149.9040590836934 16.994201416674 0.26337794918923624 -2.438461772645735 -3.4107361655329527 -4.033597187324059 -4.625316922819561 -5.304770304912637 -6.148039337894699 -7.231624462819344 -8.651556712646821 -10.536771012008977 -13.057734461581553 -16.41670071895078 -20.775167526079706 -26.01982553587179 -31.286672292924685 -34.65786489977359 -34.27863847564112 -30.391550671812396 -24.993020416104663 -19.79275968248854 -15.489468835736258 -12.146634193683745 -9.603593442608172 -7.669868695573704 -6.186060925238465 -5.03249614696181 -4.122765991616144 -3.3951337757921274 -2.805360365374914 -2.321434570113786 -1.919882891605604 -1.583229490746572 -1.2982541263064933 -1.0547938905844725 -0.8449139886249892 -0.6623294897598052 -0.5019985359980011 -3.506664126626628 2.64807037950073 10.58738472113539 -0.34113962982331714 -0.9212116288292957 -0.5902270696556928 -0.29632679223347846 -0.07645967266412379 0.0934962569726252 0.23208213655706555 0.3506277314470292 0.45600263284706183 0.5525288269138375 0.643088269862929 0.7297774471017564 0.8143453333165297 0.8985818953894094 0.9848472941521047 1.0771490646563502 1.184045639190317 1.328552913437302 1.5915381173880039 2.0738650505804017 26.955068457845897 2.734683368905104 1.8980981394372427 1.7855280951556358 1.8014179022176509 1.8604061396128981 1.9413595252939309 2.038102655388389 2.1496250250943563 2.2777427928195153 2.4271724878957004 2.6075600598402953 2.8382225645907915 3.1306974026004464 2.4669600402728435 5.443325416381981 105.03647668858851 86.9201357475578 24.87945642154753 13.194800671726357 11.007348556240126 10.30840583358266 10.248879476302243 10.659031501304032 11.468951675226972 12.562420714905603 13.692292001568942 14.451719795627518 14.398950988114407 13.335060611709967 11.461464815911429 9.208279387747274 6.958700041386757 4.939021961655678 3.2545175585547734 1.9516692175677512 1.0522618329702254 0.5596095680436592
1.3273161926051045 1.480300377464418 1.926236769560695 2.580339795436866 3.358646545002756 4.191605511032643 5.028443204077698 5.833992591524888 6.581904967074941 7.247934697726004 7.805898284215163 8.227648362940227 8.486658649611057 8.562299157974305 8.439294615825235 8.09554901939788 7.471705493176052 6.4162799038058225 4.602908572300619 1.450550198376241 -3.518815766639113 -3.690846093936468 33.20280959170732 -112.5557756596484 -0.6819851233568226 1.9719184092202453 2.3310305989988906 2.32642576674209 2.244077479615617 2.144268218082555 2.043755924215669 1.9482232269997575 1.8602050047025784 1.7817907028046274 1.7162572617310783 1.6702103678374292 1.6580559774244579 1.7131763209514075 1.9175173523115099 2.463163308872029 3.433001938198327 1.8294046385390885 -1.7527852224803482 -0.7426347091112522 0.15133651288580507 0.4995772376822712 0.6233471304481675 0.6574701125726233 0.6504461755753994 0.6208193949927241 0.5766122466082075 0.5220178312552628 0.4597282820418258 0.39167558495949184 0.31907010560251586 0.24159585156011312 0.1535573412159136 0.0241642393817747 -0.33353793997865333 -2.655634029432827 -0.42069675329994116 -0.5641928367022581 -0.7252778610056189 -0.9081691899898007 -1.1181125172386208 -1.3616805302587567 -1.6471888791903204 -1.9852828911935418 -2.38977361783646 -2.878838540623981 -3.4767543588197523 -4.216397823355749 -5.142823563422209 -6.318247914702582 -7.828538131986295 -9.79023241137109 -12.353561825886832 -15.68698192739347 -19.905641295972835 -24.87216985860246 -29.828447497300402 -33.16477803188056 -33.218241730605875 -29.95369539040258 -25.036712210311055 -20.13058434042779 -16.008289470418983 -12.793094791489072 -10.354661274748107 -8.515801481808124 -7.122204023757815 -6.05507190573503 -5.225829846472532 -4.566581471965731 -4.018716650857554 -3.5147778509988723 -2.932185521918248 -1.9194252525030207 1.0600920839649168 19.609929014256338 219.26319468832955 19.22749255257327 0.9841849157420783 -1.9782245349979355 -2.9960057334110086 -3.5880347187483213 -4.102766004495835 -4.661910247206816 -5.332479499927065 -6.172579813485575 -7.249209545473894 -8.649161735545148 -10.487686503356414 -12.912233695563483 -16.087523135596413 -20.12432799230062 -24.879467696378093 -29.591360311502672 -32.68805224172149 -32.63085101291936 -29.453515743828923 -24.69500653815072 -19.876996225901998 -15.744352784990348 -12.45191176499031 -9.903121928884344 -7.941952189676827 -6.4252717856763155 -5.240338698430423 -4.303253626832416 -3.5528042555061767 -2.944442627696056 -2.4455446310467144 -2.0319568484612507 -1.6855587152433873 -1.3925609714203047 -1.1423200241147025 -0.9265089034511437 -0.7385337093243172 -0.5731191443811918 -0.42601078909767576 9.485141547633244 -1.4410495564698689 -1.3656607092313489 -0.8417612729497055 -0.4754352641803121 -0.2204762917592159 -0.029719837731072785 0.12320546738828086 0.2527781117348893 0.3673238702349556 0.4719366674560166 0.5699893738901349 0.663993259352333 0.7561983166176054 0.8492090529355547 0.9469981038857083 1.0573051340894675 1.199037702234361 1.4326944035560907 2.057230095376753 7.220857300981643 12.153022789951832 2.474331473803734 1.842547693325727 1.7325331751780864 1.7380488005030434 1.7860893856344497 1.856369831016114 1.9424637324251406 2.043146411902666 2.160263324888692 2.2990677059489735 2.4712086127741633 2.7042287919374326 3.06595241291018 3.453487347873181 -13.493516303678975 107.7085469767618 113.25845764997517 43.11398170794945 17.395625470011513 13.251019032224757 11.922657642555354 11.525946494757434 11.659481026371367 12.170947531867498 12.914197307422828 13.670445600965412 14.139265321182034 14.021698387343303 13.17416076214412 11.696657155374456 9.85240935258954 7.912711233992709 6.071240395250779 4.446444531644737 3.1145985058477557 2.131539489131568 1.5336909283067988
2.2142246432395796 2.3073752690715854 2.7080525883149464 3.327827711337865 4.07522546320424 4.875126675398575 5.675442611016043 6.443365377756083 7.156862608976753 7.796320957984415 8.339340136638027 8.75996527579851 9.031761275237589 9.131501063864953 9.037312029624895 8.713128823779215 8.070422188058874 6.896440507086871 4.73258468868325 0.6985989875191065 -6.08682245412995 0.4376291656092448 -5.818227504380587 -18.282062428035793 0.5970195035198747 2.0608072708259857 2.243416988947741 2.2068224779536987 2.1227737957865926 2.030173165669299 1.9402891732766423 1.857144623570878 1.7828882809676592 1.7198608853853272 1.6721587578928072 1.6480684376305317 1.6654871328760756 1.7660695631777519 2.0557198456745622 2.8091296039547418 4.211071814361052 0.04836700164469221 -3.6111533107899785 -0.5456650842321054 0.4422525362003509 0.6889994587592971 0.7365181464739182 0.7203528988477692 0.6782122437749429 0.622030507424232 0.5563210015987601 0.4834214995516306 0.4050279734096309 0.32257314856198394 0.2371803344236746 0.14907394667270035 0.054665467527616404 -0.0692641368503667 -0.3750955944744816 -0.4792930813980333 -0.6286343254879802 -0.7955275907116464 -0.9842217302584401 -1.2000334677349884 -1.4496492495235755 -1.74154022165515 -2.086540441014499 -2.498660972309458 -2.9962442348203746 -3.6036052635915814 -4.353355912929929 -5.289643735138679 -6.472486624730743 -7.983029030467919 -9.92828543199339 -12.440267827377275 -15.655134692491542 -19.639158185277637 -24.207970351021803 -28.63477470655096 -31.53522840058573 -31.571236435265043 -28.72469597347476 -24.339578821367358 -19.83525948750099 -15.946859651299604 -12.846153224110797 -10.453504160034473 -8.62489769815903 -7.224751849260399 -6.144480173087829 -5.301598672006295 -4.633414594787076 -4.08941925560062 -3.621685950473408 -3.167184437720943 -2.5988458245877752 -1.539034968116061 1.6593206040494204 21.37226077646395 264.4784906828432 20.998288671689387 1.5905276029282849 -1.5875473613340823 -2.6493247099680994 -3.2239902655145647 -3.686050690982108 -4.161698608002654 -4.71357445513132 -5.389272868109099 -6.238817178458068 -7.324026700061824 -8.725742420375541 -10.549478487490854 -12.925254975209958 -15.98774180528336 -19.803468957826745 -24.190577973121663 -28.4293164603016 -31.166936340114855 -31.13923201925384 -28.357850034010504 -24.077285940415543 -19.620335233825653 -15.70237582540539 -12.51931812252656 -10.018459439585172 -8.073144783387752 -6.556968716447244 -5.365985233092035 -4.42066948702027 -3.6618414447804915 -3.0457801974079213 -2.5400864569113772 -2.1205463072762045 -1.7688596473009712 -1.4710255544413997 -1.2162012102531652 -0.9958943757008842 -0.8033885253218775 -0.6333297781389499 -0.48142640319308794 -2.895218615278866 -1.9115633749937597 -1.1372607008079305 -0.678370431945885 -0.3788742744968595 -0.16199865454814588 0.00865063262639254 0.15161982658087048 0.27715757435778715 0.39141700745708674 0.4984831919778038 0.6015071286244327 0.7035431863360648 0.8085307403428982 0.9231330295548563 1.0614996880897059 1.2612298513104838 1.6571545931585359 3.085392509300803 42.0364548695963 7.438803270365069 2.4107235270171916 1.8286803389280761 1.6996182947709821 1.6879595062639874 1.7222488965691776 1.7807070771197866 1.855820668717443 1.9456611510246344 2.0515357704009074 2.178085737236754 2.3357914655786995 2.549024403232957 2.8789211739027487 3.383693395355567 -0.9145894265963346 68.95128864552306 134.93750429028756 49.761162458762655 18.903830811441136 14.32376848806683 12.909858972384272 12.434535868952866 12.433497867230262 12.73470906792744 13.18993430971262 13.613162996362183 13.78937382398388 13.534385076015782 12.77321409861118 11.570596785933374 10.082195238648705 8.475692995393878 6.88540407856812 5.411426617655573 4.137295123535425 3.140853608066666 2.488058344347695
3.1131112040021764 3.173731356684129 3.5453377152075998 4.138811258980725 4.85883574467493 5.628889752263933 6.399381158242428 7.142432332867821 7.84118797178359 8.479780772090669 9.037249179697994 9.486650869131978 9.798624028905419 9.945675083244192 9.899867032754148 9.613893534378956 8.974013720916494 7.708373524166031 5.2064889355561625 0.11440017606914576 -9.619335654221796 18.0931765808682 -47.412732894913525 -6.491503991824706 1.2411873255887833 2.079133584666709 2.1566137175733573 2.099584325417641 2.015541475667587 1.9297727975986088 1.8497223089071877 1.778252050045451 1.7173770732130698 1.6699503811173693 1.6413244173051977 1.6423799209923255 1.6967378294195083 1.8608704579652822 2.2893073289031265 3.4680206432304983 6.278034830395622 -8.304407189113384 -3.466164804340531 0.6709346641850411 1.0322954953714882 0.9879184779942177 0.8989666824149064 0.8099417689875283 0.7235400970285322 0.6369683150793879 0.5478712583931664 0.45513824086307064 0.35867033002077275 0.2589794015216651 0.15681101619581272 0.05257937200360119 -0.05579094371293247 -0.18493594872655594 -0.5234159707060424 -0.6783858812950708 -0.8507349768714081 -1.0446349547280183 -1.265337453100594 -1.519473495147801 -1.8154596187120982 -2.1640562688590994 -2.5791435453379092 -3.0788057753785147 -3.6868491775250005 -4.434909373099738 -5.365311993355972 -6.534751837461733 -8.018438152268725 -9.91306384722251 -12.333517262854235 -15.390261010299762 -19.119702050253782 -23.328549275921475 -27.363623017668466 -30.04612439553415 -30.24028378819217 -27.8551766175196 -23.954667043224255 -19.78333198071436 -16.068845338373485 -13.036998009635717 -10.656867450009564 -8.814486097389398 -7.390280306690776 -6.283696253145607 -5.416416682191595 -4.728631671235029 -4.173594908931516 -3.711452878944164 -3.30060936915004 -2.8799425494730784 -2.3173432654726573 -1.2128447508787457 2.1681483220382587 22.774070176053634 295.2304042212903 22.414805723791723 2.107290536167809 -1.2509239034241144 -2.3546824061360625 -2.9208613815988325 -3.346298918245668 -3.7622375853667287 -4.22944870219856 -4.7892936979591205 -5.481353787809736 -6.351943403248364 -7.460112965496819 -8.882817260389592 -10.718196327309908 -13.081718523047165 -16.081000225706617 -19.739226499654663 -23.82734193512037 -27.63337314906175 -29.958008045937177 -29.781579889397687 -27.183671044350984 -23.246974555915962 -19.112856946238328 -15.42759860026977 -12.391939847355417 -9.978422342322725 -8.083005362869422 -6.594669904712402 -5.418877729410379 -4.481572524459619 -3.726661646254387 -3.1121269577974537 -2.6064842795552368 -2.1859959916684337 -1.8326016393826614 -1.532419931577363 -1.2746742881043793 -1.0509223863012584 -0.854500702973124 -0.680120225990537 -0.5235683812126068 -2.5516074859268967 -1.459753244973686 -0.8910516434290355 -0.5403971192783594 -0.2940890907556073 -0.1037385168607029 0.05399369815408772 0.19164485727304195 0.3166852928935483 0.43416246098687516 0.5481838574745309 0.6631076384305338 0.7851449560069189 0.9257067343629168 1.11072631412067 1.4142894494928282 2.132196762864992 5.572942736319752 -579.7596903784441 5.740469882664895 2.416754120743248 1.8403506848430151 1.6836193915928823 1.6508140749951932 1.6691997193320711 1.7146836377361971 1.7782562981394885 1.856989036746247 1.9513160828297917 2.0646894427424263 2.2051065060603543 2.390031969670147 2.6580036708837897 3.0346913930728094 1.4121127901142376 29.258228762840343 188.38963798793074 47.07097874946055 18.058043605829056 14.350822467165038 13.31189591553112 12.975696498328427 12.959679055102267 13.128435788193027 13.360579550056574 13.512954904078725 13.442802925639885 13.051026503489467 12.316502658423646 11.294346681014655 10.079949310574987 8.769346621185742 7.441751789440593 6.165466480598396 5.012684183558302 4.067055337968247 3.413737877715922
4.018927380545262 4.080914561257428 4.445756669906294 5.025496816743235 5.725232758370379 6.472391867746376 7.224477437502074 7.961135729308165 8.670905527655147 9.339678027711148 9.94424115602186 10.452248384767968 10.827891757015239 11.038793732563567 11.054886423369709 10.827197582986104 10.234427607986005 8.978880882667003 6.350590192811964 0.43224016916548624 -13.86700394711408 39.04565188945433 -165.9363709907607 -2.596799105244785 1.610672267515021 2.0743753370061695 2.079750500723667 2.0069369543124145 1.9227485184527278 1.842732670697238 1.7713726739412052 1.7106616331515867 1.6626963535265902 1.6311687701329238 1.623347836441161 1.6542262606349394 1.7571131104254276 2.0157207181619228 2.6851690662386956 4.812370285696826 13.774978309832507 -46.77752080104842 3.6349022787583225 2.3314688880990753 1.5992334236194805 1.2273205964369545 1.0039556711165267 0.8475244453527366 0.7223671528649052 0.6107005666503948 0.5029212118971198 0.39378351776945486 0.2805722431213038 0.16200601754035238 0.03742729800907951 -0.09406927086461359 -0.40483516863248714 -0.5509713873339667 -0.7111002525009118 -0.8883851284723769 -1.0868334553806391 -1.3115184234636597 -1.5688710648338664 -1.8670712292636151 -2.216577912794377 -2.6308558232588903 -3.1273763552732325 -3.7289956000069204 -4.465831168029633 -5.377746247128547 -6.5174273857893485 -7.953615166879075 -9.77283962600754 -12.074996801697516 -14.951528651099787 -18.42391467609697 -22.31380268218711 -26.059044874716193 -28.660623933328235 -29.114774222463932 -27.22150765570176 -23.789652538302935 -19.919540803878114 -16.345431037456983 -13.35234877360078 -10.959784541583957 -9.0838246021753 -7.620141390876841 -6.4751874743890205 -5.573688087168078 -4.857360051336458 -4.281053911021279 -3.808282272688857 -3.4059865330026384 -3.036389684021694 -2.6388640368411354 -2.0761943687634328 -0.9294007415924788 2.605027721338353 23.894267076846226 317.0883811728418 23.55470593473734 2.5525680141714675 -0.9572226536755899 -2.1009066419388 -2.664737395764709 -3.0646237207995752 -3.4369387959557773 -3.841992790866444 -4.317389275525964 -4.896033594212895 -5.614210668073056 -6.516745740373885 -7.661369741226754 -9.122408650083202 -10.991811706540616 -13.371356310189901 -16.341370163989904 -19.87879720385395 -23.699162112830045 -27.080509322868657 -28.948357045689363 -28.513061255817703 -25.963252490294153 -22.273806910453104 -18.425257047891584 -14.976960279479425 -12.111596946885005 -9.812672420799274 -7.992339675965332 -6.552894273021487 -5.409041245109512 -4.492707363807174 -3.7515564952125544 -3.14590372762991 -2.645717090869889 -2.2281760712644236 -1.8758173011437305 -1.575168410577843 -1.3157533597978186 -1.0893693394851944 -0.8895584898882057 -0.7112182826852619 -0.550310454086408 -0.4036401843050027 -1.0553462444100532 -0.6659557580859223 -0.3970367314511629 -0.1910189643239608 -0.02103161397405684 0.12723932613019545 0.2624736316902764 0.390853310213357 0.5179095143899739 0.650251382683114 0.7983453911184775 0.983016885262224 1.2550441404597052 1.7723598601968387 3.257960818711586 13.121598705188577 35.80657960080117 4.837162925102156 2.4286983940655493 1.8626092418595968 1.6797177618318673 1.6249559960851028 1.626372780681107 1.6580559769423635 1.7095424461303879 1.7768110826926269 1.859259042323821 1.9588824242181615 2.080739165746104 2.2346295586740395 2.4351932388336373 2.6407693563774393 1.4201817619770694 -35.502720474074586 367.03469332850375 30.496311545661833 15.175998304858778 13.491594262449183 13.204917580307104 13.187444735330487 13.258779060430793 13.366200634581185 13.439421019238072 13.386510452461033 13.126910887530656 12.623347851297453 11.892054174309317 10.986948450086444 9.971788041844448 8.899895272418776 7.811116723007778 6.743257310075123 5.748661014468709 4.904023398955659 4.30167915804344
4.924282438488683 5.024928222088172 5.409911393851174 5.992979098474105 6.684211173168265 7.421116098750693 8.17312964185654 8.929433635886825 9.68282586636343 10.41687015383414 11.099722670404836 11.68664440634613 12.130829441209722 12.396394895862766 12.46069880914494 12.292168322547003 11.797227522856657 10.732552746130906 8.504831407521674 3.2030983867051526 -14.848752223123006 -47.342909189274685 -58.37350922613149 -0.41724459757896626 1.8821970231533538 2.0761685264325296 2.0203463983312497 1.9312886511356226 1.8450057775033362 1.7687675330574812 1.7043568443424253 1.652994111319727 1.6170131745594125 1.6013103471189742 1.615957484056044 1.682342773684406 1.8500642254399777 2.2531645995067455 3.35940635921032 7.805027856950239 68.81645485498596 29.347135378491426 5.564742964180889 2.58736592733493 1.6415060646602146 1.1978096495492734 0.9342608941915067 0.7489374735938834 0.6004608199748089 0.46862775413739777 0.3419641903652759 0.2130260674003699 0.07622231584156514 -0.07364597117750149 -0.2430749292351353 -0.4102405172812522 -0.5607532796481366 -0.7252428416303233 -0.9066772726709875 -1.108837700010319 -1.3365335520387656 -1.5958830744796226 -1.8946842712442515 -2.242911556967939 -2.653386917849817 -3.142691173176691 -3.7323986131314713 -4.450727895864604 -5.334677503674 -6.432586590767002 -7.806662533676082 -9.533956031990465 -11.701744633444866 -14.38804851078966 -17.609662653665378 -21.215984288768016 -24.73951094972639 -27.338905694241213 -28.10752908313729 -26.72943609204278 -23.772879646238657 -20.20021489184672 -16.753925370496283 -13.78215420834817 -11.358941987257737 -9.432902787235435 -7.915840501835046 -6.721163058153387 -5.776127428131009 -5.023184464852912 -4.417579787382095 -3.9239679868529818 -3.5126977325051696 -3.1551653953916334 -2.815880441355053 -2.4338760762869502 -1.8669823460630388 -0.6800910335645789 2.98397696248405 24.792110321889375 333.2618359740832 24.47591583884752 2.940004468740924 -0.6981466225205839 -1.8798814579581988 -2.4458217302596865 -2.82810863923089 -3.1681064798808576 -3.526495110657141 -3.938634339783718 -4.433045973745616 -5.039304775366887 -5.792656239976234 -6.737700389985932 -7.93173342511739 -9.447081096767388 -11.3696654924254 -13.786682181983027 -16.748261901838106 -20.179471666787464 -23.733372675674573 -26.673150616546362 -28.04558037606989 -27.28702020295159 -24.70760129037968 -21.204038658051168 -17.61205652588968 -14.39862566856452 -11.71597025759112 -9.549049066192122 -7.821102787109547 -6.445629368432933 -5.3460202942815505 -4.460309769700798 -3.74028640855233 -3.1490165747398216 -2.658311920496681 -2.246609392243888 -1.8973286802748426 -1.5976421022860356 -1.3375658401752646 -1.1092902225801102 -0.9066839708429286 -0.7249238744703013 -0.5602147383043556 -0.4095745104167742 -0.6619021483333687 -0.4028261218493023 -0.19943478629917022 -0.02837335418779663 0.12338579070226474 0.2645085911640499 0.40216796058574344 0.5440988367507312 0.7012391166057579 0.8931175083411315 1.162245835978138 1.6224164749257517 2.678369427156047 6.720255276890978 54.07950657976453 16.694202275455964 4.256595610880476 2.426923731247893 1.8851016658837947 1.6826193171635548 1.6075897451095689 1.5921423586737007 1.6097198541216677 1.6487804661448449 1.704300083349685 1.7746172307234223 1.8602155958415412 1.9632349502345785 2.0864222587868877 2.2243479681285203 2.2797245577707894 1.017225422179229 -37.28634230561138 -196.25521720660922 6.264720128590858 10.896722108129639 11.969003194722909 12.694373273219917 13.131962415680682 13.377280932221627 13.489185644372132 13.464445867452955 13.266603671205317 12.868674627744472 12.279025330081396 11.54001687093545 10.7079526338964 9.831564624601379 8.941544797884458 8.05384096662155 7.1833153163395425 6.361967587196742 5.652698333879898 5.145161561018064
5.822721158721129 5.998165003410664 6.431522570066486 7.0383430474092386 7.7385441105195545 8.48586082985543 9.26568931295757 10.077073580036682 10.91316127526541 11.746909356449837 12.52626377772996 13.182984266199199 13.65494279863563 13.9104247664003 13.953582544640978 13.797520121603801 13.41750512467134 12.724072683919601 11.591771399868623 9.948933506283629 10.363445029018632 -121.20128081282962 -16.40315356419426 1.2790681715692818 2.152123833852678 2.1047971892197603 1.98472353024987 1.8749102759320033 1.782853434884675 1.7074016174137139 1.6474105416677127 1.6032188638445874 1.577437088232164 1.5764683991575228 1.6141385875552094 1.7211119683637792 1.972965968269103 2.5942399382364756 4.507484545047093 15.131693533474 530.9272870729192 11.56919278557078 3.764355076576873 2.0556115940163338 1.3834502703961054 1.0226340077301743 0.7840418470379652 0.6002800688983857 0.4417130980705082 0.29278919015067206 0.14369854528494697 -0.013261413010692169 -0.18591159240614386 -0.38456655163591424 -0.39890971241312523 -0.552581743686535 -0.7202831755568967 -0.9047658229941217 -1.1095476655509753 -1.3391185092754152 -1.5992055138269885 -1.8971205312768746 -2.24221963231895 -2.646516152284817 -3.125501658546219 -3.6992417916175504 -4.393817396430794 -5.243152369359697 -6.291149475990867 -7.593705050289165 -9.219285426790258 -11.24471567054174 -13.738745994556094 -16.719624253137408 -20.069641761868873 -23.412224298411406 -26.04656402663562 -27.15040434635073 -26.303296223881727 -23.843813652112686 -20.587174707352684 -17.27458010014216 -14.318281867010985 -11.852397571190837 -9.8626517272999 -8.279434585306086 -7.024012574250171 -6.026225324541646 -5.228868996955665 -4.586879304012102 -4.06486271182711 -3.634225229946237 -3.269995018492719 -2.9465332124279686 -2.6296511448337454 -2.2575295752180584 -1.6832890245885301 -0.4582077684773394 3.315988794182645 25.513638220179473 345.6157814599475 25.223069678269212 3.2802135094417078 -0.46728679849722743 -1.6854686898188156 -2.2569251463026676 -2.6275492876235567 -2.943459583816931 -3.266217617325321 -3.629913449086103 -4.060149714042865 -4.581893773265097 -5.223758529217994 -6.021181648466992 -7.019305771799928 -8.275463289097711 -9.860015484108725 -11.851989938780546 -14.321372776152815 -17.282772897480346 -20.60196872908048 -23.865437828327824 -26.329119890501282 -27.174827331588844 -26.06401059286603 -23.420561767175524 -20.070281985131174 -16.715354687330706 -13.732046946184258 -11.237247184354544 -9.211991751096939 -7.587056218364656 -6.285338876924709 -5.238223445506933 -4.389736818294173 -3.6959395522829324 -3.1228924224296164 -2.6445104356463474 -2.240729598078376 -1.8960629656989465 -1.5985033312570758 -1.3387014761971496 -1.1093526931092916 -0.9047370015988035 -0.7203716386893355 -0.5527454073257451 -0.3991129193660673 -0.26832556537395236 -0.08850047658157878 0.07245715065440028 0.22198178510752686 0.36675116710801126 0.5145740698417663 0.6767449889844991 0.8726409118811249 1.1412488037159707 1.576180399999306 2.46095506615269 5.04104868565341 21.659696150203366 178.1828217653281 10.403060046234838 3.8655318896218485 2.415116760567433 1.9032681375814757 1.6876685920973078 1.5951568368352642 1.5638405460134233 1.5675841442899612 1.5942366224059579 1.637965696289901 1.6961399327917563 1.767831719285168 1.8525931455186377 1.9474557448849048 2.032745348443167 1.980493454834742 0.7206623802992782 -20.15841298579691 -96.58816583711487 -2.629473972969059 6.3069101312554166 10.079863478162089 11.908663202070445 12.883252346041397 13.371526255667305 13.547713350773444 13.480739094254659 13.189438170844156 12.693035657118553 12.035325058622433 11.279011578332375 10.485732114281237 9.699403198734624 8.941049169309245 8.214583465021434 7.520379619838911 6.873554540202224 6.320914073524158 5.942604417872111
6.712587062965485 6.992390464985417 7.498500044282399 8.150323269485458 8.883195337981348 9.6720928656068 10.519991266980718 11.432610087109968 12.394070976939219 13.350486463218575 14.20977279571056 14.866695320661531 15.24901229930305 15.355797467118983 15.252430476175128 15.021701095895118 14.725165063958894 14.475500761012153 14.850132770230125 19.559264075458888 130.47073757602683 134.8357459952019 0.6597080607775343 2.823191379745553 2.463802931494262 2.171108944305756 1.9765723763195457 1.8389959874285169 1.7362453701109546 1.6577589523997343 1.598924724155109 1.558908494073135 1.540464208335123 1.5515744864576448 1.6104424148170515 1.759608338601971 2.1118305231053314 3.042283615640065 6.430107964512395 33.40559990586824 23.669288121367238 5.667621076328202 2.5906975584941354 1.6095726591506816 1.1450605065771953 0.8619378754984601 0.6552597695468968 0.48322223957412463 0.32587947384743077 0.17195745507877014 0.013699219898339055 -0.1556972906315067 -0.2288714519735151 -0.37201165290873484 -0.5273144214552861 -0.6967584358490023 -0.8828770178584258 -1.0889110447565258 -1.3190025200658757 -1.578442559110164 -1.8739927635794953 -2.2143059097407773 -2.6104806948128316 -3.076795417339098 -3.631674358389972 -4.2989406580829606 -5.1093808101354306 -6.102540437517142 -7.3283785000644475 -8.847690675119466 -10.728617977690536 -13.033416815663944 -15.784805785246796 -18.898186698939774 -22.08034757035666 -24.757323616435723 -26.19091233604412 -25.880066353520036 -23.947412464856157 -21.043494352183423 -17.887986709612044 -14.953272683965213 -12.439231259803346 -10.375097206842334 -8.713928887151054 -7.386804338435533 -6.3268025087074955 -5.4770440123219455 -4.791766781953952 -4.23483023026262 -3.7774704056546193 -3.395855060936981 -3.068275174749821 -2.771063965662235 -2.4706713882640883 -2.104097244014155 -1.520039002592486 -0.25837673714354176 3.609869542386852 26.09548150677106 355.235187077491 25.831383768282443 3.581635416233693 -0.2595399723766788 -1.512841439936241 -2.0925514582571108 -2.4561209312322014 -2.7541403659238695 -3.0493800180015316 -3.3753165931010507 -3.7556110850379265 -4.212010369513651 -4.768428751529864 -5.453771629651358 -6.304409898409066 -7.366471767814887 -8.697405578893692 -10.364982587150497 -12.439297663291525 -14.968636870578663 -17.924574201554215 -21.105738558232847 -24.033450531412527 -25.97699559947146 -26.277376419667277 -24.815573851265633 -22.105832698475922 -18.897436810685114 -15.767835952111458 -13.008695018941674 -10.701736271715996 -8.821824638862779 -7.305104132520568 -6.082489765817996 -5.092665670940338 -4.2854017486224665 -3.6210208550757694 -3.0686814027466216 -2.6045465161987265 -2.2102004348963544 -1.8713852751290607 -1.577028974885234 -1.3185084203798532 -1.089092814420881 -0.8835218003056715 -0.6976832858055957 -0.5283648920170411 -0.3730599792737263 -0.22981446122439164 0.16935397543932218 0.32867762318506744 0.4892607641260943 0.658949065249901 0.851911502192558 1.0957889784918868 1.4504389417157895 2.066690288546185 3.4204629150582586 7.63404456897738 21.12638539879311 28.872836652967614 7.593029230291803 3.612364393971419 2.4055949939177603 1.9174734222669816 1.6915622588377404 1.5838650833270445 1.5380283617378117 1.5287009192402374 1.5434136205210167 1.5757102300237265 1.622130976168748 1.6805394130803866 1.7484117857796369 1.8187160404632077 1.863691457626387 1.7496669580643052 0.6290614390482707 -10.619318522603777 -112.23953936222799 31.823344188561524 2.5923024654413838 8.13569482301024 10.975256468221223 12.509591472326221 13.291294435627465 13.58579962423703 13.527334414075863 13.185750089954539 12.620254814647343 11.904214856907856 11.118846409314852 10.334474178768136 9.597242203496782 8.92707083519771 8.32445669980491 7.782870804838474 7.305395082673961 6.92268618209828 6.699995228929993
7.601094064722562 8.002648606235931 8.595014248017607 9.309647533498365 10.1046402994012 10.978752242576286 11.949747330256326 13.020470758811998 14.146468007776713 15.217488443955173 16.07371079867837 16.571108329326545 16.66663377978011 16.450327731345624 16.08662920248669 15.722997566787246 15.478821843521377 15.645127748919865 17.492448130741558 28.913395616938743 311.119903867242 64.28167210131126 9.462290315115478 4.173367044481203 2.8089076366087196 2.2723983259558764 1.9944901759125817 1.82238851745001 1.7039785146777708 1.6184744870452672 1.5572659429444449 1.517987208546392 1.5032428553139603 1.5223237999088997 1.5976690026738785 1.7845639222602867 2.2408123779708236 3.559216893207189 9.496199488100336 54.4436673215368 11.27931642958534 3.742225527118989 2.0014928403765335 1.3321476858722578 0.9756895673415676 0.7384720282182444 0.55317545321454 0.3910306085643802 0.23754707496586722 0.08413852668459523 -0.07536244923530394 -0.1888287914154679 -0.3315571370665908 -0.48674211221868835 -0.6562123105317168 -0.8422952072846306 -1.0479596487312257 -1.2769954853335437 -1.5342422952628132 -1.825883495630569 -2.1598278430855946 -2.546207424584297 -2.998029138196955 -3.5320230927828606 -4.169729881472182 -4.938843166674759 -5.874736419357945 -7.02186792995232 -8.43419766672618 -10.172525886325735 -12.29427893366101 -14.827517450404976 -17.71802325230057 -20.746387443018424 -23.453386177982054 -25.18996498676165 -25.406413837382075 -24.030874356879906 -21.53021589721707 -18.572501661916554 -15.67882057505115 -13.118921827693189 -10.973322415327775 -9.223567776761811 -7.813743057783346 -6.681557470445062 -5.770848150087065 -5.035035921857195 -4.436815707995565 -3.946535199666114 -3.5402220011395906 -3.197463552252061 -2.898846806903173 -2.621988051092379 -2.333509951123573 -1.9690180881960089 -1.3731000503616233 -0.07622479398878763 3.872718372228377 26.567095351027916 362.73984363412296 26.32898015441521 3.851040211908866 -0.07076256141720638 -1.3580737154771962 -1.948331359547112 -2.3085650469971584 -2.5935244808057005 -2.8673993844891 -3.16351379488048 -3.504266345445931 -3.9091327018241606 -4.398639641322085 -4.996944688392748 -5.733991160893607 -6.647535616399192 -7.784847446074618 -9.203116132167967 -10.966076123601654 -13.131439343458222 -15.719275788267979 -18.648899864828863 -21.64555894010784 -24.175686751999187 -25.555095355118475 -25.310397088989628 -23.525329765966827 -20.769785321182333 -17.705798750484316 -14.794868793069236 -12.25301348222251 -10.130102270072395 -8.394693095594658 -6.987186018040196 -5.845516943374392 -4.915038785404897 -4.150943409941296 -3.5176967206917356 -2.9875482273491825 -2.538956665230033 -2.155221221334432 -1.8233798681517284 -1.533352946588085 -1.2772870872279956 -1.0490544660917778 -0.8438695693617145 -0.6579939449772643 -0.4885067250374542 -0.3331245138928659 -0.190058637456541 0.27990843160173606 0.4508928663034455 0.6300804593439967 0.8278904222427724 1.0634266579285159 1.3726282837260793 1.8186711883983278 2.4197792499012536 1.222173856380575 -36.02499504650215 8.938153946103588 6.099461443093696 3.4721648278912642 2.4107422320306933 1.9306567034766062 1.6923804534348557 1.5702399734914603 1.511058480497728 1.489743387023763 1.4934474933929944 1.515156028861676 1.5507061377411375 1.5969890186432811 1.6499699257964051 1.7001771556347622 1.7171125350458813 1.5801036416113634 0.6921748886918007 -4.802894020873879 -209.142766192722 173.15747074589984 0.5450673343031811 6.372728269384509 9.991497019289486 12.056978033112086 13.166438737182467 13.63005078081854 13.629073187623627 13.276169069655776 12.664858060671158 11.894923049511863 11.06677194199726 10.263417340066226 9.53892349707639 8.91833698369437 8.405284859380469 7.993121303570446 7.678515263582876 7.4770040483072435 7.432603831354021
8.50840036645294 9.032027910360819 9.704969606476915 10.490720134150395 11.380541352940856 12.395953279117464 13.560495849080812 14.854193666160327 16.16712807581475 17.28559430218966 17.95991966945126 18.05296043553492 17.650108326908377 17.004041105095595 16.36894856866857 15.897343684993974 15.71420593260843 16.254315278538684 19.388659277079363 36.87802231313158 180.61503050017907 38.70022168499302 12.426726395251247 5.14867893967301 3.137456133670228 2.3912341695392185 2.0307073111651053 1.8208768369811628 1.6834400879053093 1.5877949117006134 1.5212153770531485 1.4795796238859227 1.4650254845444821 1.4876392760047206 1.5731680207597152 1.7880047190865764 2.3341871475937315 4.060941361734922 13.91733378089473 -220.59477450061812 7.830786483359387 2.9449838700434636 1.6879828747183914 1.1572608878629316 0.8544329884801297 0.6416289359509812 0.46828618968271823 0.3119218655604934 0.1608345486151338 0.007896989003207622 -0.13968551900172968 -0.28018094015455347 -0.43339460702488836 -0.6010307797916624 -0.7852344135499947 -0.9887219148853017 -1.214945594963494 -1.468302139677204 -1.7543990277621564 -2.0803975084905906 -2.4554564858608523 -2.891307904397239 -3.4029990831950454 -4.009835707800449 -4.736538178952564 -5.614554509415942 -6.68329086915755 -7.9905936678422185 -9.590896214903093 -11.537653166844372 -13.863794886377235 -16.541168674665098 -19.41367538704599 -22.12490018431972 -24.12053306841036 -24.83780837764762 -24.04223910839753 -22.003764340640906 -19.301430211678493 -16.48369523522786 -13.89022126300909 -11.661078472787398 -9.813904576787875 -8.310496849042327 -7.095535558726464 -6.114497312720758 -5.320164735775692 -4.673865636246783 -4.144610546073929 -3.707542945425232 -3.3422113728820246 -3.0306885098326135 -2.755174124756017 -2.4940717358278883 -2.2138395492312526 -1.8485583250641215 -1.2390533608549852 0.09179126592859244 4.110176474812938 26.952026973826488 368.46163390749376 26.73825828232671 4.093802481164241 0.10241432174070211 -1.2179004932842163 -1.820674075934236 -2.180684077406191 -2.456488405238998 -2.713823254638422 -2.986192531951679 -3.29522139152244 -3.658786288951183 -4.094942712466448 -4.624341321713878 -5.27214260954029 -6.069796736023601 -7.05666761900885 -8.280990843786071 -9.798727662181511 -11.667058352696491 -13.926142949305142 -16.559246817276616 -19.423556771300323 -22.169444607664204 -24.230834711264254 -25.012870361537807 -24.24709536692498 -22.188401204200414 -19.421896371082813 -16.512445281378717 -13.815946214734707 -11.483450806238693 -9.537998500783878 -7.942957726658527 -6.642572335879456 -5.581100108713104 -4.710000803799868 -3.9895307978669865 -3.3881036299745904 -2.8809690371835996 -2.4488495323623076 -2.076756119902983 -1.7530298184151933 -1.4685906153869972 -1.2163570506263581 -0.9907993290661542 -0.7875944981214984 -0.6033588902289492 -0.43543898218511556 -0.28174661175437915 -0.1406281538578614 0.2944938409884785 0.4588003353753423 0.6254865057968783 0.7957472067688991 0.9593694672437404 1.0428840808056459 0.5972114908371919 -3.301781922910239 -14.724693036395188 3.455547045198923 5.242337308135215 3.4304624667620653 2.43861813868101 1.9455989682249153 1.6890323042436202 1.5515506249152706 1.479796078117382 1.4477386613588863 1.4417492815419175 1.4541646058621298 1.4801795833038103 1.5159202101305729 1.5563507430222532 1.5909224960350001 1.5903806862557848 1.4580788702728997 0.8346694723678931 -1.2275561294048005 287.24452675103254 61.11065042464911 0.43805207120466694 4.895000062006439 9.007206931943918 11.54062102679493 12.999649901330846 13.683331601498082 13.792102786452393 13.468890567468742 12.835270692837785 12.015315505758252 11.13066853729215 10.281820353307143 9.536284778194357 8.929550559344992 8.473857940919238 8.16894516018879 8.012022974767074 8.00633758610385 8.16595057806224
9.471576328197404 10.097019731867837 10.817266702770084 11.665800861661772 12.680705516121854 13.901345563525982 15.34141773946197 16.923256393393284 18.408989709169322 19.420809362763638 19.640766300000024 19.07446656180216 18.066861957159897 17.03311395946605 16.223243163033636 15.715573622355791 15.620718818694758 16.523733179658933 20.859305403418112 44.68500381885905 97.46277372381562 29.30221029902352 12.42506846816259 5.667037850170643 3.3924668734271073 2.50262764617895 2.073091750261413 1.8279367689279713 1.6709731506007914 1.5638197609860873 1.4901793206756193 1.4442619883729844 1.4275921268492158 1.45060535547301 1.5412331988611845 1.773949077475642 2.386127955635184 4.466052659070882 19.30604908838429 11.2507831261074 6.479298746586877 2.5693058696429114 1.510905648392383 1.0427118200870265 0.7653440380625206 0.5643642416579091 0.3966794411152714 0.24270845777735994 0.04055615245416016 -0.08437366131264222 -0.22088232084554343 -0.37029044809239703 -0.534207290757492 -0.7146251355743702 -0.9140374730132053 -1.1355875419168255 -1.3832561398222194 -1.6621005736687293 -1.9785604680354556 -2.3408508125387057 -2.759467662572744 -3.247835782863354 -3.8231262016071517 -4.50725545079267 -5.328025307417633 -6.32022481351613 -7.526198416540609 -8.994703665035317 -10.775555416112125 -12.905341944729717 -15.376992991601862 -18.086982156824398 -20.769200689267493 -22.966968371633826 -24.13920856375368 -23.930873627783075 -22.414344429270706 -20.040011411842066 -17.35091583969608 -14.74928209529965 -12.441843415353526 -10.491509915258082 -8.884295630031229 -7.575449159316175 -6.513740048795391 -5.651886592224139 -4.949873810909093 -4.375111614913774 -3.901384987669235 -3.507434190971291 -3.175427488056161 -2.8892530830519707 -2.632225965370442 -2.3831702376249027 -2.1081347586058774 -1.7396177087958264 -1.1150849605197355 0.24844176161361098 4.326531168389151 27.268595364075516 372.5412698348981 27.076673724178434 4.314029195503985 0.2626541681273291 -1.0896004431122652 -1.7065660218036627 -2.0690313071445363 -2.3389530841090838 -2.5836671272953717 -2.837097588020074 -3.1204572894406346 -3.45051340064309 -3.843508522293013 -4.317470686743645 -4.8939511182137165 -5.599596764555465 -6.467634475906953 -7.539004569940347 -8.862291422841608 -10.490441889687961 -12.470160114421128 -14.8168699320364 -17.466688903835113 -20.206237350836318 -22.618355247588287 -24.140753202835946 -24.313571663135672 -23.076440586850005 -20.809694832827418 -18.073964637763144 -15.331745959696796 -12.845761649149303 -10.713526206877138 -8.93692904830532 -7.475861999568992 -6.278397182171845 -5.2946102464035505 -4.481562839784555 -3.804199915977077 -3.2346350376264263 -2.7509646275483037 -2.336081445815485 -1.976649407367827 -1.6622715906037913 -1.3848344575551672 -1.1379974839927542 -0.9167973919422915 -0.7173407646403178 -0.536564234185162 -0.37204629205779044 -0.22185871106932986 -0.08444860369699993 0.04145558050466075 0.41608179254886646 0.5331254903904721 0.5966663356727424 0.4879375711126661 -0.26539987345061355 -3.514221593431845 -9.217506832859861 1.1226007080727456 4.758171369642028 3.4760468481302444 2.491163217668919 1.9629819135532778 1.6805974459528916 1.5260364174751722 1.4422175980509881 1.4007325117075227 1.3865946689012099 1.3912930861050663 1.4093713179315643 1.4363300788355045 1.4665218343289737 1.489320449678421 1.4793277955010222 1.3689890497560797 1.0040392931984186 1.0089030236331578 72.40271551701176 0.1285022584117641 2.501517488878929 3.686254789446841 8.02776515865925 10.947480786194754 12.766334276491271 13.722489402507247 14.001085495490049 13.757398424503553 13.132553879255296 12.271896774912427 11.32042815537637 10.401680712620532 9.602901348871745 8.975540622916315 8.545637202554886 8.32586532310148 8.323017173461587 8.53507736010097 8.936149137960207
10.5485819404906 11.232866779786313 11.932713859439197 12.812760661916471 13.970852901725367 15.45566897258693 17.251446415142375 19.17098336462135 20.756816496779464 21.41586694213369 20.883083087713636 19.52077539672449 17.982162172397384 16.716955035976294 15.85008244678329 15.357197127428336 15.370411500804774 16.666153959223436 22.27487728687858 54.89825878085838 70.8123870801801 23.49007539286179 11.491077228416142 5.8101897534192615 3.5439734363918736 2.5852296268608708 2.1093505765534926 1.8364993504461256 1.662615410999848 1.5446837054054003 1.4639661479350767 1.4134466304557296 1.3941787130040906 1.4168482388425307 1.5109814087298585 1.7568843128047626 2.4175794728751976 4.765490547136979 24.50866041863931 63.51224573808564 5.956146065655578 2.401788268785877 1.4150948029381314 0.9694076881506692 0.7008986369506014 0.5036284561553503 0.33719055145051857 0.09349137450560775 -0.025804398656239246 -0.15675695735682757 -0.30066527925188297 -0.45907307886379567 -0.6338524872945869 -0.8273091790521064 -1.0423147135304056 -1.2824737340841805 -1.552336137015716 -1.8576674802810773 -2.2057947199425967 -2.6060484892751923 -3.070326403620202 -3.613801242128556 -4.2557861471765435 -5.020730147808907 -5.939217086331383 -7.048609707514379 -8.392486964494823 -10.017053704410507 -11.96103325517472 -14.233393391397657 -16.772717083344432 -19.38999915968631 -21.724649245605015 -23.286856279809555 -23.650039127459266 -22.706055423354684 -20.742683800448592 -18.254179360013744 -15.686811748229118 -13.317089814153924 -11.263139530904818 -9.543682102541167 -8.129771946003906 -6.97615256129996 -6.036619918000189 -5.2701429403497695 -4.642449117640904 -4.125660326467252 -3.6972151361189165 -3.3385843484622093 -3.0339014794189803 -2.7683780139178302 -2.5260731890249137 -2.2859578327528993 -2.0135026371813964 -1.6396433806648534 -0.998971029291789 0.39569872708790366 4.524732993677824 27.5302011125092 374.97044887655073 27.357125038385554 4.514594664558301 0.41189852132193433 -0.9709750704646555 -1.603479050136733 -1.97073533615995 -2.2376065835832613 -2.4730025926271613 -2.7114320605450475 -2.9739646447993033 -3.2766235348249264 -3.6343232664880123 -4.063113696713494 -4.581789436408061 -5.213296791356991 -5.986071122305002 -6.935183639315 -8.102782112826157 -9.536552375979632 -11.28350967485885 -13.37416616853316 -15.789884900031506 -18.408612386383876 -20.942834791351178 -22.928403036000592 -23.8553552594899 -23.43694373126176 -21.801898546773103 -19.4014575131741 -16.738868614699392 -14.17554086115544 -11.895117002392862 -9.952888233026165 -8.335196295862461 -7.000306282748829 -5.900272983989843 -4.990594083134577 -4.2334668689953645 -3.5981400107504973 -3.060145304695837 -2.6002282794031695 -2.203313384999774 -1.857617022149082 -1.5539272728392695 -1.285033845224903 -1.0452820156416034 -0.830224811527785 -0.636351536761967 -0.4608751790012631 -0.30156521671844216 -0.1566155819462077 -0.024540043879910968 0.09591082645310935 0.33728539275928393 0.3536775328261329 0.17705859960203707 -0.5962225075879815 -3.2197518430491705 -7.372649650269471 -0.1503249719347579 4.53216934401631 3.596261751688347 2.5640465897433278 1.9808380996831074 1.6660089853263038 1.492909479220087 1.3976018054774544 1.3480320414156757 1.3273263334652856 1.3259118507285916 1.3376235415568327 1.3573973409145805 1.3792095363436854 1.3929926990933768 1.3787559979607595 1.2997511219205722 1.174314247074352 2.505515233979226 41.3256589029811 -8.117035906100554 8.04756727288045 2.6655134573696007 7.032425866935066 10.247769507405824 12.420964147030375 13.699519581189767 14.21699928639478 14.1167209308434 13.546749474710513 12.667534347900599 11.647562082726733 10.639020511258453 9.756532660632107 9.07433167504588 8.637950637427771 8.479728060604089 8.62736572765872 9.088095697132648 9.789829153442676
11.822927236651037 12.498232076164726 13.071606911657039 13.926141320041129 15.220137226310843 16.99902180702668 19.199958265991633 21.463865115254254 23.006135051934347 23.022982915149484 21.545432766350743 19.45945740449405 17.595240536426527 16.257976069925476 15.394695008218104 14.921628911052524 15.059683611284008 16.825846111045074 23.93502407256488 74.88098667485427 57.30640119856468 19.663413582573273 10.47171327166853 5.717273850619159 3.5919071154738678 2.6265279923426976 2.1297273825501266 1.840169055534815 1.6545088566889787 1.528445195944964 1.442235518362371 1.388341638110651 1.367762175274828 1.3917389247708734 1.491609839540065 1.7532246038700294 2.460894427153877 5.022032197801909 28.277523113738795 62.17202930223317 5.905593187971527 2.371282422465515 1.3800786885479996 0.9300944679762316 0.6584245599175129 0.24808320569584408 0.14592351237382722 0.03336334974080968 -0.09074790994737349 -0.22770927111011416 -0.3790256749173376 -0.5464808680961832 -0.7322294407108884 -0.9389130581593207 -1.1698074664573095 -1.429008889015 -1.7216710293057615 -2.0543070371926944 -2.4351742279598736 -2.8747622061754443 -3.386405122428118 -3.9870308798660394 -4.698032703677409 -5.546177201172308 -6.564298454771534 -7.791176062139992 -9.269298908487494 -11.037980311190314 -13.117515725436458 -15.4788253922451 -17.996432400502826 -20.399477854516398 -22.270452221273448 -23.16143646071493 -22.819673334279877 -21.351665691043458 -19.1539318201416 -16.68414132134555 -14.283497534571202 -12.134132193954652 -10.297761822352369 -8.768515803199948 -7.511223363802603 -6.482738805027233 -5.641790902762201 -4.9525816910114555 -4.3854181249394255 -3.916106245567957 -3.524912181140944 -3.1953996573144594 -2.9131822203496034 -2.664425712218593 -2.433654111943474 -2.1997851762201557 -1.9276162903952234 -1.5466334572281428 -0.8891420787357842 0.5346513890188906 4.706363589162161 27.745343809553734 375.5852188650918 27.588009389759062 4.697115855338083 0.5512859665417896 -0.8604102882992566 -1.5093711144201563 -1.8834296402403266 -2.1497558447391727 -2.3787153407895527 -2.6054920802373243 -2.8512081963928075 -3.1314179951718275 -3.4600718135927626 -3.8517205861887414 -4.323032960186161 -4.894072836216035 -5.589503717998963 -6.439682374964287 -7.48132669734584 -8.756929709637053 -10.311121450265972 -12.180532463550355 -14.371621431863556 -16.820583086590013 -19.337839722972074 -21.567853112479888 -23.036055294299878 -23.338592276463174 -22.380693888043414 -20.43895615692761 -17.980519693171683 -15.429325328072508 -13.053272272884529 -10.971744593182208 -9.2083074464115 -7.7388108547809615 -6.521592860681093 -5.512865337636484 -4.673198032681422 -3.9694811577469715 -3.3748796849903315 -2.868042014123168 -2.43213714217032 -2.053952705521481 -1.7231290300622337 -1.4315376839303542 -1.17278834852755 -0.9418414455488431 -0.7347048746942199 -0.54819653187369 -0.37975794648873595 -0.22730764305518392 -0.08912549188734337 0.03623861474946191 0.15003685125730215 0.18387765764353559 -0.017939555038444688 -0.772928870679169 -3.084696088832313 -6.764568322564722 -0.94676231929256 4.510499787394336 3.7728700734929266 2.64727248496059 1.9949777050833744 1.6439956717314714 1.452074631193243 1.3461999541136997 1.2898859712734163 1.2640456811530556 1.2578850492838198 1.2644450767237023 1.2780673945762313 1.2924129764461552 1.2982675965076957 1.2818682891553603 1.237761219391483 1.334451560823326 3.6352923346484456 31.206265241142304 -5.804307616276509 23.832769854554765 1.7402999362951854 5.996061514510782 9.410615414935915 11.908783440763507 13.54681564288311 14.376455756619526 14.498517024364446 14.050013683132883 13.19545871712642 12.121893269511759 11.013385539264362 10.020547646013728 9.249543036051737 8.772796389378637 8.649539393918815 8.941381374426506 9.689599587845418 10.783872367349598
13.41068451046866 13.979103326879823 14.280529140335737 15.02821514287416 16.409655427322484 18.44916566813053 21.027860166199034 23.561113469251573 24.85754744111292 24.01661561522191 21.638732111574672 19.081954122589952 17.106843840350862 15.7763323450876 14.901381349890885 14.424345241916335 14.719446395427166 17.092692172673946 26.119641789207456 164.8993013246133 48.24755266255668 17.25072616458472 9.592182911417316 5.48567041026294 3.5455257758381125 2.6191098154992236 2.126158877936726 1.8328198945674732 1.6424791228995337 1.5125458168190071 1.423783283105922 1.3689792414666795 1.349668072199 1.3782178124954318 1.4885362477316448 1.773141401613859 2.5379333138106333 5.293776054416447 29.941416632274247 63.59812055182813 6.232912305341445 2.459006273033973 1.4010500630502771 0.9237166675941888 0.29107150094485673 0.19601665791590972 0.0909114734909443 -0.025434564257392503 -0.15433629098091028 -0.2972817459860133 -0.455994548820139 -0.6325131882187369 -0.829291609251283 -1.0493267730161437 -1.2963205451418327 -1.5748854096940543 -1.8908060993910127 -2.251372113301543 -2.665798647488594 -3.145754122342763 -3.7060075764514564 -4.365190622117787 -5.146619368453404 -6.079007223495145 -7.196653844595743 -8.538204388045399 -10.14217687438563 -12.036062322397884 -14.214368332240747 -16.601790735170304 -19.00670830136614 -21.09465364592082 -22.440857108416214 -22.698700951265145 -21.798359608302917 -19.994084340496308 -17.708390427598005 -15.32888315084184 -13.105753282841409 -11.154745913985828 -9.50257309855599 -8.130174554082537 -7.0006729148439515 -6.074023733194552 -5.313423931302225 -4.687408945133067 -4.169956171956313 -3.7397805106958484 -3.3793584429993047 -3.0738693429705006 -2.8100411323617527 -2.57471481463223 -2.3526713989648584 -2.122643520176418 -1.8487414349171485 -1.4592249358833398 -0.7848168450884287 0.6653808723399574 4.871567413105449 27.917228427594978 373.9963008756089 27.772810769285186 4.861875039857878 0.6810224050896735 -0.7570125948172697 -1.4227747169437421 -1.8052777986560329 -2.07328750758011 -2.298396542622502 -2.51647381712807 -2.748822318502861 -3.010731672651711 -3.315463728905182 -3.676432736942469 -4.108655622505767 -4.629929172792194 -5.261920793558127 -6.031186223072836 -6.969922003952181 -8.11590091208009 -9.51036012901649 -11.191418385495549 -13.178880123537445 -15.445050594234607 -17.869419068043747 -20.191293469880925 -22.008124563719242 -22.88602749553895 -22.573824982679433 -21.1597814813556 -19.011609354604282 -16.56560187407209 -14.156885206199776 -11.972172555303388 -10.08104686586251 -8.484542279985913 -7.152274654334745 -6.044052099783403 -5.120353033295487 -4.346477576818952 -3.693580731669369 -3.1383595242100446 -2.6622693402929016 -2.2506624450664354 -1.8920042689632477 -1.5772141804581972 -1.299131622545873 -1.0520919023831314 -0.831592117936839 -0.6340289690103754 -0.4564930785162378 -0.2966075008265553 -0.1524007775441892 -0.022207090116452277 0.09541223414970507 0.20173029822610808 0.2979027475632112 -0.9207216688751698 -3.140279326076442 -6.772179369195053 -1.457953130499071 4.661922462638886 3.977130746092792 2.7251469512395046 1.9990829556316696 1.612630205124983 1.4033608019719475 1.28839337947628 1.226684820929272 1.1968759688499486 1.1868650456864367 1.1887770651729546 1.1962055160328775 1.2023310810929018 1.1986962297177521 1.1779689709839252 1.1663361206469092 1.4734890226283968 4.630593784282658 27.32552423558603 -1.3569740446652556 111.97558079191923 0.8370667001103567 4.905958890606969 8.419192157433216 11.181462241455364 13.188201414471042 14.396000199481158 14.828841617968575 14.588510422817585 13.828634578330782 12.742923952831502 11.543445774397862 10.423221580987338 9.53174367667255 8.97900406323695 8.86007301037554 9.28418961804482 10.362385874089723 11.985050637736606
15.472950988605938 15.793033855510565 15.637131754033563 16.171853790747726 17.530940630164057 19.69966692784312 22.503751606163988 25.106569703584142 25.93659111163705 24.244643165903334 21.28206788012277 18.57059004214034 16.61540376135105 15.270236386016787 14.315260885763472 13.809487483059396 14.318074399462477 17.504227480983953 29.21333397109891 710.5692361220757 40.89801810512673 15.862120518161301 8.831207664997791 5.1425185930502915 3.4032362458034027 2.5530542395371856 2.088931269883852 1.8067107505075102 1.6207115719644707 1.4927147238931897 1.4055165146459379 1.3531527828614662 1.3383433726216625 1.375177430403829 1.5008457517528793 1.8153982942715023 2.645268058523616 5.561968656595739 29.20685123015456 68.66385740123845 6.950819882934258 2.6698819664707227 0.4099817675640659 0.33043301125899244 0.24256084079958662 0.14520546508512344 0.0371328708381974 -0.08299688797179147 -0.21667062342083704 -0.3655745979588365 -0.5316617860053161 -0.7172376447371511 -0.9250692948008752 -1.1585244018231706 -1.4217478136658612 -1.719886158546716 -2.0593730319168335 -2.4482896867941957 -2.896817202975943 -3.4177934097387146 -4.02737579455522 -4.745778532690972 -5.597973933836314 -6.6140804083731375 -7.828819293621519 -9.278787919387707 -10.995247455953239 -12.988795350140869 -15.221829966134171 -17.568742510474937 -19.77875573411154 -21.48312772006286 -22.29810915563632 -22.009020174036856 -20.701090142699748 -18.707467375629268 -16.426784014533446 -14.171159387948734 -12.119503797299556 -10.342462736004748 -8.84546229878007 -7.602847659140196 -6.578328439136054 -5.735197642629634 -5.040565510736841 -4.466550759042852 -3.990094515759039 -3.592230643622929 -3.2571785262555832 -2.9713708477250003 -2.7223717894562984 -2.4974880693765575 -2.281613385612877 -2.0532346969395854 -1.7758577921231797 -1.3768663281605273 -0.6861985489242314 0.7868027492071143 5.018908594119578 28.042421057982747 369.40727733104393 27.90866234518321 5.007641102475826 0.8002067130604469 -0.6608148402441598 -1.3429749363175896 -1.7350971948478562 -2.006737416654471 -2.2303611022402023 -2.4424359573387355 -2.6645032452362334 -2.9117294858730474 -3.1968951675927095 -3.53255431305557 -3.9324339705472777 -4.41253285374651 -4.992117325879285 -5.694659542003835 -6.548602853537035 -7.5875783506113965 -8.849210152180216 -10.370775622325686 -12.178638679795661 -14.266991580624364 -16.562252971449205 -18.87826942748154 -20.891165602327924 -22.19049113294564 -22.440239538910387 -21.56657327795691 -19.80319505901988 -17.54828092607241 -15.174970338439238 -12.93123724198258 -10.937508327999037 -9.22672749587946 -7.7850368131950525 -6.579191884553472 -5.571511048877278 -4.726747829151092 -4.01458221888754 -3.41001782197137 -2.8929086056904962 -2.4472093332331264 -2.0602119720645518 -1.7218683785074358 -1.4242257238180764 -1.1609704113600356 -0.9270655504465142 -0.718465101251771 -0.5318892755801283 -0.3646482827536458 -0.2145040497756429 -0.07956175655100643 0.04181517322957169 0.151071573862556 0.249512396673393 0.3383429721685881 0.4187001134593114 -7.214495839024947 -1.7347446317461817 4.948650322315439 4.161120421755234 2.7729961607031006 1.9824316525290346 1.5673284874627078 1.3447561617224608 1.2231722682954396 1.1576481578314006 1.124783456264972 1.1111388430751248 1.1077224405848587 1.1070228774500084 1.1011970010396197 1.0817825030573247 1.0469882737562421 1.0542120579404646 1.5581351800137497 5.63844867028584 26.51826480429379 1.7711333933910982 615.6057405045344 -0.08711370664694007 3.7715206395933807 7.282051731429598 10.214222431868171 12.55653701499103 14.185677008130858 15.017182442333532 15.083104746922679 14.509856020840699 13.484696798461957 12.234269125994397 10.990724179428959 9.955993564038343 9.29187815026873 9.142442836551005 9.679318458188419 11.127008069396206 13.46888215729958
18.238240956137126 18.095375527346484 17.24880349614446 17.41604671944276 18.55161649929963 20.60995387855628 23.349674080564682 25.669656186862653 25.852263060942917 23.6168074437944 20.559422282484697 17.962037231643002 16.047674685111396 14.591068335772864 13.472540958674177 12.92379044028951 13.692530478045628 17.928573002202974 33.927679340240054 87.11572894437734 35.01386328768641 15.24039892210396 8.042738775239318 4.648457467304641 3.1416191899420314 2.40897661253958 2.0023638917322133 1.7494230477096007 1.5792859843147784 1.4607655936759643 1.380297505759057 1.3341192622028564 1.326694614590293 1.3740904530019031 1.5165618073631588 1.8598101059575316 2.739716507801215 5.692984628696589 25.968764507973052 72.66308519574521 8.116358347115225 0.43967962464111887 0.3661214498445011 0.2850662010753528 0.19530443267485892 0.09556059487321943 -0.01553341537316932 -0.1394723012445372 -0.2779212029688184 -0.4327720060933555 -0.6062154685324852 -0.8008333979336846 -1.0197162612176247 -1.2666130638715818 -1.5461221181268126 -1.8639333590733316 -2.2271348953702077 -2.644597766916375 -3.1274517061965845 -3.6896572926628792 -4.348658336758126 -5.126046640027308 -6.048058469151503 -7.145491805101792 -8.452194433384284 -10.000513517834017 -11.8110023372937 -13.872745618958735 -16.11187822964431 -18.353815418873133 -20.304034976190867 -21.59337546493752 -21.914888161863566 -21.1874229272797 -19.606418739769225 -17.530017216455285 -15.309673097504572 -13.189741743063303 -11.296249073532715 -9.66989917414774 -8.303533222304903 -7.168729795256709 -6.2309131372473985 -5.456619309752953 -4.816341433916639 -4.285172268724976 -3.8424662248102024 -3.471122399648727 -3.15674422736634 -2.8867397537018666 -2.6492989218190095 -2.4320453055130677 -2.2199069508978004 -1.9911509348089198 -1.7088786715373314 -1.3000765448179656 -0.5947340072961268 0.896444306315719 5.14496251363938 28.106801111956074 360.18763248752026 27.982115571831763 5.13118050845229 0.9065695131438549 -0.5730572086452053 -1.2702816669937345 -1.6725866833150862 -1.9494745045053103 -2.1738011453816806 -2.3824302839156335 -2.597113154164166 -2.832969421300677 -3.1024456720866356 -3.417445856168399 -3.7906863730173375 -4.236730564305724 -4.772905360236139 -5.420163700031585 -6.203827031432441 -7.153945675008815 -8.304656973961832 -9.691275441603116 -11.342807167167203 -13.26631706659094 -15.419339857292071 -17.671071252556846 -19.768631183769493 -21.35037919660569 -22.05254795888243 -21.684902271860047 -20.343105069596522 -18.348624805716653 -16.077733369995034 -13.82458975355611 -11.75979081821809 -9.9528360501453 -8.411289749462675 -7.112440502248541 -6.0227071168616 -5.107612840396261 -4.336091977764679 -3.6818431943960768 -3.123317071624832 -2.643165060625557 -2.227544345461312 -1.8654489322042132 -1.548128722667942 -1.2686092745702233 -1.0213049331699595 -0.8017114774387462 -0.6061637254721387 -0.4316450879493863 -0.2756382261819414 -0.1360080860559904 -0.01091040203354799 0.10127975309406444 0.20202363128330553 0.2926620474442206 0.37444887883100997 0.4485770155193778 -1.788830257471151 5.274426876788622 4.2357678138680885 2.744797943780445 1.921510005755702 1.4949097390759052 1.2680755217268787 1.1448476839566846 1.0781844389175226 1.0432749423361953 1.0253921402926696 1.0140954517288563 1.0000477637713852 0.9730931160202976 0.9224992125777026 0.8480204973518233 0.8320101199420777 1.4797474473695962 6.694887041597287 28.350324896755755 2.2587475278508045 22.709012166444314 -1.0411056896372108 2.6288207635635334 6.039868640741368 9.021514779722102 11.616520544137071 13.673134378691948 14.986241740433833 15.462878839349717 15.171207307594809 14.290382773453285 13.056056655891275 11.725067132342769 10.546013961011173 9.742351533098743 9.525326336163598 10.148534363518376 11.99647460343849 15.313543731640742
22.03354178081986 21.07804871476674 19.205130811361727 18.706008200056353 19.30270849605082 20.964178531794026 23.26052686672707 24.842124595464483 24.34565545406861 22.07062658191159 19.36923850040161 17.024382072746004 15.075757915254623 13.391157974918476 12.048572699790924 11.409645647502533 12.292989635899822 17.397545932561897 41.271539064032964 63.90994855493768 32.29883159661231 15.038673404197807 6.930822331486387 3.899190720636932 2.709580328752159 2.15180238077399 1.8391257997761177 1.6385167037245671 1.498900934748674 1.3991047331753395 1.3308957391902105 1.2935429101569889 1.293356752337821 1.3475316750514454 1.4965332170168721 1.8429211281458358 2.699271351270526 5.3889937757795625 0.5900472135069383 0.5308320486510577 0.4675241089441718 0.3989412954289058 0.3238750802139788 0.24107475873217232 0.14922913163707197 0.0469439817187185 -0.06728639807959658 -0.19511561626726728 -0.338391906642148 -0.4992180812909974 -0.6800283571769876 -0.8836866471346148 -1.1136121091708124 -1.373939219702564 -1.6697213472765613 -2.0071885739588033 -2.394071868103806 -2.8400055070856096 -3.3570153804417417 -3.960087218002684 -4.667775269571923 -5.502737873405161 -6.4919335551343895 -7.665915276701 -9.05613040093639 -10.688301618278667 -12.568991925033064 -14.662314218300667 -16.857208073918486 -18.937357565095777 -20.58583845094646 -21.46431541448909 -21.36048101736343 -20.307178964080393 -18.5641056721836 -16.479160029491176 -14.350299352862 -12.36631692481803 -10.615389235628284 -9.11884404426723 -7.862510611533835 -6.817462196871412 -5.951369751908798 -5.233795865914564 -4.638152424131913 -4.142016680845581 -3.726724190966624 -3.376685295229877 -3.0786086404438384 -2.8206655506480756 -2.591521970304643 -2.3790368535305753 -2.168181841436171 -1.9371477057093758 -1.6489694967717532 -1.230813886422986 -0.513505736174126 0.9899351886332765 5.242897253329819 28.07267961431766 342.8391853022766 27.956013118006737 5.22567016518715 0.995882202590439 -0.49662612661772676 -1.2064276427580953 -1.6186639771131102 -1.9019857866930208 -2.1290572526729523 -2.3367974920150605 -2.54702218148549 -2.7747934154578617 -3.032304720001109 -3.3309604030505153 -3.6826808960446415 -4.100878435361528 -4.601304099977215 -5.20283932540238 -5.928196827839448 -6.804343075412239 -7.862183802854463 -9.13456673805906 -10.65085094871131 -12.425223333539323 -14.43531795534551 -16.589924022311543 -18.69446255099806 -20.44322279638416 -21.48233265498704 -21.553168560371432 -20.632331751006106 -18.944426927312975 -16.835896061073797 -14.62536932202281 -12.52672426055483 -10.64740700625749 -9.020194589993817 -7.636383262182714 -6.468965041826987 -5.4858047220490604 -4.656032390419813 -3.9525863945734048 -3.3528213881924396 -2.8382549844697937 -2.3939998777261384 -2.00813742698838 -1.6711399533844338 -1.3753775627243776 -1.1147133849566413 -0.8841784522825862 -0.6797136848406076 -0.49796653078114983 -0.336131317836615 -0.19182422936755464 -0.06298557328648577 0.05219648656592189 0.15534534977751868 0.24794220313564555 0.33136196680281454 0.4069013324699527 0.47580087443260827 0.5392629679810409 0.5984671404270003 2.531664384756151 1.7534624613216858 1.3554579904616169 1.1459328176887267 1.0332401571175533 0.9721327821433122 0.9379377810967882 0.9150137157706655 0.8910507730144117 0.8535916336320621 0.7874337227203987 0.673883747364652 0.5016103047919782 0.34830292082184844 0.9181156668422013 7.372382269004586 34.495938614708805 0.666966126096705 -1.8029569029437909 -1.9961714620022593 1.5440361637009765 4.771468079129183 7.673116374591386 10.395858371865014 12.84302846733515 14.730955853036729 15.771050016637348 15.868618867120603 15.171941976155892 13.970848789881053 12.575377556941504 11.266635074140599 10.309952273507763 9.988880708734676 10.666588151738221 12.938535161653094 17.565116756103247
27.192098747424836 24.682348252710796 20.94884496562807 19.140810023501853 18.956376930528087 20.098657816771436 21.682391548979798 22.490717253689226 21.773633713442855 19.82522067587022 17.493835230738846 15.237814963316165 13.103190078329444 11.156755938924805 9.597840537357975 8.694501638562553 8.946404500524846 12.312742912831716 39.53686125595097 60.14937966253106 37.825457842511724 13.864045790073725 4.9149291546900935 2.711865303432107 2.018395866266001 1.71951918768925 1.5476725409298542 1.4274542571983166 1.334921342255791 1.2622900424209458 1.2080793272126555 1.174595502650309 1.1684035571117048 1.20355957780864 1.3106442015894901 1.5634343332414566 0.6717215227515363 0.6151369044100364 0.5569288000384831 0.49588270356437036 0.43077795458137275 0.360371053842386 0.28337959034276605 0.19846505545679552 0.10421293455139244 -0.0008915618752720466 -0.11849392600870408 -0.25040902809568466 -0.3986705580649773 -0.5655943437998735 -0.7538594311963823 -0.9666117965220766 -1.2075967736686681 -1.4813276965300586 -1.793299775016289 -2.1502595241600586 -2.560540411333629 -3.0344731253511137 -3.584870589726371 -4.227566607154364 -4.9819393854177925 -5.871252028292902 -6.922447618105679 -8.164679703745014 -9.625265899409383 -11.320937015553643 -13.241623133397933 -15.32503787709841 -17.42620379459995 -19.300016987085137 -20.63096127543634 -21.134526366488327 -20.692848851779964 -19.4217597721019 -17.606413420448682 -15.564926992284299 -13.544687590703179 -11.691588525258972 -10.067754004661086 -8.682618849072146 -7.518723356485946 -6.548054046862026 -5.740786921579923 -5.069279624464085 -4.509477226575464 -4.041050032448831 -3.6469734581356765 -3.312893759279912 -3.0264173150905966 -2.776340266929171 -2.5517425345110505 -2.3407500324484602 -2.128529714762986 -1.8934961221183169 -1.5990776003085632 -1.1732141404051375 -0.4482800771613785 1.0590418312882937 5.296692562104001 27.830747162305574 309.38366020130314 27.721494689673733 5.274525764307914 1.0597994563693591 -0.4372126785552165 -1.1553746673342988 -1.5760390814970395 -1.8662572281313459 -2.0978954660479587 -2.3074632321657456 -2.516537958723965 -2.7399712032582846 -2.9896717871537586 -3.2766078772677445 -3.6120460322636703 -4.008461521448371 -4.480315781995973 -5.044776736475112 -5.72236424294817 -6.537380091474723 -7.517771373648749 -8.6937004728734 -10.093469637436286 -11.734577314553261 -13.60698555251857 -15.646720794394458 -17.704209118073013 -19.526741026755225 -20.791250359811464 -21.211620857982826 -20.677203793629907 -19.314741609883413 -17.416123741647876 -15.299737336722199 -13.209749039914856 -11.288578293482553 -9.595957906457455 -8.140053637054054 -6.902925144767531 -5.856573095681246 -4.971506690597774 -4.220651310235931 -3.580727454525923 -3.032400944807587 -2.559910885240255 -2.1505285296085113 -1.7940090889421025 -1.4821017175566584 -1.2081367678268022 -0.9666890540437068 -0.7533080853797071 -0.5643042526147176 -0.396580454372832 -0.2475000361015203 -0.11478348191350847 0.003572256198549218 0.10935667790656434 0.2041947949971818 0.28958544092841676 0.3669313454001733 0.43756305363532355 0.5027584821722597 0.5637597435237374 0.6217888459427903 0.6780639934738437 1.0056808802965729 0.875898871069072 0.8109969851361462 0.7782131660371812 0.7578065141262792 0.7351958709692563 0.6964189102362435 0.6243572624320967 0.4943343540030992 0.26874614418821263 -0.10374046443674612 -0.6371007682873928 -0.8279293887079167 5.117625401763087 53.56071125565102 -2.229119455228238 -6.4805283984122966 -2.8746648115394287 0.6233460925497253 3.6142242791384205 6.334567258014947 9.067455103322423 11.87212728129767 14.527548575110721 16.53542789853568 17.353769983770594 16.830681715369142 15.382481529987485 13.639149154797682 12.05438505484457 10.88992157209312 10.403272234259482 11.04043848155244 13.691651892828784 20.020908121547727
47.88376268124265 38.60525889193167 29.399092671612067 24.393421040684732 20.93630072368507 7.488115111391067 15.745112882320814 28.596191151810892 47.348768980477665 26.584183491978578 16.392494672088386 12.368468589081507 9.830249627729486 7.873133835342295 6.331256749443794 5.120560758060728 4.124483526165124 3.045052070023929 -0.9939114439060139 -90.16223577720989 111.76068997111093 4.4802506127183435 0.8626490277992285 0.7526028689130033 0.8848644017721847 0.9677437570908624 0.9922027763988597 0.9765367557430596 0.9354149859055916 0.8778205726243726 0.8083413783690923 0.9676697057360497 0.8965125315249305 0.8304786877475308 0.7680874822692393 0.7079746832786812 0.6488492061179538 0.5894605628910807 0.528573826959213 0.4649495781240296 0.3973267910047865 0.32440696987359113 0.2448380236719672 0.15719647097045195 0.05996654226362403 -0.048485364660901975 -0.16994264784215596 -0.3063789927405867 -0.4600099744143438 -0.6333589845728391 -0.8293414895096245 1.6449175907266604 2.1665939175460425 2.895819169438638 3.9133938999472098 5.304855753448086 7.0909662389721095 9.032428870831767 10.380729277050332 10.187066316934974 8.350498386109823 5.667205007812919 2.835702854380788 0.12809957661297178 -2.4107114250800605 -4.8018175996500965 -7.065783341835578 -9.190605568805037 -11.111648743122496 -12.708720399702104 -13.834445632130691 -14.375460912253567 -14.314932536898024 -13.748154260398437 -12.838584807831172 -11.752946471215354 -10.618827986734452 -11.17749803748078 -9.665938389432386 -8.375159347711003 -7.287219640040717 -6.376093086743091 -5.614666708436714 -4.977929291484799 -4.4440788974160625 -3.9946003957429728 -3.6138830775203132 -3.2886565895693005 -3.0073558508227523 -2.7594231003916807 -2.534470619350445 -2.3211110266915562 -2.105025289004165 -1.8652583560511884 -1.5661225172294844 -1.1369912485403475 -0.413130867302873 1.0804758309447375 5.249815236297046 24.757049568534736 241.40616843418226 25.210241424830844 5.2188783574140185 1.074043390688478 -0.4092909449695268 -1.1269285986424162 -1.5515339515760096 -1.8471233246801368 -2.0840653216757445 -2.2979501210627853 -2.509700927327634 -2.733635737274146 -2.9811577646775005 -3.262682136610519 -3.588804604777165 -3.9711405576819345 -4.423026836342289 -4.960162476762924 -5.601179533164324 -6.368031499122588 -7.285916628389961 -8.3821563034407 -9.682958056388863 -11.206301587506523 -16.226595896343305 -21.340852193437915 -30.021470960884688 -43.47861054861277 -42.26057151016196 -30.586900550938157 -24.014975490744714 -20.2451614038608 -17.652044732374755 -15.708015547053957 -14.234275829354278 -13.149524156602054 -12.404969547907779 -11.99573058036808 -12.032161455422733 -12.924396521886033 -15.88681295406557 -23.715091684170826 -31.91741985799422 -22.06112531218288 -12.563875191161102 -8.022706602047895 -5.653076569973438 -4.216023691103706 -3.2398062457076575 -2.5231682989770405 -0.8285421299872135 -0.6320871273470082 -0.45821462223637976 -0.304041312290961 -0.16707143505240163 -0.0451127450606817 0.06378916895778404 0.16140223873735296 0.2493481543000336 0.32913406426298514 0.4021778456689577 0.46982871137644544 0.5333846979389009 0.594108468898636 0.653242852030398 0.7120276235436315 0.7717192520098664 0.8336156565594981 0.8990885318904884 0.9696265109695019 0.27073016256390026 0.25871298417124744 0.17848351084773484 -0.005302938945998648 -0.35719023857143417 -0.9964505660792473 -2.1336335041221446 -3.9868060834212713 -4.606537869905438 110.4247716558647 -6.929752643148132 -8.14043020479294 -3.4942261689709926 0.07756764222103862 2.889056981760866 5.517367451672857 8.483829707686848 12.287774082179844 17.286870627026012 22.60063997596963 24.584201540316105 21.75882303048642 17.804168105807122 14.977263644903797 13.614676718315197 13.752613715781102 14.850946384864304 18.762584285754222 25.410111302583775 36.67274364126155
191.3146215325915 57.870856202545276 29.523186749272863 17.814947254464464 11.964349352929608 8.557138941831973 6.184442329327143 11.56685687558514 10.777011346079286 10.4285405838044 10.373983165717958 9.833670617236338 13.047061394445903 115.13825683745517 15.097640795983017 5.155903719787535 2.211488117495251 -0.6606425411300056 -6.786795498735943 -46.21715569603341 -64.42982865298708 -27.943824672146523 -8.452133624203835 -3.396645733322503 -1.6643056130800356 1.5924094459429199 1.4562787147110792 1.3361266986622868 1.2292101897394427 1.1332659470802708 1.0463844601705552 0.9669124181777613 0.8933782239969581 0.8244352306316725 0.7588183897926846 0.6953109506063049 0.6327186107038139 0.5698490497287907 -15.254149131541622 -13.685114936208384 -12.23866594029751 -11.578556184077815 -11.283859794789919 -10.44102608547365 -8.493377156728283 -5.769699870068684 -2.8923259912138275 -0.21337147614582408 2.0747900986862757 3.6922045217043697 4.323163629299283 3.952170034425932 2.955871835569966 1.775866434919447 0.6668301943534224 -0.2937897198466608 -1.1154745380750115 -1.8349176012782658 -2.491639213890934 -3.1212169567843016 -3.7548042559189962 -4.420122362935204 -5.142111852723634 -5.9424049118339894 -6.836878534771373 -7.830426856830466 -8.908356617790686 -10.025445741665134 -11.097722894458546 -12.007365277645542 -12.630999026230807 -12.886564351456936 -12.76981434950872 -12.34921585502766 -11.721747313943554 -10.96468684818671 -10.11449363153281 -9.178015874854928 -8.160905517932697 -7.09068327174392 -6.018553928668355 -5.002464208767698 -5.609874983500605 -4.990263613284043 -4.4665526248740965 -4.022029438973744 -3.6425149473372915 -3.315888406052866 -3.031533665387991 -2.779716144723186 -2.5508216634973118 -2.3342791288462124 -2.1167689076716307 -1.8787816257368937 -1.587109581912779 -1.1761878748410732 -0.4938647034532931 0.8939526324739255 4.682677181239054 20.549826917677823 111.40824893121595 21.316750044550435 4.630106538633946 0.8726348671082547 -0.5018000399177341 -1.1768399513242604 -1.5829800720263374 -1.871157570182471 -2.106458057567007 -2.321878023559032 -2.536828102395592 -2.7645823330922354 -3.015694486356125 -3.299778952698224 -3.626583854605091 -4.006751661204614 -4.452443981573111 -4.977898903843767 -5.599910899370575 -5.463310768127425 -9.555454881012452 -13.816970875967408 -17.489794380867718 -19.670453495934872 -20.101876416593516 -19.34354041906887 -18.182721228314655 -17.121085546760128 -16.271680554121254 -15.51945924568021 -14.710013874128714 -13.762591116316067 -12.694934026051897 -11.586736075730801 -10.527961532238965 -9.586168359862004 -8.798739225685456 -8.17970479003584 -7.730719873469128 -7.4512768929241275 -7.347355437824969 -7.439050843195531 -7.766427719268201 -8.38708534946349 -9.342950830627219 -10.547062941586113 -11.577625614562342 -11.68051807808618 -10.448340299115314 -8.350456691693834 -6.105311596317352 -4.055090929520406 -2.1991744936128046 -0.3772781928526895 1.6531048157770922 4.18740142718046 7.360186569372371 10.277044080844728 10.487735088636844 7.337265418827152 3.001538635566953 -1.4494030339774593 -6.3130992090436795 0.5720897663461292 0.6347922622119241 0.6971780328529007 0.760442815863527 0.8257847744032473 0.8944248603119811 0.9676326487688305 1.0467597450515835 1.1332834047979155 1.2288638684209636 1.3354199824148203 1.4552291716965255 1.5910594842212786 -4.023973099706197 -6.852908756669853 -12.124560434961584 -24.476352527369894 -21.192700148741444 -8.396531400195261 -2.6819976604076423 1.5518066883892208 5.8565412684985505 13.102667399249578 28.24188847406016 31.46793352131596 18.294256921242187 13.385032602110616 12.435398099695995 10.616223904702121 11.016417091654334 11.56606473817958 6.195593809305177 8.559164912028715 11.967496014938739 17.823427510775822 29.544023769144438 57.91792091583842
72.73203875171983 59.5887097355064 38.5021287079229 7859.697172687949 0.5361095098620581 -2.639172341758211 -4.185282933144479 -4.433245720571943 -3.955478874773979 -3.6834412476988363 7853.514054013059 0.14062654422137089 2.843761594155511 4.137585335496004 5.763198307312782 12.879427043486238 20.314310067528794 19.77239310855706 11.40086084444316 -0.7049457004744406 -177.96034816200955 -17.50343355939932 -10.147524330971907 -9.586697585650116 -8.477793962805846 -6.3657594823594845 -3.759661751084401 -1.13020675927375 1.3176682365835521 3.562583224593144 -1.4511691387330758 -10.325295823674153 -30.115702727650067 -11.81423872691798 1.079023466519918 5.828291353044065 8.507204669384873 10.570114449225398 11.832004773089064 11.57609103568588 9.956393220215409 7.932426665577253 6.129632459129369 4.658061428362004 3.433004299334269 2.3569580949599214 1.3640286017591041 0.419706772930295 -0.4860476859507026 -1.3437731126482442 -2.1279546700325724 -2.8017193220601646 -3.3252937233291258 -3.6685181351084335 -3.82343992331377 -3.810286085230291 -3.672932852419181 -3.467050424291456 -3.2481448152879215 -3.0649724354358217 -2.959355725453589 -2.9709514262582504 -3.1456868993147378 -3.5480727692453664 -4.278895964921967 -5.496469874583399 -7.41277766500743 -10.121603287179084 -12.940085190756566 -13.932561221971227 -12.304005882801116 -9.859200125063444 -8.018469092195835 -6.9355109632059095 -6.262304725595732 -5.400301022884246 -3.0917928804965156 5.128456642294331 36.714594895699555 18.97292433317876 3.907033645153546 1.3676742978174783 1.2370564662489425 1.5623066211073455 3.1106418930992863 3.8736027700436715 4.228250941776812 4.311991554034611 4.235893488974685 4.0803479698880984 3.898211248758998 3.720674740987917 3.5633005702517817 3.431240092239274 3.3234906755719162 3.236302480219555 3.16578063066758 3.1095765749331035 3.0675012866031306 3.4290980593941476 3.4605721846845965 3.428982210014336 3.0676201592075985 3.109742143330013 3.165976806466242 3.236512644624323 3.3237000291583274 3.4314373073496274 3.5634782852056457 3.7208291114182446 3.8983406846049284 4.0804519986537 4.235971670897287 4.312042684490591 4.228272584204662 3.873590920715486 3.1105897227889923 1.591419831219465 1.2813678320722222 1.4418769342722237 4.042710670716376 19.016760059972214 35.85772262206271 5.2488627393071345 -3.003390435487872 -5.346969278208838 -6.2269293451294025 -6.910133193619022 -8.000196025040179 -9.849188710598783 -12.307207198010982 -13.949748761420688 -12.957484840298989 -10.12923998853228 -7.413380229479762 -5.494352636535374 -4.276250649352699 -3.5457259166468518 -3.1439009978819277 -2.9697914524030518 -2.9588494620925996 -3.065162297714724 -3.249116321491947 -3.4689395655798623 -3.6759445743025223 -3.8146849159434453 -3.829562670854269 -3.6767645710263084 -3.3361247998103805 -2.815622780298482 -2.1454261312116305 -1.3652413033253543 -0.5117834711640401 0.38978226371458313 1.3305713012309872 2.3215406793787583 3.398557340690278 4.629316103421238 6.113557867462038 7.938598833428651 9.997589302896126 11.669330384847658 11.999242267727737 10.829857640005866 8.817154007503824 5.701442372106485 -4.516627245984909 -74.87474675167068 -6.1251927333094 2.62339527553803 3.6819567683014225 3.5619263264834853 1.3172388543967322 -1.1301941976012837 -3.7588725159232173 -6.363828348172618 -8.474624878872309 -9.582852106787 -10.14428621353064 -17.50405329490598 -177.53230116552055 -0.24971644457711495 12.112061697177012 21.559817066516267 17.558191333561183 10.300102541478461 5.092523111886004 3.342590970444821 2.1728730347900935 -0.6580777142065595 -1.3655755172294581 -2.336620757402309 -2.7485615031586486 -3.081639673697705 -2.775079794097422 -1.4035934601091942 1.4132182327861784 6.224973611991055 38.50211959692994 59.58870371081909
191.31505605090092 57.91828225926977 29.54399788260274 17.823387574171733 11.967458676340001 8.559132622123624 6.1955756678355005 11.566008844591412 11.016144605350469 10.616017868621851 12.434817721312847 13.385066445709239 18.296809058824312 31.476847061462674 28.23875757689129 13.098120192432617 5.853799284604778 1.5501493249027942 -2.680500496911911 -8.388976297887398 -21.147415004623866 -24.425885705026587 -12.1181663907872 -6.854174731017432 -4.026692186574716 1.5910757634312152 1.4552408016811986 1.335428666221779 1.228870559356319 1.1332886743419288 1.0467639551907593 0.9676360411272168 0.8944276013484657 0.825786986263558 0.7604445889226998 0.6971794380107437 0.6347933572716244 0.5720905997568838 -6.342933086724104 -1.477722957561539 2.967424952328423 7.298725151780603 10.467893587153574 10.294288982230439 7.391463829218177 4.212155585867883 1.6682308595210391 -0.3697443325608048 -2.1972938043940555 -4.057585455837867 -6.110851930102172 -8.356326941266069 -10.449485854252965 -11.672503124482251 -11.562500416907628 -10.531179131845713 -9.330158281688307 -8.377885545290148 -7.760038569606071 -7.434604335992773 -7.344207060130541 -7.449001608146089 -7.729047973541368 -8.17846756712684 -8.797832175516174 -9.585528335850835 -10.527553228294995 -11.586544696944646 -12.694961265773633 -13.762852206970873 -14.710532497656821 -15.520254174904679 -16.272730410302028 -17.122259123143504 -18.183711820309345 -19.34401969184007 -20.102140429131364 -19.671705047022627 -17.4926300137538 -13.820547838364295 -9.559139647874293 -5.467431222792376 -5.5998963237895545 -4.977882887885073 -4.452426248354245 -4.006731837862103 -3.626561440707519 -3.299753273446498 -3.0156646256758424 -2.764547022167185 -2.5367855444235126 -2.3218255871419973 -2.106391741309659 -1.8710709617013592 -1.5828622219617716 -1.1766704954539742 -0.5015364295131007 0.8730979282134832 4.631109132602816 21.320118985631886 111.4291715026113 20.553558093633487 4.683753571278412 0.894433144497885 -0.4935941320763533 -1.176014813523568 -1.5869896155951286 -1.878693744837411 -2.116701905066475 -2.3342264879465064 -2.5507793346368257 -2.7796814779477117 -3.0315048462155954 -3.315864147776131 -3.6424943050141754 -4.022011699125393 -4.466537230821458 -4.990250119781196 -5.609863024450358 -5.002619024643353 -6.01900505017793 -7.091445897492257 -8.161939708227324 -9.179231360706314 -10.115775606698756 -10.965927562238182 -11.722867828216042 -12.350172873011088 -12.770595097579914 -12.887176861202995 -12.631462462340181 -12.007702870169176 -11.097957491081706 -10.02559782773043 -8.908443698543707 -7.830463337040792 -6.836876221448162 -5.942373107498537 -5.14205818738821 -4.4200525958558075 -3.7547235565379156 -3.121130867548371 -2.4915568994645403 -1.8348565349295316 -1.1154714294202748 -0.2939179972676974 0.6664322841351327 1.7749713280080301 2.954198854731981 3.949604238250233 4.320132921562341 3.6896988038789766 2.073722746106774 -0.2125337672144705 -2.889280946917046 -5.764192719662013 -8.48595525053372 -10.433913854906876 -11.279446378411663 -11.576963377782471 -12.23860798066764 -13.685934466866449 -15.256541357542142 0.5698525517273576 0.6327221502757995 0.695314544491497 0.7588220654986769 0.8244390330315403 0.8933822202221431 0.9669167096141397 1.0463891977301372 1.1332713613430156 1.2292166381533887 1.3361347581658072 1.4562893606959773 1.5924244332356872 -1.6675820752008699 -3.4025276286817743 -8.464790153694253 -27.964340558721382 -64.36447088336153 -46.18344448611816 -6.782609622151144 -0.659944040896048 2.2124448242285863 5.157805469761052 15.092949015393955 115.37068240986173 13.069824824167414 9.83897879091775 10.376091128755595 10.42858538227097 10.776936586941078 11.566948034514454 6.184520467703132 8.557212993123475 11.964411637340586 17.814996042944735 29.523205748285157 57.870471947973456
47.88277934723237 36.67229650472065 25.409928083170264 18.762506675995507 14.850917498205654 13.750666113360808 13.613422037370551 14.976656618580787 17.80432654222986 21.75981359260311 24.585038077431637 22.599881797529385 17.28528651902534 12.286256860340439 8.482504471192122 5.51612746841495 2.88780007158631 0.07635074731548352 -3.4940360056525073 -8.135949644588061 -6.908719575536065 110.28439761426618 -4.594804053206372 -3.984887062520396 -2.1340147312108844 -0.9973277823883429 -0.3581238843201715 -0.00620139088430105 0.17762127401770478 0.2578669258064199 0.26987979557169006 0.9696276519482012 0.8990894017225942 0.8336163016299335 0.7717197076289939 0.7120279173317086 0.6532430065829309 0.5941085029716349 0.5333846280418332 0.4698285523610306 0.4021776113855935 0.32913376802075955 0.2493478095042217 0.1614018589004651 0.06378876805647536 -0.04511315240126549 -0.16707183375082507 -0.3040416864633533 -0.4582149553709349 -0.632087402275157 -0.8285423289826603 -2.5251286327854117 -3.2426857714497057 -4.22061614462433 -5.661146298302402 -8.03867263304654 -12.599592144617437 -22.1340386326239 -31.916792929119072 -23.64408391893933 -15.853505438240019 -12.910545113353567 -12.025874561350923 -11.99256052424869 -12.403146879296646 -13.14829952995579 -14.23334601473265 -15.707311993122083 -17.65172459525517 -20.245930303628043 -24.01956095489584 -30.60571705487976 -42.30901436384879 -43.4689965764828 -29.991777692957786 -21.324457849954296 -16.21800352759401 -11.206297330868061 -9.682953421834213 -8.382151254111724 -7.285911119816623 -6.368025475765523 -5.601172921578684 -4.960155180368658 -4.423018725032016 -3.971131456992369 -3.58879427885834 -3.2626702619974424 -2.9811438951720923 -2.7336192450549954 -2.509680910111488 -2.297925243317394 -2.0840335387988005 -1.8470813438633082 -1.551476122370718 -1.1268443635483685 -0.40915807960601935 1.0742807458931098 5.2194074834581965 25.212059883366333 241.42227401857772 24.759022369925596 5.250338155383914 1.08070947077734 -0.41300013593925655 -1.1369085256241698 -1.5660659961119283 -1.8652176807603835 -2.1049949148809484 -2.321087712881728 -2.5344523376780344 -2.7594085129065546 -3.007344031689654 -3.2886468739163246 -3.613874972764014 -3.994593525589508 -4.4440729670222305 -4.977924064503972 -5.614661988935788 -6.376088706498148 -7.287215449798935 -8.37515520981582 -9.665934173452808 -11.177493623462393 -10.61857615597037 -11.75261588878109 -12.838173952297685 -13.747663860214598 -14.314365779383817 -14.374823529931707 -13.833745674652974 -12.707967377095828 -11.110853246662153 -9.189780658664086 -7.064950509506097 -4.801019661658707 -2.410035881839203 0.12848395324731188 2.835502382979972 5.665999977293067 8.34796079116199 10.183577734731584 10.377589078419424 9.030560985845154 7.090196182718649 5.304665337320216 3.9134366706110595 2.895935332513067 2.166721611654915 1.6450366976730788 -0.8293407700289104 -0.6333580988049976 -0.46000893108421015 -0.3063778030268403 -0.16994132513343824 -0.0484839240532883 0.059968083882221135 0.1571980958554951 0.2448397134671763 0.32440870607914546 0.39732855566328396 0.4649513539018497 0.528575598486542 0.5894623161871719 0.648850930443309 0.7079763707562261 0.7680891296494669 0.8304802971975205 0.8965141124663651 0.9676712786074297 0.8082061268533056 0.877628689545193 0.93514082636563 0.9761404983721498 0.9916193837888951 0.966861083209337 0.8834756370026264 0.7502880037305832 0.8583952990903061 4.470812840010915 112.09377431143503 -90.30539752602472 -0.9794949093360978 3.0465673789984993 4.1248154979192355 5.120629080534547 6.33122121913825 7.872989811514432 9.829820011859372 12.366968553351754 16.385891720149658 26.546089536890392 47.26035411493777 28.624422843752093 15.733898836790928 7.388059926850703 20.936855860046016 24.392273305671026 29.39711960560631 38.60358025934361
27.194704132121768 20.02286155125651 13.692604465419647 11.040588548771364 10.402998620705016 10.889547665607768 12.054116525313765 13.639078803641432 15.38258503773351 16.83080642668142 17.35370422299801 16.535068827647972 14.526957958349051 11.871412619499882 9.066672219624962 6.333713777474322 3.6132778678826916 0.6223759909682982 -2.874711621078973 -6.476575321583591 -2.2179544079411393 53.52857899261482 5.12063500114934 -0.8260202847571887 -0.6367848029283154 -0.10399316686977533 0.26829863307562646 0.49380527804864904 0.6237693925144059 0.6957611103650037 0.7344399251645514 0.756909360092123 0.7771108088619127 0.8095895960035668 0.8740212033831958 1.003046783004214 0.6780640852792216 0.6217888593456391 0.5637596863881916 0.5027583610968681 0.4375628747427761 0.36693111456781813 0.28958516418969693 0.20419447883930172 0.10935632948320169 0.0035718833359685634 -0.11478387027652318 -0.247500430083493 -0.39658084293131207 -0.564304623647436 -0.7533084257050097 -0.9666893495146525 -1.2081370033559702 -1.4821018773970285 -1.794009156918931 -2.150528489340932 -2.5599107203073825 -3.032400639128036 -3.5807269924166985 -4.22065067688378 -4.971505872084289 -5.856572079657592 -6.902923921372885 -8.140052200195754 -9.595956257358228 -11.288576445437663 -13.209747024254467 -15.299735206876166 -17.41612156742395 -19.31473945235001 -20.677201668325342 -21.211618717818393 -20.791248126825614 -19.526738645054202 -17.704206574396324 -15.64671809913827 -13.606982715740223 -11.734574335210047 -10.093466503449422 -8.693697163005597 -7.517767858531689 -6.53737633302189 -5.722360192725491 -5.044772331179664 -4.480310938155293 -4.008456129069631 -3.612039942120092 -3.2766008849134836 -2.989663606167724 -2.7399614275448716 -2.516525996501392 -2.307448197517311 -2.097875986115615 -1.866231076376513 -1.5760024173223006 -1.1553202886982905 -0.43712538260450534 1.0599580774462487 5.274886106716812 27.722838534666238 309.3944725551359 27.832023600784794 5.297033232723892 1.0591936082525368 -0.4481961238104234 -1.1731619064651864 -1.5990426536422297 -1.893471581480865 -2.128511877392894 -2.3407367256789247 -2.55173239338863 -2.776332387548503 -3.0264110732394807 -3.3128887075223927 -3.646969266227623 -4.041046451364384 -4.50947406132082 -5.069276719088609 -5.740784145201113 -6.548051284717025 -7.518720501654392 -8.682615797865186 -10.067750655627181 -11.691584788157092 -13.544683408469004 -15.564922379667447 -17.606408511739495 -19.421754845880354 -20.69284429313532 -21.13452255668202 -20.63095847120789 -19.300015262535084 -17.426203061086976 -15.325037948269976 -13.24162379468848 -11.320938072349044 -9.62526719719978 -8.16468112964758 -6.9224490921685 -5.871253494438214 -4.981940803235678 -4.227567946440515 -3.584871826741733 -3.0344742407517633 -2.560541389031725 -2.150260350848264 -1.7933004398252888 -1.4813281912248297 -1.2075970925895452 -0.9666119367216623 -0.753859392430211 -0.5655941288627147 -0.3986701724813788 -0.2504084801821407 -0.11849322660372678 -0.0008907242871199986 0.1042138948962603 0.19846612150608212 0.2833807437256002 0.36037227525610704 0.43077922440925165 0.49588400219660506 0.5569301084511842 0.6151382046325041 0.6717227983222135 1.5637586056400454 1.3108093676786634 1.2036433117581606 1.1684339076866788 1.174581677943857 1.2080206025640483 1.2621781317083178 1.3347395125213384 1.4271740288063437 1.5472471320592502 1.7188736736391912 2.0174205358670445 2.710475000198069 4.913689408047645 13.869552724316048 37.85536907717072 60.2051770389277 39.519492795308054 12.313135125562336 8.946466341469938 8.694400237122624 9.59766919332833 11.15653137163635 13.102880237150867 15.237333160619915 17.493059030911795 19.82415308222702 21.772692434937348 22.490390974499903 21.682309947605173 20.098251609771765 18.955905596885962 19.140974021461 20.950170737442214 24.684728525904845
22.0344948869774 17.565857178497154 12.938955741952972 10.66671488611025 9.988812031095158 10.309803322685845 11.266509124414004 12.575345978479127 13.970927909120505 15.172076890399113 15.868702903716231 15.770987356203223 14.73071569440064 12.842636750455009 10.395350189682105 7.672504750027657 4.770750818802829 1.54327870849071 -1.9962558771131633 -1.7969745012065763 0.6735075167674474 34.4872443168905 7.370371618156925 0.918685096770214 0.34840962421635746 0.5014262193099012 0.6735704833024776 0.7870490685638609 0.8531449495741613 0.8905286880891286 0.9143883593611838 0.9371646250162068 0.9711416441510277 1.0319152537947802 1.1440731733416079 1.3527003141087472 1.7491548409531807 2.5249108318062126 0.5984671514051333 0.5392629251667455 0.47580078047387864 0.40690119000532965 0.33136177884206297 0.24794197334497234 0.15534508253923746 0.052196187186902054 -0.062985898421073 -0.1918245726949513 -0.33613167058587057 -0.49796688296459923 -0.6797140253170654 -0.8841787687687334 -1.1147136642062965 -1.3753777907511828 -1.6711401156174754 -2.0081375087449365 -2.3939998643949902 -2.838254861917738 -3.3528211430034536 -3.9525860143908678 -4.65603186415242 -5.485804040223786 -6.468964196891227 -7.636382249198904 -9.020193407842621 -10.647405660546099 -12.526722766549895 -14.625367708405584 -16.8358943663696 -18.944425183475744 -20.632329952736583 -21.553166647388466 -21.482330546032706 -20.443220457123793 -18.694460022888517 -16.58992138676308 -14.435315283894639 -12.425220664810787 -10.65084829049207 -9.13456407770001 -7.862181114971161 -6.804340326309835 -5.928193976140624 -5.202836320576443 -4.601300878868263 -4.100874916235287 -3.6826769710775586 -3.330955925947565 -3.0322994864945922 -2.774787133653861 -2.5470144232993785 -2.336787608093172 -2.1290442256510476 -1.9019679452360718 -1.618638413521181 -1.2063888689115703 -0.4965625072131298 0.996000154023166 5.225943176338232 27.957062010985457 342.8470940450602 28.073597061287515 5.243147957374669 0.9900460211178901 -0.5134454268800308 -1.2307771770554263 -1.648945573011701 -1.9371313924667222 -2.1681703521221185 -2.37902855275736 -2.5915158340009645 -2.8206609042736748 -3.0786050206818656 -3.376682373732692 -3.7267217274177713 -4.142014494652696 -4.638150374466663 -5.233793837996362 -5.951367646653141 -6.81745992250654 -7.86250807700211 -9.118841156779274 -10.615385903487237 -12.366313072906774 -14.350294955134869 -16.47915515899264 -18.564100546976 -20.307173946511483 -21.360476529027355 -21.4643118049169 -20.585835908217742 -18.937356107318735 -16.85720758801827 -14.662314516864488 -12.568992803072708 -10.688302892868947 -9.05613192802324 -7.665916950227673 -6.4919352994972765 -5.5027396343320865 -4.667777006851258 -3.9600889002402213 -3.3570169819774427 -2.840007006065779 -2.394073245531995 -2.0071898131112644 -1.6697224338201877 -1.373940141734583 -1.1136128571205441 -0.8836872143311758 -0.6800287397883131 -0.49921827849716593 -0.33839192078134994 -0.19511545272243205 -0.06728606525786633 0.04694447255532705 0.14922976659733667 0.24107552176410924 0.32387595322241414 0.3989422588708796 0.46752514240247334 0.5308331310138514 0.5900483237624148 5.3919082830711895 2.700101311892866 1.8432755410931307 1.4967147030713233 1.3476287046361421 1.2934010672634921 1.2935455630694104 1.330857525888058 1.3990190563657476 1.4987534152356017 1.6382827342525723 1.838765684691289 2.151258398965756 2.7087928016377356 3.8982476040548093 6.930848695944915 15.045192935736095 32.316913139486324 63.92598705559703 41.25182363869234 17.395164560965718 12.29230895972168 11.409263611023775 12.048289975618626 13.390936776518807 15.075606407452696 17.024350631284356 19.369433316113373 22.071135861951504 24.346217297327485 24.842026531165104 23.25962645693869 20.963176348077486 19.30219953772632 18.706174056904615 19.20585044656866 21.079025116194725
18.238708704669367 15.313898939586583 11.996664476869856 10.148564915399447 9.5252434672091 9.742213611026896 10.545878917156493 11.724985650994455 13.056059690350393 14.290463061717162 15.171311219971209 15.462928597509247 14.986177763671467 13.672938351969211 11.616201760189862 9.02108354860851 6.039329247070636 2.628230734341552 -1.0411939937695163 22.726241331606374 2.2630060860345704 28.346106959852158 6.692675920699214 1.4796750876734146 0.8318992071093017 0.847801709506293 0.9222227942378227 0.9727763537824996 0.999685962226882 1.0136716706056332 1.024879052488318 1.0426304027419526 1.0773418973002333 1.1436961771315362 1.2664203050302607 1.492396115191041 1.9175025675113397 2.7384684768495697 4.229212601688905 5.294540538807045 -1.7202655784064511 0.44857693223267014 0.37444875154489754 0.2926618790364123 0.20202342547131047 0.10127951463051867 -0.010910667406417067 -0.13600837148402253 -0.27563852364111563 -0.43164538836786437 -0.6061640186546873 -0.8017117522143888 -1.0213051775667756 -1.2686094760353135 -1.5481288682798133 -1.8654490090517082 -2.2275443410349784 -2.643164963123065 -3.1233168704072582 -3.6818428802220278 -4.3360915430211175 -5.107612279365025 -6.022706425421481 -7.112439678297198 -8.411288792687973 -9.952834962606868 -11.759789605424306 -13.824588425540089 -16.077731939266506 -18.34862327652389 -20.3431034137011 -21.684900409207252 -22.052545786943895 -21.350376675293646 -19.7686283912683 -17.6710683447741 -15.419336983254901 -13.266314319105037 -11.342804580636379 -9.69127301087294 -8.304654672027224 -7.15394346405271 -6.203824867766091 -5.4201615342603375 -4.772903135254491 -4.236728211076302 -3.7906838046776987 -3.417442958067369 -3.1024422865440213 -2.832965325154915 -2.5971080186334157 -2.382423607780919 -2.1737921351760434 -1.949461841572451 -1.6725680473913749 -1.2702526344583394 -0.5730083390355095 0.9066622382527655 5.131399439774614 27.982974611342534 360.1939347903117 28.10751205456964 5.145159806371011 0.896530495466995 -0.5946880504150743 -1.300049287251666 -1.7088614380096883 -1.9911395754949401 -2.2198992374192814 -2.4320399367659236 -2.6492950890976688 -2.8867369284092192 -3.1567420495182734 -3.471120615934488 -3.8424646503639215 -4.2851707641324825 -4.81633988896564 -5.456617631673446 -6.230911241848924 -7.168727599311486 -8.303530639055023 -9.669896112744325 -11.296245447865328 -13.189737496707085 -15.309668249736951 -17.530011920358184 -19.6064133154278 -21.187417811027004 -21.91488376957682 -21.593372066965703 -20.304032670708985 -18.35381416780919 -16.111877899836237 -13.872746025625206 -11.811003289479874 -10.0005148500859 -8.452196017115245 -7.145493546174927 -6.048060299801926 -5.126048510406942 -4.348660208781359 -3.689659135310192 -3.127453492872193 -2.6445994740207266 -2.227136501437945 -1.8639348446417143 -1.546123465668871 -1.2666142581111979 -1.0197172891603816 -0.8008342493223664 -0.6062161360292202 -0.43277248542690105 -0.2779214931623625 -0.1394724047063618 -0.0155333377729514 0.0955608446348479 0.19530484267040013 0.2850667566372752 0.3661221338737775 0.439680418057646 8.116918854604277 72.85465050436268 26.0020722824677 5.695690390677317 2.740449814296359 1.8601207679865275 1.5167218154301165 1.3741773642339397 1.3267357796397419 1.3341239381813907 1.380265845252965 1.4606910652648424 1.579154846506266 1.7492121793553297 2.0020368573311416 2.4084843233113125 3.140930167224165 4.647755843039114 8.043316017400208 15.246350118630321 35.03007168161736 87.12026292306098 33.91715820308828 17.926284824371162 13.691711486931109 12.923339386485804 13.47223813507378 14.59087066923061 16.047613901864295 17.962219569889463 20.560003470845892 23.617739672426712 25.85283836494223 25.669170873660697 23.348665762452654 20.60922198830219 18.551394172424494 17.41624253942686 17.24924077606879 18.095883891405613
15.473187461929427 13.469049079767938 11.127077110289363 9.679290765933434 9.142344135234117 9.29174253977526 9.955856017565933 10.990617981170049 12.234221778397599 13.4847192875424 14.509929624616827 15.083180358827441 15.017201854724888 14.185600357711602 12.556350455603376 10.213925461586424 7.281646853130008 3.7710538048099496 -0.08721161179876868 615.720736138498 1.7749134456477922 26.51505772224843 5.636790008422995 1.5578826150227565 1.0540040541245073 1.046751116401983 1.0815287992228035 1.1009251303992644 1.106721005936807 1.107372058516135 1.1107136122451156 1.1242449369573635 1.156936014055558 1.2221858877693323 1.3433192913137493 1.565121234103471 1.9788881653347181 2.7674245996769318 4.155698481727117 4.9676972910631605 -1.676222473990773 -7.237715432130926 0.41870001747937247 0.33834283892647404 0.24951223043807869 0.15107137982737096 0.04181495755896207 -0.07956198678080216 -0.2145042865961833 -0.3646485172897082 -0.5318894981827939 -0.7184653015770439 -0.9270657176424869 -1.1609705342974295 -1.4242257913449308 -1.7218683798139733 -2.06021189707027 -2.4472091729976686 -2.89290835275451 -3.4100174708029956 -4.014581766118676 -4.726747273582357 -5.5715103914267985 -6.579191127756283 -7.785035960650353 -9.226726551250705 -10.93750729365326 -12.931236117489819 -15.174969117563995 -17.54827958742577 -19.803193547235484 -21.56657148328165 -22.44023731815878 -22.19048840651974 -20.89116245410376 -18.878266085633964 -16.56224968598888 -14.26698852566589 -12.178635933358505 -10.370773192204172 -8.849208007982055 -7.587576444925172 -6.548601132677529 -5.694657949583594 -4.992115802205772 -4.412531332361408 -3.932432373471937 -3.5325525423202975 -3.1968930934223643 -2.911726927429525 -2.664499938767545 -2.442431501132906 -2.2303548562748126 -2.0067283083735448 -1.735083315955064 -1.3429526079715166 -0.6607761401972774 0.8002820567516635 5.007822784636462 27.90938692799075 369.41261843545794 28.04299991050633 5.019070550513101 0.7868724187550924 -0.6861622590526549 -1.3768454240423253 -1.7758450226805063 -2.0532266077004713 -2.281608133596616 -2.4974845866084814 -2.7223694176272026 -2.971369159359858 -3.257177231896207 -3.5922295396065804 -3.9900934527872796 -4.466549622472067 -5.040564207616817 -5.735196090681221 -6.578326559483431 -7.602845369638267 -8.84545951126323 -10.342459360012345 -12.11949975691375 -14.17115466014293 -16.426778689770934 -18.707461716320832 -20.70108457645976 -22.009015170622746 -22.29810505511385 -21.48312466519574 -19.778753725612237 -17.568741464933236 -15.22182974198225 -12.988795776063045 -10.995248365175588 -9.278789172433179 -7.828820784391096 -6.614082059564484 -5.597975689178227 -4.745780349719899 -4.027377639238107 -3.4177952530203166 -2.8968190186808798 -2.448291450627229 -2.0593747209587 -1.7198877512500983 -1.4217492901093058 -1.1585257438293213 -0.9250704863980217 -0.7172386724491379 -0.5316626391486099 -0.3655752689603396 -0.21667110798202704 -0.08299718527180161 0.03713275817704312 0.14520553092886557 0.24256107570735475 0.3304334026482962 0.40998230005151093 2.6699659185406026 6.951003711160409 68.70957196719813 29.24051946090693 5.564257517429942 2.645880703115928 1.8156596680198436 1.5009816224657133 1.3752516678140392 1.3383782696139424 1.353155405469729 1.40548613687921 1.4926443931529467 1.6205873842067953 1.8065093820101 2.0886165125460345 2.5525781389845132 3.4025768026940866 5.141905966784718 8.831993420937494 15.867723700359917 40.91354415603641 710.3093319650026 29.207093814413184 17.502561085004743 14.317384890550212 13.809089615553948 14.314998285125291 15.270084390900081 16.61540899984292 18.57086636205711 21.282726233084183 24.245481177751792 25.936885771806182 25.106047350240424 22.503052975747146 19.699265447704967 17.530870238359945 16.172003242148232 15.637386379113247 15.793305462000095
13.410783662648214 11.985102801569585 10.362376459634715 9.28411968873533 8.859958732740548 8.978867401396629 9.53160723014704 10.423107444838601 11.543374405422941 12.742909167653076 13.82867402189482 14.588577965916361 14.828892901261053 14.395991147801833 13.188103535547638 11.181262307369664 8.418885146955738 4.905574990376947 0.8369357224327838 111.97981963110163 -1.3520865673409581 27.322017648137965 4.629447056479071 1.4732089587843569 1.1660909713285674 1.1777291865814383 1.198462829861278 1.202093906805969 1.1959494246553686 1.1884828920143489 1.1865086946744483 1.1964226353124157 1.22608052963563 1.2875492869339307 1.402122289881912 1.6107196654099871 1.996017858368337 2.7203689541370992 3.9726452585828964 4.6789567467104956 -1.4042613995166207 -6.793274454320299 -3.1600734976352784 -0.9272485270906898 0.2979026043229186 0.20173013617940283 0.09541206032943807 -0.02220726796541505 -0.15240095102574494 -0.29660766106879144 -0.4564932162547043 -0.634029074642673 -0.8315921817934998 -1.0520919148328038 -1.299131574413843 -1.5772140633151812 -1.8920040754602823 -2.2506621694189337 -2.662268978704269 -3.1383590752556936 -3.693580196509746 -4.3464769595439865 -5.120352340573183 -6.0440513404848435 -7.152273838403746 -8.484541416660601 -10.081045960835526 -11.972171606726345 -14.156884198306372 -16.565600766910116 -19.0116080660563 -21.159779865458585 -22.573822838584423 -22.886024665654297 -22.008121087691308 -20.191289624567396 -17.869415225547495 -15.445047049892322 -13.178877030560857 -11.191415779876271 -9.510357978839865 -8.115899156428354 -6.969920572794576 -6.031185046167291 -5.26191980123174 -4.6299282938545065 -4.10865477953555 -3.6764318389658195 -3.3154626619045535 -3.0107302823083497 -2.7488203848145387 -2.5164710070551406 -2.2983923265452315 -2.0732809928307105 -1.8052673832338275 -1.4227572808711653 -0.7569813496095551 0.6810849514888098 4.8620292227914 27.773433932640998 374.00102170016226 27.917716471070502 4.871704202415241 0.66543865050301 -0.7847875206924009 -1.4592085812957163 -1.848731832720437 -2.122637727954065 -2.352667859339191 -2.5747126336510533 -2.810039761597131 -3.0738684286604494 -3.3793577448376197 -3.739779858565476 -4.169955439279945 -4.687408032165007 -5.313422753300831 -6.0740222115491544 -7.000670969950061 -8.130172100573587 -9.502570045525903 -11.154742174880033 -13.105748804431213 -15.328877968872698 -17.708384738396397 -19.994078538522682 -21.79835420362661 -22.69869636498235 -22.440853523033198 -21.09465105301482 -19.006706622908055 -16.60178986623172 -14.214368140819259 -12.0360626644805 -10.142177617801233 -8.538205426646769 -7.1966550993435 -6.079008637130141 -5.146620898508613 -4.365192235241094 -3.7060092442362125 -3.1457558190275305 -2.665800348534625 -2.2513737947954935 -1.8908077379694739 -1.5748869827628997 -1.2963220310161967 -1.0493281514138024 -0.829292861745602 -0.6325142985138328 -0.45599550321762017 -0.2972825337023053 -0.1543369044038371 -0.02543499923119753 0.09091121766872867 0.1960165783094071 0.2910715911127332 0.9237642268450336 1.4011074734449367 2.459058225106019 6.232784580962098 63.59107733800094 29.97142500039535 5.295726389090426 2.5384632389366466 1.7733702067336363 1.4886559652231128 1.3782831128390383 1.3496979243710594 1.3689793820154403 1.4237521165830755 1.5124760030056117 1.6423561569126637 1.832619080300462 2.125840798380164 2.6186198568107915 3.5448308474584014 5.485005305173484 9.592988250337068 17.256522914928254 48.261282907562105 164.919949483602 26.11574171812949 17.091539010813047 14.718918516852582 14.424025976712432 14.901171967274959 15.776226365878715 17.106891164569866 19.082242747551206 21.63928768914888 24.017177140363497 24.857664385553313 23.56080620351854 21.02752668439815 18.4490041251081 16.409653496236256 15.028309432560395 14.280662115121395 13.97923205304785
11.822934026341748 10.783844924769395 9.689532166755885 8.941276499023564 8.649408410360945 8.77265451179115 9.249405799398765 10.020430365933741 11.013303079911186 12.121857659034532 13.195473266440635 14.05006558807144 14.498575657952003 14.376481694758297 13.546774228616163 11.90865096239015 9.410376439203993 5.9957258783377565 1.7401032036371074 23.836266914309885 -5.797639905766749 31.201098393026935 3.6345714054539737 1.3341736331209013 1.2374947691262796 1.2816291395674582 1.2980510882267997 1.2922035845513444 1.2778477922404883 1.2641966586856448 1.2575849828237198 1.2636630392061656 1.2893734590571393 1.3454797685049904 1.451013819588101 1.6423575322334192 1.992357059991484 2.643207204671717 3.7690008087007083 4.524976225439833 -0.8931000475073958 -6.785269377266182 -3.1058773251410177 -0.7795550607998565 -0.019916393834763735 0.18325853978148043 0.15003671514789607 0.03623848842451423 -0.08912559960168429 -0.22730772319110784 -0.3797579901048894 -0.5481965302114823 -0.7347048193507124 -0.9418413286301072 -1.1727881629685124 -1.431537423852748 -1.7231286910787418 -2.0539522852529126 -2.4321366405585123 -2.868041433952595 -3.3748790322840745 -3.9694804418447123 -4.673197266373148 -5.512864536686701 -6.521592042836841 -7.73881003763864 -9.208306643832612 -10.971743809513725 -13.053271493883088 -15.429324506936382 -17.980518729812204 -20.438954871370605 -22.380692014657267 -23.338589546442726 -23.036051633741632 -21.56784878683711 -19.337835226616306 -16.820578885078547 -14.371617804456918 -12.180529504015531 -10.311119135802352 -8.75692796394366 -7.48132542827541 -6.439681490980178 -5.589503132625902 -4.894072466820445 -4.323032723313755 -3.851720391148897 -3.4600715529587402 -3.1314175310193266 -2.8512073374929985 -2.605490542495672 -2.37871267524648 -2.149751294640402 -1.8834218396636229 -1.5093573795960276 -0.860384723544499 0.5513386780958522 4.697248739759102 27.58855265121356 375.58951379123204 27.745765948648703 4.706481445265562 0.5347001532744234 -0.8891180170371004 -1.5466205126637467 -1.9276090406828479 -2.199781077045779 -2.433651829465734 -2.664424485826099 -2.913181585898275 -3.1953993147731947 -3.524911925933639 -3.91610593042521 -4.38541763746865 -4.9525809392981195 -5.641789804743963 -6.482737280687358 -7.511221329355262 -8.768513168400313 -10.29775849532056 -12.134128101523293 -14.28349266772131 -16.684135809783353 -19.15392600247567 -21.351660091964103 -22.819668469152912 -23.161432587015753 -22.270449307254854 -20.39947576354383 -17.99643101840993 -15.478824622003419 -13.11751546315555 -11.037980452057356 -9.26929936177632 -7.791176758111702 -6.564299342798318 -5.5461782447030314 -4.698033874727006 -3.987032154838541 -3.3864064795664715 -2.8747636240134122 -2.435175684684879 -2.0543085104005625 -1.7216724962290455 -1.429010326864219 -1.1698088528232686 -0.9389143713790554 -0.7322306605119563 -0.5464819759126758 -0.3790266544113018 -0.22771010854369367 -0.09074859451984814 0.03336282562540148 0.1459231528650102 0.24808301138489658 0.6584555817695971 0.9301287792519088 1.3801084316553298 2.3712541178991957 5.904981700116456 62.126094173476844 28.301239370835564 5.023791039439387 2.4613875930375 1.7534393721988288 1.4917222052642662 1.3917997120278676 1.367789117091557 1.3883398681638046 1.4422031182398023 1.5283743958775855 1.6543842068853014 1.8399636395178252 2.1293959482424607 2.626000841456676 3.5911153883217724 5.71640185359442 10.472370257971248 19.670246539591897 57.316541342154025 74.87549023877406 23.93256157128161 16.82506035805096 15.0592913653389 14.92137968353929 15.39453116351287 16.257902758057288 17.595299922334853 19.459697048410177 21.545816779003957 23.023315910479738 23.00624069212934 21.46381410438533 19.19990238587453 16.999016366992187 15.220172460461315 13.926195160472473 13.071658944041062 12.498266228886033
10.548521805595747 9.789741547746525 9.087981540651231 8.627229508539845 8.47957888758306 8.637799674550763 9.074190200597561 9.756411788957534 10.638931305563055 11.647514260519873 12.667532543543725 13.546787373792945 14.116777463298195 14.21704168775036 13.6995124745901 12.420876726657882 10.247575273534256 7.032110693859156 2.6652163654554046 8.0493118951015 -8.10881013609243 41.31530535569718 2.5051862541160137 1.1740180622379488 1.2994565216357206 1.3785127237605548 1.3927880050738626 1.3790222213174983 1.3572078885223404 1.3374134509722742 1.3256603053507288 1.3270057997757785 1.3476012406613047 1.3969939846096722 1.4920105842914042 1.6646182093801867 1.978610879544735 2.560564126471979 3.5926620613756723 4.5437063313837225 -0.09141954553909315 -7.395281062070104 -3.2452956848919836 -0.6031286175918824 0.17538879731530121 0.3533342654959899 0.3372904655962576 0.09591075269735957 -0.02454008321544341 -0.15661557794413128 -0.3015651609086366 -0.4608750635958023 -0.6363513547401128 -0.8302245568607967 -1.0452816835572085 -1.2850334324846597 -1.5539267781137112 -1.8576164464071234 -2.2033127319073524 -2.6002275558904526 -3.0601445212234637 -3.5981391817573862 -4.233466012989248 -4.9905932227008325 -5.900272144604982 -7.00030549143437 -8.33519557733606 -9.952887603499022 -11.895116458662105 -14.17554036375188 -16.738868061968507 -19.40145670707839 -21.80189716702637 -23.43694138456193 -23.855351686374 -22.9283983823607 -20.94282962344039 -18.408607379507018 -15.789880533672532 -13.374162649108026 -11.283507012526517 -9.536550483227428 -8.102780870129925 -6.935182926097989 -5.98607082776246 -5.213296814439152 -4.581789681476931 -4.063114067005398 -3.634323655339862 -3.2766238125733325 -2.973964639185365 -2.7114315220871408 -2.4730011325609698 -2.237603550015047 -1.9707295485461676 -1.6034681764835135 -0.9709539403028946 0.4119434497559457 4.514710476381505 27.3576032954358 374.9744376917178 27.53057332920229 4.524835988767936 0.3957403849660576 -0.9989510934057568 -1.6396330861450767 -2.013497202382154 -2.2859550358358875 -2.526071875245594 -2.768377528748651 -3.033901424021254 -3.3385844637491555 -3.6972152431813567 -4.125660293802678 -4.642448841250118 -5.270142331299226 -6.036618892967848 -6.9761510357453815 -8.129769829814549 -9.543679301018056 -11.263135957502584 -13.317085425434797 -15.686806611322732 -18.254173741577212 -20.742678203490904 -22.706050447948606 -23.650035158272257 -23.286853304379967 -21.724647030449802 -19.38999750906922 -16.772715896481014 -14.233392603641772 -11.961032803392852 -10.017053528755739 -8.392487016404816 -7.048609952114354 -5.939217499681221 -5.0207307126449106 -4.255786849257314 -3.6138020677703375 -3.070327338138877 -2.606049516326039 -2.2057958213259 -1.857668636213465 -1.5523373263666407 -1.2824749349097437 -1.0423159035649001 -0.8273103361819693 -0.6338535901156223 -0.459074107219239 -0.30066621465820353 -0.15675778347020558 -0.025805101664216595 0.09349080543394078 0.3372092514802155 0.5036477750510013 0.7009169930741579 0.9694188660361023 1.4150738614255198 2.401606152808302 5.954583670033605 63.36343345549821 24.523776270798773 4.767075419009322 2.418050766790249 1.7570921619799977 1.5110899490586456 1.4169062721110328 1.3942035114223148 1.4134431109593906 1.463932551168797 1.5446118696529008 1.6624889778370084 1.8362889294466656 2.109003658071818 2.584654483853576 3.5430371497210147 5.808930871953958 11.491299710577078 23.49956136602068 70.81693574570326 54.89153416475224 22.273355154307325 16.665627780574475 15.370123250199459 15.35700192010867 15.849950441443557 16.716896819509596 17.982207079248074 19.520940365010254 20.883328272239105 21.416104075719577 20.756997070209614 19.171122438068473 17.251561570708965 15.455759486212475 13.970914313968303 12.812791374079378 11.932713431888008 11.232835553154993
9.471465529798062 8.936013234984046 8.534922982246002 8.322851262374003 8.325696185536573 8.545473671153687 8.975391250061364 9.602774601779583 10.401585140506958 11.320371656363282 12.271883854987529 13.132581150213262 13.757450549867192 14.001135191872216 13.722502722562306 12.766276138820912 10.947314561023255 8.027451239676 3.68583006173572 2.502214145367234 0.13822678495592555 72.36959813434369 1.0089746988876094 1.00366712607409 1.3686445673122303 1.4790705443750563 1.4891212036489057 1.4663511137655756 1.4361652947624342 1.4091941423335297 1.391084150502189 1.3863297238919712 1.4003762663422452 1.4417132058659996 1.5252866558289733 1.6794299415750265 1.9610917289744798 2.488119840375149 3.472379214808047 4.766271204393314 1.1943719816772855 -9.24861955027939 -3.5491057187491304 -0.27183779173471834 0.4872773061062581 0.5970044830860859 0.5335639514442337 0.41645825327256064 0.04145561205185291 -0.08444851336720224 -0.22185855421159667 -0.372046061994242 -0.5365639254468123 -0.7173403731573942 -0.9167969152959498 -1.1379969216159578 -1.384833811106953 -1.6622708642516186 -1.9766486082156265 -2.336080584391701 -2.750963718233421 -3.2346340992053255 -3.804198971749507 -4.481561917864003 -5.294609379358472 -6.2783964056170145 -7.475861349427581 -8.936928555021566 -10.71352588489443 -12.845761478693031 -15.33174585761899 -18.07396441502163 -20.809694147133577 -23.07643894259158 -24.31356857422965 -24.140748554419016 -22.618349538654943 -20.206231454823147 -17.466683588136924 -14.816865607616274 -12.47015687560228 -10.49043965405328 -8.862290041111685 -7.539003884610446 -6.467634342586965 -5.599597055928199 -4.893951719964631 -4.317471490591354 -3.8435094165194856 -3.4505142580869372 -3.1204579492351625 -2.8370978255699146 -2.5836665995343333 -2.3389512209369494 -2.0690270781446167 -1.7065573820176578 -1.0895828280743647 0.2626928098238557 4.314130961177581 27.07709774623212 372.54503299432486 27.268928452491252 4.326622095066259 0.2484776381087364 -1.1150683573937954 -1.7396095386946508 -2.1081307734996737 -2.383168483079158 -2.6322254338015645 -2.8892532056424245 -3.175427918200961 -3.5074347011576115 -3.9013854181844247 -4.375111844717676 -4.949873740439543 -5.651886132137691 -6.513739111701551 -7.575447653837517 -8.884293459189996 -10.491506983151215 -12.441839651808912 -14.749277512341799 -17.35091062330654 -20.040006005831238 -22.414339479404823 -23.930869676191868 -24.139205703976472 -22.96696629700072 -20.769199060246372 -18.08698080251046 -15.376991859362377 -12.905341013528187 -10.775554666577122 -8.994703079910295 -7.526197984705366 -6.320224529880684 -5.328025170623368 -4.5072554602928525 -3.8231263556199853 -3.247836077121973 -2.7594680897475565 -2.340851362016235 -1.978561126199879 -1.6621013242909781 -1.3832569644938046 -1.1355884206042544 -0.9140383846088783 -0.7146260584201805 -0.534208203200224 -0.37029132903752077 -0.22088315029018032 -0.08437442086767612 0.04055547917204542 0.2427208454431462 0.3966905945605053 0.5643722489473022 0.7653436872957737 1.042687738816533 1.510802844306102 2.5688477475738054 6.475615145395466 10.311632470990041 19.311830547389352 4.467281169214989 2.3865403589599206 1.7741375281699632 1.541332262775144 1.4506575590056334 1.4276130760947838 1.444256161852348 1.4901446304149153 1.563748109857311 1.6708478805898423 1.8277267035573983 2.072737643186422 2.5020142838855928 3.391375222924963 5.665218094730056 12.424238890914031 29.31800546562662 97.45831030997353 44.68007024319402 20.85842918939776 16.523395902000807 15.62050993335035 15.71541866854215 16.223131874418552 17.033059794459838 18.066886441501318 19.074580818212628 19.64095770958918 19.421049575417907 18.409247840404824 16.9235005457436 15.341619588656197 13.901488313578733 12.680784881028135 11.665820272751903 10.817233272540898 10.096942593454724
8.508249946061154 8.1657740340507 8.006146653607725 8.011827472226306 8.168753714908501 8.473678194018238 8.929389433968373 9.536149075363811 10.281717002049254 11.13060424690082 12.015294351195438 12.835290498552052 13.468939038470658 13.792156269080323 13.683357749669263 12.999611153590784 11.540472490258217 9.006885209614419 4.894439788815806 0.4378540178817092 61.122063935046256 286.8656801108 -1.2271041046030433 0.8341096719817069 1.457647742324974 1.590094971248019 1.5907206691169242 1.556190643514276 1.515775038903257 1.4800299673568875 1.453992392002781 1.441533600148151 1.4474498184671793 1.4793863402512941 1.5509369067238237 1.6880634693067258 1.9439909768013535 2.435878546560288 3.426399281026464 5.245966864887122 3.5544967550897404 -14.802056340329461 -3.3472798209935615 0.5963784990821708 1.0453102960861071 0.9612887360641831 0.7970768426238947 0.6264157803151413 0.4594721786022249 0.2950000945130325 -0.14062789789366625 -0.2817462712884251 -0.43543855344962773 -0.60335837120871 -0.7875938887240028 -0.990798631292577 -1.2163562688771377 -1.4685897566708914 -1.753028892732681 -2.0767551407655698 -2.448848517125012 -2.880968007684249 -3.388102612987295 -3.989529825378188 -4.709999913344346 -5.581099342494101 -6.642571739203729 -7.9429573434813605 -9.537998364931273 -11.483450924998449 -13.815946540401791 -16.51244566449102 -19.42189649676927 -22.188400539354824 -24.24709322831871 -25.012866260727424 -24.230828843378216 -22.169437903933172 -19.42355034263472 -16.559241413195355 -13.926138848185976 -11.667055520163844 -9.79872592720447 -8.280990004551885 -7.056667487277176 -6.0697971487153755 -5.2721434260817075 -4.624342415941816 -4.094943962551587 -3.658787565227299 -3.295222539145253 -2.986193343875957 -2.7138234229062173 -2.4564874253512996 -2.180681042059148 -1.8206671807231842 -1.2178856877811082 0.10244780652750307 4.093892440094928 26.738636076988378 368.46523125798933 26.95232859247814 4.110257334168834 0.09182231674984692 -1.239039521474354 -1.8485519083392616 -2.2138367610577414 -2.4940708483285263 -2.755174253785374 -3.030689157642874 -3.342212234677694 -3.7075438191009122 -4.144611286286699 -4.673866128924574 -5.320164882918528 -6.114497022028462 -7.095534736331343 -8.310495395370681 -9.813902388752984 -11.661075459388977 -13.89021738879899 -16.483690604508304 -19.30142517805296 -22.003759537275666 -24.04223521904808 -24.837805687679474 -24.120531290677572 -22.124898825571485 -19.413674137384966 -16.54116744197849 -13.863793672467253 -11.537651990872424 -9.590895094594476 -7.990592620331543 -6.683289912309156 -5.6145536611983715 -4.736537455677574 -4.009835122681751 -3.4029986453639935 -2.891307618500993 -2.455456351974799 -2.080397522383932 -1.7543991812404456 -1.4683024210407152 -1.2149459895673078 -0.988722405672578 -0.7852349816030515 -0.6010314048377169 -0.43339526811941387 -0.2801816160905512 -0.13968618907089694 0.007904763897793737 0.16084135696182508 0.311926814326438 0.4682874278771654 0.6416223363178377 0.8544083774924325 1.157188911260173 1.687756535073517 2.944019162227326 7.821374780547896 -221.51356224137993 13.916524396076483 4.061584399433156 2.334467752312169 1.7881444645850224 1.5732432390073994 1.487677997352463 1.4650383602169184 1.479569474338187 1.5211796416511407 1.5877255761735347 1.683320913176365 1.8206765764100916 2.030363927203746 2.3906158122432717 3.1362612015310853 5.146248552884266 12.42368849534161 38.72912111309852 180.59058704558112 36.87539989450882 19.38825563603787 16.25412627039852 15.714062990034492 15.897223688602786 16.368857701942524 17.003998277221864 17.650136862794632 18.05307751578876 17.960125813391645 17.285867507423227 16.167427734011827 14.854475705952616 13.560727029806209 12.39611536457734 11.380627856129003 10.490732379702745 9.704914707982109 9.031917840723871
7.600911132162156 7.432391444883885 7.476778238805364 7.678288866566186 7.992904178922998 8.40508449415461 8.91815955628283 9.538774924541046 10.263303797542722 11.066699404845783 11.894895295606098 12.664873320033621 13.276216294243124 13.629130503929531 13.630086740437305 13.166414204120548 12.056842254046373 9.991168333284827 6.37205473492844 0.5440500272527702 173.14696795138633 -209.38941865829938 -4.802364388562751 0.6912243632300541 1.5795300915930073 1.7167782845189836 1.6999626666623564 1.6498135712009925 1.5968573872740737 1.5505779487993308 1.5150140091152893 1.4932737600426613 1.4895130422844116 1.510731674730055 1.5697464706345394 1.691585529334993 1.9292829686381885 2.4081936337229504 3.4673577301144207 6.096147124771387 9.096370948699503 -36.654470729373855 1.2375956590229187 2.436293812217478 1.8263520925016388 1.3766667728583055 1.0658291056657867 0.8294616902597668 0.6311839325278162 0.45171163301795625 0.28054479457000314 -0.19005819563327142 -0.33312397796658644 -0.4885060950222497 -0.6579932230488499 -0.8438687598780582 -1.049053575781962 -1.2772861254731183 -1.5333519255304369 -1.823378803298627 -2.1552201318875874 -2.5389555746111987 -2.9875471638880158 -3.517695718166889 -4.15094250816039 -4.915038030163826 -5.845516385839435 -6.98718571206671 -8.394693091905758 -10.13010260372903 -12.2530141486314 -14.794869705442268 -17.705799670904643 -20.769785770998226 -23.525328983292624 -25.31039422369279 -25.555090048903875 -24.17567965456179 -21.645551410181852 -18.648893132069652 -15.71927048710831 -13.13143558658157 -10.966073751584991 -9.203114899110702 -7.784847109324807 -6.647535965692511 -5.733992019687373 -4.996945905708233 -4.3986410797816795 -3.9091342245796756 -3.5042677991781006 -3.16351498464611 -2.867400029990946 -2.5935241314382904 -2.308562898544423 -1.9483258124407614 -1.358061164228614 -0.07073336094003124 3.851120067955276 26.329317800213786 362.7433251092461 26.56737120392511 3.872790655027464 -0.07619785686410405 -1.3730885573551113 -1.9690131588461985 -2.3335081840802383 -2.621987913321872 -2.898847518974061 -3.1974646761141408 -3.5402232670359717 -3.9465364258911904 -4.436816760162217 -5.035036690346738 -5.770848535972435 -6.681557376202289 -7.81374238102853 -9.223566408416653 -10.973320247906516 -13.11891878577144 -15.678816684875777 -18.572497167350512 -21.530211357439036 -24.030870535905017 -25.406411253394502 -25.189963502253807 -23.45338521283777 -20.746386513252403 -17.718022166654123 -14.827516194898184 -12.294277547973614 -10.172524416114154 -8.434196155115021 -7.02186641739344 -5.874734943555044 -4.938841761748472 -4.169728576976128 -3.5320219129366723 -2.998028101697271 -2.5462065444947455 -2.1598271271548493 -1.8258829464258572 -1.5342419107968905 -1.276995259383649 -1.0479595714132341 -0.8422952655088092 -0.6562124885948627 -0.4867423922913266 -0.3315574997835035 -0.18882921645405842 -0.07536347052276014 0.08413807105614142 0.23754601329971997 0.3910273557261291 0.5531671305650823 0.7384525734524208 0.9756434417570794 1.3320274388317377 2.0011056584598554 3.7402844293969957 11.248294069148432 53.99523304156949 9.492852019956004 3.559236464303955 2.2409050315744543 1.7846251534532565 1.5977043378810474 1.5223399640517563 1.5032427559477197 1.5179705614833345 1.557229125468539 1.6184096588654193 1.7038706658610527 1.8222085299293092 1.9941786448454721 2.271821079832191 2.8077190654963715 4.170545459277575 9.455920666899685 64.32427218829818 311.0741982426612 28.91294265810305 17.49241648445006 15.645069273678248 15.4787446633385 15.722920644609383 16.086575174582393 16.45032313705785 16.66670390355669 16.57126695584518 16.073950324716925 15.217779275311077 14.146769801708851 13.020746737631145 11.949971439287133 10.978908777171702 10.104720915301284 9.30964980472594 8.594942116364766 8.002512946657122
6.712374784680498 6.6997492128100085 6.922425265398354 7.305134997735318 7.782623214067485 8.324229883647966 8.926871213293648 9.597075689833487 10.334346943442412 11.118764415583215 11.904181859070615 12.620268778250427 13.185799870876483 13.52739814229605 13.58584561704475 13.291282282297658 12.509466939258237 10.974927879995812 8.134958430553493 2.59069768451508 31.82223895004075 -112.24491344008081 -10.619967931603208 0.6273795415825696 1.7488720966538311 1.8632824864093467 1.8184763747087342 1.7482510723290747 1.6804143703717949 1.622017414480843 1.5755912515504003 1.5432731885727908 1.5285183090251504 1.5377710769266237 1.5834738394775574 1.6909157009831643 1.9162942029174013 2.4031523955059253 3.606380170403077 7.576237338179858 29.118054066146662 22.36151284568969 7.718598158270087 3.439229910560095 2.0736564963068957 1.4538250882558277 1.097736026366576 0.8531686879849641 0.6598304603199568 0.48991374178097535 0.32917565798320403 0.16973413730392273 -0.22981383601874483 -0.37305926092080033 -0.5283640846781686 -0.6976823958419037 -0.8835208363177499 -1.0890917873953436 -1.3185073438012525 -1.5770278651161627 -1.8713841517328476 -2.2101993212929285 -2.6045454402515587 -3.068680397464282 -3.621019959619447 -4.28540100873818 -5.092665139192434 -6.082489501013667 -7.3051041962873455 -8.82182508830939 -10.701737142669131 -13.008696293763553 -15.767837500229081 -18.89743829093954 -22.10583343994873 -24.815572838578753 -26.27737268044581 -25.976989039241534 -24.03344233310206 -21.105730428502103 -17.92456736582029 -14.968631788863892 -12.439294281469877 -10.364980639595498 -8.697404763400533 -7.3664718141927015 -6.304410582573423 -5.4537727666148506 -4.768430181804947 -4.212011944410791 -3.7556126487038943 -3.375317958503425 -3.0493809269143726 -2.754140413073012 -2.4561194004926037 -2.0925469279883813 -1.5128306962765812 -0.25951436985730336 3.581706486153 25.831685956602403 355.23859941428424 26.09573604290767 3.6099344016148756 -0.2583533705383632 -1.5200295448142622 -2.1040936101587855 -2.4706705207820643 -2.7710645007260686 -3.06827642315469 -3.3958566355313415 -3.777472066219811 -4.234831811912674 -4.791768158730926 -5.477045076596049 -6.326803158271666 -7.386804467835375 -8.713928382357397 -10.375095947142837 -12.439229136207969 -14.953269651677008 -17.887982894259114 -21.043490187598636 -23.947408706777477 -25.88006372875956 -26.190910972650748 -24.757322984934586 -22.08034704381306 -18.89818594452275 -15.784804722694892 -13.033415470202632 -10.728616402089845 -8.847688926453921 -7.32837663452717 -6.102538508773183 -5.109378867738005 -4.298938746948759 -3.6316725176629334 -3.0767936802600997 -2.610479088504913 -2.214304455442832 -1.8739914766961239 -1.578441449629859 -1.3190015928201606 -1.0889102997475495 -0.8828764508644047 -0.6967580387161505 -0.5273141826368701 -0.37201155795855106 -0.22887148411555264 -0.15571890330658567 0.013685072615833432 0.17194816162798582 0.3258734075511395 0.4832180885365964 0.655255833660868 0.8619302050463147 1.1450367395666865 1.6094835398250704 2.5902707460120187 5.663990263271346 23.47778047426428 33.27977979659877 6.426744637918942 3.0418650207976223 2.1117384384029703 1.759580370418903 1.6104291918279805 1.5515624472574219 1.540447870915964 1.558883828422148 1.5988867846520143 1.6577001280332604 1.7361522882573408 1.8388431746969327 1.9763072582462629 2.1706089536242956 2.4627307414205735 2.8204011472131887 0.6513436000041963 134.89008488029185 130.4690995164189 19.56034150667174 14.85039292603469 14.475564401983807 14.725162418520586 15.021685317496758 15.252437426402171 15.355856067666304 15.249141117329067 14.866896028386437 14.210028326846778 13.35076748284427 12.394346344918484 11.432854265854843 10.520185972573497 9.672225284323439 8.883256459243889 8.150307872180333 7.498408608245358 6.9922310093136435
5.822478490026807 5.942324052897097 6.3206158504327945 6.873256162377221 7.520094831012855 8.214322251728253 8.940819242911699 9.69921166666733 10.485586374453282 11.278918454168291 12.035288466903124 12.693052776306512 13.189496188176445 13.480814077974914 13.547771817216784 13.371526195693082 12.883137918686106 11.908340215679358 10.079116039490852 6.305107957367618 -2.632280904552207 -96.49271300604508 -20.163159221236928 0.7177536644129242 1.9793742547914075 2.0322290511696 1.9471761359949755 1.8524188788607212 1.7677061870802062 1.6960344193884356 1.6378624392672423 1.5941207342135546 1.56743822805414 1.5636380710514168 1.5948478889561528 1.6871450724362018 1.9022521780703305 2.4127235119684944 3.8577395792282125 10.352271222942472 174.50765928500755 21.81506766094145 5.057678313124299 2.4656543225971688 1.5780816856254323 1.1421534512073228 0.8730966068987972 0.6769635194121524 0.5146482809034247 0.3667213991606729 0.22185825563583605 0.0722263481330796 -0.08887942276746275 -0.26893677607406874 -0.39911205869437494 -0.5527444734318605 -0.7203706413929776 -0.9047359527013047 -1.1093516063933597 -1.3387003676093492 -1.5985022193041891 -1.8960618719459545 -2.240728547809724 -2.6445094586833986 -3.122891554224326 -3.6959388348171927 -4.389736301165652 -5.238223186445375 -6.285338941128327 -7.587056675275817 -9.211992665768904 -11.237248597984388 -13.732048835573785 -16.715356886712275 -20.070284053555643 -23.420562828362304 -26.064009360558924 -27.174822745196778 -26.329112202762396 -23.865428752208594 -20.601960210587556 -17.282766072100436 -14.32136791757136 -11.851986850767124 -9.86001382260307 -8.275462715732294 -7.019306001504605 -6.021182450664485 -5.223759714099788 -4.581895174163679 -4.060151168257114 -3.629914773710992 -3.2662185718729075 -2.9434598017527045 -2.6275481298831944 -2.2569213491935995 -1.6854593877856614 -0.46726424869738753 3.2802768294201696 25.22334009515969 345.61917302355096 25.51387506710748 3.316047151997684 -0.4581875482032559 -1.6832813674161513 -2.257527098933655 -2.6296510949344594 -2.9465343731116187 -3.2699967790913997 -3.634227247385855 -4.064864771133828 -4.586881254033236 -5.228870717558405 -6.02622670738892 -7.024013510326457 -8.27943495641404 -9.862651401971803 -11.852396412386014 -14.31827976631505 -17.274577065286355 -20.587171011085466 -23.84380994981967 -26.303293367697204 -27.15040279091772 -26.046563465675646 -23.412224074058578 -20.069641400950076 -16.71962356064857 -13.738744931547668 -11.244714260814028 -9.219283718180236 -7.593703100410208 -6.291147345285717 -5.243150117240852 -4.393815079154358 -3.6992394609202384 -3.125499360822018 -2.6465139282354744 -2.242217516871265 -1.8971185534165118 -1.5992036968000862 -1.339116870647534 -1.1095462174852238 -0.9047645724270499 -0.7202821245930451 -0.5525808898688543 -0.39890904920759745 -0.38464114182107007 -0.1859551458907729 -0.01328500519493725 0.14368956343145733 0.2927929305081972 0.4417304882249862 0.600315282782283 0.7841042384843584 1.0227433332881657 1.3836510125485355 2.056018309457564 3.765301285381506 11.569731197349324 538.7995027177329 15.101492527749173 4.504886282711994 2.5936231731191346 1.97274232524634 1.7210080519976163 1.6140802392950129 1.5764290275644952 1.577404691726668 1.6031862910927348 1.647371757544263 1.7073491122118973 1.7827754964477254 1.8747853299394337 1.9845070873615234 2.1043838167697153 2.151213647773599 1.276610328262593 -16.409395862422883 -121.14846224049208 10.382049859026175 9.950477038813736 11.592200604320944 12.72423400950275 13.417578246276268 13.797575152205424 13.953658770180638 13.910545450970286 13.655116066065862 13.183203000326579 12.526509492162148 11.747159111356657 10.913393849557075 10.0772721787704 9.265841116301488 8.485955527076626 7.738572888100768 7.03829951380011 6.431404883270433 5.997978395923533
4.924003929284238 5.144842578334584 5.6523580413504355 6.361624294522535 7.182984317307175 8.053534443500673 8.941273130476377 9.831337932700649 10.707781293890132 11.539910147140857 12.278987753473523 12.868701446472025 13.26667796160731 13.46453901049042 13.4892602488239 13.377292555625724 13.131854020866495 12.694051432909646 11.96825959389181 10.894960593448085 6.264263208128757 -195.22604308563695 -37.29670016939346 1.0125116929959463 2.278156423141575 2.223685737452047 2.0860855823949684 1.9630373225824664 1.8600826428205277 1.7745139413780984 1.7042064479394605 1.648681846633723 1.609600967495604 1.5919812099606276 1.6073444123952205 1.6821936072373083 1.8842220160602225 2.4245433221457104 4.2459606638153495 16.520819573729256 50.42474843560344 6.716427480214946 2.679202100049745 1.6228205690112092 1.1623924564695012 0.8931247080934323 0.7011586406453587 0.5439523325573944 0.40196185980292465 0.2642389221630975 0.12303744092982727 -0.02883124851289387 -0.20006025621359463 -0.40372997171076064 -0.6633100564982689 -0.40957357213336054 -0.560213751013372 -0.7249228497918571 -0.9066829217211128 -1.1092891633092925 -1.3375647866560025 -1.597641072510461 -1.8973276949006928 -2.2466084755805715 -2.658311101503392 -3.149015888456563 -3.740285897351706 -4.460309484826917 -5.346020297028682 -6.445629730041941 -7.821103586650006 -9.549050382400024 -11.715972148739588 -14.398628127026392 -17.61205938199499 -21.204041403120538 -24.707602850505722 -27.28701898802057 -28.045575206989483 -26.6731420834624 -23.733362962221616 -20.179462877303045 -16.748255062113483 -13.786677411183852 -11.36966249377279 -9.44707947871489 -7.93173283201911 -6.737700532117376 -5.792656885779714 -5.039305732308721 -4.433047066466997 -3.9386353850631717 -3.5264958817571648 -3.168106643671245 -2.8281076252702904 -2.445818415746717 -1.8798732929157895 -0.6981266858665027 2.940060866831566 24.476157439635887 333.26526104425596 24.792332536763233 2.9840295727192636 -0.6800736218615794 -1.866976311766209 -2.433874659950111 -2.815881157017218 -3.1551671574105327 -3.5126999991622054 -3.923970453331062 -4.417582260111651 -5.023186803356419 -5.776129514719844 -6.7211647793856235 -7.915841735282834 -9.432903392297929 -11.358941802666784 -13.782153069074111 -16.753923170445304 -20.20021172280225 -23.77287598338006 -26.729432796339935 -28.107526924906374 -27.338904755878893 -24.739510725254352 -21.215984227501167 -17.609662413670108 -14.388047929260617 -11.701743654741076 -9.533954660377042 -7.806660806431404 -6.432584561279458 -5.334675232218419 -4.45072544388486 -3.732396040347116 -3.1426885359417787 -2.6533842681945883 -2.2429089420768973 -1.8946817330018424 -1.595880649368957 -1.3365312709269601 -1.1088355882083465 -0.9066753498279309 -0.7252411219693731 -0.560751772068096 -0.4102392256397601 -0.24303647265061834 -0.07359961250543123 0.07627822006473406 0.21309317107979742 0.34204532781627517 0.4687284984931992 0.6005921564710133 0.7491212997528376 0.9345429110016248 1.1982951033633993 1.6424828065431503 2.5898786505486786 5.575203261025882 29.521796018363503 68.79829683699762 7.796454936870695 3.357534865426533 2.2525120762076183 1.8497714863238408 1.682188449827983 1.6158656236091766 1.6012494220040194 1.6169677363046477 1.6529551812383543 1.7043175287685934 1.7687205699470394 1.8449407382558376 1.9311870142268506 2.020170025861977 2.075825534037571 1.8814175448212702 -0.4194052691094567 -58.372811797492666 -47.36033041911698 -14.843937820023815 3.204271259918361 8.50526399355639 10.732759405626094 11.797355836593798 12.292280834116482 12.4608275100173 12.39655423137934 12.131019989462507 11.68685636818712 11.099940510577138 10.41707750414733 9.683008510485827 8.929580196857025 8.173230703137179 7.421163157424585 6.68419631778611 5.992895968944408 5.409757342724355 5.024706643159626
4.018603536530984 4.301313437319719 4.903633124177746 5.748263537606158 6.742868352820401 7.810750468118263 8.899565982189806 9.971511333813893 10.98674092614731 11.891930142512258 12.623313073878935 13.126956707919286 13.386612081527986 13.439541176633494 13.366295424252833 13.258800310202384 13.187333587089007 13.204579201186469 13.49082007880654 15.17417852702063 30.491614167879536 367.85144874402386 -35.513420784559614 1.41316274480101 2.638603946609248 2.434339382221785 2.234216325502618 2.080507853425639 1.958735463982069 1.859152746732486 1.776722088946132 1.7094553870424931 1.6579566287031944 1.6262415941258048 1.6247571929886435 1.6793644107876684 1.861834247795837 2.42629512042046 4.8218157267585315 34.800246938545776 13.010799480476823 3.2564384740610497 1.7722998754689159 1.2550330904020504 0.9829819022483511 0.7982851908686379 0.650167503505688 0.5178008184372942 0.39071614949158084 0.26230107083737403 0.12701999094994015 -0.02131681891632453 -0.19140284050763062 -0.3975784922082102 -0.6667690985113937 -1.056666316388986 -0.40363925038297116 -0.5503094992956314 -0.7112173180187196 -0.8895575266866409 -1.0893683895677515 -1.3157524359945514 -1.5751675271801608 -1.8758164748609993 -2.228175322485516 -2.6457164447599872 -3.1459032161739566 -3.751556158946628 -4.492707253891193 -5.409041425403597 -6.552894821923763 -7.9923406861015005 -9.812673994589556 -12.111599180573045 -14.976963219183002 -18.42526058107632 -22.27381053377581 -25.963254965400658 -28.513060610885432 -28.948351824539426 -27.080500326659738 -23.69915193212835 -19.878788102371537 -16.341363113246825 -13.371351341821512 -10.991808472270401 -9.122406739615514 -7.661368796408989 -6.5167454740020645 -5.614210850054326 -4.896034027886062 -4.317389771157052 -3.8419931302550308 -3.436938674185666 -3.0646226282624554 -2.664734337257599 -2.10089935503692 -0.9572049706187309 2.552618168444355 23.554921145592896 317.09190466984705 23.894477307655134 2.6050752182915984 -0.9293858665796426 -2.0761898222067776 -2.638863613409464 -3.036391136263493 -3.4059888906219458 -3.808285054362793 -4.281056844901015 -4.857362961142517 -5.573690838844568 -6.47518994702799 -7.620143457122384 -9.08382611244339 -10.959785312564424 -13.352348587853392 -16.345429679272655 -19.919538173684344 -23.789648870667126 -27.221503698268663 -29.114770991120334 -28.660622027616952 -26.05904416924709 -22.31380267379998 -18.42391486552957 -14.9515286870028 -12.07499648687573 -9.772838878384997 -7.953613976239971 -6.517425781913955 -5.377744279972704 -4.465828896584464 -3.7289930861473337 -3.1273736606650546 -2.6308530075578367 -2.2165750324522553 -1.8670683368946817 -1.5688682086063528 -1.3115156467126126 -1.0868307961954689 -0.8883826195520204 -0.7110979209715834 -0.5509692546864511 -0.4048332507990853 -0.09387862743843212 0.03757142495221499 0.16213458411425719 0.2807024267259788 0.39392704676507906 0.5030882401379841 0.6109032609846199 0.7226251258608953 0.8478755171841781 1.0044822989247306 1.2282242800425278 1.6010999595080115 2.3365294214987777 3.655080149513518 -47.3606637284868 13.81049430288422 4.809222836307586 2.683793108922761 2.015102850643882 1.7567963672053994 1.6540455197481971 1.623235495772515 1.6310935253447225 1.6626419115547233 1.710618233490298 1.7713330579683673 1.8426897712339723 1.9226926579175987 2.0068513583325407 2.0796001856579562 2.07407286485824 1.6099433921167328 -2.5989824602171967 -165.9017034409813 39.03969409934951 -13.86575616671661 0.4328812953901684 6.350922482147921 8.979083981454995 10.234581839673499 10.827343125795373 11.055043058280017 11.038967727090197 10.828079433477445 10.452439814771694 9.944423937443094 9.339840181263371 8.671036969058544 7.961228136114373 7.224523431608774 6.472384341464402 5.72516487727272 5.025363042233836 4.445554605337268 4.08064707520537
3.1127295454994086 3.4133135954878777 4.066603743985799 5.012220472854135 6.165005028362764 7.441307619783467 8.76893840240227 10.079601057567086 11.294086292177877 12.3163543626525 13.050998832737662 13.442880008915838 13.51309786765241 13.360736987348393 13.128554229118023 12.95970543149078 12.975568565192301 13.311512371605215 14.349954247143646 18.055955454119562 47.06077510676198 188.5186361828568 29.24174962003513 1.4025382899375272 3.031729286098699 2.656900272241766 2.3895192754163412 2.204830205528795 2.0645221903195607 1.9512025522784735 1.8569010051803736 1.7781767157539217 1.714597931238584 1.6690895513320307 1.6506458321411106 1.6833108038101177 1.8396305334460954 2.4142261942870333 5.716601318872917 -505.12150454731284 5.572408467784679 2.1328343968239145 1.414520396358996 1.1108196534576706 0.9257434055572256 0.78515262448503 0.6630963925182729 0.5481572582827325 0.4341208717651944 0.31662702933257514 0.19156652719617712 0.05388989426616914 -0.1038757340259493 -0.29427065115401135 -0.5406337980162447 -0.8913304224538017 -1.4598810798325037 -2.5499982156390835 -0.5235675441563449 -0.6801194012964284 -0.8544998971720665 -1.0509216056500161 -1.274673539070172 -1.5324192218246397 -1.832600978872998 -2.185995394092641 -2.6064837641878245 -3.112126551483361 -3.726661386035082 -4.481572460423003 -5.418877928181167 -6.594670453478406 -8.083006373746208 -9.97842395484725 -12.391942223302944 -15.42760189357596 -19.112861195630018 -23.24697938988815 -27.183675134991102 -29.78158074157369 -29.95800357508776 -27.633364110279146 -23.827331314461397 -19.739216842522275 -16.080992581883578 -13.081712927654337 -10.718192429777957 -8.882814653790003 -7.460111297539137 -6.351942390897259 -5.481353200126534 -4.789293328353317 -4.229448332906186 -3.7622369325351723 -3.3462975251588762 -2.9208583678653164 -2.3546757722616576 -1.2509081759681273 2.1073350133637287 22.414996574723933 295.2341077770124 22.774270762371955 2.1681912428334753 -1.2128321918321479 -2.317340106000581 -2.879943077316316 -3.30061154914605 -3.711455842969335 -4.173598228266531 -4.72863510155068 -5.416420059180388 -6.28369944201769 -7.39028317197743 -8.814488479413628 -10.656869142683309 -13.036998743854964 -16.06884478942954 -19.783329849340365 -23.95466327911724 -27.85517174717918 -30.240278975437008 -30.046120845594565 -27.36362123212096 -23.32854896610923 -19.11970256451963 -15.390261738967421 -12.33351779888369 -9.913063975706047 -8.018437788034317 -6.534750970072212 -5.365310651933225 -4.434907606478356 -3.686847043850455 -3.078803336412565 -2.5791408637488527 -2.1640534063362007 -1.8154566350776888 -1.519470447269172 -1.2653343943472672 -1.044631934332752 -0.8507320393656367 -0.6783830661359918 -0.5234133119729345 -0.18441532414180895 -0.05553093683054308 0.052732765817514404 0.15691755348788416 0.25906758015258924 0.35875682933051944 0.4552351445492506 0.5479890869184647 0.6371183629003008 0.7237372165110458 0.810210168118475 0.8993521588541507 0.9885092971164186 1.0332089617085587 0.6713556143052628 -3.4881590407120058 -8.28018720488626 6.290941074485007 3.4663994579077726 2.288223428753096 1.8603015893484738 1.696420412979811 1.6421889460373476 1.6412017782567085 1.6698670533258864 1.7173171475020266 1.77820573571122 1.8496823926448391 1.9297322248801296 2.0154908147320523 2.09950715874833 2.156474594260561 2.0788376590522457 1.2404024359086168 -6.49426396771519 -47.41560092851831 18.093288219924748 -9.618987695513344 0.11471909683087045 5.206726115588285 7.708559492130826 8.974178761053702 9.614056856352759 9.900037273021617 9.945852191233625 9.798801649452601 9.486819188384121 9.037397665397688 8.479899992037241 7.841270120147669 7.142470897966799 6.399370098457343 5.6288230687529754 4.858707646316507 4.13861720207436 3.5450761636322294 3.1734054459908694
2.2137714098108896 2.48756109907577 3.140326339016334 4.136750534910018 5.410876206253849 6.884861383209911 8.4751795190743 10.081745624139618 11.57025716785126 12.773027230721251 13.534366289980703 13.789495559698624 13.613363181011216 13.19013994396304 12.734853559219168 12.433521977916463 12.434372075276531 12.909392632533821 14.32272672898553 18.901283281127785 49.749855873885366 134.99902772471359 68.93240602387463 -0.9262587168511871 3.3796188279631094 2.8774839729815396 2.5483829752071654 2.33545732714636 2.177891784102979 2.051411469394679 1.9455719983451703 1.85574609226197 1.7806310294017293 1.7221523586211729 1.687806867719602 1.6993205049496256 1.8279260664596635 2.4077263182194955 7.3972392951556305 42.597232028154416 3.0923322738953662 1.6584074083533946 1.2616602104104802 1.0617002989077309 0.9232452661788544 0.8086015013105852 0.7035913657364421 0.6015413440817547 0.4985077735515043 0.39143449089440663 0.27717005788059235 0.15163025802351127 0.00866537216910973 -0.16196405336114783 -0.3787771021789834 -0.6780772335595595 -1.1362753770004668 -1.9075038157559474 -2.872297344059275 -0.481425752683213 -0.6333291498403226 -0.803387917837615 -0.9958937866711565 -1.2162006372902292 -1.471024996155864 -1.7688591048972775 -2.120545786274601 -2.540085969179454 -3.04577976381605 -3.6618410981570957 -4.420669276192603 -5.365985227849015 -6.556969015115309 -8.073145522749606 -10.01846080862542 -12.519320377010008 -15.702379287280374 -19.620340212163104 -24.07729238803248 -28.357856695589447 -31.139235697909516 -31.166933718909902 -28.429307812438093 -24.19056675787418 -19.803458281356864 -15.987733007868236 -12.925248203069817 -10.549473430145547 -8.725738685907112 -7.324023941093633 -6.238815110513676 -5.389271250557381 -4.713573056938647 -4.161697154818795 -3.6860487681339076 -3.2239870941210693 -2.649318529380877 -1.5875333375307137 1.590566884257273 20.998456862303705 264.48248053947435 21.372453815000632 1.659359406021403 -1.5390245470682864 -2.59884398002369 -3.167185896758174 -3.6216888670230483 -4.089422851931388 -4.63341848735109 -5.301602637068324 -6.144484049267033 -7.224755486902636 -8.624900923501002 -10.453506741114268 -12.84615483576546 -15.946859853309956 -19.83525776732199 -24.339574806381407 -28.724689884619817 -31.571229497230764 -31.53522249793733 -28.634771216211952 -24.20796936810277 -19.63915889850389 -15.65513615484716 -12.4402693545357 -9.928286635969036 -7.983029729476391 -6.472486756491485 -5.289643300688976 -4.353354945699252 -3.603603812979369 -2.996242358119887 -2.4986587306476666 -2.0865378968038604 -1.741537437496914 -1.4496462869682594 -1.2000303864782476 -0.9842185874600226 -0.7955244401472092 -0.6286312169192414 -0.47929005998713076 -0.3740560120527423 -0.0688407074507833 0.054870426544739025 0.1491867591536507 0.23724983929893328 0.32262198657436103 0.40506873094325657 0.4834620168037804 0.556366656596823 0.6220843069256532 0.6782734807144035 0.7204128349039407 0.736543911324773 0.6888638561745519 0.4413735927730773 -0.5504079383198537 -3.629001199471473 0.07268981189180224 4.216723099214551 2.8079289104622633 2.054788741855369 1.7655403022160239 1.6651772146039208 1.6478756612838632 1.6720320610170973 1.7197735937010405 1.7828253202249496 1.8570964777681875 1.9402486499617693 2.030133164971213 2.122724655603736 2.206746725495784 2.243274852217432 2.060481570899774 0.59603917090687 -18.286462140296244 -5.822457229371647 0.4377110136251723 -6.086701352427084 0.6987901793344324 4.732777366988579 6.896622927899052 8.070600464370989 8.713308902028613 9.037494696268048 9.131681685760004 9.031931346598343 8.760114664269892 8.339459202893625 7.796401683602019 7.156898693609939 6.443351605261754 5.675374019447575 4.874998220675184 4.075032253433137 3.3275660293892355 2.707721638811321 2.3069787591196222
1.3267784914131122 1.5331056926350954 2.13092061318705 3.113957289701509 4.445789010676729 6.070579743435767 7.91206571519462 9.851822477505658 11.696198934316158 13.173905857394809 14.021679192208506 14.139440109343337 13.670717513568075 12.914461734169468 12.171120171835208 11.659495011133467 11.525726377409987 11.922066535578372 13.249710664240627 17.39234947799142 43.09889854195515 113.30068092915741 107.68250275692702 -13.502446889108905 3.4477959369509077 3.064045563666468 2.7034188720243133 2.4708018809821155 2.298841236114426 2.1601263412845277 2.0430553166191756 1.9423933427529625 1.8563013023302395 1.785999969831445 1.7378955585068416 1.7322010170935258 1.8415993098647159 2.469902602093092 12.07901307595252 7.367648652912014 2.0632222605222834 1.4340515269515852 1.1995665130872184 1.0575779250068447 0.9471665476448463 0.8493274619262247 0.756290259446272 0.6640706264525185 0.570059232312681 0.4720043192346458 0.36739485522062565 0.2528604397212736 0.1233134323312492 -0.029556425495552152 -0.22018734031042209 -0.47483117871735336 -0.8402283518135083 -1.3606858312839925 -1.4198772484254683 9.491361452584382 -0.4260103628451258 -0.5731187314351245 -0.7385332979789323 -0.9265084807424765 -1.1423195771456587 -1.3925604886675496 -1.6855581884801927 -2.031956274655502 -2.4455440147974192 -2.944441984002097 -3.5528036133497185 -4.303253033957882 -5.240338228293222 -6.425271548222088 -7.94195234839546 -9.903122727781255 -12.451913569852312 -15.74435613122938 -19.87700181076844 -24.695014893248743 -29.453526021969658 -32.63085923858731 -32.68805296449226 -29.59135255828558 -24.879455558807912 -20.124315620455853 -16.087512470370697 -12.912225117174476 -10.4876797706625 -8.64915646760618 -7.249205386369479 -6.172576461486723 -5.3324766860412405 -4.661907686715379 -4.102763307222874 -3.588031189618347 -2.995999825970118 -1.9782120024035632 0.9842194097647166 19.22763945525756 219.2676103240231 19.610116419501132 1.0601271561978125 -1.9194168296161536 -2.9321849459963687 -3.514780240912937 -4.018720330149529 -4.566585741928204 -5.225834359980919 -6.055076448875964 -7.1222084208012735 -8.515805538264129 -10.354664726273874 -12.793097247032932 -16.00829035767498 -20.13058290633321 -25.036707719130085 -29.953687698125727 -33.218232081392294 -33.1647690978425 -29.828441776474573 -24.87216794250579 -19.90564214761285 -15.686984170090744 -12.353564444645858 -9.790234823696808 -7.828540052632357 -6.318249227696883 -5.142824240773922 -4.216397881487769 -3.4767538362686827 -2.8788374871428832 -2.3897720889778515 -1.9852809459069303 -1.6471865782180517 -1.3616779351244082 -1.118109689570816 -0.9081661905351317 -0.7252747488100579 -0.564189668441718 -0.4206935823836101 -2.6536595281263313 -0.3326313517386019 0.024538591479921656 0.1537368210808567 0.24169145747378623 0.31912470654377495 0.391708594839707 0.4597493347896351 0.5220314310301997 0.5766188526626423 0.6208141167817067 0.65041440459276 0.6573766478077466 0.6231049088856565 0.498942920100257 0.1495427607726012 -0.7477922625388222 -1.7583097839256734 1.8444322066124705 3.435631641466598 2.462010203059327 1.9166483938496153 1.7126702001938259 1.6577535764632505 1.670019049987613 1.71612969413062 1.7817018299001357 1.8601404404225477 1.9481737291458865 2.0437143242573073 2.1442271523104144 2.2440265027760633 2.3263450213638803 2.3308712494853974 1.9715188051278996 -0.6833716057209116 -112.55451432326767 33.200626292079846 -3.6908473168355087 -3.5187300309317084 1.4507164451028336 4.603101033101945 6.416479176327692 7.471908123002764 8.095753568542172 8.439496586654252 8.562490271196815 8.486828259287936 8.227785559191535 7.805993772618686 7.247981465820576 6.581898078820727 5.833928196666673 5.028317514744786 4.19141442175281 3.3583857678700895 2.580005998668532 1.9258293873179326 1.4798232660540451
0.45241087084652776 0.5589234271259937 1.0515368570643908 1.9509175035202342 3.2537453917355377 4.938232842732291 6.957907089852379 9.207526102337795 11.460841726771777 13.334686081516438 14.398895670440334 14.451936893742364 13.692641653927371 12.562754542476277 11.46916104377285 10.659040074001673 10.248603640117008 10.307685632624448 11.005762666207719 13.190775786056893 24.857994128100305 86.91520364369904 104.98337940533125 5.440344255091652 2.459055865839694 3.1281001497631076 2.8371890086469063 2.607063634825187 2.42690902898565 2.2775937623393023 2.1495341251194713 2.038038721980808 1.941298435158541 1.860318626474693 1.8012448682978637 1.7850979023416573 1.8966827963102322 2.7265948102352935 27.244904367528953 2.1187372779302596 1.5961934319554214 1.3298821548874216 1.1846280083351002 1.0774737617366341 0.9850600279792996 0.898738952444704 0.8144727305666889 0.7298892156891101 0.6431935028117455 0.5526348556366101 0.4561175654486311 0.3507631132565522 0.232258005619629 0.09375224808673888 -0.076034950038263 -0.2955067487622405 -0.5883255687712081 -0.9156740526602851 -0.3214501644802379 10.569705752701651 2.641717206807712 -3.489120013917498 -0.5019983114289898 -0.6623292237058426 -0.844913656873991 -1.0547934696428034 -1.2982535950427863 -1.5832288322809225 -1.919882095628297 -2.3214336352627436 -2.8053593021368357 -3.3951326103611463 -4.122764771319399 -5.032494948410152 -6.18605986799361 -7.669867965105023 -9.603593330119315 -12.146635164855514 -15.489471639182574 -19.79276546263439 -24.993030542986144 -30.391565307287372 -34.27865323599125 -34.65787107945272 -31.28666621779383 -26.01981204963709 -20.775152601082425 -16.41668735822058 -13.057723423286621 -10.536762135017161 -8.651549600279806 -7.231618719411546 -6.1480346144441445 -5.304766269413063 -4.625313179797592 -4.033593099050554 -3.4107303697221076 -2.438450557913918 0.2634079870655892 16.994327985553824 149.90907450646833 17.377823460570966 0.3452662161312209 -2.3698408384954446 -3.333685247645067 -3.9435869101964167 -4.52073188312918 -5.1848397728041995 -6.012535703283083 -7.081164300236329 -8.488528303209307 -10.367374773503876 -12.896137343010386 -16.292782538371053 -20.74610230741656 -26.176048089083142 -31.71441370748901 -35.31900533815544 -34.94700419896343 -30.848844015957802 -25.20046182858251 -19.82172263626904 -15.419127680644308 -12.030399012534268 -9.471511177419494 -7.537413418154835 -6.060721891776822 -4.9176167483342645 -4.019587813052288 -3.3038455135309768 -2.7256272125874785 -2.2526628181637234 -1.861351211397493 -1.5341539480272182 -1.2578210129544192 -1.0221775922798966 -0.8192884279315166 -0.6428771784551024 -0.48791893388458224 13.328513093574912 -25.422216672652745 -3.0520174518099275 -0.3153102549799698 0.10820781575440486 0.24970761665138322 0.33574686803748666 0.40588941694165076 0.4683827425084748 0.5243139902294207 0.5725981049932473 0.6111396723308213 0.6368927545332923 0.6450754464745344 0.6267454176641004 0.5625297986232917 0.40765833804961704 0.06547795671387968 -0.5453986714874359 -0.40987500592441606 2.5141641707568034 3.102013390539131 2.2704686941990326 1.835128269270649 1.688482252197446 1.669015460374602 1.7066912039040714 1.7730049151498797 1.8558543226499729 1.949810352801471 2.0521485440916423 2.1608243454212666 2.272618058248298 2.3794120690356455 2.456047495090685 2.405947093966914 1.723145600096506 -3.557628362695626 -75.02373867195702 32.79931796240612 -3.8510285262140256 -1.674603747645988 2.126861573971328 4.625048574842355 6.150360659642184 7.10065762529511 7.7019748237043295 8.053563668475824 8.187986079926707 8.114203273409652 7.842265439834208 7.3925918290685555 6.794692836030608 6.081471439817369 5.284445854684749 4.43268673430759 3.555673089887955 2.6886470750012754 1.8782217340835567 1.1855345595546454 0.6842953924680266
-0.41311628804861655 -0.42692690016209967 -0.07710436953699151 0.6766248882757537 1.8586264464007896 3.480860499939933 5.537492126225885 7.969111602274996 10.577622389322181 12.92827959174218 14.409955042993872 14.610422993594177 13.685911390978893 12.210067929290002 10.726687165384327 9.528385024664185 8.690208644460604 8.150340059838676 7.708999019837918 6.6999516392168506 -0.6732324403283929 7762.859684065993 51.44106824178723 32.0847355309226 -2.48011876328314 2.8120306878885732 2.9072055949449935 2.7362305772289552 2.56163067311451 2.4049108591539436 2.2660122807183924 2.143121271574354 2.035415698193125 1.9443533208931927 1.8769059059440656 1.8583262477898748 2.004465327527474 3.363675615751995 15.285519592978659 0.8953771720468691 1.3902906926465435 1.2928990516323717 1.197266804731018 1.111248796749586 1.0305499748100257 0.9522656922206413 0.8745184119705678 0.7958832868082334 0.7150407409523333 0.6305283275056099 0.5404926901667766 0.4423620322775036 0.33234679416758567 0.2046569031280061 0.050434249943210885 -0.14241343933366268 -0.37821415727256813 -0.5459257498949528 0.6164640010790983 11.781722268173972 1.7357775014517571 -3.608594407577314 -2.35462294601506 -1.6391764427385294 -0.5769126693227176 -0.7528748646391261 -0.9549080682346063 -1.1888053409809867 -1.4618864352713479 -1.7835536881794691 -2.166094754496137 -2.6258523618519516 -3.184944241420096 -3.873811619516387 -4.735011023984156 -5.828832144281889 -7.241433725444822 -9.09586272601023 -11.564261150175636 -14.871796012020168 -19.25900904862949 -24.81200204342759 -31.004031865767836 -36.034146346482636 -37.232135291000546 -33.76003064020291 -27.80501121495429 -21.868352330820866 -17.03031635348344 -13.384698412779935 -10.703441681274018 -8.732048160831722 -7.267274186078877 -6.160166850662057 -5.3001423748255325 -4.592609559520497 -3.9174183670530325 -2.990691145586151 -0.6074623329704527 14.141214678374013 40.183237207253256 14.516924014085774 -0.521163203579568 -2.913068540991784 -3.8275541290993393 -4.485751425656153 -5.174203226852789 -6.013864480093889 -7.100075278172329 -8.545018793560885 -10.501475121146887 -13.181517424637052 -16.858790068253853 -21.79822089679893 -27.95764387020401 -34.26214057178127 -38.033055166137444 -36.817857885143404 -31.505795331213974 -25.018947277266058 -19.27256830842442 -14.784216079821071 -11.432326885554636 -8.94978867677581 -7.096205758865019 -5.691502788250655 -4.608653942751064 -3.7595369070350397 -3.082901241282187 -2.53572305624897 -2.0873340114741583 -1.7155045416209997 -1.4038344225185362 -1.140003985686275 -0.9145915711377284 -0.7202659135262528 -0.55122907145352 0.7337018253640477 2.9637377757156385 13.810039046721322 -25.98634206365829 -3.6119296397035576 -0.32577066283456446 0.18241882910654916 0.3424591831864879 0.42987012389007323 0.4948150691165484 0.548621026148166 0.593368753157515 0.6282922785725815 0.6514369991751563 0.6599324440510219 0.6492971523931731 0.6111561566814767 0.5279631154328726 0.36360964892923 0.06418649064263482 -0.27465210925308625 0.5086596462001065 2.9514647199039725 2.96596354614916 2.1595336006242745 1.7869850196524995 1.6834786638313353 1.6945907295411957 1.7558993350176955 1.8419405918458907 1.9422756546629103 2.0523747317003815 2.1698973799284937 2.2926609808442544 2.416383320356429 2.5293220087024775 2.592876334426781 2.444988844659895 1.1303960518971177 -12.618317186729708 -2.4387988216135277 13.134644853539491 -2.9776441512952667 -0.33377157940529756 2.6735956148034092 4.703789139501201 6.015731610853766 6.887987294438935 7.4719880348126235 7.824905960506241 7.956554054609275 7.8649849343997165 7.557368134582599 7.056755560878939 6.39846583192105 5.622242937798359 4.765827612347949 3.862733662908208 2.9441732311467628 2.0435312468851254 1.201349325379446 0.46879174626548825 -0.0921986388934728
-1.2756709777872142 -1.4156165304917931 -1.2248930222328749 -0.6523784176312396 0.34306230132352544 1.7945994098806208 3.725790588861236 6.125826056009915 8.871820709192463 11.594688271937471 13.624955821835272 14.30382704632838 13.549266991076665 11.92684668076911 10.115163397016158 8.502750470723353 7.163941546454977 5.938566730396946 4.369964575689362 1.1467297922655364 -8.964119546789364 -42.85633173474541 -83.48913674838118 33.118529840352195 -27.788140060368175 1.3930253811577928 2.813215019534547 2.8437917551929615 2.7047491955655936 2.5468728791192214 2.396962803764419 2.260826895634036 2.14028884967476 2.0380937028944186 1.963030429440476 1.9477164353008574 2.160238600392886 4.563512736523643 -37.770996810710955 0.6443350275047468 1.3242960632743896 1.2978541265157628 1.2271619181299067 1.1529406975554668 1.0794615765530982 1.006630325994611 0.9336542361406766 0.8595722036656048 0.783277869361406 0.7034204201137906 0.6182357100381177 0.5252883450684016 0.4210840969161669 0.300546243033717 0.15667520686102643 -0.017240503958535935 -0.2074207986020964 -0.22857380124466786 1.536787203731084 13.41637390049955 0.8188194203116979 -3.8396310083818097 -2.3744361541117787 -1.5498658886102996 -1.1962600220072992 -0.4839052502869255 -0.6515768813385798 -0.843353121974498 -1.0643699900985086 -1.321129442205821 -1.6220138429741318 -1.9780320775213913 -2.403913403500341 -2.919730548882966 -3.553338284268594 -4.344078663079268 -5.348451125805203 -6.648765039318537 -8.366009550644423 -10.677467356923138 -13.834876218263943 -18.160114775731294 -23.935876190295744 -30.977543571365743 -37.67110503772385 -40.54438416810753 -37.39224644236712 -30.56197367155337 -23.59168909579483 -18.01721535317616 -13.929063062718614 -10.998569090497378 -8.89097657986792 -7.353386636259201 -6.206762667237305 -5.317282793683223 -4.553394734359319 -3.6687209560146843 -1.6814616592118055 10.429212461085662 -132.76009703674094 10.786564914001053 -1.592614026900349 -3.5832317100117916 -4.451401012086805 -5.193584642510032 -6.0584499671975305 -7.178321045638348 -8.688280656361686 -10.770882039168002 -13.688371977802898 -17.79838521893673 -23.479129498968632 -30.718632722570582 -37.99572187684508 -41.49514183134448 -38.52191751221623 -31.459756011485915 -24.101378993454063 -18.141264117599476 -13.727398968834315 -10.534183759547243 -8.21322884782965 -6.498947295573474 -5.207236498454316 -4.213820681078961 -3.434821538152023 -2.812996299532957 -2.308653326693294 -1.8937732837515182 -1.548203248076844 -1.257170283735698 -1.009636525660159 -0.7971963847179563 -0.6133277653128207 -0.45287781693611723 0.21312415109054395 0.9271926331000404 3.1586141945545076 15.31362332069246 -28.333251542164504 -4.417719909223571 -0.37264838747034146 0.24469209393897473 0.43023967471830266 0.5219306937367193 0.5828913068591394 0.6281332827000187 0.6609703597616863 0.681194764377159 0.6873844125809958 0.6774413392512564 0.647940197237338 0.5918539471925546 0.49408551798754896 0.327103406311664 0.07443610574978266 -0.03269708726816134 1.2284777753716725 3.3849118730909282 2.938651709949804 2.090962708369954 1.7568780260813186 1.6903704331573164 1.7307748371890757 1.8158757555694218 1.922373572087404 2.0412354130489505 2.1687254493306813 2.3027944519147034 2.440942246115801 2.577307316734898 2.694618477508824 2.731722766630032 2.400867943349845 -0.2207985466173894 -89.54998648707263 22.709954177409774 3.571905910806416 -1.9111419971873698 0.6547409120327767 3.095477261276969 4.794449157386903 5.957836703535229 6.779232748484468 7.353164002022876 7.702864089917429 7.8192462321926985 7.692132556824567 7.328703714738976 6.757751826636831 6.023030280645257 5.172616426309219 4.250620193779113 3.294031751950379 2.3342214887416075 1.4011419994779737 0.5282197895294745 -0.24366882461199513 -0.8643745586517964
-2.1388317681335822 -2.393403057975399 -2.3496249747621745 -1.9516244179647004 -1.151444947223791 0.08997139861738035 1.8025258424926203 3.994668218836818 6.603516326681832 9.38439132969913 11.796332165441992 13.121088408605505 12.96660584091533 11.630871015628767 9.780135411498211 7.921137198891497 6.2216089877511305 4.5633191705756575 2.5511294008580747 -0.6993806827384743 -7.229630277908073 -20.949501393725424 -36.292785989553884 9.593418703881834 -34.44129500671235 -2.9682861566214753 2.3376360201891417 2.907790019225141 2.8654917555741832 2.7179441244128233 2.5560043575012426 2.402075115216601 2.2634235698610703 2.145024054573767 2.0575848030766375 2.0402676656022907 2.313527745399607 6.18165053574217 -53.86193029905995 0.7576712418858884 1.3459447133805313 1.3313038114300686 1.2675916263816627 1.197806870626581 1.1278860656682874 1.0583757450567541 0.9887021695060347 0.917949034474863 0.8449777073024429 0.7683704658792134 0.6862872999606195 0.596239438556026 0.4947752790398804 0.3771682570100917 0.23776428152930018 0.0747029574178053 -0.07915119306256013 0.050884306242645394 2.5776800364001584 15.7063680891549 -0.24120172232088066 -4.189245452533466 -2.4797971616281407 -1.528663241319527 -1.099193827902408 -0.9225581940893368 -0.8789950972631854 -0.541574213766753 -0.7202672312351743 -0.9247060927324804 -1.1604077281453022 -1.4345153692934274 -1.7564577583791636 -2.138918811353898 -2.5992856235254163 -3.161847326826582 -3.861192868837536 -4.747548452391373 -5.8952667536377605 -7.416360682941121 -9.481615625510884 -12.350829722126907 -16.404159623850372 -22.12268386917724 -29.81499877864617 -38.57708466797129 -44.522047531235856 -42.7892512432268 -34.90053510674086 -26.288650633292526 -19.529936106729355 -14.748390448845251 -11.439116502813746 -9.131382834159997 -7.492732321635227 -6.298760003064577 -5.380046924471499 -4.525600832042572 -3.0412843084997445 5.478008588164982 -380.41976211518687 5.803710951970894 -2.9522749394064047 -4.433778779217335 -5.266855723081928 -6.158148282774771 -7.320371323241564 -8.923774044043569 -11.195516939625644 -14.47734501778909 -19.266992734170707 -26.137255382378196 -35.086324714355754 -43.55058562936651 -45.613366863792336 -39.39486107170116 -30.19400644072739 -22.20878721464826 -16.34310919885627 -12.226398429379627 -9.334914845901446 -7.266405715900528 -5.750559582450386 -4.611719130722729 -3.7356336495575695 -3.0469307064629394 -2.4949258482044296 -2.0448279816908483 -1.6722590258990386 -1.3597894169957263 -1.0947088451871647 -0.8675653797839415 -0.6711914400686723 -0.5000442726836107 -0.16965692512410668 0.07334242982775618 0.4206712035992284 1.1211066340933256 3.4288119164989355 17.897090250291726 -32.790024850969935 -5.611193826276958 -0.4686891517672489 0.29164837120054665 0.511264197739863 0.6099343008049194 0.6669248204298497 0.7017283003001795 0.7192882625585215 0.7204834862327412 0.7052527684541097 0.6733123382167712 0.6231912533387152 0.5494247490750223 0.43827978273960805 0.26741870461272055 0.049473893513946265 0.139525482851516 1.8976048186271743 3.944575148219865 2.9909188668068456 2.0412186960238916 1.7325077785885439 1.702610497705072 1.774150677022599 1.8851306551843465 2.0141398922278366 2.1535653773000076 2.300489388706701 2.453115880424904 2.608425864488238 2.7582277698580313 2.8765610087363838 2.862479330658674 2.1724414944882975 -3.489950923363625 -61.42787963245764 23.159211408806325 0.3592507589001013 -0.9031251609219435 1.3881486701962227 3.408446146138541 4.873048270739439 5.93753138038864 6.729623303744491 7.298587358754606 7.639663770149666 7.728262786422864 7.548974148699267 7.112289454775138 6.455858031489843 5.633945578199313 4.7035343154601 3.7143218729218814 2.7052087076332434 1.7060644698350829 0.7422858003199914 -0.15995626674067187 -0.9691158835825608 -1.6451824308484453
-2.998732883433576 -3.3365834665854335 -3.3955763985189105 -3.1178837484342132 -2.4555971177152807 -1.3755105103559488 0.1398429993319913 2.0877709925773424 4.420547675032468 6.98034791375834 9.40809334056155 11.145459915308859 11.702093422757839 11.039955309453926 9.583266572878768 7.835853174546128 6.083842243841239 4.349714237305583 2.4319204582909113 -0.10815288347045726 -4.019065051096494 -10.118301658814124 -15.897080840121935 7852.8115194017855 2.0862978195309303 -16.545542404148616 1.089615705470949 2.8991930183470136 3.062498473981388 2.94486223146537 2.7698084842615796 2.5902558463284273 2.42278363165421 2.275226781495502 2.1576510994285623 2.1025825589924207 2.2975517317910166 6.125817493576545 -64.18822252961681 1.1628229931973064 1.4375332126571894 1.3849948159496241 1.3122053279959913 1.2401288102130925 1.1704470725486134 1.1023781032795912 1.0347356531139518 0.9662149266833219 0.8953678515934025 0.8204889126897696 0.7394410884045991 0.6494155265931171 0.5466395303868352 0.42621852759355416 0.2831553481278033 0.11998487308251504 -0.008165039692874299 0.2965377136316727 3.9411871858092073 18.938866090458095 -1.597927749354458 -4.671329017889346 -2.6867984913527634 -1.5903937781139375 -1.0739115767042695 -0.8372613566985774 -0.7451835168497811 -0.7368687231618911 -0.7837063299542899 -0.5854412935626376 -0.7694768385153135 -0.9794221077967469 -1.221022300535203 -1.5018997476350364 -1.8323574591771856 -2.2265824022645995 -2.704484550956135 -3.2945712954078608 -4.038547202535672 -4.998849181272018 -6.2712500507033395 -8.006215234600926 -10.444826829230802 -13.975516342288383 -19.202666869407338 -26.922662622232902 -37.49705014502874 -48.24094220800973 -50.80614589817171 -42.096503131963736 -30.66212217795974 -21.850108505355806 -15.936448757850053 -12.05037963208734 -9.463877417545952 -7.710647874894089 -6.5049007555408735 -5.648567145086769 -4.822036397629687 -1.3440110246491082 -636.999413995776 -1.067842694444307 -4.736009128369355 -5.552449169633107 -6.381638764240034 -7.552571324355751 -9.264141110791115 -11.803515580827636 -15.645118053090739 -21.54839264366971 -30.48191103684497 -42.37367309255204 -51.82149351497426 -49.37306596875839 -38.12134007499223 -27.127216420554376 -19.195330724939364 -13.878310178755228 -10.314658434130516 -7.867886465931158 -6.1352738537461935 -4.869539229034334 -3.917543213263078 -3.1823701290219653 -2.6011071748351275 -2.1318621673939875 -1.7460601853406303 -1.4237687519343383 -1.150790481701208 -0.9168104869790261 -0.7141885955393817 -0.5371554974850905 -0.3011663634017614 -0.12497410555309027 0.05840294506504481 0.2765431730209465 0.6021246060317407 1.2905556490727639 3.702184836763413 21.88859662296781 -38.99434884407091 -7.470842331035337 -0.6313720027954779 0.3199946171296878 0.5842723833838075 0.6915320954069326 0.7414361256109221 0.7591714418761986 0.7523801018280365 0.724694112725367 0.6796490493985163 0.6208845697946841 0.5497548010315654 0.46099217284468674 0.337953126525956 0.15481937371862187 -0.06338974944665843 0.16394734276806489 2.6015250281724747 4.823739723777525 3.1304332698487567 1.9901289107295161 1.7003626828417024 1.7127212655906359 1.821035093998087 1.9624525841289926 2.1177768056096404 2.2811361820121006 2.4506093920124052 2.624680976438791 2.7995728236720634 2.9636318748254826 3.0767725101430536 2.9640612482741138 1.5398681357406456 -15.723253237590372 4.806542187717788 12.443972988600935 -0.30002188349465975 -0.024815957424548785 1.928514129689352 3.62544738877265 4.922075164342904 5.9218701215066 6.697942686285377 7.262031158048816 7.585956364564279 7.633065671752673 7.386253773147475 6.862853375851367 6.11195588982377 5.199210733734565 4.189676393046076 3.1367817361067645 2.0793180246465424 1.0441992097900172 0.05187858842454285 -0.877755121538105 -1.7201053496397654 -2.4418289198954617
-3.8395929196338794 -4.208021831219295 -4.2964151407986675 -4.04874507119117 -3.425538096141454 -2.4104980413104125 -1.0102480008644668 0.7476632336398383 2.806205821792098 5.0471174233400085 7.240031000272068 9.02303331587822 10.007697881487069 10.007456609134604 9.16910506101085 7.837092159638613 6.314630860480618 4.739492805094605 3.0800225037608064 1.1677953565957755 -1.244514738066492 -4.216641177896971 -6.361959477678132 -0.1302211754128777 16.220295273875607 -126.26451644781544 -1.4089786227551209 2.781475829753149 3.3031807977908665 3.242710096080954 3.0580370181110075 2.846870776087278 2.6376116888027803 2.4398036545677253 2.2557056057225933 2.0801370095254814 1.867583409240102 0.6093629195241357 250.82226148167737 2.2339613129168443 1.6113906324576814 1.4505546862876262 1.350592097074291 1.2695833945512356 1.1971944050378895 1.1290769831946998 1.062527364010209 0.9953573974124961 0.925454505385384 0.8505020976922094 0.7677065408502259 0.6734705391229023 0.5630259527802601 0.4302965048492514 0.26949098791522097 0.08623595908795001 -0.036983762938230136 0.4882682457068004 6.051055945844444 23.329134428342726 -3.4593649699519666 -5.299324239117622 -3.014091957639608 -1.7560613005212928 -1.1406584968811375 -0.8373795684232602 -0.6941830693605288 -0.6408497059017069 -0.6430953667900811 -0.6835038554755981 -0.7533152773317637 -0.5986512900245248 -0.7785927155047567 -0.9827380992413498 -1.2167825023847236 -1.488458155122427 -1.8084456213364721 -2.1917678194213925 -2.659979140567301 -3.2447026058388984 -3.99352323506583 -4.980129642740728 -6.322345264617411 -8.215152454303983 -10.992289816772905 -15.239228212002438 -21.973826489615227 -32.747510250235976 -48.38651192233981 -61.51141445258662 -55.220257935729705 -38.40174279428114 -25.545805552646335 -17.64248525221175 -12.865158158587228 -9.926042472172199 -8.131567000679295 -7.1876530859956915 -7.25523677065229 -11.114438924277604 -731.424555203233 -10.913472828072006 -7.176696850058547 -7.090097316539007 -7.999525059647142 -9.748592792006919 -12.630650346604487 -17.343972348847906 -25.211403621304967 -38.21501567894493 -55.756115374985264 -62.8431608036381 -49.24898815239277 -33.03858574770467 -21.999625045401228 -15.16364787174809 -10.882497829050944 -8.09717003596621 -6.206036106640739 -4.869086042735612 -3.888911095131196 -3.146772027006342 -2.5686619443194507 -2.1069095779633216 -1.7298887091878394 -1.4160640008883603 -1.1504298736887815 -0.9223130611227085 -0.7239769203236943 -0.5336566370443786 -0.3620483977942609 -0.20414329916740476 -0.054892315745639075 0.0923084941059778 0.24860628301485738 0.4380906850700553 0.7270508117163956 1.3590206017110982 3.736159104048548 27.55269903381196 -39.114330055152706 -10.689760440536618 -0.8811980958212486 0.3292078718887856 0.6485821100830285 0.7594827807495856 0.7876677844651232 0.7670922042520965 0.712655706867535 0.6369772754916161 0.5530844635424614 0.4710881344379352 0.39253231061138916 0.30513509843058606 0.17882855566360095 -0.033049189932665035 -0.33577827596911725 -0.18518503264495045 3.2261740544768536 6.520078320086203 3.421969824858886 1.9091018417325971 1.6393118462907244 1.709659112013878 1.8667020171130466 2.0470783751821138 2.2352024332303873 2.4278159348935175 2.6244472711787954 2.8240143759360823 3.021707455385796 3.2007029506702427 3.2972702824528843 2.9929111303258145 0.0347830438947592 -217.0563790857897 19.284965635513394 6.098992139765187 0.021334561221278747 0.7142070499238127 2.31706859799006 3.7537191082682972 4.92386165504932 5.877489730811531 6.640202266963336 7.191883047964855 7.48534860960188 7.476152000496267 7.149689361933593 6.533249517057664 5.688337401549292 4.690702972496521 3.610837558410789 2.503115422883932 1.4042231187821632 0.3374182712921794 -0.6809685085820905 -1.6348924403211207 -2.502693012215062 -3.2524610840611037
-4.631019880957778 -4.957483259569541 -4.984097896742165 -4.666796350850026 -3.9878729847134924 -2.958824156787596 -1.614186248169649 -0.0034124711397891527 1.8090068465222824 3.728483008185457 5.604254936620588 7.215385664314872 8.309113748045062 8.70642050948127 8.404293212427346 7.568666228987263 6.421721508940197 5.13075645239363 3.7650649920104513 2.3102926862620805 0.7285994619527942 -0.8658370636940336 -1.6351530893809398 1.9326943799909557 17.518634009252956 -13.666879532359374 -6.101012114671393 2.5342505620063647 3.565291434748012 3.580664472304056 3.393383285321266 3.1533967063476895 2.8985110056798793 2.63633225747242 2.3550976409732503 1.9985487336826477 1.2835031686733291 -2.7088580990889275 -52.562285196773686 6.586959219028068 1.939532046419582 1.5025028365290791 1.3540552038528983 1.2606327590811262 1.1851889207200024 1.1173113053224109 1.0521104597553452 0.9861101136216037 0.9161129758493949 0.8386763390121554 0.7496607879735879 0.6436783795268297 0.51339867387654 0.3489908060571105 0.13961370647632632 -0.11210644746203768 -0.2948954190622004 0.5020122886966369 10.139904818373672 27.403232366108615 -6.106121922644014 -6.071519655393419 -3.471700136701034 -2.049002608588752 -1.3292718914294719 -0.9567777441338832 -0.7629701870197361 -0.6670639856190205 -0.6278853169290317 -0.6232257831019407 -0.6407236102633218 -0.673729279629415 -0.7194950447858017 -0.7784381809333218 -0.7225728531030233 -0.9058758444153471 -1.1145868358003463 -1.3558493316098708 -1.639712898762113 -1.9805732934307598 -2.3994985403586604 -2.928118997083447 -3.6153879834466967 -4.5398426578308575 -5.832910351051095 -7.725518896451872 -10.646237510924875 -15.436878514955149 -23.82771493274375 -39.32281760959284 -66.27513254356492 -82.23506756326258 -54.84563833048128 -31.879540382888234 -20.049587886466284 -13.901223345731822 -10.680329524975011 -9.40410143842399 -10.748379657222543 -25.58307597451265 -608.1630417025654 -25.49415894702478 -10.684665766364231 -9.309775352310396 -10.54116506446573 -13.698792942504824 -19.761654980357534 -31.51574954083913 -54.719892173843846 -83.56503114670247 -67.37340801445384 -39.59507201037459 -23.834360114180114 -15.366108140572702 -10.556113608587644 -7.633907656144807 -5.74500234506007 -4.456822001762447 -3.5372345706476125 -2.854526418619319 -2.330164495528914 -1.9152761888894045 -1.5783164919196557 -1.2982854001346125 -1.0608334985366068 -0.8559374613543698 -0.6764631762605977 -0.5389661328945774 -0.3796633571526153 -0.23452589243345717 -0.10074910814873717 0.024138833687848416 0.14260321626948258 0.2576712922082533 0.3742845950520227 0.5033779825598725 0.6772648857130564 1.0276080119405562 2.4423613239736213 28.019936133877618 -15.481573761998979 -18.451888693581928 -1.2451988753220773 0.31546693303935247 0.6781495301890432 0.7458355179003311 0.6847724968288751 0.5575355091908025 0.4105730067309752 0.283031671698025 0.19780294394235964 0.15507361504994943 0.1343272674091307 0.0993468127510505 -0.0028188378561422034 -0.2545055755989003 -0.7685036489260639 -1.3089929838887855 2.3251622577151814 10.733857290422232 4.128879501838092 1.7305095328481483 1.5044424361885977 1.6730876570711404 1.904225328810972 2.139563329531585 2.371490336812058 2.601593057418593 2.8319472832776653 3.0623753339139443 3.286839739847022 3.4809568976154424 3.5412157131008253 2.8708259042783393 -3.85007389361608 -10.1053028534076 17.925309732771424 3.8013503638699646 0.7062124166086168 1.3308519872204871 2.585400787016616 3.7963361151141783 4.8576104195632 5.765685716971971 6.503904383145102 7.025631707873786 7.270251681359801 7.191152935060471 6.7804719543965675 6.076637657259976 5.151362528709967 4.086237916709881 2.9528327287733127 1.803436984974615 0.671490856409118 -0.42263010880258756 -1.4641351970609011 -2.4365334070708107 -3.315352997396337 -4.063678645495777
-5.327754480237281 -5.526808443095977 -5.402035015835635 -4.937703660371428 -4.150418909093313 -3.082167867700572 -1.7874784501813872 -0.32353054034460527 1.250487655627357 2.8638785707474863 4.419714898672678 5.7863955962385365 6.811749570935498 7.367905775408797 7.406841536164731 6.982917559384824 6.220409970151765 5.253868375557668 4.185218152839599 3.077732702473183 1.9908275199211345 1.083096941894519 0.9021023031088697 3.3038059914178026 13.689648583475652 18.369041309787868 -32.441851756230456 2.255644265189286 3.8461836807793306 3.9251007547524788 3.731636084406115 3.4681329247559445 3.177091402687738 2.862558550349935 2.5046209233450125 2.0341873838828914 1.1920550264873848 -1.5082012437746597 -25.391926580914195 51.648560053407024 2.6898229779571134 1.3685634246817686 1.2017673760638785 1.1290958934689883 1.069228486747111 1.0117795705465569 0.9535289118181763 0.8912469135221432 0.8208064658449575 0.7369060034849613 0.6325243951454693 0.497843390309295 0.3183890373276358 0.0721847692842299 -0.27298258300074396 -0.7505980993860972 -1.280423882577554 -0.5102286041498827 21.998866210424143 16.963830556584554 -9.800513224639422 -6.959279250806587 -4.045957642595879 -2.4955593744160325 -1.698269883439107 -1.2790228959104921 -1.054003687517575 -0.9307910661749068 -0.8607946169160223 -0.8173398767063522 -0.784072608773455 -0.748185854573258 -0.6977315080630446 -0.6243126577196967 -0.5311873109453669 -0.440504927917317 -0.3879042120227263 -0.7212789406272051 -0.8836684141707696 -1.0691300340000698 -1.2854492147300507 -1.5439246317903477 -1.86133468895254 -2.2633267367117016 -2.790532667322574 -3.5102012096675446 -4.5397237108733135 -6.097768919013576 -8.625231431360417 -13.100589927826299 -21.957291489215386 -42.2208392347412 -102.08835605111307 -112.54248883253632 -43.302402758144396 -22.778181732898 -15.000253365682958 -12.633435964393701 -15.924760116499609 -46.383379810209995 -404.6293412283999 -46.445884717331225 -15.88992932771843 -12.552668118091663 -14.858419678112146 -22.53306510430486 -42.89390335929774 -113.04515658165494 -104.62411802866251 -42.27836031474011 -21.898195980104425 -13.0297798130349 -8.559881979228155 -6.039356746470741 -4.486927501189223 -3.4615985371232862 -2.7450670556366896 -2.220299977313076 -1.8203201129962998 -1.5046865664803366 -1.2478818222082069 -1.0332131777699824 -0.8494360802993594 -0.6887964935123942 -0.669170335490009 -0.5132641969798099 -0.3704591898934326 -0.23968760463759975 -0.11980027567429874 -0.010092280974516754 0.08930435231490053 0.17686036590778742 0.24853498604359547 0.2952894897243904 0.29701839376266337 0.20579140881221125 -0.10991246226357299 -1.1148506120858497 -5.521497946121458 -69.69232745080268 -19.02873233995327 -327.2321111665873 -3.914592191524507 -0.6432262773775763 -0.27218396598455197 -0.4479014755780337 -0.7014952129598369 -0.8361323171975945 -0.804270822129713 -0.6509246569815037 -0.4475935197714367 -0.25226024058803276 -0.10267694394607496 -0.027755718567901044 -0.06743522999100293 -0.3076648433893694 -0.9633625056685715 -2.548169900587319 -4.303292643379731 19.952499937083683 6.849112996743861 1.1870698211532318 1.1664065155288972 1.5567447316858494 1.9224776785718714 2.244708352299488 2.5391758127420685 2.818774371128834 3.091047175862305 3.35811525505674 3.6131101882428083 3.8218573699349863 3.8189485088478996 2.5398627449708377 -31.135765233595404 16.6538510540136 13.016831984656129 3.4753651096886182 1.5166991040127353 1.8585974961541187 2.7640065507254516 3.7550838218671903 4.698409092440768 5.53956493159483 6.2252141042445555 6.688869599121506 6.86393597589891 6.707920294643933 6.222007901552925 5.452861972901928 4.475860137066517 3.3713797633977864 2.2070017723282156 1.030795160420598 -0.12642052352085997 -1.244228931024484 -2.304516311242222 -3.283903840371364 -4.1479295619039505 -4.848635331481304
-5.872443763011386 -5.859357373494005 -5.51767477643442 -4.873771077502434 -3.9795216561207765 -2.8964299207108217 -1.6824745256129385 -0.3869705385239938 0.9463997323775746 2.2712902700207964 3.529319782548145 4.644919005507406 5.5303696988889515 6.104256687024274 6.317916725341 6.1749040788416965 5.729816382693196 5.06801519161767 4.2822994133967756 3.463501992466904 2.7157364306385063 2.2110664821856383 2.3375917794001033 4.1534303018895 10.730402285457707 22.624153969127594 -25.42008385230945 2.4434411623842918 4.215806046427784 4.296904939750999 4.076920955662747 3.7882230541417776 3.47241648094879 3.1311719503439317 2.745893065588686 2.2657961811750575 1.54709995973613 0.056905434725195714 -5.545612335375584 -70.55427078175353 -2.7740355589570775 -1.1828817410773729 0.11389441772326997 0.5031263697658362 0.6234587501440718 0.6458475601932 0.6253650562976641 0.5792661012097617 0.5091377757667319 0.4080389472060494 0.26196635039297367 0.047663527301431974 -0.2740622681777145 -0.7735573169969654 -1.5876537842774863 -3.01016751991414 -5.771320165569943 -12.61464177464331 -244.78259662844988 -23.198402271310407 -14.153101321367176 -8.12835620837878 -5.055726182099217 -3.6378108010679666 -3.0032594403049315 -2.681295304884541 -2.4198254012773326 -2.121969161219991 -1.7996474061826193 -1.5096970600521393 -1.304416942579255 -1.217144880712249 -1.2712849758687796 -1.4929340972511649 -1.89723191081697 -2.3038910004153177 -1.2799575710543003 5.157794688702033 7.68234444989656 2.139947092377211 -0.503974365651267 -0.6068172340607282 -0.7216940899650894 -0.8535249409779947 -1.0095691583568607 -1.2008634085424081 -1.4448620498736309 -1.7705845820171344 -2.2293931926795074 -2.9196014284494853 -4.048936090285393 -6.1142003986707625 -10.478916269138287 -20.611794128697902 22.207822250827903 -16.17202076763968 -17.792715261725625 -14.79753362242625 -22.0194331853929 -66.38503619786975 -225.58606969916494 -66.57962109181757 -22.043342262939788 -14.767731156527104 -17.697439690375347 -15.80948953341169 22.291182545419176 -20.53914049962718 -10.424471872750793 -6.080072306333742 -4.02514192498274 -2.9010952291115206 -2.2136938299188027 -1.7564102215852915 -1.431525979104821 -1.1879956886399339 -0.9969788793342919 -0.8411270988119453 -0.709468207137926 -0.594782555696019 -0.4921741985729894 -0.43221234647299855 -0.7937277709006971 -0.7187247221947848 -0.5576103105663739 -0.39676215088017486 -0.2551201235656293 -0.13571369570529757 -0.039548086770621715 0.029844534111991505 0.06349043395927811 0.042796473619113984 -0.06839244279088819 -0.3397646203308673 -0.9071867547079036 -2.038772799644731 -4.25348529846776 -8.392803433544334 -14.679538375939373 -19.59133507620615 -22.034068896572027 -32.810198549472744 -44.627830640168405 -25.678855079582558 -14.372422198259692 -8.516769025252701 -5.115809908759555 -3.0837643219252726 -1.8414102919742827 -1.061781203335947 -0.5613749806332698 -0.23697820648823056 -0.0316591916314356 0.08107731012614172 0.09997863336787294 -0.018180834358929365 -0.4168974717194478 -1.5791941776422633 -5.6414124707157 -23.665455391983066 63.343523733004645 -2.1173491097468897 0.05435763736384125 1.2187678600389664 1.8976184729868175 2.376406250358369 2.7639255775533025 3.106834777702694 3.426856696554145 3.732568367595939 4.019155013743055 4.245924054680126 4.186931352122617 2.398826160674975 -30.693041550849067 21.740875441894605 10.299733235355651 4.007109671084911 2.367755788005168 2.339491822583522 2.88549037560189 3.633032676289492 4.419591769423264 5.147968829554892 5.736526392279814 6.107727840762582 6.197066553356557 5.97028644487891 5.435248397417963 4.63877789916447 3.6498954828819086 2.5396842639081885 1.3675404747121926 0.17705090659208045 -1.0006137346016963 -2.139429387623135 -3.2103370857475104 -4.174429278648966 -4.979930714016184 -5.565676379976549
-6.202118307975953 -5.911481008842539 -5.3291577482067165 -4.522987257898974 -3.5651421169665687 -2.5171121015002624 -1.42438885261488 -0.3189286177561412 0.7744327050725918 1.8307208714326855 2.8188028779998056 3.698335420420336 4.421404464930026 4.939857969409631 5.217072804050793 5.239847014119596 5.02498774073069 4.6182122342617475 4.088638895440427 3.5260566078825777 3.048394746156333 2.8277492791617824 3.160311834891595 4.686288759556813 9.09290964356292 19.17582857813379 20.877913691113083 5.8585770486737285 4.887928372342264 4.753797227132347 4.464598662451737 4.139365674019488 3.801530911982665 3.4483895779257123 3.0645950650518134 2.6178034332939637 2.0393228419586187 1.1644145171306546 -0.47015228864893155 -3.9959724685187528 109.09259657430246 -17.85987975385394 -4.941161944112238 -1.5769098837634932 -0.5681633684731677 -0.24314980134911446 -0.17146510339556897 -0.2149697230507659 -0.33188762423605045 -0.5253826250380247 -0.8305357242781686 -1.3193283038561183 -2.1260717053185942 -3.5133660766621344 -6.034593818696763 -10.911920865261077 -20.445343481684006 -34.1984317048457 -37.94847391315838 -26.017933239397294 -15.851170486392498 -12.234204048604852 -11.734543364036965 -10.333384476733126 -7.052795462353739 -3.935700209288803 -1.9229072880614626 -0.8058777837865194 -0.22646197593088546 0.0560430705735806 0.17682501847373233 0.20815066745942956 0.18819632768407568 0.1370892210530168 0.06567633378203919 -0.018675977082078132 -0.10472741084694803 -0.15780383571462275 -0.04852048693119393 0.7295911505835306 3.8869950163828513 8.974395054982894 2.819773518843707 -1.834854069346168 -1.9303809565354024 0.07662983761265452 0.13535562533610251 0.2307949233641346 0.3829709847978646 0.6274962704991283 1.0314030923246065 1.7301565871989666 3.023012360562696 5.646508947671976 11.620618938737309 26.27456645730622 65.57625454987365 27.0182579642092 -6.33875406037529 -48.93545496925247 -92.32974890611246 -49.060428524630346 -6.379098613060638 27.164370262494835 67.94072991075774 26.261389328456893 11.588148095021817 5.62627882964517 3.0094541678984257 1.7199800157738365 1.0229280245183103 0.6198383227247819 0.37565007818648327 0.22354997792996262 0.12805168521300492 0.06920832089252205 -0.39211748055024986 -0.6420575478889751 -0.9707833048263215 -1.4072165137861696 -1.7532885371404223 0.643987405546774 27.85320177085012 3.182705392537411 -5.798808453001031 -3.8983665018512204 -2.471161219409455 -1.7535493504138975 -1.466088729012 -1.4661934158452083 -1.6901637234528983 -2.086432503003761 -2.5617919921167553 -2.9633974963912846 -3.153100486410117 -3.153345077697922 -3.20395207936436 -3.676840939105577 -5.021084666074017 -7.776760844335483 -11.948888949655268 -13.895972219206321 217.10816009549433 -6.171401169641071 -4.134124662084956 -2.393766104506049 -1.320369296753652 -0.6614515228220434 -0.24992538814397802 0.009262421725666048 0.17160186615216055 0.2720984567310458 0.33501850664393906 0.3778888702439125 0.4111376719639852 0.43321754578941407 0.4186514428293644 0.2875135852260826 -0.19578370524975652 -1.8406968991364032 1.8929677020139906 -49.42506395595538 -5.932577622680732 -0.01563208249838033 1.690310508271132 2.5121819918222914 3.047169763770871 3.4658808259579597 3.8318987238465585 4.172052376993813 4.494457166490715 4.78238614876759 4.956472936144345 7.338368650749723 22.259868477922623 19.812616662186258 9.444957995304135 4.862827655624406 3.2159965527459207 2.8029269334746365 2.9768866409477264 3.4363636093480014 4.004130793378298 4.556606994092187 4.996563879011347 5.244845213478474 5.244010309422125 4.966646814656283 4.419654349392848 3.6391576458259784 2.6777402734690368 1.5906067086675746 0.42670078846409376 -0.7730658413522183 -1.9716887053482894 -3.1287695428324795 -4.193340082121674 -5.100773714082059 -5.777936095614979 -6.158261668724886
-6.258589499842758 -5.662512603227652 -4.863435696365333 -3.9509431613852 -2.99321363714605 -2.0337607854983477 -1.096632902544813 -0.19418616558594354 0.6658276416584814 1.4749308374432581 2.220468039486719 2.8840446413905103 3.4420493982540825 3.8684993556917577 4.140094572958608 4.242676531618468 4.177703724728903 3.9675483316786715 3.659595962288959 3.3305916593940053 3.0933305553343065 3.10836717713629 3.611821228915443 5.013473737697497 8.245853148603436 15.351708206878094 23.62728907311975 507.57410482671435 6.610984484532217 5.393346647359515 4.931872123641581 4.54501038157272 4.177624777077941 3.8126573882506927 3.434449932693112 3.0205149498937964 2.536381711012712 1.941512541870928 1.2921518076267855 1.4705542193320564 6.05981718454769 9.376349714205173 4.379013237670518 1.9604492664492552 1.1784713916247398 0.7726780589749489 0.4063267542574325 -0.0023183918196294506 -0.4737156484209424 -1.0159380604566168 -1.6378530757514418 -2.3460103283849816 -3.1216135510384513 -3.877943303795589 -4.451910239924461 -4.825991585769151 -6.269685971729038 -26.138710244546928 -38.6281905435574 -5.165234016082141 -7.129692438326153 -37.84640437954186 -28.188828641537597 -4.937949296289796 -0.7933006755222634 0.32943972266239774 0.6835299006720543 0.7820509851055195 0.7840955046342972 0.7483095580416108 0.6986842213364741 0.6457466167713426 0.5944083074984372 0.5471673597981117 0.5055230581687566 0.470668102071814 0.4439019822206469 0.4269826857334984 0.4225487557627665 0.4346880221644005 0.4695460136640728 0.5351106758628554 0.6369531791692573 0.7629104335937944 0.8586870198089818 0.8514638754045585 0.772595272797421 0.7785097999544588 1.0026779741780123 1.5692497820573958 2.479817104975024 3.352848394812917 4.691054784303067 6.845875396360377 10.528995856115136 17.27784593596855 30.58257978160519 57.0234475167114 72.02431446784965 27.22239313821092 3.75631483571731 27.15932260156463 71.7087779151844 56.960228964989945 30.599288572220743 17.29208493434671 10.537639641113248 6.850439148233869 4.692305402375398 3.3510862645422934 2.4751930445924066 2.5095624895692463 1.913172609796683 1.5150410400268515 1.2390569483567218 1.0434012629017069 0.9044157407220266 0.8081562725293832 0.7456992199558015 0.7100545650706189 0.6935660542469844 0.6854395727927609 0.6700353495844942 0.627815067920801 0.5411046708242746 0.4037878622490765 0.22831557242340228 0.04231687522446448 -0.12437811600198612 -0.2527732381404175 -0.3404741403318235 -0.4009123173494093 -0.4605420152510131 -0.5577741042539303 -0.7467626501320364 -1.1107831538108823 -1.7939957655017065 -3.061148411421372 -5.316043019009532 -8.263102484876441 -5.805158370030794 19.63562113340799 21.915439411538514 5.200150554157839 1.6818381816091743 0.9352771790424455 0.7910039129341127 0.7882489092570473 0.8075878866972261 0.814212131251915 0.7992924323921111 0.7657762437326006 0.7262032735648225 0.7032208502713218 0.7280879011202419 0.8347087725668805 1.0524921176718198 1.4124971330766494 2.0029956107862192 3.1976613545794748 6.496862059848225 12.42032771614067 1.1947982647052946 -1.9054430784451863 0.6773064129472157 2.230675130632931 3.1014865662587487 3.6807677159079955 4.137031014626971 4.548085306596273 4.970472702058098 5.544909891315487 7.633678961906975 384.30944944585417 27.147472545052693 17.289985067508987 9.437171305648508 5.732419693758601 3.988493802826529 3.231714128768223 3.0417129268645127 3.177154970135706 3.4688616725528165 3.789430079140333 4.040984707915984 4.149578490879906 4.064284397120785 3.7583737507724684 3.2289778917879666 2.493028094846802 1.5802621233538958 0.5263548537593219 -0.630641994044423 -1.8489154435359803 -3.0770940537421123 -4.246995914166774 -5.270606625472398 -6.048469485317456 -6.492882935064614 -6.558041799993871
-6.0014438032405515 -5.119684223501119 -4.167328039907693 -3.224032047539329 -2.331728552697197 -1.506034010648755 -0.7480317424386855 -0.0528897556957309 0.5848129424685189 1.168127772387278 1.6962798972306707 2.1642059750564613 2.5629177247666552 2.8807571898636573 3.105714343759172 3.2289625096710006 3.2496583372905175 3.1809207017350634 3.0567749742159975 2.9396197017962176 2.9272664991107016 3.158521394851043 3.8211283607324287 5.189822674191979 7.791146171038333 12.818266746473979 21.00285000606827 25.34805835742259 13.632104911812592 6.45807556760532 5.52681242620365 5.025249297260672 4.611129992957613 4.225606911025695 3.845633736172926 3.45123301943305 3.0196224584062503 2.5421063732298994 2.1263044852667834 2.26144717864992 3.399989778458986 4.142856008798114 3.685315064146553 2.987857895596041 2.460455871274582 2.0766298616917767 1.7669704183362263 1.491224230153158 1.2350265270395406 1.0036710069271662 0.819162007355268 0.7167012459188571 0.7363288326441577 0.9087855572818484 1.2437089236642014 1.7428923456891816 2.491927539378487 4.1211984303409634 13.674997224495307 76.61407396406177 10.456095214063394 296.55203832424013 6.456348727873248 2.78524824366594 1.9307802948663433 1.5451137548996625 1.3149758091617894 1.1563277606958018 1.0376264861976636 0.9444066389977868 0.869145802127187 0.8076252691176407 0.757387357710657 0.7169885188998262 0.6855913831746441 0.6627100239207906 0.6480184121931271 0.6411647761932855 0.641538595936293 0.6479242387118829 0.6579515857817964 0.6672388276752343 0.6681809699390784 0.6486470163089573 0.5917537974124696 0.4796004317449052 0.3048914932355249 0.08906163687250768 -0.11041957574213423 -0.225407040220027 -0.20627844133286288 0.08534605275802676 1.8217347867818114 5.920345809044338 8.012717879934995 11.274856888038865 16.661659256923045 26.174888890275746 43.51641815733234 66.6138352099576 74.18104779408047 66.4096078921362 43.53191125276337 26.251414791311973 16.73133330295437 11.330255064388865 8.055470164426008 5.952505157194691 6.1331406305877945 4.675819541344978 3.6346873697142312 2.9043067190411 2.3814643034956613 1.9955516367903485 1.7022286382759737 1.4738304627997947 1.2926160041708354 1.1466709111811275 1.027517174906707 0.9287341465326749 0.8451885868664517 0.7726567527251736 0.707716059689408 0.6478084870791315 0.5913620068747673 0.5378274615966557 0.4874924050297285 0.4409902401201278 0.3985254828344095 0.3589178155235182 0.3185530802026892 0.2701600514033091 0.20096654166815475 0.08909111542031012 -0.10449246911331722 -0.454956135715771 -1.1206361635359683 -2.459052738802657 -5.2165660260951405 -9.352791119040418 -2.9971268458788884 21.98147253466551 11.725705995635694 4.095330867156794 2.0982890624482167 1.5253620582149163 1.3459387238083116 1.2863085737295639 1.2583596090694638 1.2279397611800196 1.180346490389129 1.1125002741293066 1.0352053160453791 0.9793196795095116 0.9980835412616202 1.1549658007821577 1.4962962719986694 2.033442324755149 2.7652531092359185 3.725787026271131 4.946971799410239 6.020931811819273 5.437715224168624 3.04633911462939 1.756451555021913 2.0652469101845394 2.8304479678401138 3.5510415321420044 4.173167974593258 4.762356848315167 5.476522466182623 7.071520469020591 21.453388298794138 37.26930250928183 25.635785594295353 15.577846287672122 9.593785454094835 6.383126668054052 4.565717551569915 3.5522812749740726 3.0527095883675512 2.877236133348781 2.881821697118145 2.953928767819629 3.0065833984536106 2.974114037256374 2.809053733150926 2.480000177609325 1.9697513897429715 1.2732324350176218 0.3956056925238415 -0.6480497799652444 -1.8296318281208883 -3.1003148707368933 -4.379859880771033 -5.550122766462348 -6.465841120644865 -6.992506813424068 -7.05970299349566 -6.693693791290624
-5.419987042220894 -4.315956381332175 -3.2955451718158173 -2.3983739260597643 -1.6274391414435565 -0.9688675981375302 -0.40379992190677944 0.08569613852827163 0.5141731099546017 0.8920705581986283 1.2257486324094842 1.5178634211375877 1.76797319469045 1.9734577623998968 2.1309630896966585 2.23867294554836 2.2997369079504293 2.3270923390743357 2.3495982586340647 2.4187463364861808 2.6143194183756293 3.04707954392355 3.85963529972466 5.239638240751768 7.494610023493144 11.281243452812586 17.620384527795178 23.900564650027132 256.21085077853496 8.712716991022855 6.346321161183885 5.606544063154498 5.114877915763915 4.694763592901861 4.302056202040862 3.9129920476154254 3.504769215067428 3.06503896648712 2.6629573613980195 2.565443908168188 2.905490214784333 3.16074799017989 3.058136274180084 2.8065624724720353 2.5563565701166264 2.3428967774735674 2.164186645454182 2.0134684106051455 1.8868341226517273 1.7840558419349293 1.707850434907277 1.6625493257260149 1.6524266900606115 1.680386980580247 1.748501616903243 1.8624895635925944 2.0428202518982252 2.344902225303013 2.800831430209912 -38.254381283116 21.873397062910218 61.458423991241084 9.499784892594276 3.9017109680382687 2.421103905760837 1.8076048008945031 1.482862222190105 1.2826067912139263 1.1461294976928464 1.0468724303761205 0.9718070543638703 0.9140211595183556 0.8696545386388792 0.8364835494588363 0.8132015215326911 0.7990154528391443 0.7933915114214948 0.7958654340493713 0.805868373312871 0.8225307768288703 0.8444315705095558 0.8692618566512537 0.8933872917425609 0.9113391238605013 0.9153741787713876 0.8954446459889187 0.8401461516626587 0.7391303037236883 0.5862575723852936 0.37942860310962256 0.10742274728414714 -0.2953613523235501 -1.0871237542064032 -3.3247824951238014 -14.169826973623838 8.242919859039848 11.333657485689784 17.012079814902254 30.155642833357284 69.16252749689808 127.53814513724267 69.12507020611726 30.233775408548265 17.099874747435184 11.414040129074618 8.31291319408997 7.510212380315433 6.417562560754311 5.252722413018358 4.274174551709884 3.519298588592097 2.9461896767516174 2.5055674663363 2.1595568054945344 1.882114458869749 1.6557539323248893 1.468591280204489 1.3123230499218863 1.180954167820001 1.0700187272935775 0.9761055567451478 0.8965676177133624 0.8293385676151491 0.7728036267448966 0.7256857762239511 0.6869174529187723 0.6554759821409917 0.6301691838683694 0.6093591658599755 0.5905981973597569 0.5701066050498715 0.5419153729029633 0.4962618615609595 0.4162668398147889 0.27046729401561154 -0.005404643397799447 -0.557032801956745 -1.7511011783891566 -4.531980209857596 -9.69997706054158 -1.8221306507475816 20.01734344447103 8.752275687681461 3.558734542941064 2.1485193063990264 1.7163105866981543 1.5732174991769918 1.5246933018238586 1.502876135297327 1.477816463613851 1.433276127195275 1.362346945558326 1.273458911809021 1.2033659441526154 1.2256257049874617 1.4294828193570908 1.8604277242660534 2.477563078395246 3.188477876971917 3.9111568223065065 4.565309703962246 4.99141239288913 4.944165104998673 4.363981466349239 3.6443143624600243 3.2752224797382032 3.3721371422790414 3.7812035368565655 4.360483946997288 5.109904857998683 6.395196166828801 11.071889499517468 153.35465676807138 33.32961284188444 22.51869028464656 14.311919737532563 9.534834958420092 6.6631735758764155 4.8432236621503035 3.686791738310964 2.9777518870064115 2.5658814199014275 2.335437276587435 2.195132385744082 2.0729849776742677 1.9121003197820494 1.666914711735756 1.300104436536797 0.7804160202937922 0.08187129061626774 -0.8146084529163982 -1.9151462485321127 -3.1996635046921393 -4.600280518456028 -5.978406386594878 -7.1241374024496675 -7.810014051819608 -7.8949893497817385 -7.404075916665494 -6.50715726177245
-4.538818119440411 -3.3012412962291418 -2.2994218696667916 -1.5144254437243785 -0.9076051291079436 -0.4388874947665754 -0.07379199847270301 0.21491753842091388 0.44769370180614354 0.639299337973215 0.7999631121624178 0.9364435474987727 1.053036045561326 1.152651072868296 1.2381517544523235 1.3141781653139828 1.389680565562224 1.4812776719788157 1.6172717309490876 1.8416657569572585 2.217036293562459 2.8252805301940596 3.7673587357236293 5.169450478763052 7.218402305669193 10.27672653669767 15.038966375712082 21.415322134170793 34.51836999329372 15.827795723439843 7.634034428107289 6.335117736534038 5.70708308205595 5.2323870122209595 4.81476693091143 4.418834706710019 4.014917114682177 3.572890353406178 3.112492165792732 2.8117234785869627 2.82950681476765 2.935706922430689 2.912495181792149 2.789960466621855 2.638484247243701 2.491902008496618 2.360854281531364 2.2474390807521933 2.151414445391362 2.072276700487381 2.009827487935257 1.9642545743872173 1.936154201703263 1.9267754425211612 1.9386696143463 1.9762613235977926 2.0412310823968323 2.077601703811017 1.2422160624423353 -51.54482914522599 26.512936671799924 37.70099495672816 8.661709860790124 3.9151370225419058 2.4932861440528282 1.8809503773873324 1.5541089271762263 1.3536860072707686 1.2188733266602743 1.122571726690205 1.0513415459753985 0.9979960878725327 0.9584864884465167 0.9304488285461409 0.9124643953705227 0.9036503819711108 0.903412836385023 0.9112801225659026 0.9267740916337874 0.9492933795167933 0.977992560483214 1.0116480667622705 1.0485119481725085 1.0861752349422722 1.1215022747066046 1.150766623206731 1.1702202511822657 1.1774378019690752 1.1738326738578582 1.1687034318867868 1.185395802253339 1.2725859478150776 1.5356063892167215 2.255988500675958 4.462867308114987 13.393122481401617 8.561329086609614 12.674793071103668 23.480405083317436 65.23849605034809 169.54416882562452 65.30871014734038 23.565803667747012 12.75928214966096 8.641433634175819 6.705448614335551 6.176812249205146 5.3895380215936415 4.5791132025185455 3.875905547877671 3.305347104624385 2.8495745015506597 2.4829591777865097 2.183821664048762 1.9361671540405974 1.7286416378787974 1.5531857956728565 1.4039869254989084 1.2767618611412384 1.168284248442325 1.0760721556786608 0.9981757837261096 0.9330250753209802 0.8793106842685248 0.8358799586379928 0.8016347202301677 0.7754204301298635 0.7558953889046262 0.7413621277700024 0.729525674693103 0.7171041261542588 0.6991303530927429 0.6675862591213256 0.608517668017769 0.49544364836259003 0.27286844038043845 -0.1895826685702029 -1.2392362121725782 -3.8788979487835267 -9.619681641150539 -1.4455964245642043 18.41284136071137 7.501707342735232 3.3271215479647234 2.1866909562207817 1.8330637752059498 1.719108410238944 1.6864850033765761 1.6775424834410801 1.664506054688385 1.6296530979584956 1.5625276256146887 1.4691706276131797 1.393001079724093 1.4308431593822535 1.6964583761753564 2.2169616666096115 2.882540225992765 3.540963816463809 4.09948513099034 4.518378319315732 4.76286432992902 4.799824735904048 4.646491290180938 4.406387096434816 4.22969483909631 4.233046549236428 4.467752515112175 4.968083722238626 5.909295137545323 8.382789820168899 23.824867728235873 55.466990028910715 29.558574804707206 19.544091276954717 13.085410497336447 9.125101937787495 6.549690881298271 4.808151877672147 3.6204700120200384 2.814963852786175 2.2697892131944757 1.892144483816268 1.6090879958289062 1.3617925616492372 1.1008697497892173 0.782155259336287 0.3629199433823027 -0.2011586968780673 -0.9572555269704989 -1.9523674781185376 -3.2206271484064266 -4.752252099276151 -6.4386462313848005 -8.016852562889682 -9.095929092287749 -9.342405750657491 -8.70985049821881 -7.462145883290782 -5.974735511777441
-3.4123206501135566 -2.1292062444151143 -1.2178412291081755 -0.5947608139044313 -0.18246150261004657 0.08122694636448824 0.24305047713125916 0.3369832228632478 0.387212723348354 0.41073803963541744 0.41947494984897316 0.42195999771519377 0.42480208555531285 0.4340411337063482 0.4565654318429898 0.5017122372064144 0.5831074673448302 0.7206683230930204 0.9424952142845611 1.2861969500430228 1.7992507744174668 2.538614483156004 3.5712272324834062 4.979512740775115 6.881295096188626 9.486078350786457 13.20374404719757 18.464258505231033 24.21371858354317 104.4787571303418 10.092695096088137 7.305118724718649 6.414659297373778 5.854492058408928 5.398525176024133 4.985879934662545 4.574557418488365 4.110077988056239 3.5636408608661796 3.080028804415087 2.8992614118378004 2.9258808764506687 2.930661721066472 2.862290042822004 2.753834903888222 2.634957292461192 2.520517710362067 2.4166269540610648 2.325437806511067 2.2475245466312495 2.182966692802623 2.131903121199451 2.0949623422020225 2.0737958318371543 2.0717497589465226 2.093859063530548 2.139692414536488 2.134725994457483 1.084944153862753 -43.5509976866632 29.718499890298887 28.67733747213239 7.795829110123225 3.7846892008437676 2.4917273874782504 1.9155256141666352 1.602529058550213 1.4090375718965737 1.2786881950647033 1.185914683119612 1.1178583749350173 1.0675507999287088 1.0310049800005652 1.0058448516885954 0.9906029779625769 0.984332646369757 0.9863774103618699 0.9962232217909909 1.0133948759929015 1.0373764785951303 1.0675452700708892 1.1031156081619433 1.1430988087764353 1.1862982382944551 1.2313836126844317 1.2771306725774516 1.3229817363361993 1.370191174346739 1.4239873760322606 1.4974735462378868 1.6186490383968652 1.8438016201897853 2.2861210261394382 3.184434038838698 5.07681067398803 9.156245404349514 16.44290724526661 10.158416569459419 19.507707905787147 60.909049470199975 203.92728901728066 61.02537120666409 19.587946579290897 10.23548031439121 6.059428395019497 5.694014242634348 5.2271236758749495 4.639662042313133 4.044764476461006 3.5151860927311827 3.069982259913124 2.701968446695563 2.3970743642494146 2.142111905995268 1.9266803850297078 1.7430311861840653 1.5854714449709353 1.4498012739260369 1.33288490538883 1.232343506108247 1.1463363999267544 1.0734019331186588 1.012337009023024 0.9621002806100687 0.9217289275824099 0.8902600948941259 0.8666493789217226 0.8496751499283888 0.8378107880801058 0.8290305457949899 0.8204801877529264 0.8078685768919125 0.7842584949939738 0.7374901189524812 0.6442345653853083 0.4549014540256544 0.050693806437404065 -0.8948633733959732 -3.3859050823691845 -9.388268515882148 -1.4889151019974527 17.428177340396644 6.944966801442137 3.254112533410561 2.2466230012198976 1.9363889531520422 1.8425115960502447 1.8241031073199083 1.8284492166227844 1.8283678735947002 1.8041326259710073 1.741465873255525 1.6444369456971537 1.5668935479113326 1.6370910284185807 1.9909232370139707 2.6088738851711626 3.298333099142819 3.8856438662535915 4.319135217714293 4.614011084846582 4.791795852095399 4.870546034500522 4.878242304365263 4.8605582858085885 4.875479425611081 4.985143522994283 5.263466966489847 5.856232279015322 7.286624094018376 12.601246513840904 80.01242123151894 37.972994819647624 25.076405078024404 16.88815196531168 11.745788212858088 8.410702286817756 6.135274262808183 4.5389843844761755 3.405920855768577 2.595379494748543 2.006998120319965 1.56532455422834 1.2112288165631413 0.8959025147678075 0.5758240033775559 0.2079148404052369 -0.255554201289137 -0.8724099316164383 -1.7155279877237752 -2.8735102385104794 -4.435394710179738 -6.431730703386899 -8.695832658992796 -10.696552711480331 -11.650561358039138 -11.118804738081543 -9.406238520433156 -7.21404930906157 -5.123549635926518
-2.105995682446655 -0.841318859477335 -0.06909556706147613 0.3582738518846933 0.5543964026967667 0.6016393241781455 0.5578169898669926 0.46258156748977153 0.3426472618026952 0.2158523889012509 0.09426217199191522 -0.013450264039958748 -0.10012186277272894 -0.15852626326691 -0.1799709733789333 -0.15299729344986535 -0.06221251359909086 0.112605755457579 0.39691294323677173 0.8211413727479455 1.4199354634804804 2.231660142522351 3.2997501915755927 4.678193925655783 6.444713823436335 8.72967989080232 11.774081445762457 15.948341654802247 21.14801160380871 56.50875703118052 16.65989291756406 8.734061066984546 7.2803617726791305 6.580530017618314 6.070229846331693 5.633582074825095 5.209557836742223 4.714505371479745 4.068008569525505 3.397841283974775 3.0415559876058316 2.999736317832058 3.015605341715033 2.9777320954789985 2.8929196152521097 2.7870740504778846 2.6775676413882885 2.573363794603673 2.47863004575114 2.3952082993409785 2.3239923210616804 2.26574567321343 2.221746612928643 2.194518097512809 2.1887626335452532 2.211935504691177 2.268822429794711 2.299085377518236 1.3629350296512168 -39.349405350908 33.28883847705441 24.090217873971117 7.178102252657491 3.6708566594186793 2.4868017123214363 1.94495513445432 1.6456076115151042 1.4585417193407482 1.3317315726434151 1.2412430809031516 1.1748848539589818 1.1259595745825444 1.0905707301848468 1.0663434962210925 1.0517660595506109 1.045825404145278 1.0477925147690152 1.0570881071943574 1.0731940146686347 1.095592527499314 1.1237251500413212 1.1569693894924602 1.1946391097281952 1.236024824262372 1.280506942196776 1.3278046098720706 1.378470682952531 1.434822865593664 1.502630664746785 1.5940952240825395 1.733062183673687 1.9642396654531322 2.3700206832032555 3.1022689703363513 4.4423332905113835 6.901874710243099 11.296063447019302 18.075046163825228 16.862579526884833 57.07461597525675 233.14752849316775 57.20369564414895 16.933755526776817 6.404117001437949 5.347023209056552 4.9121630613040015 4.512601496651533 4.063203001421437 3.610628088946328 3.1983670930692503 2.8421643946622512 2.540455565685676 2.2854860264316903 2.068859623175462 1.8834257915368364 1.7235920300312189 1.5851250126297534 1.4648524284820705 1.3603940135239545 1.2699472860052958 1.1921229340118402 1.1258183924177183 1.0701184406708157 1.0242147121704521 0.9873365063490798 0.9586867869252973 0.9373758969163924 0.9223425719729179 0.9122447882899988 0.9052875116365475 0.8989240471515072 0.8892964033815924 0.8701170105766172 0.8302742183227604 0.7482782276768026 0.5780608623636708 0.20811491954542927 -0.6728581390802377 -3.053544231841043 -9.139281034091113 -1.7694685355511268 16.93211678339857 6.772228909344769 3.283399567275298 2.331859964250457 2.042930580598012 1.9626130509747848 1.956986445210448 1.9750567351087505 1.989047684903958 1.9764840860829114 1.9184795533552768 1.8176751075530375 1.7454383148357673 1.87480846413819 2.3517184550781725 3.0635198310355527 3.7369799355579523 4.231765500295581 4.564283387399611 4.7901492685719225 4.950235157835639 5.071602034659723 5.178043532144711 5.29535373785107 5.453936601505466 5.697707426011307 6.118628897541115 6.99605158588458 9.53893436037344 22.708925924014526 69.48238153701676 31.11308580231342 20.905249124346156 14.468503665643238 10.324101357518835 7.522706390950373 5.556162059945556 4.145257513647477 3.118383853022463 2.3600459133601506 1.7878660084221165 1.340427763507937 0.969600952248443 0.6348216120083334 0.2980213097331528 -0.08175924162421455 -0.5550652953682322 -1.1912125890067204 -2.091023369895278 -3.4017660037495334 -5.320411961920287 -8.024658117340966 -11.36836665222716 -14.294578331835975 -15.075323857092044 -13.250189732675857 -10.022215954703807 -6.7164030496387825 -4.0284928005320015
-0.6635751787599853 0.5535406298289629 1.160341489610821 1.3689572437620237 1.3302048777097797 1.148606644813151 0.8944837343939019 0.6135158017200761 0.3343493810460334 0.07449450222670756 -0.1552764484650142 -0.34774321071407804 -0.49695201447155374 -0.5965544769628367 -0.6385766282296116 -0.6125180564466544 -0.504774909153528 -0.29844409384878023 0.026439001837814446 0.49229939632476327 1.1233968971542645 1.9458756476449457 2.989512922315562 4.292366142206498 5.909757024771819 7.930371289663894 10.505492792424675 13.883183701647374 18.274214737134 25.035341544839113 62.1378146935925 11.201397103677465 8.380733713801146 7.433494335843292 6.847470345996408 6.382956340454689 5.9485592364217155 5.425826181517101 4.671142149598901 3.788198399071468 3.2311935566479857 3.1086708176535645 3.12821984058896 3.114508847748232 3.047812536109721 2.9501255538439675 2.8411529123775576 2.7326498851710372 2.630849794232715 2.5389841958358117 2.458916939017654 2.392196966186502 2.3409064578509318 2.3086244397690745 2.3017875156792154 2.331386683939492 2.4112809976748766 2.5115923814393915 1.8459245410956657 -36.54979224952555 37.63437995821821 21.557635838691688 6.77613960286538 3.5985870616248716 2.493270417445287 1.977206758435399 1.6879101821349147 1.505132698044878 1.3802053125667562 1.2904991274383695 1.2243668585268492 1.1753321832593269 1.1395677200822028 1.1146912576101498 1.0991439684782642 1.0918465378648428 1.0919972777677691 1.0989480204068423 1.1121251318196184 1.1309794419592103 1.1549576154440928 1.1834937724388437 1.21602595400146 1.2520507738815967 1.2912418213995198 1.3336784139511626 1.3802660009808785 1.433484847057683 1.4986934122089697 1.5863543310608688 1.7157793203444354 1.9213725441676521 2.263025811370424 2.8435915025163236 3.8394234110730556 5.5620580774861414 8.630599283529186 14.630896857665059 14.960187634174073 53.77361898549947 258.8664291354602 53.897816590459286 15.020876324236507 5.918057940721309 4.742282780128143 4.286609203129998 3.950742458260388 3.6030236198986323 3.2513091613285754 2.9229390858180424 2.6322501189155982 2.3812961037128453 2.1662603457944307 1.9817198027807996 1.8225374062790367 1.6844576786539793 1.5641570972461114 1.4591109502509096 1.367423032848274 1.2876686600994711 1.2187630035243837 1.1598550435074462 1.1102414240371257 1.0692959284215369 1.036408668077239 1.0109298632500257 0.9921106866103289 0.9790316335353846 0.9705003136536532 0.9648878203777578 0.9598408279349908 0.9517406567704103 0.9346202370586565 0.8978430741788813 0.8207140080006365 0.658678251981184 0.3035152065072595 -0.5481212624607998 -2.8677852781608397 -8.925231600394515 -2.1898016469020867 16.800323265368718 6.8856086543312784 3.399239968667266 2.4457341296653534 2.160578566868379 2.0887338006765317 2.0955148573685047 2.1292604597685965 2.160725518154597 2.163915575639593 2.114124397172074 2.013341202144519 1.9625149901386645 2.195543524964041 2.8258928823926355 3.5875906926377024 4.181161095124691 4.566418162402744 4.8238233804107935 5.021106442793021 5.195907002501015 5.370638887033073 5.562810226853692 5.789707699087801 6.0743064219870515 6.464070367537069 7.099680145611895 8.516996191881105 13.430510055130144 54.59956931861041 40.545901077028695 25.232296929576236 17.292950720470483 12.264165405281435 8.91794443810759 6.592885677146505 4.93027997582019 3.7180900598317352 2.8196414820938616 2.1415349618849215 1.6172716050646274 1.1975861772707161 0.843947234805182 0.5235237663330237 0.20450444622673558 -0.14930223813604093 -0.5860513231692908 -1.1780964898574604 -2.0433164099130545 -3.3827921226918205 -5.539591728013059 -9.028432790154863 -14.152950120245727 -19.195081758165546 -19.904520393446123 -16.027134029404763 -10.741888182528083 -6.098528490834501 -2.775341884273919
0.9484410883355263 2.1123944334760165 2.5381024679470565 2.5047123216359406 2.205847775424571 1.774572465871173 1.297928590062173 0.829056996443373 0.3979536136202959 0.020164808318415328 -0.2968760844254498 -0.5495869920916155 -0.7355231417218803 -0.8517093879904823 -0.8936511125136709 -0.8547950361525531 -0.7263166972313851 -0.4971636200816404 -0.15427628387271453 0.31715819803835865 0.9336769486578991 1.7141239334342018 2.6813475471391164 3.865614014706323 5.310475823270718 7.082267030582386 9.285543585428822 12.085204542000843 15.696756814278483 20.427743391394337 115.96304300508669 16.872989333706254 9.876024717684714 8.440981070945131 7.745805512374728 7.254985873651341 6.824382568601278 6.293211519114927 5.431148339144053 4.286098877559808 3.458862428266378 3.221639045695884 3.2408413052689893 3.2551573944657495 3.209720719001492 3.121363539598497 3.012630221959089 2.898691217565883 2.788302497558197 2.6863857926141295 2.595967295424864 2.5195049872243547 2.459977681581682 2.4221318345677765 2.414381458981678 2.451953658817488 2.5601652902502696 2.7502059437208244 2.464380731477317 -33.44576401149456 43.02018276242019 20.264714310982367 6.54314402989994 3.5663697638309677 2.5124058746053555 2.0133115691413614 1.730261821611168 1.54964637084939 1.4250954279359505 1.3348926143635302 1.2677764777893814 1.2174274050622576 1.180063708495554 1.1532911383470301 1.1355084244279174 1.1255786880767327 1.1226378763447038 1.1259783230676101 1.1349765435939214 1.1490499177077693 1.167635087562708 1.1901867198833458 1.2162006007155797 1.2452714321529479 1.2772059271678622 1.3122270222595542 1.3513305822020485 1.396895671910256 1.4537118105581666 1.5306799235772701 1.6435826603964243 1.8195253233152344 2.103992074495844 2.5722744436984 3.35014712341966 4.663728283540273 7.012027681803316 11.920102732880586 13.512134543254476 50.90695348640489 282.2371820755768 51.0167048638383 13.56190789170545 5.454073925316716 4.218371337367478 3.7692748563202803 3.492387182283604 3.2245957114141865 2.9492397310475535 2.684090824442181 2.4433125560502074 2.231824213736875 2.04867453678984 1.8905260370560275 1.7536107533633414 1.6345550278952643 1.5306187322035725 1.4396837240487033 1.3601545526450272 1.2908414971147 1.2308520291894705 1.1794980096422616 1.1362183298826327 1.1005143229288965 1.0718932092728304 1.0498150509736734 1.0336357972321852 1.0225363487881993 1.0154198773780552 1.0107449331869978 1.00623220556477 0.9983129071502272 0.981026994868665 0.943668980691962 0.8653386392322941 0.7010479998284929 0.34190888093903715 -0.514944600624724 -2.8249442129466242 -8.75329826712446 -2.6945592111947754 16.923874245517126 7.294186153572128 3.615091201252205 2.5982701873785525 2.2977490369621134 2.229297803669029 2.249619931428458 2.304360605939909 2.3626853785491044 2.395190220875293 2.370347215050932 2.290303923247908 2.301486984689447 2.69487482940227 3.442383652000247 4.1267466595979565 4.5711058793406085 4.858505042767787 5.082536854367598 5.291633069358402 5.509888189638695 5.7530705702293705 6.034535095519206 6.3687351387501945 6.780350757537417 7.336901019727952 8.279470022078717 10.658198355130288 21.235987658699834 75.72011541003667 30.602964097391734 20.265324682374782 14.225180323583455 10.300499816296071 7.615803470258732 5.714198127253419 4.334799846772005 3.3151776436224116 2.54787766078087 1.95897364825532 1.496018233487364 1.1204977908004008 0.8026149600947119 0.5171905985212855 0.23978091443262217 -0.057981565209970554 -0.4153721336131113 -0.8949097337558951 -1.6067512442995642 -2.7611800312295522 -4.788329887256986 -8.601348945328628 -15.840248653481787 -25.80734871884493 -27.40643253986255 -20.259096577887078 -11.963195755034768 -5.467814288845822 -1.3711298687670905
2.949841037504233 4.023445670328314 4.233674234330429 3.913928918821329 3.3055303571097294 2.5807471433901044 1.8506883228062185 1.1780496343292404 0.5926389340761197 0.10487775831204382 -0.28467121001093965 -0.579439975552637 -0.7835902639832858 -0.9003483339341917 -0.931241345569488 -0.8758079445663344 -0.7315368337955581 -0.49388706247580294 -0.15628422321503743 0.2900071718690722 0.8562551674794343 1.557034103598661 2.4116230206717724 3.4463510407968783 4.698355470971204 6.22142454824413 8.09492451093223 10.43674006663205 13.41406234861832 17.266009890436266 28.532622102322243 41.94851771199166 12.179218019729563 9.641366290490936 8.773489626736268 8.266329778913672 7.874314444393337 7.385425249949103 6.442118495309737 4.959374979735852 3.7232148126357725 3.2991203238028453 3.315031544455496 3.373512625442196 3.363063698169283 3.2922808738347453 3.187918635645921 3.0701309148390097 2.951273030114493 2.8386154386345535 2.736731296065141 2.6492083688507577 2.580049174031469 2.535265265336314 2.525402249430293 2.5703524732730854 2.708510087597553 3.000598552498013 3.1947880196440788 -27.718048070199316 49.82725120001508 19.936269774577426 6.441541852241082 3.5639774902454695 2.5393078488141305 2.0503927686514754 1.7710026598407933 1.5913344502882243 1.4663923166590114 1.3750264072036331 1.3062292368535084 1.2537954640117344 1.213986452311914 1.1844109879172082 1.163447294654401 1.1499248617362172 1.142940532404649 1.1417481051343608 1.145691529199005 1.1541666741489605 1.1666043611385248 1.182473258892735 1.2013058185627472 1.22275566591723 1.2467031757070122 1.2734378463432434 1.3039649394648685 1.3405137516883008 1.3873685996649838 1.4522092335553585 1.5482397591228296 1.6975223722307713 1.9361855693823293 2.322937471753612 2.9555293718815534 4.014592954655447 5.921979823687294 10.036425823941567 12.360372790304035 48.372493784680366 304.08215101177296 48.46266263426078 12.399341828344955 5.004717163309951 3.7542091706222434 3.3278830178743926 3.1061937398736283 2.9052899400545114 2.691655548259443 2.4768490165938055 2.2756051680403178 2.0954714050229404 1.9379213742124792 1.8013080211282073 1.682925304869313 1.580048042063495 1.490338910792705 1.4119424431251193 1.3434459758526338 1.2837965503120556 1.2322109654990507 1.1880935193543953 1.150964873768152 1.1204008173197837 1.0959772400118355 1.0772168824351147 1.063530314614198 1.0541400704642476 1.047969175445122 1.043459600087944 1.03825270235494 1.0285925990472802 1.008140597878905 0.9654617016804534 0.8782585203352731 0.6988553482711668 0.31336331823048447 -0.5876372642899224 -2.936274881784853 -8.588182934406577 -3.264131843405753 17.13530276676015 8.12839332239163 3.9909775522390745 2.817753285154709 2.4724949875295725 2.4009204446564825 2.4401899494510007 2.532289963663778 2.6488684977111063 2.764188976980071 2.8435713591713863 2.873463531857383 2.994943612657856 3.4368742516263513 4.016080805469954 4.464899679981651 4.791349330505099 5.063463051810025 5.3201342583376565 5.5838117585597855 5.8719321388566925 6.199329232261716 6.578822923241254 7.025082448901081 7.5697031577177585 8.31849146578961 9.700642404560398 13.849906584772858 41.50308958170377 42.50972651781014 23.622790186934665 16.210327091102517 11.651812012561766 8.602249281934936 6.470496823043816 4.937044825363592 3.8099873448826207 2.9658300704385017 2.3217125276014112 1.8205268096745533 1.422053610024994 1.0972535811936048 0.8243051413466733 0.5855467729792354 0.3646713318172321 0.14344477347512652 -0.1032202070774324 -0.4162414042328164 -0.8711777899027731 -1.6226650309163335 -3.0239417076939397 -6.002302291506194 -13.415048553144182 -32.492794411741045 -41.45859655096577 -28.458822405927968 -14.271505298948327 -4.5361232733905545 0.4715790331540135
5.9332309296817405 6.707973927728945 6.601961645307815 5.900004628154231 4.877618502205568 3.763013256395161 2.705456815314986 1.7807070343062943 1.0146846097712552 0.4063760043117883 -0.05678261313964028 -0.39045369072508684 -0.6094179835584921 -0.7260026462433034 -0.7496443573471466 -0.6869032658747776 -0.5415920938549413 -0.3148611981353856 -0.005165242184711039 0.3919328234371968 0.8841632819961736 1.4832225188580384 2.205831763464543 3.07537531998832 4.1244259068076605 5.398595755864383 6.962270787497389 8.90678585028909 11.3610107833786 14.519858302250586 19.788448571488974 180.31944368628996 16.744105204219395 11.115516758370504 9.923548020192422 9.419070227533947 9.136119091358228 8.806375732725176 7.883115725657019 5.963995727880668 4.0361769896045905 3.2604636973819465 3.2691438543444726 3.4135138320173892 3.473228886305596 3.4418842807798558 3.354080721583965 3.238694145552034 3.1141129568780546 2.9913826349853254 2.8774303192080595 2.7774129524383544 2.6965802696108296 2.642301169926122 2.6272847250630704 2.6762127066666332 2.8415377443386323 3.2412976271667318 4.024132596559579 -14.77189393975672 58.427190827884246 20.564467291149562 6.4112136831516695 3.560981999747134 2.555835378847281 2.0766583894727155 1.8023033461648184 1.6251544099774726 1.5011385828527062 1.4095412229402 1.3395938853687128 1.2852415999617648 1.2428479106678174 1.210091544483761 1.1853960924157243 1.1676177852952343 1.1558666477914263 1.1494018391040328 1.1475701905678333 1.1497729920145598 1.1554539642781907 1.1641059097331017 1.1752991176474075 1.188738200741138 1.204361574932485 1.2225065535106483 1.2441780596077243 1.2714812230158692 1.3083104462253405 1.3614362944773333 1.442201214389609 1.5691478071140716 1.772145724556204 2.099362676610717 2.6315981046494104 3.522175144232415 5.140987555340031 8.702768611679339 19.924785157592616 46.08780189712875 325.0016782820077 46.15591974225353 8.972249257227226 4.559809547464263 3.3330145590551066 2.9412156923378125 2.7718048785279397 2.6292709696090264 2.468314261937798 2.295993104194974 2.1277616388371325 1.9735503358780915 1.837030662758174 1.718096951156666 1.6150069781652716 1.5256084828071947 1.4479001041739188 1.3802250737723138 1.321291834815788 1.2701243311802919 1.2259915184835455 1.1883354101650139 1.156705269289705 1.1306983899899965 1.1099041908628133 1.0938474494306378 1.0819219098306028 1.0733022816338353 1.0668125977512142 1.060711106381049 1.0523152030481537 1.0373058109014526 1.0083652627993471 0.9523301671749088 0.843790515535946 0.6294014656300748 0.18550353465676572 -0.8071949565262346 -3.219950750463954 -8.31882913075532 -3.949594840493628 16.939833346450083 9.815692619308496 4.733021307793706 3.2027793964073745 2.7526082809153785 2.6741504744355105 2.7671717277515104 2.9833919171304872 3.342388354399102 3.9041942712530635 4.614776310143313 4.695651501959093 3.5620833841426762 3.1853745390992474 3.715725916495386 4.323246186590207 4.806877830763939 5.189990408737491 5.524339851432371 5.856333845699983 6.220218316544254 6.637110389686907 7.118857937400074 7.677962488854353 8.355175113436875 9.323221268021964 11.375352101903607 19.534733794817203 70.66885597850421 28.754662282049022 18.269789367128222 12.943958187390006 9.523093889124901 7.173629896382381 5.50097328906241 4.280249230684375 3.3709566718227633 2.6807522217836706 2.147209229486933 1.7274339711624482 1.39166753727375 1.1191328162015737 0.8952172614819127 0.7094476310345361 0.5538702599867493 0.4214721591463553 0.3041352432164377 0.18914578456568076 0.05192318420581454 -0.16155331797400074 -0.5841597215575735 -1.5980497066322887 -4.6502985176444565 -19.51187525038294 -89.20335244797324 -55.21562670480791 -15.6598667332123 -0.8600479290722065 3.867316914964428
10.556437503288006 10.66864503702999 10.174112069255388 8.995005943923616 7.389556456433478 5.693480878472707 4.143598468354765 2.84624724097196 1.8193632848506613 1.0390966804020425 0.46865515481013065 0.07174536933971243 -0.18260259465224005 -0.319075945574286 -0.356532951263863 -0.30879477889723805 -0.18536236344561186 0.008071651307689387 0.26934286163322196 0.5997656776462506 1.0043198015277193 1.492099924005771 2.0770938409678346 2.779408929627818 3.6271447388193674 4.659202648895493 5.929404028751613 7.512325993692747 9.511708723421169 12.083692323886558 15.804126990248898 44.82822404339981 31.05939050646819 13.13343806159835 11.17036533585065 10.677381608129387 10.627029743975225 10.714900583078233 10.144845751267322 7.732035978145533 4.470264976182449 2.8921259597870304 2.881959890761963 3.2290449725177504 3.4532144415813573 3.5180165741347906 3.478209950048891 3.3819730490607753 3.2600122915053102 3.1305936691013256 3.0048399885158634 2.890418903166049 2.7942270771129163 2.7250171756589308 2.697369582933105 2.740200816448871 2.9199344146621495 3.4201391474925478 4.92769033597583 14.694730278436468 66.77824559343453 21.982878433648377 6.195331576230646 3.434192896599887 2.4905187749012723 2.045437966739956 1.7918445296001289 1.6283020377525137 1.513402294064648 1.4276860921550727 1.3610713271985027 1.307954577470366 1.265045029779484 1.2303065168439362 1.2024011358345186 1.1803811753172242 1.163514301255775 1.1511838170694024 1.1428344389364902 1.1379470688352626 1.1360345968896168 1.1366560979754015 1.1394506771702746 1.1441974567949162 1.1509125608307489 1.1600026278433877 1.1725051171125815 1.1904624531323547 1.2175034952937691 1.2597440250173642 1.3271813347639636 1.4358716188128064 1.6114421878027927 1.8953004574463317 2.357944437960499 3.1362425947380594 4.565907496156575 7.755571937952292 17.941822180481587 43.99004034589031 345.44032948039967 44.03540999162892 8.351012063911314 4.100434450116192 2.9460404789129893 2.6049138156915044 2.4830388953861298 2.386359072604105 2.2672792564636284 2.130996520435507 1.9924199535521139 1.8620951279141835 1.7448577693668668 1.6417770295045775 1.5520433516064678 1.4741554837110538 1.4065313527392869 1.347768770136907 1.2967218091158763 1.2524903786924704 1.2143750988303537 1.181820439577911 1.1543567497428315 1.131542484532016 1.1129058283730853 1.0978785750996098 1.085714433009725 1.0753750306875705 1.0653572961625488 1.0534113209632228 1.036054922469063 1.0076928602865713 0.958935083653993 0.8732000328373541 0.719409351087149 0.4351624100585403 -0.11464185955826389 -1.2418209120123165 -3.6336240622398703 -7.68440286794248 -5.01232608846435 14.227097109073911 14.008756620027896 6.912298827566421 4.364877702447898 3.7012787183712685 3.8368115364268363 4.6424997898368385 6.599821857014218 10.58633986192001 11.557943081168418 -0.7941263497394608 -3.662487182987525 0.3417735748237054 3.0192517173254036 4.49601752149244 5.3057811815497615 5.671902409391153 5.7718424243457385 5.813314885252395 5.960333209906773 6.277914730200592 6.755006783521494 7.354711850901688 8.054727393747184 8.900103542967546 10.192645402995687 13.553897606456298 32.760376269605615 47.30778425933853 20.76333994000632 14.137692498021135 10.329961516146742 7.787120200649584 5.998864079623498 4.703358853469139 3.7435443989392443 3.018291002686064 2.4601775860772914 2.023520688807334 1.6772516187887354 1.4004455375751554 1.1794523164545272 1.0060717141967914 0.8764688107203027 0.7906832498343317 0.7527195110475238 0.7713774321739981 0.8623071303624221 1.0525591907759622 1.3911558431419062 1.9768574212736185 3.0462720251070206 5.3467383321779565 12.744117440526967 80.40925128547127 97.17229922229079 26.421807444837658 12.147779701131203 10.453449050631974
14.659781956292303 14.787129910576478 14.7176971447571 13.606376114310681 11.49970971659317 8.999265510052972 6.656782566282326 4.729210653861321 3.252903244477348 2.169346734814762 1.399061340887112 0.8704267710105329 0.5267471666121499 0.3254971730914198 0.2356274783234263 0.23493961215341397 0.3080422415333187 0.4449152820415574 0.6399866264241934 0.8916280288566494 1.2020087851705967 1.577284833821423 2.028142851019218 2.570765782949047 3.2283452080863126 4.033336231302257 5.030723170500669 6.282639220350556 7.875201557440318 9.935743850205753 12.79523382300848 21.70901283114467 94.57845554851423 16.81148115012803 12.508007296351614 11.910256844546026 12.243056386951386 13.285975781071436 14.19501236943358 11.758253721428723 5.458567396745055 1.4627841159807229 1.3793572566087517 2.359885763352503 3.0606476476829565 3.3898233277289957 3.4835022588637816 3.4493343317603578 3.350736038901297 3.22311721934935 3.0865911218588504 2.9535230834201815 2.83314226686129 2.7351704563883574 2.674529000910348 2.68146464225352 2.832601622352902 3.3850707090670182 5.807524386500636 72.24827608815 46.63643666036245 17.152095103084587 4.338256800337639 2.6277763007690385 2.045250620484608 1.7639792570059538 1.600840410937295 1.4949591465527101 1.4205706897530632 1.364846644672685 1.3207022833449553 1.2840245827427632 1.2524203175445403 1.2245482346862753 1.1997064203717553 1.1775557370163012 1.1579339973798835 1.140737635209665 1.1258568286283008 1.113149610386813 1.1024460543259185 1.0935755506665372 1.0864152690375146 1.0809619795547278 1.0774335667320287 1.0764160950711958 1.0790768178005947 1.0874814943098134 1.1050745767567962 1.1374237328931114 1.193401983283302 1.2871305652233447 1.4413320561676564 1.6936220367036698 2.110172434559327 2.822515194535065 4.153323361513923 7.158513064120828 16.83244152196927 42.03196980228096 365.7254883509184 42.05517118839115 7.47373361738138 3.5974692303937505 2.6488997166029034 2.4199155677164526 2.3195783957705376 2.1940444172968525 2.0512696939286106 1.9194308899398989 1.8062881419108907 1.7085029035432928 1.6220327720857106 1.5446379910840906 1.4752583641331025 1.4132470222802525 1.3580314033333922 1.3090374880196967 1.2657046462186443 1.2275060621425102 1.1939525986490493 1.1645770860834568 1.1389041214889175 1.1164051734960063 1.096440476818886 1.0781794947907415 1.0604912711039045 1.0417822659886729 1.0197492212506825 0.9909837823670247 0.9503188745604769 0.8897091688964044 0.7962475804101464 0.6485312566504977 0.40979771533575615 0.01475277126456831 -0.6550316149605222 -1.808640693344767 -3.7410501022921387 -6.393612993702477 -7.467574019492893 -1.436112710981865 21.316214970235336 44.15443934350523 16.11393466232618 8.952555396903296 2.362837986999729 -7.067001160054037 -11.06711313835983 -5.696893659504501 -0.8867111745010465 1.72032154325796 3.2861668892540674 4.540843588563758 5.903626231726078 7.6766540091605515 9.892222007453356 11.533207215831073 10.563028449887334 7.433873240084759 5.02613849936075 4.495661744760456 5.218351733325947 6.398076700612715 7.6595697799356905 9.01194420716994 11.06021304042823 17.62901193587825 57.87246054070491 27.019430394560715 15.231609145109577 10.935000024596727 8.248930730947665 6.389083762948922 5.050024105196977 4.061643720668025 3.3169615487944553 2.745341428910526 2.299228321276338 1.9465290555456678 1.6659109501933802 1.443830774694382 1.272699576364241 1.1498766672462717 1.0773671350469063 1.0622532803233697 1.1180928454222414 1.2678660145489749 1.5497786082310316 2.0289098184992476 2.82196277087185 4.154229948994379 6.5036795245168655 10.998051192248397 20.439490069064117 38.56500178853971 47.163976177767665 32.67712452518055 20.733093899920082 15.862119839316513
14.040165750944038 14.925572481806604 16.630650267861807 17.713379304831022 16.85771680602868 14.178172045107495 10.888779811930739 7.947586456855811 5.671318051225405 4.023344345650877 2.8686559591943563 2.0772142449822515 1.5486544027834828 1.2110230765057564 1.0140703071784478 0.9230566087322126 0.914196399105413 0.9715709915337842 1.0851391656205251 1.2495369383700925 1.4634631950391976 1.729536573045322 2.0545811410606585 2.45035778202778 2.934816919337783 3.5340086102081907 4.284849617449525 5.239029294118288 6.468745425934294 8.079373236041707 10.293349079693016 14.964202117708606 74.9997744029383 27.163934215274224 14.197837050281352 12.721552355922528 13.213582475932876 15.78975320381741 22.517659884575938 25.611444210425695 9.50139426829983 -4.534309700606588 -5.277561074861491 -0.9468109616811411 1.7024457425670048 2.868106549173418 3.3126063582746346 3.423865129275454 3.378227908667017 3.2582320998361056 3.104432878893004 2.9377191765440323 2.769543841834932 2.607364228726189 2.4591370524034293 2.3419320000938773 2.3139438625265187 2.658864406548108 5.8994728552544355 142.13478133664225 -44.691361671344794 -18.636472462730175 -2.0030388080347725 0.16973356562237707 0.7434764234463282 0.9362666423769805 1.0004718379133903 1.0127126310250516 1.0024576835692272 0.9832205571522339 0.9621581674357067 0.9434382925405167 0.9294379213222683 0.9211288115583547 0.9182459566902454 0.919543268950664 0.9232276287475392 0.927481622709748 0.9308970546440887 0.9326951510876516 0.9327241129600348 0.9313183957627784 0.9291239031526775 0.9269621311089067 0.9257634575412672 0.9265764369938472 0.9306513399214748 0.9396147164262149 0.9557814482060607 0.9827159226052495 1.0262769985294762 1.0966359069282503 1.2123325644759113 1.4088292031287792 1.7578510568601908 2.416542747221816 3.779291340509235 7.103642620754173 18.27300747612187 40.1781255669822 386.086300018311 40.18070977047484 5.773115316394932 3.377000419136646 3.813157353551766 4.195820763529079 3.5414541278657587 2.412387424412781 1.4853150219770912 0.9419416048088154 0.7124384827145991 0.6771100470740699 0.7356056777425652 0.8229640440446426 0.9055294406810626 0.9703560204844222 1.015470870886219 1.0434915778618896 1.058252012219546 1.0633338118120736 1.0615791038255173 1.0550306754878076 1.045021540209062 1.0322870361656373 1.0170533103572867 0.9990841164780049 0.9776806899439703 0.9516315230294685 0.9190970214001917 0.8774100714015975 0.8227393734501292 0.7495183692065459 0.6494325855193295 0.5095100313256542 0.30826990131704646 0.007354361476133775 -0.4682456210382251 -1.281931181560062 -2.8398091976955637 -6.329775461615148 -15.743381695601673 -37.09547941570556 -68.86276431241164 -33.23971428480492 -7.4712875805646455 -2.215078693747323 -0.09014691214829229 1.0750720655044153 1.8446366939594703 2.426384954292846 2.9169359205335312 3.3725412689962124 3.837900186053563 4.36811853831345 5.068957177966974 6.223221062463869 8.830267430457022 17.618729627823214 43.83260623851289 17.031074871866544 -4.010400670702241 -9.19918674861615 -2.062958595504453 3.893152451878249 7.266758425460026 9.655614687268995 13.076178820555514 27.518149225546814 56.34183408217223 17.01800247970701 11.177627785453371 8.441028799655891 6.59967660640687 5.2747292311159235 4.2947666855463655 3.555182523757528 2.986758996854908 2.542633355521712 2.1910602539919632 1.9109157408885251 1.6888140205733468 1.5172954480487633 1.3938002241845284 1.3202936803197833 1.3035307433812389 1.3560803073200196 1.4984210240060654 1.762742111292516 2.1996689055567185 2.890217364247997 3.9671519624363083 5.652124545794225 8.310913354134478 12.476835776256264 18.509077097337997 24.908321666677566 26.850673750774774 22.920163561240493 17.92305838260732 14.868392265356349
11.303675398188814 11.933457138605982 13.824334087483777 16.55694843107324 18.865549239974207 18.94754130704702 16.400832941885575 12.73456544022387 9.382897709506658 6.825572470036753 5.011506426439966 3.760869167577385 2.9105167751771606 2.3407494055160134 1.969193112413854 1.7401462503245335 1.6160265492632553 1.571524470106408 1.5898383981478617 1.660346696348187 1.7772622690936668 1.9389956921194031 2.148083587750184 2.4116358291135915 2.7423293292804036 3.160040077232266 3.694260841110209 4.387507744059466 5.300139783415136 6.519299981132198 8.20271407641395 11.171911868078432 29.25828484516014 49.163367123343406 17.89228417430531 12.220578211161719 10.017588593783742 7.058536892432805 -6.147393342580346 -71.90467165363283 -1.1440139263640567 -4.0134768016959885 -127.04357940974414 -1.4903420726127536 3.729143088527265 4.485764808613542 4.503218647871311 4.315227818645355 4.060734372382244 3.7865297211319775 3.5092607129147613 3.23286927203982 2.9539967290011675 2.6626324374692394 2.3392029115188286 1.9464332119346592 1.4132449910016658 0.6528057759853814 1.1600514689862154 180.20848095008103 -37.057728498162405 -9.461535104853327 -2.240234005179643 -0.17362592935246324 0.6357855898215816 1.0242421069477468 1.2429122972052014 1.3881201606431228 1.504907844450358 1.619175394631064 1.7500914722594676 1.916350428786163 2.140793880233242 2.4553801863075395 2.9072893593085207 3.5638423605926004 4.499044478814039 5.681054760534542 6.4753686536470365 4.216630596817318 -7.628505592060831 -21.073251837217853 -7.911028716394677 -1.0340010862354765 0.9007153367175329 1.4316572123975178 1.5504353606220558 1.5423183614121496 1.4975769451858056 1.4469410714772484 1.4027576069009406 1.3753022598235658 1.3863210193291118 1.4974177605301384 1.898833316261214 3.2266653370946505 7.530948943541997 15.204787224137043 7.598385706300446 38.40186417787006 406.6565275297168 38.38613136993255 38.679527526552064 3.641573731826406 1.03187547624868 0.8500446327001964 0.9660181689955469 1.1147926210037618 1.2567534846693151 1.3935027882736841 1.53585723408831 1.698058886656225 1.8980699518595885 2.1598586137243703 2.5162849112912964 3.008915207914522 3.66747903330398 4.394548905784597 4.486438936871068 1.2365774952433153 -9.874136360675372 -13.658945553077475 -4.246047292029509 0.03718966737653151 1.29423479126137 1.6140152723147627 1.654556102392953 1.61586570906649 1.5607179246023786 1.5081075850289611 1.4619219831784582 1.4200437512424964 1.3767839282209382 1.3222279726810429 1.2385306771573272 1.0897866661549487 0.7925902032149259 0.11284920779904273 -1.8192668330162152 -10.170811335387825 -57.78501755400303 264.5964987492282 1.6920418329219085 1.298522160450328 1.797942157813501 2.1861699781081385 2.496665194603751 2.7690860508997046 3.0251993182389527 3.2758502433775973 3.5246232026341744 3.7678802194650274 3.990630042515758 4.153787710934945 4.156076775330915 3.70000511129296 1.66849974078205 -8.300056230766534 -49.04393219158663 -5.963688834504213 12.634012974238406 115.29381443321827 20.794212392834556 12.980295449752452 12.3126835986448 13.199140367939052 17.949782205761167 52.10118596373161 30.10218066890731 10.96821271767704 8.114861259849082 6.490834887057504 5.297746938222233 4.394416721844177 3.701635950490882 3.1631733844376306 2.738798867276545 2.400312070117709 2.1285507868750897 1.9111972298593582 1.7412722843682094 1.6162096989895673 1.537435132189385 1.510426017065525 1.5452914792761892 1.6579931875372402 1.8724350069491462 2.22378491973773 2.7635139843230534 3.5665232714306967 4.739528536707111 6.424733406269793 8.775717744920678 11.839668383515727 15.240312495188302 17.807147604160477 18.14054857599261 16.307219982192056 13.823868044685742 11.978941044840317
9.33100991872536 9.620885501526551 10.873225940593093 13.132241371163081 16.11657636830806 18.778920202062498 19.436032446363797 17.39639107900816 13.906260278032816 10.51224147818034 7.85620948742404 5.951073323963673 4.627285678381601 3.7175900591440216 3.0969184813250465 2.67891300941766 2.4052154429964876 2.2364516070255727 2.146017129863328 2.1160923531284643 2.135210399622806 2.196898460340825 2.2991063728674663 2.444284004241859 2.6400752520540713 2.9006738309841134 3.248933276094125 3.7193238885343893 4.361754156706265 5.246557421112873 6.479620177467334 8.405093422293717 15.082179442661452 29.861415959583155 21.373148810275133 13.320931350860178 9.178914573690637 6.019119432739624 3.979205124260268 4.9932359135613735 10.063912584933666 18.023036050630548 22.784641788500334 18.570101810036473 13.113561117081563 9.795932959409729 7.877004913612425 6.660151011430953 5.803834605464116 5.1463152258627405 4.605418616426712 4.134088390355268 3.6996488618764527 3.271408197579352 2.8077272546015166 2.230605805388409 1.3514401778071545 -0.41261672512849157 -5.200858758150909 295.91526993762244 -20.345992555438865 -3.8601158609694908 -0.42334042970245955 0.6857547522208396 1.1448669883215707 1.361393424568569 1.4690638644206917 1.5199262060058025 1.5354026735283974 1.523263848947909 1.4846136365309932 1.4178887064562689 1.3221822074852985 1.2003459535327905 1.0610663309385382 0.9185925969025162 0.7895512252111017 0.6881140281748106 0.6221027530775767 0.5919830615054562 0.5926711222142202 0.6165549583763221 0.656123997341153 0.70549193421845 0.7609067870707393 0.8206657678896325 0.8848164153489992 0.954871649542228 1.0336313129210868 1.1251230446493974 1.234641005533497 1.3688605338993582 1.5360745152544513 1.746980790570437 2.018320649904181 2.3896705855005163 2.9952888073684227 4.3731588952192935 9.127944188970378 36.68320252215484 427.4617565770229 36.65201238193007 11.407082272040125 5.302070938951288 3.3730064456289917 2.4812907180492028 1.9836407022335134 1.6816897572564198 1.483187202900259 1.3381939302350792 1.220360810671175 1.116705537734159 1.0215493950430239 0.9332245874809186 0.8523795421279217 0.7810673304061901 0.7221274616210995 0.6786039955299454 0.6531140997535001 0.6472244480857618 0.6609907048759887 0.6928184559916466 0.7397143623933973 0.7978529655625319 0.8632651226985395 0.9324460876876421 1.0027371846868416 1.0724567443007835 1.1408251663327136 1.2077716975392996 1.2737003287631077 1.3392612704421618 1.4051412335212854 1.471849842557718 1.5394272545423882 1.6068701445259868 1.6706594260466048 1.7201320364019121 1.7186638544749107 1.4984824321471089 113.39526084429201 -2.7646310443410274 1.8165748789929062 2.3549162704245417 2.6279170925621997 2.8519527397494358 3.068655411676686 3.289914629046474 3.5183964905769103 3.7510098140225914 3.9772972269940845 4.17323344778247 4.2859271548528595 4.195192832515328 3.6099139760170935 1.779102684978528 -3.0603832435382703 -10.545065831390328 -5.004981482506574 8.934824328751379 18.997185769956534 22.370990404358224 20.016834932836943 17.054360369530315 15.222656470561613 14.917377072421168 21.607348383433678 106.1931815387303 13.914641108977179 6.770582455468241 5.752860494865013 4.962270138860933 4.275114292980634 3.7060070000133125 3.2430977622585333 2.867076774961311 2.5603297637118247 2.3093920995116557 2.1050958029017073 1.9421185156009078 1.8185283741190206 1.73552254853596 1.6974283939887296 1.712005649511791 1.7910935291074863 1.95166097855244 2.217315699490272 2.6202554022583024 3.20336555202224 4.021344406158036 5.137612369799891 6.609036424051455 8.442687161679995 10.506541941027008 12.41846295155172 13.576161455988833 13.53985912558499 12.481146628500484 11.050428798743937 9.874406859104838
8.090197780580077 8.241831798485528 9.058823963954477 10.658154443297912 13.068717792915638 15.988207214376924 18.453972570376564 19.089857790506226 17.374762281981592 14.282951351876719 11.13136607339817 8.570832233450432 6.682751136348891 5.3416104683524415 4.400356126281275 3.742081163070341 3.283407001174658 2.966803641837579 2.752823544198817 2.614408859964322 2.533150003152582 2.4970066682904584 2.4990962723371486 2.5373111240823802 2.614658092149693 2.7403045026224784 2.931343076499103 3.215171518480914 3.6317854194095434 4.2328320845144045 5.064560131898583 6.118269858231293 8.43427916862515 15.831413447239688 17.90107067188943 16.001341158336334 14.228551468482049 13.213145712349984 13.033655978287412 13.728708782726734 14.960650319178761 15.768694539561059 15.245120111429184 13.591140743395387 11.653574722774351 9.948963628459406 8.583205173490263 7.502821920529974 6.6322914478367565 5.911208760126253 5.296445490019708 4.75667477595169 4.266342160669124 3.799314692455319 3.319156810916846 2.7562367261236327 1.9331816543816478 0.23089158299551182 -5.693592442078708 330.71933254399846 -11.051853624506908 -1.2727041633431893 0.6614206257357049 1.273345700056702 1.506313317716288 1.594175368883073 1.6142896253113417 1.5961550719657156 1.5513739634790125 1.484390256085247 1.3975679005553088 1.2942418706018732 1.1804528484204115 1.0651155250825908 0.9585032868459646 0.8696971518084329 0.8043145139765882 0.7636345998229896 0.745292256515693 0.7448577147280218 0.7574288876804551 0.7787151843860334 0.8055320824432124 0.8358749104948253 0.8687831556546588 0.9041506867777815 0.9425650148085762 0.9852054520867677 1.0338047438542888 1.0906761633309505 1.158839600367259 1.2423801713869 1.3474470769914584 1.4850341608231197 1.678772440248013 1.9877755051762953 2.5815737578498013 4.041476870421745 9.050898753258885 35.00724462583783 448.3889148315817 34.96383551758595 9.20279264226934 4.284899846965486 2.8292117184622487 2.236815961679163 1.9104070003551323 1.6760932202149819 1.483369813083399 1.3182663894504014 1.1769417990972428 1.0586305195670076 0.9633173696107282 0.8905847834822584 0.8391542715852072 0.8069461320115583 0.7914049544313095 0.7898645537224813 0.7998274505422245 0.8191247920026865 0.8459735271446984 0.8789687881801473 0.9170423314762843 0.9594131630986857 1.0055409889948832 1.0550909622923588 1.1079103044220455 1.1640166550958302 1.2235989260274904 1.2870338484140655 1.3549245270818293 1.428182350505358 1.5081970376624756 1.5972062437480594 1.6991717684083683 1.8221123479257326 1.9853881878359525 2.2485065683945447 2.8768467852814625 6.326368558665855 79.49651412543624 -1.115381543098147 2.5033309563333814 2.823347562521566 3.0156858705605867 3.215296478293676 3.4355571257552917 3.6768599473258714 3.9358342979789027 4.204176335241188 4.463394574190767 4.672693698228715 4.740279647552218 4.451905249468436 3.295483024153942 0.1935864877436151 -4.996502749184826 -3.5659576905719366 6.7789079486046955 14.385851735950439 16.941830701500106 16.480257174721487 15.10250569994472 13.578908172391003 11.943917424451595 10.307822795776683 10.762811327817992 170.4134911699313 4.467706897957447 3.615677221467333 3.9124734545218827 3.769609485907017 3.4808918517434986 3.1767100099735908 2.897196420586651 2.6518631603148837 2.44085131952072 2.2622884448387057 2.1148460260890434 1.9986263892793013 1.9155036680064885 1.8693420306156905 1.8662605298940829 1.9150151740914656 2.027524016009564 2.2195182879254225 2.511222442004573 2.9277876393274385 3.4988190280681417 4.255573644853711 5.223089806771275 6.402901158662362 7.742275389525819 9.095084786811459 10.207461271697758 10.792261012663204 10.704687443356068 10.0708851936194 9.213695284559597 8.470377528979014
7.226766195479763 7.347574410651691 7.92642584148687 9.074706224650562 10.888413425310352 13.348016656760342 16.081971508968966 18.165026656129072 18.52657866431114 16.93151181355482 14.204638761002816 11.377255753530473 9.007365965853522 7.206106199954199 5.891635336442082 4.945081958438792 4.264372683443661 3.7733361761131867 3.417746703047382 3.1595273050804864 2.9720638632506087 2.837011254203729 2.7423680838541378 2.6815606191295243 2.653365419604786 2.6625698333041963 2.721231645864442 2.8500083200501227 3.0773096156531787 3.42645221189031 3.8455088661600954 3.946283846071667 4.410644072304376 10.622083716725928 14.987365711309232 15.927969591454186 15.809170147145164 15.670708680992602 15.78401266247421 16.061805659167682 16.178304874287335 15.759286198452541 14.703263672051158 13.254077974824519 11.734935271349386 10.340119328045025 9.130779481799067 8.1004878848012 7.221651099763106 6.465209837070985 5.80611876351937 5.223289766895778 4.697544364401777 4.2081487686233805 3.7260440863204294 3.1962651483496214 2.477850661190729 1.0584359011836548 -4.204364159183027 132.85501073863935 -5.4807456224136235 0.13985607943556477 1.2904966006658858 1.6338665934038938 1.741517553404445 1.7587504404087586 1.7334205134863951 1.6828647719104506 1.6129321804398162 1.5252188888546523 1.4209046928313962 1.303275291771107 1.1790002129852293 1.0576855697457002 0.9496865088969177 0.8631915927042417 0.8021388145395338 0.7659352156242192 0.750742524812815 0.7513374218451199 0.7626510435736242 0.7806256006045081 0.8024705467500348 0.8265662550986457 0.8522365062786468 0.8795226176229152 0.9090168967857672 0.9417686697865821 0.9792624052380499 1.023474669670911 1.077057018176006 1.1437968533067497 1.2297732570240343 1.3463075252445482 1.5177336522678155 1.8033726605563387 2.368767690133069 3.773410890612031 8.603824394021473 33.36301276516432 469.13411161233216 33.31082197252729 8.222398866619887 3.766174764135317 2.467001764800854 1.9849864777838446 1.7601097270502206 1.6002568824677146 1.4453037492840028 1.2909143792439066 1.1477085938275455 1.0253774476838302 0.9291806867152419 0.8601368835823742 0.8161822607405842 0.79355544581197 0.7879980402756597 0.7955563076262322 0.8129755864144783 0.8377991377387841 0.8683010039978856 0.90335249781872 0.9422794650714417 0.9847401660677437 1.0306307173237386 1.080019086512527 1.133103965476372 1.190196347403299 1.251722391187595 1.31824726161542 1.3905338914375982 1.4696521784200554 1.5571907096004753 1.6556962628709733 1.7696591046179952 1.9080489117754293 2.0919360990322744 2.3831926729078337 3.037385408948337 6.022122304333279 4.51371588517182 1.6515632778226035 3.0499556707761983 3.161211152700642 3.3166458597940727 3.524587544681138 3.7736672293822426 4.057316267373515 4.369683311988441 4.700530097220959 5.026901315725734 5.294845570328198 5.373724117475606 4.934338132870996 3.144943640549704 -1.468538920013037 -5.441575484427046 3.0699804734193563 13.036056709353444 16.78380573230289 16.61918985952748 15.257574621242764 13.641818665958219 11.749134186737784 9.323200550055045 6.157674957620552 1.4209227208934025 -200.7493196510106 -3.0827878183675117 1.153974182425566 2.5062599121566644 2.8661332049526447 2.884176234664211 2.7850200019636815 2.6487567807301553 2.506699170616196 2.3724216090131867 2.252827114736007 2.152477741901137 2.0754548950059317 2.026267181417327 2.010388267389712 2.0346592893087756 2.1076444571339974 2.239950319099905 2.4444484319470976 2.7362425856807286 3.1320564384003076 3.648450100312772 4.297894903177623 5.081379395254187 5.976459983032969 6.922000775882561 7.807489457732827 8.484700073727149 8.818754823776667 8.762938113275565 8.39811328386185 7.897308305638319 7.452624982329659
6.536292851372172 6.668453360659578 7.117054459478291 7.973865590666225 9.337211628537755 11.278269721003582 13.723557732354315 16.236322717960412 17.93627317550957 18.01422230656022 16.46339008958975 14.014291320744217 11.474224094452213 9.29691491363862 7.596500467241158 6.321893023486746 5.379125592042274 4.6810646286267765 4.159574542449343 3.764539884214965 3.459942509719661 3.220257098645396 3.0279078466891574 2.8717864246082137 2.7466674993534834 2.653298550362157 2.598678453609181 2.594918720330154 2.6505966875277513 2.7299749743973063 2.589921123155677 1.590560253236288 2.2674072424624523 8.165929955474967 12.446318425045025 14.295112836588203 15.095835913701068 15.626948918101448 16.14678916100411 16.58887841560618 16.713897946052757 16.301877934198632 15.340355787984185 14.026794096174083 12.604078497959433 11.236452091968316 9.996903097097666 8.902172411650593 7.94396212849385 7.105723564273394 6.369556546406248 5.718172993108677 5.134508444391381 4.599581108037466 4.087179739605894 3.5489738867304172 2.861999480146731 1.5713830560488393 -3.270648814133116 53.724101987170854 -1.7988058999808665 0.9570957856780828 1.6604094878544933 1.855788102338218 1.8954546329982276 1.8757342947994702 1.8285412092225268 1.7644042132647266 1.685285883868557 1.5898050057705073 1.4765521155788925 1.3469118068157944 1.2070471829550384 1.0678985472285296 0.9425481573473471 0.8419966018846683 0.7717633289312755 0.7311515695997928 0.7150195268151802 0.7164807581878538 0.7290698698938656 0.7478350029629772 0.7695509356231617 0.7924707044351826 0.8159469093907012 0.8400964572127779 0.865567121605289 0.8934091919546056 0.925040141250853 0.9623042615693991 1.007672360136286 1.064729201740498 1.139341967301771 1.2425297082860758 1.3978368594771657 1.6619772786071763 2.191742469322647 3.5152630885494682 8.081243313669146 31.742544697345508 489.1238835754366 31.68503128619495 7.547323959910341 3.413664599716661 2.2113199004873985 1.787423118614052 1.6279072816825475 1.5302104576712383 1.4127953896986962 1.2693841628565607 1.1214386752637568 0.9894504031718233 0.8852323669310851 0.8124382874519807 0.7690839620877452 0.7502690167005595 0.7503371461181683 0.7641802798650916 0.7877864835220598 0.8183024392840406 0.8538653627382262 0.8933696699631839 0.9362500648946579 0.9823104646648444 1.0316008766049127 1.0843365295971057 1.1408490315404733 1.2015653835948183 1.2670084042282443 1.3378233108685018 1.4148328427385348 1.49914242921026 1.5923344576379568 1.6968556080310289 1.8168659582449473 1.960335031111774 2.145109516215907 2.4205278341842797 2.9722660990097305 4.934696956438217 -9.693081467891886 3.4864314409893797 3.4602783099800027 3.444265167608745 3.595949251798589 3.8325708466250603 4.1269015458432055 4.469168378354377 4.853530220014085 5.270413926443793 5.696050845359348 6.068857010888747 6.225144535011064 5.705663838562298 3.1905136473267075 -3.6510794300826817 -5.074339196072129 9.121425406857414 17.408441699231318 18.371538938432366 16.807911857914725 14.91971911372287 12.94384335780083 10.62763020755977 7.697769803959389 4.04578048069866 -0.2592498033843751 -14.443088330238155 -13.418800357463521 -0.5302132351847799 1.5839684533003628 2.2646180581337885 2.4831222305279788 2.5247782618659333 2.4910918759976015 2.4254362041592548 2.3494466413166415 2.2755999426297646 2.2122729858290375 2.1660542976722748 2.142937026206263 2.1490127050634924 2.1909147979790076 2.2761049918963643 2.4130095683109714 2.6109465705238586 2.8797069884928623 3.2285540125227925 3.664287905829566 4.187938992032737 4.7897596691854005 5.442858584060847 6.097604844452849 6.681898651615085 7.114285701890884 7.3320606252433755 7.322596344152439 7.135995047406368 6.868925464803281 6.6339099203740055
5.904054610774152 6.05791754868539 6.42967235777292 7.090098642206852 8.1224013654018 9.61632144629925 11.6250832668258 14.040174444788054 16.390218329217962 17.837623344235972 17.73943348269887 16.220906885193635 13.955989709463239 11.61334858888923 9.572142505324603 7.941667799601381 6.689589872104381 5.739534532999385 5.015741608443682 4.456546234356131 4.015392268502369 3.6583360378234153 3.3613271917542473 3.1081810197212496 2.8892734626532532 2.700486523709583 2.5409592345215946 2.4049790540957114 2.2521658206447484 1.9080688572338085 0.8902308221727182 -0.48488899176305633 1.8114397844031611 6.6157247832863195 9.998506958742137 11.944979423903424 13.200314981794836 14.239225877113665 15.236728118222404 16.13044695956598 16.707113061557145 16.744536344147214 16.173852875726315 15.125426216086188 13.822224892367942 12.456186524563162 11.143642680467805 9.938388779425054 8.857046407808621 7.897567957223412 7.049446217333139 6.298473008557896 5.628267187561228 5.019329245792701 4.44440553486268 3.853844700830253 3.122391485003174 1.7859826640378333 -3.1434530381528436 23.26832005820141 0.9455162196003393 1.424246369725212 1.8675677530926533 1.98696655805516 1.993530937665958 1.9573121582849815 1.902726497626683 1.837225922466544 1.7604913874479267 1.6682658283049558 1.555212161187705 1.4183596560360738 1.2609442650713456 1.094658455227211 0.937704095930973 0.8083801455178503 0.717928171051553 0.6674173680512148 0.6499040323738297 0.6551268747044621 0.6734652144178492 0.6978357514180884 0.7239192521924112 0.7495986513854727 0.7742481104097496 0.7981598834406523 0.822172499714932 0.847473602887064 0.8755375088790758 0.9081805124731427 0.9477680276817944 0.9977091736479526 1.0636031808576893 1.1559769837385727 1.2972046282335619 1.5407702895993651 2.0337483280843385 3.270803560086123 7.550726150484781 30.14015822738912 507.4068424039081 30.080634739751112 6.9964935336463565 3.1369008884522165 2.012549922386904 1.6290530808405945 1.5220016361374666 1.4847742479800234 1.4060743766667239 1.26980909256473 1.1083856225982052 0.9559475388458523 0.8335086644395755 0.7490739092752181 0.7013336817195532 0.6839750568096075 0.6892744757638352 0.7102819161961085 0.7416933880128882 0.779901050728798 0.8226849780873053 0.8688309701782 0.9178002077409282 0.9694843053350943 1.024040548337433 1.081788873869779 1.1431543652667409 1.208642056496566 1.2788395124004395 1.3544417611402018 1.4363041130737217 1.5255344858168616 1.6236538632681419 1.7329013487466476 1.8568698870187816 2.0020091016018244 2.1817534039422424 2.43011945730864 2.8583873104763167 3.8981906879602253 -11.331072249897261 4.650904961641199 3.764574780272544 3.6987773062596347 3.8766381407242556 4.160815693424714 4.516764280730893 4.934846147869813 5.411412327062779 5.939973846688542 6.499907896594201 7.029864385225672 7.348683107181215 6.880825153976744 3.6230920303210707 -7.014699706210301 -4.2188063315266255 14.980120007289257 20.952260836443923 19.557033627150666 16.962183526275307 14.590896049205131 12.268565611507182 9.695828819147112 6.6676289188224915 3.2043884328507923 -0.027939764232323902 -0.8247361482205724 303.38237055372207 1.8049822966014304 1.6435983736106106 2.112029845487803 2.3316820060944297 2.4156932540196427 2.4296751580611424 2.4070480829896574 2.367474947339844 2.323895434242592 2.285616207236521 2.259930271318875 2.2530741584313803 2.270831082114168 2.3189101245929162 2.403149896865142 2.529546219950946 2.7040619058943474 2.9321333546632067 3.2177478335144496 3.561940436378475 3.9606034350253427 4.401715015999124 4.862628178482516 5.3089777415813755 5.697658811870808 5.985922814115048 6.145461766462096 6.175415234153976 6.1065225711214595 5.99392008904035 5.90406705241743
5.242992806566571 5.411975380255861 5.72849057637565 6.243320117379952 7.019619131694754 8.137285171838547 9.687092742425957 11.730298294264042 14.1765039028368 16.571913176577993 18.065606393763293 17.990175514078715 16.49698478422699 14.282313908503621 11.988945546039542 9.970443436610811 8.333524361137659 7.053814454623992 6.062722810699306 5.289467268025423 4.67516871999552 4.174870428273463 3.7556772316991123 3.394123825736981 3.073308057916824 2.778524881808776 2.487080670397692 2.140544015120658 1.5773701213179772 0.4772367262030861 -1.0370473768522266 -0.8635178480689705 2.001672058351291 5.233023134057138 7.6428736255725465 9.376055831601157 10.79000814555872 12.139738865435914 13.525845476353954 14.889076770429206 16.03431279850865 16.712266594419116 16.75583965644007 16.179051031413323 15.148410343303805 13.87344110374813 12.524064681414266 11.20832326987312 9.983306472856125 8.872537619742106 7.8796143558526754 6.996798122856573 6.209463184217766 5.496952089431331 4.828589868024409 4.148046729299379 3.314888270548392 1.8209562901442813 -3.3633394315015384 10.438785544269493 3.3478610341596493 1.653820483373896 1.9559706573397286 2.049215918120077 2.0465549881076965 2.0071973873349807 1.9544380865017954 1.896027348292024 1.8315611430348868 1.755106146463421 1.6568662670602152 1.5262331580367285 1.3576804589278906 1.1582849329959948 0.9512814633688174 0.7692351312642693 0.638703223241524 0.5682697848720477 0.5489478745958483 0.5634301162466575 0.5951296900462406 0.6324201903687752 0.6688770500992958 0.7018611855909892 0.7309925962426066 0.757059245729457 0.7813852156535877 0.8055300065078679 0.8312010488351399 0.8603169823176743 0.8952324618261267 0.9392423284349427 0.9976983410102347 1.0806002667640162 1.209049631163898 1.43313634495184 1.8899985098396168 3.040308864904333 7.027583555025753 28.551813283823847 522.5215047508549 28.493293712167848 6.510024093365827 2.902090014016505 1.8475465762451289 1.4986350091534524 1.4455720537242147 1.481048519365587 1.4486791581722458 1.3137035907939751 1.1238913506761155 0.9325334365044691 0.7742660125102148 0.6649662019389417 0.6055154115758081 0.5875840497208249 0.5996923722170271 0.6313287073367397 0.6746520911582579 0.7245800625147618 0.7782004238603211 0.8340815229668026 0.8917120364867226 0.9511144666476818 1.0126039517150083 1.076649087711895 1.143802300384684 1.214675233255195 1.2899438271519332 1.3703768439993564 1.4568848689349 1.5505965289869565 1.6529743657996976 1.7660162273246076 1.8926369655691193 2.0375057222285298 2.2090996868554362 2.425288589962854 2.7261709950682933 2.98389877284491 -9.692596177433032 5.3505693576289595 3.9807084798704078 3.937588202401954 4.172052986555814 4.524437306015318 4.960956986613297 5.475323368753742 6.0681270456844185 6.738194340799625 7.472039054392284 8.218403549754107 8.80690351820345 8.622947719570115 4.9665994567835146 -12.672254014835522 -3.0605159190391547 20.987554537524485 24.069009391920265 20.378268416011075 16.840746765967854 14.015157703485801 11.444361046292206 8.823653128343096 6.000530073573359 3.007718507619485 0.37259622087501987 -0.04718836217219513 11.548717815209205 78.51917502488398 6.914937200781852 3.110812278754988 2.630405563368515 2.530848588884812 2.489788448258423 2.454976452300263 2.418679641214628 2.3833796449661215 2.3539420068917787 2.335462141804735 2.3327377429476863 2.350238364674568 2.3921889780096444 2.4626214093195413 2.5653234996364493 2.7036350938990106 2.88003745586535 3.095480547400218 3.348412397600479 3.6335493634506864 3.9406019207118814 4.253467992590155 4.550741617085123 4.808464974596623 5.0054212386196815 5.129781230625126 5.184413763777768 5.188201799193083 5.172846202899528 5.17730062681703
4.441764821078617 4.60824165604435 4.870388591477552 5.259908078111529 5.817554219512496 6.599169518821853 7.682623818023663 9.171667007933914 11.1810425628628 13.755498535999104 16.6359181879853 18.943140553927186 19.499381044680014 18.08238431243975 15.60703057821945 13.00797247799808 10.740357135202721 8.914753149222808 7.489875329977879 6.3815121904973005 5.50767070473093 4.801613522713597 4.211895698228906 3.697540701897971 3.219926663437223 2.7288043401152624 2.1383639977648823 1.3056867847535223 0.1146160558764735 -1.1189032299979524 -1.3824816902666912 -0.14903336515415067 1.837260645581886 3.771733127038316 5.420182433088927 6.863783294843788 8.258328601066392 9.734457920855482 11.35023833265173 13.058938143875766 14.697234249952016 16.018472951795477 16.78410731749893 16.874204145683674 16.33544099851213 15.33327664729436 14.064216825933794 12.694088066261443 11.337255224730715 10.060482781505254 8.894926906941292 7.847825117176792 6.910809024804933 6.063735829764886 5.2721894900405255 4.471162909354706 3.501637220988823 1.8156429022170286 -3.4628230162165217 3.929502855585973 5.86309510472659 1.6866320832744917 1.9416747807980912 2.0512431941501856 2.058476043512985 2.0251062558482733 1.9790355423160542 1.9316808201406914 1.8855787488584794 1.836442577347999 1.7728378607256687 1.6759918571463164 1.523610100039884 1.3022783991319273 1.026654001793343 0.747933449845168 0.5310066667904669 0.4135467390109899 0.38876202624710565 0.4234192549766447 0.48365116297753064 0.5473173750223135 0.6040009866823681 0.6507609660311879 0.6883353097568924 0.7188660935225241 0.7448126893708061 0.7685477890294097 0.7922987108172861 0.8182725974825455 0.8489369834305411 0.8875538948110746 0.9392719403960322 1.013565871889418 1.1302178402728107 1.3358251735871245 1.7574068356639503 2.820951344876986 6.507571469848672 26.97452071682187 532.3689586862562 26.919591489789397 6.061167352810336 2.692520925623768 1.702692491968791 1.3887350247711563 1.4078955559567854 1.5510992075296688 1.5800048951683312 1.4352070107873733 1.195597703825856 0.9366286845407741 0.709314004984718 0.5462057068789776 0.4578155972690636 0.43481511235428316 0.45826642563202125 0.5094441551493429 0.5745437205273816 0.6451674679542077 0.7170133346529934 0.78835442011126 0.8588926051132724 0.9290364084688223 0.9995003681406023 1.07110554329054 1.1446980073549524 1.2211311385824075 1.3012838996879807 1.3860969928850009 1.4766183049603547 1.5740568823223735 1.6798417638634648 1.7956936493897473 1.923711973692028 2.0664473030507153 2.2266879155291326 2.4047105716181827 2.5690512959709455 2.113037182702385 -6.335954224398961 5.656123514729108 4.113014287676634 4.168203459775011 4.4933030089577315 4.938306375980856 5.478583072618637 6.1144936324379575 6.852738327172175 7.69914371163819 8.650463271753711 9.675448836372073 10.653173681681494 11.097205682180942 8.30629474312223 -21.083881602825166 -1.1325403932353737 27.571812677657668 27.110955962476716 20.90975992904357 16.427161402733617 13.214734509619243 10.530227494734405 8.031393326220867 5.570226919723888 3.1256702617090437 0.9126238551408837 -0.26804840058436685 1.963031665432943 18.074161402647352 45.95148425675592 11.168471337576442 4.518460722059871 3.1423382607101704 2.735665961291798 2.5657903392298214 2.471359311928534 2.408755278806283 2.3650120450877243 2.3369074111547907 2.3247124591765624 2.33000097521526 2.3547974991770344 2.401193520591139 2.4711010396411055 2.565999018630693 2.6865984949734205 2.8323934827794433 3.0011053907825413 3.1880972894458295 3.3859370245009917 3.5844093086771767 3.7713406199081443 3.934481871706008 4.064300530018177 4.156956485280797 4.216356801858441 4.254414362188436 4.289486859494356 4.343891827052438
3.2713095607564453 3.416381707324485 3.619355807674674 3.893900870344467 4.257422140185431 4.734271637143675 5.360297840226069 6.189471939620933 7.3037964607988615 8.828151104801945 10.951260586250925 13.943471769632099 18.069999010503388 22.82894916872398 25.0578687827919 22.012198577422264 17.008901623513257 12.93372159594482 10.060789108549812 8.036141979088988 6.553588335498272 5.4076401171583 4.458569298527383 3.6014121280888363 2.7472797264335695 1.8230421556481626 0.8050478807455999 -0.20963175443255455 -0.965546154112713 -1.1756834763669985 -0.7583897020568195 0.11040294931022654 1.1817334415235368 2.2957213704425254 3.4088244351201764 4.557818749612916 5.819698245482626 7.275224970728651 8.969176717768956 10.87008788134582 12.84678161311091 14.681001101561797 16.120971210639137 16.96033294559029 17.10834416658837 16.61279635504473 15.624608140129139 14.33302724526297 12.91030557302257 11.483804679364388 10.131873114511832 8.892083883522389 7.772187874859825 6.757977413060987 5.813885708151241 4.867823047193561 3.746754169209778 1.8909143589210773 -3.251301015291368 -0.3787295664964674 8.925725930065113 1.5080122371012274 1.824020204312826 1.9963130212028104 2.032082691996079 2.0115011172745585 1.9730616961477387 1.9347958252954078 1.9049442579572555 1.8853147429191135 1.8703483817302895 1.8426965056195446 1.7670346354503454 1.5905780998208083 1.270124654814638 0.8341600727145817 0.41572623665590314 0.16278876612283977 0.11117812268300398 0.19028085688209817 0.31443288697743244 0.43297040147868326 0.5280024803991541 0.5985321905379659 0.6494313295366505 0.6864560078688404 0.7146046056682456 0.7378608187974626 0.7594062396552435 0.7819704962896858 0.808261527512372 0.8415764406246511 0.8868851165218694 0.953115332885554 1.058644579794055 1.2463821871068843 1.6327207713891998 2.606909641985875 5.971256110159834 27.308109368504233 534.1647217358287 24.051536078823343 5.633561145224499 2.4966312363424867 1.566193808719298 1.2938436707353036 1.437048857714851 1.7557611976198606 1.8329965281418743 1.6529207991059942 1.3720548343867667 1.0408200465095265 0.693157139680515 0.3969754679799422 0.21457475921890623 0.1591503790881017 0.19974593175880706 0.2932051812507295 0.4063369306888127 0.5205681881182334 0.6281216214821632 0.7272128864546783 0.8187627618735789 0.9046355303104794 0.9868394809286625 1.067232774805585 1.1474626467319866 1.2290008508532262 1.31320704720706 1.4013966950301062 1.4948926601553112 1.5950575280554657 1.7032890871109403 1.8209406739914524 1.9490560910484573 2.08754563461089 2.232350231686582 2.3633659573681904 2.3705211234211694 1.1697604533173767 -0.9094847852474857 5.49931025515707 4.151427512702916 4.394969788336533 4.85171460924321 5.419468784277748 6.09249173348382 6.881292601437706 7.8000162159711826 8.861674947042705 10.07338575505645 11.428886990764111 12.890820489836038 14.307226387728734 14.652780851272482 -9.494582348557024 8.91854355742525 35.518770323140686 30.87945942597349 21.47822296835298 15.919126998121243 12.368535979345344 9.668140135030548 7.372617699934404 5.2971099914251525 3.3636439589110654 1.5885767887624707 0.1738380426384052 -0.24766477249490393 1.9806866547614739 11.502959077143549 30.396688963955423 17.44220871891684 6.867591740676718 3.7850815797316755 2.79491103898886 2.413962080062015 2.2373512939973375 2.141944865334699 2.086164042045195 2.0546912785157003 2.041679391612312 2.0450501624215134 2.064281693783368 2.09939953222613 2.1504097364467425 2.216894105759289 2.297663568230375 2.390455305795931 2.491722265541302 2.5966153341268106 2.699293109307018 2.7936649787923336 2.874562686443753 2.9391338824966793 2.9880516124854997 3.026084378277746 3.0617622009792447 3.1062583409457445 3.1719592291617063
1.281032327951036 1.4215988899685552 1.60120137686078 1.8219202786411641 2.086936598468476 2.4017099049038477 2.775282610650196 3.221758525935722 3.761815290075133 4.423431570613505 5.239082537307856 6.232182723420474 7.378458908580464 8.52996676773127 9.341551748030117 9.33210316201488 7.926311274059615 -0.8420299498768262 -14.043139097201419 3.6474300433382685 3.6288971583004375 2.9024229621013955 2.1054033108050163 1.3319966824199936 0.612895260712834 -0.018890061803865432 -0.5188793560448314 -0.8403694503232124 -0.9512845934923664 -0.8477174727462504 -0.5550298250203534 -0.11593321088726127 0.4272719892661523 1.0489589854123396 1.7521314539686959 2.5755701298592326 3.5926461177111406 4.8926492735249365 6.5378822380602335 8.51093032472576 10.689595701560291 12.871609825457162 14.826252462097125 16.338009813081797 17.239099243887157 17.445040689188897 16.98339842028933 15.98644295657887 14.642950918029822 13.1390284638455 11.618682245805646 10.171739229900611 8.839426822462753 7.624772637443675 6.497810274220198 5.384331874853326 4.1056261762056145 2.117573286177494 -2.783284271870137 -3.986742035079928 13.044832397752902 1.044089124574083 1.5927356708246645 1.8879186345034304 1.9734506769227553 1.971949970081449 1.939769386619803 1.9037351692433406 1.8785035804341004 1.873478105170309 1.8947208516437617 1.9423494215410209 1.9999696644378995 2.0098895644236983 1.8404107458973185 1.3208801165406099 0.48451607525514717 -0.22978284753304212 -0.43796728720695555 -0.25523493719002843 0.03178972199769037 0.2740188732143052 0.442836393209719 0.5520783732084733 0.6210958982674266 0.6650283889851323 0.6941962789462283 0.7154262511877756 0.7333584394570379 0.7514293774524359 0.7726379668209002 0.8003087054741722 0.8391870580231642 0.897557037912894 0.9921932886645598 1.1618642792327765 1.5110348542862655 2.386857067969777 5.372916584374307 22.915273911166864 524.6119661859291 22.115891298534365 5.21132476888668 2.302066208407017 1.4231309041450553 1.2184025773174332 1.622261285909282 2.071379251266551 1.9445106969054828 1.7501448135990412 1.64018580992871 1.4748403915176294 1.1157060838328965 0.5539707698785179 -0.0146133717760355 -0.33847429401108187 -0.3526823092652309 -0.1730022931814199 0.06685495537118413 0.29388143421629476 0.4853607828505231 0.6418899930790696 0.7710919288140432 0.8810369942681082 0.978363244674576 1.0681226044393592 1.1541086415005144 1.2392311786056527 1.3258195756738174 1.4158327078703783 1.5109908362177584 1.612822491784827 1.7226109793212103 1.8411499380990737 1.9680628582188608 2.099898144390216 2.224145992966882 2.296107140291701 2.1128544273109693 0.026099290174563805 7.797771725044754 4.627179698072874 4.069196480367045 4.619780065815551 5.260169324244517 5.988744043657336 6.830885357154456 7.810793132793906 8.949922234714286 10.265131274134063 11.76699150826201 13.464798161916445 15.40088134713871 17.804358311286844 21.94382839493443 42.82736184660048 67.61401225224799 45.67424347151827 37.46193169955109 22.88697669876639 15.707195655458131 11.725649175798555 9.004287833986979 6.89126709832801 5.128612297485037 3.5911756424904704 2.213042215681248 0.9814123045334205 -0.016183987402190514 -0.4616208348179871 0.4673347181800871 4.67544076535781 15.42319842826586 22.382986969241962 11.8666364202322 5.273251732050792 2.800418837235406 1.837916835388466 1.425825846120366 1.2316174746379749 1.1316664175281435 1.0766025288819496 1.0454463464518908 1.0287540845560343 1.021957751982804 1.0225290715717437 1.0286691426005727 1.0386629794525721 1.0505781283357858 1.062204695546535 1.071223952821966 1.0756076675941784 1.0742140605520787 1.0674598816433047 1.0578547395964752 1.0501484708279718 1.0509295066608124 1.06771835503874 1.107835817386581 1.1774374131149732
-0.17172767237742148 -0.024440787041332568 0.1506622588919171 0.35312975326824714 0.58393991749502 0.846172038368392 1.1457803228946473 1.4926891843807282 1.9024346293804917 2.3984598981650027 3.0145990545108243 3.7951677703840114 4.783564893265743 5.974645060591423 7.189085101257347 7.891325745662329 7.226662413179281 4.39833777359549 -1.9090064900259023 -16.214462379893202 -26.415945745271003 -11.492392754051489 -4.3480118846543885 -2.0480700800872844 -1.274343973490552 -1.0164839213019223 -0.9301348704843839 -0.8780107412016328 -0.8003947195045995 -0.6731471551107602 -0.49154692589490456 -0.26192373990949225 0.005140539886948403 0.3031254832026238 0.6422310982022079 1.0684664152735235 1.6840871665490549 2.644846113743928 4.096055438397494 6.059703801759234 8.381138832643705 10.807663735477504 13.10647004926827 15.103827350830276 16.652701722260446 17.609997954125326 17.8702058170717 17.426442811287295 16.393782580523418 14.968276827681116 13.356068144816163 11.719761171966756 10.15879354207438 8.712968494677508 7.370809240110469 6.064571098213333 4.6184344789897365 2.5169249828869655 -2.1821786576744167 -7.429365975857042 18.86385591786056 0.15419598780349109 1.2380131847409053 1.7357620898175343 1.8953023704016383 1.9195526257019435 1.892328639832197 1.8512507507714204 1.816271622551941 1.8011950947271655 1.819357073256703 1.8872019958705208 2.025659806271031 2.2519964667277943 2.530195467555942 2.5937322424597395 1.7043514975544785 -0.3999557073299087 -1.7072191345552863 -1.3050884773215454 -0.5009294510362166 0.05622593719242408 0.3670679712533549 0.5314560968251139 0.6177888634945399 0.6635324995185401 0.688525908136952 0.7035347741926351 0.7147595215055442 0.726179136925293 0.7408823542940688 0.7620363349271149 0.7939800261465833 0.8441177730112477 0.927194486666298 1.07681493245965 1.382355236684789 2.1353612997353957 4.598610141255941 14.933921767862405 500.4887393041589 19.972889856175044 4.770446066306509 2.0938263177525194 1.2700375341852528 1.3026994203821474 2.055853008795527 1.7467688710894507 1.4043681297485815 1.4081793286056516 1.574477062457455 1.8209180143317818 2.0531018248831927 2.022182844001396 1.2916389315853358 -0.18624658834640329 -1.3534296712438785 -1.3961413009240502 -0.8135253923005585 -0.2140583318514926 0.22378305663329634 0.5188928156458452 0.7207402673464678 0.8670191026092811 0.9815042775039449 1.0785874175283996 1.16708538627638 1.2526154161276797 1.338964204373454 1.4288507513323987 1.5243258563118642 1.6269281320400664 1.7376078554104843 1.8563017779348379 1.9807499368070385 2.1032740968674206 2.200967398325858 2.199181436348925 1.7819682944634256 -1.4306748285609405 18.609652209501988 2.5198514469571567 3.8229811677871544 4.843515698981192 5.734737969559657 6.6723429498214895 7.728424334719767 8.94368384348704 10.343248122722061 11.93726348033061 13.719612254726494 15.679799421626948 17.865263137403446 20.611084325636217 25.453472031008467 39.67772965246127 67.02995392146109 54.2117763466544 51.8775111940951 27.043695999990447 16.409622447513346 11.568464321371469 8.667103854484502 6.620659099765938 5.040436359001795 3.747911593120878 2.6416781596847225 1.656008776223777 0.7531418847880536 -0.05805233623091155 -0.6612688464447309 -0.6908600525301885 0.7748597094640912 5.8586932268120515 16.784814285497987 18.65870923470332 8.518855983909049 3.181213769920422 1.1368895068999594 0.3309767320976431 -0.0057404969597845135 -0.15433431809993614 -0.22397709346085348 -0.25940445237619847 -0.27970226278300664 -0.29336835006867934 -0.30452365183375274 -0.31556295576923843 -0.32824589680931304 -0.3440144387224081 -0.36386269294299667 -0.387927678299242 -0.4149683404289253 -0.4419494529525565 -0.46398455749988554 -0.4748132361996751 -0.46778079337937206 -0.4370267650301083 -0.37844313772543026 -0.2900524737940311
-0.6658499319082807 -0.5009674453216137 -0.31356565627792743 -0.10609537189729856 0.1210952936564782 0.37004029672446226 0.6455620826059384 0.9561470651998913 1.3156778477439977 1.7465234563662184 2.2845584879061898 2.986153420926174 3.9336801408149324 5.221183760810605 6.855371099947235 8.445178348222981 8.818380618266035 6.530091700533366 0.4798482746300863 -13.613587824473797 -30.30941556368716 -13.403293049138577 -4.756730881511004 -2.12921856200798 -1.2228581758612336 -0.8664596934136335 -0.6970565713609276 -0.5833276826609243 -0.4739741808880904 -0.3506235154559383 -0.2112655590112249 -0.06414905380140867 0.07446972378127659 0.18236813643050098 0.23853795684786183 0.24667717415330115 0.2909276901455877 0.612125693378343 1.5838533380656603 3.4314275452870096 5.944643294664656 8.654402068911013 11.215057864030687 13.50137736086245 15.473414989287953 17.045902792282128 18.063432592828637 18.37288906063746 17.926200423548032 16.827276945777356 15.288366208991524 13.541111407034746 11.76697868741674 10.070611509712435 8.480720283181507 6.95012778362158 5.314798543057237 3.0884956535733386 -1.523958158467865 -10.834511350339831 26.82771977284194 -1.3530796246080428 0.7680595656433606 1.562078235256741 1.8184649418394825 1.873850751166729 1.8510609399267297 1.8009930095559548 1.748139097453899 1.7072268518341656 1.6909523252353944 1.7156309887613086 1.8086450810545798 2.022518037363185 2.463236625168011 3.3236857435212213 4.637356665148736 3.7985758267729075 -4.018073476429887 -4.856028120289176 -1.6552966240732454 -0.17090655348841777 0.3780224630359963 0.5855016308189784 0.665255156423407 0.6942426548530423 0.7026261911255898 0.703391932510443 0.7027483935805089 0.7041495981976748 0.7100748729162392 0.7230494849697522 0.7465961419732312 0.7867334016084926 0.8552221137667583 0.9780420815841655 1.2213505148921868 1.784415818801298 3.3183356204305285 -2.4894279039134695 459.7610445877638 17.449510338697984 4.27665192538918 1.905552819273315 1.4032726307440502 2.1387007593003133 1.4318849398017868 0.9640436890047628 0.9359119749160401 1.0169468140431615 1.158276942525936 1.3772331747024595 1.7212709622517601 2.2664900178413796 3.0569467131446073 3.6366074095687377 1.7357266190794007 -3.213232498968532 -3.8914828587494075 -1.7620388891887444 -0.3436350884298287 0.34660088416471346 0.6903111753908524 0.8826144764716721 1.0080263524003423 1.103903378886351 1.1878290627691002 1.2687475972850488 1.3516231181207066 1.4394699259427401 1.5342325747828918 1.6370884859705732 1.748325975763192 1.8666755558253398 1.9874989458444419 2.0979672448083724 2.1626552314366414 2.071004610019095 1.371216382463588 -3.246029779187519 -12.754696015040409 -1.585930197203128 3.3659872953723817 5.071008706728838 6.2976883455167645 7.503709744384188 8.826143869022518 10.322137297056992 12.009627956557313 13.869050530861617 15.839172364622442 17.829556667615158 19.780886412894006 21.81716669303754 24.56062898909672 29.640739354473055 38.51309184474147 45.63733229765726 69.61213964600495 40.325626389575795 18.97992969326708 12.162786759262339 8.742084581461562 6.573459705123124 5.022213026912722 3.8283635258463833 2.8578866548049446 2.028924626396944 1.2858243063922303 0.5913412029800508 -0.06838156679878771 -0.6587097615576043 -1.0245518654996664 -0.69607657825635 1.6491437774015791 9.379780591871437 21.13950921116132 12.795700294648164 3.496156177792283 0.1402713188752367 -0.9368902126318885 -1.2386042457511752 -1.2721772671759066 -1.2169371875464443 -1.1386700243399324 -1.061744599338756 -0.9951961680819783 -0.9426271616444319 -0.9059434322939421 -0.8865025571535661 -0.8850042711384551 -0.9006960122267862 -0.9303209606999177 -0.9673473159480652 -1.0020839769257246 -1.0230556949103855 -1.0193811254094478 -0.9832197905753486 -0.9111809187348907 -0.804149706828756
-0.9529474585237028 -0.7323151699915231 -0.4909492461865246 -0.23549904303509483 0.03145714731844945 0.31053001382237116 0.6052158101241389 0.9227626233415116 1.2768781979959956 1.6933965738681815 2.2209414909967564 2.950183848398721 4.046062070771047 5.783379482677235 8.466694066253996 11.696005002040211 12.82339699196916 9.379989107833175 2.080818579308871 -23.552814907432595 -42.45459966743707 -5.713678231373311 -1.6264394491198944 -0.7527991520631333 -0.49525909901146636 -0.38490172762530916 -0.30067564130481744 -0.20648718892013906 -0.09232453326395929 0.04203222733712153 0.1913448073358589 0.3445730022092168 0.48147229424935345 0.5661140357223551 0.5380165224684328 0.3088573814731346 -0.19879399216035498 -0.871744955016303 -1.0549907373299439 0.2764038696453177 3.161360078967755 6.467865296755743 9.38645269853838 11.832752952371262 13.973617519996843 15.893122164605476 17.504398303539276 18.594789734043644 18.94615652819442 18.470451477920353 17.270418072453086 15.584494323611384 13.674291147733456 11.737795780712618 9.875610500492984 8.084388698575848 6.224973388341151 3.83832881632045 -0.8132872879722326 -14.089109921675046 33.035499771241525 -3.63204780648228 0.23184040918823623 1.4055288072753158 1.770494729440184 1.8567728974348037 1.8364149132738452 1.7757142006656412 1.7039231830054824 1.6359831899836477 1.581660907517187 1.550528098758796 1.5567563418961372 1.6276763059787807 1.8257403920945112 2.31908852497916 3.6644469685169483 8.18583288806779 18.426423995673087 -30.332798163999232 -4.276986603142703 0.09421611918092276 0.7097617173219574 0.8025920599457207 0.7944280875652316 0.7661183179373912 0.7369896897931771 0.7121606063018265 0.69304581598484 0.6801707521982305 0.6740822932675086 0.6757836617861335 0.6871519321697586 0.7116050035162332 0.7553651429936497 0.829826190180069 0.9538132519397046 1.1196916935188197 0.4514449032871424 -22.90420690707641 402.9790801550465 14.416328188889137 3.813206207239351 2.386615053242691 2.6889645743265334 0.8582015718195812 0.5172975885471276 0.609060400637536 0.6925385516123514 0.7660887453357093 0.8493296032043832 0.9615355694908925 1.130549368997408 1.4102768656616722 1.9236139441078186 2.9843289566834037 5.373085866937659 8.654855218491791 -5.8838896220170405 -9.620325612756886 -1.9448776002529584 0.14749861036608536 0.7393898144466706 0.9570445836789694 1.0667931048411425 1.143800502822737 1.2130204668369349 1.2839696152883617 1.3608001363306148 1.4455835460799058 1.539414574636392 1.6426505035980083 1.7545959097818147 1.8724650738331796 1.9887870343424277 2.084677858886409 2.1100493340343807 1.912494676291254 0.8836139630779446 -5.336113812191305 -195.2623034098529 -8.019021956012534 2.6951309651877353 5.323736799434794 6.983029560459091 8.525309477906418 10.16845611607411 11.978595404186617 13.94312103512485 15.97405178478887 17.90645132995311 19.52719516369165 20.65727238184432 21.277279103375708 21.64457440514427 22.338593504111856 24.11988396838235 27.282743254972736 34.4509547995844 142.36500701890128 22.842089917660587 12.881018909113761 8.934664980652864 6.586757910623931 4.983637505464348 3.802714993828753 2.883648051767838 2.1339453247730695 1.4946407660911232 0.9256079847331128 0.39959140308937263 -0.09720451045129308 -0.5538488278336449 -0.8957327020092982 -0.859907393132934 0.4268039022579124 5.914752799827275 20.560633883947215 16.248082060401245 2.7021517840819413 -1.6620944960538866 -2.6197904277568473 -2.575170310107641 -2.2741093963448873 -1.9458226907331582 -1.65440355654765 -1.4125578637641245 -1.2194791781871628 -1.0733489328593406 -0.9749074405646188 -0.9272745954987416 -0.9333892870238836 -0.9916042898508792 -1.0908095154983612 -1.2079944819479107 -1.3114104760111247 -1.3695994096835957 -1.3617229850378123 -1.2828269723539314 -1.1415003165243758
-1.4381158362253408 -0.9878718027701002 -0.5429632711846151 -0.13015043352653555 0.23378776413047941 0.5332864925485339 0.7526143035788422 0.8811763137068205 0.9239060472048974 0.9146511984584496 0.9335902270208767 1.143542350735951 1.9092092487216688 4.295020477220958 12.665392720889702 38.93930985793847 21.703959854011664 7.405313823987407 5.677694510643145 19.09803823350676 66.79490315014534 7.091909614456045 1.7118401358052289 0.42253356329539027 -0.0005460668843980665 -0.12413937892236604 -0.11208262934253543 -0.025830673962385593 0.10795956503129489 0.2765989765713166 0.47294170557785586 0.6903203949681751 0.9170805570615104 1.1273142251963806 1.2621425456135191 1.1913651052027254 0.6464536350028203 -0.8072024074501334 -3.220975182353234 -4.235282909771424 -0.8393435730832053 4.146069346881038 7.871869223577267 10.426537696271511 12.486954754502005 14.436256961728578 16.338661444327133 18.02810036658786 19.20690467048847 19.587534154709168 19.049675594571504 17.708032086319097 15.83778503608409 13.732909255839198 11.600543541012216 9.516511321267783 7.389859454453319 4.794311208126915 0.003262555374812237 -16.864574345198175 -6.9857468113021 -6.592781179755959 -0.26287045063891634 1.3200145783856727 1.7821828835201 1.8885822288534333 1.8637983283469928 1.7893093231368407 1.6989620144575746 1.6083015242376075 1.525368958624195 1.4554333817352894 1.4037546010791806 1.3783492383251381 1.3950071426706177 1.4905255997841413 1.7683830956492907 2.620103780760193 6.756199887533377 188.73710866569925 25.613315159426076 3.6424710739787516 1.8268629609313027 1.267134404428943 1.0125331757840799 0.8705428442873808 0.780962259054768 0.7199614537015206 0.6765749807983198 0.6452074786051955 0.6227685153929097 0.6073547653686077 0.5973537054065772 0.5901082935269347 0.5781644370201657 0.5352610523403104 0.35157884278641816 -0.5535035005440614 -5.700271361901784 3.3314354184205612 334.17121239824655 11.542968484097013 4.501059642261852 3.522072840990461 -0.28959822487128406 -0.19213628693051632 0.23486452962109272 0.4349825797229325 0.5361715007926016 0.6025773310876822 0.6611854200654326 0.7267814905560975 0.8128311034191635 0.9395635979478251 1.1481979165216671 1.5418229236501229 2.441233961527204 5.193747327229536 17.391569866152995 -13.672534782719673 -10.30523127210395 -0.023736865068138435 0.9303761142519655 1.090261213783417 1.1413467539022446 1.181834673353853 1.2300267269340883 1.2894619385578951 1.3606311112665168 1.4434294392698133 1.5375640918818763 1.6423259230040421 1.7558899019698169 1.8737761627388956 1.9853224097352384 2.0647493699981334 2.0452285181796253 1.727071242300825 0.33160280793179964 -7.465327631581104 -237.1191467318991 -14.911238739805157 1.946615150191131 5.662958548537711 7.844807768799816 9.789013938858604 11.79425505206629 13.913344481415 16.06373560439112 18.044292383889374 19.56835102933639 20.35899219285105 20.291205543202118 19.491274855456055 18.307440351730378 17.174919305661348 16.450496584969873 16.10167241840262 14.41510243989203 -4.201475654085737 -34.8091568318192 6.288428977812702 7.12334355901171 5.82059195632819 4.538263055307101 3.4966654106696167 2.66879311925147 2.0014449450415075 1.4499410842807317 0.9809408342049204 0.5703616564350711 0.20191638825694191 -0.1316667012668148 -0.4209590335084685 -0.6134777801466442 -0.5240991049917527 0.5051287909668751 5.092207312607698 21.470865273769295 19.22747424125003 0.4865293802262727 -4.682488314845223 -5.08124964762936 -4.23919852537855 -3.2730188244330334 -2.450772473368859 -1.7848104062670815 -1.23414030061496 -0.7619725259903394 -0.35177618506363095 -0.015482063036496463 0.20001017762548123 0.2171791466860311 -0.03780018265105278 -0.5654148576521991 -1.2349944599484313 -1.819777349373684 -2.12813350784564 -2.1101296827855665 -1.8419902381693058
-9.830007770436222 -4.5893187215456015 -2.1422090113116887 -1.8415965265183214 -3.1707813947099512 -6.035393675692261 -10.357969431442491 -14.270647625554055 -13.877771016900333 -10.334534128763776 -7.310161870857404 -5.613869158258209 -4.9419446657866555 -5.086955010708576 -6.139836356510953 -8.55063577766728 -12.8065016849522 -16.466560402214874 -12.451281922584391 -0.28603944324017583 31.194794445011816 24.197209889614246 5.187894397162761 1.1939628870418635 0.13662049682570987 -0.15170377459581286 -0.17491807031105588 -0.08402515181026438 0.06904181077630822 0.2663441329841956 0.5036258333512118 0.7828123352689925 1.108144538502583 1.4817084983820674 1.8930395858848343 2.289177516240765 2.482764335586024 1.8622287474861707 -1.4175598993679461 -9.925333026633208 -10.089012099745993 1.3219863954827105 7.247366385202951 9.752690246333774 11.37557855668471 13.005746645976709 14.84941992441867 16.816632351729343 18.63234243346154 19.910755014132537 20.29917667912998 19.656665334373812 18.1253996630983 16.027398024217653 13.686850918876726 11.3011313548432 8.866516166527262 6.011874880054142 1.0258196645640596 -18.594712637721667 -162.60740801104595 -9.600993747820608 -0.5442393652253603 1.3705535941159073 1.8850437355616207 1.9868000067846345 1.9435846937136614 1.8478824971649273 1.736402069199512 1.6249364928807999 1.5206292555708818 1.4269307674899365 1.3458805137236123 1.2793734990578816 1.23011784338728 1.2025648214546991 1.2029949357372938 1.2284617672964342 1.1156076420044596 -3.1440154693029925 -33.46474263387701 19.611740349607903 4.1844008687586 1.9456893104645305 1.2662649854699632 0.9697423211271604 0.809432760721263 0.709486088974608 0.6402592130075444 0.5877379442346309 0.5436469486025954 0.501046310578694 0.45069543994167865 0.3745981869868762 0.2285861302081733 -0.11329335102470361 -1.0286877507170686 -2.9301017800397506 1.3031901576608043 11.908414135996578 260.30231713583146 11.50604776694204 4.657796538113509 -2.2264123704370355 -1.4504476969579034 -0.3622463970651033 0.09854763779714282 0.3015204863155849 0.40660728886084174 0.47328317081552757 0.5261678072992071 0.5777163536002075 0.6368245122435968 0.7135833980164927 0.8248685158686818 1.0070419112192743 1.3568571062106782 2.209209705831916 5.337262945200765 30.630375918457553 -104.94116283758672 -1.812095084694457 0.9856174999373688 1.1442108592691487 1.1560734105936246 1.1754368317248471 1.2142500273286236 1.2706724358744466 1.3423616659953765 1.427729700596802 1.5256001114362996 1.6345387650022334 1.7517858744379236 1.871201331616049 1.978700723691716 2.040835448600005 1.9720101632731182 1.520488306747719 -0.2656097310669705 -9.31230855036958 -197.75395418125726 -18.22230699327788 1.4767763355451815 6.213316426467722 8.963956268007948 11.351343577005796 13.718037241669737 16.05924789473518 18.175583322622764 19.7414536703944 20.43013356903592 20.090707615875882 18.85652585224438 17.081188388396285 15.161906058677705 13.39191869318469 11.877411105267273 10.38542707224613 7.722006480086393 -0.47367984616653125 -18.282799308292624 -8.698976981927487 1.2292774040209515 3.2918114079276526 3.2275768322466023 2.7022844554047936 2.137478967607028 1.6330350444955617 1.2029430289662266 0.8393710444847304 0.5309009554822449 0.2679133843511042 0.04475325463467253 -0.13759540751613097 -0.264632580693143 -0.28780158104516085 -0.055398249236527475 0.9674056001195837 5.193926283966192 25.91007153225332 25.87046252885993 -3.590773423233996 -12.907829043303023 -12.694180693070772 -8.916226752682405 -5.937935166517916 -4.15571002575224 -3.1154856217992 -2.4897629415148694 -2.1019492781774054 -1.8597275051351554 -1.7084301748602522 -1.5609604697856994 -0.2638453503513155 2.786022708088214 -2.8955481313624616 -4.945639914014865 -8.579747352315138 -13.97857471484929 -15.465169555199148
-2.7746825997599345 -3.7140144117534515 -4.423823006759938 -3.987928582526985 -1.6044631422220421 1.753437279682223 3.735172556989953 3.5638947605308227 2.4154232262485875 1.2817450517162434 0.42156961808413085 -0.21088155460077573 -0.7151117381770102 -1.1885363555007613 -1.7406110906344348 -2.54532248684775 -3.975816656101694 -6.986392909204438 -13.774088228644757 -21.165387249984164 -3.0327340170610864 51.056244350212324 9.826519702234304 1.3471266255936918 -0.12338867090044592 -0.4143038250656209 -0.4055468744566739 -0.29307806177244 -0.12933797426576393 0.07304360695932292 0.3157313169363561 0.6079087244049378 0.9653380648994636 1.4121058374324365 1.9843784424673934 2.7352872849390466 3.733590244506815 5.007854724178074 6.1186888043095164 2.613127256450001 -53.350682777410974 -0.9126854477375623 10.1543817804424 10.851038206129145 11.08619145892917 11.910138420563399 13.34162468897352 15.2374215200539 17.360593189577003 19.345589774602477 20.72555656730358 21.088504648072163 20.287080450333825 18.508459211339336 16.129084322413554 13.4906437790334 10.729546435860083 7.577552313060172 2.4023552786297193 -18.44130422266751 -193.48437085848238 -11.245716179714552 -0.3811691018544636 1.63227730418786 2.1128709569599518 2.1688599874990726 2.084788420008669 1.9550793881192714 1.8156090694147746 1.6808870055276521 1.5568184997749854 1.4457236955076374 1.348552630069423 1.2660183582234752 1.1993600641071598 1.1510832792220824 1.1257130024783901 1.1285279075209993 1.1388566954666433 0.6899129461329467 -22.51433358362577 70.41586697534143 7.931308121718693 2.5218507510598425 1.3937389595988645 0.9814062327791258 0.7777581006458125 0.6549090611390602 0.5680017683732046 0.49631153920953747 0.4261449583585252 0.34286281356874987 0.22268221552648437 0.017264771863339634 -0.3748889131885309 -1.0586515749479828 -0.8452150923806432 4.006483364509819 5.124680666188258 9.892405575097062 189.20205946953544 14.010578208448404 -3.9378604853812327 -4.197199887890875 -1.5527385960138052 -0.48163920593848175 -0.04705769688412653 0.15754915372512907 0.2711265105863726 0.3459079592942624 0.4043723338290008 0.4580437442635068 0.5146839170116437 0.5820392213878768 0.6715373574441719 0.8054630465114412 1.03733937085802 1.5271425799576601 2.9241473177018085 9.548659356671772 35.79106417365807 -24.522645365042486 -0.9612432734548033 0.6561835984995619 0.9429013097025281 1.0508539636513792 1.1294559948387337 1.2084834316497042 1.2955147817604649 1.3927747724053459 1.5007059430372007 1.618444984892389 1.7429917706575073 1.866856268348267 1.9724502070303627 2.017918310893652 1.896793062523341 1.3009466497278657 -0.8858516391045654 -10.610024715425222 -113.43479011213103 -16.140028401305727 1.7541537916410386 7.153673925987384 10.441209248680192 13.25592274867787 15.896750321738478 18.240109801959047 19.953298800101972 20.674906604806186 20.237769153058927 18.797977904397513 16.749420020109902 14.514935354633376 12.393848826072915 10.519546743663026 8.858202585997837 7.148708594599952 4.685640467576446 0.12321090217148978 -6.166195859483254 -6.594906999917356 -1.9408346156689298 0.8149594259576265 1.6437218563307807 1.6637586088159386 1.419858723686566 1.1178123493297563 0.8286251622394797 0.5739081959482931 0.3580856192850429 0.1805394833135049 0.04053543823115946 -0.060110175849706904 -0.11416796550979785 -0.10340336067852429 0.01583676901928377 0.35791622783580535 1.2941045880740023 4.6673968242399155 35.85959457647921 31.96788079039556 20.893221287009094 66.7876323988791 5.786088056615823 0.9307820340310721 -0.40720680576363666 -0.9681278364029644 -1.2254346962824947 -1.3101106834902398 -1.2728129776046888 -1.1482582671574924 -0.9762216688715006 -0.8050475952859557 -0.6850110181238387 -0.6585448052915424 -0.7549372021354899 -0.9935012433515686 -1.393080229634781 -1.9797936790520032
-1.6773749437933372 -1.981332432788193 -2.24414182785214 -2.328899639757753 -2.06725796923417 -1.4260128069605473 -0.6430008544240771 -0.058092880346060305 0.17974735891574323 0.14225383912826128 -0.03562460999017425 -0.2590429032361399 -0.4864155421060772 -0.7122256623115595 -0.9548173195719376 -1.2596666800377818 -1.73214379698149 -2.667985319067022 -5.193133197715213 -16.23361747993835 -60.008207343897766 17.123060391083726 8.104262111570332 -0.7510840714831357 -1.038338734333286 -0.9045697575876247 -0.7366181270996099 -0.5672679061706064 -0.39151405712104176 -0.1994923700041366 0.019933933660456246 0.28012871651818216 0.599078890379819 1.0035942973594167 1.5373185186617682 2.277719169015762 3.376259872500759 5.166010389334458 8.498410529765135 16.04833369916893 40.44342737672699 93.51877985463645 29.33581339398209 16.033649911330166 12.128616233295904 11.358025535365293 12.031822721323522 13.565820729032929 15.662107439418515 18.0201930595114 20.208800719729698 21.68156883422462 21.971768483484226 20.943540976405405 18.84816379397405 16.11702164506916 13.069146271106526 9.615576178900106 4.3409970965347116 -15.302119506635162 -236.7459787032079 -9.453142850482335 0.5051000538407929 2.1963248652932004 2.508246048461404 2.457664700239424 2.300042295953406 2.117154684820955 1.938179196650859 1.773645059272214 1.6269601648524858 1.498897906160314 1.3896078075388036 1.2998029739761843 1.2319739953382576 1.1925810441689784 1.1975181401772381 1.2889791119383784 1.6023420943852704 2.7614899628426666 11.267749973582335 46.69416260341539 0.9128308124840663 1.303382626892329 0.9387909058815009 0.738854134818444 0.614159458659068 0.5228660546261497 0.4445224281975676 0.3651316049131512 0.2695125325761681 0.13380557917577107 -0.08645058028944952 -0.46686173218632776 -0.9713298669096835 0.06895165524776203 5.026082820542808 4.127046910375091 3.505598213999435 9.938720157283033 127.13253108195309 13.276672958057597 -9.819355781894519 -4.936573310748184 -1.8479858922634307 -0.729558775820567 -0.26660528723949783 -0.03663202404066812 0.09965030204856273 0.19433498598366483 0.2699130194164804 0.338077676792082 0.4068391143674466 0.48413264737122985 0.5812126167221107 0.7187998140403344 0.9429151683585948 1.374915755399063 2.4023193288453024 5.494038178853725 12.13820099127058 -12.663881507678674 -5.723481185553746 -0.8562215350238924 0.32958290247106925 0.7386855302590127 0.9446207779616063 1.0882128601017653 1.2132193956342958 1.335877276476673 1.4627584399817102 1.5957828193737007 1.732871443086493 1.8657560932691135 1.9734025694339912 2.0048046582816768 1.8302566683447872 1.0807141142370917 -1.5065224051201662 -11.276480111016717 -34.4081445019929 -10.517693823738913 3.0436963354188666 8.647409356883813 12.360955326885971 15.493154967067579 18.18132515951303 20.14466851403906 21.001983911960387 20.567648769446564 19.019269932549896 16.799955181452262 14.375953171597821 12.070360618490922 10.033380505166152 8.277309067401955 6.701268693303587 5.069184063999275 2.9631692063815436 -0.017869700868404337 -3.0762297150837394 -3.6493299352154853 -1.8310764654289713 -0.14756068266505906 0.6393305029646097 0.8398062247493208 0.7745056999017734 0.613688459004236 0.43336837472217726 0.26495005393852866 0.1206959969700262 0.005390087423172263 -0.07831718031056079 -0.12714319285366849 -0.13519228787971452 -0.091688238769359 0.022426455236943532 0.23918092760415616 0.60120925911088 1.0509895097350501 -0.43378662217196506 -125.1207339683071 17.877440580768464 17.406850659358973 7.545670111691438 3.369655982915703 1.6084584661502563 0.76538536133492 0.3181115644665322 0.05963120826287982 -0.10483932557744602 -0.22415179929241535 -0.32558699578013406 -0.42505626466366975 -0.532172348374691 -0.6533436370897916 -0.7939726398448075 -0.9600154249529024 -1.1586610266985793 -1.3971636276655692
-1.494955882940454 -1.6974107553423403 -1.8886471758935413 -2.0034102974146135 -1.9495030404015767 -1.6673613617286414 -1.2128899849900678 -0.7497138453795822 -0.4253094861898301 -0.28005986393656723 -0.27102281810848217 -0.3356783310725193 -0.4268761789693589 -0.5173438587884027 -0.5924478745485149 -0.6409459437135845 -0.6423357318538577 -0.5325933655637731 -0.042364458616843015 2.6107638331257546 41.603670320328135 -5.92478917883831 -43.08885140685781 -7.028322525237656 -2.7198340040960387 -1.5945298743044278 -1.1286502531735505 -0.8612298947845989 -0.6613677860259044 -0.4791260059304491 -0.28949903137499045 -0.0754013720905076 0.1793404887523583 0.4945985819128102 0.899356609617579 1.4411321118795055 2.205961282961579 3.36683467039704 5.317644488841742 9.104377301061437 18.084781972873884 49.35429806739166 75.9608453430579 22.71732838513971 13.469792900962485 10.980337073392947 10.852965715443302 11.92181123534057 13.781154595467662 16.195446613456916 18.860591652261938 21.284210418027104 22.831273510152663 22.986959330984575 21.652245084071566 19.162097925423126 15.986656698261843 12.302293097981828 7.125658651944853 -8.26343982378179 230.6580112995902 -2.6575671134886836 2.397782610992812 3.1797865623884523 3.1334827880062788 2.8898801525675726 2.6117064265398744 2.3475812470353334 2.1115620489652147 1.9061587270268543 1.7301601519104142 1.5816508617849525 1.459424437267181 1.3640528194948094 1.2994535590023752 1.2762643033222891 1.320462762819544 1.4985612287381223 2.003231870444627 3.4838273284789816 7.649537671131656 -1.6941412832561724 -7.923961455460859 -1.4013134786693922 -0.019621545349998826 0.29106316577140956 0.3545726662837376 0.34228084674339443 0.2956945870481091 0.2203462576358286 0.10367100866442214 -0.0878049475521736 -0.41973548340471467 -0.9322170025106296 -0.5840731508530599 5.643065275660881 4.864947317225315 2.2372605882170884 3.027330454866469 10.271544463458557 77.41864435747705 11.759532057951223 -12.634534271914175 -6.359081000857059 -2.6194682030789793 -1.236834651094313 -0.648244792102225 -0.34215616287097894 -0.15064978740115387 -0.012310352845458672 0.09898904655118701 0.19701097001953205 0.2913999666799033 0.3915475102609658 0.5098518100914178 0.6668660964690307 0.9022952886804156 1.3006367890454156 2.0433191595224685 3.3783350723658483 4.13963081344526 -0.8686960105459072 -3.657176149395241 -1.693647433387019 -0.31943155329838735 0.34438437777178255 0.699440432769113 0.9287595420387831 1.106694550614511 1.2652322520524928 1.4189411504825369 1.5738288249107635 1.7295989641463927 1.8777235336290796 1.993819645710389 2.016985481588234 1.7916018736985435 0.8821702014130035 -2.1019724333672434 -11.462886306384789 2.216868639659978 -3.99616701765194 5.226952663889883 10.750242438344506 14.726648240266538 17.934379305536602 20.268837837732345 21.361767130710373 21.008976833822818 19.407454767695572 17.056912906395915 14.479363405735368 12.031213503622737 9.878703599383082 8.050797958995169 6.489951096582606 5.071606719774499 3.597988092812159 1.825610569524538 -0.2826735230895654 -2.007287991076918 -2.257214259485025 -1.3308239395467103 -0.37736335098745677 0.1435887610736124 0.31441174700098395 0.29823604994757735 0.20299647984885905 0.08496248695375574 -0.029147593370027147 -0.1271160700438707 -0.2031397413224567 -0.25367860048187385 -0.27515547954180386 -0.26233449640217715 -0.206716832222895 -0.09472197413718575 0.09277091348364119 0.366158637639866 0.5947895739475784 -0.7317217196296069 -20.346050967700478 -11.99445973363359 7.635489044457464 4.643681748259689 2.3203553952983333 1.1287245079760115 0.48868623936208566 0.11395475888688356 -0.12543274453159492 -0.2922774660745233 -0.419286773745448 -0.5247348875243698 -0.6196174350215455 -0.7112433982813461 -0.8052309127189654 -0.9067148243048408 -1.0210672095062743 -1.154097873981141 -1.3112888987039604
-1.460584547020081 -1.6349210128053964 -1.8101717042321903 -1.9361786104530117 -1.9327078194756542 -1.7290018924247965 -1.3400170070405304 -0.8921589242520307 -0.5339567690853588 -0.332011032128368 -0.26401334331257686 -0.2726616806740716 -0.3058074962040003 -0.3258413714882711 -0.30226525247581026 -0.19668843734194597 0.06456675728805639 0.6588394789033782 2.0766462790735876 5.729082428081555 12.722226827370111 2.0890603053175205 -16.934294789116336 -9.142367184180074 -4.086537308123533 -2.2769016791893475 -1.5318372011985337 -1.1557537278947292 -0.9202943075780635 -0.7381027203532546 -0.5696856964304065 -0.3932758028390927 -0.19344843657761296 0.04417846694291985 0.336423602039595 0.7060817953029188 1.1868113734765942 1.8304070500085563 2.7148069360284097 3.9301809562394734 5.377790666202921 5.253967818786498 -10.054589532630056 -24.46282970229256 3.1953703788128918 7.581284275405893 8.749767725814543 9.970268615313483 11.723670729552653 14.070692230396993 16.923215522810303 19.986496897339883 22.686277241305866 24.28381205409732 24.238522063443902 22.529343616263624 19.596312484689633 15.904078565691451 11.108846318650254 0.9522697924956525 49.64695131535019 7.08903864746455 5.44152700890535 4.7278981864560095 4.085569362431655 3.52916831095995 3.0618846377495266 2.6742105056156067 2.3538554419811435 2.0895462096667337 1.8721783134572938 1.6951006587361515 1.5542700001508019 1.4486737287405278 1.381419811814092 1.3621339295292234 1.4115873847162976 1.5676137952353253 1.8692445313953288 2.143027596169846 1.112565100506231 -1.6932732690917582 -1.7185019638436696 -0.5912111022245634 -0.009953836719507336 0.20668078166951265 0.2680010462446507 0.25988008091703274 0.21091139084839883 0.12332273172968988 -0.020044074922419552 -0.26220302794142336 -0.6786339960607597 -1.1725931097697462 1.6270859555970887 11.412167148289551 2.166827204580601 1.0853583880599915 2.7931206619669027 10.168497568384353 40.551624955510526 12.281246004014394 -12.385844995851802 -8.641579807208878 -4.180074144682714 -2.2461900690881564 -1.3541190500268103 -0.8609404908188714 -0.5416003409158051 -0.31109768769249235 -0.13133821869189677 0.01884169985650952 0.15407742967976046 0.286984936681419 0.4311685571720063 0.6043795278695971 0.8322596084239482 1.14945782612341 1.5767500695729053 1.9883138083906564 1.782258397927297 0.33236910537990205 -0.9739928795532578 -0.9249183381148978 -0.3440110392070208 0.1677155925438747 0.533264548666736 0.8009631265715509 1.0159394283601246 1.206230896506549 1.3877064601219775 1.5682102942571396 1.7486219057340955 1.9201793501214948 2.055286077472882 2.082741757885986 1.8186001819009792 0.7537734731526964 -2.628678070555619 -11.518534691362873 9.757223224440306 1.399576322498385 7.935450786588217 13.365270997472216 17.388241013981805 20.26468772621225 21.713866188985357 21.52496646598361 19.915646248713394 17.45274328677337 14.728514496820287 12.14272286115488 9.880192764486189 7.9786658886214346 6.395062417759301 5.040940320358569 3.7908780504146526 2.4861461084059027 0.9976945056847955 -0.5497288586820481 -1.5772829330319924 -1.6093532356666262 -1.0198625966226347 -0.4477847469935883 -0.13145195858398484 -0.028609854804166446 -0.04601199575765769 -0.11669471713019486 -0.2031155336541759 -0.28622276217820053 -0.3567122871017051 -0.40986604465241755 -0.4426902525032601 -0.4522117799302896 -0.4341888897287982 -0.38173391358801334 -0.2835249981118251 -0.12209413160943294 0.1215178622271067 0.40752215942753267 0.1104027579282505 -6.486622801637683 -20.131463185619978 1.460838320634755 2.7414223943653946 1.4589976594467944 0.6179261183347943 0.12973596414072966 -0.1675795809372578 -0.36198322905625935 -0.49887606325781547 -0.6027666338366044 -0.6877960038984898 -0.7628326745465023 -0.834089503296607 -0.9065862929647833 -0.9850435939007213 -1.074439710383672 -1.1802134642539133 -1.307789725052488
-1.478951219416294 -1.6553562714122103 -1.843992647162099 -1.9935958934724116 -2.0082108719390295 -1.7856320412144733 -1.3239831562471505 -0.7819981439282504 -0.36041627447250946 -0.14192293182802995 -0.08405079686976569 -0.10478043768402756 -0.1378128295604908 -0.1401086952408499 -0.0798518643166708 0.07876012391279996 0.39162965235739566 0.9508749744569616 1.868640472000048 3.0187460248355817 2.9239835166959143 -1.4635503208112919 -6.774718029468534 -6.467027480646038 -4.191728899055041 -2.680168766733434 -1.8744385529788243 -1.4333642300544847 -1.1642667132575364 -0.9735027744611247 -0.814275535377081 -0.6609472184104012 -0.49730447963642416 -0.3109528311279479 -0.0903236194203923 0.17720547776348305 0.506584930134066 0.915356765343968 1.4203600008235628 2.021497598615826 2.641008681350589 2.9263549477248123 1.7748064945147322 -2.620955022128916 -6.882460173707967 -2.7842987007312328 2.7800485680496534 6.256669133540249 8.8570495006411 11.485402648521578 14.522150156139066 18.010455491389294 21.63085125889735 24.67723836702519 26.319513096543794 26.079686554382484 24.092883738525337 20.9407050047421 16.706040097956958 3.21120388378586 13.872009845507172 14.427336965340725 9.400837532625179 6.986726141847691 5.513600435098953 4.490324408906446 3.7343063380159034 3.15695844562796 2.707191319290976 2.3524570339676183 2.0708890722420805 1.8474628213625994 1.6718412295809566 1.536867170376714 1.436769085611095 1.3631346140488088 1.2932596533953369 1.1582065097266119 0.7879215101810617 0.0045497514244488 -0.749594508356715 -0.6618668930393046 -0.14313494812356975 0.2104255894086382 0.3529240609260875 0.3783999034461645 0.34732728539553426 0.2846889728996669 0.19524996923093485 0.07016570664019506 -0.1143842708551257 -0.4044758874668135 -0.8598105980907853 -1.217811373044528 3.908948016724846 19.619583807428135 -0.32543147303361764 -0.2614293472453433 2.293713573457907 8.899815730880977 15.154924693385578 12.576548224335308 -7.850826757187327 -10.119003119431145 -6.558262629426354 -4.014481821544536 -2.5679638947483117 -1.6945297100090646 -1.1230184860480754 -0.7245495460420878 -0.43093961684699766 -0.20171110949994442 -0.01035966979130265 0.1622966419485372 0.33176675383079957 0.5116058684753204 0.712246232022268 0.9326384783414339 1.1354212782496322 1.2040807126450757 0.9571868493015501 0.3897265604885849 -0.11658009707707073 -0.23428095275833272 -0.04762216990785806 0.23780815000650524 0.5155503289976058 0.7615075499329484 0.9820468248892666 1.189293711009047 1.3935499559017317 1.601285678424835 1.8134695109161085 2.0212957353181062 2.1949800367105423 2.2544229134905054 1.9876559370330278 0.8047447162425314 -2.9826340517433714 -11.912962359542558 -0.07595624522664579 3.8816606065281523 10.733044805984331 16.240659787821027 19.990014937580874 21.989152184750694 22.082134280693147 20.52341849972119 17.965563648718394 15.091873966464023 12.359442798337536 9.9772562934618 7.990337659917318 6.360453190913492 5.012084581494125 3.848849740156233 2.754718228332957 1.6068257393821268 0.35701631506963327 -0.7923226516176518 -1.397868076005718 -1.3009090789803333 -0.8758347583999555 -0.5135677177126317 -0.3283412964457848 -0.2809762399299318 -0.30978788870232843 -0.3712614706912769 -0.4407178919513237 -0.5054383800097835 -0.5591411869853458 -0.5986284038346423 -0.6218598786243003 -0.6267519744799851 -0.6102091089233785 -0.5670078223636215 -0.4881629678911578 -0.3585374626120569 -0.15531602805357547 0.13530620337219856 0.3333675200267576 -1.5963061450581968 -14.176695930425605 -4.431703547488514 1.2826070282958284 0.8809800578297611 0.26858172516399215 -0.12562098776533748 -0.3718620505942715 -0.5334340144682811 -0.646522675623829 -0.7314303372684576 -0.8001560312796241 -0.8604139349898645 -0.9177811256456513 -0.976936416419686 -1.0424633084104422 -1.1194164104704956 -1.2136544205113309 -1.3316531366284807
-1.5330516924065192 -1.7390185552476534 -1.9768423613044184 -2.179854323128125 -2.1909094974018553 -1.8165987772802676 -1.0686632888160004 -0.2988448521150824 0.14689229954573957 0.24539889992192876 0.16022990042687102 0.03333273660755198 -0.06418264335085633 -0.10529558178990417 -0.07988142163536693 0.018307496137536017 0.19250858137174154 0.4279644853510325 0.6431302728568671 0.5849325051128824 -0.23521000573884976 -2.0782969921955843 -3.943746323450439 -4.390349099500852 -3.6737120842348325 -2.7797085996963937 -2.1127838524213463 -1.6762897321712023 -1.3902367233731023 -1.1889153807605395 -1.0301055065124913 -0.88764846228576 -0.7445604853845178 -0.58863770525379 -0.40984132237767484 -0.1987383939143852 0.054379344432624155 0.3596695161187742 0.7265623853314553 1.159293447707069 1.644486822572437 2.12164431300319 2.427392664927586 2.2443341023724175 1.2494078926979473 -0.19166409935369622 -0.4941712058627674 1.3402322312706012 4.393339986487262 7.769662530212162 11.403943552491821 15.494714445481048 20.017158643002098 24.443135696519576 27.902922782389084 29.8143801860531 30.114321781672537 29.20287947162973 26.978696972694074 -14.843449306796241 13.66089043150037 19.40099359687043 13.828693426590409 10.060703331760674 7.635060994110109 5.986344731403328 4.811066660131147 3.9441600619385704 3.289147562441722 2.785481906498598 2.3924024690283634 2.079901970922448 1.822251448605372 1.5909418561313742 1.343641777649041 1.0064511431928977 0.4620907171041351 -0.36846453937689816 -1.1878835257117046 -1.2410662590783037 -0.49996194017546003 0.22526458633815238 0.5838632875031626 0.6770027818924311 0.6439938821257845 0.5600590634944125 0.45520116140938116 0.3367779080235962 0.20030433858615937 0.03249866215845554 -0.18972175069246355 -0.4987268185396565 -0.8987496379147184 -0.9902648805545091 3.7502802279159138 31.91278075830111 1.6927441586548717 -2.146102658881997 0.7991865270869374 4.628419770925674 -0.967453917467614 8.862421637275116 -2.678663620748149 -8.193892614187119 -7.896943291440338 -5.854216239670902 -4.021273779900277 -2.7155390529819536 -1.8265273503766182 -1.2148040242337428 -0.779460114806593 -0.454687439022071 -0.19813323346183864 0.01789815108749182 0.21155981131051083 0.39324309499642096 0.563714605509201 0.7079390437075106 0.7870713632618571 0.7435514987308656 0.5476668557729001 0.27058413359315736 0.06666462823693209 0.03501688145793569 0.15377870648540792 0.35017372006017755 0.5699906175215324 0.7902975882873604 1.007578467322074 1.2265043774275401 1.453906675404066 1.6957320721420779 1.954322903835444 2.2232536701072236 2.4747581925350657 2.626744197072634 2.449312578071783 1.275032298888017 -2.8802492332506286 -13.1368425835375 -19.720110710894907 0.6869875408600876 13.168612419498759 18.980649697266795 22.00541204164131 22.618109405295996 21.22213631504271 18.605879066109228 15.581026399768547 12.68573626639273 10.164450833324395 8.072396275987785 6.373151894091915 4.994885545547966 3.8532496950190804 2.854969554193701 1.8968131984641818 0.8877890730911338 -0.15920283932214385 -1.0052270740808318 -1.3295356012794795 -1.1582231101414981 -0.8332288500789602 -0.598142381593334 -0.49614597871456567 -0.4867445149249874 -0.5250783524019051 -0.5816286748368651 -0.640144495104918 -0.6924544946061066 -0.7346676869222695 -0.7649106452692127 -0.7820241795311804 -0.7847337191553516 -0.7709577087728541 -0.7369732100740941 -0.6761209783762894 -0.5766126143291902 -0.41824893903219595 -0.17224297172647507 0.14990390667798792 -0.04128251244486769 -5.800382432802635 -10.11202575629493 -0.4479606673179237 0.43459124999615106 0.037031297840785626 -0.29505905355631024 -0.510648059604403 -0.6519313553335988 -0.7495527885593891 -0.821707025710676 -0.8793783572500792 -0.929745689633426 -0.9781254788790141 -1.0291545152146 -1.0876306569130303 -1.1592270896539123 -1.2511363245436535 -1.3724120396960082
-1.630570967811905 -1.9128078725782052 -2.2763725786163365 -2.60418046724143 -2.50360668585472 -1.4844669711193639 0.029193786039508396 0.8509395231715375 0.7983472984254911 0.42656437897470756 0.08005867109069209 -0.15919488293541662 -0.30136279967600776 -0.3709648971967656 -0.38851405409162565 -0.371100681136288 -0.33892695643873383 -0.3262004453313576 -0.3963818582760874 -0.6526011643015641 -1.2062120801830396 -2.0470338315912473 -2.886166648942612 -3.2988701784929955 -3.1646251971363357 -2.7292386255898036 -2.261860991159123 -1.8808080695169769 -1.5980969957772972 -1.389138795688369 -1.2258622652966302 -1.085800250272258 -0.9524169052366301 -0.8133943076887872 -0.6589400160137522 -0.4805294309143809 -0.2700600495451009 -0.01938448591857478 0.2797093351665767 0.6347552766262492 1.050424567324969 1.5237564144318718 2.035643506664457 2.539828756474153 2.9596879240124268 3.220022667994035 3.3438246080381533 3.5769521088368323 4.382765349275121 6.209726577122057 9.26312126804701 13.4960923000374 18.542716679363217 23.525102858880526 27.734500343090705 31.787461926045292 36.64117318197741 41.54544201955165 44.68402581877666 56.00651288095191 82.01632352779751 32.90619333506861 20.225096790307386 14.369372912788444 10.797618241131758 8.400300219884583 6.710182519443078 5.478427099411803 4.558667031749127 3.8586423321738854 3.313061154689499 2.861820124666238 2.420671482615641 1.82273768217844 0.6989873588867797 -1.6144207013947476 -5.096509953191298 -5.981464790508792 -2.5387538013038213 0.3880171441939302 1.4865974984841648 1.6484598187291524 1.4917350422615328 1.2601973384544214 1.0312975005304448 0.8228136850929071 0.6327134614911624 0.4525143081014371 0.2713078167108778 0.07703539229765033 -0.14091035909814376 -0.3786192034849163 -0.5553282723798696 -0.20160775397478048 3.3369344533915504 23.595569176247878 19.18268541624306 0.0200686855618617 -1.498436365200479 -20.385210547037097 -10.102058658744285 -20.448824976464074 -1.2816104860172726 -5.019025797895685 -6.13745614048057 -5.537238655714253 -4.356526747864489 -3.2150894430109256 -2.300958940632067 -1.6121267664162215 -1.0967130747651368 -0.7033346968197208 -0.39286304113286763 -0.13860316518109594 0.0752545677474874 0.2539151623229028 0.39064392569990636 0.4660142626535273 0.454274371831608 0.34528643233919 0.1751288854122981 0.02700628012426165 -0.021614543890176918 0.04843839900192748 0.20521665405854783 0.40622123612332217 0.6235552774388777 0.8465798683209345 1.0759729443704136 1.3182128396823405 1.5823395855390447 1.878084137298352 2.2138310014443796 2.592193092608256 2.9984264884128233 3.3683577940295284 3.4921413005623148 2.687141782486187 -1.4502929038408148 -15.520171317338713 -34.55811973415328 -13.301859203560255 14.85389232785871 21.16301609503692 22.988817257896578 22.028702438213468 19.44716636932381 16.279605672153753 13.194824193284914 10.497613270961672 8.26387327847326 6.460896074173798 5.016669626743674 3.8501044708201526 2.8788076228390183 2.0163040933272964 1.1721228911625348 0.283670338181909 -0.5870092569420562 -1.1879146416618793 -1.3115249903790271 -1.0998712382517075 -0.846936383358134 -0.6964435357018122 -0.6490442558974805 -0.6643506083684325 -0.7083127832508176 -0.7605325771105429 -0.8104469093653004 -0.8530851382027429 -0.886311202919959 -0.9092570473656971 -0.9214375340859824 -0.9221892662423797 -0.9101917001945437 -0.882876589543113 -0.8354835323394223 -0.7593653248935526 -0.6389309723540156 -0.4472621837501374 -0.15141300037332206 0.14471621261765577 -1.3324958961162174 -10.303617886282279 -3.3298317572002816 -0.060382385612285816 -0.12506419620514597 -0.4035359456235361 -0.6021334066360533 -0.7328441023863425 -0.8217558650010691 -0.8861726591803474 -0.9368246654736274 -0.9808109456036233 -1.023500250688413 -1.0697804561993798 -1.1250682223184354 -1.1963800643831854 -1.293690942564044 -1.431617785299913
-1.8070741920859867 -2.2867402692714967 -3.0222865477005385 -3.6365581218175436 -2.2411784903152974 1.4219627363237457 2.3464170257848966 1.2234153730563548 0.27841717215541717 -0.2420807025609073 -0.510772562966967 -0.6492998679929789 -0.7196772495310257 -0.7532391626752395 -0.7677818180821236 -0.7765634303541189 -0.7939326150053747 -0.8398822540352642 -0.9435686570508564 -1.1424688041725792 -1.46882994104114 -1.9146332516089557 -2.3892731174864603 -2.7313239505278535 -2.8162268734825413 -2.6568989890515966 -2.3683876397702126 -2.0624858557687715 -1.7964521704661667 -1.5822944456896808 -1.4105627594213141 -1.2659762186647499 -1.1339849220805145 -1.0024705737458894 -0.8615744187505988 -0.7030294655976432 -0.5194837143774776 -0.30394618166385645 -0.04936523256127967 0.2516473477562071 0.6069030010312515 1.0244311478455588 1.511859764277184 2.0754034546259383 2.7190654068557985 3.4460644947011367 4.266657845737573 5.217132471995793 6.38801146405358 7.940029177988319 10.060763847177688 12.813948487188746 15.946135323929173 19.02723581253734 22.182779614164616 26.57070871361173 34.28809989782867 46.22824338824655 47.28303129567565 37.84234742757438 34.705936715167475 51.02928244289432 58.10374623268544 23.760524591427945 14.834505388460752 10.943145239790587 8.741096870354319 7.414020102218927 6.668562614821363 6.4005895711994025 6.636217827421536 7.572330730320598 9.755300311901035 14.652163974312536 26.344420658495054 48.1755047701578 42.39246991453723 23.73138638419963 13.354107050676404 8.182968582576583 5.436930048229205 3.839386411929611 2.830187208417157 2.1471563460247136 1.6571160773744165 1.286987968401823 0.9938989196666751 0.751473674793818 0.5436892476732436 0.3634157368723576 0.21627883779201196 0.13567238214066446 0.22949247802548478 0.8342254860340055 3.101514306015409 11.464032442880319 30.31970685874615 14.118759787001618 0.595684976026619 -82.38080265610415 -14.256502879871242 -82.68291848940535 -4.679439403931951 -3.470498405124192 -3.063948921833946 -2.8129494668801023 -2.533137402962713 -2.1864479517951763 -1.801774309958593 -1.4179631958875847 -1.0606229915141592 -0.7411314139048577 -0.4631105381546904 -0.22928372687097842 -0.046929981102014295 0.06884901093693019 0.09694526353448518 0.022721340823340874 -0.13751458070195532 -0.3184624585517728 -0.4281914412667147 -0.40712162377661265 -0.26150405911287233 -0.03900453967654194 0.21319214300066847 0.468293699514871 0.7187610186364259 0.9688998950722909 1.2291569843767087 1.5133730479243652 1.8380126940005581 2.2222935142061764 2.6883445561552413 3.260233887955997 3.959081439501949 4.78582301676686 5.662012665293194 6.19915422347877 4.487572009706992 -13.86756135391581 -50.20054980616547 -52.2431819151434 15.18550272810574 22.635468445018848 23.03458359501825 20.739488283421874 17.46205748132514 14.134102853283423 11.176698545943813 8.714972319188712 6.732295241400487 5.157783051814071 3.9078820089802586 2.901226908122384 2.059293822307412 1.3015067699533471 0.5483609209487925 -0.23652435210836043 -0.9483916079492278 -1.3388534190188244 -1.3109539103360905 -1.0818399156893808 -0.8880725423946769 -0.7991411605441048 -0.7895149102368606 -0.8208924462789158 -0.8673373480066244 -0.9149717329823086 -0.9572902896445552 -0.9916279152150672 -1.0171248700284365 -1.0336411847827687 -1.0411664955791409 -1.0394511035079232 -1.0276848702606036 -1.00408857256228 -0.9652424461751756 -0.9048480473736198 -0.8113419695136196 -0.6634507222066195 -0.42471925405130007 -0.06926195758881093 -0.03892067459656445 -4.9916329232538885 -7.496546126199728 -0.8760293156507135 -0.25833210908227233 -0.4660247307785914 -0.6571448394932824 -0.785452579529541 -0.8713416323003257 -0.9320937735503763 -0.9788377118546256 -1.0189986642633417 -1.058287328115871 -1.1021501931357172 -1.1571405585190178 -1.232753428898727 -1.3445176950157023 -1.5196814130340048
-2.178203155702345 -3.335090655995222 -5.726367165085245 -3.799438871730402 6.996887084998079 2.8586832771879163 0.294023992933905 -0.5143483955546717 -0.7952291308610275 -0.9060301575107943 -0.9536787518198815 -0.9751188103065087 -0.9851943054117229 -0.9911747999078011 -0.9979934545428021 -1.01067467467481 -1.0359355622722803 -1.0835630687020372 -1.1674126425064943 -1.3049168446667228 -1.5125874011253053 -1.7941932632381783 -2.122163819068506 -2.4260092910063444 -2.6136044971847987 -2.627497347044482 -2.4846545495718675 -2.254787886539209 -2.007972686840153 -1.7845786293639752 -1.5960366958070926 -1.4372940928200757 -1.2972629703199225 -1.164317582120107 -1.0283236200921357 -0.8809590862480047 -0.7153671076863501 -0.5255970791217146 -0.30599468599869395 -0.05056783083009764 0.24767510443948404 0.5974309732087815 1.0098400890929045 1.4992269366761513 2.08373285142476 2.7855879553627627 3.6305010742990356 4.645193125304238 5.851490656068654 7.25504088605734 8.828416963442923 10.497596891849273 12.162920326800048 13.794072148318795 15.556416397334065 17.8018953289966 20.82361141357326 24.42300045857017 27.4459985915009 28.100087231215557 25.286634146791098 14.771665496474267 17.845847596580487 14.06612614515591 11.01300054329939 8.640234605269892 6.827043664133949 5.446957824274652 4.391755866033281 3.576903590117304 2.9397897286521206 2.435505598439882 2.0322632434824257 1.6745505423691627 0.8343607375999738 -0.15054769992056016 -1.1401128550252673 -1.821494139869822 -1.8809419484810324 -1.3323775453639906 -0.5274883407247435 0.18578780420256624 0.6618963659579982 0.9098544092037062 0.9939659448674207 0.9783527136139751 0.9103594615442361 0.8211888704044217 0.7313336683471092 0.6564633900725408 0.6134669323539212 0.6286863555419216 0.7540305643532188 1.1082198272269075 2.006932567726726 4.47351102015427 12.664263043089967 34.33235166817745 -7.420838643432132 -494.4265036045723 -15.038357690641158 -500.7193756823563 -7.435897178800523 -4.170189234220235 -1.574464716225938 -0.6175917175848269 -0.28974325034263193 -0.20126355132948415 -0.18869205910382195 -0.18771285411833977 -0.1835702701839933 -0.18906198419626152 -0.2337469440910951 -0.3548616011167991 -0.580006567276119 -0.895117994496796 -1.2137077731184096 -1.397407794270805 -1.3493782590743084 -1.089791672490378 -0.7206291298376115 -0.3388211684345679 0.006288517717353503 0.30634213772290364 0.5745682197412063 0.8325547045332189 1.1044847295990041 1.7011844523259017 2.02619112651827 2.4298289833598785 2.9346862927387636 3.5724796563653145 4.388096631060512 5.444215107989487 6.825554816018982 8.640675350113707 11.016583872531017 14.074815197041806 17.862303913249722 33.071637350863135 50.87212490082552 20.58810952367734 3.912980062904275 11.547279775839257 17.23171651228094 17.165502839446805 15.047811504702963 12.367815724219234 9.755966771698182 7.493182081731328 5.651925494211164 4.196420733813291 3.052341764473454 2.139164538412424 1.3778973585636796 0.6891597565830558 0.0013573380539799729 -0.6955912169547593 -1.2556089921445857 -1.4509328300065985 -1.3025271655736663 -1.0743463847317969 -0.9357585321150825 -0.8966687644242652 -0.9155852241209983 -0.9581257055374892 -1.0052657078088378 -1.0482517187246418 -1.0836862790413164 -1.1106504377189066 -1.129237790860267 -1.1398339953548748 -1.142748758215736 -1.1379884142988934 -1.125048619288159 -1.102629532296916 -1.0681462241023343 -1.0168047328148675 -0.9397666480099871 -0.8204246221721442 -0.6273833147651366 -0.3097608656376991 0.08638747557882542 -1.3228621594799321 -9.63757063752307 -2.368354905404889 -0.3918686153724895 -0.48712654364860963 -0.6803996154502272 -0.8147520755046129 -0.9030711389575119 -0.9637867377724714 -1.0092067601260462 -1.0475171411690707 -1.0850599232877545 -1.128169750080724 -1.1852235292282445 -1.2700982485700982 -1.409762034426138 -1.6636507801415723
-3.2480639110329297 -9.185331215564652 -1.7680757943671281 7.650661391678357 -0.23556304693045949 -0.9864142562183322 -1.0971290453228248 -1.1103710154156707 -1.1056346471494463 -1.0987365833775433 -1.0932475769813603 -1.0900289321393064 -1.089483297587652 -1.0922457068977451 -1.0995396290359831 -1.1135277007165194 -1.1377724756804288 -1.1778386005062187 -1.2419477450898344 -1.341312769594504 -1.489167568524951 -1.6965892568109564 -1.96281259368766 -2.2607594801397752 -2.528275807085489 -2.68512449241632 -2.6796064669129778 -2.525456918425978 -2.2871210832136453 -2.0325786615172454 -1.8021651743096347 -1.6070959284841257 -1.441556354204697 -1.2938280207811566 -1.1523716441692824 -1.0079894093623554 -0.8539333863032041 -0.6851603938899056 -0.4973441877005169 -0.28588922280720597 -0.04501938471075828 0.23308069222118744 0.5591302268663826 0.947678597567063 1.4181010646923047 1.995462539596814 2.7105655834528504 3.597110172304966 4.679997902506745 5.937473179225193 7.192468036019554 7.875713026881909 6.884170333532606 3.617392244424356 0.19840325001338321 -0.26943171488383033 12.191537778575821 14.792482460763846 6.308508146716479 9.232742710414282 12.007546784995116 12.92522750254113 11.699897882435227 10.216484193252386 10.175774408040281 18.598157827837618 70.50320534536826 11.212969618468996 8.68242697979068 8.089012381941492 7.650405251893502 7.0862520087674525 6.413327133634514 5.720134293165342 5.072232271529182 4.48772739942719 3.947445994329995 3.414196394243553 2.8525691765105137 2.246960023445993 1.6130190144015213 0.9963026380176931 0.45663118964811017 0.04454852099424869 0.46657218981175386 0.3366684809066878 0.22706555661821504 0.13236233069998538 0.047424666506279856 -0.03276004895527529 -0.11352028933317226 -0.20137024090215166 -0.3057653101638076 -0.4430289915116169 -0.6464108534037685 -0.9966691387896326 -1.7403800572675605 -3.966742390119728 -18.58267057317158 -177.64546371407906 -13.66412511360575 -178.58513240632345 -18.608808959301903 -3.971907432872788 -1.7427785007639807 -0.9979373542181462 -0.6469146314344381 -0.4429099380897066 -0.3051322737586935 -0.20035157422610378 -0.11228024019184168 -0.03150187210670685 0.04846289185641883 0.13291796719069748 0.22686853543038832 0.33546710923188183 0.4641696090505856 0.30876427902852854 0.363585955730502 0.32070638245098915 0.19368289253795298 -0.005805478022071445 -0.2607105965391299 -0.5369365909176297 -0.7744186509439874 -0.8901569870567217 -0.7985570260632566 -0.44077620024885805 0.19912724755887 1.1076555361748628 2.278710883962714 3.761279928167604 5.743884170852457 8.88387264454769 16.75742603494492 76.77201995039353 33.86684797023027 25.906608088798528 152.38954687434835 32.22528384496851 42.04351054955855 66.47821031496409 39.01859546628461 14.775979995135202 12.18109383504271 6.720789988034079 -2.9779431428846657 0.8654881185223342 5.753570865769203 6.186359626616396 4.996311590918219 3.642651221401268 2.4998487514023204 1.5878404355652527 0.8390692140142071 0.16995551937852937 -0.48715570387765084 -1.1110489738529798 -1.5090071176879212 -1.5021102863302778 -1.25423840934896 -1.0483212414781775 -0.9700757775382449 -0.9779728012748072 -1.0221345071244616 -1.074200017491826 -1.121839452548559 -1.160805052482966 -1.1903210558981872 -1.2109039294260566 -1.2234070395283967 -1.2286109073983116 -1.227036195031192 -1.2188283458963982 -1.2036293716048316 -1.1803696790055649 -1.1468784432720454 -1.0991259481879923 -1.029683691678195 -0.9244714258124331 -0.7557853123918588 -0.4696473921113484 -0.002751616714810723 -0.021494997787215198 -8.020421436604515 -4.449626195083724 -0.4770652941872733 -0.45853773733269465 -0.6747065125151661 -0.8253828546791779 -0.9214355708245093 -0.9852610606599217 -1.0314621759310187 -1.0694569301302241 -1.106472965327085 -1.1500316482641366 -1.2111653350233351 -1.3112447645422864 -1.5017573394503783 -1.937798080099608
-9.803569988256935 231.9485874811133 -2.017845069941003 -1.6175702571082367 -1.370260436409069 -1.2579566670178686 -1.2004169559424505 -1.1683021948173373 -1.1495666216650298 -1.138639043104983 -1.132727894641221 -1.1304113497417247 -1.13106697497668 -1.134663218418674 -1.1417460456008222 -1.1535725998404942 -1.1723985910248975 -1.2019594342220734 -1.248195581152685 -1.3202244675708585 -1.431342193875364 -1.5991821752721347 -1.8426622060339015 -2.171086703931068 -2.56099313306171 -2.9292876130947234 -3.141999459581469 -3.0970981949915792 -2.8177462417827375 -2.430723808872486 -2.0578740459282727 -1.7538470463292892 -1.5184831841396131 -1.3305438464649613 -1.1690545171014657 -1.0200327154463846 -0.8756687102479729 -0.7314037633327267 -0.5833810283326707 -0.42687774697566516 -0.2554924604060328 -0.06064590948407789 0.16899075188822632 0.4484323835965453 0.7980259522772346 1.2464848002446147 1.8371897509013193 2.6428093412216014 3.796196717607427 5.481287769647083 7.005897716572452 1.230014635490182 -11.223795571785056 -6.63889613587953 1.6426770849971692 -3.3632956190961023 -3.1339062536382647 -2.400386283956859 -1.192418500342304 0.3744816950859604 2.376301190286758 5.378036315560394 11.614217790058085 28.537724472788728 33.883870288861154 15.469234859421112 14.444339451091771 67.8796290266983 2.8397291955041304 -2.5050602094083363 -10.349752889432814 -55.23546327651127 -24.323088955058758 -6.50625502315125 -2.952194532942298 -1.6380907079078475 -0.9740593576341632 -0.5787847548000877 -0.31677663041557763 -0.12349200251836417 0.03885779133334088 0.19442917630999507 0.3572528458391754 0.531242295265946 0.7093254532992346 0.8736834095376043 0.9989783307976301 1.059495819455271 1.0383795047037052 0.9339050005659291 0.7578966171324528 0.5262442199323186 0.2458471691632821 -0.09980555869555807 -0.5742699440220547 -1.3556996615734709 -3.3476079337897895 -9.37049909929931 -83.0176863541841 -43.69376501243714 -11.019470862325813 -43.778363605034656 -83.15895886432071 -9.377504770596442 -3.351046179246972 -0.32887906317618276 -0.2474961026300878 0.2588217782915294 0.9164468536506749 1.463415893900455 1.6677862371924033 1.434971552489099 0.8365958065845929 0.026625308177442797 -0.8447101185906818 -1.650795667038421 -2.2748157422294275 -2.6139004966535158 -2.6134602467582004 -2.297232334381799 -1.7541984807326356 -1.0910493606260723 -0.39091091775861625 0.30068919674676625 0.9704376933637482 1.6265959527936524 2.2905355044141587 2.9917394332427563 3.7650784481274164 4.648891486979279 5.6835208236722945 6.914141648035754 8.414638042821231 10.38107908611644 13.374034435118952 17.364378301708907 -70.47617308030611 54.82140187429552 32.0829908038102 16.058219281805478 9.273455577930381 4.613535863526641 -2.8598187546091287 -28.55342691149136 -21.750520173522773 1.0667110935157609 1.6509586275432024 5.115923371117924 -3.6892838973277513 -5.909747737336414 1.0709989779779008 2.9173524261998347 2.2950218773969002 1.3440218482962019 0.5017156903770468 -0.23766109362116605 -0.9274561146383675 -1.4934761135892973 -1.6782583454171105 -1.425332117877475 -1.1025773284186524 -0.9592022138099621 -0.9628851016523385 -1.0259796538454633 -1.0987975411396713 -1.162617835475516 -1.2127724542137173 -1.2496418101174473 -1.275002555434587 -1.2907207495704647 -1.2983382856475996 -1.2989678971634397 -1.2932748977692978 -1.2814546346991476 -1.2631585984823037 -1.23731807021113 -1.201775413611617 -1.1525348680974838 -1.0822002200823595 -0.97655267123726 -0.8066511720579839 -0.5107305572599157 0.027187854334352224 0.5307769572616223 -7.560459922573134 -5.3760754102980925 -0.2660349782950817 -0.37917686023274566 -0.6571465467984332 -0.8310820056597207 -0.9364650188956503 -1.004132812326583 -1.0517972804600906 -1.0902474314610746 -1.1276397736198307 -1.1728607128539927 -1.2405029918396677 -1.3641104593212183 -1.64811908639892 -2.585022876999115
-605.7539954438685 -4.085705294777083 -1.8625178080463107 -1.4421494339405632 -1.2951550424962135 -1.2283536934969408 -1.193509755411889 -1.1739512724751346 -1.1626468385628033 -1.1561939403614048 -1.1527759946362415 -1.1513638972375908 -1.1513820186774157 -1.1525799604940756 -1.1550209584705031 -1.1591689520190402 -1.1661006837095003 -1.1779218734345003 -1.1985547496822082 -1.235236413737995 -1.3014039011313747 -1.4222690073750897 -1.645252652581147 -2.0569771835755537 -2.7966805366172642 -3.99293955367513 -5.401151677839605 -5.878674739262005 -4.58604428371816 -2.7711466636375226 -1.679936825409781 -1.258034709360191 -1.0810141606993402 -0.9163450024081818 -0.7300074288496528 -0.561890090001302 -0.44193394286890353 -0.3707274584322875 -0.3315249494314021 -0.3039304174623352 -0.2702067684874535 -0.21605455896093062 -0.12904248237420196 0.0035846339969524132 0.19739075587216787 0.4749413130883665 0.8800590961768884 1.5518950998682828 3.2070587509533866 11.066356926659049 3.0556181069894066 -16.42147041892232 -0.7044385569335869 -6.085672295767759 -5.571563306985713 -4.601453148746868 -3.474287363516198 -2.3726893714092294 -1.3418156474621066 -0.3754253469284762 0.5439634689954583 1.4366465409381788 2.3343839491320595 3.3166471131334125 4.661778120542046 7.768836762343417 28.688810070299695 42.285961437332766 -0.7287892854841127 2.4133529049704086 3.134817276984271 2.710385721925531 1.878441415057464 0.907802510658759 -0.06662086563477088 -0.960166550801753 -1.7101808044969686 -2.269830028631386 -2.6138685546009937 -2.7447862265656724 -2.689854085679638 -2.4891296316672733 -2.182367160059125 -1.8017213418312292 -1.3710345290799493 -0.9085330362973968 -0.42980145579447515 0.050228586926364005 0.5159395187523266 0.9493056484436271 1.3266378210556427 1.6126182082713894 1.7500841499869393 1.6417813675581256 1.10698849798552 -0.28067353510543214 -4.1217450117393994 -23.704366487470697 -62.07081046471297 -16.423718465619725 -7.729481113073423 -16.441930060580145 -54.0390887931177 -17.828550215616797 -0.5193838434060103 1.7870873572211212 2.18744686763941 2.0093741929189184 1.5281628717291142 0.8829767810569359 0.18597175643242403 -0.4739490584760436 -1.0322022381754075 -1.4454269422192318 -1.6886693016097845 -1.7545558773786523 -1.6525453217199266 -1.4057129430601663 -1.0445794168413662 -0.5998598435151445 -0.09657695514466319 0.4492131350830571 1.0313047494687577 1.6527577596757554 2.32466091052955 3.0646253058155297 3.895173777990168 4.843125863850807 5.945830491187561 7.287119303998348 9.147635839800447 12.646803511536186 23.123495784501632 50.8366347277986 25.924448876174175 -4.286121492557289 -4.475805643795497 18.571497671084558 10.70517411080164 6.510133574746988 4.097269157655752 2.223995313847502 0.32358372321440604 -2.1200416000286264 -6.097853863763916 -13.29388380438523 -18.433893492608508 -7.952859392429481 -0.6960790931583904 2.8405550819004732 -6.177629600568547 -7.6680926037953405 -0.1260781728100504 1.37561129987875 0.6132822750395623 -0.3928146412265421 -1.2921641083314803 -1.8149052943948982 -1.5888792303597672 -0.9742157131031215 -0.670066051537491 -0.7051139921112544 -0.8556026939054817 -1.0046448263281542 -1.1217255507834332 -1.2065668052872995 -1.2655938771301571 -1.3051386858460772 -1.3300693311518565 -1.3438350866928515 -1.3487691861372038 -1.3463500069585561 -1.3373693145280265 -1.3219952167709252 -1.299723262942158 -1.2691697052737476 -1.2275964416761687 -1.1699004598453537 -1.0864101140872382 -0.9577548678090919 -0.7418754921411395 -0.3389405577166271 0.4820789800756691 1.2245997098016446 -17.05746415893639 -1.3388901402671927 0.15114865416313972 -0.37426724982894566 -0.6929207488425948 -0.8677114956628885 -0.9698643370279889 -1.034751303228274 -1.080544596774324 -1.1180848775407672 -1.1559226201269244 -1.2044223090863087 -1.2832091709849014 -1.4458644922050639 -1.9096340601150372 -4.537312987031272
-12.708069376511213 -2.3299187134618573 -1.552620877391821 -1.3436991706325807 -1.2598076534428482 -1.2187987294934293 -1.196378590944603 -1.1832133772853166 -1.1750004381431467 -1.1694261984165182 -1.1650377785450292 -1.1607529493101232 -1.1556078589770944 -1.1485908163808884 -1.1384894788472888 -1.1236965199820175 -1.1019017245685692 -1.0695366667256212 -1.0206718806165993 -0.9446204430896059 -0.8201668580827548 -0.5998680086233472 -0.1615476775369027 0.8172976626042556 -6.484139714151384 77.65720871226435 7.205373572746236 1.457240144340829 0.2825181797098801 -0.0456342505937849 -0.09345690687885799 -0.03949274928440083 -0.09244718223000659 -0.970835993439283 -5.610960148614904 -18.561176498279913 -11.068572164652005 -0.16943631304538798 1.6796026165821987 1.2857457121310114 0.6761892805836502 0.2003403555296166 -0.13353253459481723 -0.37341282204174303 -0.5888016606523565 -0.9233402552503751 -1.8131664726126573 -5.008191666928029 -21.874416288321605 50.00371744717077 -9.278674607120896 -9.307983427636822 -7.370277631258155 -5.649469040851923 -4.281474206322143 -3.196952946066442 -2.2995292346455276 -1.5170498824939769 -0.806889589975806 -0.14739130313551177 0.4707588510102996 1.0486915370665564 1.5746695055965136 1.9936050487112449 2.0537742938607884 0.11637149669746671 -58.5022660089249 -38.97412028320705 9.487787079123976 20.07063911147924 22.695575776630925 16.161873423075157 10.659313982975792 7.4795778196656695 5.420821219307041 3.84887704893651 2.5346564206449207 1.4152914348832413 0.4859971321501224 -0.241816959268635 -0.7567012885909354 -1.054802102308709 -1.1439741653612916 -1.0448266790739154 -0.7888522467792182 -0.4147258166759838 0.03563959406609257 0.5198696258033663 0.9957352773085919 1.4187462681008716 1.7351987367733548 1.8660979044371366 1.6665238158624134 0.8015864597620372 -1.7399487618865068 -10.240604406562209 -39.869782695582856 -23.756671860929387 -10.397423187716058 -10.858124434899825 -4.221536071717047 -8.311988368333909 -8.355223497340655 -23.00850371188167 -39.50304737558988 -9.90422388522633 -1.3299391396146367 1.2080371989109588 1.9534260080231132 1.9551087436793357 1.604026697681461 1.0976063373323783 0.5563070791366075 0.06201223292374919 -0.32718835347172964 -0.571598829886317 -0.6483097474174726 -0.549916453440002 -0.28153104896378056 0.14417058892098322 0.7126396868581308 1.4122057800758165 2.236820189877589 3.1870624980110653 4.272075640966731 5.520339417907564 7.0187338668057 9.021662711092679 12.195860228565051 17.794249011233653 24.605216376910676 22.77303540739398 15.371426389971672 10.252814742309699 2.2692831226410917 -16.23119720078504 11.390702662839457 7.098508575008624 4.476220060797471 2.9883906152899438 1.8934426412733856 0.9238042736384187 -0.03005504181441887 -1.0391734115061257 -2.2064350147014604 -3.76159106443173 -6.261886360023887 -10.7316491189287 -14.911807787537175 -6.681691309090549 3.240994802121972 0.001525077505317718 -12.264136814572623 -13.079516011313354 0.0006886531836478582 0.9281352215533751 -0.9985907898172242 -1.4123903418406343 0.34065914036265177 1.2632679657790042 0.7684742213265148 0.051736706895342266 -0.47185695070594 -0.8080656231905134 -1.0204024519666146 -1.1557891774849198 -1.2428161643406368 -1.298386727207543 -1.3325907143524782 -1.351538972236227 -1.3589340823673282 -1.356918762191947 -1.3465085929038259 -1.327743732347594 -1.2995940544149522 -1.2595411745056115 -1.2025784410318743 -1.118935220141685 -0.9885948561417189 -0.7666307870014151 -0.33817492755903134 0.6393241861985568 2.9912711214515433 -20.351958504529584 -0.1448315200113619 0.7363280254879445 -0.19446638518534076 -0.6304761457233432 -0.8479347444147298 -0.968038642679066 -1.0405305832798568 -1.088381566884181 -1.1238378992467186 -1.1549271673039643 -1.1890655542467912 -1.2370532048408713 -1.322727066894645 -1.5215111726662165 -2.218391666645628 -9.885324374977769
-1.2512098185870402 -1.2519026663065307 -1.2540646286854047 -1.2576873824239094 -1.2627565619190073 -1.269251929023016 -1.2771476133076765 -1.2864124169998759 -1.297010176796085 -1.3089001723573392 -1.3220375684092933 -1.1484655215003543 -1.1285481860981816 -1.098672169042271 -1.0522388544339503 -0.977223136585548 -0.8493582762921534 -0.6129223765193361 -0.11448934119309745 1.2086774049569424 6.944659640879752 365.7306474875731 17.464218731809893 2.5709476791696875 0.2806744528421346 -0.4527952096332229 -0.7664261511116992 -0.9162116431610137 -0.9833064332460537 -0.9973281438143289 -0.9675047645021159 -0.8916674728973824 -0.7575810234136822 -0.5396317188700351 -0.19016490436437605 0.3759571586640822 1.2864906805416898 2.4548488893321974 -0.7170239266770775 -80.32232126221368 4.002141398785696 5.191055968281425 2.1717590016179074 0.019900047331431026 -1.6263985501238736 -2.904208488700222 -2.5187229245673137 1.70331677994254 12.212332668086002 -0.6533713187653101 -12.849455093850954 -8.483105838978208 -5.510243244274178 -3.9508700178346228 -2.976563232001759 -2.251877530079985 -1.6380888789302621 -1.0749302157761937 -0.5389698845607643 -0.026265895708413367 0.45613600566226753 0.8935456051942202 1.2585276729204478 1.4774421842727654 1.2549779278744162 -1.2394353044503834 -8.997564904322557 10.049832306053663 5.710891643671143 7.472255268244649 9.529394374334725 11.035615933431014 11.090807202148113 9.763353460157788 7.990553997642444 6.429996586602677 5.2099632643374765 4.232574295780335 3.3826929731897697 2.600308225858451 1.8869211220189017 1.2819380026447302 0.8305441511913585 0.558261860415671 0.4574134475400028 0.48182789580962293 0.5413543337443232 0.4838419378379297 0.042862680668315 -1.291661430481894 -4.492992135959296 -10.386986251092512 -13.972748714735706 -8.673708185647236 -2.851311383600568 -0.12542489735030493 0.25220425891204634 -1.195900874111394 -3.7856175491809534 -6.851788738004965 -0.7757048667037982 -6.5312753795629535 -3.6434466851191716 -1.2048491932459064 0.31046778170971745 0.026529783932522477 -2.6556960742920097 -8.47994804937957 -13.777145724838897 -10.228766130466399 -4.428028409448991 -1.3106785632576194 -0.03568675918692543 0.37575409535134097 0.4378504321326412 0.4177847213384276 0.46354859536602 0.6559101234759208 1.027797135996023 1.5727084433386556 2.253446351422504 3.0181565465340388 3.8264350699780487 4.680373567555977 5.646124692926296 6.845469905535985 8.382130178679946 10.13278706210968 11.445730431105098 11.393562974611845 9.922565330924613 7.945828150423411 6.159490712181071 4.385675213320634 1.9914192884897675 4.2693950648392835 3.0273537568926154 2.321177420508368 1.7601815692812752 1.2241381836507896 0.6796889978539773 0.12152453864874296 -0.4467418230294169 -1.0239987286882954 -1.621962830961544 -2.279344482331143 -3.091834974536127 -4.2948879046350035 -6.507718179560802 -10.987798060986325 -13.260724717860322 -0.6522134389702003 5.418690161763678 4.842341529471888 16.601624057516883 23.536126209106534 10.397520590255866 22.756532565603116 77.83971115625206 27.122631267285698 8.105010346677199 3.1091605824179718 1.0836491449762378 0.08863919178474561 -0.45855699016186646 -0.7825502483200385 -0.9838089559361285 -1.112136821651657 -1.194130839464707 -1.2447343085734106 -1.2725211082317465 -1.2822198487623684 -1.2758593477822453 -1.253050806772724 -1.210436707340171 -1.1397882892547126 -1.0229846733531411 -0.8180631468894635 -0.414103118529356 0.5534906601528795 3.7473511879017147 7.772424476636331 1.2142163032696303 1.6315419554298822 0.04214587882194776 -0.5559009508883274 -0.8274009474993338 -0.9688325623850054 -1.0496700579790021 -1.0991524329344369 -1.3226284430403614 -1.3094736693182862 -1.2975545438989924 -1.2869164447136516 -1.2776008831364924 -1.2696450439818525 -1.2630813538850671 -1.2579370917241124 -1.2542340521735278 -1.2519882710084977
-1.2717792053942771 -1.2725640321566716 -1.274805623926843 -1.278496077416719 -1.2836231186181515 -1.2901702595859121 -1.2981170030959142 -1.3074390907490865 -1.3181087884151172 -1.3300952013063116 -1.3433646089099127 -1.3578808078122822 -1.3736054478272566 -1.3904983445843575 -1.4085177493686358 -1.4276205551504897 -1.4477624165291523 -1.4688977614593428 -1.4909796733993985 -1.513959625359389 1.5610846524930984 -0.04693253877593717 -0.6563415889608852 -0.9488175123240896 -1.1114676157296155 -1.210510159931563 -1.2735496124332135 -1.3132069108286961 -1.335269503684787 -1.3418228600105881 -1.3324318551389494 -1.3043644752715968 -1.2521269655909837 -1.166206468195363 -1.0305586897878705 -0.8178200264046334 -0.48023526864202987 0.06686307664035407 0.9686385413346446 2.4093753663657047 4.034468070823909 -1.4575143664986232 -73.20146132515595 1.890741721285289 6.717571511392664 4.440850545048124 1.8597988317603162 3.181778864363636 2.723109805426464 -14.33391662703092 -11.256070751430194 -6.078933870868887 -3.943868115720932 -2.9351510796003657 -2.3284544934886084 -1.8781682092897045 -1.4864327005740368 -1.1081072356662927 -0.7213589082290287 -0.31836454237794387 0.09691372820583755 0.508768338763905 0.8910209434414744 1.2187190510628088 1.5636920092914344 3.1607608381584367 15.475547239770405 0.6608651112566328 0.7891432121263302 2.6493648329683643 3.6947340241825146 4.214886080169528 4.176846458641959 3.539434803818298 2.420804229766582 1.0393975249381087 -0.41655744030624575 -1.8383913768723303 -3.169345803669696 -4.358396486975819 -5.326674300267058 -5.959564473525948 -6.13532535729349 -5.783668714715328 -4.9314287643827095 -3.6909928600293886 -2.203689001522482 -0.5882815000477639 1.0794775420778222 2.764883146152922 4.4658743260869365 6.203476221055438 7.997236002627416 9.780432939630101 11.19829474606546 11.426145541000828 9.509501271028146 5.033279935702652 -1.0004132678241704 -5.068540877302008 2.437031840697513 -4.74856921009904 -0.5527244505802753 5.120474488944875 9.295805539044622 11.067983194756334 10.790468890113768 9.386940735506764 7.667123767067527 5.972163641838186 4.352231694898864 2.769407966526314 1.1851359453306813 -0.4131434378405532 -2.0012464944924275 -3.5088562664149334 -4.816290939382798 -5.7738149932135 -6.253378879699413 -6.208078291956539 -5.688960473628235 -4.804603594514278 -3.665000502440041 -2.3518519630961676 -0.9232390949865756 0.5562103395322247 1.9714961332861836 3.130445466672557 3.812278195021843 3.8954554526921847 3.4106321354653812 2.363223937666434 0.7562185544460578 43.478998912751216 -8.7623945239353 -1.3368249932911116 0.5132582888699866 0.8943891309174039 0.8284392448852909 0.5779095328660647 0.23835346722060058 -0.1438635863549338 -0.5426264141565492 -0.9442978012619057 -1.3461074407866112 -1.7575441539132397 -2.2056940965330645 -2.749612742365441 -3.5213646725885535 -4.867399634581749 -7.914749273548093 -14.76287364036924 3.103780176355727 6.489320378520468 -0.005520929403495245 -1.0314317605510528 -1.1259181954958066 -0.5736963107328954 0.6767444681998929 3.0751047446502815 8.24195974974895 21.956563919379573 177.01452874167651 22.899434178121375 8.449314103349844 3.5921694696010738 1.4729846861518692 0.40619506533007144 -0.18472977954890946 -0.5311860106930913 -0.7370420577882253 -0.8512530453430762 -0.8939621885477029 -0.8629521244813279 -0.7224859385074984 -0.3440554076669287 0.8199509672038394 7.354484268759149 325.6523911088789 7.085124238352984 0.7551870566052167 -1.5136523704990712 -1.490580573147177 -1.4684136744520444 -1.4472021461937574 -1.4269946851531468 -1.407838431744235 -1.3897790452104224 -1.3728606556072083 -1.3571257151235399 -1.3426147719164176 -1.3293661892921793 -1.3174158313756892 -1.3067967344405558 -1.2975387802260139 -1.2896683850358557 -1.283208215681615 -1.2781769409928758 -1.2745890255366021 -1.2724545705354662
-1.2921233252572004 -1.2929926221188155 -1.2953012287011707 -1.299041773430282 -1.3042041541331573 -1.3107756730387417 -1.318741196381243 -1.328083335597422 -1.3387826463040073 -1.3508178398900457 -1.3641660013618042 -1.378802805511155 -1.3947027218497188 -1.4118391970817161 -1.4301848024340749 -1.4497113322389787 -1.4703898392883463 -1.4921905934749082 -1.5150829509244685 -1.5390351238846667 -1.5640138452361567 -1.5899839265580504 -1.6169077150762723 -1.6447444622310052 -1.6734496253825681 -1.7029741335849393 -1.7332636602043716 -1.5059904040432004 -1.5197078213315138 -1.5264773707967538 -1.5247749638235408 -1.5120902349929584 -1.484497300867412 -1.4359204956913363 -1.3569138312486815 -1.2326813463623414 -1.0400576617000168 -0.7437783757331065 -0.2959176217271755 0.3413393315780514 1.0632777532787723 1.081029422138084 -2.390477714096373 -10.939916405678858 -10.613598533960161 -5.222068730072247 -1.654946345167255 2.780828541735044 -7.944340005841737 -15.19038462685813 -7.9481164934387785 -4.359075419676286 -2.9428076600093767 -2.2805648711414004 -1.9148752857425895 -1.688797867813801 -1.5406381606897728 -1.4426194561017747 -1.38045480643504 -1.3461348732637188 -1.3358527823425734 -1.3503054366193044 -1.3931204071634062 -1.436991499391161 -1.103719821981993 3.615721174220756 42.911565643075335 0.6499053199796432 -5.3475851558135306 -2.5410988391333706 -0.7932853627720431 -0.1276756128010006 -0.1840652692481073 -0.7539038645389247 -1.6590861061086182 -2.713367003807635 -3.7492770265227775 -4.645016552609615 -5.328787244422593 -5.7667726031462765 -5.94583024894842 -5.860096468582224 -5.506735801803865 -4.889827420905904 -4.026484211004501 -2.9492793450733608 -1.7032744803259807 -0.3404120248983584 1.0849428312663227 2.5185096746361872 3.910796879712121 5.232743887474028 6.514887276708014 7.932175516260986 9.993132747932187 13.907694932876014 20.597149809099548 19.93712147605725 4.9147505614397415 -4.286096863009546 5.326507602362222 -1.3074337242279852 7.241202249737195 19.615227170089156 19.29806922217984 12.354700010015952 8.4162068248832 6.468883899572195 5.289652981663904 4.35020967544795 3.433573087308349 2.4533467793330153 1.3830642453660915 0.22657410591336258 -0.9945656264312084 -2.245192788565605 -3.476397639101374 -4.62463994271012 -5.613642557533735 -6.361917399890546 -6.796237059681472 -6.8670331483899325 -6.559098094551405 -5.894352631282944 -4.93000665717676 -3.7566792766031307 -2.49461663435287 -1.2783941158938585 -0.22551812530888293 0.5731307319386292 0.920502208194713 -0.0762627394420714 -8.398099380628494 -56.847943684781534 -3.742246203471466 0.5466117135758104 1.3387110602380377 1.4291546798433559 1.2684026479678077 0.986747485772606 0.6439314859258306 0.2755328822042685 -0.09687374886983557 -0.46232998868463526 -0.8185445946517853 -1.1711494827070243 -1.5348610088052101 -1.9377460255315304 -2.431455701259664 -3.116805252923694 -4.231625674328029 -6.689612448961951 -17.1682993372207 28.90472415520896 -2.2418826343940683 -2.8016341311554234 -2.324546053923048 -1.9782698132294732 -1.7182224766439749 -1.5357975328729179 -1.4722646520236085 -1.5968972992171286 -1.9775475521668628 -2.6242286409773286 -3.4161138610031596 -4.08735682764201 -4.363775673315663 -4.169890955592493 -3.6616411785967147 -3.068907819877347 -2.570856056688343 -2.2751235107971395 -2.201352352675032 -2.2436168120168505 -1.7341886240267514 -1.7036754978786695 -1.6739081532755016 -1.6449457558612894 -1.6168426051856726 -1.5896487702122575 -1.5634107150696046 -1.5381718759691294 -1.5139731614759697 -1.4908533591548832 -1.468849440460838 -1.4479967637501798 -1.428329181321728 -1.4098790610385206 -1.3926772365459437 -1.3767529016308524 -1.3621334647108494 -1.3488443787747737 -1.336908960784828 -1.3263482120696524 -1.3171806495313363 -1.3094221547681109 -1.3030858464954282 -1.2981819796978575 -1.294717873806523 -1.292697870991076
-1.3120940175744957 -1.3130375491406312 -1.3154008553200127 -1.3191771942140493 -1.324358641844848 -1.3309361992062452 -1.3388999011196767 -1.3482389257803442 -1.3589417032241904 -1.3709960205574434 -1.3843891210898431 -1.39910779353856 -1.4151384467184593 -1.4324671641843096 -1.451079732594752 -1.4709616373801335 -1.4920980189516828 -1.5144735837820935 -1.53807246613413 -1.562878038377101 -1.5888726715656198 -1.616037452472972 -1.6443518687056469 -1.6737934811327912 -1.7043376112775825 -1.7359570820733903 -1.768622063908396 -1.8023000957056392 -1.8369563738180728 -1.872554434872737 -1.9090574045740145 -1.9464300518781847 -1.6297901631655156 -1.5966471257996455 -1.539290760594445 -1.4464087106637247 -1.301428519925637 -1.081748345421157 -0.7628638095366385 -0.3416719732254815 0.07800668322911408 0.030800836883896787 -1.8110123414921309 -6.7908190138135 -9.7540516768589 -6.373864206304419 -0.44393723653227957 -1.396315649019738 -14.135733741577738 -11.241002040065078 -5.456027499265206 -3.0269162991236342 -1.9822465843448156 -1.4592380984090116 -1.1663050568422377 -0.995055348920574 -0.8994696132195128 -0.8573101314459155 -0.8568682885362918 -0.8921138767695754 -0.9604634168936821 -1.0604611484839572 -1.186481165003241 -1.3120839761815413 -1.3146743769738287 -0.37813605132468475 14.079123248526455 34.701163913391404 -13.881855538398819 -11.765099379834473 -7.130892126371823 -5.29538490438867 -4.740527472109095 -4.720026922425809 -5.002420327470249 -5.435213974714477 -5.906805778807133 -6.351449809281934 -6.726155443406176 -6.986134728157138 -7.075652575945281 -6.934605462116857 -6.513560394945129 -5.788533227905928 -4.768317474013263 -3.4907983014794546 -2.0109903760403265 -0.3897385269110758 1.3079262637043723 3.0035311109887957 4.5955580379293535 5.969271983963421 7.0393427647474365 7.812216894327724 8.455572459582909 9.492489714296253 12.869220060155232 26.836061650683302 23.328693505245838 -3.526375036512497 7.862448708484113 6.036106317293308 29.435008227468536 25.555102733536323 9.539008561018212 5.845099914735811 4.950017359701034 4.6528718974203755 4.411456675116988 4.049303217890835 3.4962744510616055 2.7264363697466236 1.738436507027259 0.5460243593526224 -0.826366793988631 -2.3411226407834507 -3.9352789260408696 -5.499382079944814 -6.860527369206503 -7.804076641513735 -8.162659500796916 -7.918484034155085 -7.200152402440924 -6.165148561506843 -4.8883747352418565 -3.331934151762769 -1.3961006102175553 0.9151611389982115 3.17841201402418 4.640235275036563 5.95160859160579 15.8109168788269 -16.3288640668496 -4.030188846313735 -0.26185186564153295 0.2833406969512612 0.5003384289451046 0.7189713821506983 0.9176465047478461 1.0256191604188167 1.0050307668176743 0.8626225939750144 0.6299382901002242 0.34087191587489707 0.01944642571874211 -0.3232210365584885 -0.6882172138308591 -1.0887087396895603 -1.5530749921057199 -2.133919919817945 -2.929035313879349 -4.1552549739319655 -6.931819669869181 -1.3945816218783786 -3.2366163027108215 -4.186468171679519 -3.1006586527680673 -2.6257126312532453 -2.5078414489690433 -2.6240961985717615 -2.841127457927632 -3.0117840213049867 -3.0603259337011273 -3.002332291473172 -2.8896112933153693 -2.76432810459985 -2.648474017466383 -2.5496106162421155 -2.4676899965141748 -1.9489400577909564 -1.911455666054919 -1.8747842386975617 -1.8389644755548726 -1.8040376511750709 -1.7700455488285032 -1.7370291742473207 -1.7050280072185329 -1.6740796182310995 -1.6442195240485387 -1.6154811910788376 -1.587896119588676 -1.5614939618909451 -1.5363026414800216 -1.5123484525581075 -1.4896561286599497 -1.4682488762053505 -1.4481483748109842 -1.429374749576872 -1.411946523349574 -1.3958805576879447 -1.381191991378977 -1.3678941842452765 -1.3559986724808164 -1.3455151399175467 -1.3364514077209932 -1.3288134432787073 -1.3226053875677197 -1.3178295994210258 -1.314486714471249 -1.312575716296856
-1.3315507088518523 -1.3325558510853543 -1.3349617965767844 -1.3387625177003644 -1.3439522107032342 -1.350525371173045 -1.3584768501537887 -1.3678018915716157 -1.378496151722699 -1.3905557015494616 -1.4039770122997295 -1.418756925093713 -1.434892604721008 -1.4523814774824833 -1.4712211534675013 -1.4914093334179412 -1.512943700668278 -1.5358218003347421 -1.5600409084874212 -1.5855978966529274 -1.6124890998923815 -1.6407101999222966 -1.670256140491864 -1.70112109750503 -1.733298535770162 -1.7667813945438207 -1.8015624597512252 -1.8376350022559138 -1.874993791057657 -1.9136366361587442 -1.9535666792460866 -1.9947957472003917 -2.0373492215252287 -2.081273072468536 -2.1266439561828205 -2.1735835141509616 -2.2222779593329474 -1.267053134487758 -0.9964703608198898 -0.6557681801524637 -0.34861382898537485 -0.4503716366134114 -1.9875563926797435 -6.308757871981563 -9.59600405576108 -5.613951341325011 1.7649752247323787 -5.527024011042005 -13.422974251105654 -7.590266864735263 -3.563137826477266 -1.7972230728264111 -0.9472518925695035 -0.4782627528657807 -0.18601990966530968 0.021880585753451864 0.19717816260459398 0.3729268235212465 0.5672694781051701 0.7780144517611495 -0.29837540790972117 -0.10854317586146411 0.0873263258043313 0.29310054160090526 0.5137014095745145 0.8225207170654454 1.082667775196052 1.5394208002704395 2.0156377494142905 2.320639759695167 2.3104189819462424 1.683748600483254 -0.4845780113724336 -7.45950156340742 -33.54372510264776 0.6732490127109303 -9.741639603901682 -8.776849040213214 -8.330067895907007 -8.039765319152842 -7.808648078457283 -7.55916437904273 -7.170128539887757 -6.485346225246581 -5.379358666419217 -3.826774513459373 -1.905182916937198 0.2519205171194094 2.4686396947247706 4.487728553963376 5.987390471936028 6.767610637356081 6.941576871599186 6.841679788213703 6.774496063042089 6.946596604003595 7.747250493496248 12.15514593959202 41.61223156376069 -0.6165598319653937 10.058566713068613 23.6618155252916 58.042866023082375 12.301060377631577 4.049416339256923 2.8799721372882883 3.1761019311747423 3.722536792553969 4.132146457391995 4.24308858085767 3.9613286685668756 3.221529529970392 1.982287496804755 0.23281156560025362 -1.9716729532730226 -4.399406457102929 -6.4792591469399206 -7.412063116075457 -6.833950030944996 -5.153007666699201 -2.987682034567282 -0.7728491169655369 1.0870695828525045 2.048468657132038 1.649927467866478 0.6936299997947302 -4.424015899226564 -18.436660580377563 -26.7411652103042 30.930355175621266 22.303396012738638 6.9035756300549505 3.9565308474347463 2.942077839813815 2.179606644979376 1.4303601390780147 0.5132436550781495 0.29271045954248187 0.08690394147219216 -0.1090706450130674 -0.2990562958828644 0.05990602515282828 0.2223534504272332 0.3221949293837747 0.3309563661358693 0.23968304763219894 0.04638236611168728 -0.2521802414597739 -0.6658942984607314 -1.2184445006144882 -1.9611795225823905 -3.0016318500164263 -4.635075224095069 -10.129548555736683 21.45508650358211 -6.301079283276712 -3.923286073222446 -3.122464162245648 -2.9699904715726593 -3.140523781105875 -3.316513090759994 -3.307863343294823 -3.1517296358174263 -2.9537833765870443 -2.2250277340527065 -2.1765929241624424 -2.1298327695888544 -2.0845598839621964 -2.0406524774985604 -1.9980348551856992 -1.9566631843706288 -1.916515447160285 -1.8775844345427557 -1.839872879871927 -1.8033900785730967 -1.7681495375859244 -1.7341673368004726 -1.7014609825529834 -1.6700485997650505 -1.6399483549428506 -1.6111780354021148 -1.5837547330991653 -1.5576945983463286 -1.5330126413499467 -1.50972256880873 -1.4878366491634547 -1.46736560455764 -1.448318530629306 -1.4307028461246198 -1.4145242747713316 -1.3997868610700217 -1.3864930202947914 -1.374643621449568 -1.3642381002893695 -1.3552745977587664 -1.3477501185298415 -1.3416607028286553 -1.3370016053211629 -1.3337674744317851 -1.331952526353289
-1.3503653124706205 -1.3514175090087106 -1.3538543018852143 -1.357670449906527 -1.3628621588718008 -1.3694271239706293 -1.3773645342079859 -1.3866750413114977 -1.397360696114697 -1.4094248564637337 -1.4228720704346207 -1.437707939806322 -1.4539389686518644 -1.4715724026882824 -1.4906160652820288 -1.5110781970630667 -1.5329673063333293 -1.5562920389786865 -1.581061077557315 -1.6072830806628793 -1.6349666762422363 -1.6641205247101483 -1.6947534715273416 -1.7268748145848325 -1.7604947188277997 -1.795624821739846 -1.832279090156377 -1.8704750131716925 -1.9102352527271833 -1.951589929596767 -1.994579805444669 -2.0392607483630867 -2.0857100566313256 -2.1340354887220423 -2.1843882188282486 -2.2369813573801416 -2.2921158369958996 -2.350214119462013 -2.4118546995417853 -2.477769524364048 -2.548644790207029 -2.624067384489632 -2.210621668486367 -6.700049030181549 -10.021996926920194 -3.515970749154854 -1.5679870686716102 -9.26470511452461 -10.1301320682956 -4.953487613921075 -2.1621450751969307 -0.9021367114191272 -0.318074015178141 -0.05308599512561396 0.05117652373339637 -1.1500430719964259 -0.9422733170611668 -0.7507720970077714 -0.5684304751454687 -0.38989945928482794 -0.21082948276165014 -0.02744606718253606 0.17094320980953137 0.4070867091607169 0.7496485111655968 1.095933454089055 1.2736526646912947 1.2022967749751903 0.984810626176657 0.7728231117774592 0.6448179210914131 0.621994542538614 0.7211317579002929 0.9940698352449158 1.5683047987126701 2.70103127380469 4.757189865862278 7.640845382843716 9.23885233980058 6.490347342584172 0.8058949088318821 -4.067695418198993 -6.001725522751804 -5.372399756886687 -3.9227646908256464 0.49802025619737494 0.4208627378623955 -1.3786275701179753 -1.1284088115336235 -1.0001871929457007 -0.8998756947987469 -0.7537284246221259 -0.5146341900186212 -0.15812565549813 0.3374746774568402 1.0352255763482643 2.1678973539291775 4.747095175554775 74.28487627055037 60.968159555188066 11.959852453231317 60.93324874504595 74.38246081665037 11.857575220717528 6.137343061202407 5.055532022224873 5.283033430003597 5.87239773714137 6.09623259971013 5.235585859239491 2.953077137144465 -0.4514464071042991 -4.274816217118351 -7.937372364537845 0.4312333801833179 0.5084933163252845 -12.310234188024046 -8.753817619971834 -5.404251253490866 -2.8935438353676264 -0.7779588238732074 1.6174528707488927 5.083299284096655 9.732704381489278 12.389443011223033 10.058867362610743 6.316770602975897 3.6977143480558308 2.1455614108230203 1.2417127804220283 0.7491106953343781 0.5819967414863405 0.7063389648538978 1.028737359805131 1.3465044838824953 1.4483967569977017 1.2662762730603407 0.881389384713672 0.42453714646119534 -0.02845153125289812 -0.2117853962217524 -0.39092256257959845 -0.5695904259557906 -0.7520962851893017 -0.9437468417185084 -1.1516039026805072 0.19499159179593933 0.19878394256248183 0.028955671555757234 -0.3623877762330381 -1.0172795831929395 -1.995959664719012 -3.4478694317797838 -6.195536661042357 -1.5601538970945636 -10.626999038567904 -4.938854960257668 -3.57058692011654 -3.297367211929374 -2.6243359256387153 -2.5496651882985204 -2.47945218356064 -2.4141173749188827 -2.3529723797342847 -2.2952812414927948 -2.240461692454053 -2.1880883902560075 -2.1378586806852566 -2.0895590359225507 -2.043039267373512 -1.9981940764832777 -1.9549501472463033 -1.9132571374973206 -1.873081345994394 -1.8344012027917245 -1.797204003952165 -1.7614835007911291 -1.7272380809020418 -1.6944693642939948 -1.6631810956502713 -1.6333782530363614 -1.6050663202537683 -1.5782506892536292 -1.5529361704196258 -1.5291265986269016 -1.5068245270236784 -1.4860310044468878 -1.4667454332785608 -1.4489655049693129 -1.4326872093267162 -1.4179049124292775 -1.4046114965132706 -1.3927985532230025 -1.3824566202559323 -1.3735754504595872 -1.3661443014732582 -1.3601522345061723 -1.3555884106482297 -1.3524423748325884 -1.350704318286803
-1.368425840575423 -1.3695091595090645 -1.37196535739932 -1.375790040421859 -1.3809812727684694 -1.3875395865487903 -1.3954679381047985 -1.404771614936723 -1.4154580988458254 -1.4275368918109426 -1.4410193123645947 -1.4559182710279819 -1.472248034684379 -1.4900239904132695 -1.5092624206431826 -1.52998030231004 -1.5521951435480599 -1.5759248724211277 -1.601187793194088 -1.6280026261669103 -1.6563886484223738 -1.686365954324874 -1.7179558567323274 -1.751181454174907 -1.7860683952339826 -1.8226458832497738 -1.8609479804472224 -1.9010152993263751 -1.9428972119227412 -1.986654773597062 -2.0323646617812634 -2.0801245873322722 -2.1300608780171117 -2.1823392957463814 -2.237180670325821 -2.294883597849738 -2.3558569785719605 -2.420664205176177 -2.490072848679654 -2.5650666932696895 -2.646618812269219 -2.734325645674515 -2.81962388345124 -2.851119760596066 -2.5600766397847976 -1.4531220899637782 -2.5655998274820737 -4.260709684244063 -4.029779021139475 -3.3063604281118932 -2.6652207030541724 -2.1700382135548493 -1.78864904213589 -1.4853746271330248 -1.2340134123026416 -1.0166577534272994 -0.8210440733137474 -0.6384790268512717 -0.4624189314377447 -0.2875835119322677 -0.2080401553520974 0.06864920621689974 0.42702227772674684 0.7823345919284491 0.97120757421151 0.9045900286285034 0.6844052214365991 0.46095953289470926 0.30163477629503155 0.2091685260914654 0.16713227152489868 0.1607551438587726 0.18194241761785523 0.2292086506435365 0.30702023115510335 0.4258734979210106 0.6032774819444313 0.8651664391255068 1.2459539174189207 1.781858917614252 2.4845934424906373 3.2766515549182262 3.9039863444821012 3.973000717267521 3.2777952678981745 2.0804808755611996 0.8635395486073905 -0.05865883406280892 -0.6091460832234767 -0.8374433893180258 -0.8261166649278433 -0.6470617885312299 -0.34456556166094454 0.07429614073322394 0.6582278734885653 1.572694479380969 3.3371408017736055 8.080844086778946 32.43862677145378 112.11903742569119 13.631917156105526 112.02797096649928 84.39061536680053 2.9535325949342437 -4.609469733222451 -7.116872226290618 -7.030888465144832 -4.929178374766629 -1.508180704677525 2.7423067405593873 6.9289149911650165 9.050433086821984 8.293800054777943 6.455442612462759 4.944615759543087 3.948765688718752 3.2780379741869323 2.7727063554294946 2.3586140283993746 2.0107367609258553 1.719067441333026 1.475049476004056 1.2696494419701345 1.09420994316224 0.9410281731053445 0.8034362193105459 0.6757738370646871 0.5536710095387227 0.43510727724434173 0.32281053181360675 0.22826546054964036 0.17571551080773862 0.19969661031817187 0.32578219593035174 0.5375484815469798 0.7633962540798 0.9052665538445566 0.8855937703529326 0.691222944804213 0.3759128660683474 0.021475478876517684 -0.28880437932230196 -0.46366090377771185 -0.6398421722097579 -0.8225636409054369 -1.018307382156436 -1.2357006325376316 -1.4869291841910364 -1.7898040772752428 -2.1704074317199153 -2.664297856231406 -3.3036904586336737 -4.0260334690101836 -4.262176417576114 -2.6115449422851986 -1.4396509000968787 -2.5527497670532098 -2.8485969613107347 -2.8187675490625588 -2.7344938314019345 -2.6476257742070413 -2.566809179382697 -2.4924605895423455 -2.4236052069916396 -2.3592545723546836 -2.2986364984784378 -2.241183964315036 -2.186485789780583 -2.134242628588604 -2.0842345423297512 -2.036298375930894 -1.9903121668156905 -1.9461843396963814 -1.9038461004067728 -1.8632459626714835 -1.824345704875621 -1.787117295671543 -1.7515404872755178 -1.7176008799763172 -1.6852883311893172 -1.65459562726604 -1.625517367125715 -1.5980490262255214 -1.572186181689121 -1.5479238870469272 -1.5252561891561487 -1.5041757807766225 -1.4846737830134336 -1.4667396497424043 -1.4503611848851943 -1.4355246610344503 -1.422215025942469 -1.410416181808424 -1.4001113207638802 -1.3912832995167315 -1.383915035965468 -1.3779899112315697 -1.3734921616778446 -1.3704072474459283 -1.3687221858724732
-1.3856387381465658 -1.3867365069526536 -1.3892011701857543 -1.3930292316361568 -1.3982204340990219 -1.4047777388048064 -1.412707239126351 -1.4220180146275705 -1.4327219332014185 -1.4448334105864675 -1.458369138429105 -1.473347793300864 -1.4897897409283711 -1.5077167512973149 -1.5271517415490328 -1.5481185648654154 -1.5706418644652527 -1.5947470124387735 -1.6204601531849354 -1.6478083716691196 -1.6768200062602565 -1.7075251260279694 -1.7399561933434131 -1.7741489350112016 -1.8101434507761465 -1.8479855978622726 -1.887728709201522 -1.9294357325185452 -1.9731819270231648 -2.0190583317170963 -2.0671763422608 -2.1176739241650626 -2.170724290699714 -2.2265483370244916 -2.2854328248926405 -2.3477572983251864 -2.4140337952608877 -2.484963319886856 -2.5615057999473074 -2.6449200235423644 -2.7365407549623417 -2.83615465194449 -2.9330931050429356 -2.9566183435992146 -2.530662535005536 -1.6293088755773337 -3.4575849370070824 -4.298892084167134 -3.730222189418902 -3.003224714435968 -2.4145457737993397 -1.9654438156955112 -1.617074518033705 -1.3365971129070304 -1.1010345457028805 -0.8947100863201083 -0.7066233590315261 -0.5285688108649119 -0.5446228130492241 -0.2632424036543479 0.09480764681418197 0.4904228172291172 0.7941200278122029 0.8615692616239047 0.7177653812382961 0.5097434099662629 0.3333998557467348 0.21256589171786433 0.1406419569250793 0.1044260810317788 0.09241847065267322 0.09675481560638374 0.112887246448717 0.13873702143089406 0.17395549719323275 0.21943421841140595 0.2770314977051783 0.3494368515346896 0.44009556034475317 0.5531034099471818 0.6929579358872415 0.8639971646450548 1.069285318120543 1.3086552101272577 1.5757063052152525 1.8540281297338548 2.1140515915526197 2.3136010789052226 2.406011616446053 2.356921343049629 2.164013818734782 1.8686416357835078 1.5514058869159157 1.3142377041514055 1.2641596521633822 1.5275924381950992 2.3584565787682186 4.687724678054321 15.756237768102611 104.46262346106495 15.151893521069216 95.7406230099145 127.54916939480945 4.8862576626858125 0.9602624480379163 6.974957795030759 23.847264014760277 25.98745273645946 9.941691611420884 4.0805567748898905 2.065976760758201 1.2537752083172105 0.8825900014243299 0.6970859527224916 0.5982565221651616 0.5429591972991353 0.5104913349353529 0.49009026665856725 0.47578660812367984 0.46409409054315776 0.4528803119102317 0.44076322975254056 0.42675658458281873 0.4100413162815648 0.3898107848902409 0.36517758847479875 0.3351681705935934 0.29888727822011046 0.25602341835343884 0.2079807006940757 0.15994561001095575 0.12370224256386297 0.11911456412152077 0.16877127596821895 0.28057285619673467 0.42825563723450344 0.5588193554790626 0.6271118903808217 0.6063344034377677 0.47670303463800723 0.24300292668491225 -0.05374730478065559 -0.35282698394487944 -0.5299311973649143 -0.7081107861097736 -0.8963455906046512 -1.102761517460507 -1.3382744704567087 -1.6184622213971633 -1.9661809015249503 -2.414134249267433 -3.001099438708207 -3.726329704959268 -4.296651465523286 -3.4753067667172886 -1.6434537689045041 -2.5209487487111044 -2.9535111995578154 -2.9320274115613447 -2.8362047308515352 -2.7374746696905192 -2.6466248565759067 -2.563887913078571 -2.48792812931364 -2.4174816201979636 -2.3515831774608644 -2.289527531531246 -2.2307998466172383 -2.1750194645692122 -2.121900315983729 -2.0712240786923894 -2.022822029950338 -1.9765626139756378 -1.9323427283930847 -1.8900814335170164 -1.8497152534878263 -1.811194537748705 -1.774480545700444 -1.739543041261442 -1.7063582649943196 -1.674907202716125 -1.6451741032347167 -1.6171452175341874 -1.5908077442102428 -1.5661489719646968 -1.543155612163474 -1.5218133147032984 -1.502106358014868 -1.4840175021457953 -1.4675279903498444 -1.4526176822394543 -1.439265299074321 -1.4274487598262908 -1.417145585836557 -1.4083333516536545 -1.400990159736004 -1.395095118580934 -1.390628805237451 -1.3875736957307643 -1.3859145496799365
-1.401930033062535 -1.4030255254149133 -1.4054884386085753 -1.4093162133159522 -1.4145100728150801 -1.421074975009018 -1.4290194905230136 -1.438355614541909 -1.4490985220545802 -1.4612662786890867 -1.474879520976896 -1.4899611226268372 -1.5065358649408327 -1.524630131656485 -1.5442716500406677 -1.5654893014211573 -1.5883130248665998 -1.612773838093333 -1.6389039992119496 -1.666737331703057 -1.69630973395628 -1.7276598927145779 -1.7608302194786805 -1.795868030033819 -1.8328269904914614 -1.871768864423924 -1.9127656137291926 -1.9559019388953227 -2.001278399693298 -2.0490153460543796 -2.09925803103448 -2.152183505130813 -2.2080102536765462 -2.267012117295299 -2.329538951058572 -2.396047869290471 -2.4671507878422068 -2.5436853373570667 -2.626811391491044 -2.718096825488052 -2.819349405863516 -2.9308709471351877 -3.040671838226679 -3.05907685681236 -2.522974018603404 -3.6400626267498164 -4.01602161866753 -4.187616101079994 -3.4652362598126967 -2.759602217894084 -2.2119273957431176 -1.7953193827390521 -1.4696755171285694 -1.2047375803904847 -0.9797379182860714 -0.7803002686760285 -0.5958987490230356 -0.6037873647988188 -0.2530442602998807 0.152724650526395 0.5527717562768975 0.7979146320334523 0.7918321299785527 0.6316942447117507 0.4515181512448787 0.30564641412121274 0.20207703422870016 0.1353820227325142 0.09713075042745944 0.07931278512271595 0.0756632586067793 0.08186801495029071 0.0952404354217617 0.11427945623015273 0.13829334516427938 0.16713502593173257 0.2010363238444656 0.24051534831636448 0.28633468126789224 0.3394933435300218 0.4012418358003257 0.4731154271394764 0.5569794235787549 0.6550851048245985 0.7701287676393924 0.9053009410027972 1.0642920414424186 1.2511815503951498 1.47005685937923 1.7240520311605423 2.013238072362077 2.330463063330411 2.654266941492522 2.9402626990121283 3.1227553174284695 3.165973386761484 3.2284295957250664 4.0117412400260175 9.482618853094326 123.54322217603934 16.60092259035388 128.64897228763056 80.09743335967721 10.011765756162799 21.304920298635786 58.42786265997064 6.96968671373129 2.245290054246511 1.1023745837345311 0.6841955261703732 0.49550294928404043 0.4000068229010706 0.3488412189005188 0.3210542034696745 0.3064008512543748 0.2993408165522025 0.29663218064299124 0.2962542896045681 0.2968787364290816 0.29758564228335554 0.29769739660213734 0.2966705532504325 0.29401735428447384 0.2892422299711762 0.28178894575398583 0.2710024781892039 0.25612552425146484 0.2363772343008809 0.21121328283989432 0.18094135067529005 0.14793021327698264 0.11851848828764067 0.10492026132145549 0.12435580414752168 0.19052828100610641 0.2969159348010284 0.4073016206235702 0.47502475648622955 0.4777585352419915 0.4205262379537561 0.30080314593242663 0.10419785544743626 -0.16012958595005922 -0.45040173446845744 -0.5973055068136404 -0.7818389035767983 -0.9813985282026005 -1.206416186944942 -1.4711670486464201 -1.7962996361495707 -2.2119322601927855 -2.758048898282932 -3.4617316526129787 -4.183778945382266 -4.023297561855893 -3.6392727430144007 -2.5115078709805023 -3.0554954192018884 -3.0394543186319662 -2.930806976152067 -2.8201686359598463 -2.71968236185843 -2.629071222582085 -2.546527323252067 -2.4704774891654186 -2.3997561226376085 -2.333520856206998 -2.2711565493875163 -2.212204617364952 -2.1563156190585904 -2.1032180839552224 -2.0526978834379053 -2.0045843024270056 -1.958740355411325 -1.9150558033882628 -1.8734419067354842 -1.8338273129497527 -1.7961547062507617 -1.7603779911824227 -1.7264598736531205 -1.6943697608295927 -1.6640819368141968 -1.6355739918697418 -1.6088254946947707 -1.5838169017451231 -1.5605286982706006 -1.5389407640401322 -1.5190319529377994 -1.5007798720115804 -1.4841608414310423 -1.4691500133458908 -1.4557216250395708 -1.4438493598067252 -1.433506788359748 -1.4246678634651746 -1.4173074418549285 -1.4114018089405111 -1.4069291847894636 -1.4038701923257835 -1.402208272347464
-1.4172454592080728 -1.418322603654081 -1.4207745544696602 -1.424599715882015 -1.4298005832049119 -1.436383671260658 -1.444359364715083 -1.4537416993126295 -1.4645480855548652 -1.476798989323763 -1.4905175862532898 -1.5057294097548781 -1.5224620147692538 -1.540744681576766 -1.5606081859863936 -1.5820846633462193 -1.6052075938656614 -1.6300119373825317 -1.6565344428518087 -1.6848141572181532 -1.7148931542003376 -1.7468175012382319 -1.7806384802915036 -1.8164140774953288 -1.8542107597204316 -1.8941055660369508 -1.936188561028622 -1.980565733588702 -2.0273624849308094 -2.076727951004684 -2.128840566729597 -2.183915543550281 -2.2422153625014554 -2.304065089237068 -2.3698754785481677 -2.440178717733922 -2.515684539626836 -2.5973679367767954 -2.6865993321131474 -2.785297580652304 -2.895884241947552 -3.0196389260842005 -3.144761716719212 -3.167332224707016 -2.5906507184854766 -4.549526223040223 -4.317360487037388 -4.03627349418972 -3.244612615618239 -2.56226873107542 -2.0441156296685263 -1.6498026233435714 -1.3395327544531264 -1.0849259383589849 -0.8665278515388514 -0.9943464739160248 -0.616851037589144 -0.20392658711121553 0.2368463339160029 0.6331007385539079 0.8295725422640505 0.773653955485668 0.6064152782916085 0.44508117122374924 0.31788893153633324 0.22375620391540152 0.158051006605343 0.1156429363830348 0.09128164122957694 0.08028433022210629 0.07898014716297297 0.08475912038380015 0.09589878152391143 0.11133350789587348 0.13045380032015125 0.15295858603297205 0.1787605807265281 0.20793264003290818 0.240687064966487 0.27737845627786495 0.31852770565179667 0.364865952287148 0.4174019870961692 0.4775200401485965 0.547121270242467 0.6288281380229643 0.7262825906605608 0.8445826144823537 0.9909180714436343 1.1754775029141697 1.4126629759201417 1.7224397578176491 2.1308561445824314 2.6661823388887615 3.3398728294370787 4.0878767780710055 4.66951450154879 4.871517934707903 6.86740803628369 105.75964419898312 18.05848130623989 121.41034676460846 59.17698193828735 9.116127081170795 64.74203370529368 2.249428681043578 0.8986470913836109 0.5520553005754181 0.40855076751601827 0.3362875539694823 0.29647086155553437 0.27379435994466017 0.26102065773775385 0.2542756963349696 0.25128690576746304 0.25062262646784217 0.25132650520856775 0.2527262399769169 0.25432469489356113 0.25573287082916063 0.25662338507847804 0.2566944107339165 0.25563760836028604 0.25310693782994337 0.2486880228686313 0.24187213098618235 0.23204800169086293 0.21854151016182818 0.20076890155161553 0.1786205845983143 0.15325791015312085 0.1284832012577415 0.11246658361187745 0.11837696227873584 0.16043634924978134 0.24223166976225174 0.34302362563941635 0.4202780002657782 0.4362617424526909 0.38479956682189953 0.28941000366542613 0.16453881465085535 -0.013332985440553224 -0.26389324187786456 -0.5657189805851508 -0.8643414599053598 -0.868034825724736 -1.0864958828078686 -1.3410026886957294 -1.6508943146288688 -2.0444158152894203 -2.561227654774125 -3.241705468924761 -4.032095536054992 -4.319039599662353 -4.549160243266011 -2.5788704807531677 -3.163496669458298 -3.143480246829088 -3.019484205372051 -2.8965651813409 -2.7867005281658264 -2.6886389563500046 -2.5999593308703712 -2.5187374710778547 -2.4435970360722408 -2.3735580399352267 -2.3079072402598175 -2.246110676350434 -2.1877576868212323 -2.13252523289588 -2.080154817243537 -2.030437153600823 -1.9832016198771325 -1.9383086856760658 -1.8956442098915165 -1.8551149348813378 -1.8166447695681538 -1.7801716187062513 -1.745644618750279 -1.7130217043821423 -1.6822674679118363 -1.6533512953393756 -1.6262457737650107 -1.6009253681751763 -1.5773653642963912 -1.55554107154993 -1.5354272737185912 -1.5169979110550242 -1.500225971623121 -1.4850835660118413 -1.4715421563783067 -1.4595729090173015 -1.4491471388145671 -1.4402368147941913 -1.4328150971028155 -1.4268568785235016 -1.4223393063246244 -1.4192422639077908 -1.417548795275438
-1.4315497482903616 -1.4325938262371984 -1.435026922226117 -1.438848415227434 -1.4440618592335528 -1.4506748923734376 -1.4586990677880762 -1.4681496163042582 -1.4790451541535983 -1.4914073523849982 -1.5052605872988956 -1.5206315949337208 -1.5375491550495424 -1.5560438328520407 -1.576147808202698 -1.5978948237067987 -1.6213202822969088 -1.6464615247490753 -1.673358314297317 -1.7020535528656848 -1.7325942485035482 -1.7650327493140483 -1.7994282551556386 -1.8358486163164893 -1.8743724303402165 -1.915091458127311 -1.9581134000482785 -2.003565112944725 -2.0515964153353843 -2.102384741173436 -2.156141086074436 -2.21311799362378 -2.273620829898286 -2.3380244383889313 -2.40679870127161 -2.480548989437872 -2.560081609668855 -2.6465106932914164 -2.7414292581849846 -2.847152485344079 -2.966873027768638 -3.1034122851993295 -3.2473453022336622 -3.28991111428918 -2.767849010947292 -3.396661945993997 -4.468430408825392 -3.891949478337115 -3.0656980107475365 -2.4008638802384787 -1.9023083969084702 -1.5225139716498226 -1.2221144744705728 -0.973813950044405 -1.0676560325432571 -0.5799655391144747 -0.0940159966215216 0.3832382853593744 0.7780764981535397 0.933018078558772 0.824391648627141 0.6340224900258301 0.47533614606834707 0.3571348577867002 0.26819072394167676 0.2020024243299181 0.15497973382967495 0.12388840127146777 0.10546864740409867 0.09678757515008782 0.09550549830228319 0.09991713663844053 0.1088589277792459 0.12157373109519787 0.13758819874741557 0.15661963852537591 0.17851579982673582 0.20322185407639734 0.23077072170533364 0.2612909499973416 0.29502910468880506 0.3323881719151218 0.3739825975497708 0.4207173744778948 0.4739018168598073 0.5354171322420257 0.6079687288308271 0.6954768505770044 0.803693040327258 0.9411923669096124 1.1209935648779412 1.3632057845443648 1.6992296324350646 2.177656576523992 2.868692845444117 3.8470895771119236 5.0672930277192885 5.943830063466988 6.019554329031321 68.82480438981872 19.598749912963054 91.31135091623123 47.50008477832454 -22.371585106999238 -5.672710046307367 -0.2765077220959369 0.14530230552177514 0.22060007186934105 0.2365583516151739 0.2390685079216477 0.23860608589850718 0.23795076983856533 0.23781522148076847 0.23828925070640847 0.23926837145207555 0.24059356390816858 0.2420977289625841 0.24361977120327824 0.24500639774628674 0.24610771626237782 0.24676935719946677 0.24682148354834701 0.24606407748640122 0.24424899503072336 0.24105897478613686 0.23608806596222046 0.22883215783332353 0.21871338456651448 0.20518547822690664 0.18801061402895364 0.16785277087052197 0.14734686184988233 0.13259818999522 0.1342495719352279 0.1656044934463341 0.23441149660278526 0.3297833934996781 0.417200312895023 0.4547370085607152 0.4193754373111094 0.3204771495361334 0.19812764722791187 0.08454369000323864 -0.05978756282723091 -0.2983406388757661 -0.6437291074560137 -1.052546215908448 -0.9751848683044855 -1.2234496452098946 -1.5235886622631658 -1.9027731957123426 -2.4002342325340758 -3.063435293916307 -3.8881099655759925 -4.467260261026969 -3.4458737274923985 -2.757630447107486 -3.286135058548369 -3.246107682797015 -3.1032042289878996 -2.967408445938612 -2.848328917220864 -2.7431727292980854 -2.6487477299352333 -2.562733535886024 -2.483531294640139 -2.410021885621877 -2.341395400347907 -2.27704449565329 -2.2164990672500062 -2.1593858586179975 -2.105402915468721 -2.054302910636596 -2.0058818126394202 -1.9599708054328195 -1.9164302080510809 -1.8751446462553916 -1.8360190319921554 -1.798975092824843 -1.763948308583724 -1.730885181372959 -1.6997408068082056 -1.6704767363179163 -1.6430591304291666 -1.6174572058357461 -1.5936419756726306 -1.5715852781395336 -1.551259081168135 -1.5326350453102888 -1.5156843200664598 -1.5003775450265597 -1.486685023377233 -1.4745770331463242 -1.4640242418352554 -1.4549981901465583 -1.4474718129336672 -1.4414199680927084 -1.4368199476709453 -1.4336519492727346 -1.4318994898877464
-1.444825298167433 -1.4458235970858095 -1.4482315951483953 -1.4520496378454197 -1.4572821224097314 -1.4639373923036243 -1.472027556977697 -1.481568248079721 -1.4925783267991901 -1.5050795606111071 -1.5190962914065762 -1.5346551204112022 -1.5517846384538165 -1.5705152329421477 -1.5908790044591785 -1.61290982718026 -1.6366435862325521 -1.6621186237012244 -1.68937642134493 -1.7184625434121477 -1.7494278569295987 -1.7823300410546907 -1.817235391279471 -1.8542209210934852 -1.8933767653676228 -1.9348088986361658 -1.9786422037448586 -2.0250239692654786 -2.0741279668614037 -2.1261593862871617 -2.1813611100269252 -2.240022154441192 -2.3024896799259422 -2.3691869634168268 -2.4406414608087523 -2.5175301871972886 -2.600755223086653 -2.6915719662244912 -2.7918078483948934 -2.9042181948433967 -3.032923572656495 -3.182890051951553 -3.3496985377624338 -3.432941846956867 -3.054938026102725 -3.97278287490736 -4.549247593637218 -3.7729245175786588 -2.923222255493539 -2.2678463701254583 -1.7805236913597322 -1.409103962346041 -1.1142081080198967 -1.1086457139833241 -0.4486889753332066 0.14956248877038714 0.6821228782635513 1.0810293601306462 1.1871732711390086 0.9917283355390516 0.7366598406953668 0.5545883850037301 0.43340930026398616 0.34435720921717927 0.27464798073130464 0.22065139662045857 0.1808361749550401 0.15336635173647742 0.13604386928025114 0.12675752751801184 0.12378274183627037 0.12585678918897025 0.13212426843062924 0.1420358178726844 0.1552496913013551 0.17155509244031147 0.1908213271897385 0.21297163176300632 0.23797714515780405 0.2658665956054165 0.29675024495074265 0.3308553415359654 0.36857671928839997 0.41054390841064914 0.457716380151366 0.5115204608453805 0.5740558312636643 0.6484160278377964 0.7392040630371495 0.853384032005899 1.0017275449660714 1.20132689571399 1.480025958219374 1.8841296521974962 2.490532572982234 3.4171938736791914 4.77537715771642 6.25276340382451 5.863240876664948 38.10239538415448 21.289006534970078 62.16199507565243 41.93139913846984 -174.94069320983857 -5.5213340183508155 -0.8518106250105211 -0.14990649087413144 0.059778077839104604 0.14497246265217184 0.1861962814530687 0.2085568976255623 0.22175116116981464 0.23009480060657073 0.2357043185640854 0.23968855300254094 0.24265198115449968 0.24492871637192254 0.24669880601942498 0.24804835416899734 0.24900108009243538 0.24953265718730036 0.2495752864589028 0.24901371571568892 0.24767598791257056 0.24531994540428687 0.24161940708962254 0.23615936039898147 0.22846023424238382 0.21807283831164836 0.20482335330292067 0.1893358603412758 0.173980378789512 0.16423837754345927 0.1698102373811543 0.20334743427694058 0.27359785499931055 0.3732315508602517 0.4718613631002673 0.5280196778259816 0.5137163070053175 0.4282320437092132 0.3015683210596566 0.20884435607638274 0.21347003572266188 0.2237556719384446 0.06610884778859111 -0.38161027908884826 -1.1440779900313576 -1.115315641509807 -1.410045138404319 -1.7810232056586233 -2.267508150564535 -2.9215672436565843 -3.7697660318265527 -4.546969861240076 -3.9942678249063692 -3.0480617452959553 -3.4295785009982 -3.34861660693418 -3.182673347286377 -3.0333196891571195 -2.905143237029468 -2.7932029785916614 -2.6933784149848647 -2.6029093073895013 -2.5199627840338974 -2.4432787665272993 -2.371951722462658 -2.305302620874061 -2.2428035272869074 -2.184032270008021 -2.1286443864558873 -2.0763551277409777 -2.0269273942588466 -1.9801632079661635 -1.9358973169901201 -1.893992105971658 -1.8543333292577788 -1.8168263930011963 -1.7813930381124732 -1.747968352569921 -1.7164980849154676 -1.6869362549242277 -1.6592430670134186 -1.6333831332179358 -1.6093240091222227 -1.5870350392671444 -1.5664865008941926 -1.5476490271239391 -1.5304932839410417 -1.5149898700394613 -1.5011094046230506 -1.4888227665898741 -1.4781014477070227 -1.4689179838469582 -1.461246430376126 -1.4550628509269745 -1.4503457927713583 -1.4470767259291533 -1.4452404276814939
-1.4570704140432071 -1.4580128021494132 -1.4603914210085371 -1.4642075503208134 -1.4694662137223768 -1.476176063420068 -1.484349197248679 -1.4940009201897126 -1.5051494662586138 -1.5178157007036495 -1.532022826205353 -1.54779612108702 -1.5651627400536265 -1.584151611870179 -1.6047934689545293 -1.6271210451917875 -1.6511694766495126 -1.676976937553421 -1.7045855388072173 -1.7340425110342954 -1.7654016860687822 -1.798725284055194 -1.8340860056383923 -1.8715694254833382 -1.9112766834212134 -1.953327479781025 -1.99786340539629 -2.0450516824884 -2.095089474915498 -2.1482090625581574 -2.204684404924582 -2.2648400027400815 -2.3290636218421206 -2.397825588451772 -2.4717094194289837 -2.5514623507196657 -2.638081529281848 -2.732965452965645 -2.8381860017824643 -2.956976116172301 -3.0945227333963996 -3.258501931800465 -3.4522088883049724 -3.5984716356463227 -3.427459661987089 -4.455971316436576 -4.609348503658438 -3.6854121245256675 -2.812170670629763 -2.157764524936664 -1.6745169575734677 -1.3063924929616972 -1.0132999459020993 -0.155001729596414 0.6611569054168596 1.3244187259622502 1.7571036162838045 1.7868259957087194 1.4119166708676434 0.9937939556638004 0.7377230494968452 0.5967256039912757 0.500018646397782 0.4179485719420343 0.34613696354091106 0.2868784207396259 0.24134139043168723 0.20852392566266353 0.18630060523186343 0.17243114789780664 0.16507249566816726 0.16291233597932486 0.16511339378729362 0.17119275671442497 0.18090060898002147 0.19412084257860085 0.2108029719015761 0.23092034309961074 0.2544561772296563 0.2814087921787132 0.31181579785796754 0.3457923344045871 0.3835836925080689 0.42563320231635143 0.47267415038240357 0.5258547705974664 0.586921538489009 0.658501026435478 0.7445472589098258 0.8510833002559406 0.9874659016188976 1.168605783117812 1.418948819451663 1.7796498562618186 2.3208064990326034 3.156720421166524 4.425359705857461 5.957441561004975 5.401969092342009 16.22376407338625 23.189834326735646 34.020255372731896 46.84476110871014 -151.52888610586967 -6.3654686052459 -1.4028181990764566 -0.44637029148006163 -0.11096372205580474 0.04241931342028826 0.12356041503305948 0.17052799301907084 0.1994026812988015 0.21793136099877286 0.2302080932105977 0.23854863122901515 0.24432976668477224 0.24839993581265685 0.2512940322789285 0.25335033304228605 0.2547770761058442 0.25568902375032837 0.25612720252889826 0.2560658197226705 0.2554126820644389 0.25400452198296947 0.2516043845810287 0.24791228205894422 0.24261256537749407 0.23550662838780667 0.22681532539056398 0.21778600778475554 0.21173400162403744 0.2154291668394439 0.23991882245009655 0.2983006509568842 0.39725093381195586 0.5241693311590394 0.6431258288137061 0.712322620711948 0.710702184625265 0.6483430812483982 0.5644488660186864 0.5581121487025039 0.8601603078050398 1.6456813814844549 2.6235649587323735 3.085116905414849 2.2237342165963394 -1.0141135936378376 -1.3071030407827062 -1.674930355264673 -2.1575911857928425 -2.8110417560238536 -3.6830855952292967 -4.607055005058369 -4.466078918261705 -3.4249755244348092 -3.5958395660796914 -3.451380690342913 -3.2583212686997705 -3.0947956107432812 -2.957642567926388 -2.839204721638835 -2.7342944381582734 -2.6396743829327747 -2.553267982760322 -2.4736727105053102 -2.3998884010991697 -2.331165962378549 -2.266921255268191 -2.2066845960457337 -2.150070127891869 -2.0967565032186437 -2.0464741127720245 -1.9989961519843247 -1.9541319593122282 -1.9117217168068037 -1.8716319892908237 -1.8337518086143645 -1.797989148717995 -1.7642677196326841 -1.7325240565455426 -1.7027049041623834 -1.6747649072895578 -1.6486646193142427 -1.6243688351254204 -1.6018452478574856 -1.5810634196499707 -1.5619940478542045 -1.5446085009525463 -1.5288785920469397 -1.514776553917093 -1.5022751775796443 -1.4913480754601636 -1.4819700319993934 -1.4741174066324283 -1.4677685575467267 -1.4629042586923067 -1.4595080869054626 -1.4575667603547193
-1.4682972896873205 -1.4691766808150433 -1.4715238652620866 -1.475340996008484 -1.4806335039897855 -1.4874099778716172 -1.4956819866330378 -1.5054638577596318 -1.5167724279122432 -1.5296267873952456 -1.5440480436851902 -1.5600591336153848 -1.5776847169653485 -1.596951187241869 -1.6178868366046064 -1.64052221236105 -1.6648907000506763 -1.6910293653854946 -1.718980080878253 -1.7487909563035666 -1.7805180832314305 -1.8142275953628573 -1.84999803812289 -1.887923036758925 -1.9281142518379157 -1.9707046232648562 -2.0158519283300453 -2.0637427315352417 -2.1145968913049416 -2.1686729410627312 -2.2262749136278552 -2.2877616053196443 -2.353560012015787 -2.424185972940817 -2.5002774465107245 -2.5826503789061572 -2.672396063381488 -2.7710570917592947 -2.8809567759433774 -3.005832883245353 -3.152043436482118 -3.330428983783565 -3.554369309812051 -3.7839079718397866 -3.8550443798674587 -4.881567933128195 -4.67750361135024 -3.6308715941763166 -2.728409424019216 -2.0665775639519914 -1.581092372237821 -1.2118539123610796 0.06874046205971052 1.3114739800728321 2.4083113282513713 3.1609611524503234 3.2153025531267843 2.487535307652931 1.6502337628547128 1.2081623838451558 1.0463130112625483 0.9509793245717797 0.8350791134835618 0.7003198253465999 0.5705431001514931 0.4617098093601292 0.37824947307684875 0.31773546411540216 0.2753732966571368 0.2464627241521763 0.22732225506301104 0.21542455075229822 0.20922198935091313 0.20789852709834117 0.21113380388142822 0.2189095986068187 0.2313581019483686 0.24865397274936263 0.27094615985299525 0.2983289538065383 0.33084877272147023 0.36854442480046046 0.41151385541060337 0.46000575137775435 0.514535632092521 0.5760349688883432 0.6460496559528396 0.7270263521229954 0.8227510606139754 0.9390534639432486 1.0849838432210621 1.274828250213507 1.5315897095112414 1.8928738639962768 2.419611886085065 3.2013999331213236 4.309487618927818 5.420920895251575 3.840645601424333 -0.4567189861381724 25.356845135111822 3.3838623212828383 -124.97652763779938 -141.7553491229199 -10.191953985373868 -2.52169441095493 -0.9979712975732098 -0.4321595949854113 -0.1608159984505354 -0.011649386664842276 0.0774979221893074 0.13380369200022402 0.17075623707802934 0.19568144592728665 0.2128339302095219 0.2248156125010441 0.2332826251125668 0.23932093731804105 0.24365727050241726 0.24678135540587798 0.2490185170609608 0.25057446218645196 0.25156225219561396 0.2520233367087353 0.25194911270208625 0.2513208678029121 0.2501945731650046 0.24888438556954134 0.24834081883521986 0.25088147438866926 0.26145591517666333 0.28942313806248676 0.34986939675285034 0.46116684351920734 0.6332497457986479 0.8471248032778043 1.0471360186317753 1.1730420367537202 1.2088055662881885 1.1936786851654615 1.202389687268012 1.3540467306661577 1.9226935185638312 3.6655592107825763 7.836509660108987 12.466432227452525 10.400106998577986 4.639279611922002 0.4185704066375904 -1.2122618064046622 -1.5813147263863474 -2.0664448516742246 -2.727700885330904 -3.6294162189511687 -4.675862054076123 -4.885969080864628 -3.8563649824338833 -3.782224477783119 -3.553863945316878 -3.3303227143669565 -3.1522152857200307 -3.006249054653444 -2.881594175665556 -2.771891173335688 -2.673398736092146 -2.5837899965091893 -2.5015193538731584 -2.425493242915887 -2.3548942610726034 -2.2890838445389914 -2.22754641208061 -2.169856084685657 -2.115656022461526 -2.0646449538610536 -2.016567860469954 -1.9712090847160961 -1.9283868637559185 -1.8879487204633372 -1.8497673968534283 -1.813737165615938 -1.7797704467788091 -1.7477947070381328 -1.7177496459492354 -1.6895846845508817 -1.6632567719896871 -1.638728520938404 -1.615966673738522 -1.5949408919922279 -1.5756228522022737 -1.5579856223777182 -1.5420032879049494 -1.5276507901268752 -1.5149039393754715 -1.5037395629293173 -1.494135750287907 -1.4860721602007212 -1.4795303575818983 -1.4744941526105477 -1.4709499187630004 -1.4688868709653624
-1.4785298572041765 -1.479342538959218 -1.481658646488533 -1.485481112679207 -1.4908155528748388 -1.4976701450781822 -1.5060554661239973 -1.5159842972450046 -1.5274714169321308 -1.5405334031491733 -1.555188471528853 -1.5714563802901793 -1.5893584359923825 -1.608917636782293 -1.6301589912489256 -1.653110050106489 -1.6778016858941376 -1.7042691512521841 -1.7325534396001832 -1.762702963841534 -1.7947755588899925 -1.8288408042558624 -1.8649826538984184 -1.903302355705566 -1.943921643703895 -1.986986198579436 -2.03266939990121 -2.081176450115076 -2.132749046199734 -2.1876709404623123 -2.246275007866858 -2.3089529080966633 -2.3761692466442526 -2.4484836063364463 -2.526586546925417 -2.6113609618649267 -2.7039909095176364 -2.8061628166298984 -2.920454505947511 -3.0511230383679573 -3.2057583297802426 -3.3986549490694697 -3.654957128871091 -3.9827340536490246 -4.314607028262857 -5.281517303309633 -4.770344820674952 -3.609024330009703 -2.6686355948214464 -1.9911524636261793 -1.4976743495184026 -1.1236676907281578 0.07873007951300148 1.511934756384867 3.1489197988550024 4.412629997017783 4.14907976087967 2.8647170967913755 2.426297916091223 2.7749406187870056 3.0378337117795664 2.9181187052262754 2.5180038622625194 2.015470019258024 1.5418826196054032 1.1581561049378688 0.873309873229047 0.6717766114855515 0.5320370267350585 0.43500921563369865 0.36632518552320037 0.3160758065153435 0.2778885629164262 0.24805186911801985 0.22485508822110734 0.20812287774084498 0.19884229251132035 0.19880179822301702 0.2101750668711243 0.23505023568255923 0.27496864184948344 0.33059016514786443 0.4016037203792284 0.4869456686364906 0.5852919187538382 0.6957137670955823 0.8183796290354362 0.9552385257441999 1.1107246832071351 1.292625599359288 1.513320483790162 1.7915773006771074 2.1547085447772685 2.6390448575895813 3.2796839410541296 4.057178020211549 4.710336039866776 4.247920518432059 -0.3830136418435721 -15.348958767163886 27.843691260206032 -20.549382495106702 -40.27460821092863 -31.20632531305179 -14.565854704799728 -4.5401034378406955 -2.2489440025866827 -1.2409412109351248 -0.7151138811072455 -0.41184246282594494 -0.2251359242457982 -0.10514508890194141 -0.025949406253106044 0.02698065151200324 0.06227663673512929 0.08529850616863799 0.0994860235367272 0.10708676308423515 0.10956893120168276 0.10785694090732334 0.10246977641045718 0.09360569473251945 0.08121367681567104 0.06510278722719476 0.04519951602929018 0.022208558253902444 -0.0007010186434704968 -0.013611973375000891 0.010889690579527544 0.14385066800131452 0.5561477588140429 1.5880235402655005 3.546761882820407 5.4704646585296315 5.020319811432814 2.9614667141536186 1.526728097127024 1.0358054494432138 1.1382096483496775 1.6605459848214958 2.6961749308750234 4.636919506511823 8.050339872076364 11.537231915543916 9.043935559674006 3.0035768815008472 -0.4691190865159087 -1.945169532636509 -2.6949832764725583 -3.214124688572654 -1.497621884819758 -1.990945252207986 -2.6682300874699116 -3.6084111505797503 -4.769747325024952 -5.2829736191174455 -4.31694146793918 -3.9820784596284517 -3.6548061320258816 -3.398650715602698 -3.205854200587421 -3.0513100647469074 -2.920726699009472 -2.8065123920472352 -2.7044078195106662 -2.611833153487982 -2.527100351463586 -2.449024149117347 -2.3767208555063033 -2.3094995168684935 -2.2468005526899 -2.188159746385927 -2.133186200266798 -2.081548155735339 -2.0329633067994646 -1.9871917016115337 -1.9440301436215393 -1.9033074750927912 -1.864880402331643 -1.8286296871688643 -1.7944566266037196 -1.7622797987195802 -1.7320320811574397 -1.7036579612609715 -1.677111157252206 -1.6523525651864954 -1.629348536816373 -1.6080694838110485 -1.5884887933043856 -1.5705820314589725 -1.5543264042591494 -1.5397004402442545 -1.5266838570165744 -1.5152575728852955 -1.505403825877912 -1.4971063650396934 -1.490350682258522 -1.4851242571151602 -1.4814167917749694 -1.4792204172727361
-1.4878015942845793 -1.4885473992818716 -1.490835284379837 -1.4946688341989862 -1.5000536206277877 -1.5069970889227078 -1.5155084153276541 -1.5255983502985466 -1.5372790656183568 -1.5505640284040445 -1.5654679292323914 -1.5820066959922832 -1.6001976279659402 -1.620059687424165 -1.6416139864615809 -1.6648845060307935 -1.6898990808809629 -1.716690678828268 -1.7452989952943496 -1.7757723745014813 -1.808170058725802 -1.8425647554889868 -1.879045504696911 -1.9177208213042136 -1.95872209215558 -2.0022072181857786 -2.048364525746422 -2.097417031275352 -2.1496272489123727 -2.2053029099081307 -2.26480426263549 -2.328554137079851 -2.397052853917725 -2.4709016880615797 -2.5508416601091772 -2.637820472808582 -2.7331129242828256 -2.838547499996631 -2.956955304402693 -3.0931135481720644 -3.255857288104995 -3.4630351354511184 -3.7523421592572204 -4.186096720419276 -4.79304219879819 -5.681963953267283 -4.8977461820510655 -3.619021181707656 -2.6301632648376625 -1.9289215906260386 -1.4220523357599673 -2.669101138746099 -2.3112642721230006 -1.9663274813538294 -1.550626627627974 -0.4456589990085802 2.8125480912548824 6.674718735277036 7.0620400802556365 4.998063989355833 2.923307466541644 1.5079408366402818 0.6954731189654249 0.3788979812487039 0.4999767630813077 1.0157919247906841 1.886067576771679 3.1685727575663485 5.443352434108646 11.865039345031146 36.40320454962768 25.25136429251442 1.601308586570287 -11.160128616881524 -17.90539294207965 -12.176915124689948 -6.0704478908532 -3.0066332640712083 -1.5423616999492271 -0.7980612391033994 -0.3951966475183384 -0.1672478512822626 -0.03584893914432108 0.038189289887662126 0.0752165785252692 0.08573263956828292 0.07452272884291244 0.04252203244861752 -0.012532191142845095 -0.09622505921578206 -0.2181313183849587 -0.3923484259537726 -0.6341094410582879 -0.9295194099092114 -1.0121528663958053 1.9106212470958157 64.47298501873024 -4.390664443603939 -22.081558504506205 -30.2267817774492 30.706334418838917 -25.95775887419151 -5.1149895912625265 3.097803759463897 7.197055514859519 7.4413958547280625 5.688860065590513 3.9740659676426313 2.817982019056282 2.1093798671552997 1.6774887369767177 1.4024269729823606 1.2067909966544965 1.0368309166987388 0.8522256451100096 0.6269811479184302 0.3599833406122399 0.08479579146974103 -0.14027243568081715 -0.266534887110069 -0.2852644708611183 -0.22494520316751698 -0.12555547658230104 -0.017888434119687435 0.08195977726928794 0.16924153209495585 0.24575476390135498 0.3166389232956036 0.38902006491738456 0.47203694426487447 0.5778576789819356 0.7235287410686293 0.9334986221407078 1.2420454482395191 1.6926917207271681 2.326725185675091 3.146860790093415 4.053337778736713 4.817737248617544 5.219627610146391 5.2322318498257765 4.846701394546354 3.742770899484869 2.066017242910034 1.5936440199999038 2.2046392600662585 1.67443857788649 0.46299024313043624 -0.6320032448494284 -1.4995141203145281 -1.4216658392584083 -1.928539245850747 -2.6299402182440805 -3.6191773154717546 -4.898401344341813 -5.682019137458337 -4.792896719389297 -4.186410371361014 -3.7525389621348175 -3.4631479210154437 -3.2559024138241464 -3.0931023890027465 -2.9568962887454533 -2.838447678693438 -2.7329788585840182 -2.637658668890011 -2.550658747275027 -2.4707044547444967 -2.3968482040251327 -2.328349000745118 -2.2646054809685645 -2.2051171060579953 -2.149460693807634 -2.097275509792026 -2.048253209104545 -2.0021305462247416 -1.9586836701150765 -1.917723334166738 -1.8790906524620317 -1.8426532114575351 -1.8083014524767032 -1.7759453004266295 -1.7455110464122634 -1.7169385051275352 -1.6901784700884233 -1.6651904845935723 -1.6419409374929996 -1.6204014820809927 -1.6005477666611716 -1.5823584554624375 -1.5658145117924032 -1.550898709761422 -1.537595338095576 -1.525890058382065 -1.515769881273079 -1.5072232261994047 -1.5002400336117914 -1.4948119028144937 -1.4909322327563195 -1.488596347759853
-1.4961527163668207 -1.4968351925152827 -1.4991003145554034 -1.5029523546747239 -1.508396115940926 -1.5154383313643114 -1.5240864229406963 -1.534348709621272 -1.5462343197403494 -1.5597531489575651 -1.5749158913966883 -1.5917341755693566 -1.6102208398429783 -1.6303903840172647 -1.6522596340889852 -1.6758486556553605 -1.701181947396591 -1.7282899404500536 -1.7572108205153625 -1.7879926802231039 -1.8206959973572352 -1.8553964239644134 -1.892187862446422 -1.9311857991572365 -1.972530870234246 -2.016392649052401 -2.062973680757242 -2.112513855217477 -2.1652953243940853 -2.221648363051319 -2.281958897072749 -2.346678979970552 -2.416342477112149 -2.491590003422055 -2.5732105553888083 -2.6622140523436437 -2.759963247269785 -2.8684252692361563 -2.9906789804538114 -3.1320096144838665 -3.3024656698081056 -3.5233666157002963 -3.8448306853835 -4.384661262299399 -5.280835669975578 -6.102374353564956 -5.065744446279153 -3.6598184808981493 -2.610703828779177 -1.8776653590009298 -1.3522466102038617 -3.5825287500570666 -2.9961573787377245 -1.2230349903702247 4.743667532048267 17.33825282229635 16.326559959695185 7.523827711651713 3.671135539809409 2.234649376211677 1.719260021211297 1.6254353603211533 1.7588502082928321 1.9823446894798802 2.1267424544019606 2.026638222938045 1.6541456537433428 1.1584194118367086 0.7203360495688402 0.42363912271350856 0.26089496965025316 0.19098060085349078 0.17515313791270432 0.18700464620950835 0.2110235626021713 0.23887197004448768 0.26638541552861306 0.29166753941203855 0.31400144834270294 0.3332521252404004 0.34954932815384576 0.3631137028750582 0.3741604846126594 0.38283621423641945 0.3891665592868193 0.39299860216008026 0.3939208813250976 0.3911381141867223 0.3832633825249056 0.36794740711257723 0.34118837652664974 0.2959574810541944 0.21923618967346092 0.08494247302850455 -0.16551470175466276 -0.689164827831805 -2.061577563881396 -8.838898468481254 -96.74091910342979 -25.94179812765413 34.00885095475659 -18.884348323923405 4.42674190679412 5.4525939607306375 4.107188537264307 2.9954383263276863 2.2666691152772707 1.7922871198422414 1.4709366525852405 1.2424337955441742 1.072359195958108 0.9407430045115514 0.8356803596293908 0.7498634597785079 0.6786724853875216 0.6190880642814431 0.5690556620539874 0.5271031457321081 0.49211108815595117 0.4631772905884137 0.4395419104519097 0.42055182342491676 0.40564884920821503 0.3943733416413492 0.38637911442772116 0.38145790084666753 0.37957557728158386 0.38092899832102645 0.3860318719608069 0.39585327384398095 0.4120317210966996 0.4372104325606364 0.475544292755699 0.5334217953257994 0.620371143291259 0.7498142375584845 0.9384866372424234 1.201410671302698 1.5363444622633597 1.8918391786485516 2.13224551365761 2.073639678011168 1.7189531277833092 1.6043691982900081 2.6021404703997764 4.698466204554705 5.86654810261804 4.787988777380383 2.8023261104241013 1.0431549830539022 -1.3514930388396398 -1.8770259359654549 -2.6105457188130634 -3.660641080801283 -5.0677316701643225 -6.101904835907053 -5.277481136800148 -4.3857774395585425 -3.8453370900991093 -3.5235990372057495 -3.3024835264359744 -3.131837894952511 -2.9903367119224304 -2.8679314683086563 -2.7593386984485186 -2.661481774905239 -2.572395710438136 -2.4907195228318417 -2.4154445419943436 -2.345782417110709 -2.2810925325385343 -2.2208403597733786 -2.164572524238082 -2.1119011429593124 -2.062493386383623 -2.016064003871503 -1.9723695316779093 -1.9312034577793966 -1.8923919431232568 -1.8557898906909314 -1.8212772680193625 -1.7887556544252092 -1.758145019564026 -1.7293807552317113 -1.7024109861063983 -1.677194180369427 -1.6536970729265423 -1.6318929033439273 -1.611759960451694 -1.5932804160338407 -1.5764394223202325 -1.5612244424027821 -1.547624779586724 -1.5356312700586705 -1.525236103912658 -1.516432741658936 -1.5092158963307611 -1.503581554972286 -1.4995260124483578 -1.4970501218191032
-1.503633007919174 -1.5042588435842958 -1.5065086789831283 -1.510386875460961 -1.5158982165491948 -1.5230478170402082 -1.5318410397971982 -1.5422834363998226 -1.5543807317656315 -1.568138877303745 -1.583564200330203 -1.6006636810211707 -1.6194453898246242 -1.6399261101954692 -1.6621068251313256 -1.6860083224146365 -1.7116516733285463 -1.7390647187485486 -1.7682841077131632 -1.799357663850962 -1.8323470703198361 -1.8673308535306847 -1.9044076358656858 -1.9436996250266634 -1.9853563113769561 -2.0295583629471956 -2.0765217475864874 -2.126502183242321 -2.179800140903196 -2.236766832797439 -2.2978119668240047 -2.363414647254557 -2.4341398596491435 -2.5106649154169 -2.593823946239757 -2.684686003707145 -2.784698198070516 -2.895961250544759 -3.021792304155057 -3.167961262924993 -3.3456608174767513 -3.5794460181526317 -3.930954643055978 -4.570227433063727 -5.7638146834009145 -6.555785191822284 -5.2779361889785 -3.7302052190290107 -2.608181900744359 -1.8353892533759453 -3.916791258993966 -2.693188022577864 0.5967514052923817 10.725226788973544 24.27787643986895 11.772336294597892 4.204808076478554 2.0425541607418856 1.3861048418453994 1.1871389725907004 1.1451190403716227 1.1447316851336389 1.1261250156341118 1.05842977795999 0.9385021582562527 0.7870756596514954 0.6347569612376123 0.5061753118706338 0.4125310598645926 0.35341514695000686 0.3223437003013919 0.3113999035556494 0.31366035658288444 0.3239333122932584 0.3386613876710993 0.35554995845438797 0.3731896667937879 0.3907591217949986 0.40781390590934685 0.42414682883972193 0.43969564203268724 0.4544819088988611 0.46856924682683143 0.48203188654834017 0.49492677490832354 0.5072651339798337 0.5189768419422758 0.5298608075175479 0.5395055320594766 0.5471575199543195 0.5514839174734368 0.5501171345987604 0.5387209746360404 0.508888978205525 0.44284317821347385 0.2976520163760279 -0.05612280176580031 -1.2432246278966106 -18.977819509147107 154.18819684936716 37.83150074405501 -8.87337421106567 6.478481205149715 4.455222074510023 2.9614551566215486 2.1483868929801693 1.6794002439397175 1.3845836202490767 1.1843663033263925 1.0394983518999203 0.9293108045713903 0.8422390848462424 0.7714562797127907 0.7127338569921627 0.663333025321106 0.6214012642668643 0.5856302168706792 0.5550562474903524 0.5289402346836425 0.5066950875037877 0.4878415081693214 0.4719807548425152 0.45877985207022404 0.4479634113139554 0.4393124178178365 0.43266812583615494 0.4279420301095502 0.4251343527978421 0.4243649013024057 0.4259212266564564 0.43033435380709395 0.43849321266966473 0.45181726947945017 0.4724986685863215 0.5038114773206129 0.5504042921604054 0.6182744265024976 0.7136044150022198 0.8387597443055221 0.9833681932745894 1.112841557282414 1.1746053606775166 1.1647140054614555 1.249625607221777 1.8024753268729128 3.1990775857832747 5.02327253627965 5.652799145760481 4.5773998363239805 2.8361062688600094 1.2433614301161704 -1.8344329055792987 -2.6079796133805724 -3.7315701748484758 -5.281236536158131 -6.555235435506271 -5.760369566557739 -4.57191786181259 -3.931711400225373 -3.57979021476159 -3.345671796206812 -3.1676700864358054 -3.021224241758552 -2.8951438554960376 -2.783663434411344 -2.683470586565058 -2.592468927031283 -2.5092148879884677 -2.4326419603361162 -2.361917441765101 -2.2963642806148474 -2.235416565239288 -2.1785930943524385 -2.125480936331361 -2.075724599085661 -2.029018372597692 -1.9851004630110687 -1.9437481344761718 -1.9047734242576535 -1.8680192016763297 -1.8333554645810106 -1.8006758384544574 -1.7698942816510308 -1.7409420189002396 -1.7137647302359553 -1.6883200187902965 -1.6645751741898587 -1.6425052372591198 -1.6220930613660094 -1.6033204993857877 -1.5861795396564757 -1.5706626452293146 -1.556764420084822 -1.5444811230915043 -1.5338103244286416 -1.5247506733337517 -1.5173017483026598 -1.5114639639502803 -1.5072385122319945 -1.5046273198768936
-1.5102898265491338 -1.5108687844513726 -1.5131128676458074 -1.5170265044665479 -1.5226137318635007 -1.5298781277076712 -1.5388227703155577 -1.5494502413814537 -1.5617626926849904 -1.5757620005597197 -1.5914500357961887 -1.6088290790893396 -1.627902413925663 -1.6486751293465196 -1.6711551635383004 -1.695354616579514 -1.7212913554414992 -1.7489909276240523 -1.778488790689348 -1.809861807715999 -1.843116860172528 -1.8783619288657252 -1.9157002738788043 -1.9552606045549163 -1.9972008701993902 -2.0417122254822893 -2.08902320559048 -2.1394042244371967 -2.1931726415232298 -2.2506988650790403 -2.3124143316603134 -2.3788228416042827 -2.4505178633519273 -2.5282105033568163 -2.612776849628051 -2.7053415109583874 -2.8074315476079876 -2.9212746824112 -3.0504134667821976 -3.2010703144180663 -3.385485392854055 -3.631107336033142 -4.009649757934948 -4.736804492642557 -6.222789004283226 -7.04906308308011 -5.53596200777167 -3.8286631155179602 -2.620590652203927 -1.8002721057819064 -3.131014254394861 0.0812600970290478 9.357278213759159 24.320833254423718 12.762607561410906 4.10309734101898 1.7904159756725873 1.1618012355871146 0.9814718151213125 0.9342331921905058 0.9188705739489761 0.8949125649580465 0.8471170021014012 0.7757049116863273 0.690476919589383 0.6044619646340312 0.528511163513566 0.4686878789559419 0.42643349380134987 0.4001439895562606 0.3868476043851206 0.3833659085335174 0.386906055779892 0.3952571605176017 0.40677847240130616 0.4203062297043064 0.43504431878823807 0.45046924873577165 0.4662538418750126 0.48221180623882043 0.49825643146580567 0.5143696455641269 0.5305791200863605 0.5469393208310853 0.5635144987709815 0.5803614882069004 0.597509943951634 0.6149365474239669 0.632526061624814 0.6500098245906214 0.6668574599218862 0.682075584401203 0.6938083598401878 0.698475319646789 0.6887302236829242 0.6479634524172153 0.5322608473995054 0.18158723687261258 -2.274419738912801 52.39290373033631 42.28248430436441 -0.42063616020674033 6.017904700303598 3.523304324732162 2.3594733531968006 1.7812221950004943 1.4518708188356217 1.2417509293555176 1.0953967284709898 0.9864436752035031 0.9012175162201275 0.8321019654939721 0.774594008912313 0.7258887730816069 0.6841538818109968 0.6481366628620252 0.6169418345738057 0.5899015510419189 0.5664967758304184 0.5463088467802578 0.5289898685578699 0.5142434376381586 0.5018135529343166 0.4914778310469879 0.4830450972842287 0.4763559703152575 0.47128717791808045 0.4677599732364331 0.46575509034421203 0.4653362745258205 0.46668734962411174 0.4701685617800516 0.4764019125952492 0.4863946562499419 0.501707029357061 0.5246454727749665 0.5583919788417336 0.6067911549947462 0.6731664165302806 0.7571974456331358 0.8499061573531914 0.9327023388761311 0.9978843061185061 1.10346707123947 1.4318660447316636 2.2999422981243502 3.8700988383437993 5.249100421971211 5.196277667542434 3.919803761649692 2.353939345235562 -1.7989641279807729 -2.6202488757661033 -3.8304316099562525 -5.540475432125498 -7.0485698782925486 -6.222965836720469 -4.7388281183095415 -4.010587896614215 -3.631547620588857 -3.3855059143491575 -3.200701173309076 -3.0496818968166544 -2.920213197411302 -2.806079917993432 -2.70374684011468 -2.6109928079659115 -2.5262961217027224 -2.4485360802078144 -2.376838914069606 -2.3104941798000573 -2.248907400849956 -2.1915721241900794 -2.138052680873384 -2.087972951760103 -2.041008525010594 -1.996880764195332 -1.95535194391711 -1.9162209816216091 -1.87931951364844 -1.844508195179956 -1.8116731808994997 -1.7807288996955815 -1.7515901194078844 -1.724206512538661 -1.6985350131188943 -1.6745436546565127 -1.6522094658813318 -1.6315166479956007 -1.6124550259035633 -1.5950187579833894 -1.5792052826217438 -1.565014475682304 -1.5524479901059196 -1.5415087483280903 -1.5322005585121172 -1.524527827410164 -1.5184953454182613 -1.5141081224742885 -1.5113712572894946
-1.5161729939501238 -1.5167173978306703 -1.518966885012497 -1.5229257115020167 -1.5285969419185452 -1.5359824104295678 -1.5450827285409001 -1.5558973558319062 -1.568424753837525 -1.582662646737001 -1.598608415648198 -1.616259655602229 -1.6356149253098096 -1.6566747198461511 -1.6794426945060998 -1.7039271645786407 -1.7301428999470063 -1.758113226452921 -1.7878724366121523 -1.8194685019173438 -1.8529660691449799 -1.8884497129234241 -1.9260274114698541 -1.965863958306199 -2.0080622070430594 -2.0528553029142875 -2.100483445422979 -2.1512305481947926 -2.2054293497871313 -2.263467620520821 -2.325796365002107 -2.3929415981870177 -2.465522477972412 -2.544280797149019 -2.6301311255678534 -2.724249596774376 -2.82823805122504 -2.9444432465407315 -3.07661753423236 -3.23139748626142 -3.4219572548576087 -3.6782389428946427 -4.080311395904275 -4.881037992021291 -6.639311783861839 -7.5827955528817625 -5.839423600773616 -3.9531340454608284 -2.6458797684906443 -1.770667393898159 -1.8315062501851507 -7849.765124643597 19.244937794873838 19.151328843887217 6.309724684989473 2.2703976603619562 1.2454344482511335 0.9612841170428603 0.8786005644435626 0.8508626870850087 0.8292327862355447 0.7967101295982825 0.7504444364294355 0.69470363263938 0.63639435735226 0.5819497553307582 0.5357170288134556 0.49967813812677175 0.4739591561179227 0.4575686376666462 0.4490285048574117 0.4467889056479978 0.44944630533428204 0.45582879089368133 0.46500620098514356 0.47626752006422673 0.4890856411135297 0.5030824842660692 0.5179990717154821 0.533670242441836 0.5500042625061589 0.5669661027509323 0.5845633664566791 0.6028341149261939 0.6218350622140008 0.6416297869869728 0.6622761251918061 0.6838090212650993 0.7062178945623083 0.7294096496203921 0.7531473361698388 0.776936556329574 0.7998047839438867 0.8198374667126864 0.8331273267130388 0.8311615689566549 0.7935739884518704 0.6641317127266715 0.1182672069257722 -327.44895388136547 47.516029832458656 4.79354424574483 4.972408466326065 2.8604320542375827 2.011362785691049 1.593752629602629 1.3503320854500727 1.1897153816193975 1.0737647599153775 0.9844641737111475 0.9124559748081325 0.8525016209407333 0.8014811860268323 0.757434379351065 0.7190676390301587 0.6854866482184533 0.6560443382955803 0.6302510046878491 0.6077200478000339 0.5881338514460133 0.5712225530893713 0.5567501881850007 0.5445064123459324 0.5343011583422219 0.5259623901736588 0.5193358748212776 0.5142873416136268 0.5107073336422147 0.5085198601833001 0.5076965869680303 0.5082788606574604 0.5104120815856914 0.5143989882217366 0.5207793852801071 0.5304472474897955 0.5448093458230215 0.5659665825343727 0.5968265243259847 0.64088310064496 0.7011287077112089 0.7775764124082294 0.8647445018301458 0.9565391923811912 1.0717482511958738 1.3028770142341837 1.8752796727339993 3.1044355699236954 4.706163217985005 5.391629382780786 4.638547136445649 3.2015053211178506 -1.7690011646067902 -2.64532306840988 -3.955159067967149 -5.8449793705264526 -7.582271483618026 -6.6443572897165435 -4.883180128480678 -4.081361685093401 -3.678754471454952 -3.421999169297262 -3.230989419615287 -3.0757850167077367 -2.9432204112331535 -2.8266690928483102 -2.7223884961815985 -2.6280405351280502 -2.5420304596083465 -2.463187375175112 -2.3905999477323623 -2.3235275442326726 -2.2613500771046784 -2.2035385493524533 -2.149637005456088 -2.099250882947774 -2.052038981576322 -2.007707469383979 -1.9660050232985489 -1.9267289255544628 -1.889679973318529 -1.854720149268912 -1.8217286969595368 -1.7906087229680376 -1.7612840158804948 -1.7336960603516023 -1.7078012742790842 -1.6835684912629243 -1.660976703986382 -1.640013074050065 -1.6206712059469341 -1.6029496742296216 -1.5868507868743686 -1.5723795628438313 -1.559542898966061 -1.5483488995976267 -1.5388063426123972 -1.5309242566004975 -1.5247115861010996 -1.5201769247826762 -1.517328299738626
-1.52133173214092 -1.5218558757052558 -1.524123054550471 -1.5281371003916129 -1.5338998879312657 -1.5414113296608243 -1.5506694366105114 -1.5616704611466292 -1.5744091415787833 -1.588879071687831 -1.6050732209588154 -1.6229846330681832 -1.6426073306476845 -1.6639374539897411 -1.686974658294839 -1.7117237905917622 -1.7381968606791023 -1.7664153132082798 -1.7964125983776795 -1.828237028774855 -1.8619548998917954 -1.8976538432696255 -1.935446376358273 -1.975473614141206 -2.0179091191907745 -2.0629628935137307 -2.1108855670942845 -2.161981785168418 -2.2165742831700177 -2.2750810078194306 -2.33797031903289 -2.405787900062622 -2.4791757128082588 -2.5589029846805182 -2.645919056846902 -2.7414471561397695 -2.8471580514709793 -2.965508391045476 -3.1004426510828926 -3.2589694712931943 -3.4550763888594944 -3.720783965974932 -4.142752555428277 -5.002049790121966 -6.999605414195328 -8.150910727742795 -6.1854369657645965 -4.100730564917027 -2.681868191285208 -1.7451412116905498 -0.41403757616510406 8.602601220624319 23.73695903466669 13.104454145897737 4.101189185847814 1.7273172360986278 1.1049827413206281 0.9197474535034733 0.8569866495052274 0.8268594082990666 0.7996923213384088 0.7665597555126523 0.7271629260196941 0.6846536330582377 0.6428787777326526 0.6049763848033842 0.5728932045831572 0.5474529012930972 0.5286575739344617 0.5160155498545507 0.5088019581653047 0.506230935528087 0.5075534273991986 0.512104907902198 0.5193217741083453 0.5287423867116736 0.5399997659799824 0.5528119770946462 0.5669716548989296 0.582335961459385 0.5988167747963775 0.6163722304782218 0.6349976743668999 0.654717826766954 0.6755783294870954 0.6976369521453397 0.7209541259287057 0.7455801639525328 0.7715389330813552 0.7988010130775927 0.8272396752546354 0.856549684412913 0.8860893139688165 0.9145501783414313 0.9392164716154068 0.9541768567862577 0.9457664380702624 0.8820404205521755 0.7136096102072792 -85.37186682165192 53.76181690438481 6.766664066099196 3.976911811290897 2.4072080008278047 1.8011412074844872 1.4945850095105813 1.3080372346444462 1.179301474946424 1.0824482886637192 1.0051488008851666 0.9409389874791844 0.8861610830690827 0.8386110516045124 0.7968863220926179 0.7600490354121272 0.7274412562234572 0.6985793502093383 0.6730913475263269 0.6506780676153814 0.6310890975236245 0.6141070668061335 0.5995375366761027 0.5872026984251726 0.5769374354103591 0.5685871104150271 0.562007464017341 0.5570656712269563 0.5536436155075658 0.5516435850388539 0.5509978950769481 0.5516838342405463 0.5537474194930458 0.5573411517619805 0.5627825679361875 0.5706451037417684 0.5818945695006589 0.598081756065162 0.6215751594582368 0.6557393428773656 0.7047700060571063 0.7726367161193592 0.8608350433268757 0.9673530905194048 1.0960782055939848 1.2908957113580253 1.7038014498558622 2.6570512662297134 4.258721638045946 5.46821940235631 5.2063284516648505 3.9085835599198595 -1.7431409326721563 -2.681047897085328 -4.102864664584146 -6.19180206113444 -8.15012051955599 -7.008355822684933 -5.004144800304748 -4.143851782354739 -3.7213509439898083 -3.4551465818980898 -3.258556645469677 -3.099567943656896 -2.9642047495168686 -2.8454709792692956 -2.7394340607908356 -2.643647825095094 -2.556450093818036 -2.4766240616250386 -2.4032244797586193 -2.3354838081056846 -2.2727593566118207 -2.214502344615398 -2.1602390435255057 -2.109569438905321 -2.0621176868079174 -2.0175852306279123 -1.9757086584053098 -1.9362642167021753 -1.8990639894063972 -1.8639522814931433 -1.8308021419213079 -1.7995120115737788 -1.7700025098754504 -1.7422133867560514 -1.7161006683975517 -1.691634023245225 -1.6687943669851522 -1.647571717277933 -1.6279633007085486 -1.6099719060607005 -1.5936044718943088 -1.5788708907271898 -1.5657830087624116 -1.5543537981529607 -1.544596677936789 -1.5365249605379785 -1.530151402479278 -1.5254878400745446 -1.5225448943120898
-1.5258132078794109 -1.526332672714305 -1.52863039482043 -1.5327095265193438 -1.5385705498395386 -1.546211309699732 -1.5556271314437837 -1.566811038516006 -1.579754089550005 -1.5944458571587612 -1.6108750730719463 -1.6290304651786816 -1.648901812516523 -1.6704812424091706 -1.6937647912725962 -1.7187542455437628 -1.745459272843707 -1.7738998451388384 -1.8041089467296676 -1.8361355496096086 -1.87004782960387 -1.905936589244369 -1.9439188497872824 -1.9841415775580282 -2.0267855246427873 -2.0720691933396544 -2.1202529900023928 -2.1716437282401313 -2.22659979889424 -2.285537583611441 -2.3489332202641977 -2.417360924918399 -2.4914792097185465 -2.5720814115679294 -2.6601477667753928 -2.7569438402704662 -2.864202897788089 -2.984481368945718 -3.121896722201277 -3.283785888902289 -3.4848297584251333 -3.758730362362419 -4.197105031775068 -5.100879612622149 -7.295852678908384 -8.740422542287892 -6.567978243880211 -4.267420904694903 -2.7261770053531613 -1.7225302564144123 0.7910141242243549 12.19593113729066 23.867994445903474 10.010467409414519 3.286587633909331 1.5704672744770123 1.0895912353043815 0.9304748721377113 0.8669337356530644 0.8316031305025204 0.8019630691249805 0.7711423719544761 0.7383957974698356 0.7051955055543123 0.6734405006392366 0.6446923000268843 0.6199526997785884 0.5997023606189054 0.584030982153941 0.5727742107389158 0.5656241212375674 0.562207428825221 0.5621351180073961 0.5650328462314902 0.5705580389391675 0.578409291164339 0.5883308280862285 0.6001136617434097 0.6135947984228312 0.6286553250799527 0.6452166089261399 0.6632366042097502 0.6827046145924309 0.7036361325857847 0.7260665739891051 0.7500448820218051 0.775625334903248 0.8028575385461266 0.8317725117359243 0.8623602656852228 0.8945321881212757 0.9280523204717834 0.9624006108246275 0.9964853062535731 1.0279886898849566 1.0517596025658502 1.0556113656018054 1.0102276249824336 0.8879906069509909 -6.792415502704799 61.37577103678779 6.568880212262027 3.193343614704963 2.1034200901190427 1.6747343321147494 1.4457733190655606 1.2981803134745644 1.1909066228903913 1.1066355213779224 1.0370130139216256 0.977591905077356 0.9258156799365758 0.8801185919279937 0.8394871590619961 0.803230975077307 0.7708566383572919 0.7419941582532822 0.716353173024891 0.6936956797591391 0.6738184349958922 0.6565417322214697 0.6417017852794368 0.6291461500642779 0.6187304100429192 0.6103167059551642 0.6037732159514761 0.5989750999652385 0.5958066813577267 0.5941654440040455 0.5939693541886506 0.5951674420097972 0.5977579414414131 0.6018163367908036 0.6075415183576113 0.6153294082993191 0.6258912744374902 0.6404391451554116 0.6609604346662984 0.6905779185076157 0.7338804211922296 0.7968368691914329 0.8855009547796702 1.0031718033611068 1.1502108275854581 1.3425286522314113 1.6755812697867642 2.433502279990107 3.9452508249092593 5.5352396823012 5.728780971984865 4.541559299059571 -1.7202529089173857 -2.7250783077866716 -4.269525512831866 -6.57486702648848 -8.739071763448546 -7.306270935876959 -5.10281660296822 -4.198199025891624 -3.759323617810407 -3.4849299747418803 -3.2833957871829247 -3.121031511375584 -2.9831707328120416 -2.862491002559807 -2.7548883441932004 -2.6578181576152007 -2.5695569022272844 -2.488846355425556 -2.414711078501659 -2.3463599113679194 -2.2831345352409755 -2.224464887482054 -2.1698616084737985 -2.1189000837208747 -2.071211609194286 -2.0264772790527794 -1.984423158367097 -1.944816153793983 -1.9074602546266397 -1.8721929722074213 -1.8388819005381307 -1.807421377095471 -1.7777292533583928 -1.7497438008366923 -1.7234207821726135 -1.6987307160909502 -1.6756563589954596 -1.654190418342293 -1.634333505343757 -1.616092326303335 -1.599478105216804 -1.5845052247200881 -1.57119006832569 -1.5595500442696473 -1.5496027699881636 -1.5413653964146035 -1.534854052094205 -1.5300833893115036 -1.5270662169362925
-1.5296613144545845 -1.530192230229149 -1.5325332927629893 -1.5366867274554863 -1.5426514432431715 -1.5504231079235393 -1.5599943251306836 -1.5713549280737593 -1.5844924089448926 -1.5993925051566025 -1.6160399655995745 -1.6344195206855203 -1.6545170794656572 -1.676321175040292 -1.699824675823133 -1.7250267749241812 -1.7519352630690173 -1.780569081766309 -1.8109611450097918 -1.843161407309047 -1.8772401480083807 -1.9132914354010955 -1.9514367318659591 -1.9918286068756592 -2.034654541445595 -2.0801408405833177 -2.128556730958517 -2.180218820386731 -2.235496260976468 -2.294817228780414 -2.3586777868425925 -2.4276549782018417 -2.5024273827379835 -2.5838089357601253 -2.672804231751832 -2.7707275241172074 -2.879360894025929 -3.0013496852128014 -3.1409642841508534 -3.3058260002361783 -3.5111949379554392 -3.792096805404557 -4.243703491898518 -5.179767353054084 -7.526736773705066 -9.331880955961193 -6.977197846676614 -4.447735451172407 -2.776183675060558 -1.7020018975591422 1.6058972749839873 14.528861519171997 22.889939206629343 8.599358891042222 3.0129787821435845 1.5606638944280682 1.122081893143665 0.9626858423609536 0.8927610373057302 0.8530891204926796 0.8228330358451994 0.7947742461267867 0.7670468963767703 0.7398408753284613 0.7139678069830169 0.6902548759292118 0.6693306870600224 0.6515890556072428 0.6372200513916714 0.6262610312936966 0.6186428269773512 0.6142278370911549 0.6128387816760328 0.6142792670450095 0.618350233936385 0.624860800052465 0.6336377222484366 0.6445306853256966 0.6574167422426134 0.6722016155801663 0.6888204678944002 0.7072363300550624 0.7274378478266751 0.7494356358675556 0.7732581273502128 0.7989464517162292 0.8265473817657096 0.8561053247567877 0.8876490023500071 0.9211720789754136 0.9565986390363721 0.9937194890457942 1.0320653776992161 1.0706362086913597 1.10727434557983 1.1370851988451929 1.1480850045133422 1.1089423650878163 0.9625692402557391 0.8767617385401651 70.93390607900999 5.446528511680356 2.6325589636358364 1.9070150187563006 1.6032974898699364 1.4282066434273906 1.3074307378432235 1.2147416888978704 1.1388339834262786 1.0741362065228 1.0176201425639488 0.9675083473643216 0.922688736928182 0.882424862324878 0.8462030385853987 0.8136469929374319 0.7844676524582664 0.7584328641841087 0.7353482925053683 0.7150448999900954 0.6973707881425519 0.6821858331824682 0.6693578084671314 0.6587601362177696 0.6502705251887472 0.6437707299264981 0.6391467875676199 0.6362910154890133 0.6351048939096484 0.6355044071794786 0.6374285280145623 0.6408529631192575 0.6458125810381313 0.6524383045970006 0.6610180278060398 0.6720996323629523 0.6866621926840638 0.7063985054895857 0.7341598391830323 0.7745823626432773 0.8347275348901848 0.9240056063186424 1.051693691436166 1.2214042171157904 1.433929648659353 1.7385155644002126 2.3688506332668706 3.7667100300643526 5.635198477326066 6.254968445741305 5.126607986785879 -1.6995374192692831 -2.7748315173307683 -4.449691028220576 -6.9842849832041365 -9.329723637361607 -7.537067271010667 -5.181483394330298 -4.244747635274923 -3.7926908159517483 -3.511321902623021 -3.3054783882205134 -3.1401509825538727 -3.000095833328355 -2.8777072614377195 -2.768729270073342 -2.6705291033654817 -2.5813088339531314 -2.4998194632792554 -2.4250317643639567 -2.356134204045757 -2.292447793033484 -2.2333923383776892 -2.178466025432022 -2.127232525779591 -2.0793123916091867 -2.0343768837117375 -1.992143157699298 -1.9523701860450033 -1.9148550633310275 -1.8794295062443092 -1.8459564592908566 -1.8143267778407628 -1.7844559942210478 -1.7562811906385853 -1.729758009395998 -1.7048578314514449 -1.6815651491625496 -1.659875153341701 -1.639791546264963 -1.6213245853622302 -1.6044893548851313 -1.5893042570657696 -1.5757897097513072 -1.5639670343506902 -1.5538575157061418 -1.5454816154082454 -1.5388583200192083 -1.5340046076174219 -1.5309350179311143
-1.5329157148761179 -1.5334739966972415 -1.5358705018973127 -1.5401063001790463 -1.5461785774059555 -1.5540807559889043 -1.56380273234434 -1.575331246364685 -1.588650400776129 -1.6037423506122737 -1.6205881843855485 -1.6391690186096166 -1.6594673264054418 -1.681468518075279 -1.7051627873970578 -1.730547231829756 -1.7576282470924576 -1.7864241886764967 -1.8169682836258865 -1.8493117667240015 -1.8835272077912835 -1.9197119918005154 -1.9579919126302838 -1.998524849748098 -2.0415045151529188 -2.0871642954401954 -2.135781276981132 -2.1876806480824325 -2.243240842584116 -2.302900072313355 -2.367165364635555 -2.436626029976444 -2.5119749181710946 -2.594043477160716 -2.6838617593460783 -2.782764961584815 -2.8925905712697593 -3.0160836432368847 -3.157613281037051 -3.3250550610764478 -3.5341431532039547 -3.820918844513422 -4.282980464059603 -5.241480663045776 -7.6970554310805746 -9.90108108157132 -7.398933550627949 -4.634568167327302 -2.8290062419308954 -1.6830975752847523 2.008157680708411 15.61331369692267 22.056537847060522 8.053207965941942 2.9818492343396743 1.6140869633506645 1.1744898727873823 1.0048734242190887 0.9276568064357732 0.8847132719309587 0.8543968034313179 0.8283943734840227 0.8038245395811474 0.7800663442628656 0.757366050973216 0.736217563656066 0.7171037737226099 0.7004054114481857 0.6863836697210508 0.675191779468322 0.6668954212465625 0.6614922085437325 0.6589307967427732 0.6591265214336038 0.6619748418270305 0.6673631452086208 0.6751802223145112 0.6853239598173699 0.6977067666977965 0.7122595477603729 0.7289337867449999 0.7477017906294884 0.7685559477890125 0.7915067235470734 0.8165795674537726 0.8438107477450105 0.8732419146249728 0.9049126003655663 0.9388490197442458 0.9750457302972619 1.0134345783316536 1.0538260005728706 1.0957912100957947 1.1384100407571605 1.1796792104403044 1.2149923436263603 1.2327834062010992 1.2008315696658436 1.0349651031284055 1.5516333893558092 83.42057134703035 4.2395438902087355 2.261914634937485 1.7883780667301186 1.5691234280997413 1.4305030839353026 1.3278527884605995 1.2449070902605262 1.1744401728153897 1.1127919441976086 1.0579208753632123 1.0085972965793983 0.9640304844748765 0.9236816950137506 0.887163923174027 0.8541848472053668 0.8245136190598206 0.7979599619816278 0.7743611943598254 0.7535734439638773 0.7354658900222532 0.7199165293509556 0.7068096853562371 0.6960340147971562 0.6874814911420274 0.6810467578212723 0.676627966430374 0.6741275676351397 0.6734548310430689 0.6745299928815782 0.6772909926951013 0.681704392426417 0.6877835848846143 0.6956189107169417 0.7054294493413705 0.717651512939587 0.7330958771088096 0.7532232059154036 0.7806285190888637 0.8198547346823506 0.8786090516115856 0.9689897106731689 1.1066773346805974 1.3034005309325347 1.554746901805032 1.869129866231446 2.4229288111632155 3.713026643424964 5.786170075980335 6.8038972577163745 5.6638525419570325 -1.6805660877350856 -2.8274679809333136 -4.636283441330721 -7.405870909968069 -9.898033489659994 -7.706218754555752 -5.242947975781066 -4.283938733888933 -3.8214884513119127 -3.534289092159753 -3.3247618324428343 -3.1568840369515687 -3.0149384540617117 -2.8910319617159086 -2.780878101156757 -2.681710847459188 -2.5917032459789238 -2.5095281419844 -2.4341608580856833 -2.364772572029739 -2.3006703091565504 -2.241261953571938 -2.186035127291746 -2.1345439182676946 -2.086400092890252 -2.0412668621369154 -1.9988540768445597 -1.958914195920535 -1.92123865225717 -1.8856544115816047 -1.8520206242550201 -1.8202253344544037 -1.7901822480161305 -1.7618275810787722 -1.7351170205422257 -1.7100228285646986 -1.6865311210632166 -1.6646393432682332 -1.6443539591495218 -1.6256883637851893 -1.6086610203810308 -1.5932938179897735 -1.5796106405104793 -1.5676361340169567 -1.5573946567906445 -1.5489093953960906 -1.542201630028793 -1.5372901332371718 -1.5341906881617062
-1.5356111577732903 -1.5362117553612593 -1.5386744767120062 -1.5429990369150115 -1.5491807875564725 -1.5572108836969374 -1.5670765815665573 -1.5787616812923364 -1.592247131819496 -1.6075118170492473 -1.624533543030822 -1.6432902459962295 -1.663761439121877 -1.6859299128110197 -1.7097836986370802 -1.735318300909534 -1.7625391923481197 -1.7914645619274117 -1.8221282942481785 -1.8545831512935262 -1.8889041206558752 -1.9251918904985839 -1.9635764129734408 -2.0042205270723312 -2.047323633688684 -2.0931254545611875 -2.1419099752202673 -2.1940097801003775 -2.2498111670061007 -2.3097607181942443 -2.3743744895896817 -2.4442518109885416 -2.5200971667111665 -2.6027563552191104 -2.6932784007374124 -2.7930254091420355 -2.903875614909054 -3.0286178116118236 -3.171766685718374 -3.3413856829615263 -3.553642069063674 -3.8452377944326974 -4.31538611709901 -5.288805776657206 -7.820214253502783 -10.42219208751225 -7.81470439104695 -4.819171860456711 -2.881532970080516 -1.6657420216053533 2.079218742259658 15.689268583518242 21.50173302468237 7.947467126858692 3.059059781618444 1.690931154937446 1.232887519962452 1.0507578948509952 0.9669765561587672 0.9213782448056385 0.8907540824159815 0.8657259587831716 0.8426932602664544 0.8205623449175881 0.7992894648469513 0.7792116251487401 0.7607487892334873 0.7442813368763849 0.7301094668743192 0.7184477860349268 0.7094336039138144 0.7031397683839059 0.6995879672308334 0.6987619058800405 0.7006187275291246 0.7051001761144426 0.7121411184936667 0.7216779713828756 0.7336539578101231 0.7480240085149585 0.7647572984859088 0.7838383965983164 0.8052673005815862 0.829058463089307 0.8552383692706643 0.883842587257291 0.9149111489375361 0.9484821836036773 0.9845823914191654 1.023210762681456 1.0643114462464873 1.107721872761285 1.1530687867514415 1.1995450501977818 1.2453833400133005 1.2864874030730826 1.3124118673190233 1.2928709994267669 1.132914707461854 1.2615707359594552 100.64777544302093 3.312745569708024 2.0380216570804635 1.7247470320885305 1.5596142720130604 1.4446979953854435 1.3538705958553372 1.2772007910631968 1.2101142231734192 1.1502200931837523 1.0961447936687996 1.0470358062522696 1.0023269774217807 0.9616193235949264 0.9246157909382848 0.89108449037608 0.8608364921985439 0.8337120818517401 0.8095718112651595 0.7882906771774021 0.7697539067111889 0.7538540178775799 0.7404887439046937 0.7295595775422525 0.7209707845738639 0.7146290761273004 0.710443580758225 0.7083271975348024 0.7081979273661747 0.7099825622951044 0.7136220283051984 0.7190804103562887 0.7263599541411023 0.7355266464500999 0.7467538876573955 0.7604014479581123 0.777157540513859 0.7983057996523428 0.8262283172467884 0.8653549558162088 0.9238655619361154 1.0162617344056997 1.1651503224205921 1.3945743215726658 1.7036699020991404 2.0607961894666884 2.571934268463447 3.764031333128975 5.987737431124437 7.374098156703901 6.141319643710722 -1.6632871537285652 -2.8799156800240078 -4.820589843444306 -7.8211413824079115 -10.418416310814283 -7.8235712079608755 -5.2900183804839305 -4.316229629246346 -3.8457588647308576 -3.553795697331212 -3.3411215549252957 -3.1711118651848653 -3.0275885730016334 -2.9025031824113454 -2.791354725414103 -2.6913664512482476 -2.6006701174209956 -2.5179112962156815 -2.4420461668019606 -2.372231584802566 -2.3077631698344754 -2.248039211248673 -2.1925389125647485 -2.140808771541598 -2.092453621317732 -2.04713033419345 -2.004543018953508 -1.964439026456697 -1.9266053673827848 -1.8908653222177487 -1.8570751345774204 -1.8251207444118143 -1.7949145590171736 -1.7663922822701055 -1.7395098329030712 -1.7142403859938269 -1.6905715699647714 -1.6685028460173297 -1.6480430907252468 -1.6292083945517746 -1.6120200829126734 -1.5965029588779311 -1.5826837618926388 -1.570589832372505 -1.5602479688599624 -1.5516834629252385 -1.5449192962651956 -1.539975485055699 -1.5368685581166364
-1.537777058347965 -1.5384332495099402 -1.540971032055977 -1.5453886079782864 -1.551679430058809 -1.5598324155453862 -1.569832302062105 -1.5816601593152828 -1.5952940728975393 -1.6107100180815028 -1.627882941908852 -1.6467880711374006 -1.6674024616095566 -1.6897068007408151 -1.713687469924838 -1.7393388673825922 -1.7666659835434437 -1.7956872141051006 -1.82643738598325 -1.8589709646997499 -1.8933654051559823 -1.92972460535959 -1.9681824256367364 -2.0089062471206636 -2.0521005663449694 -2.0980106658617745 -2.146926470070719 -2.199186808987414 -2.2551844962142784 -2.315372924500828 -2.3802753790630287 -2.4504991199878527 -2.5267577949152593 -2.6099085355373464 -2.7010154803038757 -2.8014624083412367 -2.9131606664841745 -3.0389524375380725 -3.183442678526601 -3.3548543712065904 -3.5695958408963993 -3.8650207532503305 -4.341335397931482 -5.324230730660355 -7.897398348623071 -10.890624200715347 -8.202461259199977 -4.991453252455222 -2.930515658215783 -1.6502055635208408 -0.8039366404498198 15.080163056413145 21.100252157526555 8.024451072867533 3.158874003298883 1.7623395046637353 1.2860102372042759 1.0944021519223543 1.0058790831239937 0.9581061905601986 0.9267573755582069 0.9017951681132255 0.8791911284435608 0.8575729386460988 0.836727059201689 0.8169000269857019 0.7984751506081419 0.781831630550347 0.7672889963035827 0.7550931210574199 0.7454186271269885 0.7383784741107603 0.734034718881173 0.7324108288115593 0.7335018969050372 0.7372852295808301 0.7437284539192504 0.752797110343234 0.7644600998517671 0.7786941461854737 0.7954860693750017 0.8148343578633309 0.8367496903919274 0.8612537209589144 0.8883780672517917 0.9181612933153402 0.950646008685001 0.9858731573796233 1.023874366674447 1.064658603502353 1.108189721014969 1.1543437420364022 1.2028245191864646 1.2529801252753958 1.3033735253820793 1.3506557125535905 1.3862106175260693 1.3844335928299638 1.256345291502722 1.0423290384642492 126.33035146922305 2.7194007945508325 1.9165257057685003 1.697046427218854 1.5646276346264596 1.464434476820411 1.3810173531691152 1.3082252979080429 1.24312458074432 1.184135736346594 1.1303242696737685 1.0810915367302232 1.0360253368141055 0.9948241093091145 0.9572548157216758 0.9231289651736994 0.8922883002280315 0.8645958175249724 0.839930028926266 0.8181805962620956 0.7992455989646523 0.7830294633105869 0.7694409099257016 0.7583921142371796 0.7497977764294952 0.7435745556881481 0.7396412580094125 0.7379195147962476 0.7383352902699244 0.7408214934890991 0.7453230933115984 0.7518042259649691 0.7602613109597638 0.770745061456884 0.7833993936489649 0.7985312446263253 0.8167443491289174 0.8391987590074679 0.8681342442804261 0.9079446098296868 0.9673621924571131 1.0635184046513326 1.2272469275300204 1.4999680171281393 1.8926162773406348 2.324097606243318 2.799139720346253 3.8773642660585557 6.204892716739099 7.943568196743888 -0.8021202314624758 -1.6479835435641257 -2.9289565698672897 -4.992551902746485 -8.208066966379516 -10.8986759592339 -7.899798290004027 -5.3251938194658415 -4.342041155539593 -3.8654507165540064 -3.5697188015360384 -3.354650810956459 -3.1829100527012466 -3.0381025057152864 -2.9120184343210243 -2.800065003020855 -2.6994106749146303 -2.608152958667974 -2.524914915234171 -2.448637092122251 -2.378464825270555 -2.3136847159668013 -2.253687591198504 -2.1979461994457887 -2.146001284398578 -2.097452470923968 -2.051951906984332 -2.0091994553941275 -1.9689387246860914 -1.9309535250980443 -1.8950645178572523 -1.8611259395049293 -1.829022352399256 -1.7986654159881363 -1.769990697433508 -1.7429545525952514 -1.7175311131812352 -1.6937094143439708 -1.67149069279388 -1.6508858795065449 -1.6319133035870668 -1.6145966168233898 -1.5989629419067266 -1.5850412411617218 -1.5728608981350252 -1.5624505008111653 -1.5538368128361548 -1.5470439186216813 -1.5420925276350992 -1.5389994251644716
-1.5394373136221655 -1.5401600710458971 -1.542779291020785 -1.5472915540384256 -1.5536884033726965 -1.56195660422772 -1.5720785539474587 -1.5840328564217478 -1.5977950759848336 -1.6133386877224896 -1.6306362407508779 -1.6496607504715795 -1.670387332884234 -1.6927950900501016 -1.7168692507879144 -1.7426035635452766 -1.7700029308687981 -1.799086267163523 -1.8298895523847818 -1.862469048053714 -1.896904636273925 -1.9333032408791082 -1.971802294753258 -2.0125732289940927 -2.0558249858895024 -2.101807601424233 -2.1508159753119704 -2.203194063737702 -2.2593399156598317 -2.319712278973929 -2.3848400072353466 -2.4553363647026543 -2.5319218651824285 -2.615462119229658 -2.707032643522837 -2.8080336973671916 -2.920402040547127 -3.047021037982482 -3.192565169708016 -3.3653789557461926 -3.582088401058395 -3.8804306409411824 -4.361080921007881 -5.349786127036293 -7.946028697110915 -11.241871083364618 -8.53825639132166 -5.140642406994376 -2.972739102994051 -1.637015684546909 -0.7590863288108214 14.09378740152777 20.86038252684977 8.098864671592107 3.201117847104982 1.7965512280414564 1.319751826340854 1.1277183340303187 1.038148527777751 0.9893349529957355 0.9573489148948509 0.9321868822111637 0.9096637334542639 0.8882177369555814 0.8674935094197957 0.8476605482045645 0.8290779873276148 0.8121338168536882 0.7971729804131515 0.7844710654091193 0.7742322323641234 0.7665953165012428 0.76164609940579 0.7594288092994897 0.7599591610394996 0.7632345401630957 0.7692424475165714 0.7779685741935966 0.7894011858920296 0.8035350584007656 0.8203735747094206 0.8399298383805606 0.8622264645978128 0.8872952990051519 0.915175790809302 0.9459134451179758 0.9795566506430453 1.016153180161563 1.0557437931116678 1.0983526214004413 1.1439701981769517 1.192521457144175 1.2438038418615531 1.2973530101210144 1.3521285053405898 1.40569048607414 1.4517226744783844 1.471146866298328 1.39310821292668 1.0485217034710859 169.46860100658674 2.3693958559298625 1.855848557688046 1.688633121540681 1.5754588455250853 1.4842755563243937 1.4054649838198126 1.3350560358558203 1.2711089636240789 1.2125559369973387 1.1587483409700838 1.1092567971140705 1.0637744228368853 1.0220675630715634 0.9839489300075966 0.9492620037103894 0.9178719105702979 0.8896599991510843 0.8645193036487485 0.842352215013072 0.8230678669224669 0.8065809545268743 0.7928100036770706 0.7816758678341529 0.773101614604949 0.7670117592327635 0.7633322933076032 0.7619911220079357 0.7629197503062414 0.7660557159464644 0.7713462825707484 0.7787557600887698 0.7882768270770877 0.7999500997243771 0.8139000701481285 0.8304005663567503 0.8500052898996409 0.8738119542052387 0.9040292032353254 0.9452329885100855 1.0072022530139504 1.111061539721259 1.300069904311955 1.643848295839362 2.1742858159279694 2.711903557544901 3.0758103212873547 3.938100284920937 6.313900057297738 8.45801448101834 -0.7576294937301493 -1.6351808206365215 -2.971389089785974 -5.141428893868497 -8.542741105665765 -11.248102744945959 -7.947641676552177 -5.350442576087348 -4.361614629955455 -3.880771452038547 -3.5821945911300097 -3.365232666445693 -3.192162671618783 -3.046370255835127 -2.919521619447361 -2.8069520781697723 -2.7057868759858446 -2.6140964291577853 -2.5304860432751908 -2.4538840450529387 -2.3834268948423953 -2.3183943769613906 -2.2581717978119826 -2.202227233607445 -2.1500973494066207 -2.10137815096306 -2.055718567302751 -2.012815628795665 -1.9724105087638764 -1.9342850014878397 -1.898258194326875 -1.8641832088851436 -1.8319439581234884 -1.8014519109658846 -1.7726428821677347 -1.7454738786417117 -1.7199200390114018 -1.6959717027893 -1.673631641727879 -1.6529124800390291 -1.633834322896679 -1.6164226056598634 -1.6007061690928175 -1.5867155598256577 -1.5744815501367084 -1.5640338672746854 -1.555400119977226 -1.5486049083524764 -1.543669103317652 -1.54060928279971
-1.5406102988447408 -1.5414077549661045 -1.5441118614795812 -1.5487175270844 -1.5552144348294095 -1.563587343754666 -1.5738165478653139 -1.5858785049552382 -1.5997466497897015 -1.6153924074668395 -1.6327864224073285 -1.651900017171473 -1.6727068922493842 -1.695185074180761 -1.7193191130618508 -1.7451025243321214 -1.7725404618517997 -1.8016526012550027 -1.8324762047331735 -1.8650693316594351 -1.89951415567936 -1.9359203467895871 -1.9744284840505055 -2.0152134770361685 -2.0584880014492057 -2.104505999902459 -2.1535663730315067 -2.20601710483128 -2.262260255679075 -2.3227585650814184 -2.388044918271064 -2.4587368084145673 -2.535559483616114 -2.6193843409049506 -2.711294673366886 -2.812702104195699 -2.925561103022736 -3.0527839583428458 -3.1990940858072667 -3.3729210471628543 -3.591040227441614 -3.891438490648789 -4.3750706903868295 -5.366970984598835 -7.974536166100287 -11.501357923509886 -8.798759099949592 -5.256328718454506 -3.005262500646271 -1.6268261365665861 -0.724644602996178 -0.059564216492202005 21.30092471339163 8.025286249810364 3.0823588379655917 1.747589089296264 1.3121639152649534 1.1379840890407982 1.0546931761878908 1.007643199017534 0.9762654301251029 0.9517988638311109 0.9302503465650644 0.9098511871756835 0.889991441454898 0.8706850194094276 0.8522585086924173 0.8351541784121144 0.8198110226920069 0.806601277348205 0.7958059339459306 0.7876153113394221 0.782144128893167 0.7794502166172411 0.7795543717178791 0.7824568789492834 0.7881498341538641 0.7966260321091981 0.8078840587853022 0.8219311368611673 0.8387841905162555 0.858469728576481 0.881023127360852 0.9064875516613119 0.9349124786179739 0.9663523203188767 1.0008641253426453 1.0385050462716843 1.079328196206184 1.123376288903893 1.1706704659930993 1.221190331235475 1.2748346492979972 1.331338575997447 1.3900801584607123 1.449575185404774 1.5059469808715673 1.5473081444275527 1.527066868908266 1.2314540822505484 259.3030439993389 2.136034888052227 1.8194019063848568 1.6852142596185349 1.584718343333705 1.4996345018478308 1.4239916531659507 1.3552345870585543 1.292086016262022 1.2338244436171444 1.179996473503477 1.1302891926898224 1.084469139426807 1.0423511800908911 1.0037818465743575 0.968629907346086 0.9367805795278459 0.9081314520400613 0.8825900637682168 0.8600710860892582 0.8404949472290808 0.823785904338898 0.8098708004897859 0.7986779025598176 0.790136378676115 0.7841755724717611 0.7807254451279035 0.7797170517739954 0.7810839490403277 0.7847645785507829 0.790706122442056 0.798870926881116 0.8092471654714604 0.821867699149317 0.8368447381884656 0.8544371034631782 0.8751886906406054 0.900228406037642 0.9319613937543728 0.9757510280391233 1.0442065655960213 1.1681826101555957 1.4219609081204307 1.9516221935547455 2.836417492067465 3.485796262283749 3.216263253608611 3.490195953315015 5.899472853323607 -0.059004798719267906 -0.7236257142647674 -1.6255143382773451 -3.0042644802453795 -5.25682812748068 -8.801893130531493 -11.505579416842513 -7.975518505197332 -5.367403148697786 -4.375434104484585 -3.8916746593096496 -3.591118091912423 -3.3728271350925985 -3.1988249956687618 -3.052344500128288 -2.9249636146376923 -2.8119657988035645 -2.7104448106551273 -2.6184512284565478 -2.5345773545721455 -2.4577426224241337 -2.3870771265194817 -2.321855875462705 -2.2614604292638205 -2.2053558125267143 -2.153076138534183 -2.104215252509119 -2.0584202601062844 -2.015386682985543 -1.9748544962577266 -1.9366046096619338 -1.9004555435570523 -1.8662601701447994 -1.8339024633061893 -1.8032942473820697 -1.7743719619507083 -1.7470934740761526 -1.7214349761077261 -1.6973880066684033 -1.6749566294838785 -1.6541547986215666 -1.6350039316800304 -1.6175307052228494 -1.601765079573513 -1.587738553549802 -1.5754826444577616 -1.5650275845269634 -1.5564012219252499 -1.5496281129147147 -1.5447287916739745 -1.5417192046813613
-1.541308976225251 -1.5421860063916824 -1.5449751651413224 -1.5496697034290017 -1.5562575578218323 -1.5647216901038272 -1.5750405877685871 -1.5871889370459697 -1.6011384827343484 -1.616859089344983 -1.6343200183387205 -1.653491434093898 -1.674346148611701 -1.6968616103820344 -1.721022136993936 -1.7468213847132306 -1.7742650401008524 -1.8033737114169033 -1.834185989730984 -1.8667616435346355 -1.9011849067085114 -1.9375678197558108 -1.976053590189903 -2.0168199525987363 -2.0600825366524607 -2.1060982977068883 -2.155169139977306 -2.207645982615848 -2.263933709558043 -2.3244977559699636 -2.3898735995348406 -2.4606813095422 -2.537648875760509 -2.6216509326522277 -2.7137750762139428 -2.815439269704418 -2.9286080295603916 -3.0562103212594147 -3.2029980857155995 -3.3774505981014333 -3.5964297644531724 -3.898061852156062 -4.383426263550472 -5.376916104183355 -7.989195589145452 -11.660071529542899 -8.967096129854053 -5.330064713357793 -3.0252931686637443 -1.6200006629855672 -0.7028917102104917 -0.027306972642800013 0.5033356634823486 0.8379152878158291 0.986290468160038 1.0356963484518853 1.0426021263185645 1.0314437405753094 1.0124709599197723 0.9902740522815291 0.9670787890035757 0.9440472735978045 0.921775425536894 0.9007615448477613 0.8811933797264075 0.8632410383359957 0.8470316767807384 0.8326684745426927 0.8202414209136064 0.809833453325803 0.8015238679828345 0.7953900955585957 0.7915084946164648 0.7899545722367612 0.7908028999511021 0.7941269068226919 0.7999986735762358 0.8084888100769736 0.8196664651355042 0.8335994896398419 0.8503547502306494 0.8699985702354646 0.8925972580096528 0.9182176700971958 0.9469277474026832 0.9787969569019342 1.0138965680606886 1.052299692070023 1.094081012358787 1.1393161382752812 1.1880805244923396 1.2404479305706393 1.2964884895888322 1.3562667418935637 1.4198409317778304 1.4872683537790556 1.5586370672298417 1.634235149378918 1.715796347048085 1.8287150624824993 0.02968744573205628 1.8297060994516008 1.7165991736916044 1.6348321518837046 1.5590119965589853 1.4874123119182932 1.4197525096590464 1.3559516493242618 1.2959589586058649 1.2397219530550188 1.1871809695359063 1.1382697938086592 1.092917593792734 1.0510508569910988 1.0125949705983668 0.9774753692029612 0.9456182686135612 0.9169510359610524 0.8914022573583587 0.8689015680034187 0.8493793111916689 0.8327660924814105 0.8189922935175695 0.8079876056076062 0.7996806355526259 0.7939986249237706 0.7908673085233093 0.7902109185382253 0.791952317512987 0.7960132158373284 0.8023143960258611 0.8107758238831008 0.8213164683451775 0.8338535640316262 0.8483009085236647 0.8645655415380558 0.8825417121364956 0.9021002117982067 0.9230695304712071 0.9452625920980612 0.9681791216533774 0.9912258154607658 1.013243634116793 1.0320120723214574 1.0429500351387118 1.0358256315786307 0.9862427857696885 0.8378155748052767 0.5033728326956244 -0.027047307642903 -0.70236388196527 -1.6192477375872236 -3.02457681518274 -5.3299303349413005 -8.968309901980472 -11.66220092573859 -7.989661276590031 -5.37713147044646 -4.38361036084035 -3.8981824719889167 -3.5964706012365197 -3.3774045278396785 -3.202863171585229 -3.055988844795146 -2.9283061401372525 -2.81506665151799 -2.713344524803577 -2.621177843847352 -2.537150670785552 -2.460176820546474 -2.3893824366867222 -2.324039674454657 -2.26352799266377 -2.2073108555508996 -2.154921227920498 -2.105952139933665 -2.060050167953572 -2.016910560550104 -1.9762732558180687 -1.9379193463159803 -1.9016677389443688 -1.8673718775560268 -1.8349164705822387 -1.804214213402212 -1.7752025225423151 -1.7478403138534817 -1.7221048636719392 -1.6979887917011776 -1.6754972015555498 -1.6546450087723252 -1.635454479027801 -1.6179529918911544 -1.6021710380907932 -1.5881404515108861 -1.5758928719110006 -1.5654584294780933 -1.5568646397996888 -1.550135495649545 -1.5452907419939996 -1.542345321052141
