#### WannierNLQG response tensor
#    Efermi     Omega     xxx     xxy     xyx     xyy     yxx     yxy     yyx     yyy
-2.50000000000000000e+00    0.00000000000000000e+00    0.00000000000000000e+00    0.00000000000000000e+00        0.00000000000000000e+00    0.00000000000000000e+00        0.00000000000000000e+00    0.00000000000000000e+00        0.00000000000000000e+00    0.00000000000000000e+00        0.00000000000000000e+00    0.00000000000000000e+00        0.00000000000000000e+00    0.00000000000000000e+00        0.00000000000000000e+00    0.00000000000000000e+00        0.00000000000000000e+00    0.00000000000000000e+00    
-2.50000000000000000e+00    2.01005025125628144e-02    0.00000000000000000e+00    0.00000000000000000e+00        0.00000000000000000e+00    0.00000000000000000e+00        0.00000000000000000e+00    0.00000000000000000e+00        0.00000000000000000e+00    0.00000000000000000e+00        0.00000000000000000e+00    0.00000000000000000e+00        0.00000000000000000e+00    0.00000000000000000e+00        0.00000000000000000e+00    0.00000000000000000e+00        0.00000000000000000e+00    0.00000000000000000e+00    
-2.50000000000000000e+00    4.02010050251256287e-02    0.00000000000000000e+00    0.00000000000000000e+00        0.00000000000000000e+00    0.00000000000000000e+00        0.00000000000000000e+00    0.00000000000000000e+00        0.00000000000000000e+00    0.00000000000000000e+00        0.00000000000000000e+00    0.00000000000000000e+00        0.00000000000000000e+00    0.00000000000000000e+00        0.00000000000000000e+00    0.00000000000000000e+00        0.00000000000000000e+00    0.00000000000000000e+00    
-2.50000000000000000e+00    6.03015075376884396e-02    0.00000000000000000e+00    0.00000000000000000e+00        0.00000000000000000e+00    0.00000000000000000e+00        0.00000000000000000e+00    0.00000000000000000e+00        0.00000000000000000e+00    0.00000000000000000e+00        0.00000000000000000e+00    0.00000000000000000e+00        0.00000000000000000e+00    0.00000000000000000e+00        0.00000000000000000e+00    0.00000000000000000e+00        0.00000000000000000e+00    0.00000000000000000e+00    
-2.50000000000000000e+00    8.04020100502512575e-02    0.00000000000000000e+00    0.00000000000000000e+00        0.00000000000000000e+00    0.00000000000000000e+00        0.00000000000000000e+00    0.00000000000000000e+00        0.00000000000000000e+00    0.00000000000000000e+00        0.00000000000000000e+00    0.00000000000000000e+00        0.00000000000000000e+00    0.00000000000000000e+00        0.00000000000000000e+00    0.00000000000000000e+00        0.00000000000000000e+00    0.00000000000000000e+00    
-2.50000000000000000e+00    1.00502512562814075e-01    0.00000000000000000e+00    0.00000000000000000e+00        0.00000000000000000e+00    0.00000000000000000e+00        0.00000000000000000e+00    0.00000000000000000e+00        0.00000000000000000e+00    0.00000000000000000e+00        0.00000000000000000e+00    0.00000000000000000e+00        0.00000000000000000e+00    0.00000000000000000e+00        0.00000000000000000e+00    0.00000000000000000e+00        0.00000000000000000e+00    0.00000000000000000e+00    
-2.50000000000000000e+00    1.20603015075376879e-01    0.00000000000000000e+00    0.00000000000000000e+00        0.00000000000000000e+00    0.00000000000000000e+00        0.00000000000000000e+00    0.00000000000000000e+00        0.00000000000000000e+00    0.00000000000000000e+00        0.00000000000000000e+00    0.00000000000000000e+00        0.00000000000000000e+00    0.00000000000000000e+00        0.00000000000000000e+00    0.00000000000000000e+00        0.00000000000000000e+00    0.00000000000000000e+00    
-2.50000000000000000e+00    1.40703517587939697e-01    0.00000000000000000e+00    0.00000000000000000e+00        0.00000000000000000e+00    0.00000000000000000e+00        0.00000000000000000e+00    0.00000000000000000e+00        0.00000000000000000e+00    0.00000000000000000e+00        0.00000000000000000e+00    0.00000000000000000e+00        0.00000000000000000e+00    0.00000000000000000e+00        0.00000000000000000e+00    0.00000000000000000e+00        0.00000000000000000e+00    0.00000000000000000e+00    
-2.50000000000000000e+00    1.60804020100502515e-01    0.00000000000000000e+00    0.00000000000000000e+00        0.00000000000000000e+00    0.00000000000000000e+00        0.00000000000000000e+00    0.00000000000000000e+00        0.00000000000000000e+00    0.00000000000000000e+00        0.00000000000000000e+00    0.00000000000000000e+00        0.00000000000000000e+00    0.00000000000000000e+00        0.00000000000000000e+00    0.00000000000000000e+00        0.00000000000000000e+00    0.00000000000000000e+00    
-2.50000000000000000e+00    1.80904522613065333e-01    0.00000000000000000e+00    0.00000000000000000e+00        0.00000000000000000e+00    0.00000000000000000e+00        0.00000000000000000e+00    0.00000000000000000e+00        0.00000000000000000e+00    0.00000000000000000e+00        0.00000000000000000e+00    0.00000000000000000e+00        0.00000000000000000e+00    0.00000000000000000e+00        0.00000000000000000e+00    0.00000000000000000e+00        0.00000000000000000e+00    0.00000000000000000e+00    
-2.50000000000000000e+00    2.01005025125628151e-01    0.00000000000000000e+00    0.00000000000000000e+00        0.00000000000000000e+00    0.00000000000000000e+00        0.00000000000000000e+00    0.00000000000000000e+00        0.00000000000000000e+00    0.00000000000000000e+00        0.00000000000000000e+00    0.00000000000000000e+00        0.00000000000000000e+00    0.00000000000000000e+00        0.00000000000000000e+00    0.00000000000000000e+00        0.00000000000000000e+00    0.00000000000000000e+00    
-2.50000000000000000e+00    2.21105527638190968e-01    0.00000000000000000e+00    0.00000000000000000e+00        0.00000000000000000e+00    0.00000000000000000e+00        0.00000000000000000e+00    0.00000000000000000e+00        0.00000000000000000e+00    0.00000000000000000e+00        0.00000000000000000e+00    0.00000000000000000e+00        0.00000000000000000e+00    0.00000000000000000e+00        0.00000000000000000e+00    0.00000000000000000e+00        0.00000000000000000e+00    0.00000000000000000e+00    
-2.50000000000000000e+00    2.41206030150753759e-01    0.00000000000000000e+00    0.00000000000000000e+00        0.00000000000000000e+00    0.00000000000000000e+00        0.00000000000000000e+00    0.00000000000000000e+00        0.00000000000000000e+00    0.00000000000000000e+00        0.00000000000000000e+00    0.00000000000000000e+00        0.00000000000000000e+00    0.00000000000000000e+00        0.00000000000000000e+00    0.00000000000000000e+00        0.00000000000000000e+00    0.00000000000000000e+00    
-2.50000000000000000e+00    2.61306532663316604e-01    0.00000000000000000e+00    0.00000000000000000e+00        0.00000000000000000e+00    0.00000000000000000e+00        0.00000000000000000e+00    0.00000000000000000e+00        0.00000000000000000e+00    0.00000000000000000e+00        0.00000000000000000e+00    0.00000000000000000e+00        0.00000000000000000e+00    0.00000000000000000e+00        0.00000000000000000e+00    0.00000000000000000e+00        0.00000000000000000e+00    0.00000000000000000e+00    
-2.50000000000000000e+00    2.81407035175879394e-01    0.00000000000000000e+00    0.00000000000000000e+00        0.00000000000000000e+00    0.00000000000000000e+00        0.00000000000000000e+00    0.00000000000000000e+00        0.00000000000000000e+00    0.00000000000000000e+00        0.00000000000000000e+00    0.00000000000000000e+00        0.00000000000000000e+00    0.00000000000000000e+00        0.00000000000000000e+00    0.00000000000000000e+00        0.00000000000000000e+00    0.00000000000000000e+00    
-2.50000000000000000e+00    3.01507537688442184e-01    0.00000000000000000e+00    0.00000000000000000e+00        0.00000000000000000e+00    0.00000000000000000e+00        0.00000000000000000e+00    0.00000000000000000e+00        0.00000000000000000e+00    0.00000000000000000e+00        0.00000000000000000e+00    0.00000000000000000e+00        0.00000000000000000e+00    0.00000000000000000e+00        0.00000000000000000e+00    0.00000000000000000e+00        0.00000000000000000e+00    0.00000000000000000e+00    
-2.50000000000000000e+00    3.21608040201005030e-01    0.00000000000000000e+00    0.00000000000000000e+00        0.00000000000000000e+00    0.00000000000000000e+00        0.00000000000000000e+00    0.00000000000000000e+00        0.00000000000000000e+00    0.00000000000000000e+00        0.00000000000000000e+00    0.00000000000000000e+00        0.00000000000000000e+00    0.00000000000000000e+00        0.00000000000000000e+00    0.00000000000000000e+00        0.00000000000000000e+00    0.00000000000000000e+00    
-2.50000000000000000e+00    3.41708542713567820e-01    0.00000000000000000e+00    0.00000000000000000e+00        0.00000000000000000e+00    0.00000000000000000e+00        0.00000000000000000e+00    0.00000000000000000e+00        0.00000000000000000e+00    0.00000000000000000e+00        0.00000000000000000e+00    0.00000000000000000e+00        0.00000000000000000e+00    0.00000000000000000e+00        0.00000000000000000e+00    0.00000000000000000e+00        0.00000000000000000e+00    0.00000000000000000e+00    
-2.50000000000000000e+00    3.61809045226130666e-01    0.00000000000000000e+00    0.00000000000000000e+00        0.00000000000000000e+00    0.00000000000000000e+00        0.00000000000000000e+00    0.00000000000000000e+00        0.00000000000000000e+00    0.00000000000000000e+00        0.00000000000000000e+00    0.00000000000000000e+00        0.00000000000000000e+00    0.00000000000000000e+00        0.00000000000000000e+00    0.00000000000000000e+00        0.00000000000000000e+00    0.00000000000000000e+00    
-2.50000000000000000e+00    3.81909547738693456e-01    0.00000000000000000e+00    0.00000000000000000e+00        0.00000000000000000e+00    0.00000000000000000e+00        0.00000000000000000e+00    0.00000000000000000e+00        0.00000000000000000e+00    0.00000000000000000e+00        0.00000000000000000e+00    0.00000000000000000e+00        0.00000000000000000e+00    0.00000000000000000e+00        0.00000000000000000e+00    0.00000000000000000e+00        0.00000000000000000e+00    0.00000000000000000e+00    
-2.50000000000000000e+00    4.02010050251256301e-01    0.00000000000000000e+00    0.00000000000000000e+00        0.00000000000000000e+00    0.00000000000000000e+00        0.00000000000000000e+00    0.00000000000000000e+00        0.00000000000000000e+00    0.00000000000000000e+00        0.00000000000000000e+00    0.00000000000000000e+00        0.00000000000000000e+00    0.00000000000000000e+00        0.00000000000000000e+00    0.00000000000000000e+00        0.00000000000000000e+00    0.00000000000000000e+00    
-2.50000000000000000e+00    4.22110552763819091e-01    0.00000000000000000e+00    0.00000000000000000e+00        0.00000000000000000e+00    0.00000000000000000e+00        0.00000000000000000e+00    0.00000000000000000e+00        0.00000000000000000e+00    0.00000000000000000e+00        0.00000000000000000e+00    0.00000000000000000e+00        0.00000000000000000e+00    0.00000000000000000e+00        0.00000000000000000e+00    0.00000000000000000e+00        0.00000000000000000e+00    0.00000000000000000e+00    
-2.50000000000000000e+00    4.42211055276381937e-01    0.00000000000000000e+00    0.00000000000000000e+00        0.00000000000000000e+00    0.00000000000000000e+00        0.00000000000000000e+00    0.00000000000000000e+00        0.00000000000000000e+00    0.00000000000000000e+00        0.00000000000000000e+00    0.00000000000000000e+00        0.00000000000000000e+00    0.00000000000000000e+00        0.00000000000000000e+00    0.00000000000000000e+00        0.00000000000000000e+00    0.00000000000000000e+00    
-2.50000000000000000e+00    4.62311557788944727e-01    0.00000000000000000e+00    0.00000000000000000e+00        0.00000000000000000e+00    0.00000000000000000e+00        0.00000000000000000e+00    0.00000000000000000e+00        0.00000000000000000e+00    0.00000000000000000e+00        0.00000000000000000e+00    0.00000000000000000e+00        0.00000000000000000e+00    0.00000000000000000e+00        0.00000000000000000e+00    0.00000000000000000e+00        0.00000000000000000e+00    0.00000000000000000e+00    
-2.50000000000000000e+00    4.82412060301507517e-01    0.00000000000000000e+00    0.00000000000000000e+00        0.00000000000000000e+00    0.00000000000000000e+00        0.00000000000000000e+00    0.00000000000000000e+00        0.00000000000000000e+00    0.00000000000000000e+00        0.00000000000000000e+00    0.00000000000000000e+00        0.00000000000000000e+00    0.00000000000000000e+00        0.00000000000000000e+00    0.00000000000000000e+00        0.00000000000000000e+00    0.00000000000000000e+00    
-2.50000000000000000e+00    5.02512562814070307e-01    0.00000000000000000e+00    0.00000000000000000e+00        0.00000000000000000e+00    0.00000000000000000e+00        0.00000000000000000e+00    0.00000000000000000e+00        0.00000000000000000e+00    0.00000000000000000e+00        0.00000000000000000e+00    0.00000000000000000e+00        0.00000000000000000e+00    0.00000000000000000e+00        0.00000000000000000e+00    0.00000000000000000e+00        0.00000000000000000e+00    0.00000000000000000e+00    
-2.50000000000000000e+00    5.22613065326633208e-01    0.00000000000000000e+00    0.00000000000000000e+00        0.00000000000000000e+00    0.00000000000000000e+00        0.00000000000000000e+00    0.00000000000000000e+00        0.00000000000000000e+00    0.00000000000000000e+00        0.00000000000000000e+00    0.00000000000000000e+00        0.00000000000000000e+00    0.00000000000000000e+00        0.00000000000000000e+00    0.00000000000000000e+00        0.00000000000000000e+00    0.00000000000000000e+00    
-2.50000000000000000e+00    5.42713567839195998e-01    0.00000000000000000e+00    0.00000000000000000e+00        0.00000000000000000e+00    0.00000000000000000e+00        0.00000000000000000e+00    0.00000000000000000e+00        0.00000000000000000e+00    0.00000000000000000e+00        0.00000000000000000e+00    0.00000000000000000e+00        0.00000000000000000e+00    0.00000000000000000e+00        0.00000000000000000e+00    0.00000000000000000e+00        0.00000000000000000e+00    0.00000000000000000e+00    
-2.50000000000000000e+00    5.62814070351758788e-01    0.00000000000000000e+00    0.00000000000000000e+00        0.00000000000000000e+00    0.00000000000000000e+00        0.00000000000000000e+00    0.00000000000000000e+00        0.00000000000000000e+00    0.00000000000000000e+00        0.00000000000000000e+00    0.00000000000000000e+00        0.00000000000000000e+00    0.00000000000000000e+00        0.00000000000000000e+00    0.00000000000000000e+00        0.00000000000000000e+00    0.00000000000000000e+00    
-2.50000000000000000e+00    5.82914572864321578e-01    0.00000000000000000e+00    0.00000000000000000e+00        0.00000000000000000e+00    0.00000000000000000e+00        0.00000000000000000e+00    0.00000000000000000e+00        0.00000000000000000e+00    0.00000000000000000e+00        0.00000000000000000e+00    0.00000000000000000e+00        0.00000000000000000e+00    0.00000000000000000e+00        0.00000000000000000e+00    0.00000000000000000e+00        0.00000000000000000e+00    0.00000000000000000e+00    
-2.50000000000000000e+00    6.03015075376884369e-01    0.00000000000000000e+00    0.00000000000000000e+00        0.00000000000000000e+00    0.00000000000000000e+00        0.00000000000000000e+00    0.00000000000000000e+00        0.00000000000000000e+00    0.00000000000000000e+00        0.00000000000000000e+00    0.00000000000000000e+00        0.00000000000000000e+00    0.00000000000000000e+00        0.00000000000000000e+00    0.00000000000000000e+00        0.00000000000000000e+00    0.00000000000000000e+00    
-2.50000000000000000e+00    6.23115577889447270e-01    0.00000000000000000e+00    0.00000000000000000e+00        0.00000000000000000e+00    0.00000000000000000e+00        0.00000000000000000e+00    0.00000000000000000e+00        0.00000000000000000e+00    0.00000000000000000e+00        0.00000000000000000e+00    0.00000000000000000e+00        0.00000000000000000e+00    0.00000000000000000e+00        0.00000000000000000e+00    0.00000000000000000e+00        0.00000000000000000e+00    0.00000000000000000e+00    
-2.50000000000000000e+00    6.43216080402010060e-01    0.00000000000000000e+00    0.00000000000000000e+00        0.00000000000000000e+00    0.00000000000000000e+00        0.00000000000000000e+00    0.00000000000000000e+00        0.00000000000000000e+00    0.00000000000000000e+00        0.00000000000000000e+00    0.00000000000000000e+00        0.00000000000000000e+00    0.00000000000000000e+00        0.00000000000000000e+00    0.00000000000000000e+00        0.00000000000000000e+00    0.00000000000000000e+00    
-2.50000000000000000e+00    6.63316582914572850e-01    0.00000000000000000e+00    0.00000000000000000e+00        0.00000000000000000e+00    0.00000000000000000e+00        0.00000000000000000e+00    0.00000000000000000e+00        0.00000000000000000e+00    0.00000000000000000e+00        0.00000000000000000e+00    0.00000000000000000e+00        0.00000000000000000e+00    0.00000000000000000e+00        0.00000000000000000e+00    0.00000000000000000e+00        0.00000000000000000e+00    0.00000000000000000e+00    
-2.50000000000000000e+00    6.83417085427135640e-01    0.00000000000000000e+00    0.00000000000000000e+00        0.00000000000000000e+00    0.00000000000000000e+00        0.00000000000000000e+00    0.00000000000000000e+00        0.00000000000000000e+00    0.00000000000000000e+00        0.00000000000000000e+00    0.00000000000000000e+00        0.00000000000000000e+00    0.00000000000000000e+00        0.00000000000000000e+00    0.00000000000000000e+00        0.00000000000000000e+00    0.00000000000000000e+00    
-2.50000000000000000e+00    7.03517587939698541e-01    0.00000000000000000e+00    0.00000000000000000e+00        0.00000000000000000e+00    0.00000000000000000e+00        0.00000000000000000e+00    0.00000000000000000e+00        0.00000000000000000e+00    0.00000000000000000e+00        0.00000000000000000e+00    0.00000000000000000e+00        0.00000000000000000e+00    0.00000000000000000e+00        0.00000000000000000e+00    0.00000000000000000e+00        0.00000000000000000e+00    0.00000000000000000e+00    
-2.50000000000000000e+00    7.23618090452261331e-01    0.00000000000000000e+00    0.00000000000000000e+00        0.00000000000000000e+00    0.00000000000000000e+00        0.00000000000000000e+00    0.00000000000000000e+00        0.00000000000000000e+00    0.00000000000000000e+00        0.00000000000000000e+00    0.00000000000000000e+00        0.00000000000000000e+00    0.00000000000000000e+00        0.00000000000000000e+00    0.00000000000000000e+00        0.00000000000000000e+00    0.00000000000000000e+00    
-2.50000000000000000e+00    7.43718592964824121e-01    0.00000000000000000e+00    0.00000000000000000e+00        0.00000000000000000e+00    0.00000000000000000e+00        0.00000000000000000e+00    0.00000000000000000e+00        0.00000000000000000e+00    0.00000000000000000e+00        0.00000000000000000e+00    0.00000000000000000e+00        0.00000000000000000e+00    0.00000000000000000e+00        0.00000000000000000e+00    0.00000000000000000e+00        0.00000000000000000e+00    0.00000000000000000e+00    
-2.50000000000000000e+00    7.63819095477386911e-01    0.00000000000000000e+00    0.00000000000000000e+00        0.00000000000000000e+00    0.00000000000000000e+00        0.00000000000000000e+00    0.00000000000000000e+00        0.00000000000000000e+00    0.00000000000000000e+00        0.00000000000000000e+00    0.00000000000000000e+00        0.00000000000000000e+00    0.00000000000000000e+00        0.00000000000000000e+00    0.00000000000000000e+00        0.00000000000000000e+00    0.00000000000000000e+00    
-2.50000000000000000e+00    7.83919597989949701e-01    0.00000000000000000e+00    0.00000000000000000e+00        0.00000000000000000e+00    0.00000000000000000e+00        0.00000000000000000e+00    0.00000000000000000e+00        0.00000000000000000e+00    0.00000000000000000e+00        0.00000000000000000e+00    0.00000000000000000e+00        0.00000000000000000e+00    0.00000000000000000e+00        0.00000000000000000e+00    0.00000000000000000e+00        0.00000000000000000e+00    0.00000000000000000e+00    
-2.50000000000000000e+00    8.04020100502512602e-01    0.00000000000000000e+00    0.00000000000000000e+00        0.00000000000000000e+00    0.00000000000000000e+00        0.00000000000000000e+00    0.00000000000000000e+00        0.00000000000000000e+00    0.00000000000000000e+00        0.00000000000000000e+00    0.00000000000000000e+00        0.00000000000000000e+00    0.00000000000000000e+00        0.00000000000000000e+00    0.00000000000000000e+00        0.00000000000000000e+00    0.00000000000000000e+00    
-2.50000000000000000e+00    8.24120603015075393e-01    0.00000000000000000e+00    0.00000000000000000e+00        0.00000000000000000e+00    0.00000000000000000e+00        0.00000000000000000e+00    0.00000000000000000e+00        0.00000000000000000e+00    0.00000000000000000e+00        0.00000000000000000e+00    0.00000000000000000e+00        0.00000000000000000e+00    0.00000000000000000e+00        0.00000000000000000e+00    0.00000000000000000e+00        0.00000000000000000e+00    0.00000000000000000e+00    
-2.50000000000000000e+00    8.44221105527638183e-01    0.00000000000000000e+00    0.00000000000000000e+00        0.00000000000000000e+00    0.00000000000000000e+00        0.00000000000000000e+00    0.00000000000000000e+00        0.00000000000000000e+00    0.00000000000000000e+00        0.00000000000000000e+00    0.00000000000000000e+00        0.00000000000000000e+00    0.00000000000000000e+00        0.00000000000000000e+00    0.00000000000000000e+00        0.00000000000000000e+00    0.00000000000000000e+00    
-2.50000000000000000e+00    8.64321608040200973e-01    0.00000000000000000e+00    0.00000000000000000e+00        0.00000000000000000e+00    0.00000000000000000e+00        0.00000000000000000e+00    0.00000000000000000e+00        0.00000000000000000e+00    0.00000000000000000e+00        0.00000000000000000e+00    0.00000000000000000e+00        0.00000000000000000e+00    0.00000000000000000e+00        0.00000000000000000e+00    0.00000000000000000e+00        0.00000000000000000e+00    0.00000000000000000e+00    
-2.50000000000000000e+00    8.84422110552763874e-01    0.00000000000000000e+00    0.00000000000000000e+00        0.00000000000000000e+00    0.00000000000000000e+00        0.00000000000000000e+00    0.00000000000000000e+00        0.00000000000000000e+00    0.00000000000000000e+00        0.00000000000000000e+00    0.00000000000000000e+00        0.00000000000000000e+00    0.00000000000000000e+00        0.00000000000000000e+00    0.00000000000000000e+00        0.00000000000000000e+00    0.00000000000000000e+00    
-2.50000000000000000e+00    9.04522613065326664e-01    0.00000000000000000e+00    0.00000000000000000e+00        0.00000000000000000e+00    0.00000000000000000e+00        0.00000000000000000e+00    0.00000000000000000e+00        0.00000000000000000e+00    0.00000000000000000e+00        0.00000000000000000e+00    0.00000000000000000e+00        0.00000000000000000e+00    0.00000000000000000e+00        0.00000000000000000e+00    0.00000000000000000e+00        0.00000000000000000e+00    0.00000000000000000e+00    
-2.50000000000000000e+00    9.24623115577889454e-01    0.00000000000000000e+00    0.00000000000000000e+00        0.00000000000000000e+00    0.00000000000000000e+00        0.00000000000000000e+00    0.00000000000000000e+00        0.00000000000000000e+00    0.00000000000000000e+00        0.00000000000000000e+00    0.00000000000000000e+00        0.00000000000000000e+00    0.00000000000000000e+00        0.00000000000000000e+00    0.00000000000000000e+00        0.00000000000000000e+00    0.00000000000000000e+00    
-2.50000000000000000e+00    9.44723618090452244e-01    0.00000000000000000e+00    0.00000000000000000e+00        0.00000000000000000e+00    0.00000000000000000e+00        0.00000000000000000e+00    0.00000000000000000e+00        0.00000000000000000e+00    0.00000000000000000e+00        0.00000000000000000e+00    0.00000000000000000e+00        0.00000000000000000e+00    0.00000000000000000e+00        0.00000000000000000e+00    0.00000000000000000e+00        0.00000000000000000e+00    0.00000000000000000e+00    
-2.50000000000000000e+00    9.64824120603015034e-01    0.00000000000000000e+00    0.00000000000000000e+00        0.00000000000000000e+00    0.00000000000000000e+00        0.00000000000000000e+00    0.00000000000000000e+00        0.00000000000000000e+00    0.00000000000000000e+00        0.00000000000000000e+00    0.00000000000000000e+00        0.00000000000000000e+00    0.00000000000000000e+00        0.00000000000000000e+00    0.00000000000000000e+00        0.00000000000000000e+00    0.00000000000000000e+00    
-2.50000000000000000e+00    9.84924623115577935e-01    0.00000000000000000e+00    0.00000000000000000e+00        0.00000000000000000e+00    0.00000000000000000e+00        0.00000000000000000e+00    0.00000000000000000e+00        0.00000000000000000e+00    0.00000000000000000e+00        0.00000000000000000e+00    0.00000000000000000e+00        0.00000000000000000e+00    0.00000000000000000e+00        0.00000000000000000e+00    0.00000000000000000e+00        0.00000000000000000e+00    0.00000000000000000e+00    
-2.50000000000000000e+00    1.00502512562814061e+00    0.00000000000000000e+00    0.00000000000000000e+00        0.00000000000000000e+00    0.00000000000000000e+00        0.00000000000000000e+00    0.00000000000000000e+00        0.00000000000000000e+00    0.00000000000000000e+00        0.00000000000000000e+00    0.00000000000000000e+00        0.00000000000000000e+00    0.00000000000000000e+00        0.00000000000000000e+00    0.00000000000000000e+00        0.00000000000000000e+00    0.00000000000000000e+00    
-2.50000000000000000e+00    1.02512562814070352e+00    0.00000000000000000e+00    0.00000000000000000e+00        0.00000000000000000e+00    0.00000000000000000e+00        0.00000000000000000e+00    0.00000000000000000e+00        0.00000000000000000e+00    0.00000000000000000e+00        0.00000000000000000e+00    0.00000000000000000e+00        0.00000000000000000e+00    0.00000000000000000e+00        0.00000000000000000e+00    0.00000000000000000e+00        0.00000000000000000e+00    0.00000000000000000e+00    
-2.50000000000000000e+00    1.04522613065326642e+00    1.26518087629375479e-98    -1.16533355751369722e-100        -2.46310982283235901e-92    2.95442995669676298e-99        -2.38174673370568388e-92    -2.59800401300093530e-99        1.43105734442780997e-94    4.35909378824240364e-99        -7.17979596802398203e-95    -9.43307708968126490e-102        4.81748455459271123e-95    -9.12790549402707655e-99        7.69576716185266203e-95    9.51930151798483539e-99        -8.41682527032906714e-92    -9.29557847431197758e-100    
-2.50000000000000000e+00    1.06532663316582910e+00    1.55748480083376992e-94    -1.17057163245408542e-96        -2.47350824113561858e-88    2.94542279284691035e-95        -2.39200588447932833e-88    -2.58719323444566095e-95        1.43298647778281781e-90    4.36897234804590996e-95        -7.40777762915885842e-91    -9.29073326632172679e-98        4.82316611171720857e-91    -9.14269638474959435e-95        7.70987054718277945e-91    9.53494412051701237e-95        -8.45296848320682947e-88    -9.31341931992143316e-96    
-2.50000000000000000e+00    1.08542713567839200e+00    1.44138241474965675e-90    -9.39451735669382822e-93        -1.98450879289081673e-84    2.34827398640343231e-91        -1.91926948838328838e-84    -2.06068183973153941e-91        1.14667922112755205e-86    3.49900007770857089e-91        -6.08888710067543859e-87    -7.31716286092262825e-94        3.85877287726634607e-87    -7.32265075254522101e-91        6.17207974132885284e-87    7.63682677156481970e-91        -6.78231509226964984e-84    -7.45503089087035978e-92    
-2.50000000000000000e+00    1.10552763819095468e+00    1.05285925849552636e-86    -6.02779046810586663e-89        -1.27289247524060748e-80    1.49632115285031342e-87        -1.23114829395389243e-80    -1.31173348691089382e-87        7.33474943637933395e-83    2.24010900974021940e-87        -4.00363652025580039e-83    -4.60132544271416129e-90        2.46776948730499571e-83    -4.68825986380198662e-87        3.94973709885940555e-83    4.88942291617982958e-87        -4.35057915373836967e-80    -4.77018074090023325e-88    
-2.50000000000000000e+00    1.12562814070351758e+00    6.08697080674392429e-83    -3.09216602859694704e-85        -6.52743467080255443e-77    7.62038184716149905e-84        -6.31391447195323538e-77    -6.67315726752555977e-84        3.75042677828477958e-79    1.14647587841384009e-83        -2.10603238843718638e-79    -2.31006088608943342e-86        1.26155604548748913e-79    -2.39945911410530350e-83        2.02053504183680895e-79    2.50242566644656201e-83        -2.23115521415808147e-76    -2.43991561616246285e-84    
-2.50000000000000000e+00    1.14572864321608048e+00    2.79099484031204183e-79    -1.26824568527388452e-81        -2.67620669839617113e-73    3.10173895930373665e-80        -2.58889992293474171e-73    -2.71310239249918137e-80        1.53298308271335066e-75    4.69074746826181188e-80        -8.86335138693092099e-76    -9.25782057295342136e-83        5.15541795716874991e-76    -9.81709620147164888e-80        8.26296913074132265e-76    1.02384315315062517e-79        -9.14829963899801378e-73    -9.97653065696910858e-81    
-2.50000000000000000e+00    1.16582914572864316e+00    1.01653470722880512e-75    -4.15906954073836598e-78        -8.77280532642061929e-70    1.00904551883135142e-76        -8.48741898313526287e-70    -8.81550865177657275e-77        5.00916300399397971e-72    1.53430676267474804e-76        -2.98458963136097372e-72    -2.96123925323816013e-79        1.68417028395745999e-72    -3.21093251132325988e-76        2.70139565908106321e-72    3.34876614367009310e-76        -2.99912385113777822e-69    -3.26106896370946460e-77    
-2.50000000000000000e+00    1.18592964824120606e+00    2.94459228813828923e-72    -1.09058347126041676e-74        -2.29940695234596765e-66    2.62357391590320637e-73        -2.22482980751900678e-66    -2.28913512714202439e-73        1.30850294564599784e-68    4.01224979570074548e-73        -8.04190415639363748e-69    -7.55857281962509756e-76        4.39828146821194222e-69    -8.39593306994555706e-73        7.06047977369888953e-69    8.75642122291389488e-73        -7.86156058168003927e-66    -8.52173280477710824e-74    
-2.50000000000000000e+00    1.20603015075376874e+00    6.79047373983016488e-69    -2.28670937230729240e-71        -4.81914531933135361e-63    5.45195735247122840e-70        -4.66334168812969213e-63    -4.75044043329249311e-70        2.73260841148206285e-65    8.38847469933193196e-70        -1.73403393305469409e-65    -1.53926870370277299e-72        9.18260277601461056e-66    -1.75512689251407483e-69        1.47532171409303320e-65    1.83050569077069550e-69        -1.64779031958884791e-62    -1.78031163218147208e-70    
-2.50000000000000000e+00    1.22613065326633164e+00    1.24768471195408876e-65    -3.83418975766722799e-68        -8.07646067681738492e-60    9.05497356189081384e-67        -7.81622818366729286e-60    -7.87823786934499957e-67        4.56231806503034188e-62    1.40220696946492024e-66        -2.99240824038484798e-62    -2.50025822409618274e-69        1.53266070837177760e-62    -2.93334338293229694e-66        2.46467322703798898e-62    3.05936498674922983e-66        -2.76181225031431463e-59    -2.97356910832935998e-67    
-2.50000000000000000e+00    1.24623115577889454e+00    1.82785877776300317e-62    -5.14126656247124257e-65        -1.08240799564529926e-56    1.20197598188704958e-63        -1.04765666119708665e-56    -1.04411907604048523e-63        6.08993221614598847e-59    1.87409428079667062e-63        -4.13325736941886626e-59    -3.23827716986783426e-66        2.04520233126383052e-59    -3.91964063017242739e-63        3.29205265224872927e-59    4.08809989288884569e-63        -3.70175378850988138e-56    -3.97089808473428244e-64    
-2.50000000000000000e+00    1.26633165829145722e+00    2.13636591027305767e-59    -5.51348486936937417e-62        -1.16012259217051503e-53    1.27519217094129342e-60        -1.12301844306777760e-53    -1.10582891137387096e-60        6.49938770041228246e-56    2.00280411296229126e-60        -4.57004368362461099e-56    -3.34297666285648838e-63        2.18197676433524723e-56    -4.18768352896466242e-60        3.51580663421340378e-56    4.36774339121307049e-60        -3.96795206512028960e-53    -4.23978819177516278e-61    
-2.50000000000000000e+00    1.28643216080402012e+00    1.99312875790524958e-56    -4.72900858688865774e-59        -9.94457747595870728e-51    1.08124217454473356e-57        -9.62781719205510280e-51    -9.35905361368681502e-58        5.54601480967486160e-53    1.71148209466585115e-57        -4.04535964332184172e-53    -2.74937035266337755e-60        1.86123910479085957e-53    -3.57735703330466487e-57        3.00228091778775966e-53    3.73125425452113616e-57        -3.40171255716572174e-50    -3.61960889339506136e-58    
-2.50000000000000000e+00    1.30653266331658302e+00    1.48501316466049666e-53    -3.24439085268624302e-56        -6.81816766613452493e-48    7.32710848975271995e-55        -6.60193874335519533e-48    -6.32948681031330051e-55        3.78403359338754815e-50    1.16953702927767818e-54        -2.86721749178300366e-50    -1.80032025979540860e-57        1.26942832748068997e-50    -2.44359667187853110e-54        2.05005108322293041e-50    2.54878270967790457e-54        -2.33254859511576552e-47    -2.47092755106850375e-55    
-2.50000000000000000e+00    1.32663316582914570e+00    8.83999564738328007e-51    -1.78053326150113563e-53        -3.73921436493364385e-45    3.96823662096086096e-52        -3.62118483969788965e-45    -3.42043094694470476e-52        2.06448860461294449e-47    6.39125543860972737e-52        -1.62740112507672680e-47    -9.37876508165375685e-55        6.92285408665531726e-48    -1.33473510718771897e-51        1.11940079794749064e-47    1.39222911630976881e-51        -1.27937663885686180e-44    -1.34883766071924965e-52    
-2.50000000000000000e+00    1.34673366834170860e+00    4.20610477307049581e-48    -7.81734834373541056e-51        -1.64044020732863131e-42    1.71754627256504994e-49        -1.58891948848542080e-42    -1.47688940441657750e-49        9.00685618832983572e-45    2.79327694855985900e-49        -7.39825941204054707e-45    -3.88313637753888829e-52        3.01891919023159507e-45    -5.83015579065165648e-49        4.88806005505091893e-45    6.08148929545472471e-49        -5.61354345246176876e-42    -5.88820424185253303e-50    
-2.50000000000000000e+00    1.36683417085427128e+00    1.60024289007117418e-45    -2.74602405119223531e-48        -5.75768459929306715e-40    5.94090937302655724e-47        -5.57783486550385813e-40    -5.09499489251624555e-47        3.14237871934920274e-42    9.76393622322680878e-47        -2.69428563084625290e-42    -1.27608535587356242e-49        1.05275397350615017e-42    -2.03660964745658726e-46        1.70703301467320526e-42    2.12448564691990009e-46        -1.97054857865058090e-39    -2.05567155329928890e-47    
-2.50000000000000000e+00    1.38693467336683418e+00    4.87008549687442363e-43    -7.71849946628679338e-46        -1.61691609573392886e-37    1.64215737820553411e-44        -1.56670515157468281e-37    -1.40422041390352183e-44        8.76781719345633448e-40    2.72991558915882286e-44        -7.86183268166769782e-40    -3.32237054686119457e-47        2.93584201800551911e-40    -5.68987921099313410e-44        4.76791519795329656e-40    5.93564086035881365e-44        -5.53469533408787709e-37    -5.73982427970390707e-45    
-2.50000000000000000e+00    1.40703517587939708e+00    1.18603647102225938e-40    -1.73619773869033297e-43        -3.63353488832891125e-35    3.62721025604240196e-42        -3.52141731355703278e-35    -3.09158419874228912e-42        1.95657788075179550e-37    6.10548491446919881e-42        -1.83851456385301846e-37    -6.83573095609940028e-45        6.54774533273616775e-38    -1.27143205592303463e-41        1.06518636616995035e-37    1.32641363390556635e-41        -1.24396271638369134e-34    -1.28187655374842877e-42    
-2.50000000000000000e+00    1.42713567839195976e+00    2.31226798342853286e-38    -3.12582199356677120e-41        -6.53476126546719457e-33    6.40175377186843411e-40        -6.33451528955886514e-33    -5.43661409640864366e-40        3.49222785270507528e-35    1.09238201237708175e-39        -3.44653066973029531e-35    -1.10736731577642502e-42        1.16796219082561607e-35    -2.27252021071940873e-39        1.90355394760549182e-35    2.37092557773913910e-39        -2.23761268550313709e-32    -2.28996010185344426e-40    
-2.50000000000000000e+00    1.44723618090452266e+00    3.61018879551442787e-36    -4.50502368265183870e-39        -9.40702296131667466e-31    9.02728253777032606e-38        -9.12093542925062443e-31    -7.63502282897104183e-38        4.98582536462806975e-33    1.56369854509937514e-37        -5.18073295362496426e-33    -1.40455669686172790e-40        1.66636460583410731e-33    -3.24921939271821960e-37        2.72133747732683517e-33    3.39013614701014122e-37        -3.22174029793715484e-30    -3.27248766500500627e-38    
-2.50000000000000000e+00    1.46733668341708534e+00    4.51600649704010579e-34    -5.19847772940250805e-37        -1.08409864154410564e-28    1.01694882431246204e-35        -1.05140136711359537e-28    -8.56130715918933896e-36        5.69419318372759229e-31    1.79102123588298509e-35        -6.24643467293056251e-31    -1.38228891161351232e-38        1.90170700335946547e-31    -3.71656691467871217e-35        3.11254569183933001e-31    3.87803909228953231e-35        -3.71361554779542258e-28    -3.74139890243992945e-36    
-2.50000000000000000e+00    1.48743718592964824e+00    4.52798660420423082e-32    -4.80387017849038874e-35        -1.00037207208354650e-26    9.15086463942227674e-34        -9.70474471789243811e-27    -7.66311731776837696e-34        5.20261803871242413e-29    1.64160155207723059e-33        -6.04312489733660012e-29    -1.03879929590544706e-36        1.73611811701076190e-29    -3.40121733139427422e-33        2.84844221407982299e-29    3.54929139081371355e-33        -3.42757535321173349e-26    -3.42244865726073884e-34    
-2.50000000000000000e+00    1.50753768844221114e+00    3.64074490938431460e-30    -3.55586555601359597e-33        -7.39306321478690170e-25    6.57601322388377594e-32        -7.17433236444319451e-25    -5.47342821738721667e-32        3.80314304005207119e-27    1.20423121884619665e-31        -4.69307569176486931e-27    -5.77215028064315376e-35        1.26796803598557769e-27    -2.49056123427747935e-31        2.08594929213394168e-27    2.59924594806003487e-31        -2.53370254582865453e-24    -2.50513827330222993e-32    
-2.50000000000000000e+00    1.52763819095477382e+00    2.34875863454393226e-28    -2.10890700059380882e-31        -4.37688929094399003e-23    3.77302329383791144e-30        -4.24884174315184529e-23    -3.11822150823578050e-30        2.22450306037223888e-25    7.07113920799840215e-30        -2.92701075948130316e-25    -2.18516765996729270e-33        7.40906125587735595e-26    -1.45940036653141121e-29        1.22251863951054310e-25    1.52326146229415890e-29        -1.50041735679872011e-22    -1.46746378016229957e-30    
-2.50000000000000000e+00    1.54773869346733672e+00    1.21647397989369315e-26    -1.00245737586208499e-29        -2.07639677007291531e-21    1.72779803620151251e-28        -2.01640940031898610e-21    -1.41607475526922336e-28        1.04119880296574206e-23    3.32411405838571064e-28        -1.46688803402291904e-23    -3.95704763900958764e-32        3.46399274459497585e-24    -6.84404699824220064e-28        5.73479857330700590e-24    7.14449035954558993e-28        -7.12004977651892888e-21    -6.88014502326226865e-29    
-2.50000000000000000e+00    1.56783919597989940e+00    5.06136168685515328e-25    -3.82060989714903679e-28        -7.89596176022766951e-20    6.31204198159065861e-27        -7.67104816660403525e-20    -5.12200107851299058e-27        3.90019871846636127e-22    1.25125989153612691e-26        -5.91082213940745593e-22    1.17850199032109759e-30        1.29593235402695081e-22    -2.56898934185181639e-26        2.15353700151332315e-22    2.68218732423022628e-26        -2.70842171409187006e-19    -2.58214485488208779e-27    
-2.50000000000000000e+00    1.58793969849246230e+00    1.69298537529396675e-23    -1.16801534507353738e-26        -2.40780649792360015e-18    1.83840121754056926e-25        -2.34031061135914491e-18    -1.47390770165287291e-25        1.16932366482229657e-20    3.77217485635179545e-25        -1.91643764554254673e-20    1.26407087543839551e-28        3.87980485912296677e-21    -7.71922378296061898e-25        6.47475986739901698e-21    8.06086475644300533e-25        -8.26200825096610255e-18    -7.75853075514724324e-26    
-2.50000000000000000e+00    1.60804020100502520e+00    4.55645401591389664e-22    -2.86576085603592694e-25        -5.89065748011303279e-17    4.26493562913289705e-24        -5.72852188669278728e-17    -3.36876213948518676e-24        2.80620072599307097e-19    9.10976583545443624e-24        -5.00391839026312104e-19    5.55128682092097139e-27        9.29577387884951816e-20    -1.85694215698613587e-23        1.55884417064980596e-19    1.93956090406236731e-23        -2.02207384666966013e-16    -1.86664554077710369e-24    
-2.50000000000000000e+00    1.62814070351758788e+00    9.87667492171929247e-21    -5.64648048249690065e-24        -1.15684533361777400e-15    7.87094493274644760e-23        -1.12566771666509291e-15    -6.10102625775889384e-23        5.39107314364520896e-18    1.76280489760466296e-22        -1.05325947947863372e-17    1.62939744259679099e-25        1.78248666811290913e-18    -3.57672321701585376e-22        3.00582760454792401e-18    3.73686603367958296e-22        -3.97280054108051076e-15    -3.59665790339070170e-23    
-2.50000000000000000e+00    1.64824120603015079e+00    1.72621121978866439e-19    -8.94105871505393707e-23        -1.82494778710010602e-14    1.15335687524959169e-21        -1.77695490545596543e-14    -8.72352049916912132e-22        8.29145891501267555e-17    2.73405204450614896e-21        -1.78935138449599935e-16    3.52571386264898162e-24        2.73547751887948696e-17    -5.51665502386141507e-21        4.64284938379320666e-17    5.76555503360636663e-21        -6.27021302669462471e-14    -5.55091914176360351e-22    
-2.50000000000000000e+00    1.66834170854271346e+00    2.43583618787419791e-18    -1.13886053711124425e-21        -2.31445301098964880e-13    1.33808153618561018e-20        -2.25531679750432430e-13    -9.79091820472094172e-21        1.02092570339640098e-15    3.39979582637724741e-20        -2.45709749927201360e-15    5.84084497221097730e-23        3.35954103480217673e-16    -6.81389248963387024e-20        5.74565612287908422e-16    7.12422802124973688e-20        -7.95639947385620854e-13    -6.86328092599695650e-21    
-2.50000000000000000e+00    1.68844221105527637e+00    2.77936103254420962e-17    -1.16817930218565817e-20        -2.36217768865308595e-12    1.22356258385453140e-19        -2.30386145710904249e-12    -8.54117842791274817e-20        1.00632826341892782e-14    3.39074070669385024e-19        -2.73200133936799381e-14    7.55246278269722425e-22        3.30137225725535237e-15    -6.73966951469262055e-19        5.69765371101832311e-15    7.05024618009956887e-19        -8.12545519067340172e-12    -6.79932196967223840e-20    
-2.50000000000000000e+00    1.70854271356783927e+00    2.56908601572318284e-16    -9.66289393337733876e-20        -1.94266373199002289e-11    8.75240051762090032e-19        -1.89665914004278885e-11    -5.68544386825708484e-19        7.93932689883300980e-14    2.71328998805762996e-18        -2.46494378141519374e-13    7.71292362091114386e-21        2.59493676884924090e-14    -5.33758222265804694e-18        4.52792656998265013e-14    5.58723235723536857e-18        -6.68706904156421489e-11    -5.39777967200746639e-19    
-2.50000000000000000e+00    1.72864321608040195e+00    1.92793347800147880e-15    -6.45671685651502660e-19        -1.28945658541327691e-10    4.83149806185498598e-18        -1.26044794260741676e-10    -2.77434652487902625e-18        5.01116718369283977e-13    1.74272042489078612e-17        -1.80948747653636798e-12    6.27358156235494563e-20        1.63039801673582537e-13    -3.38337340598727655e-17        2.88369975691618360e-13    3.54469263881561443e-17        -4.44212432608227577e-10    -3.43394786543253491e-18    
-2.50000000000000000e+00    1.74874371859296485e+00    1.17762832704206064e-14    -3.49268381620839911e-18        -6.92220690272331419e-10    2.00201057284703082e-17        -6.77623076560354248e-10    -8.84961398156578626e-18        2.52832974021313205e-12    8.98772971179403522e-17        -1.08433769335820328e-11    4.09193004478213575e-19        8.17860219624240783e-13    -1.71515977853473986e-16        1.47149659265256134e-12    1.79904658597651804e-16        -2.38684936572933574e-09    -1.75043532960683267e-17    
-2.50000000000000000e+00    1.76884422110552775e+00    5.87307599579753804e-14    -1.53365076899421323e-17        -3.01365556219219715e-09    5.81099229147855151e-17        -2.95520891423349474e-09    -8.89172226334500023e-18        1.01802817479691812e-11    3.72290748956969929e-16        -5.32646900548702619e-11    2.15334004410090958e-18        3.26848376269517865e-12    -6.94238515228990038e-16        6.01263709124492497e-12    7.29390544040595755e-16        -1.04023187051355228e-08    -7.14641634752113688e-17    
-2.50000000000000000e+00    1.78894472361809043e+00    2.40023524335377479e-13    -5.48523473640521147e-17        -1.06788432349199462e-08    9.00889830628463753e-17        -1.04937439088553430e-08    8.63480613533641160e-17        3.26113331893856490e-11    1.23860277681472358e-15        -2.15607091275201439e-10    9.19714465972637979e-18        1.03648077195969072e-11    -2.23656393539568581e-15        1.96456376998839267e-11    2.35548148549365406e-15        -3.69050838961688473e-08    -2.33449891345971730e-16    
-2.50000000000000000e+00    1.80904522613065333e+00    8.07314629804450754e-13    -1.60482982004875054e-16        -3.09496021498025559e-08    -1.13799246316746638e-16        -3.04915700435386726e-08    6.29964815370367440e-16        8.26077148750612885e-11    3.30784162262563934e-15        -7.23994905708378174e-10    3.20756780480231597e-17        2.58805029649712388e-11    -5.69812211943317583e-15        5.11773785057158440e-11    6.02370355854121770e-15        -1.07107726433158019e-07    -6.08929547666261014e-16    
-2.50000000000000000e+00    1.82914572864321601e+00    2.24588989219153314e-12    -3.86150036215768926e-16        -7.38558851795890665e-08    -1.25384208456495218e-15        -7.29951577099735798e-08    2.49033036862402415e-15        1.63393344445455949e-10    7.07730160744100282e-15        -2.03396413413289943e-09    9.19124899742175544e-17        5.00725741653087246e-11    -1.13231069798919466e-14        1.05623710553338621e-10    1.20470801871802136e-14        -2.55998754691251355e-07    -1.26290045508059791e-15    
-2.50000000000000000e+00    1.84924623115577891e+00    5.19611480931770664e-12    -7.69208532779739147e-16        -1.46460448548450511e-07    -4.55085437521200970e-15        -1.45328512900190558e-07    6.98505140844111926e-15        2.45089186395594435e-10    1.20686608561756376e-14        -4.83222107120432255e-09    2.17742894691897491e-16        7.22534271348806298e-11    -1.69748946565155083e-14        1.70291288337062304e-10    1.82892127149274792e-14        -5.08554566592339382e-07    -2.06403421188234574e-15    
-2.50000000000000000e+00    1.86934673366834181e+00    1.00542362063948780e-11    -1.27857523996533393e-15        -2.44459760993115832e-07    -1.09893196873195770e-14        -2.43766321850263280e-07    1.49417233662509618e-14        2.56484161259942639e-10    1.61891736878573722e-14        -9.83903079725172502e-09    4.28954992377126520e-16        6.91045692877822033e-11    -1.73345669337099909e-14        2.07052198584539808e-10    1.92983718930223771e-14        -8.50427167719679869e-07    -2.60479258644985436e-15    
-2.50000000000000000e+00    1.88944723618090449e+00    1.63460696879148136e-11    -1.78930349103392081e-15        -3.49488407175202075e-07    -1.97534268426927919e-14        -3.50598395329095783e-07    2.50639387631400831e-14        1.23614574721940922e-10    1.64824248347041638e-14        -1.74501820700182109e-08    7.06036347424829639e-16        1.85631600553046239e-11    -6.35407302695269952e-15        1.69731839050454786e-10    8.80051492439086271e-15        -1.21800774832081200e-06    -2.40488416820460679e-15    
-2.50000000000000000e+00    1.90954773869346739e+00    2.23538862284462372e-11    -2.12692349937073001e-15        -4.37943565100291379e-07    -2.71883933618669949e-14        -4.42465701010920412e-07    3.31058103207341650e-14        -1.60503033378810982e-10    1.12621631018188602e-14        -2.74703340317755156e-08    9.73135683991142216e-16        -7.72959315832879510e-11    1.77701535358456474e-14        4.20840166798846287e-11    -1.51755027648000735e-14        -1.52847197094386049e-06    -1.32412323477819215e-15    
-2.50000000000000000e+00    1.92964824120603007e+00    2.54889272178517032e-11    -2.15900848877209760e-15        -4.94911920930841093e-07    -2.78948856727618533e-14        -5.03984876660514118e-07    3.33586599414804908e-14        -5.04631086008585165e-10    1.72618792274427761e-15        -3.91799006363959425e-08    1.11953372938324290e-15        -1.84100347620944417e-10    4.97707363113314841e-14        -1.39676284850233441e-10    -4.73525621665093529e-14        -1.72825686430012437e-06    2.30964940296342707e-16    
-2.50000000000000000e+00    1.94974874371859297e+00    2.33345476379858979e-11    -1.85719280642315004e-15        -5.20465291301709237e-07    -1.77000519137072311e-14        -5.34257877596155337e-07    2.18414476484728043e-14        -7.69210310034297193e-10    -8.68102099760795268e-15        -5.16857384291610875e-08    1.05652001692788775e-15        -2.54462908061639966e-10    7.99743351918976927e-14        -3.06601619132313113e-10    -7.79155011860250954e-14        -1.81587586657687451e-06    1.56995831057691871e-15    
-2.50000000000000000e+00    1.96984924623115587e+00    1.46999486780953957e-11    -1.28463537247735018e-15        -5.24506167897367717e-07    3.74461465670661682e-15        -5.42247833793443240e-07    -1.26334930830318271e-15        -8.52630254313129671e-10    -1.64999565177899847e-14        -6.42661757159237489e-08    7.68168125554730498e-16        -2.57593776072101348e-10    9.99846591236931068e-14        -4.00472656649211097e-10    -9.83467897028619866e-14        -1.82504899590526737e-06    2.18867851272996456e-15    
-2.50000000000000000e+00    1.98994974874371855e+00    6.45872099334918468e-14    -5.39435602804713645e-16        -5.17751725941765269e-07    3.26356282278567092e-14        -5.38143216188153380e-07    -3.16511409750495910e-14        -7.37345738892481870e-10    -1.99839482461855936e-14        -7.64975191663482347e-08    3.16056878731267534e-16        -1.93176498252225651e-10    1.06305193965471695e-13        -4.01263289670959228e-10    -1.05148578238258816e-13        -1.79390542252527845e-06    2.00549700194620712e-15    
-2.50000000000000000e+00    2.01005025125628123e+00    -1.86681171846146868e-11    2.89421622028500185e-16        -5.06372578216851534e-07    6.28214572993482403e-14        -5.28025843648228285e-07    -6.29577658960597650e-14        -4.73990894040502222e-10    -1.92661673158321813e-14        -8.81774541379032125e-08    -1.99495748010997040e-16        -8.35635588031321125e-11    1.00088461995601329e-13        -3.23652939359563973e-10    -9.95729751113865031e-14        -1.74731727246086127e-06    1.25775417995431826e-15    
-2.50000000000000000e+00    2.03015075376884413e+00    -3.87475168807690976e-11    1.13335975955178026e-15        -4.90069580278431647e-07    8.82547223654390930e-14        -5.11773532007086526e-07    -8.92503384884231165e-14        -1.38082787581532983e-10    -1.55346826118504016e-14        -9.91438791354762516e-08    -6.86148039864947678e-16        4.27778065784869713e-11    8.50359004167603560e-14        -1.97411439506236296e-10    -8.54482016613138795e-14        -1.69526133220611701e-06    2.66011416628948366e-16    
-2.50000000000000000e+00    2.05025125628140703e+00    -5.70466658484768298e-11    1.94178698096204989e-15        -4.58347940096609365e-07    1.04785856805822389e-13        -4.79164390868601371e-07    -1.06767360096291951e-13        2.04439646527505158e-10    -1.01809152597305786e-14        -1.08970381431140149e-07    -1.08798911401031869e-15        1.64383656961526269e-10    6.57997533358641519e-14        -4.96028257024796045e-11    -6.75319391838490464e-14        -1.63577080227788889e-06    -7.46030295364812632e-16    
-2.50000000000000000e+00    2.07035175879396993e+00    -7.01578740160815225e-11    2.68799816452572009e-15        -3.81417568764918876e-07    1.10841599591044485e-13        -4.00690627738686020e-07    -1.14595927954174994e-13        5.12807433116093735e-10    -4.34876158822983931e-15        -1.16368049753405107e-07    -1.39697970296712372e-15        2.73723209734914609e-10    4.72580600803214523e-14        1.05502792236760398e-10    -5.07835812288056769e-14        -1.55411038932372241e-06    -1.74153299383105326e-15    
-2.50000000000000000e+00    2.09045226130653283e+00    -7.41865993829416482e-11    3.38275591938519624e-15        -2.01542429607791602e-07    1.07137804285864110e-13        -2.18877493542573701e-07    -1.14391913699538079e-13        7.72322803806757288e-10    1.18346308324087010e-15        -1.18213726929728709e-07    -1.65523048286317676e-15        3.78555378133742378e-10    3.33250607393284942e-14        2.69061391705629970e-10    -3.91835230379149207e-14        -1.41995666919789612e-06    -2.88649976139292632e-15    
-2.50000000000000000e+00    2.11055276381909529e+00    -6.48349438839682944e-11    4.07256123810514489e-15        1.55713789013504448e-07    9.57158544594457399e-14        1.40499614165898229e-07    -1.09159687512974914e-13        9.82770102882817637e-10    5.96973736417968359e-15        -1.08712982327339300e-07    -1.94009599349935467e-15        4.94956258187408948e-10    2.43110103607256516e-14        4.50433001690553468e-10    -3.30578767957322156e-14        -1.19368759383178730e-06    -4.45569300162237753e-15    
-2.50000000000000000e+00    2.13065326633165819e+00    -3.85716492846865939e-11    4.79925795598762958e-15        7.33695605139903271e-07    7.86400505407400275e-14        7.20675784444158850e-07    -1.01219500063707004e-13        1.13661846664943313e-09    9.80496488322230963e-15        -7.99746994226389936e-08    -2.32055524629150419e-15        6.29848891922155126e-10    1.49069610257349850e-14        6.48500739017858445e-10    -2.69637428096217184e-14        -8.51442386567349900e-07    -6.59540026758097519e-15    
-2.50000000000000000e+00    2.15075376884422109e+00    5.25710655742686216e-12    5.53385317796377330e-15        1.48351342757094697e-06    5.69551773476050530e-14        1.47279494469838119e-06    -9.03603975865303803e-14        1.20151810754034170e-09    1.26056872486976613e-14        -2.49492497105378699e-08    -2.80482931226732625e-15        7.62966292646884922e-10    -2.87263233496578698e-15        8.32881177361936055e-10    -1.25485319974684949e-14        -4.17395145831655312e-07    -9.07252703149936630e-15    
-2.50000000000000000e+00    2.17085427135678399e+00    6.31294896277994034e-11    6.14553017983626823e-15        2.25482269107668384e-06    3.05946353183111598e-14        2.24664675305057834e-06    -7.38396048555366527e-14        1.12917314586355608e-09    1.43142834559945806e-14        5.84949252082964277e-08    -3.32956803375241623e-15        8.48799241904556095e-10    -3.18186404689925274e-14        9.47361258828867093e-10    1.35049135530949283e-14        3.07723494597495401e-08    -1.12868751337599708e-14    
-2.50000000000000000e+00    2.19095477386934689e+00    1.28552430937196182e-10    6.45544141473377480e-15        2.87228316121091186e-06    -6.43568657089326279e-16        2.86699531497392947e-06    -4.87311546466759766e-14        8.91349916287796201e-10    1.48862640927536506e-14        1.65588948501120294e-07    -3.81172298776839986e-15        8.44876901615194147e-10    -6.46724300874993867e-14        9.41836459039859281e-10    4.43804478020851021e-14        4.01289376254421885e-07    -1.26413032675231384e-14    
-2.50000000000000000e+00    2.21105527638190935e+00    1.94974281948439328e-10    6.33822767648861452e-15        3.23775299311948733e-06    -3.59114760642131336e-14        3.23565863499102884e-06    -1.46989037566957819e-14        5.09982568720938894e-10    1.43461953047316606e-14        2.86698801885439312e-07    -4.21571770888082353e-15        7.42375357771349800e-10    -8.95258681301890448e-14        8.05929774161118461e-10    6.83176065313317672e-14        6.41727321741660605e-07    -1.29539437873074561e-14    
-2.50000000000000000e+00    2.23115577889447225e+00    2.57796170067300788e-10    5.77825068456890038e-15        3.36573404352048200e-06    -7.31479132387453448e-14        3.36695833576287839e-06    2.54741979928239209e-14        5.07697795725983352e-11    1.28301847201038130e-14        4.11607111948559448e-07    -4.57214867311452954e-15        5.70018536080620740e-10    -1.00125783056387658e-13        5.72667039880815264e-10    7.89188447115911713e-14        7.58113961943499755e-07    -1.25159366484471536e-14    
-2.50000000000000000e+00    2.25125628140703515e+00    3.14232379730512377e-10    4.84534843264184392e-15        3.33698131438340667e-06    -1.09896355576929318e-13        3.34143089889366291e-06    6.76520444515951559e-14        -4.10838343194612728e-10    1.05688727877036152e-14        5.32894005944045615e-07    -4.94506092150136615e-15        3.71935426263722905e-10    -9.73030855139629414e-14        2.93464254510128410e-10    7.67375745002885474e-14        7.91432145908793070e-07    -1.18071817936171166e-14    
-2.50000000000000000e+00    2.27135678391959805e+00    3.62206732532359053e-10    3.64566070196199571e-15        3.23316557705750060e-06    -1.43582459936381780e-13        3.24058468856507250e-06    1.07742365111281819e-13        -8.19266037001521300e-10    7.84614935472239277e-15        6.47080954244214171e-07    -5.40007338429654392e-15        1.83966701758887380e-10    -8.25090958796765532e-14        1.13639990499375251e-11    6.29923778683752694e-14        7.83676061972680748e-07    -1.12086055194287848e-14    
-2.50000000000000000e+00    2.29145728643216096e+00    3.99745171058229095e-10    2.30364953537348497e-15        3.10505408947032387e-06    -1.71340047930136405e-13        3.11510529465450318e-06    1.41963678892604560e-13        -1.14633890187854170e-09    4.95589413417921251e-15        7.53471855888085817e-07    -6.00670728027547401e-15        2.53161784930812001e-11    -6.07775907585644174e-14        -2.48861280952863594e-10    4.26472821834800570e-14        7.61031688803716491e-07    -1.08933625349743205e-14    
-2.50000000000000000e+00    2.31155778894472341e+00    4.24922407749969679e-10    9.64917199409390510e-16        2.97446185896309677e-06    -1.91419003736426359e-13        2.98678052915563799e-06    1.68162795299181413e-13        -1.38305966985495673e-09    2.11910907026672886e-15        8.51618316086704917e-07    -6.85385223974328999e-15        -9.74753252564861075e-11    -4.51992910345967200e-14        -4.76532225522032644e-10    2.88079971483293835e-14        7.35086862288042288e-07    -1.08119562560384081e-14    
-2.50000000000000000e+00    2.33165829145728631e+00    4.35983451889551205e-10    -2.16721051603495383e-16        2.84783358193387862e-06    -2.04701506161694014e-13        2.86205332618053234e-06    1.87138114479383499e-13        -1.53040823544904119e-09    -5.72953626898960279e-16        9.40619771654362999e-07    -8.03856824866616273e-15        -1.84683681517415562e-10    -3.80728132423146951e-14        -6.68362199074181754e-10    2.36619395151297382e-14        7.09836214604045492e-07    -1.07469590036686986e-14    
-2.50000000000000000e+00    2.35175879396984921e+00    4.31699215569913004e-10    -1.12132222204988133e-15        2.72676047675257657e-06    -2.12383478209375490e-13        2.74252961270142402e-06    2.00099241504888124e-13        -1.59422514495112807e-09    -3.07433814916349477e-15        1.02142179248042749e-06    -9.60380595339259660e-15        -2.39975688597224532e-10    -1.97508937294526625e-14        -8.24503841947465686e-10    7.40175057296105954e-15        6.86327770715470138e-07    -1.05306374737999437e-14    
-2.50000000000000000e+00    2.37185929648241212e+00    4.11762049808562504e-10    -1.72667948973838767e-15        2.61121742671702820e-06    -2.12778474691533279e-13        2.62821604373988238e-06    2.05270020110843176e-13        -1.58145563382282369e-09    -5.34038539933835951e-15        1.09701984150850195e-06    -1.14397127562713331e-14        -2.68210045942840202e-10    1.35977344062683434e-14        -9.45869001844683959e-10    -2.37403828624893221e-14        6.64393480048018198e-07    -1.02883383384353975e-14    
-2.50000000000000000e+00    2.39195979899497502e+00    3.76852153652802918e-10    -2.16720974479243020e-15        2.49985370382853446e-06    -2.04165071080289468e-13        2.51780804100176745e-06    2.00784437268380559e-13        -1.49962376703256491e-09    -7.52716514195231999e-15        1.16796432006157256e-06    -1.32439085457356709e-14        -2.74282446914890074e-10    2.63110344554800766e-14        -1.03269391463562616e-09    -3.40434831105843741e-14        6.43950244060051173e-07    -1.03895173767935918e-14    
-2.50000000000000000e+00    2.41206030150753747e+00    3.28393776154198459e-10    -2.73186342012513262e-15        2.39274481028821239e-06    -1.90145385953078667e-13        2.41143913297443006e-06    1.90305234558297245e-13        -1.35866885449266613e-09    -1.00626760561028358e-14        1.23059525809531733e-06    -1.46494147102348840e-14        -2.62920298349703334e-10    5.30115847971789685e-16        -1.08525486229963933e-09    -6.06773394279752221e-15        6.26422892896214727e-07    -1.11334775742096545e-14    
-2.50000000000000000e+00    2.43216080402010038e+00    2.68106368270125124e-10    -3.74435502456467113e-15        2.29145243139223631e-06    -1.77013717258539835e-13        2.31073584339982736e-06    1.80541993369742584e-13        -1.16702408563297480e-09    -1.32179907267801411e-14        1.28311700411939470e-06    -1.54483941168780090e-14        -2.37839537346336555e-10    -1.64658433851180841e-14        -1.10445449587973751e-09    1.23707261416315163e-14        6.13164850561606651e-07    -1.25525485818346249e-14    
-2.50000000000000000e+00    2.45226130653266328e+00    1.97797258034512908e-10    -5.35411778122804573e-15        2.19315407545449330e-06    -1.65127298076701053e-13        2.21293261818349907e-06    1.72514435201486995e-13        -9.26653209923511880e-10    -1.66954701364138059e-14        1.33059907083987131e-06    -1.56826432758335583e-14        -2.01383340523335611e-10    2.08662594054292327e-14        -1.09177623083431224e-09    -2.40277021258918727e-14        6.01648756488948953e-07    -1.44694555017544778e-14    
-2.50000000000000000e+00    2.47236180904522618e+00    1.19944743433037639e-10    -7.35654175274686959e-15        2.09197760751684958e-06    -1.47729599113290241e-13        2.11219999555408190e-06    1.60048923055968137e-13        -6.40620744401090441e-10    -1.98249224770977443e-14        1.37937259619960182e-06    -1.55264475679642010e-14        -1.56622884188244085e-10    7.19977463329766841e-14        -1.05094588591308285e-09    -7.38286040366408834e-14        5.88103904883715832e-07    -1.65500167726273467e-14    
-2.50000000000000000e+00    2.49246231155778908e+00    3.81563933118604091e-11    -9.14026141236679856e-15        1.99022313178802457e-06    -1.19965242211971372e-13        2.01085365943424819e-06    1.38358258005602226e-13        -3.23670175920248961e-10    -2.18391732373909676e-14        1.42785499319666477e-06    -1.51315296745303509e-14        -1.08143537126656713e-10    5.87609957066222421e-14        -9.88266446172818367e-10    -5.85341355787713659e-14        5.75939306380954052e-07    -1.82171721875789320e-14    
-2.50000000000000000e+00    2.51256281407035198e+00    -4.37130100073609924e-11    -9.80984029839951326e-15        1.89789377383336801e-06    -8.54904568025485037e-14        1.91881085850528771e-06    1.10467838474424413e-13        4.09386022493236205e-12    -2.14591540017326968e-14        1.46796460522814345e-06    -1.45674223977004309e-14        -5.82205689089425938e-11    -1.38590126558309915e-14        -9.07499018134552206e-10    1.60930094389098053e-14        5.74066154698081651e-07    -1.86323140378907359e-14    
-2.50000000000000000e+00    2.53266331658291444e+00    -1.22637165971742407e-10    -8.46221033587318367e-15        1.81862007747728435e-06    -5.20084783151066707e-14        1.83946598087769890e-06    8.30482768177656947e-14        3.29703617472582369e-10    -1.63516526315807779e-14        1.49679702397611940e-06    -1.38249753247173426e-14        -5.16677774087770300e-12    -4.89145646230388612e-14        -8.06406686086215662e-10    5.22863163036336017e-14        5.84403761329699796e-07    -1.69149067367493227e-14    
-2.50000000000000000e+00    2.55276381909547734e+00    -1.96126451041808473e-10    -4.47859569694869295e-15        1.75019656527280382e-06    -2.20087448961355860e-14        1.77038000350846584e-06    5.75074929915151535e-14        6.43156884443217243e-10    -3.90912784771832719e-15        1.52342852077207223e-06    -1.28560845980708497e-14        5.00943158501623473e-11    1.56491582734420620e-14        -6.83485799038233265e-10    -1.16591269342672219e-14        6.01087844463891575e-07    -1.25820173207220584e-14    
-2.50000000000000000e+00    2.57286432160804024e+00    -2.61440974923622670e-10    2.28288480940595032e-15        1.69889340298329804e-06    9.53021562040313363e-15        1.71783505099523129e-06    2.77068402585506925e-14        9.26628704607580611e-10    1.63364541848103987e-14        1.56079885922000213e-06    -1.16693219586298603e-14        9.80845930565762401e-11    1.16978688993572967e-13        -5.46188445418995883e-10    -1.11591394716016627e-13        6.24588570157042619e-07    -6.10033324142534275e-15    
-2.50000000000000000e+00    2.59296482412060314e+00    -3.15518414105171351e-10    1.14088406260782893e-14        1.67282108266048678e-06    4.68223717730207599e-14        1.69020727613067184e-06    -1.16151649684975259e-14        1.15958126453819147e-09    4.05760755137481973e-14        1.61059821599929249e-06    -1.04049323504356236e-14        1.25396813009367733e-10    1.41880619089330602e-13        -4.06273264068057222e-10    -1.33366524608925606e-13        6.64376069076705244e-07    9.01503537133536944e-16    
-2.50000000000000000e+00    2.61306532663316604e+00    -3.55454515962194324e-10    2.20103769399114431e-14        1.65953869896975948e-06    8.37473127121015341e-14        1.67534643883796819e-06    -5.46409004011983207e-14        1.33084762227043062e-09    6.14909090098213614e-14        1.65924032776527880e-06    -9.26129126435744127e-15        1.20792057769259199e-10    7.43869218958087515e-14        -2.67058328217822787e-10    -6.11991202000171983e-14        7.25884343186954535e-07    6.38443615320895833e-15    
-2.50000000000000000e+00    2.63316582914572850e+00    -3.79348473072619612e-10    3.29592144879531522e-14        1.63426059370650092e-06    1.06990614689022906e-13        1.64860759308579818e-06    -8.69268155175137699e-14        1.43834737438835421e-09    7.21886566541489667e-14        1.69357569574780558e-06    -8.31626598156964671e-15        7.01287361616132443e-11    2.23377585300132976e-14        -1.18643820884304024e-10    -3.63048251744601008e-15        8.13469690066332717e-07    9.23034250983447052e-15    
-2.50000000000000000e+00    2.65326633165829140e+00    -3.86003055955678957e-10    4.30427570557611201e-14        1.59787519099116172e-06    1.11210847420611313e-13        1.61079874977079396e-06    -1.00975472614947542e-13        1.48818013341938069e-09    7.01229243059067908e-14        1.72577872569154699e-06    -7.47730227056831258e-15        -4.63243772433779795e-11    7.36023454502478875e-14        5.71109356173573068e-11    -4.88219367176015399e-14        9.62784820014760724e-07    9.57268816994143900e-15    
-2.50000000000000000e+00    2.67336683417085430e+00    -3.70331728725704439e-10    5.08449027903344741e-14        1.59061991754431121e-06    1.06380196615368695e-13        1.60174603721820339e-06    -1.05206685571943188e-13        1.51243787192382692e-09    5.75167259863495383e-14        1.80748959605432172e-06    -6.67545379011604710e-15        -2.27764769376215240e-10    1.24847789580764100e-13        2.82140888992374956e-10    -9.39100407866135161e-14        1.27658826065824980e-06    7.39089386653143438e-15    
-2.50000000000000000e+00    2.69346733668341720e+00    -3.18386591711683686e-10    5.47755235709862568e-14        1.66814105191161657e-06    1.03032809400750361e-13        1.67635408276988586e-06    -1.10497147064476112e-13        1.58713291427850447e-09    3.86650837712679780e-14        2.01846016892907630e-06    -6.02691710537689196e-15        -4.07743434781365182e-10    -1.58985342489639532e-13        5.80461508768350179e-10    1.93879339900867897e-13        1.92988346779269006e-06    1.05425026738563851e-15    
-2.50000000000000000e+00    2.71356783919598010e+00    -2.17764794343156389e-10    5.39726154983805966e-14        1.88072417835385594e-06    8.87150227713625817e-14        1.88424338001795638e-06    -1.05601729397007854e-13        1.81180189633212366e-09    1.77401067802843102e-14        2.42799081990755825e-06    -5.58943122359489867e-15        -4.47870014222698988e-10    -1.20101641072968124e-12        9.67623359305271363e-10    1.23368502934235139e-12        3.10201153981701679e-06    -1.17839469978893654e-14    
-2.50000000000000000e+00    2.73366834170854256e+00    -9.02196241231976591e-11    4.97112160794383996e-14        2.26295040183075271e-06    2.10012052584775233e-14        2.26004417238864000e-06    -4.71428118576931911e-14        2.24200597718543533e-09    -9.28686884039761704e-16        3.04500031697820992e-06    -4.94061123708274130e-15        -2.13798639933629475e-10    -3.19937789292063172e-12        1.41750171821890925e-09    3.22089934749614384e-12        4.80263012465009015e-06    -3.11882682425618544e-14    
-2.50000000000000000e+00    2.75376884422110546e+00    -1.67538740752720082e-11    4.54654100724898428e-14        2.80435940417545177e-06    -1.50987601520650966e-13        2.79428335273487079e-06    1.20374362898782961e-13        2.81144474184563680e-09    -1.22098873113284439e-14        3.79086120116236665e-06    -3.26465396932955341e-15        3.09070425907795339e-10    -5.76021952236889154e-12        1.82357526085902665e-09    5.76270232602756168e-12        6.70221645529972943e-06    -5.32928600976733324e-14    
-2.50000000000000000e+00    2.77386934673366836e+00    -1.08479451198164347e-10    4.43394921464967525e-14        3.42494402473152820e-06    -4.19538928482541686e-13        3.40836472579318378e-06    3.94536295972272954e-13        3.31511236723077317e-09    -1.23612747623298547e-14        4.53094034730126001e-06    9.13342276426160678e-17        9.68968120491058785e-10    -7.83143321410903928e-12        2.02396922841055268e-09    7.81027128997695714e-12        8.23904892407779175e-06    -7.26982717411092212e-14    
-2.50000000000000000e+00    2.79396984924623126e+00    -4.21350934762749893e-10    4.55654163590943753e-14        4.01390237276658212e-06    -5.62442479106574895e-13        3.99258241037283599e-06    5.53794265674147115e-13        3.50703331125101813e-09    -3.74191684723118544e-15        5.15785755317421675e-06    5.28817301395230156e-15        1.53327534491834709e-09    -8.28910891910835418e-12        1.93016458283567235e-09    8.24172902854049549e-12        9.05560190925681213e-06    -8.67808277532531311e-14    
-2.50000000000000000e+00    2.81407035175879416e+00    -8.75839058946234866e-10    4.39097365861716242e-14        4.50231113074352849e-06    4.27291739177731989e-14        4.47855054059912201e-06    -3.03693949358311156e-14        3.25952079699774815e-09    3.12534178111682282e-15        5.65439879507286981e-06    1.16143706806574076e-14        1.84180698738754929e-09    -6.84338385387636148e-12        1.65460124566913713e-09    6.76856143523876933e-12        9.31596734381808819e-06    -9.69164338257112964e-14    
-2.50000000000000000e+00    2.83417085427135662e+00    -1.25626190825702353e-09    3.37574972201430478e-14        4.87043570014674369e-06    2.25575950722047106e-12        4.84661937879677519e-06    -2.22655168509350562e-12        2.64038956864185853e-09    -4.51807571200678348e-15        6.06984150118553535e-06    1.65006051979833029e-14        1.88689405860302655e-09    -4.30946945999444681e-12        1.46624752140738546e-09    4.21174107559310970e-12        9.47636720864867485e-06    -1.05173547288373588e-13    
-2.50000000000000000e+00    2.85427135678391952e+00    -1.32878563769077988e-09    1.46978893412700357e-14        5.08725368569719536e-06    6.24181324528697114e-12        5.06510216179433025e-06    -6.20362229103411410e-12        1.83480486434079493e-09    -3.02670538737348165e-14        6.43741547016282851e-06    1.56862451352148689e-14        1.74810014969070377e-09    -1.90263738129211347e-12        1.57016445576230109e-09    1.79820838819455196e-12        9.77670169055672079e-06    -1.10724352605786793e-13    
-2.50000000000000000e+00    2.87437185929648242e+00    -1.03221793418376028e-09    -6.87343266119406765e-15        5.09611546078787360e-06    1.03290820690491389e-11        5.07543095402620126e-06    -1.02833824320593265e-11        1.00249623765203129e-09    -6.28186883189427121e-14        6.72165460939160826e-06    6.63747897625742310e-15        1.47118656500546442e-09    -3.64594188414723381e-13        1.92941246529826725e-09    2.79169540512902435e-13        1.00690669853016317e-05    -1.10363853162455418e-13    
-2.50000000000000000e+00    2.89447236180904532e+00    -5.77454269827577616e-10    -2.21886409598323038e-14        4.88611592546624650e-06    1.14162898271984174e-11        4.86411358886385195e-06    -1.13531868049134619e-11        2.14496874654485283e-10    -8.36060901171550773e-14        6.84118758490557785e-06    -7.43797627392625943e-15        1.04789998754942721e-09    2.55789833492491656e-13        2.32746722722276787e-09    -3.00296385003775886e-13        1.00959777816637792e-05    -1.01855048897408333e-13    
-2.50000000000000000e+00    2.91457286432160823e+00    -3.09735173979685453e-10    -2.67598363647427600e-14        4.53934197475273436e-06    7.63100108802107079e-12        4.51181338593939713e-06    -7.53790772121393662e-12        -5.03213385160123189e-10    -8.14179510943865050e-14        6.73520038214794131e-06    -1.85882289456632448e-14        5.09074283752116715e-10    2.67777040413607395e-13        2.59206677361105987e-09    -2.67472620895032372e-13        9.79954356994372082e-06    -8.55884300465305091e-14    
-2.50000000000000000e+00    2.93467336683417068e+00    -4.35795249247384157e-10    -2.33078236541280550e-14        4.17381393567603733e-06    6.96289751495529938e-13        4.13738148686793385e-06    -5.74128995209360790e-13        -1.12545146582311904e-09    -6.03557072852828792e-14        6.40982903832037127e-06    -2.04339551985365199e-14        -2.16588681516254619e-11    -2.28697573593169987e-15        2.71367965948649353e-09    3.14453634054388264e-14        9.34813232205166441e-06    -6.37513509743088792e-14    
-2.50000000000000000e+00    2.95477386934673358e+00    -9.00171488893978482e-10    -1.92927510105085384e-14        3.85758189147018013e-06    -5.22142448850474934e-12        3.81091593827839031e-06    5.35116136621160219e-12        -1.68067945951533720e-09    -3.58398572091196508e-14        5.93026879985294333e-06    -1.32797345941520401e-14        -3.99069691867897086e-10    -3.12852615079860128e-13        2.75782534061206620e-09    3.46729599827406674e-13        8.95493118504813980e-06    -3.95959131251300512e-14    
-2.50000000000000000e+00    2.97487437185929648e+00    -1.52455474231063360e-09    -2.35451455977866468e-14        3.59551398528299957e-06    -7.23957533285730974e-12        3.53883599402751017e-06    7.34086811017957312e-12        -2.38233778919725321e-09    -2.59415131233999968e-14        5.38250938451437503e-06    -3.23819470866947466e-15        -5.58641687165236663e-10    -4.85673993114949425e-13        2.73794893883147739e-09    5.05771192891644470e-13        8.71114432433939400e-06    -1.69263556972920172e-14    
-2.50000000000000000e+00    2.99497487437185939e+00    -2.21761792976806985e-09    -4.63605480294200372e-14        3.36937286920725036e-06    -5.77506945693267870e-12        3.30355312563302766e-06    5.80076962508911207e-12        -3.71185932275239377e-09    -4.70763831105694844e-14        4.84769276232817019e-06    2.33548407504856454e-15        -5.34387021768815946e-10    -4.17329477767979681e-13        2.61032725764436892e-09    4.16796385896217493e-13        8.54656693393609577e-06    1.62181165748139029e-15    
-2.50000000000000000e+00    3.01507537688442229e+00    -3.00289603075327072e-09    -9.96867043073960878e-14        3.15567674781818274e-06    -3.10183926688765598e-12        3.08196003285269468e-06    2.98664315205623215e-12        -6.25972516363285007e-09    -1.12979582194460273e-13        4.39396208903677372e-06    -1.25946955267723773e-15        -3.94366832710169903e-10    -1.12269487028795021e-13        2.35595306382936885e-09    9.36333974007467056e-14        8.29886109117637244e-06    1.58113301495047276e-14    
-2.50000000000000000e+00    3.03517587939698474e+00    -3.83381398001961945e-09    -1.89403223369603006e-13        2.92031580421601496e-06    -9.57837568790715922e-13        2.84041007057133542e-06    6.23728464793122504e-13        -1.02118867050374879e-08    -2.27701744655251767e-13        4.06486425308211440e-06    -1.40551204032241063e-14        -1.79759117343036332e-10    3.42279994400239317e-13        2.02226079187322909e-09    -3.72884827920789163e-13        7.83109655743749292e-06    2.63075281141790022e-14    
-2.50000000000000000e+00    3.05527638190954764e+00    -4.42338532461259505e-09    -3.00643301540709220e-13        2.63947468494999357e-06    2.43564195728620086e-13        2.55556046622416525e-06    -8.42460846499795853e-13        -1.47648052548343216e-08    -3.71031633760635551e-13        3.86507891997844157e-06    -3.10984671234703565e-14        9.28051612064645965e-11    8.24104596933487506e-13        1.67936162213944853e-09    -8.62050285960646477e-13        7.13022930759497590e-06    3.22635725251444208e-14    
-2.50000000000000000e+00    3.07537688442211055e+00    -4.35340571770559550e-09    -3.92745599307824111e-13        2.33680839725379318e-06    7.87534698531372997e-13        2.25145030316553628e-06    -1.60170205218981032e-12        -1.81778048078472868e-08    -4.92347292711360307e-13        3.76178513003900691e-06    -4.44122316224829894e-14        3.97561512249255796e-10    1.20119338381151036e-12        1.36164681715861851e-09    -1.24600955202377573e-12        6.31612461259245243e-06    3.10789692944689345e-14    
-2.50000000000000000e+00    3.09547738693467345e+00    -3.44179902630813190e-09    -4.19929653195204845e-13        2.07373257958280214e-06    9.89959151345201127e-13        1.98966087857222915e-06    -1.86112093335405948e-12        -1.88505697750639982e-08    -5.30928620530206023e-13        3.70562614621907016e-06    -4.70045610724396527e-14        7.02928681461577772e-10    1.38406375179361939e-12        1.07061163142525712e-09    -1.43968068521095110e-12        5.55017059525945719e-06    2.02403003779473179e-14    
-2.50000000000000000e+00    3.11557788944723635e+00    -1.98863145494591889e-09    -3.66767983541241332e-13        1.88851024951835708e-06    1.02831969969446464e-12        1.80819520053082947e-06    -1.76351643335453600e-12        -1.66458165533758656e-08    -4.55201840271630776e-13        3.65829266589731426e-06    -3.68286302160728767e-14        1.00570379453661259e-09    1.37416152307638012e-12        8.18663149396874817e-10    -1.44727119121149724e-12        4.93087113659572250e-06    -6.41500928664064551e-16    
-2.50000000000000000e+00    3.13567839195979881e+00    -5.80796139070341708e-10    -2.63170533343740020e-13        1.76023886175400453e-06    1.00223606573745984e-12        1.68547278550884536e-06    -1.48145311864867673e-12        -1.30576906781490473e-08    -2.87488585872722086e-13        3.60835959510535958e-06    -1.80813897140877015e-14        1.32284191475279284e-09    1.22352801861698347e-12        6.41102236896712652e-10    -1.32041555796107460e-12        4.46730954834109159e-06    -2.82833473680581799e-14    
-2.50000000000000000e+00    3.15577889447236171e+00    3.51875532641743531e-10    -1.61199532685964633e-13        1.64245249500207406e-06    9.66888608122879418e-13        1.57432069470200948e-06    -1.19111326212059918e-12        -9.95588910511941188e-09    -9.02018829769203077e-14        3.56352906064071967e-06    1.27917186266478742e-15        1.63190765055451177e-09    9.80582303746219774e-13        5.59839418427929498e-10    -1.10356136455194609e-12        4.12133219650948962e-06    -5.51911565905443119e-14    
-2.50000000000000000e+00    3.17587939698492461e+00    7.47928617541253580e-10    -9.88039746742493839e-14        1.51520702026507003e-06    9.38782094572005444e-13        1.45452551609939913e-06    -9.90354141891562539e-13        -8.23824599472534027e-09    7.38981464354421181e-14        3.53054205388414177e-06    1.41809186863218062e-14        1.85236186246982649e-09    7.04921341830267236e-13        5.50729670644265128e-10    -8.50418140421325719e-13        3.85076816391749959e-06    -7.19763127385165543e-14    
-2.50000000000000000e+00    3.19597989949748751e+00    7.58395884292341980e-10    -8.57265470897846406e-14        1.38990410506714810e-06    9.16867234807123139e-13        1.33771825200384135e-06    -8.87712609624053311e-13        -7.62687883557903047e-09    1.73668761762202249e-13        3.50581085973747905e-06    1.79225645194316666e-14        1.91166184696600798e-09    4.67973817242437138e-13        5.50913297765697412e-10    -6.27360744236372193e-13        3.62048257655801282e-06    -7.27419961479740693e-14    
-2.50000000000000000e+00    3.21608040201005041e+00    5.24587470789042049e-10    -1.16418339247121243e-13        1.27776455351797603e-06    8.96751609962786557e-13        1.23540550971579264e-06    -8.48980713030988451e-13        -7.40952853789442608e-09    2.13678078040492631e-13        3.47903542835428745e-06    1.44830237538530981e-14        1.80337373073670279e-09    3.08694885083157544e-13        4.83083159587835717e-10    -4.70832985856357420e-13        3.39584740072875427e-06    -5.91718330483383986e-14    
-2.50000000000000000e+00    3.23618090452261287e+00    1.33143333209429307e-10    -1.89654145036603383e-13        1.17620678453759837e-06    8.68329307601047666e-13        1.14483455382760870e-06    -8.40913245853300934e-13        -7.20001373528115665e-09    2.16765999931396725e-13        3.43920225371220061e-06    8.60381271362097172e-15        1.55814178079951455e-09    2.28542016918849021e-13        2.65825064789407198e-10    -3.82454803927826542e-13        3.14837239637749466e-06    -3.87166406346495385e-14    
-2.50000000000000000e+00    3.25628140703517577e+00    -3.19368402763647868e-10    -3.14202291285790510e-13        1.08429082778307244e-06    8.18166375119109832e-13        1.06428251603023740e-06    -8.50166532644351478e-13        -7.17968183497583989e-09    2.05481952022740500e-13        3.38241885911029123e-06    5.72159262247367243e-15        1.19637352330301825e-09    1.96601083990218955e-13        -1.71662408342256007e-10    -3.33942328981518180e-13        2.88191410252231567e-06    -1.86323537916125950e-14    
-2.50000000000000000e+00    3.27638190954773867e+00    -7.14145999056958708e-10    -4.91330995425502047e-13        1.01268120357532040e-06    7.24357793207813496e-13        1.00325784549867208e-06    -8.59297561417083647e-13        -7.76275286405389412e-09    1.97121677235295187e-13        3.31277478674160750e-06    1.01540820808286541e-14        7.53415346998632881e-10    1.20434403770457898e-13        -8.33358543994407423e-10    -2.37023478958652677e-13        2.64064038587262989e-06    -1.58560291969965130e-15    
-2.50000000000000000e+00    3.29648241206030157e+00    -9.79250765887216865e-10    -6.86742499056306262e-13        9.70704691431246973e-07    5.45734872651913662e-13        9.70068102477577664e-07    -8.08181266879095594e-13        -8.94725396650807958e-09    2.07412633454339928e-13        3.22310697693511209e-06    2.26100954500361909e-14        3.32799327038790127e-10    -9.04342180224512942e-14        -1.58399112705512483e-09    -3.67518834316592755e-15        2.46162775184216319e-06    1.49237907507191021e-14    
-2.50000000000000000e+00    3.31658291457286447e+00    -1.14340533187887186e-09    -8.25936275435703941e-13        9.48894927154193826e-07    2.59450649060489676e-13        9.54961219610889688e-07    -6.33506639981545747e-13        -1.00062484456910071e-08    2.46596526515607527e-13        3.08294449210675981e-06    3.80538682066653607e-14        8.48226574802157237e-11    -3.77407173291609996e-13        -2.15915711730604295e-09    3.09144534756595144e-13        2.31651522208444720e-06    3.62948400788918732e-14    
-2.50000000000000000e+00    3.33668341708542693e+00    -1.27949253635607960e-09    -8.32423029330061831e-13        9.16637618698667949e-07    -8.15211440875800556e-14        9.28005446223861074e-07    -3.63910773741883183e-13        -1.00240072640444374e-08    3.07593577053890621e-13        2.86931145026439289e-06    4.77379937910680327e-14        1.06107275898156554e-10    -5.68395625550493323e-13        -2.31597660630458891e-09    5.30356469700005175e-13        2.12345803174670697e-06    6.57116973896335683e-14    
-2.50000000000000000e+00    3.35678391959798983e+00    -1.37199330858058102e-09    -6.81270795545362236e-13        8.36806401735826105e-07    -3.70345820006326339e-13        8.53302813486455982e-07    -1.22336767718837390e-13        -8.76007211963219069e-09    3.65586900708147069e-13        2.60540748955999469e-06    4.64435173948662761e-14        3.60708281158895215e-10    -5.96752786646554636e-13        -2.01988978987448220e-09    5.85157382213494773e-13        1.82368119157947564e-06    9.81738090877203879e-14    
-2.50000000000000000e+00    3.37688442211055273e+00    -1.27323609894075701e-09    -4.19605756848891123e-13        6.91831429553713131e-07    -5.22525501948801196e-13        7.14352817065312953e-07    -2.15055599013408576e-14        -6.81297114244187068e-09    3.95338382200091538e-13        2.34519493091664681e-06    3.78686226718554678e-14        7.06649780587893068e-10    -5.54554758588669423e-13        -1.47504258734463904e-09    5.49676102654362311e-13        1.43693814667454342e-06    1.20275870680314621e-13    
-2.50000000000000000e+00    3.39698492462311563e+00    -8.44919963455984838e-10    -1.37448734233622152e-13        5.08147080552578304e-07    -5.15303056453937566e-13        5.38036296760386588e-07    -8.03186688269694428e-14        -4.99061489677997893e-09    3.85790136814507786e-13        2.12244500312877324e-06    2.98438285910511373e-14        9.92508196336669112e-10    -5.20962268113988714e-13        -9.53442338255354957e-10    4.94869152708400366e-13        1.04892373964647996e-06    1.18793262942870811e-13    
-2.50000000000000000e+00    3.41708542713567853e+00    -1.43618313450385077e-10    8.41154554896847538e-14        3.49355468063668155e-07    -3.93506284483729400e-13        3.87636401375158744e-07    -2.16680192881480706e-13        -3.72629577471005928e-09    3.36642415090917740e-13        1.93443460030296653e-06    2.32977140021943276e-14        1.11802653102179818e-09    -4.81167123251141887e-13        -5.96164617375584675e-10    4.18881990997119160e-13        7.56205201267596954e-07    9.07756568164562113e-14    
-2.50000000000000000e+00    3.43718592964824099e+00    5.80295273220749283e-10    2.08524938323953100e-13        2.63521043562673867e-07    -2.46852802908229612e-13        3.10281849249348269e-07    -3.07644268230251816e-13        -3.02007009931095227e-09    2.49541462771834451e-13        1.76945021371291448e-06    9.09346492109776933e-15        1.03499422265358563e-09    -4.22722263705894566e-13        -3.66688340632652290e-10    3.36368072785165960e-13        6.12902391285836331e-07    4.50749620926999477e-14    
-2.50000000000000000e+00    3.45728643216080389e+00    1.08782947818445241e-09    2.45315769234015153e-13        2.33217550766509416e-07    -1.39471557517688115e-13        2.87554893131237980e-07    -2.90609887565717285e-13        -2.64958491348880176e-09    1.32148544670221634e-13        1.62648196853662971e-06    -2.19157621639230895e-14        7.62988886700471131e-10    -3.83298871687356469e-13        -1.54910718311901115e-10    3.02216998810121877e-13        6.11920683223070870e-07    -5.61572589437943093e-15    
-2.50000000000000000e+00    3.47738693467336679e+00    1.33699886597999607e-09    2.28297484897153731e-13        1.94465048505677852e-07    -7.15612174472190572e-14        2.55270506136499907e-07    -2.02789413963504497e-13        -2.34220827686231214e-09    9.96572672224876488e-15        1.50623286180974524e-06    -6.70811891709791865e-14        4.38122566532544284e-10    -3.87861422264494670e-13        1.00121308069453617e-10    3.30719449608123704e-13        7.04584294535194365e-07    -5.29809384868666367e-14    
-2.50000000000000000e+00    3.49748743718592969e+00    1.45912888200467519e-09    1.92086715685871955e-13        1.01579992286209082e-07    -2.95522739640787755e-14        1.68765756159823555e-07    -1.09381613953495081e-13        -1.90186068806912456e-09    -7.64355202450534926e-14        1.40173019065340619e-06    -1.11550760361883419e-13        3.00517509718430599e-10    -4.25412637304695518e-13        3.78704607897609224e-10    3.78826880711331674e-13        8.26401681099649507e-07    -9.31711565100276959e-14    
-2.50000000000000000e+00    3.51758793969849259e+00    1.56306947998690141e-09    1.59592088696974091e-13        -5.08075933216473614e-08    -2.01562016222530610e-14        2.42061994368470905e-08    -3.97684448503429254e-14        -1.33549947440551029e-09    -9.64904752099705870e-14        1.30459485222087626e-06    -1.38405622864715958e-13        5.54383814864588092e-10    -4.81139475486938576e-13        6.40196155768677288e-10    4.05249211830194199e-13        9.07847126318047819e-07    -1.21449938289139207e-13    
-2.50000000000000000e+00    3.53768844221105550e+00    1.57487191887204352e-09    1.39993670210426539e-13        -2.62605371196623754e-07    -3.38897967826182577e-14        -1.77877751413377777e-07    -3.30292149130609981e-15        -8.68518613548873689e-10    -5.46548715645593379e-14        1.21112127839151116e-06    -1.38212264123358681e-13        1.18460895252267255e-09    -5.26145032384833128e-13        8.79444840131173957e-10    3.85040063689253661e-13        8.90395822033354745e-07    -1.30687389159726820e-13    
-2.50000000000000000e+00    3.55778894472361795e+00    1.31969645126828420e-09    1.32180947079067830e-13        -5.43798551185966954e-07    -3.75156898700016618e-14        -4.49160513073617051e-07    -9.70585564029094324e-16        -7.46922104305148341e-10    1.27025546510423042e-14        1.11965991009887172e-06    -1.11146189742297421e-13        1.90583463826966370e-09    -5.05591165868919968e-13        1.11228210404050231e-09    2.98274162911787392e-13        7.59259257786294003e-07    -1.16223726105312635e-13    
-2.50000000000000000e+00    3.57788944723618085e+00    8.17590198867934188e-10    1.29858844482942560e-13        -8.79685062631496777e-07    -1.17466147335878744e-14        -7.77957874274241293e-07    -1.48973948523500154e-14        -9.89146998805630312e-10    6.71389912148595238e-14        1.03104213078073388e-06    -6.48035909419764178e-14        2.33232387770528392e-09    -4.00084602721266168e-13        1.34348653718734332e-09    1.65833479870508006e-13        5.59006134079386131e-07    -8.05250275187744739e-14    
-2.50000000000000000e+00    3.59798994974874375e+00    4.38733222779158182e-10    1.25914993813804858e-13        -1.20675380273161492e-06    5.88369558974876112e-14        -1.10309560289630147e-06    -4.45827199663755048e-14        -1.38515859885812201e-09    9.48657096497249635e-14        9.54240701373687698e-07    -1.22435584122260787e-14        2.24223918903823525e-09    -2.64597663462898178e-13        1.58874365162501592e-09    6.02572791498666125e-14        3.60987443784591631e-07    -3.20931796777543598e-14    
-2.50000000000000000e+00    3.61809045226130666e+00    6.40674026981849125e-10    1.14558225090289161e-13        -1.44586063530213203e-06    2.15580183109231891e-13        -1.34581061966321618e-06    -1.39444874573642563e-13        -1.73953095628769140e-09    1.07391977267597246e-13        9.02196393618526815e-07    3.13417967326797719e-14        1.70253925928652488e-09    -1.54349772337133058e-13        1.90761953343115867e-09    2.61519861409513220e-14        2.07726129091390813e-07    1.90243545005000234e-14    
-2.50000000000000000e+00    3.63819095477386956e+00    1.54217374020323949e-09    9.15206003044044251e-14        -1.55619698981170533e-06    4.85788897826840086e-13        -1.46410710783264963e-06    -3.43252144016809371e-13        -2.01333701050361167e-09    1.22582835753899771e-13        8.76601880215560718e-07    5.55517908462597312e-14        9.75136503205869289e-10    -5.36037688223561381e-14        2.36775675256100691e-09    2.32468039841837773e-14        9.14654314227959866e-08    6.23419396994306605e-14    
-2.50000000000000000e+00    3.65829145728643201e+00    2.81408749819959154e-09    5.46474510020470349e-14        -1.54712543188140513e-06    8.35117062216298558e-13        -1.46556609022130050e-06    -6.33913833122773320e-13        -2.19769190638483744e-09    1.48454904822513700e-13        8.61862608362756524e-07    6.08825983296993170e-14        3.25793530154646355e-10    7.14958721251833493e-14        2.94720563878741962e-09    -8.56849268659184324e-15        -1.12332075029480291e-08    8.38903434097936554e-14    
-2.50000000000000000e+00    3.67839195979899491e+00    3.95002846794302295e-09    6.29309035462587227e-15        -1.43610528773916999e-06    1.20432745095899487e-12        -1.36559676596221494e-06    -9.58827400532734181e-13        -2.18677124965313243e-09    1.82092833458600411e-13        8.33588684976299260e-07    5.71412009513499776e-14        -1.36989633118351139e-10    1.88303371520815583e-13        3.46120304113000802e-09    -6.12686255701041614e-14        -8.77758145792246526e-08    6.87227334761501219e-14    
-2.50000000000000000e+00    3.69849246231155782e+00    4.58361432559809769e-09    -4.50300928182494142e-14        -1.20661862953856868e-06    1.56280798176496934e-12        -1.14530678444743998e-06    -1.29009913527007519e-12        -1.90127879154509776e-09    2.17258741351648487e-13        7.64033021683832403e-07    5.42059687776288862e-14        -5.13737567489918215e-10    2.18476585314551808e-13        3.62088941136068435e-09    -7.34468113389324899e-14        -7.94129390598093817e-08    1.38255893990794893e-14    
-2.50000000000000000e+00    3.71859296482412072e+00    4.61492845956749504e-09    -8.73242067713486355e-14        -8.30991424895480144e-07    1.89479734961732360e-12        -7.74690977996914747e-07    -1.61024324065974599e-12        -1.47854763887505449e-09    2.47813599946986517e-13        6.23946926089989989e-07    5.39142374703577546e-14        -9.77512195091422302e-10    1.26374370001213966e-13        3.23793704985308484e-09    -8.20384458259111577e-15        7.24442404706689255e-08    -6.25474047419046315e-14    
-2.50000000000000000e+00    3.73869346733668362e+00    4.16931726794192322e-09    -1.11094536072889562e-13        -3.47658480733890809e-07    2.16973257102462385e-12        -2.90666054283543565e-07    -1.88274075079937771e-12        -1.19841395133804634e-09    2.65359276433659075e-13        3.98910426761630400e-07    5.11804951851582338e-14        -1.52032205915022790e-09    -4.58166727530531269e-14        2.40159101217633776e-09    1.12191376416491198e-13        3.73810818735868488e-07    -1.29923375620717306e-13    
-2.50000000000000000e+00    3.75879396984924607e+00    3.48601489339548305e-09    -1.13772757650853798e-13        1.01580823161909853e-07    2.35123081194518267e-12        1.65001927424954164e-07    -2.06410034615808276e-12        -1.18918980814872749e-09    2.60630080673215317e-13        1.08331756604093570e-07    4.16596248019207696e-14        -1.86599015300819381e-09    -2.21227677848136863e-13        1.43377945830354982e-09    2.35057104425633121e-13        7.77324963893915459e-07    -1.65242785014761905e-13    
-2.50000000000000000e+00    3.77889447236180898e+00    2.79554397555160422e-09    -9.97146631133266076e-14        3.37675064006921402e-07    2.40981940880762568e-12        4.11585991047984639e-07    -2.12034200847916206e-12        -1.28849593215323066e-09    2.30892722661773258e-13        -2.06539128290844494e-07    2.61805498323207458e-14        -1.70536233671150054e-09    -3.45710182844160462e-13        6.62824637781449053e-10    3.20711592222914795e-13        1.22300143484947907e-06    -1.64061750786205900e-13    
-2.50000000000000000e+00    3.79899497487437188e+00    2.23161252214343669e-09    -7.72699026373285386e-14        2.59251849881133255e-07    2.32818311272830110e-12        3.44832576026244229e-07    -2.03384760195442391e-12        -1.23568864775611654e-09    1.83101594067525282e-13        -5.15386190905586066e-07    8.16539755631714938e-15        -1.01726119770523785e-09    -4.03503587505061734e-13        2.34758099143569390e-10    3.56556294022578154e-13        1.66392814775675490e-06    -1.37413029187208503e-13    
-2.50000000000000000e+00    3.81909547738693478e+00    1.81053307643606588e-09    -5.54411787679953869e-14        -9.65890511270833626e-08    2.12748446549670884e-12        -1.05634975833745563e-09    -1.82854329384136012e-12        -9.47227722039946114e-10    1.27313073981673970e-13        -8.06919583996150819e-07    -1.01952617858339368e-14        -1.33332895011820169e-10    -3.93827090076353461e-13        9.69620568681628025e-11    3.38105198794824218e-13        2.06111978507908973e-06    -1.02795839538247696e-13    
-2.50000000000000000e+00    3.83919597989949768e+00    1.47449902573150593e-09    -4.07042635815415338e-14        -5.84234710016181264e-07    1.87509571757397587e-12        -4.82283092797747800e-07    -1.57601810841243460e-12        -5.69621174952662838e-10    6.81540918880176607e-14        -1.07106716763286470e-06    -2.73475995629442070e-14        4.75977647100782328e-10    -3.18299925765224789e-13        1.10719586337596875e-10    2.57378752488044521e-13        2.38174212885121129e-06    -7.82271280289525563e-14    
-2.50000000000000000e+00    3.85929648241206014e+00    1.16229645651324259e-09    -3.41737491076330605e-14        -1.03241258879662261e-06    1.62449426617923728e-12        -9.28114420367101072e-07    -1.33560941702337444e-12        -3.21997346092848263e-10    3.49129685561099518e-15        -1.29604508792275677e-06    -3.96601542064912356e-14        4.44191484576460150e-10    -2.01974962500871441e-13        1.66780903471609610e-10    1.23670802982484996e-13        2.61657859567109450e-06    -7.97024923511973756e-14    
-2.50000000000000000e+00    3.87939698492462304e+00    8.46761831928467957e-10    -3.15696182276229404e-14        -1.32754301223133926e-06    1.35789591488689808e-12        -1.22479485295814384e-06    -1.09679423635659672e-12        -3.38433972540467850e-10    -6.86561509522731325e-14        -1.48195976930981037e-06    -4.29427527016637560e-14        -3.70433238220212852e-10    -1.00404108801888948e-13        2.03996211258892782e-10    -2.33083078819363308e-14        2.79189917387140650e-06    -1.15638636232505777e-13    
-2.50000000000000000e+00    3.89949748743718594e+00    5.01519349153721380e-10    -2.81797959211092631e-14        -1.45597727758396713e-06    1.02268785405717785e-12        -1.35839578109152851e-06    -8.11070001440256041e-13        -6.11454747329741721e-10    -1.41093509734377931e-13        -1.63351215425720404e-06    -3.83875493942990163e-14        -1.81557140969022256e-09    -6.13589231104733447e-14        1.44206757774386089e-10    -1.38510166780438007e-13        2.95169033346224666e-06    -1.76737507136694689e-13    
-2.50000000000000000e+00    3.91959798994974884e+00    5.88901301078295590e-11    -2.48576149174557291e-14        -1.48265196458239236e-06    6.05129500059151069e-13        -1.39383599342357123e-06    -4.60500031369553574e-13        -1.00570650250473594e-09    -1.97042389812271020e-13        -1.73471866420115617e-06    -3.40968153564644834e-14        -3.40367957228663443e-09    -9.40909577564154516e-14        -1.23163173210425346e-10    -1.92082015736931489e-13        3.12172635488445634e-06    -2.33227742641710777e-13    
-2.50000000000000000e+00    3.93969849246231174e+00    -5.41682782676304937e-10    -2.72590644914465043e-14        -1.48787579697750657e-06    1.10568367751968291e-13        -1.41169192440927775e-06    -4.09338839994125733e-14        -1.33373261145595983e-09    -2.23719455912803609e-13        -1.75076194309515372e-06    -3.71155227308969541e-14        -4.47786172337260219e-09    -1.83656697624984081e-13        -6.33647242541997458e-10    -1.61971375023174741e-13        3.29426187493915237e-06    -2.51863723799497418e-13    
-2.50000000000000000e+00    3.95979899497487420e+00    -1.25010145212654373e-09    -3.81894429845721197e-14        -1.51326458756915548e-06    -5.67050877237881200e-13        -1.45357803008643090e-06    5.59703031499230630e-13        -1.50027900190944698e-09    -2.26534698827240586e-13        -1.66445811883018654e-06    -4.63599672669459395e-14        -4.62403122824350689e-09    -2.94901937832419365e-13        -1.25470567296821732e-09    -5.42354934158828512e-14        3.45348737384412751e-06    -2.21518710769918744e-13    
-2.50000000000000000e+00    3.97989949748743710e+00    -1.89569610187450953e-09    -5.26937814104728494e-14        -1.54631761961307904e-06    -1.73960653886141137e-12        -1.50590372445081784e-06    1.65538488180022248e-12        -1.62299628772462103e-09    -2.23814436255538040e-13        -1.50198766987242237e-06    -5.79200096866846486e-14        -3.95630303516832635e-09    -3.32382765950098262e-13        -1.76364463018761497e-09    3.69469113053092552e-14        3.61046018094954634e-06    -1.59288026395933010e-13    
-2.50000000000000000e+00    4.00000000000000000e+00    -2.31171423653824246e-09    -6.20387390567172435e-14        -1.54933883760021251e-06    -3.74741282392011743e-12        -1.52867009106127659e-06    3.59460853977066786e-12        -1.99884384512560920e-09    -2.25566712687540523e-13        -1.31918554424271949e-06    -7.42425539076797237e-14        -2.94765993187948384e-09    -1.34303568729929746e-13        -2.01611249643394244e-09    -7.32641051609219900e-14        3.79981270951855427e-06    -9.07797313266779760e-14    
