# units=S/m
# energy_eV xx_real xx_imag xy_real xy_imag xz_real xz_imag yx_real yx_imag yy_real yy_imag yz_real yz_imag zx_real zx_imag zy_real zy_imag zz_real zz_imag
0.00000000000000e+00 1.20248586415183e+07 0.00000000000000e+00 -3.70831845011600e+01 0.00000000000000e+00 -5.22247740723398e+03 0.00000000000000e+00 -3.70831845011272e+01 0.00000000000000e+00 1.20365905225465e+07 0.00000000000000e+00 4.65277468878933e+03 0.00000000000000e+00 -5.22247740723403e+03 0.00000000000000e+00 4.65277468878943e+03 0.00000000000000e+00 1.19626828997650e+07 0.00000000000000e+00
2.00000000000000e-02 1.03662574495847e+07 4.14650297983390e+06 -3.19682625009332e+01 -1.27873050000703e+01 -4.50213569589106e+03 -1.80085427835650e+03 -3.19682625005391e+01 -1.27873050000867e+01 1.03763711401263e+07 4.15054845605051e+06 4.01101266274939e+03 1.60440506510010e+03 -4.50213569589128e+03 -1.80085427835648e+03 4.01101266274964e+03 1.60440506510017e+03 1.03126576722112e+07 4.12506306888448e+06
4.00000000000000e-02 7.33223087897457e+06 5.86578470317966e+06 -2.26116978666127e+01 -1.80893582930816e+01 -3.18443744343568e+03 -2.54754995474864e+03 -2.26116978666209e+01 -1.80893582930857e+01 7.33938446496736e+06 5.87150757197389e+06 2.83705773706634e+03 2.26964618965315e+03 -3.18443744343556e+03 -2.54754995474864e+03 2.83705773706613e+03 2.26964618965317e+03 7.29431884132011e+06 5.83545507305609e+06
6.00000000000000e-02 4.92822075472062e+06 5.91386490566474e+06 -1.51980264349432e+01 -1.82376317214375e+01 -2.14035959312906e+03 -2.56843151175380e+03 -1.51980264348488e+01 -1.82376317215443e+01 4.93302890268298e+06 5.91963468321958e+06 1.90687487245440e+03 2.28824984694500e+03 -2.14035959312912e+03 -2.56843151175370e+03 1.90687487245434e+03 2.28824984694488e+03 4.90273889334631e+06 5.88328667201557e+06
8.00000000000000e-02 3.37776928132536e+06 5.40443085012058e+06 -1.04166248597050e+01 -1.66665997751930e+01 -1.46698803573973e+03 -2.34718085718378e+03 -1.04166248597584e+01 -1.66665997751109e+01 3.38106475352429e+06 5.40970360563887e+06 1.30695918224392e+03 2.09113469159043e+03 -1.46698803573970e+03 -2.34718085718379e+03 1.30695918224386e+03 2.09113469159053e+03 3.36030418532724e+06 5.37648669652359e+06
1.00000000000000e-01 2.40497172830366e+06 4.80994345660732e+06 -7.41663690030220e+00 -1.48332738006044e+01 -1.04449548144685e+03 -2.08899096289369e+03 -7.41663690032273e+00 -1.48332738006455e+01 2.40731810450930e+06 4.81463620901859e+06 9.30554937758025e+02 1.86110987551605e+03 -1.04449548144674e+03 -2.08899096289349e+03 9.30554937758078e+02 1.86110987551616e+03 2.39253657995300e+06 4.78507315990599e+06
1.20000000000000e-01 1.77882524282815e+06 4.26918058278756e+06 -5.48567818039892e+00 -1.31656276331676e+01 -7.72555829472681e+02 -1.85413399073441e+03 -5.48567818040713e+00 -1.31656276331389e+01 1.78056072818735e+06 4.27334574764964e+06 6.88280279406376e+02 1.65187267057587e+03 -7.72555829472697e+02 -1.85413399073440e+03 6.88280279406352e+02 1.65187267057587e+03 1.76962764789423e+06 4.24710635494615e+06
1.40000000000000e-01 1.36027812686859e+06 3.80877875523204e+06 -4.19493037330696e+00 -1.17458050453909e+01 -5.90777987243622e+02 -1.65417836428244e+03 -4.19493037331312e+00 -1.17458050453703e+01 1.36160526273150e+06 3.81249473564821e+06 5.26331978369910e+02 1.47372953943552e+03 -5.90777987243622e+02 -1.65417836428244e+03 5.26331978369899e+02 1.47372953943558e+03 1.35324467191912e+06 3.78908508137352e+06
1.60000000000000e-01 1.06982728127387e+06 3.42344730007639e+06 -3.29921570285766e+00 -1.05574902489590e+01 -4.64633221284235e+02 -1.48682630810934e+03 -3.29921570284330e+00 -1.05574902489467e+01 1.07087104293118e+06 3.42678733737978e+06 4.13947926048681e+02 1.32463336335635e+03 -4.64633221284253e+02 -1.48682630810937e+03 4.13947926048670e+02 1.32463336335629e+03 1.06429563165169e+06 3.40574602128541e+06
1.80000000000000e-01 8.61379558848016e+05 3.10096641185286e+06 -2.65638857447340e+00 -9.56299886840433e+00 -3.74102966134353e+02 -1.34677067808301e+03 -2.65638857447853e+00 -9.56299886840433e+00 8.62219951471811e+05 3.10399182529852e+06 3.33293315815778e+02 1.19985593693719e+03 -3.74102966134353e+02 -1.34677067808308e+03 3.33293315815791e+02 1.19985593693724e+03 8.56925709152219e+05 3.08493255294799e+06
2.00000000000000e-01 7.07344625971665e+05 2.82937850388666e+06 -2.18136379417740e+00 -8.72545517670961e+00 -3.07204553366651e+02 -1.22881821346660e+03 -2.18136379417535e+00 -8.72545517670140e+00 7.08034736620381e+05 2.83213894648152e+06 2.73692628752373e+02 1.09477051500949e+03 -3.07204553366656e+02 -1.22881821346662e+03 2.73692628752376e+02 1.09477051500951e+03 7.03687229397940e+05 2.81474891759176e+06
2.20000000000000e-01 5.90611917559838e+05 2.59869243726329e+06 -1.82137448428881e+00 -8.01404773112219e+00 -2.56506748881767e+02 -1.12862969507997e+03 -1.82137448427649e+00 -8.01404773113655e+00 5.91188139614267e+05 2.60122781430278e+06 2.28525279410005e+02 1.00551122940418e+03 -2.56506748881778e+02 -1.12862969507992e+03 2.28525279410008e+02 1.00551122940420e+03 5.87558099202602e+05 2.58525563649145e+06
2.40000000000000e-01 5.00202106552342e+05 2.40097011145124e+06 -1.54256175122659e+00 -7.40429640614791e+00 -2.17241156706899e+02 -1.04275755219290e+03 -1.54256175122454e+00 -7.40429640618691e+00 5.00690121570153e+05 2.40331258353674e+06 1.93543040299062e+02 9.29006593435061e+02 -2.17241156706909e+02 -1.04275755219290e+03 1.93543040299054e+02 9.29006593435108e+02 4.97615761221505e+05 2.38855565386322e+06
2.60000000000000e-01 4.28846599198228e+05 2.23000231583078e+06 -1.32251014620720e+00 -6.87705276052765e+00 -1.86250977433432e+02 -9.68505082653925e+02 -1.32251014622105e+00 -6.87705276057486e+00 4.29264997237749e+05 2.23217798563629e+06 1.65933476775651e+02 8.62854079233382e+02 -1.86250977433435e+02 -9.68505082653900e+02 1.65933476775651e+02 8.62854079233398e+02 4.26629204699179e+05 2.21847186443573e+06
2.80000000000000e-01 3.71596373347290e+05 2.08093969074482e+06 -1.14595749380890e+00 -6.41736196536084e+00 -1.61386817281664e+02 -9.03766176777367e+02 -1.14595749380274e+00 -6.41736196534442e+00 3.71958916024304e+05 2.08296992973610e+06 1.43781665290110e+02 8.05177325625176e+02 -1.61386817281653e+02 -9.03766176777347e+02 1.43781665290116e+02 8.05177325625147e+02 3.69674996902503e+05 2.07017998265401e+06
3.00000000000000e-01 3.24996179500495e+05 1.94997707700297e+06 -1.00224822972529e+00 -6.01348937847385e+00 -1.41148038033344e+02 -8.46888228200330e+02 -1.00224822972760e+00 -6.01348937849027e+00 3.25313257366121e+05 1.95187954419673e+06 1.25750667264533e+02 7.54504003587501e+02 -1.41148038033337e+02 -8.46888228200285e+02 1.25750667264532e+02 7.54504003587481e+02 3.23315754047702e+05 1.93989452428621e+06
3.20000000000000e-01 2.86579090598625e+05 1.83410617983120e+06 -8.83774654458461e-01 -5.65615778842208e+00 -1.24463236588034e+02 -7.96564714163533e+02 -8.83774654457435e-01 -5.65615778846108e+00 2.86858687381946e+05 1.83589559924446e+06 1.10885955404918e+02 7.09670114591127e+02 -1.24463236588034e+02 -7.96564714163512e+02 1.10885955404917e+02 7.09670114591170e+02 2.85097304570185e+05 1.82462274924919e+06
3.40000000000000e-01 2.54548235425874e+05 1.73092800089595e+06 -7.84995438192343e-01 -5.33796897978080e+00 -1.10552019628156e+02 -7.51753733471493e+02 -7.84995438187725e-01 -5.33796897978080e+00 2.54796581764320e+05 1.73261675599738e+06 9.84922669091775e+01 6.69747414982171e+02 -1.10552019628165e+02 -7.51753733471513e+02 9.84922669091800e+01 6.69747414982167e+02 2.53232068157599e+05 1.72197806347167e+06
3.60000000000000e-01 2.27571132504131e+05 1.63851215402975e+06 -7.01801372075932e-01 -5.05296987887733e+00 -9.88356814389721e+01 -7.11616906360400e+02 -7.01801372072340e-01 -5.05296987889580e+00 2.27793159018669e+05 1.64011074493442e+06 8.80540251473943e+01 6.33988981061263e+02 -9.88356814389736e+01 -7.11616906360423e+02 8.80540251473997e+01 6.33988981061275e+02 2.26394453061411e+05 1.63004006204216e+06
3.80000000000000e-01 2.04643612006778e+05 1.55529145125152e+06 -6.31095719878995e-01 -4.79632747113753e+00 -8.88781042756061e+01 -6.75473592494592e+02 -6.31095719874633e-01 -4.79632747116216e+00 2.04843269614474e+05 1.55680884907000e+06 7.91826870113503e+01 6.01788421286465e+02 -8.88781042756077e+01 -6.75473592494585e+02 7.91826870113446e+01 6.01788421286468e+02 2.03585481616150e+05 1.54724966028274e+06
4.00000000000000e-01 1.84997825254128e+05 1.47998260203302e+06 -5.70510530759961e-01 -4.56408424607969e+00 -8.03458062651540e+01 -6.42766450121232e+02 -5.70510530759192e-01 -4.56408424607353e+00 1.85178315731484e+05 1.48142652585187e+06 7.15811490582808e+01 5.72649192466246e+02 -8.03458062651544e+01 -6.42766450121235e+02 7.15811490582767e+01 5.72649192466213e+02 1.84041275381000e+05 1.47233020304800e+06
4.20000000000000e-01 1.68038829534912e+05 1.41152616809326e+06 -5.18211074634836e-01 -4.35297302698609e+00 -7.29803997657111e+01 -6.13035358032159e+02 -5.18211074631886e-01 -4.35297302699636e+00 1.68202774211102e+05 1.41290330337326e+06 6.50192102960769e+01 5.46161366487246e+02 -7.29803997657128e+01 -6.13035358032159e+02 6.50192102960773e+01 5.46161366487237e+02 1.67169967855855e+05 1.40422772998918e+06
4.40000000000000e-01 1.53300084670045e+05 1.34904074509639e+06 -4.72758598936760e-01 -4.16027567066904e+00 -6.65792632232825e+01 -5.85897516365001e+02 -4.72758598938427e-01 -4.16027567066083e+00 1.53449649701000e+05 1.35035691736880e+06 5.93163524832861e+01 5.21983901852901e+02 -6.65792632232808e+01 -5.85897516364979e+02 5.93163524832816e+01 5.21983901852866e+02 1.52507431154577e+05 1.34206539416027e+06
4.60000000000000e-01 1.40411707630994e+05 1.29178771020514e+06 -4.33012429950973e-01 -3.98371435545556e+00 -6.09817539377991e+01 -5.61032136227804e+02 -4.33012429948151e-01 -3.98371435545967e+00 1.40548698301570e+05 1.29304802437445e+06 5.43294568985157e+01 4.99831003466329e+02 -6.09817539377959e+01 -5.61032136227799e+02 5.43294568985153e+01 4.99831003466339e+02 1.39685694766055e+05 1.28510839184771e+06
4.80000000000000e-01 1.29077486491180e+05 1.23914387031533e+06 -3.98059086526033e-01 -3.82136723046395e+00 -5.60592250669267e+01 -5.38168560642381e+02 -3.98059086525904e-01 -3.82136723047934e+00 1.29203419091310e+05 1.24035282327658e+06 4.99439103562519e+01 4.79461539420005e+02 -5.60592250669273e+01 -5.38168560642377e+02 4.99439103562507e+01 4.79461539420054e+02 1.28410078357288e+05 1.23273675222997e+06
5.00000000000000e-01 1.19058006351666e+05 1.19058006351666e+06 -3.67160242577635e-01 -3.67160242569194e+00 -5.17076971013314e+01 -5.17076971013336e+02 -3.67160242579047e-01 -3.67160242569707e+00 1.19174163589569e+05 1.19174163589569e+06 4.60670761266231e+01 4.60670761266262e+02 -5.17076971013309e+01 -5.17076971013332e+02 4.60670761266240e+01 4.60670761266230e+02 1.18442404948168e+05 1.18442404948168e+06
5.20000000000000e-01 1.10158104081333e+05 1.14564428244586e+06 -3.39714039019597e-01 -3.53302600597859e+00 -4.78424093737206e+01 -4.97561057486576e+02 -3.39714039019084e-01 -3.53302600597551e+00 1.10265578257113e+05 1.14676201387398e+06 4.26234398020268e+01 4.43283773940998e+02 -4.78424093737206e+01 -4.97561057486534e+02 4.26234398020302e+01 4.43283773941009e+02 1.09588520518184e+05 1.13972061338912e+06
5.40000000000000e-01 1.02217431498796e+05 1.10394826018699e+06 -3.15225981798340e-01 -3.40444060362440e+00 -4.43937215847867e+01 -4.79452193115697e+02 -3.15225981797699e-01 -3.40444060361722e+00 1.02317158471153e+05 1.10502531148846e+06 3.95509579121714e+01 4.27150345451486e+02 -4.43937215847855e+01 -4.79452193115691e+02 3.95509579121724e+01 4.27150345451482e+02 1.01688905982361e+05 1.09824018460950e+06
5.60000000000000e-01 9.51032793539884e+04 1.06515672876467e+06 -2.93286811926161e-01 -3.28481229364053e+00 -4.13039972100234e+01 -4.62604768752213e+02 -2.93286811925776e-01 -3.28481229363438e+00 9.51960655057456e+04 1.06619593366435e+06 3.67982813096166e+01 4.12140750667880e+02 -4.13039972100222e+01 -4.62604768752205e+02 3.67982813096162e+01 4.12140750667869e+02 9.46115382771669e+04 1.05964922870427e+06
5.80000000000000e-01 8.87050652221769e+04 1.02897875657725e+06 -2.73555506791377e-01 -3.17324387878372e+00 -3.85252095546890e+01 -4.46892430834409e+02 -2.73555506789902e-01 -3.17324387878372e+00 8.87916090479970e+04 1.02998266495677e+06 3.43226223722876e+01 3.98142419518830e+02 -3.85252095546909e+01 -4.46892430834399e+02 3.43226223722900e+01 3.98142419518820e+02 8.82464067554218e+04 1.02365831836289e+06
6.00000000000000e-01 8.29300595966779e+04 9.95160715160135e+05 -2.55746100001655e-01 -3.06895320001499e+00 -3.60170855671328e+01 -4.32205026805649e+02 -2.55746100001784e-01 -3.06895320001499e+00 8.30109691210102e+04 9.96131629452122e+05 3.20881013019872e+01 3.85057215623996e+02 -3.60170855671323e+01 -4.32205026805630e+02 3.20881013019861e+01 3.85057215623977e+02 8.25012613776895e+04 9.90015136532275e+05
6.20000000000000e-01 7.77000429149541e+04 9.63480532145432e+05 -2.39617372063718e-01 -2.97125541357797e+00 -3.37456539624861e+01 -4.18446109134864e+02 -2.39617372065258e-01 -2.97125541360773e+00 7.77758498484523e+04 9.64420538120809e+05 3.00644526285229e+01 3.72799212593570e+02 -3.37456539624841e+01 -4.18446109134860e+02 3.00644526285242e+01 3.72799212593592e+02 7.72982870235525e+04 9.58498759092051e+05
6.40000000000000e-01 7.29486692642460e+04 9.33742966582348e+05 -2.24964720333495e-01 -2.87954842039312e+00 -3.16821002622756e+01 -4.05530883357172e+02 -2.24964720333046e-01 -2.87954842039928e+00 7.30198405881247e+04 9.34653959527996e+05 2.82260051491692e+01 3.61292865909352e+02 -3.16821002622749e+01 -4.05530883357161e+02 2.82260051491674e+01 3.61292865909329e+02 7.25714808284699e+04 9.28914954604415e+05
6.60000000000000e-01 6.86193713850622e+04 9.05775702282820e+05 -2.11613698361910e-01 -2.79330081833636e+00 -2.98018569232711e+01 -3.93384511387152e+02 -2.11613698362615e-01 -2.79330081835484e+00 6.86863188915001e+04 9.06659409367801e+05 2.65508713124181e+01 3.50471501324015e+02 -2.98018569232709e+01 -3.93384511387163e+02 2.65508713124185e+01 3.50471501324021e+02 6.82645680196587e+04 9.01092297859494e+05
6.80000000000000e-01 6.46636838111330e+04 8.79426099831409e+05 -1.99414844588632e-01 -2.71204188646729e+00 -2.80838750657872e+01 -3.81940700894849e+02 -1.99414844588568e-01 -2.71204188647960e+00 6.47267720076709e+04 8.80284099304324e+05 2.50202983909929e+01 3.40276058117434e+02 -2.80838750657863e+01 -3.81940700894842e+02 2.50202983909911e+01 3.40276058117443e+02 6.43293337264196e+04 8.74878938679306e+05
7.00000000000000e-01 6.10398915813112e+04 8.54558482138356e+05 -1.88239515233660e-01 -2.63535321313423e+00 -2.65100376001722e+01 -3.71140526402465e+02 -1.88239515233660e-01 -2.63535321313730e+00 6.10994442768857e+04 8.55392219876399e+05 2.36181456283710e+01 3.30654038797193e+02 -2.65100376001731e+01 -3.71140526402453e+02 2.36181456283714e+01 3.30654038797174e+02 6.07242786790101e+04 8.50139901506141e+05
7.20000000000000e-01 5.77119343516908e+04 8.31051854664348e+05 -1.77976504615263e-01 -2.56286166631200e+00 -2.50646832752641e+01 -3.60931439163843e+02 -1.77976504613403e-01 -2.56286166629968e+00 5.77682401734809e+04 8.31862658498125e+05 2.23304602072816e+01 3.21558626984767e+02 -2.50646832752648e+01 -3.60931439163820e+02 2.23304602072807e+01 3.21558626984759e+02 5.74135289871616e+04 8.26754817415127e+05
7.40000000000000e-01 5.46485122773964e+04 8.08797981705466e+05 -1.68529287851890e-01 -2.49423346031322e+00 -2.37342183568240e+01 -3.51266431680892e+02 -1.68529287852596e-01 -2.49423346029782e+00 5.47018293153357e+04 8.09587073866969e+05 2.11451312888053e+01 3.12947943074316e+02 -2.37342183568231e+01 -3.51266431680897e+02 2.11451312888049e+01 3.12947943074342e+02 5.43659466449963e+04 8.04616010345945e+05
7.60000000000000e-01 5.18223523595858e+04 7.87699755865705e+05 -1.59813758407508e-01 -2.42916912774856e+00 -2.25067979970495e+01 -3.42103329555025e+02 -1.59813758407701e-01 -2.42916912774035e+00 5.18729120950977e+04 7.88468263845486e+05 2.00516061402706e+01 3.04784413332107e+02 -2.25067979970493e+01 -3.42103329555028e+02 2.00516061402701e+01 3.04784413332129e+02 5.15543996714574e+04 7.83626875006153e+05
7.80000000000000e-01 4.92096032145944e+04 7.67669810147673e+05 -1.51756361521248e-01 -2.36739923968875e+00 -2.13720633787614e+01 -3.33404188708712e+02 -1.51756361521376e-01 -2.36739923969337e+00 4.92576138588414e+04 7.68418776197926e+05 1.90406559534721e+01 2.97034232874040e+02 -2.13720633787620e+01 -3.33404188708724e+02 1.90406559534728e+01 2.97034232874031e+02 4.89551600088598e+04 7.63700496138213e+05
8.00000000000000e-01 4.67893332354798e+04 7.48629331767677e+05 -1.44292546694902e-01 -2.30868074711843e+00 -2.03209237635630e+01 -3.25134780217008e+02 -1.44292546695158e-01 -2.30868074712253e+00 4.68349825780019e+04 7.49359721248030e+05 1.81041816684389e+01 2.89666906695022e+02 -2.03209237635628e+01 -3.25134780217005e+02 1.81041816684386e+01 2.89666906695018e+02 4.65474042792412e+04 7.44758468467859e+05
8.20000000000000e-01 4.45431124667295e+04 7.30507044454364e+05 -1.37365478221266e-01 -2.25279384278365e+00 -1.93453748971568e+01 -3.17264148313227e+02 -1.37365478221266e-01 -2.25279384278211e+00 4.45865703161449e+04 7.31219753184776e+05 1.72350521884308e+01 2.82654855890258e+02 -1.93453748971562e+01 -3.17264148313226e+02 1.72350521884319e+01 2.82654855890258e+02 4.43127978210290e+04 7.26729884264876e+05
8.40000000000000e-01 4.24546626236347e+04 7.13238332077064e+05 -1.30924955871390e-01 -2.19953925862332e+00 -1.84383470104301e+01 -3.09764229775248e+02 -1.30924955871743e-01 -2.19953925861767e+00 4.24960829068863e+04 7.13934192835690e+05 1.64269689619729e+01 2.75973078561100e+02 -1.84383470104297e+01 -3.09764229775239e+02 1.64269689619719e+01 2.75973078561106e+02 4.22351465180235e+04 7.09550461502795e+05
8.60000000000000e-01 4.05095628672628e+04 6.96764481316921e+05 -1.24926507551065e-01 -2.14873592988216e+00 -1.75935770355556e+01 -3.02609525011578e+02 -1.24926507550584e-01 -2.14873592988062e+00 4.05490854418087e+04 6.97444269599109e+05 1.56743521384886e+01 2.69598856781972e+02 -1.75935770355552e+01 -3.02609525011586e+02 1.56743521384886e+01 2.69598856781977e+02 4.03001040956912e+04 6.93161790445889e+05
8.80000000000000e-01 3.86950014207694e+04 6.81032025005541e+05 -1.19330623311442e-01 -2.10021897034065e+00 -1.68055007312235e+01 -2.95776812869490e+02 -1.19330623311955e-01 -2.10021897034065e+00 3.87327536444410e+04 6.81696464142161e+05 1.49722444612843e+01 2.63511502518626e+02 -1.68055007312237e+01 -2.95776812869485e+02 1.49722444612847e+01 2.63511502518608e+02 3.84949250217692e+04 6.77510680383137e+05
9.00000000000000e-01 3.69995650508256e+04 6.65992170914860e+05 -1.14102106156405e-01 -2.05383791079708e+00 -1.60691612530282e+01 -2.89244902554603e+02 -1.14102106156309e-01 -2.05383791078476e+00 3.70356631462969e+04 6.66641936633343e+05 1.43162298116577e+01 2.57692136609838e+02 -1.60691612530289e+01 -2.89244902554598e+02 1.43162298116577e+01 2.57692136609844e+02 3.68082550762000e+04 6.62548591371599e+05
9.20000000000000e-01 3.54130599644195e+04 6.51600303345320e+05 -1.09209519674231e-01 -2.00945516187445e+00 -1.53801313677553e+01 -2.82994417166657e+02 -1.09209519673910e-01 -2.00945516187958e+00 3.54476102089365e+04 6.52236027844432e+05 1.37023639085547e+01 2.52123495917361e+02 -1.53801313677559e+01 -2.82994417166646e+02 1.37023639085546e+01 2.52123495917364e+02 3.52299531740045e+04 6.48231138401684e+05
9.40000000000000e-01 3.39263588802570e+04 6.37815546948832e+05 -1.04624716458120e-01 -1.96694466939350e+00 -1.47344470354147e+01 -2.77007604265920e+02 -1.04624716457767e-01 -1.96694466939607e+00 3.39594586461643e+04 6.38437822547889e+05 1.31271151359606e+01 2.46789764556008e+02 -1.47344470354148e+01 -2.77007604265915e+02 1.31271151359605e+01 2.46789764556002e+02 3.37509392274150e+04 6.34517657475402e+05
9.60000000000000e-01 3.25312699965326e+04 6.24600383933426e+05 -1.00322433989894e-01 -1.92619073264630e+00 -1.41285505011219e+01 -2.71268169621530e+02 -1.00322433989862e-01 -1.92619073265810e+00 3.25630086639608e+04 6.25209766348048e+05 1.25873138426264e+01 2.41676425778542e+02 -1.41285505011219e+01 -2.71268169621513e+02 1.25873138426263e+01 2.41676425778534e+02 3.23630637911616e+04 6.21370824790303e+05
9.80000000000000e-01 3.12204243470721e+04 6.11920317202614e+05 -9.62799472991748e-02 -1.88708696704943e+00 -1.35592413730250e+01 -2.65761130911314e+02 -9.62799472992710e-02 -1.88708696706893e+00 3.12508841067257e+04 6.12517328491824e+05 1.20801087568567e+01 2.36770131634323e+02 -1.35592413730252e+01 -2.65761130911319e+02 1.20801087568564e+01 2.36770131634333e+02 3.10589960010515e+04 6.08756321620609e+05
1.00000000000000e+00 2.99871786571529e+04 5.99743573143057e+05 -9.24767693289536e-02 -1.84953538653699e+00 -1.30236344320070e+01 -2.60472688640131e+02 -9.24767693281838e-02 -1.84953538653853e+00 3.00164352183204e+04 6.00328704366408e+05 1.16029293984737e+01 2.32058587969546e+02 -1.30236344320061e+01 -2.60472688640126e+02 1.16029293984734e+01 2.32058587969564e+02 2.98321269320823e+04 5.96642538641645e+05
1.02000000000000e+00 2.88255313105722e+04 5.88040838735673e+05 -8.88943918412522e-02 -1.81344559351224e+00 -1.25191231355708e+01 -2.55390111965669e+02 -8.88943918414767e-02 -1.81344559351019e+00 2.88536545271514e+04 5.88614552353889e+05 1.11534535640704e+01 2.27530452707197e+02 -1.25191231355712e+01 -2.55390111965664e+02 1.11534535640712e+01 2.27530452707185e+02 2.86764860000120e+04 5.85000314400244e+05
1.04000000000000e+00 2.77300494454347e+04 5.76785028465042e+05 -8.55160605564937e-02 -1.77873405962171e+00 -1.20433479550691e+01 -2.50501637465388e+02 -8.55160605563013e-02 -1.77873405961504e+00 2.77571038708294e+04 5.77347760513252e+05 1.07295791181369e+01 2.23175245657276e+02 -1.20433479550696e+01 -2.50501637465387e+02 1.07295791181371e+01 2.23175245657273e+02 2.75866684341043e+04 5.73802703429369e+05
1.06000000000000e+00 2.66958055268589e+04 5.65951077169408e+05 -8.23265795648340e-02 -1.74532348683116e+00 -1.15941688287790e+01 -2.45796379170115e+02 -8.23265795651226e-02 -1.74532348682654e+00 2.67218509069942e+04 5.66503239228278e+05 1.03293994511785e+01 2.18983268364986e+02 -1.15941688287791e+01 -2.45796379170125e+02 1.03293994511794e+01 2.18983268364968e+02 2.65577721777928e+04 5.63024770169207e+05
1.08000000000000e+00 2.57183220153955e+04 5.55515755532542e+05 -7.93121406866405e-02 -1.71314223891762e+00 -1.11696411310545e+01 -2.41264248430665e+02 -7.93121406864160e-02 -1.71314223892121e+00 2.57434137277493e+04 5.56057736519386e+05 9.95118207029810e+00 2.14945532718479e+02 -1.11696411310542e+01 -2.41264248430669e+02 9.95118207029828e+00 2.14945532718473e+02 2.55853428431966e+04 5.52643405413046e+05
1.10000000000000e+00 2.47935229722027e+04 5.45457505388459e+05 -7.64601742261041e-02 -1.68212383301868e+00 -1.07679946540902e+01 -2.36895882390021e+02 -7.64601742263607e-02 -1.68212383301149e+00 2.48177124176216e+04 5.45989673187675e+05 9.59334987379032e+00 2.11053697223472e+02 -1.07679946540902e+01 -2.36895882390019e+02 9.59334987379046e+00 2.11053697223464e+02 2.46653255665257e+04 5.42637162463566e+05
1.12000000000000e+00 2.39176916252651e+04 5.35756292405939e+05 -7.37592181169557e-02 -1.65220648583135e+00 -1.03876151786823e+01 -2.32682580002515e+02 -7.37592181172443e-02 -1.65220648582263e+00 2.39410265783803e+04 5.36278995355719e+05 9.25446473225427e+00 2.07300010002569e+02 -1.03876151786827e+01 -2.32682580002504e+02 9.25446473225367e+00 2.07300010002571e+02 2.37940227937087e+04 5.32986110579075e+05
1.14000000000000e+00 2.30874330725718e+04 5.26393474054637e+05 -7.11988028973274e-02 -1.62333270598398e+00 -1.00270282759293e+01 -2.28616244691216e+02 -7.11988028978726e-02 -1.62333270598347e+00 2.31099579958269e+04 5.26907042304853e+05 8.93321305734405e+00 2.03677257707489e+02 -1.00270282759291e+01 -2.28616244691215e+02 8.93321305734399e+00 2.03677257707485e+02 2.29680571764169e+04 5.23671703622306e+05
1.16000000000000e+00 2.22996414240752e+04 5.17351681038544e+05 -6.87693503824810e-02 -1.59544892889357e+00 -9.68488503678246e+00 -2.24689332853351e+02 -6.87693503825611e-02 -1.59544892888844e+00 2.23213977496968e+04 5.17856427792965e+05 8.62839308803037e+00 2.00178719642326e+02 -9.68488503678254e+00 -2.24689332853345e+02 8.62839308802966e+00 2.00178719642323e+02 2.21843388839199e+04 5.14676662106943e+05
1.18000000000000e+00 2.15514707891575e+04 5.08614710624116e+05 -6.64620841988506e-02 -1.56850518711246e+00 -9.35994947170908e+00 -2.20894807532319e+02 -6.64620841992676e-02 -1.56850518711041e+00 2.15724971728197e+04 5.09110933278545e+05 8.33890366475840e+00 1.96798126488323e+02 -9.35994947170963e+00 -2.20894807532332e+02 8.33890366475825e+00 1.96798126488320e+02 2.14400367405638e+04 5.05984867077306e+05
1.20000000000000e+00 2.08403096040178e+04 5.00167430496428e+05 -6.42689506079999e-02 -1.54245481459341e+00 -9.05108736089194e+00 -2.17226096661380e+02 -6.42689506081442e-02 -1.54245481460829e+00 2.08606421534601e+04 5.00655411683042e+05 8.06373429599521e+00 1.93529623103888e+02 -9.05108736089162e+00 -2.17226096661380e+02 8.06373429599514e+00 1.93529623103899e+02 2.07325526859012e+04 4.97581264461628e+05
1.22000000000000e+00 2.01637578669232e+04 4.91995691952925e+05 -6.21825482934936e-02 -1.51725417839480e+00 -8.75725636735444e+00 -2.13677055363403e+02 -6.21825482934615e-02 -1.51725417838864e+00 2.01834303483575e+04 4.92475700499923e+05 7.80195634983608e+00 1.90367734935985e+02 -8.75725636735426e+00 -2.13677055363410e+02 7.80195634983585e+00 1.90367734935983e+02 2.00594991276494e+04 4.89451778714645e+05
1.24000000000000e+00 1.95196069111069e+04 4.84086251395451e+05 -6.01960660024639e-02 -1.49286243683592e+00 -8.47749725218139e+00 -2.10241931854090e+02 -6.01960660023837e-02 -1.49286243684003e+00 1.95386509358913e+04 4.84558543210104e+05 7.55271522756677e+00 1.87307337643602e+02 -8.47749725218134e+00 -2.10241931854085e+02 7.55271522756664e+00 1.87307337643611e+02 1.94186788191757e+04 4.81583234715557e+05
1.26000000000000e+00 1.89058213972679e+04 4.76426699211152e+05 -5.83032270000378e-02 -1.46924132033703e+00 -8.21092605376076e+00 -2.06915336554842e+02 -5.83032270000378e-02 -1.46924132033857e+00 1.89242665910108e+04 4.76891518093471e+05 7.31522339599485e+00 1.84343629579090e+02 -8.21092605376097e+00 -2.06915336554846e+02 7.31522339599455e+00 1.84343629579070e+02 1.88080669451056e+04 4.73963287016662e+05
1.28000000000000e+00 1.83205232517495e+04 4.69005395244787e+05 -5.64982395331014e-02 -1.44635493207552e+00 -7.95672711200237e+00 -2.03692214067301e+02 -5.64982395335664e-02 -1.44635493207141e+00 1.83383974077434e+04 4.69462973638232e+05 7.08875417269353e+00 1.81472106820955e+02 -7.95672711200239e+00 -2.03692214067300e+02 7.08875417269360e+00 1.81472106820944e+02 1.82257951425513e+04 4.66580355649314e+05
1.30000000000000e+00 1.77619773139118e+04 4.61811410161707e+05 -5.47757525854608e-02 -1.42416956720425e+00 -7.71414683490996e+00 -2.00567817707672e+02 -5.47757525850439e-02 -1.42416956720578e+00 1.77793065325650e+04 4.62261969846689e+05 6.87263617251111e+00 1.78688540485256e+02 -7.71414683490974e+00 -2.00567817707669e+02 6.87263617251130e+00 1.78688540485250e+02 1.76701372226957e+04 4.59423567790088e+05
1.32000000000000e+00 1.72285784880485e+04 4.54834472084479e+05 -5.31308162368458e-02 -1.40265354862855e+00 -7.48248811856555e+00 -1.97537686330164e+02 -5.31308162368458e-02 -1.40265354862085e+00 1.72453873037803e+04 4.55278224819799e+05 6.66624833627769e+00 1.75988956077743e+02 -7.48248811856527e+00 -1.97537686330164e+02 6.66624833627792e+00 1.75988956077743e+02 1.71394963891412e+04 4.52482704673328e+05
1.34000000000000e+00 1.67188402223434e+04 4.48064917958804e+05 -5.15588461433348e-02 -1.38177707664183e+00 -7.26110534346591e+00 -1.94597623204875e+02 -5.15588461431905e-02 -1.38177707664747e+00 1.67351517192404e+04 4.48502066075643e+05 6.46901547298398e+00 1.73369614675937e+02 -7.26110534346581e+00 -1.94597623204882e+02 6.46901547298383e+00 1.73369614675934e+02 1.66323937764376e+04 4.45748153208528e+05
1.36000000000000e+00 1.62313841605722e+04 4.41493649167564e+05 -5.00555916259250e-02 -1.36151209225757e+00 -7.04939988018164e+00 -1.91743676741008e+02 -5.00555916258929e-02 -1.36151209225295e+00 1.62472200779473e+04 4.41924386120167e+05 6.28040425569422e+00 1.70826995754907e+02 -7.04939988018165e+00 -1.91743676741014e+02 6.28040425569376e+00 1.70826995754902e+02 1.61474581552899e+04 4.39210861823886e+05
1.38000000000000e+00 1.57649308321337e+04 4.35112090966890e+05 -4.86171069545978e-02 -1.34183215194395e+00 -6.84681604598527e+00 -1.88972122869152e+02 -4.86171069546459e-02 -1.34183215194498e+00 1.57803116610028e+04 4.35536601843677e+05 6.09991961926164e+00 1.68357781491635e+02 -6.84681604598519e+00 -1.88972122869148e+02 6.09991961926152e+00 1.68357781491629e+02 1.56834166707287e+04 4.32862300112111e+05
1.40000000000000e+00 1.53182912630806e+04 4.28912155366258e+05 -4.72397254786189e-02 -1.32271231340915e+00 -6.65283746144532e+00 -1.86279448920471e+02 -4.72397254787952e-02 -1.32271231340915e+00 1.53332363344541e+04 4.29330617364715e+05 5.92710151438110e+00 1.65958842402660e+02 -6.65283746144518e+00 -1.86279448920473e+02 5.92710151438104e+00 1.65958842402654e+02 1.52390864965159e+04 4.26694421902445e+05
1.42000000000000e+00 1.48903594055158e+04 4.22886207116647e+05 -4.59200362839585e-02 -1.30412903038822e+00 -6.46698376248644e+00 -1.83662338854674e+02 -4.59200362837981e-02 -1.30412903038822e+00 1.49048869713043e+04 4.23298789985041e+05 5.76152197829235e+00 1.63627224183468e+02 -6.46698376248652e+00 -1.83662338854668e+02 5.76152197829195e+00 1.63627224183463e+02 1.48133673036864e+04 4.20699631424693e+05
1.44000000000000e+00 1.44801052954076e+04 4.17027032507739e+05 -4.46548630856285e-02 -1.28606005685389e+00 -6.28880762876796e+00 -1.81117659708547e+02 -4.46548630858049e-02 -1.28606005684670e+00 1.44942326026522e+04 4.17433898956383e+05 5.60278248734293e+00 1.61360135635469e+02 -6.28880762876820e+00 -1.81117659708544e+02 5.60278248734291e+00 1.61360135635476e+02 1.44052344537414e+04 4.14870752267751e+05
1.46000000000000e+00 1.40865688598452e+04 4.11327810707481e+05 -4.34412451368476e-02 -1.26848435806668e+00 -6.11789209413272e+00 -1.78642449148680e+02 -4.34412451366070e-02 -1.26848435806976e+00 1.41003122189055e+04 4.11729116792040e+05 5.45051156083267e+00 1.59154937576292e+02 -6.11789209413277e+00 -1.78642449148671e+02 5.45051156083239e+00 1.59154937576280e+02 1.40137328379235e+04 4.09200998867365e+05
1.48000000000000e+00 1.37088543042527e+04 4.05782087405880e+05 -4.22764199235886e-02 -1.25138202973676e+00 -5.95384810893603e+00 -1.76233904024514e+02 -4.22764199235245e-02 -1.25138202973779e+00 1.37222291515191e+04 4.06177982884965e+05 5.30436258925365e+00 1.57009132641827e+02 -5.95384810893615e+00 -1.76233904024522e+02 5.30436258925355e+00 1.57009132641832e+02 1.36379712934527e+04 4.03683950286200e+05
1.50000000000000e+00 1.33461250183333e+04 4.00383750549999e+05 -4.11578074363488e-02 -1.23473422311782e+00 -5.79631232767411e+00 -1.73889369830219e+02 -4.11578074363328e-02 -1.23473422311885e+00 1.33591459739695e+04 4.00774379219084e+05 5.16401186325047e+00 1.54920355897483e+02 -5.79631232767406e+00 -1.73889369830222e+02 5.16401186325079e+00 1.54920355897484e+02 1.32771175358102e+04 3.98313526074306e+05
1.52000000000000e+00 1.29975989466885e+04 3.95127007979329e+05 -4.00829959133846e-02 -1.21852307581741e+00 -5.64494509839702e+00 -1.71606330991294e+02 -4.00829959131281e-02 -1.21852307581844e+00 1.30102798678569e+04 3.95512507982849e+05 5.02915678238421e+00 1.52886366184470e+02 -5.64494509839693e+00 -1.71606330991299e+02 5.02915678238429e+00 1.52886366184473e+02 1.29303935532935e+04 3.93083964020121e+05
1.54000000000000e+00 1.26625443763092e+04 3.90006366790324e+05 -3.90497288457751e-02 -1.20273164841249e+00 -5.49942863320349e+00 -1.69382401902623e+02 -3.90497288459836e-02 -1.20273164841121e+00 1.26748984062871e+04 3.90386870913642e+05 4.89951422516724e+00 1.50905038135214e+02 -5.49942863320348e+00 -1.69382401902627e+02 4.89951422516731e+00 1.50905038135219e+02 1.25970714162893e+04 3.87989799621711e+05
1.56000000000000e+00 1.23402760985985e+04 3.85016614276272e+05 -3.80558931273168e-02 -1.18734386561070e+00 -5.35946534135976e+00 -1.67215318650427e+02 -3.80558931274290e-02 -1.18734386561173e+00 1.23523157121490e+04 3.85392250219049e+05 4.77481906406770e+00 1.48974354798857e+02 -5.35946534135999e+00 -1.67215318650433e+02 4.77481906406742e+00 1.48974354798855e+02 1.22764694591406e+04 3.83025847125187e+05
1.58000000000000e+00 1.20301519083580e+04 3.80152800304112e+05 -3.70995082843522e-02 -1.17234446179830e+00 -5.22477630881130e+00 -1.65102931358373e+02 -3.70995082840796e-02 -1.17234446179266e+00 1.20418889536861e+04 3.80523690936481e+05 4.65482281082488e+00 1.47092400822110e+02 -5.22477630881106e+00 -1.65102931358372e+02 4.65482281082486e+00 1.47092400822123e+02 1.19679487972358e+04 3.78187181992650e+05
1.60000000000000e+00 1.17315694063593e+04 3.75410221003498e+05 -3.61787165852212e-02 -1.15771893072708e+00 -5.09509990949713e+00 -1.63043197103908e+02 -3.61787165851330e-02 -1.15771893072426e+00 1.17430151439478e+04 3.75776484606329e+05 4.53929237930452e+00 1.45257356137745e+02 -5.09509990949693e+00 -1.63043197103902e+02 4.53929237930448e+00 1.45257356137743e+02 1.16709101461122e+04 3.73469124675590e+05
1.62000000000000e+00 1.14439630757912e+04 3.70784403655633e+05 -3.52917740496354e-02 -1.14345347921750e+00 -4.97019053564530e+00 -1.61034173354902e+02 -3.52917740496836e-02 -1.14345347921904e+00 1.14551282143843e+04 3.71146154146052e+05 4.42800895427099e+00 1.43467490118370e+02 -4.97019053564502e+00 -1.61034173354897e+02 4.42800895427057e+00 1.43467490118371e+02 1.13847909130201e+04 3.68867225581851e+05
1.64000000000000e+00 1.11668016061052e+04 3.66271092680250e+05 -3.44370421789124e-02 -1.12953498344778e+00 -4.84981743549095e+00 -1.59074011884088e+02 -3.44370421789525e-02 -1.12953498345163e+00 1.11776963360819e+04 3.66628439823488e+05 4.32076695589749e+00 1.41721156153484e+02 -4.84981743549064e+00 -1.59074011884094e+02 4.32076695589748e+00 1.41721156153485e+02 1.11090625346059e+04 3.64377251135073e+05
1.66000000000000e+00 1.08995854406279e+04 3.61866236628846e+05 -3.36129804034768e-02 -1.11595094938873e+00 -4.73376364819419e+00 -1.57160953120063e+02 -3.36129804033806e-02 -1.11595094938488e+00 1.09102194649818e+04 3.62219286237394e+05 4.21737309088589e+00 1.40016786617401e+02 -4.73376364819403e+00 -1.57160953120067e+02 4.21737309088597e+00 1.40016786617402e+02 1.08432280372040e+04 3.59995170835174e+05
1.68000000000000e+00 1.06418445268136e+04 3.57565976100937e+05 -3.28181391377680e-02 -1.10268947501738e+00 -4.62182502675761e+00 -1.55293320899008e+02 -3.28181391379444e-02 -1.10268947501507e+00 1.06522270899381e+04 3.57914830221921e+05 4.11764548195491e+00 1.38352888193645e+02 -4.62182502675776e+00 -1.55293320899009e+02 4.11764548195485e+00 1.38352888193639e+02 1.05868197987229e+04 3.55717145237091e+05
1.70000000000000e+00 1.03931362502319e+04 3.53366632507884e+05 -3.20511534145942e-02 -1.08973921613961e+00 -4.51380934073797e+00 -1.53469517585091e+02 -3.20511534146022e-02 -1.08973921613397e+00 1.04032761646901e+04 3.53711389599464e+05 4.02141286844378e+00 1.36728037527098e+02 -4.51380934073804e+00 -1.53469517585093e+02 4.02141286844361e+00 1.36728037527105e+02 1.03393974933146e+04 3.51539514772696e+05
1.72000000000000e+00 1.01530435353425e+04 3.49264697615784e+05 -3.13107370238063e-02 -1.07708935356771e+00 -4.40953545141238e+00 -1.51688019528581e+02 -3.13107370236700e-02 -1.07708935356078e+00 1.01629492067838e+04 3.49605452713363e+05 3.92851387144783e+00 1.35140877177843e+02 -4.40953545141255e+00 -1.51688019528577e+02 3.92851387144794e+00 1.35140877177837e+02 1.01005462019698e+04 3.47458789347762e+05
1.74000000000000e+00 9.92117309785016e+03 3.45256823805185e+05 -3.05956771229067e-02 -1.06472956390254e+00 -4.30883255274906e+00 -1.49947372835686e+02 -3.05956771228506e-02 -1.06472956391126e+00 9.93085254822158e+03 3.45593668678111e+05 3.83879631760443e+00 1.33590111852612e+02 -4.30883255274916e+00 -1.49947372835690e+02 3.83879631760440e+00 1.33590111852614e+02 9.86987467390927e+03 3.43471638652042e+05
1.76000000000000e+00 9.69715383497170e+03 3.41339814991004e+05 -2.99048292796237e-02 -1.05264999063801e+00 -4.21153947230217e+00 -1.48246189425056e+02 -2.99048292793351e-02 -1.05264999063262e+00 9.70661472415928e+03 3.41672838290407e+05 3.75211661622861e+00 1.32074504891235e+02 -4.21153947230226e+00 -1.48246189425052e+02 3.75211661622856e+00 1.32074504891235e+02 9.64701372517418e+03 3.39574883126131e+05
1.78000000000000e+00 9.48063534132131e+03 3.37510618151039e+05 -2.92371128857876e-02 -1.04084121874999e+00 -4.11750402664368e+00 -1.46583143348522e+02 -2.92371128857235e-02 -1.04084121874331e+00 9.48988498734309e+03 3.37839905549414e+05 3.66833918508030e+00 1.30592874988874e+02 -4.11750402664380e+00 -1.46583143348522e+02 3.66833918508061e+00 1.30592874988876e+02 9.43161476218501e+03 3.35765485533786e+05
1.80000000000000e+00 9.27128653933562e+03 3.33766315416082e+05 -2.85915069387089e-02 -1.02929424983768e+00 -4.02658242654843e+00 -1.44956967355767e+02 -2.85915069388051e-02 -1.02929424983691e+00 9.28033193719852e+03 3.34091949739147e+05 3.58733592042258e+00 1.29144093135239e+02 -4.02658242654854e+00 -1.44956967355756e+02 3.58733592042256e+00 1.29144093135236e+02 9.22334841924825e+03 3.32040543092937e+05
1.82000000000000e+00 9.06879441424953e+03 3.30104116678683e+05 -2.79670461393599e-02 -1.01800047951926e+00 -3.93863872758945e+00 -1.43366449684254e+02 -2.79670461392637e-02 -1.01800047952131e+00 9.07764225357211e+03 3.30426178030025e+05 3.50898570755340e+00 1.27727079755000e+02 -3.93863872758943e+00 -1.43366449684253e+02 3.50898570755332e+00 1.27727079755001e+02 9.02190330007314e+03 3.28397280122662e+05
1.84000000000000e+00 8.87286284460192e+03 3.26521352681351e+05 -2.73628172871721e-02 -1.00695167617498e+00 -3.85354432221270e+00 -1.41810431057399e+02 -2.73628172873164e-02 -1.00695167618036e+00 8.88151952609610e+03 3.26839918560336e+05 3.43317396829363e+00 1.26340802033189e+02 -3.85354432221268e+00 -1.41810431057393e+02 3.43317396829333e+00 1.26340802033188e+02 8.82698481432439e+03 3.24833041167138e+05
1.86000000000000e+00 8.68321152011662e+03 3.23015468548338e+05 -2.67779559378611e-02 -9.96139960866702e-01 -3.77117746976972e+00 -1.40287801875380e+02 -2.67779559380776e-02 -9.96139960861314e-01 8.69168317101360e+03 3.23330613961706e+05 3.35979224227262e+00 1.24984271412534e+02 -3.77117746976963e+00 -1.40287801875379e+02 3.35979224227285e+00 1.24984271412534e+02 8.63831410109831e+03 3.21345284560857e+05
1.88000000000000e+00 8.49957493957866e+03 3.19584017728158e+05 -2.62116433188995e-02 -9.85557788789716e-01 -3.69142286128645e+00 -1.38797499584377e+02 -2.62116433186269e-02 -9.85557788779710e-01 8.50786742807719e+03 3.19895815295702e+05 3.28873779919482e+00 1.23656541249713e+02 -3.69142286128669e+00 -1.38797499584374e+02 3.28873779919481e+00 1.23656541249708e+02 8.45562703198068e+03 3.17931576402473e+05
1.90000000000000e+00 8.32170148201959e+03 3.16224656316744e+05 -2.56631034610809e-02 -9.75197931513456e-01 -3.61417121607970e+00 -1.37338506211014e+02 -2.56631034610809e-02 -9.75197931516792e-01 8.32982043082801e+03 3.16533176371464e+05 3.21991327943970e+00 1.22356704618687e+02 -3.61417121607978e+00 -1.37338506211020e+02 3.21991327943957e+00 1.22356704618686e+02 8.27867328703459e+03 3.14589584907314e+05
1.92000000000000e+00 8.14935254514781e+03 3.12935137733676e+05 -2.51316005457902e-02 -9.65053460930273e-01 -3.53931890755650e+00 -1.35909846050170e+02 -2.51316005457661e-02 -9.65053460933352e-01 8.15730334418559e+03 3.13240448416726e+05 3.15322636069548e+00 1.21083892250773e+02 -3.53931890755651e+00 -1.35909846050175e+02 3.15322636069555e+00 1.21083892250765e+02 8.10721549768561e+03 3.11317075111127e+05
1.94000000000000e+00 7.98230174551811e+03 3.09713307726103e+05 -2.46164364336551e-02 -9.55117733582126e-01 -3.46676761585900e+00 -1.34510583495344e+02 -2.46164364338796e-02 -9.55117733577251e-01 7.99008956383691e+03 3.10015475076872e+05 3.08858944849369e+00 1.19837270601556e+02 -3.46676761585885e+00 -1.34510583495345e+02 3.08858944849347e+00 1.19837270601550e+02 7.94102845102691e+03 3.08111903899844e+05
1.96000000000000e+00 7.82033417543658e+03 3.06557099677114e+05 -2.41169483760626e-02 -9.45384376324021e-01 -3.39642400512077e+00 -1.33139821000736e+02 -2.41169483762069e-02 -9.45384376328383e-01 7.82796397241648e+03 3.06856187718726e+05 3.02591938866606e+00 1.18616040035706e+02 -3.39642400512077e+00 -1.33139821000737e+02 3.02591938866614e+00 1.18616040035701e+02 7.77989835056644e+03 3.04972015342205e+05
1.98000000000000e+00 7.66324571204868e+03 3.03464530197128e+05 -2.36325068835621e-02 -9.35847272587067e-01 -3.32819942340811e+00 -1.31796697166973e+02 -2.36325068836423e-02 -9.35847272586041e-01 7.67072224792021e+03 3.03760601017640e+05 2.96513720002396e+00 1.17419433120972e+02 -3.32819942340800e+00 -1.31796697166970e+02 2.96513720002403e+00 1.17419433120960e+02 7.62362212888742e+03 3.01895436303942e+05
2.00000000000000e+00 7.51084237446490e+03 3.00433694978596e+05 -2.31625137418302e-02 -9.26500549634724e-01 -3.26200962350651e+00 -1.30480384940266e+02 -2.31625137418142e-02 -9.26500549636263e-01 7.51817022020392e+03 3.00726808808157e+05 2.90616782560175e+00 1.16246713024060e+02 -3.26200962350643e+00 -1.30480384940270e+02 2.90616782560194e+00 1.16246713024054e+02 7.47200680809805e+03 2.98880272323922e+05
2.02000000000000e+00 7.36293972514530e+03 2.97462764895870e+05 -2.27064001691283e-02 -9.17338566844573e-01 -3.19777450294805e+00 -1.29190089919109e+02 -2.27064001691363e-02 -9.17338566846112e-01 7.37012327178383e+03 2.97752980180067e+05 2.84893990104371e+00 1.15097172002216e+02 -3.19777450294785e+00 -1.29190089919099e+02 2.84893990104393e+00 1.15097172002215e+02 7.32486890431126e+03 2.95924703734175e+05
2.04000000000000e+00 7.21936231209523e+03 2.94549982333486e+05 -2.22636250932504e-02 -9.08355903792019e-01 -3.13541786174382e+00 -1.27925048759156e+02 -2.22636250931542e-02 -9.08355903793815e-01 7.22640577948806e+03 2.94837355803113e+05 2.79338553876439e+00 1.13970129981630e+02 -3.13541786174381e+00 -1.27925048759152e+02 2.79338553876448e+00 1.13970129981631e+02 7.18203387272459e+03 2.93026982007163e+05
2.06000000000000e+00 7.07994314872371e+03 2.91693657727417e+05 -2.18336735476745e-02 -8.99547350176186e-01 -3.07486717648850e+00 -1.26684527671324e+02 -2.18336735475782e-02 -8.99547350176442e-01 7.08685059380754e+03 2.91978244464871e+05 2.73944012669810e+00 1.12864933220002e+02 -3.07486717648849e+00 -1.26684527671322e+02 2.73944012669814e+00 1.12864933220002e+02 7.04333559016803e+03 2.90185426314923e+05
2.08000000000000e+00 6.94452322848662e+03 2.88892166305044e+05 -2.14160551761233e-02 -8.90907895313745e-01 -3.01605338956479e+00 -1.25467821005921e+02 -2.14160551761233e-02 -8.90907895312975e-01 6.95129855306572e+03 2.89174019807534e+05 2.68704214049039e+00 1.11780953044457e+02 -3.01605338956472e+00 -1.25467821005920e+02 2.68704214049044e+00 1.11780953044456e+02 6.90861587225680e+03 2.87398420285883e+05
2.10000000000000e+00 6.81295107168176e+03 2.86143945010634e+05 -2.10103028328916e-02 -8.82432718982828e-01 -2.95891071231403e+00 -1.24274249917206e+02 -2.10103028328676e-02 -8.82432718989499e-01 6.81959802977137e+03 2.86423117250398e+05 2.63613296815181e+00 1.10717584662413e+02 -2.95891071231399e+00 -1.24274249917205e+02 2.63613296815176e+00 1.10717584662409e+02 6.77772402252973e+03 2.84664408946249e+05
2.12000000000000e+00 6.68508230198487e+03 2.83447489604158e+05 -2.06159712804232e-02 -8.74117182311593e-01 -2.90337644112281e+00 -1.23103161103626e+02 -2.06159712803671e-02 -8.74117182313902e-01 6.69160450674158e+03 2.83724031085843e+05 2.58665674619672e+00 1.09674246038746e+02 -2.90337644112282e+00 -1.23103161103626e+02 2.58665674619688e+00 1.09674246038750e+02 6.65051641117491e+03 2.81981895833816e+05
2.14000000000000e+00 6.56077925051739e+03 2.80801351922144e+05 -2.02326359632816e-02 -8.65956819249202e-01 -2.84939078546581e+00 -1.21953925617958e+02 -2.02326359632416e-02 -8.65956819248432e-01 6.56718018078309e+03 2.81075311737516e+05 2.53856020644970e+00 1.08650376836024e+02 -2.84939078546583e+00 -1.21953925617959e+02 2.53856020644957e+00 1.08650376836019e+02 6.52685608114455e+03 2.79349440272987e+05
2.16000000000000e+00 6.43991058541928e+03 2.78204137290113e+05 -1.98598918729330e-02 -8.57947328913517e-01 -2.79689670702990e+00 -1.20825937743671e+02 -1.98598918728769e-02 -8.57947328906589e-01 6.44619359190381e+03 2.78475563170245e+05 2.49179253271636e+00 1.07645437413359e+02 -2.79689670702976e+00 -1.20825937743666e+02 2.49179253271635e+00 1.07645437413364e+02 6.40661237964321e+03 2.76765654800587e+05
2.18000000000000e+00 6.32235096506672e+03 2.75654502076909e+05 -1.94973524683331e-02 -8.50084567594988e-01 -2.74583976909913e+00 -1.19718613932693e+02 -1.94973524683010e-02 -8.50084567592678e-01 6.32851927619218e+03 2.75923440441979e+05 2.44630522660226e+00 1.06658907879850e+02 -2.74583976909926e+00 -1.19718613932691e+02 2.44630522660233e+00 1.06658907879856e+02 6.28966061313854e+03 2.74229202732840e+05
2.20000000000000e+00 6.20798071322576e+03 2.73151151381934e+05 -1.91446486833003e-02 -8.42364542085224e-01 -2.69616799547479e+00 -1.18631391800871e+02 -1.91446486833243e-02 -8.42364542081632e-01 6.21403744065383e+03 2.73417647388769e+05 2.40205198182155e+00 1.05690287200172e+02 -2.69616799547485e+00 -1.18631391800871e+02 2.40205198182162e+00 1.05690287200172e+02 6.17588172419462e+03 2.71738795864563e+05
2.22000000000000e+00 6.09668551457051e+03 2.70692836846931e+05 -1.88014279840929e-02 -8.34783402565292e-01 -2.64783173823937e+00 -1.17563729177829e+02 -1.88014279843174e-02 -8.34783402565035e-01 6.10263365843278e+03 2.70956934434415e+05 2.35898856638143e+00 1.04739092347397e+02 -2.64783173823911e+00 -1.17563729177826e+02 2.35898856638133e+00 1.04739092347403e+02 6.06516198856445e+03 2.69293192292262e+05
2.24000000000000e+00 5.98835612912008e+03 2.68278354584580e+05 -1.84673534892100e-02 -8.27337436287589e-01 -2.60078355373105e+00 -1.16515103207140e+02 -1.84673534891539e-02 -8.27337436290411e-01 5.99419858296970e+03 2.68540096517042e+05 2.31707271209188e+00 1.03804857501716e+02 -2.60078355373099e+00 -1.16515103207138e+02 2.31707271209199e+00 1.03804857501719e+02 5.95739273110346e+03 2.66891194353435e+05
2.26000000000000e+00 5.88288812426288e+03 2.65906543216682e+05 -1.81421031384414e-02 -8.20023061898644e-01 -2.55497808616070e+00 -1.15485009494437e+02 -1.81421031384254e-02 -8.20023061892743e-01 5.88862767976482e+03 2.66165971125370e+05 2.27626401087471e+00 1.02887133291561e+02 -2.55497808616077e+00 -1.15485009494440e+02 2.27626401087478e+00 1.02887133291549e+02 5.85247005917937e+03 2.64531646674907e+05
2.28000000000000e+00 5.78018162314133e+03 2.63576282015245e+05 -1.78253689268637e-02 -8.12836823086097e-01 -2.51037195833100e+00 -1.14472961299919e+02 -1.78253689268276e-02 -8.12836823084814e-01 5.78582097451714e+03 2.63833436437982e+05 2.23652381741082e+00 1.01985486073931e+02 -2.51037195833102e+00 -1.14472961299914e+02 2.23652381741080e+00 1.01985486073925e+02 5.75029461235795e+03 2.62213434323522e+05
2.30000000000000e+00 5.68014106826561e+03 2.61286489140218e+05 -1.75168561647378e-02 -8.05775383580393e-01 -2.46692366898202e+00 -1.13478488773177e+02 -1.75168561648180e-02 -8.05775383573465e-01 5.68568281650755e+03 2.61541409559347e+05 2.19781515767056e+00 1.01099497252899e+02 -2.46692366898186e+00 -1.13478488773180e+02 2.19781515767062e+00 1.01099497252896e+02 5.65077132723901e+03 2.59935481052994e+05
2.32000000000000e+00 5.58267499931210e+03 2.59036119968082e+05 -1.72162828003713e-02 -7.98835521912980e-01 -2.42459349627379e+00 -1.12501138227105e+02 -1.72162828004595e-02 -7.98835521920677e-01 5.58812165618047e+03 2.59288844846774e+05 2.16010264294069e+00 1.00228762632457e+02 -2.42459349627367e+00 -1.12501138227113e+02 2.16010264294067e+00 1.00228762632459e+02 5.55380921640373e+03 2.57696747641133e+05
2.34000000000000e+00 5.48769584414227e+03 2.56824165505858e+05 -1.69233787714362e-02 -7.92014126537314e-01 -2.38334340703636e+00 -1.11540471449292e+02 -1.69233787714001e-02 -7.92014126545268e-01 5.49304983595885e+03 2.57074732322874e+05 2.12335238896226e+00 9.93728918033945e+01 -2.38334340703643e+00 -1.11540471449287e+02 2.12335238896222e+00 9.93728918033959e+01 5.45932116051413e+03 2.55496230312061e+05
2.36000000000000e+00 5.39511972215067e+03 2.54649650885511e+05 -1.66378854022541e-02 -7.85308190990389e-01 -2.34313697135513e+00 -1.10596065047938e+02 -1.66378854023062e-02 -7.85308190991415e-01 5.40038339340037e+03 2.54898096168497e+05 2.08753193983819e+00 9.85315075603779e+01 -2.34313697135512e+00 -1.10596065047939e+02 2.08753193983805e+00 9.85315075603805e+01 5.36722371267789e+03 2.53332959238396e+05
2.38000000000000e+00 5.30486625911799e+03 2.52511633934017e+05 -1.63595548275876e-02 -7.78714809783969e-01 -2.30393928216200e+00 -1.09667509830920e+02 -1.63595548275315e-02 -7.78714809786021e-01 5.31004187586974e+03 2.52757993291399e+05 2.05261019639909e+00 9.77042453485923e+01 -2.30393928216201e+00 -1.09667509830923e+02 2.05261019639907e+00 9.77042453485890e+01 5.27743691425867e+03 2.51205997118713e+05
2.40000000000000e+00 5.21685841280621e+03 2.50409203814698e+05 -1.60881494581301e-02 -7.72231173982547e-01 -2.26571687949530e+00 -1.08754410215704e+02 -1.60881494580058e-02 -7.72231173979981e-01 5.22194816596377e+03 2.50653511966261e+05 2.01855734871512e+00 9.68907527383623e+01 -2.26571687949529e+00 -1.08754410215703e+02 2.01855734871521e+00 9.68907527383602e+01 5.18988412137310e+03 2.49114437825909e+05
2.42000000000000e+00 5.13102230858962e+03 2.48341479735738e+05 -1.58234414740650e-02 -7.65854567320871e-01 -2.22843767910112e+00 -1.07856383668506e+02 -1.58234414740530e-02 -7.65854567323693e-01 5.13602831698206e+03 2.48583770541932e+05 1.98534481250268e+00 9.60906889251762e+01 -2.22843767910098e+00 -1.07856383668506e+02 1.98534481250283e+00 9.60906889251742e+01 5.10449184137167e+03 2.47057405122389e+05
2.44000000000000e+00 5.04728708446731e+03 2.46307609722005e+05 -1.55652123456466e-02 -7.59582362466694e-01 -2.19207090513684e+00 -1.06973060170693e+02 -1.55652123455784e-02 -7.59582362464898e-01 5.05221139778818e+03 2.46547916212063e+05 1.95294516914941e+00 9.53037242544950e+01 -2.19207090513678e+00 -1.06973060170694e+02 1.95294516914948e+00 9.53037242544914e+01 5.02118957865255e+03 2.45034051438244e+05
2.46000000000000e+00 4.96558474484990e+03 2.44306769446615e+05 -1.53132523825846e-02 -7.53412017235804e-01 -2.15658702665730e+00 -1.06104081711540e+02 -1.53132523825365e-02 -7.53412017237343e-01 4.97042934645384e+03 2.44545123845529e+05 1.92133210914472e+00 9.45295397699554e+01 -2.15658702665728e+00 -1.06104081711543e+02 1.92133210914479e+00 9.45295397699560e+01 4.93990968920442e+03 2.43043556708857e+05
2.48000000000000e+00 4.88585002255778e+03 2.42338161118866e+05 -1.50673603097436e-02 -7.47341071366120e-01 -2.12195769768471e+00 -1.05249101805175e+02 -1.50673603097436e-02 -7.47341071364067e-01 4.89061683212245e+03 2.42574594873273e+05 1.89048037867921e+00 9.37678267824403e+01 -2.12195769768480e+00 -1.05249101805178e+02 1.89048037867912e+00 9.37678267824356e+01 4.86058724331818e+03 2.41085127268582e+05
2.50000000000000e+00 4.80802024850792e+03 2.40401012425396e+05 -1.48273428632163e-02 -7.41367143177109e-01 -2.08815570061362e+00 -1.04407785030696e+02 -1.48273428632163e-02 -7.41367143170438e-01 4.81271112456876e+03 2.40635556228438e+05 1.86036572922383e+00 9.30182864612024e+01 -2.08815570061360e+00 -1.04407785030698e+02 1.86036572922378e+00 9.30182864611992e+01 4.78315989594762e+03 2.39157994797381e+05
2.52000000000000e+00 4.73203522860359e+03 2.38494575521621e+05 -1.45930144106707e-02 -7.35487926307965e-01 -2.05515489273966e+00 -1.03579806594088e+02 -1.45930144107228e-02 -7.35487926306169e-01 4.73665197096857e+03 2.38727259336816e+05 1.83096486989713e+00 9.22806294428409e+01 -2.05515489273968e+00 -1.03579806594087e+02 1.83096486989703e+00 9.22806294428476e+01 4.70756776423562e+03 2.37261415317475e+05
2.54000000000000e+00 4.65783712737574e+03 2.36618126070687e+05 -1.43641965966571e-02 -7.29701187086191e-01 -2.02293015572836e+00 -1.02764851910986e+02 -1.43641965965609e-02 -7.29701187083626e-01 4.66238147942644e+03 2.36848979154863e+05 1.80225542244002e+00 9.15545754599564e+01 -2.02293015572830e+00 -1.02764851910989e+02 1.80225542243983e+00 9.15545754599633e+01 4.63375331175725e+03 2.35394668237268e+05
2.56000000000000e+00 4.58537035795607e+03 2.34770962327350e+05 -1.41407179953966e-02 -7.24004761377133e-01 -1.99145734782652e+00 -1.01962616208720e+02 -1.41407179955409e-02 -7.24004761379186e-01 4.58984400884157e+03 2.35000013252688e+05 1.77421587864351e+00 9.08398529865211e+01 -1.99145734782650e+00 -1.01962616208719e+02 1.77421587864364e+00 9.08398529865247e+01 4.56166123906171e+03 2.33557055439959e+05
2.58000000000000e+00 4.51458147799122e+03 2.32952404264347e+05 -1.39224137995564e-02 -7.18396552046465e-01 -1.96071325865947e+00 -1.01172804146823e+02 -1.39224137996126e-02 -7.18396552050571e-01 4.51898606472033e+03 2.33179680939569e+05 1.74682556007348e+00 9.01361988997625e+01 -1.96071325865942e+00 -1.01172804146819e+02 1.74682556007345e+00 9.01361988997643e+01 4.49123838012471e+03 2.31747900414435e+05
2.60000000000000e+00 4.44541909113431e+03 2.31161792738984e+05 -1.37091255084138e-02 -7.12874526446543e-01 -1.93067556644546e+00 -1.00395129455138e+02 -1.37091255084579e-02 -7.12874526448596e-01 4.44975620057171e+03 2.31387322429729e+05 1.72006457995887e+00 8.94433581578390e+01 -1.93067556644533e+00 -1.00395129455139e+02 1.72006457995895e+00 8.94433581578397e+01 4.42243360434935e+03 2.29966547426166e+05
2.62000000000000e+00 4.37783375377474e+03 2.29398488697796e+05 -1.35007006439686e-02 -7.07436713708524e-01 -1.90132279749078e+00 -9.96293145884881e+01 -1.35007006440688e-02 -7.07436713710833e-01 4.38210492454619e+03 2.29622298046220e+05 1.69391380709971e+00 8.87610834920267e+01 -1.90132279749081e+00 -9.96293145884878e+01 1.69391380709977e+00 8.87610834920216e+01 4.35519772377819e+03 2.28212360725977e+05
2.64000000000000e+00 4.31177788669063e+03 2.27661872417265e+05 -1.32969924771559e-02 -7.02081202794972e-01 -1.87263428781655e+00 -9.88750903967106e+01 -1.32969924772441e-02 -7.02081202798051e-01 4.31598461100188e+03 2.27883987460899e+05 1.66835483168208e+00 8.80891351128278e+01 -1.87263428781650e+00 -9.88750903967096e+01 1.66835483168205e+00 8.80891351128302e+01 4.28948340520252e+03 2.26484723794693e+05
2.66000000000000e+00 4.24720569132899e+03 2.25951342778702e+05 -1.30978597722784e-02 -6.96806139879222e-01 -1.84459014680271e+00 -9.81321958099316e+01 -1.30978597722663e-02 -6.96806139887689e-01 4.25134941670310e+03 2.26171788968605e+05 1.64336993288727e+00 8.74272804296101e+01 -1.84459014680266e+00 -9.81321958099311e+01 1.64336993288723e+00 8.74272804296094e+01 4.22524508687536e+03 2.24783038621769e+05
2.68000000000000e+00 4.18407307043880e+03 2.24266316575520e+05 -1.29031665372240e-02 -6.91609726362317e-01 -1.81717122271497e+00 -9.74003775375501e+01 -1.29031665371959e-02 -6.91609726364369e-01 4.18815520137597e+03 2.24485118793752e+05 1.61894204818042e+00 8.67752937824758e+01 -1.81717122271500e+00 -9.74003775375472e+01 1.61894204818030e+00 8.67752937824738e+01 4.16243889955496e+03 2.23106725016146e+05
2.70000000000000e+00 4.12233755280024e+03 2.22606227851213e+05 -1.27127817963625e-02 -6.86490217024909e-01 -1.79035907001530e+00 -9.66793897808172e+01 -1.27127817963745e-02 -6.86490217028757e-01 4.12635945236424e+03 2.22823410427669e+05 1.59505474418565e+00 8.61329561860097e+01 -1.79035907001538e+00 -9.66793897808228e+01 1.59505474418555e+00 8.61329561860099e+01 4.10102259162324e+03 2.21455219947655e+05
2.72000000000000e+00 4.06195822181029e+03 2.20970527266480e+05 -1.25265793691342e-02 -6.81445917658833e-01 -1.76413591834592e+00 -9.59689939580005e+01 -1.25265793691021e-02 -6.81445917657807e-01 4.06592121314518e+03 2.21186113995098e+05 1.57169218905418e+00 8.55000550845491e+01 -1.76413591834580e+00 -9.59689939579971e+01 1.57169218905426e+00 8.55000550845452e+01 4.04095545804057e+03 2.19827976917407e+05
2.74000000000000e+00 4.00289564770053e+03 2.19358681493989e+05 -1.23444376572345e-02 -6.76475183632603e-01 -1.73848464309198e+00 -9.52689584414311e+01 -1.23444376572506e-02 -6.76475183632603e-01 4.00680101548131e+03 2.19572695648376e+05 1.54883912623966e+00 8.48763841179420e+01 -1.73848464309197e+00 -9.52689584414357e+01 1.54883912623960e+00 8.48763841179441e+01 3.98219827291413e+03 2.18224465355695e+05
2.76000000000000e+00 3.94511182317762e+03 2.17770172639404e+05 -1.21662394522279e-02 -6.71576417764927e-01 -1.71338873742952e+00 -9.45790583060924e+01 -1.21662394521718e-02 -6.71576417767236e-01 3.94896081499799e+03 2.17982636987889e+05 1.52648084959193e+00 8.42617428974471e+01 -1.71338873742954e+00 -9.45790583060901e+01 1.52648084959195e+00 8.42617428974467e+01 3.92471322547112e+03 2.16644170046006e+05
2.78000000000000e+00 3.88857010229026e+03 2.16204497687338e+05 -1.19918717419028e-02 -6.66748068876096e-01 -1.68883228577316e+00 -9.38990750889918e+01 -1.19918717419188e-02 -6.66748068874299e-01 3.89236392999084e+03 2.16415434507491e+05 1.50460317970357e+00 8.36559367915325e+01 -1.68883228577311e+00 -9.38990750889880e+01 1.50460317970365e+00 8.36559367915329e+01 3.86846385924181e+03 2.15086590573844e+05
2.80000000000000e+00 3.83323514233927e+03 2.14661167970999e+05 -1.18212255338132e-02 -6.61988629920385e-01 -1.66479993855092e+00 -9.32287965588556e+01 -1.18212255338333e-02 -6.61988629917306e-01 3.83697498327908e+03 2.14870599063629e+05 1.48319244143743e+00 8.30587767204818e+01 -1.66479993855090e+00 -9.32287965588628e+01 1.48319244143744e+00 8.30587767204815e+01 3.81341501427000e+03 2.13551240799120e+05
2.82000000000000e+00 3.77907284865878e+03 2.13139708664355e+05 -1.16541956846296e-02 -6.57296636590292e-01 -1.64127688821767e+00 -9.25680164955151e+01 -1.16541956846015e-02 -6.57296636593114e-01 3.78275984693286e+03 2.13347655367013e+05 1.46223544255348e+00 8.24700789600434e+01 -1.64127688821762e+00 -9.25680164955097e+01 1.46223544255358e+00 8.24700789600429e+01 3.75953277217972e+03 2.12037648350936e+05
2.84000000000000e+00 3.72605032210753e+03 2.11639658295708e+05 -1.14906807363121e-02 -6.52670665831748e-01 -1.61824884645504e+00 -9.19165344786603e+01 -1.14906807363962e-02 -6.52670665833544e-01 3.72968558971334e+03 2.11846141495718e+05 1.44171945339945e+00 8.18896649530753e+01 -1.61824884645499e+00 -9.19165344786623e+01 1.44171945339949e+00 8.18896649530736e+01 3.70678440393804e+03 2.10545354143680e+05
2.86000000000000e+00 3.67413580911939e+03 2.10160568281629e+05 -1.13305827662720e-02 -6.48109334226421e-01 -1.59570202247401e+00 -9.12741556855249e+01 -1.13305827662720e-02 -6.48109334230783e-01 3.67772042707449e+03 2.10365608428661e+05 1.42163218757640e+00 8.13173611293928e+01 -1.59570202247395e+00 -9.12741556855246e+01 1.42163218757645e+00 8.13173611293960e+01 3.65513832016383e+03 2.09073911913371e+05
2.88000000000000e+00 3.62329865417153e+03 2.08702002480280e+05 -1.11738072353959e-02 -6.43611296741945e-01 -1.57362310237398e+00 -9.06406906967500e+01 -1.11738072353477e-02 -6.43611296741431e-01 3.62683367358486e+03 2.08905619598488e+05 1.40196178355447e+00 8.07529987327397e+01 -1.57362310237399e+00 -9.06406906967513e+01 1.40196178355447e+00 8.07529987327365e+01 3.60456402384173e+03 2.07622887773284e+05
2.90000000000000e+00 3.57350925453739e+03 2.07263536763168e+05 -1.10202628529156e-02 -6.39175245462906e-01 -1.55199922948975e+00 -9.00159553104214e+01 -1.10202628529116e-02 -6.39175245465728e-01 3.57699569763640e+03 2.07465750462911e+05 1.38269678715881e+00 8.01964136551889e+01 -1.55199922948979e+00 -9.00159553104188e+01 1.38269678715876e+00 8.01964136551872e+01 3.55503206530906e+03 2.06191859787925e+05
2.92000000000000e+00 3.52473901719984e+03 2.05844758604471e+05 -1.08698614418915e-02 -6.34799908199448e-01 -1.53081798568246e+00 -8.93997703638436e+01 -1.08698614418514e-02 -6.34799908197909e-01 3.52817787831563e+03 2.06045588093633e+05 1.36382613490268e+00 7.96474462783309e+01 -1.53081798568247e+00 -8.93997703638459e+01 1.36382613490284e+00 7.96474462783258e+01 3.50651399939177e+03 2.04780417564479e+05
2.94000000000000e+00 3.47696031780754e+03 2.04445266687083e+05 -1.07225178115671e-02 -6.30484047310625e-01 -1.51006737350790e+00 -8.87919615622703e+01 -1.07225178115551e-02 -6.30484047314217e-01 3.48035256431989e+03 2.04644730782010e+05 1.34533913810521e+00 7.91059413205998e+01 -1.51006737350791e+00 -8.87919615622680e+01 1.34533913810533e+00 7.91059413206012e+01 3.45898234457298e+03 2.03388161860891e+05
2.96000000000000e+00 3.43014646156431e+03 2.03064670524607e+05 -1.05781496393335e-02 -6.26226458620632e-01 -1.48973579923601e+00 -8.81923593147784e+01 -1.05781496392252e-02 -6.26226458620118e-01 3.43349303480862e+03 2.03262787660670e+05 1.32722546775741e+00 7.85717476912580e+01 -1.48973579923600e+00 -8.81923593147743e+01 1.32722546775738e+00 7.85717476912567e+01 3.41241054408467e+03 2.02014704209813e+05
2.98000000000000e+00 3.38427164594848e+03 2.01702590098529e+05 -1.04366773520194e-02 -6.22025970165188e-01 -1.46981205665799e+00 -8.76007985768377e+01 -1.04366773520755e-02 -6.22025970171602e-01 3.38757346208628e+03 2.01899378340342e+05 1.30947514009777e+00 7.80447183498171e+01 -1.46981205665802e+00 -8.76007985768382e+01 1.30947514009775e+00 7.80447183498146e+01 3.36677292881969e+03 2.00659666557654e+05
3.00000000000000e+00 3.33931092516476e+03 2.00358655509886e+05 -1.02980240208290e-02 -6.17881441263256e-01 -1.45028531164506e+00 -8.70171186987058e+01 -1.02980240208891e-02 -6.17881441264282e-01 3.34256887601957e+03 2.00554132561174e+05 1.29207850285746e+00 7.75247101714150e+01 -1.45028531164512e+00 -8.70171186987066e+01 1.29207850285744e+00 7.75247101714157e+01 3.32204468196750e+03 1.99322680918050e+05
3.02000000000000e+00 3.29524017623735e+03 1.99032506644736e+05 -1.01621152537169e-02 -6.13791761348347e-01 -1.43114508742701e+00 -8.64411632805814e+01 -1.01621152536928e-02 -6.13791761347320e-01 3.29845513009747e+03 1.99226689857887e+05 1.27502622214155e+00 7.70115838173388e+01 -1.43114508742696e+00 -8.64411632805835e+01 1.27502622214152e+00 7.70115838173401e+01 3.27820180528258e+03 1.98003389039068e+05
3.04000000000000e+00 3.25203606665827e+03 1.97723792852823e+05 -1.00288790957696e-02 -6.09755849036644e-01 -1.41238125053661e+00 -8.58727800326196e+01 -1.00288790958698e-02 -6.09755849035874e-01 3.25520886904795e+03 1.97916699238116e+05 1.25830926990961e+00 7.65052036104827e+01 -1.41238125053655e+00 -8.58727800326203e+01 1.25830926990963e+00 7.65052036104815e+01 3.23522108690002e+03 1.96701442083521e+05
3.06000000000000e+00 3.20967602350987e+03 1.96432172638804e+05 -9.89824593474228e-03 -6.05772651220275e-01 -1.39398399740425e+00 -8.53118206411351e+01 -9.89824593477436e-03 -6.05772651223098e-01 3.21280749793043e+03 1.96623818873342e+05 1.24191891203114e+00 7.60054374162813e+01 -1.39398399740426e+00 -8.53118206411330e+01 1.24191891203114e+00 7.60054374162842e+01 3.19308007061770e+03 1.95416500321803e+05
3.08000000000000e+00 3.16813820398526e+03 1.95157313365492e+05 -9.77014841004756e-03 -6.01841142079375e-01 -1.37594384155041e+00 -8.47581406395015e+01 -9.77014841006359e-03 -6.01841142082454e-01 3.17122915262741e+03 1.95347715801848e+05 1.22584669687475e+00 7.55121565274736e+01 -1.37594384155045e+00 -8.47581406394984e+01 1.22584669687475e+00 7.55121565274726e+01 3.15175702656920e+03 1.94148232836663e+05
3.10000000000000e+00 3.12740146723493e+03 1.93898890968566e+05 -9.64452132666671e-03 -5.97960322244116e-01 -1.35825160136156e+00 -8.42115992844021e+01 -9.64452132673888e-03 -5.97960322242961e-01 3.13045267166358e+03 1.94088065643142e+05 1.21008444441826e+00 7.50252355539342e+01 -1.35825160136154e+00 -8.42115992844021e+01 1.21008444441832e+00 7.50252355539379e+01 3.11123092321586e+03 1.92896317239383e+05
3.12000000000000e+00 3.08744534747155e+03 1.92656589682225e+05 -9.52130156937419e-03 -5.94129217929155e-01 -1.34089838840745e+00 -8.36720594366268e+01 -9.52130156934212e-03 -5.94129217929540e-01 3.09045756928450e+03 1.92844552323353e+05 1.19462423584195e+00 7.45445523165367e+01 -1.34089838840744e+00 -8.36720594366306e+01 1.19462423584200e+00 7.45445523165355e+01 3.07148140059079e+03 1.91660439396865e+05
3.14000000000000e+00 3.04825002826941e+03 1.91430101775319e+05 -9.40042802758753e-03 -5.90346880136335e-01 -1.32387559628159e+00 -8.31393874464609e+01 -9.40042802751537e-03 -5.90346880139158e-01 3.05122400973081e+03 1.91616867811095e+05 1.17945840358241e+00 7.40699877449722e+01 -1.32387559628160e+00 -8.31393874464612e+01 1.17945840358244e+00 7.40699877449685e+01 3.03248874473109e+03 1.90440293169112e+05
3.16000000000000e+00 3.00979631799799e+03 1.90219127297473e+05 -9.28184151642293e-03 -5.86612383822488e-01 -1.30717488992752e+00 -8.26134530434430e+01 -9.28184151649108e-03 -5.86612383825952e-01 3.01273278264797e+03 1.90404711863352e+05 1.16457952182806e+00 7.36014257795239e+01 -1.30717488992750e+00 -8.26134530434417e+01 1.16457952182806e+00 7.36014257795241e+01 2.99423386323850e+03 1.89235580156673e+05
3.18000000000000e+00 2.97206562633301e+03 1.89023373834779e+05 -9.16548470579672e-03 -5.82924827285709e-01 -1.29078819544298e+00 -8.20941292301583e+01 -9.16548470573258e-03 -5.82924827283143e-01 2.97496527957431e+03 1.89207791780926e+05 1.14998039743053e+00 7.31387532766108e+01 -1.29078819544300e+00 -8.20941292301576e+01 1.14998039743055e+00 7.31387532766104e+01 2.95669826191188e+03 1.88046009457595e+05
3.20000000000000e+00 2.93503994179114e+03 1.87842556274633e+05 -9.05130205043094e-03 -5.79283331227580e-01 -1.27470769031849e+00 -8.15812921803830e+01 -9.05130205039085e-03 -5.79283331225015e-01 2.93790347145386e+03 1.88025822173047e+05 1.13565406121274e+00 7.26818599176155e+01 -1.27470769031853e+00 -8.15812921803859e+01 1.13565406121275e+00 7.26818599176158e+01 2.91986402239809e+03 1.86871297433478e+05
3.22000000000000e+00 2.89870181023785e+03 1.86676396579318e+05 -8.93923972350701e-03 -5.75687038184735e-01 -1.25892579410490e+00 -8.10748211403686e+01 -8.93923972348296e-03 -5.75687038185761e-01 2.90152988712322e+03 1.86858524730735e+05 1.12159375965180e+00 7.22306381215633e+01 -1.25892579410487e+00 -8.10748211403670e+01 1.12159375965185e+00 7.22306381215622e+01 2.88371378081097e+03 1.85711167484226e+05
3.24000000000000e+00 2.86303431432041e+03 1.85524623567963e+05 -8.82924555472927e-03 -5.72135111956567e-01 -1.24343515948287e+00 -8.05745983345046e+01 -8.82924555471725e-03 -5.72135111957209e-01 2.86582759272447e+03 1.85705628008545e+05 1.10779294692181e+00 7.17849829605264e+01 -1.24343515948283e+00 -8.05745983345040e+01 1.10779294692178e+00 7.17849829605226e+01 2.84823070727064e+03 1.84565349831137e+05
3.26000000000000e+00 2.82802105378085e+03 1.84386972706511e+05 -8.72126896720191e-03 -5.68626736685033e-01 -1.22822866370826e+00 -8.00805088737877e+01 -8.72126896717385e-03 -5.68626736684263e-01 2.83078017199897e+03 1.84566867214332e+05 1.09424527727586e+00 7.13447920783818e+01 -1.22822866370828e+00 -8.00805088737856e+01 1.09424527727592e+00 7.13447920783825e+01 2.81339848631833e+03 1.83433581307955e+05
3.28000000000000e+00 2.79364612660612e+03 1.83263185905361e+05 -8.61526092148589e-03 -5.65161116465683e-01 -1.21329940042949e+00 -7.95924406681787e+01 -8.61526092140972e-03 -5.65161116461450e-01 2.79637170741910e+03 1.83441984006693e+05 1.08094459775359e+00 7.09099656126684e+01 -1.21329940042947e+00 -7.95924406681805e+01 1.08094459775357e+00 7.09099656126682e+01 2.77920129816395e+03 1.82315605159555e+05
3.30000000000000e+00 2.75989411097505e+03 1.82153011324354e+05 -8.51117385812245e-03 -5.61737474644396e-01 -1.19864067184602e+00 -7.91102843418459e+01 -8.51117385810441e-03 -5.61737474640676e-01 2.76258676211762e+03 1.82330726299763e+05 1.06788494119581e+00 7.04804061188925e+01 -1.19864067184606e+00 -7.91102843418460e+01 1.06788494119578e+00 7.04804061188943e+01 2.74562380072641e+03 1.81211170847943e+05
3.32000000000000e+00 2.72675004796377e+03 1.81056203184794e+05 -8.40896164567901e-03 -5.58355053299100e-01 -1.18424598119577e+00 -7.86339331513960e+01 -8.40896164568703e-03 -5.58355053299613e-01 2.72941036257619e+03 1.81232848075059e+05 1.05506051954876e+00 7.00560184980421e+01 -1.18424598119579e+00 -7.86339331513930e+01 1.05506051954874e+00 7.00560184980391e+01 2.71265111242845e+03 1.80120033865249e+05
3.34000000000000e+00 2.69419942497341e+03 1.79972521588223e+05 -8.30857953011196e-03 -5.55013112574090e-01 -1.17010902555854e+00 -7.81632829073212e+01 -8.30857953013601e-03 -5.55013112570498e-01 2.69682798203693e+03 1.80148109200066e+05 1.04246571745824e+00 6.96367099262193e+01 -1.17010902555854e+00 -7.81632829073166e+01 1.04246571745824e+00 6.96367099262199e+01 2.68026879571006e+03 1.79041955553432e+05
3.36000000000000e+00 2.66222815984589e+03 1.78901732341644e+05 -8.20998408185435e-03 -5.51710930279394e-01 -1.15622368895813e+00 -7.76982318979850e+01 -8.20998408187640e-03 -5.51710930278496e-01 2.66482552460271e+03 1.79076275253302e+05 1.03009508611961e+00 6.92223897872422e+01 -1.15622368895810e+00 -7.76982318979838e+01 1.03009508611959e+00 6.92223897872461e+01 2.64846284122638e+03 1.77976702930413e+05
3.38000000000000e+00 2.63082258563528e+03 1.77843606788945e+05 -8.11313315494660e-03 -5.48447801299235e-01 -1.14258403574764e+00 -7.72386808165404e+01 -8.11313315495261e-03 -5.48447801295900e-01 2.63338930999363e+03 1.78017117355569e+05 1.01794333738565e+00 6.88129696072679e+01 -1.14258403574771e+00 -7.72386808165361e+01 1.01794333738560e+00 6.88129696072723e+01 2.61721965269780e+03 1.76924048522371e+05
3.40000000000000e+00 2.59996943600396e+03 1.76797921648269e+05 -8.01798583787253e-03 -5.45223036964716e-01 -1.12918430426665e+00 -7.67845326901689e+01 -8.01798583792865e-03 -5.45223036966897e-01 2.60250605892897e+03 1.76970412007170e+05 1.00600533811681e+00 6.84083629919081e+01 -1.12918430426664e+00 -7.67845326901682e+01 1.00600533811678e+00 6.84083629919024e+01 2.58652603238162e+03 1.75883770201950e+05
3.42000000000000e+00 2.56965583121454e+03 1.75764458855074e+05 -7.92450241083590e-03 -5.42035964870365e-01 -1.11601890075878e+00 -7.63356928119051e+01 -7.92450241085193e-03 -5.42035964873059e-01 2.57216287910540e+03 1.75935940930810e+05 9.94276104759575e-01 6.80084855655798e+01 -1.11601890075875e+00 -7.63356928119037e+01 9.94276104759582e-01 6.80084855655775e+01 2.55636916713644e+03 1.74855651032132e+05
3.44000000000000e+00 2.53986926468987e+03 1.74743005410663e+05 -7.83264430431576e-03 -5.38885928150215e-01 -1.10308239353232e+00 -7.58920686750095e+01 -7.83264430434783e-03 -5.38885928145340e-01 2.54234725174392e+03 1.74913490919982e+05 9.82750798149206e-01 6.76132549126617e+01 -1.10308239353237e+00 -7.58920686750089e+01 9.82750798149211e-01 6.76132549126640e+01 2.52673661505162e+03 1.73839479115551e+05
3.46000000000000e+00 2.51059759011498e+03 1.73733353235956e+05 -7.74237406144634e-03 -5.35772285047272e-01 -1.09036950736069e+00 -7.54535699093460e+01 -7.74237406144834e-03 -5.35772285052275e-01 2.51304701867917e+03 1.73902853692598e+05 9.71424718515308e-01 6.72225905212716e+01 -1.09036950736068e+00 -7.54535699093473e+01 9.71424718515251e-01 6.72225905212741e+01 2.49761629261593e+03 1.72835047449023e+05
3.48000000000000e+00 2.48182900905611e+03 1.72735299030305e+05 -7.65365529726598e-03 -5.32694408685296e-01 -1.07787511810424e+00 -7.50201082200742e+01 -7.65365529729805e-03 -5.32694408683243e-01 2.48425036996642e+03 1.72903825749663e+05 9.60293300693443e-01 6.68364137282919e+01 -1.07787511810423e+00 -7.50201082200740e+01 9.60293300693497e-01 6.68364137282881e+01 2.46899646240062e+03 1.71842153783083e+05
3.50000000000000e+00 2.45355205907331e+03 1.71748644135132e+05 -7.56645266294313e-03 -5.29651686387466e-01 -1.06559424754864e+00 -7.45915973283816e+01 -7.56645266300126e-03 -5.29651686387979e-01 2.45594583198255e+03 1.71916208238778e+05 9.49352109526155e-01 6.64546476668363e+01 -1.06559424754864e+00 -7.45915973283793e+01 9.49352109526200e-01 6.64546476668407e+01 2.44086572123342e+03 1.70860600486339e+05
3.52000000000000e+00 2.42575560230420e+03 1.70773194402216e+05 -7.48073181040132e-03 -5.26643519424043e-01 -1.05352205844363e+00 -7.41679529144237e+01 -7.48073181043139e-03 -5.26643519428148e-01 2.42812225599869e+03 1.70939806822308e+05 9.38596835444123e-01 6.60772172152670e+01 -1.05352205844364e+00 -7.41679529144235e+01 9.38596835444103e-01 6.60772172152660e+01 2.41321298884139e+03 1.69890194414434e+05
3.54000000000000e+00 2.39842881449771e+03 1.69808760066438e+05 -7.39645935915297e-03 -5.23669322624172e-01 -1.04165384974488e+00 -7.37490925619452e+01 -7.39645935919105e-03 -5.23669322621734e-01 2.40076880720325e+03 1.69974431549990e+05 9.28023290222240e-01 6.57040489477234e+01 -1.04165384974490e+00 -7.37490925619447e+01 9.28023290222317e-01 6.57040489477252e+01 2.38602749694134e+03 1.68930746783447e+05
3.56000000000000e+00 2.37156117447762e+03 1.68855155622806e+05 -7.31360286281457e-03 -5.20728523822070e-01 -1.02998505203401e+00 -7.33349357048213e+01 -7.31360286277248e-03 -5.20728523823866e-01 2.37387495415516e+03 1.69019896735847e+05 9.17627402905813e-01 6.53350710868794e+01 -1.02998505203398e+00 -7.33349357048187e+01 9.17627402905753e-01 6.53350710868734e+01 2.35929877875786e+03 1.67982073047559e+05
3.58000000000000e+00 2.34514245401678e+03 1.67912199707602e+05 -7.23213077958268e-03 -5.17820563828546e-01 -1.01851122312247e+00 -7.29254035755622e+01 -7.23213077958469e-03 -5.17820563827135e-01 2.34743045864826e+03 1.68076020839215e+05 9.07405215889962e-01 6.49702134577222e+01 -1.01851122312248e+00 -7.29254035755625e+01 9.07405215889933e-01 6.49702134577233e+01 2.33301665894987e+03 1.67043992780811e+05
3.60000000000000e+00 2.31916270810382e+03 1.66979714983475e+05 -7.15201243996380e-03 -5.14944895653580e-01 -1.00722804382538e+00 -7.25204191554096e+01 -7.15201243995778e-03 -5.14944895653452e-01 2.32142536596846e+03 1.67142626349729e+05 8.97352881154837e-01 6.46094074431981e+01 -1.00722804382535e+00 -7.25204191554094e+01 8.97352881154801e-01 6.46094074432014e+01 2.30717124392767e+03 1.66116329562792e+05
3.62000000000000e+00 2.29361226558498e+03 1.66057528028352e+05 -7.07321801871360e-03 -5.12100984557387e-01 -9.96131313894653e-01 -7.21199071259812e+01 -7.07321801873766e-03 -5.12100984555462e-01 2.29584999552649e+03 1.66219539676118e+05 8.87466656644068e-01 6.42525859410597e+01 -9.96131313894599e-01 -7.21199071259733e+01 8.87466656644080e-01 6.42525859410588e+01 2.28175291254320e+03 1.65198910868128e+05
3.64000000000000e+00 2.26848172016479e+03 1.65145469227996e+05 -6.99571850872063e-03 -5.09288307427707e-01 -9.85216948113086e-01 -7.17237938226058e+01 -6.99571850872664e-03 -5.09288307428092e-01 2.27069493184976e+03 1.65306591038662e+05 8.77742902783164e-01 6.38996833226152e+01 -9.85216948113090e-01 -7.17237938226030e+01 8.77742902783155e-01 6.38996833226098e+01 2.25675230713717e+03 1.64291567959586e+05
3.66000000000000e+00 2.24376192174978e+03 1.64243372672084e+05 -6.91948569223190e-03 -5.06506352661400e-01 -9.74480972532439e-01 -7.13320071893671e+01 -6.91948569223190e-03 -5.06506352659091e-01 2.24595101591765e+03 1.64403614365172e+05 8.68178079128684e-01 6.35506353922127e+01 -9.74480972532429e-01 -7.13320071893658e+01 8.68178079128676e-01 6.35506353922119e+01 2.23216032492760e+03 1.63394135784700e+05
3.68000000000000e+00 2.21944396812053e+03 1.63351076053671e+05 -6.84449211531184e-03 -5.03754619676444e-01 -9.63919520859270e-01 -7.09444767352363e+01 -6.84449211529580e-03 -5.03754619676701e-01 2.22160933682539e+03 1.63510447190349e+05 8.58768741147841e-01 6.32053793484583e+01 -9.63919520859246e-01 -7.09444767352347e+01 8.58768741147816e-01 6.32053793484608e+01 2.20796810972487e+03 1.62506452875751e+05
3.70000000000000e+00 2.19551919691771e+03 1.62468420571911e+05 -6.77071106469656e-03 -5.01032618795575e-01 -9.53528830972009e-01 -7.05611334919410e+01 -6.77071106469055e-03 -5.01032618794164e-01 2.19766122376237e+03 1.62626930558415e+05 8.49511537116856e-01 6.28638537466358e+01 -9.53528830971991e-01 -7.05611334919450e+01 8.49511537116831e-01 6.28638537466354e+01 2.18416704395928e+03 1.61628361252987e+05
3.72000000000000e+00 2.17197917792887e+03 1.61595250837908e+05 -6.69811654232291e-03 -4.98339870748024e-01 -9.43305241572899e-01 -7.01819099730102e+01 -6.69811654236300e-03 -4.98339870748922e-01 2.17409823829131e+03 1.61752908928874e+05 8.40403205136466e-01 6.25259984621493e+01 -9.43305241572871e-01 -7.01819099730069e+01 8.40403205136503e-01 6.25259984621467e+01 2.16074874100763e+03 1.60759706330967e+05
3.74000000000000e+00 2.14881570566299e+03 1.60731414783591e+05 -6.62668324404888e-03 -4.95675906662588e-01 -9.33245188961203e-01 -6.98067401342875e+01 -6.62668324403084e-03 -4.95675906662588e-01 2.15091216691562e+03 1.60888230085288e+05 8.31440570258368e-01 6.21917546553085e+01 -9.33245188961197e-01 -6.98067401342853e+01 8.31440570258375e-01 6.21917546553099e+01 2.13770503780619e+03 1.59900336827903e+05
3.76000000000000e+00 2.12602079220060e+03 1.59876763573485e+05 -6.55638653560792e-03 -4.93040267468277e-01 -9.23345203929865e-01 -6.94355593355190e+01 -6.55638653559990e-03 -4.93040267471997e-01 2.12809501392255e+03 1.60032745046976e+05 8.22620541720013e-01 6.18610647373233e+01 -9.23345203929845e-01 -6.94355593355208e+01 8.22620541720008e-01 6.18610647373235e+01 2.11502798773788e+03 1.59050104677889e+05
3.78000000000000e+00 2.10358666030801e+03 1.59031151519286e+05 -6.48720243327764e-03 -4.90432503943572e-01 -9.13601908773106e-01 -6.90683043032156e+01 -6.48720243327363e-03 -4.90432503941647e-01 2.10563899449063e+03 1.59186307983492e+05 8.13940110277959e-01 6.15338723370130e+01 -9.13601908773076e-01 -6.90683043032134e+01 8.13940110277949e-01 6.15338723370104e+01 2.09270985378195e+03 1.58208864945915e+05
3.80000000000000e+00 2.08150573680428e+03 1.58194435997125e+05 -6.41910758181455e-03 -4.87852176222396e-01 -9.04012014407960e-01 -6.87049130949907e+01 -6.41910758188270e-03 -4.87852176221883e-01 2.08353652805028e+03 1.58348776131821e+05 8.05396345644568e-01 6.12101222689940e+01 -9.04012014407998e-01 -6.87049130949930e+01 8.05396345644585e-01 6.12101222689969e+01 2.07074310191535e+03 1.57376475745567e+05
3.82000000000000e+00 2.05977064617063e+03 1.57366477367436e+05 -6.35207923648788e-03 -4.85298853683529e-01 -8.94572317596197e-01 -6.83453250643414e+01 -6.35207923650191e-03 -4.85298853688276e-01 2.06178023188691e+03 1.57520009716160e+05 7.96986394012789e-01 6.08897605025662e+01 -8.94572317596187e-01 -6.83453250643433e+01 7.96986394012804e-01 6.08897605025645e+01 2.04912039475519e+03 1.56552798159296e+05
3.84000000000000e+00 2.03837420439214e+03 1.56547138897316e+05 -6.28609524290447e-03 -4.82772114656577e-01 -8.85279698272115e-01 -6.79894808273029e+01 -6.28609524287040e-03 -4.82772114653755e-01 2.04036291497659e+03 1.56699871870202e+05 7.88707475673117e-01 6.05727341316957e+01 -8.85279698272139e-01 -6.79894808273010e+01 7.88707475673160e-01 6.05727341316971e+01 2.02783458543219e+03 1.55737696161192e+05
3.86000000000000e+00 2.01730941302204e+03 1.55736286685302e+05 -6.22113401786601e-03 -4.80271546187845e-01 -8.76131116962389e-01 -6.76373222294928e+01 -6.22113401787002e-03 -4.80271546187332e-01 2.01927757204462e+03 1.55888228561845e+05 7.80556882719389e-01 6.02589913459112e+01 -8.76131116962397e-01 -6.76373222294940e+01 7.80556882719360e-01 6.02589913459132e+01 2.00687871168577e+03 1.54931036542141e+05
3.88000000000000e+00 1.99656945345959e+03 1.54933789588464e+05 -6.15717453456389e-03 -4.77796743883446e-01 -8.67123612303115e-01 -6.72887923147170e+01 -6.15717453460598e-03 -4.77796743883317e-01 1.99851737783782e+03 1.55084948520214e+05 7.72531976832681e-01 5.99484814022134e+01 -8.67123612303143e-01 -6.72887923147153e+01 7.72531976832703e-01 5.99484814022099e+01 1.98624599017145e+03 1.54132688837304e+05
3.90000000000000e+00 1.97614768143275e+03 1.54139519151755e+05 -6.09419630243624e-03 -4.75347311574083e-01 -8.58254298641689e-01 -6.69438352940589e+01 -6.09419630244626e-03 -4.75347311574724e-01 1.97807568160172e+03 1.54289903164934e+05 7.64630187147025e-01 5.96411545974555e+01 -8.58254298641713e-01 -6.69438352940577e+01 7.64630187147000e-01 5.96411545974544e+01 1.96592981097206e+03 1.53342525255821e+05
3.92000000000000e+00 1.95603762167727e+03 1.53353349539498e+05 -6.03217935261535e-03 -4.72922861230771e-01 -8.49520363727272e-01 -6.66023965162019e+01 -6.03217935263339e-03 -4.72922861227436e-01 1.95794600175459e+03 1.53502966537560e+05 7.56849008190148e-01 5.93369622420823e+01 -8.49520363727294e-01 -6.66023965162020e+01 7.56849008190177e-01 5.93369622420843e+01 1.94592373230436e+03 1.52560420612662e+05
3.94000000000000e+00 1.93623296280429e+03 1.52575157468978e+05 -5.97110422121232e-03 -4.70523012649247e-01 -8.40919066480746e-01 -6.62644224386859e+01 -5.97110422124439e-03 -4.70523012647323e-01 1.93812202074998e+03 1.52724015235098e+05 7.49185997898572e-01 5.90358566343805e+01 -8.40919066480738e-01 -6.62644224386863e+01 7.49185997898530e-01 5.90358566343809e+01 1.92622147541317e+03 1.51786252262558e+05
3.96000000000000e+00 1.91672755234892e+03 1.51804822146035e+05 -5.91095193545810e-03 -4.68147393291024e-01 -8.32447734845219e-01 -6.59298605997477e+01 -5.91095193548215e-03 -4.68147393291537e-01 1.91859758012039e+03 1.51952928345535e+05 7.41638775700997e-01 5.87377910355179e+01 -8.32447734845207e-01 -6.59298605997487e+01 7.41638775701021e-01 5.87377910355172e+01 1.90681691964553e+03 1.51019900035926e+05
3.98000000000000e+00 1.89751539199236e+03 1.51042225202592e+05 -5.85170399674955e-03 -4.65795638157795e-01 -8.24103763710529e-01 -6.55986595913287e+01 -5.85170399675556e-03 -4.65795638160746e-01 1.89936667569487e+03 1.51189587385311e+05 7.34205020670099e-01 5.84427196453472e+01 -8.24103763710529e-01 -6.55986595913284e+01 7.34205020670108e-01 5.84427196453436e+01 1.88770409769755e+03 1.50261246176725e+05
4.00000000000000e+00 1.87859063295084e+03 1.50287250636067e+05 -5.79334236835399e-03 -4.63467389472136e-01 -8.15884612909735e-01 -6.52707690327656e+01 -5.79334236840210e-03 -4.63467389474317e-01 1.88042345298336e+03 1.50433876238669e+05 7.26882469737356e-01 5.81505975790072e+01 -8.15884612909718e-01 -6.52707690327699e+01 7.26882469737341e-01 5.81505975790041e+01 1.86887719102718e+03 1.49510175282174e+05
4.02000000000000e+00 1.85994757152465e+03 1.49539784750582e+05 -5.73584946096090e-03 -4.61162296656456e-01 -8.07787805287778e-01 -6.49461395451335e+01 -5.73584946092482e-03 -4.61162296658124e-01 1.86176220272143e+03 1.49685681098803e+05 7.19668915972523e-01 5.78613808441774e+01 -8.07787805287772e-01 -6.49461395451338e+01 7.19668915972526e-01 5.78613808441748e+01 1.85033052542628e+03 1.48766574244273e+05
4.04000000000000e+00 1.84158064480098e+03 1.48799716099920e+05 -5.67920811872069e-03 -4.58880015995996e-01 -7.99810924833969e-01 -6.46247227265780e+01 -5.67920811874274e-03 -4.58880015996766e-01 1.84337735656889e+03 1.48944890410766e+05 7.12562206919451e-01 5.75750263190903e+01 -7.99810924833939e-01 -6.46247227265763e+01 7.12562206919470e-01 5.75750263190848e+01 1.83205856674564e+03 1.48030332193048e+05
4.06000000000000e+00 1.82348442650450e+03 1.48066935432165e+05 -5.62340160829624e-03 -4.56620210577119e-01 -7.91951614880725e-01 -6.43064711283118e+01 -5.62340160832030e-03 -4.56620210578658e-01 1.82526348295632e+03 1.48211394816053e+05 7.05560242990902e-01 5.72914917308669e+01 -7.91951614880713e-01 -6.43064711283131e+01 7.05560242990913e-01 5.72914917308673e+01 1.81405591676700e+03 1.47301340441480e+05
4.08000000000000e+00 1.80565362298985e+03 1.47341335635972e+05 -5.56841360380125e-03 -4.54382550046901e-01 -7.84207576361556e-01 -6.39913382311062e+01 -5.56841360381729e-03 -4.54382550049082e-01 1.80741528307373e+03 1.47485087098816e+05 6.98660975918676e-01 5.70107356349558e+01 -7.84207576361538e-01 -6.39913382311034e+01 6.98660975918676e-01 5.70107356349568e+01 1.79631730921637e+03 1.46579492432056e+05
4.10000000000000e+00 1.78808306937075e+03 1.46622811688402e+05 -5.51422817830320e-03 -4.52166710628784e-01 -7.76576566131594e-01 -6.36792784227911e+01 -5.51422817831323e-03 -4.52166710631094e-01 1.78982758699576e+03 1.46765862133652e+05 6.91862407254764e-01 5.67327173948911e+01 -7.76576566131604e-01 -6.36792784227898e+01 6.91862407254809e-01 5.67327173948940e+01 1.77883760591301e+03 1.45864683684867e+05
4.12000000000000e+00 1.77076772578007e+03 1.45911260604278e+05 -5.46082978937511e-03 -4.49972374645604e-01 -7.69056395342009e-01 -6.33702469761955e+01 -5.46082978937310e-03 -4.49972374646117e-01 1.77249534993822e+03 1.46053616834910e+05 6.85162586925231e-01 5.64573971626556e+01 -7.69056395341975e-01 -6.33702469761961e+01 6.85162586925263e-01 5.64573971626552e+01 1.76161179304893e+03 1.45156811747232e+05
4.14000000000000e+00 1.75370267375618e+03 1.45206581387011e+05 -5.40820326862206e-03 -4.47799230626966e-01 -7.61644927872725e-01 -6.30642000278612e+01 -5.40820326863409e-03 -4.47799230626196e-01 1.75541364864084e+03 1.45348250107462e+05 6.78559611831257e-01 5.61847358596362e+01 -7.61644927872763e-01 -6.30642000278606e+01 6.78559611831275e-01 5.61847358596365e+01 1.74463497759390e+03 1.44455776144775e+05
4.16000000000000e+00 1.73688311275043e+03 1.44508674980836e+05 -5.35633381202568e-03 -4.45646973161204e-01 -7.54340078812115e-01 -6.27610945571426e+01 -5.35633381206778e-03 -4.45646973160049e-01 1.73857767787141e+03 1.44649662798901e+05 6.72051624497925e-01 5.59146951582305e+01 -7.54340078812083e-01 -6.27610945571409e+01 6.72051624497954e-01 5.59146951582262e+01 1.72790238382101e+03 1.43761478333908e+05
4.18000000000000e+00 1.72030435675144e+03 1.43817444224420e+05 -5.30520696829807e-03 -4.43515302558626e-01 -7.47139812993778e-01 -6.24608883662842e+01 -5.30520696833415e-03 -4.43515302564014e-01 1.72198274704669e+03 1.43957757653103e+05 6.65636811768399e-01 5.56472374638298e+01 -7.47139812993780e-01 -6.24608883662834e+01 6.65636811768394e-01 5.56472374638296e+01 1.71140934994835e+03 1.43073821655682e+05
4.20000000000000e+00 1.70396183102144e+03 1.43132793805801e+05 -5.25480862956698e-03 -4.41403924877685e-01 -7.40042143578654e-01 -6.21635400606016e+01 -5.25480862953491e-03 -4.41403924878968e-01 1.70562427696563e+03 1.43272439265113e+05 6.59313403540887e-01 5.53823258974540e+01 -7.40042143578668e-01 -6.21635400606031e+01 6.59313403540915e-01 5.53823258974518e+01 1.69515132489230e+03 1.42392711290953e+05
4.22000000000000e+00 1.68785106894069e+03 1.42454630218594e+05 -5.20512502183250e-03 -4.39312551829150e-01 -7.33045130683257e-01 -6.18690090296699e+01 -5.20512502181847e-03 -4.39312551829279e-01 1.68949779665071e+03 1.42593614037320e+05 6.53079671547787e-01 5.51199242786396e+01 -7.33045130683269e-01 -6.18690090296693e+01 6.53079671547804e-01 5.51199242786363e+01 1.67912386512823e+03 1.41718054216823e+05
4.24000000000000e+00 1.67196770895578e+03 1.41782861719450e+05 -5.15614269391232e-03 -4.37240900449358e-01 -7.26146880055481e-01 -6.15772554287271e+01 -5.15614269391232e-03 -4.37240900448204e-01 1.67359894029322e+03 1.41921190136865e+05 6.46933928174579e-01 5.48599971091992e+01 -7.26146880055455e-01 -6.15772554287277e+01 6.46933928174597e-01 5.48599971091993e+01 1.66332263165458e+03 1.41049759164308e+05
4.26000000000000e+00 1.65630749162791e+03 1.41117398286698e+05 -5.10784851055437e-03 -4.35188693092646e-01 -7.19345541792179e-01 -6.12882401607127e+01 -5.10784851057442e-03 -4.35188693095853e-01 1.65792344429872e+03 1.41255077454251e+05 6.40874525317818e-01 5.46025095570638e+01 -7.19345541792187e-01 -6.12882401607100e+01 6.40874525317808e-01 5.46025095570652e+01 1.64774338705641e+03 1.40387736577206e+05
4.28000000000000e+00 1.64086625677755e+03 1.40458151580158e+05 -5.06022964221593e-03 -4.33155657374646e-01 -7.12639309099664e-01 -6.10019248589440e+01 -5.06022964223597e-03 -4.33155657372465e-01 1.64246714442883e+03 1.40595187563108e+05 6.34899853280646e-01 5.43474274408454e+01 -7.12639309099676e-01 -6.10019248589438e+01 6.34899853280592e-01 5.43474274408455e+01 1.63238199266480e+03 1.39731898572106e+05
4.30000000000000e+00 1.62563994072168e+03 1.39805034902065e+05 -5.01327355684730e-03 -4.31141525896858e-01 -7.06026417092449e-01 -6.07182718699653e+01 -5.01327355685732e-03 -4.31141525898012e-01 1.62722597303589e+03 1.39941433681086e+05 6.29008339703627e-01 5.40947172145323e+01 -7.06026417092475e-01 -6.07182718699650e+01 6.29008339703638e-01 5.40947172145251e+01 1.61723440580843e+03 1.39082158899525e+05
4.32000000000000e+00 1.61062457360049e+03 1.39157963159082e+05 -4.96696801220660e-03 -4.29146036266529e-01 -6.99505141634156e-01 -6.04372442371854e+01 -4.96696801220459e-03 -4.29146036267427e-01 1.61219595638692e+03 1.39293730631830e+05 6.23198448530412e-01 5.38443459530228e+01 -6.99505141634164e-01 -6.04372442371869e+01 6.23198448530437e-01 5.38443459530241e+01 1.60229667715404e+03 1.38438432906109e+05
4.34000000000000e+00 1.59581627678990e+03 1.38516852825363e+05 -4.92130104671133e-03 -4.27168930873697e-01 -6.93073798211478e-01 -6.01588056847544e+01 -4.92130104672135e-03 -4.27168930871901e-01 1.59737321207373e+03 1.38651994808000e+05 6.17468679005494e-01 5.35962813376563e+01 -6.93073798211466e-01 -6.01588056847549e+01 6.17468679005471e-01 5.35962813376577e+01 1.58756494813237e+03 1.37800637497890e+05
4.36000000000000e+00 1.58121126039710e+03 1.37881621906627e+05 -4.87626097320843e-03 -4.25209956879253e-01 -6.86730740848467e-01 -5.98829206019856e+01 -4.87626097324050e-03 -4.25209956879125e-01 1.58275394650597e+03 1.38016144135321e+05 6.11817564707231e-01 5.33504916424689e+01 -6.86730740848451e-01 -5.98829206019854e+01 6.11817564707246e-01 5.33504916424689e+01 1.57303544844664e+03 1.37168691104547e+05
4.38000000000000e+00 1.56680582083587e+03 1.37252189905222e+05 -4.83183637023277e-03 -4.23268866034575e-01 -6.80474361052968e-01 -5.96095540282344e+01 -4.83183637021473e-03 -4.23268866035216e-01 1.56833445248405e+03 1.37386098037603e+05 6.06243672608559e-01 5.31069457204987e+01 -6.80474361052958e-01 -5.96095540282336e+01 6.06243672608543e-01 5.31069457205007e+01 1.55870449366039e+03 1.36542513644650e+05
4.40000000000000e+00 1.55259633847880e+03 1.36628477786134e+05 -4.78801607496537e-03 -4.21345414599294e-01 -6.74303086795891e-01 -5.93386716380274e+01 -4.78801607496537e-03 -4.21345414599037e-01 1.55411110684913e+03 1.36761777402723e+05 6.00745602167661e-01 5.28656129907738e+01 -6.74303086795901e-01 -5.93386716380262e+01 6.00745602167688e-01 5.28656129907674e+01 1.54456848286184e+03 1.35922026491842e+05
4.42000000000000e+00 1.53857927538376e+03 1.36010407943924e+05 -4.74478917696140e-03 -4.19439363237254e-01 -6.68215381525063e-01 -5.90702397268401e+01 -4.74478917696340e-03 -4.19439363237382e-01 1.54008036820733e+03 1.36143104549528e+05 5.95321984450030e-01 5.26264634254035e+01 -6.68215381525055e-01 -5.90702397268417e+01 5.95321984450028e-01 5.26264634254034e+01 1.53062389640217e+03 1.35307152441952e+05
4.44000000000000e+00 1.52475117309182e+03 1.35397904170554e+05 -4.70214501095010e-03 -4.17550476980465e-01 -6.62209743209127e-01 -5.88042251969772e+01 -4.70214501097215e-03 -4.17550476977899e-01 1.52623877472554e+03 1.35530003195628e+05 5.89971481275364e-01 5.23894675372580e+01 -6.62209743209149e-01 -5.88042251969776e+01 5.89971481275403e-01 5.23894675372582e+01 1.51686729370476e+03 1.34697815680983e+05
4.46000000000000e+00 1.51110865049415e+03 1.34790891624079e+05 -4.66007315002251e-03 -4.15678524967523e-01 -6.56284703408903e-01 -5.85405955440675e+01 -4.66007315004355e-03 -4.15678524968292e-01 1.51258294199618e+03 1.34922398426059e+05 5.84692784392022e-01 5.21545963677601e+01 -6.56284703408883e-01 -5.85405955440672e+01 5.84692784392010e-01 5.21545963677627e+01 1.50329531114313e+03 1.34093941753967e+05
4.48000000000000e+00 1.49764840176535e+03 1.34189296798176e+05 -4.61856339903577e-03 -4.13823280540468e-01 -6.50438826382027e-01 -5.82793188438291e+01 -4.61856339904679e-03 -4.13823280541109e-01 1.49910956096858e+03 1.34320216662785e+05 5.79484614678138e-01 5.19218214751408e+01 -6.50438826381988e-01 -5.82793188438289e+01 5.79484614678147e-01 5.19218214751428e+01 1.48990465998498e+03 1.33495457534654e+05
4.50000000000000e+00 1.48436719436098e+03 1.33593047492488e+05 -4.57760578961692e-03 -4.11984521062619e-01 -6.44670708213123e-01 -5.80203637391603e+01 -4.57760578958986e-03 -4.11984521063004e-01 1.48581539594451e+03 1.33723385635006e+05 5.74345721366267e-01 5.16911149229578e+01 -6.44670708213101e-01 -5.80203637391620e+01 5.74345721366300e-01 5.16911149229569e+01 1.47669212440007e+03 1.32902291196006e+05
4.52000000000000e+00 1.47126186707691e+03 1.33002072783752e+05 -4.53719057248679e-03 -4.10162027757955e-01 -6.38978975969428e-01 -5.77636994276355e+01 -4.53719057249781e-03 -4.10162027754234e-01 1.47269728263566e+03 1.33131834350264e+05 5.69274881292943e-01 5.14624492688666e+01 -6.38978975969428e-01 -5.77636994276365e+01 5.69274881292958e-01 5.14624492688651e+01 1.46365455952960e+03 1.32314372181476e+05
4.54000000000000e+00 1.45832932816838e+03 1.32416302997689e+05 -4.49730821397512e-03 -4.08355585795273e-01 -6.33362286885494e-01 -5.75092956492024e+01 -4.49730821397311e-03 -4.08355585797198e-01 1.45975212628086e+03 1.32545493066302e+05 5.64270898170216e-01 5.12357975538550e+01 -6.33362286885505e-01 -5.75092956492029e+01 5.64270898170226e-01 5.12357975538535e+01 1.45078888961499e+03 1.31731631177041e+05
4.56000000000000e+00 1.44556655352666e+03 1.31835669681631e+05 -4.45794938730517e-03 -4.06564984113850e-01 -6.27819327570386e-01 -5.72571226744140e+01 -4.45794938729014e-03 -4.06564984113978e-01 1.44697689982094e+03 1.31964293263670e+05 5.59332601880796e-01 5.10111332915317e+01 -6.27819327570346e-01 -5.72571226744156e+01 5.59332601880810e-01 5.10111332915303e+01 1.43809210618397e+03 1.31154000083978e+05
4.58000000000000e+00 1.43297058491130e+03 1.31260105577875e+05 -4.41910496994074e-03 -4.04790015224589e-01 -6.22348813240284e-01 -5.70071512928206e+01 -4.41910496994876e-03 -4.04790015221767e-01 1.43436864212929e+03 1.31388167619043e+05 5.54458847793177e-01 5.07884304578728e+01 -6.22348813240266e-01 -5.70071512928196e+01 5.54458847793184e-01 5.07884304578751e+01 1.42556126629196e+03 1.30581411992344e+05
4.60000000000000e+00 1.42053852823607e+03 1.30689544597718e+05 -4.38076603661461e-03 -4.03030475371800e-01 -6.16949486973941e-01 -5.67593528015924e+01 -4.38076603659858e-03 -4.03030475372954e-01 1.42192445629610e+03 1.30817049979241e+05 5.49648516100209e-01 5.05676634812273e+01 -6.16949486973966e-01 -5.67593528015924e+01 5.49648516100239e-01 5.05676634812288e+01 1.41319349081689e+03 1.30013801155154e+05
4.62000000000000e+00 1.40826755190664e+03 1.30123921796173e+05 -4.34292385553303e-03 -4.01286164249548e-01 -6.11620118990912e-01 -5.65136989947619e+01 -4.34292385552902e-03 -4.01286164250575e-01 1.40964150796444e+03 1.30250875335915e+05 5.44900511173734e-01 5.03488072324231e+01 -6.11620118990918e-01 -5.65136989947610e+01 5.44900511173729e-01 5.03488072324249e+01 1.40098596280549e+03 1.29451102963227e+05
4.64000000000000e+00 1.39615488520840e+03 1.29563173347339e+05 -4.30556988171985e-03 -3.99556885021547e-01 -6.06359505950790e-01 -5.62701621522485e+01 -4.30556988175393e-03 -3.99556885021033e-01 1.39751702371651e+03 1.29689579800892e+05 5.40213760941709e-01 5.01318370154064e+01 -6.06359505950772e-01 -5.62701621522506e+01 5.40213760941688e-01 5.01318370154042e+01 1.38893592586940e+03 1.28893253920680e+05
4.66000000000000e+00 1.38419781674252e+03 1.29007236520403e+05 -4.26869575370916e-03 -3.97842444258288e-01 -6.01166470275359e-01 -5.60287150296661e+01 -4.26869575374023e-03 -3.97842444255081e-01 1.38554828950812e+03 1.29133100582156e+05 5.35587216283744e-01 4.99167285576372e+01 -6.01166470275349e-01 -5.60287150296664e+01 5.35587216283753e-01 4.99167285576376e+01 1.37704068262935e+03 1.28340191621055e+05
4.68000000000000e+00 1.37239369290870e+03 1.28456049656254e+05 -4.23229328816119e-03 -3.96142651774128e-01 -5.96039859487438e-01 -5.57893308480284e+01 -4.23229328816119e-03 -3.96142651777463e-01 1.37373264915002e+03 1.28581375960442e+05 5.31019850443238e-01 4.97034580014702e+01 -5.96039859487403e-01 -5.57893308480273e+01 5.31019850443236e-01 4.97034580014724e+01 1.36529759320574e+03 1.27791854724057e+05
4.70000000000000e+00 1.36073991643299e+03 1.27909552144701e+05 -4.19635447561589e-03 -3.94457320709252e-01 -5.90978545573805e-01 -5.55519832839131e+01 -4.19635447564896e-03 -3.94457320709509e-01 1.36206750283427e+03 1.28034345266422e+05 5.26510658457395e-01 4.94920018950120e+01 -5.90978545573775e-01 -5.55519832839136e+01 5.26510658457382e-01 4.94920018950104e+01 1.35370407375410e+03 1.27248182932885e+05
4.72000000000000e+00 1.34923394493920e+03 1.27367684402260e+05 -4.16087147532431e-03 -3.92786267257974e-01 -5.85981424362733e-01 -5.53166464598542e+01 -4.16087147533834e-03 -3.92786267256306e-01 1.35055030570427e+03 1.27491948858483e+05 5.22058656606017e-01 4.92823371836157e+01 -5.85981424362700e-01 -5.53166464598543e+01 5.22058656606017e-01 4.92823371836186e+01 1.34225759504385e+03 1.26709116972139e+05
4.74000000000000e+00 1.33787328956238e+03 1.26830387850514e+05 -4.12583661198336e-03 -3.91129310788803e-01 -5.81047414923952e-01 -5.50832949348129e+01 -4.12583661199238e-03 -3.91129310786237e-01 1.33917856646682e+03 1.26954128101055e+05 5.17662881873083e-01 4.90744412015510e+01 -5.81047414923947e-01 -5.50832949348124e+01 5.17662881873073e-01 4.90744412015480e+01 1.33095568107896e+03 1.26174598566286e+05
4.76000000000000e+00 1.32665551360302e+03 1.26297604895007e+05 -4.09124237105430e-03 -3.89486273722192e-01 -5.76175458982400e-01 -5.48519036951272e+01 -4.09124237104328e-03 -3.89486273723090e-01 1.32794984604508e+03 1.26420825343492e+05 5.13322391426846e-01 4.88682916638333e+01 -5.76175458982371e-01 -5.48519036951266e+01 5.13322391426834e-01 4.88682916638362e+01 1.31979590775912e+03 1.25644570418668e+05
4.78000000000000e+00 1.31557823122047e+03 1.25769278904677e+05 -4.05708139500736e-03 -3.87856981370436e-01 -5.71364520350894e-01 -5.46224481455404e+01 -4.05708139500536e-03 -3.87856981367100e-01 1.31686175627070e+03 1.25891983899479e+05 5.09036262115328e-01 4.86638666582224e+01 -5.71364520350897e-01 -5.46224481455413e+01 5.09036262115348e-01 4.86638666582236e+01 1.30877590157991e+03 1.25118976191040e+05
4.80000000000000e+00 1.30463910616451e+03 1.25245354191793e+05 -4.02334647934988e-03 -3.86241262019641e-01 -5.66613584380362e-01 -5.43949041005196e+01 -4.02334647932983e-03 -3.86241262019769e-01 1.30591195861414e+03 1.25367548026957e+05 5.04803589974064e-01 4.84611446374818e+01 -5.66613584380350e-01 -5.43949041005199e+01 5.04803589974061e-01 4.84611446374845e+01 1.29789333837094e+03 1.24597760483611e+05
4.82000000000000e+00 1.29383585054361e+03 1.24725775992404e+05 -3.99003056829258e-03 -3.84638946781049e-01 -5.61921657424294e-01 -5.41692477756873e+01 -3.99003056828056e-03 -3.84638946780920e-01 1.29509816295169e+03 1.24847462908543e+05 5.00623489749281e-01 4.82601044118196e+01 -5.61921657424324e-01 -5.41692477756851e+01 5.00623489749275e-01 4.82601044118205e+01 1.28714594207044e+03 1.24080868815590e+05
4.84000000000000e+00 1.28316622362871e+03 1.24210490447259e+05 -3.95712675170081e-03 -3.83049869560498e-01 -5.57287766318462e-01 -5.39454557796254e+01 -3.95712675169179e-03 -3.83049869559856e-01 1.28441812636817e+03 1.24331674632439e+05 4.96495094436719e-01 4.80607251414867e+01 -5.57287766318463e-01 -5.39454557796226e+01 4.96495094436737e-01 4.80607251414850e+01 1.27653148353526e+03 1.23568247606213e+05
4.86000000000000e+00 1.27262803069142e+03 1.23699444583206e+05 -3.92462826129297e-03 -3.81473866993128e-01 -5.52710957877711e-01 -5.37235051057264e+01 -3.92462826130400e-03 -3.81473866992102e-01 1.27386965199395e+03 1.23820130173811e+05 4.92417554830927e-01 4.78629863295726e+01 -5.52710957877687e-01 -5.37235051057268e+01 4.92417554830917e-01 4.78629863295709e+01 1.26604777938509e+03 1.23059844156230e+05
4.88000000000000e+00 1.26221912187546e+03 1.23192586295045e+05 -3.89252846725502e-03 -3.79910778392066e-01 -5.48190298405116e-01 -5.35033731243462e+01 -3.89252846724900e-03 -3.79910778392066e-01 1.26345058787526e+03 1.23312777376625e+05 4.88390039088817e-01 4.76668678150555e+01 -5.48190298405134e-01 -5.35033731243425e+01 4.88390039088812e-01 4.76668678150562e+01 1.25569269087969e+03 1.22555606629858e+05
4.90000000000000e+00 1.25193739110029e+03 1.22689864327829e+05 -3.86082087449204e-03 -3.78360445704421e-01 -5.43724873215452e-01 -5.32850375751151e+01 -3.86082087451108e-03 -3.78360445705319e-01 1.25315882587678e+03 1.22809564935925e+05 4.84411732305001e-01 4.74723497658877e+01 -5.43724873215464e-01 -5.32850375751151e+01 4.84411732305000e-01 4.74723497658846e+01 1.24546412282821e+03 1.22055484037165e+05
4.92000000000000e+00 1.24178077499580e+03 1.22191228259586e+05 -3.82949912011165e-03 -3.76822713418665e-01 -5.39313786173031e-01 -5.30684765594377e+01 -3.82949912012268e-03 -3.76822713417126e-01 1.24299230061532e+03 1.22310442380547e+05 4.80481836100471e-01 4.72794126722752e+01 -5.39313786173016e-01 -5.30684765594381e+01 4.80481836100472e-01 4.72794126722751e+01 1.23536002252942e+03 1.21559426216895e+05
4.94000000000000e+00 1.23174725186719e+03 1.21696628484478e+05 -3.79855696933084e-03 -3.75297428587079e-01 -5.34956159242265e-01 -5.28536685331420e+01 -3.79855696930478e-03 -3.75297428588362e-01 1.23294898842364e+03 1.21815360056256e+05 4.76599568221569e-01 4.70880373402844e+01 -5.34956159242256e-01 -5.28536685331395e+01 4.76599568221562e-01 4.70880373402834e+01 1.22537837874189e+03 1.21067383819699e+05
4.96000000000000e+00 1.22183484068898e+03 1.21206016196347e+05 -3.76798831302147e-03 -3.73784440642179e-01 -5.30651132050478e-01 -5.26405922994173e+01 -3.76798831301646e-03 -3.73784440643847e-01 1.22302690634350e+03 1.21324269109276e+05 4.72764162150703e-01 4.68982048853483e+01 -5.30651132050477e-01 -5.26405922994157e+01 4.72764162150720e-01 4.68982048853482e+01 1.21551722068324e+03 1.20579308291777e+05
4.98000000000000e+00 1.21204160012723e+03 1.20719343372672e+05 -3.73778716399500e-03 -3.72283601537442e-01 -5.26397861463190e-01 -5.24292270017334e+01 -3.73778716398498e-03 -3.72283601538853e-01 1.21322411114693e+03 1.20837121470234e+05 4.68974866728241e-01 4.67098967261211e+01 -5.26397861463160e-01 -5.24292270017339e+01 4.68974866728236e-01 4.67098967261212e+01 1.20577461705738e+03 1.20095151858915e+05
5.00000000000000e+00 1.20236562758907e+03 1.20236562758907e+05 -3.70794765540788e-03 -3.70794765519857e-01 -5.22195521171226e-01 -5.22195521171379e+01 -3.70794765539685e-03 -3.70794765520370e-01 1.20353869838481e+03 1.20353869838481e+05 4.65230945784156e-01 4.65230945784316e+01 -5.22195521171226e-01 -5.22195521171374e+01 4.65230945784163e-01 4.65230945784317e+01 1.19614867510899e+03 1.19614867510899e+05
5.02000000000000e+00 1.19280505829868e+03 1.19757627853187e+05 -3.67846403574037e-03 -3.69317789209718e-01 -5.18043301290083e-01 -5.20115474495296e+01 -3.67846403576142e-03 -3.69317789208564e-01 1.19396880146198e+03 1.19874467666783e+05 4.61531677782005e-01 4.63377804493167e+01 -5.18043301290085e-01 -5.20115474495320e+01 4.61531677781996e-01 4.63377804493179e+01 1.18663753970426e+03 1.19138408986308e+05
5.04000000000000e+00 1.18335806439889e+03 1.19282492891408e+05 -3.64933066923149e-03 -3.67852531436418e-01 -5.13940407969085e-01 -5.18051931232902e+01 -3.64933066922548e-03 -3.67852531435392e-01 1.18451259073796e+03 1.19398869146386e+05 4.57876355469111e-01 4.61539366312867e+01 -5.13940407969082e-01 -5.18051931232892e+01 4.57876355469124e-01 4.61539366312843e+01 1.17723939243714e+03 1.18665730757664e+05
5.06000000000000e+00 1.17402285407757e+03 1.18811112832650e+05 -3.62054202918907e-03 -3.66398853339023e-01 -5.09886063011829e-01 -5.16004695767997e+01 -3.62054202918005e-03 -3.66398853339536e-01 1.17516827265246e+03 1.18927029192429e+05 4.54264285540245e-01 4.59715456966833e+01 -5.09886063011798e-01 -5.16004695768013e+01 4.54264285540230e-01 4.59715456966804e+01 1.16795245076027e+03 1.18196788016939e+05
5.08000000000000e+00 1.16479767071808e+03 1.18343443344957e+05 -3.59209269871736e-03 -3.64956618194628e-01 -5.05879503507877e-01 -5.13973575564039e+01 -3.59209269871736e-03 -3.64956618193473e-01 1.16593408887501e+03 1.18458903429701e+05 4.50694788308451e-01 4.57905904921299e+01 -5.05879503507853e-01 -5.13973575564038e+01 4.50694788308466e-01 4.57905904921290e+01 1.15877496713973e+03 1.17731536661396e+05
5.10000000000000e+00 1.15568079207288e+03 1.17879440791434e+05 -3.56397736672213e-03 -3.63525691397572e-01 -5.01919981473584e-01 -5.11958381103231e+01 -3.56397736674819e-03 -3.63525691397700e-01 1.15680831547780e+03 1.17994448178735e+05 4.47167197384825e-01 4.56110541332511e+01 -5.01919981473582e-01 -5.11958381103218e+01 4.47167197384837e-01 4.56110541332504e+01 1.14970522823306e+03 1.17269933279772e+05
5.12000000000000e+00 1.14667052945984e+03 1.17419062216688e+05 -3.53619082535194e-03 -3.62105940525635e-01 -4.98006763503149e-01 -5.09958925827263e+01 -3.53619082537098e-03 -3.62105940523710e-01 1.14778926213115e+03 1.17533620442230e+05 4.43680859368265e-01 4.54329199993120e+01 -4.98006763503150e-01 -5.09958925827296e+01 4.43680859368288e-01 4.54329199993128e+01 1.14074155408963e+03 1.16811935138778e+05
5.14000000000000e+00 1.13776522698028e+03 1.16962265333573e+05 -3.50872796827126e-03 -3.60697235143374e-01 -4.94139130427947e-01 -5.07975026080087e+01 -3.50872796827727e-03 -3.60697235143631e-01 1.13887527132083e+03 1.17076377891782e+05 4.40235133542472e-01 4.52561717281560e+01 -4.94139130427949e-01 -5.07975026080060e+01 4.40235133542468e-01 4.52561717281570e+01 1.13188229737275e+03 1.16357500169918e+05
5.16000000000000e+00 1.12896326075821e+03 1.16509008510247e+05 -3.48158378749642e-03 -3.59299446866267e-01 -4.90316376988509e-01 -5.06006501052080e+01 -3.48158378749040e-03 -3.59299446865754e-01 1.13006471758654e+03 1.16622678854931e+05 4.36829391581548e-01 4.50807932112244e+01 -4.90316376988529e-01 -5.06006501052072e+01 4.36829391581559e-01 4.50807932112244e+01 1.12312584260283e+03 1.15906586956612e+05
5.18000000000000e+00 1.12026303820010e+03 1.16059250757530e+05 -3.45475337161762e-03 -3.57912449296955e-01 -4.86537811509829e-01 -5.04053172724288e+01 -3.45475337160860e-03 -3.57912449298366e-01 1.12135600678095e+03 1.16172482302507e+05 4.33463017263692e-01 4.49067685885293e+01 -4.86537811509794e-01 -5.04053172724274e+01 4.33463017263654e-01 4.49067685885281e+01 1.11447060542102e+03 1.15459154721617e+05
5.20000000000000e+00 1.11166299727450e+03 1.15612951716548e+05 -3.42823190366218e-03 -3.56536117968022e-01 -4.82802755591670e-01 -5.02114865815301e+01 -3.42823190365015e-03 -3.56536117969689e-01 1.11274757534866e+03 1.15725747836261e+05 4.30135406192947e-01 4.47340822440491e+01 -4.82802755591688e-01 -5.02114865815344e+01 4.30135406192943e-01 4.47340822440501e+01 1.10591503187251e+03 1.15015163314741e+05
5.22000000000000e+00 1.10316160581103e+03 1.15170071646671e+05 -3.40201465828522e-03 -3.55170330320705e-01 -4.79110543801671e-01 -5.00191407729040e+01 -3.40201465828522e-03 -3.55170330322501e-01 1.10423788962442e+03 1.15282435676790e+05 4.26845965526669e-01 4.45627188009903e+01 -4.79110543801690e-01 -5.00191407729033e+01 4.26845965526636e-01 4.45627188009894e+01 1.09745759770916e+03 1.14574573200836e+05
5.24000000000000e+00 1.09475736081790e+03 1.14730571413716e+05 -3.37609700078148e-03 -3.53814965687187e-01 -4.75460523380677e-01 -4.98282628503032e+01 -3.37609700080053e-03 -3.53814965688214e-01 1.09582544515010e+03 1.14842506651730e+05 4.23594113713055e-01 4.43926631171341e+01 -4.75460523380673e-01 -4.98282628503023e+01 4.23594113713021e-01 4.43926631171352e+01 1.08909680771055e+03 1.14137345448066e+05
5.26000000000000e+00 1.08644878781774e+03 1.14294412478427e+05 -3.35047438387115e-03 -3.52469905187585e-01 -4.71852053953018e-01 -4.96388360758585e+01 -3.35047438384809e-03 -3.52469905187072e-01 1.08750876600974e+03 1.14405922184225e+05 4.20379280232852e-01 4.42239002804977e+01 -4.71852053953021e-01 -4.96388360758602e+01 4.20379280232863e-01 4.42239002804988e+01 1.08083119502324e+03 1.13703441716445e+05
5.28000000000000e+00 1.07823444020085e+03 1.13861556885209e+05 -3.32514234661839e-03 -3.51135031789473e-01 -4.68284507246394e-01 -4.94508439652180e+01 -3.32514234662941e-03 -3.51135031790884e-01 1.07928640418230e+03 1.13972644281650e+05 4.17200905350018e-01 4.40564156049581e+01 -4.68284507246396e-01 -4.94508439652162e+01 4.17200905350023e-01 4.40564156049586e+01 1.07265932051736e+03 1.13272824246633e+05
5.30000000000000e+00 1.07011289859556e+03 1.13431967251129e+05 -3.30009651156799e-03 -3.49810230217824e-01 -4.64757266817997e-01 -4.92642702827186e+01 -3.30009651157300e-03 -3.49810230218594e-01 1.07115693891132e+03 1.13542635524600e+05 4.14058439867436e-01 4.38901946259383e+01 -4.64757266817998e-01 -4.92642702827165e+01 4.14058439867429e-01 4.38901946259377e+01 1.06457977216027e+03 1.12845455848989e+05
5.32000000000000e+00 1.06208277025518e+03 1.13005606755151e+05 -3.27533258371807e-03 -3.48495386909857e-01 -4.61269727788778e-01 -4.90790990367156e+01 -3.27533258373912e-03 -3.48495386909087e-01 1.06311897609128e+03 1.13115859056113e+05 4.10951344889920e-01 4.37252230962788e+01 -4.61269727788763e-01 -4.90790990367167e+01 4.10951344889927e-01 4.37252230962776e+01 1.05659116440660e+03 1.12421299892863e+05
5.34000000000000e+00 1.05414268846086e+03 1.12582439127620e+05 -3.25084634851255e-03 -3.47190390019779e-01 -4.57821296583046e-01 -4.88953144750722e+01 -3.25084634852658e-03 -3.47190390018881e-01 1.05517114766994e+03 1.12692278571150e+05 4.07879091593388e-01 4.35614869821852e+01 -4.57821296583047e-01 -4.88953144750737e+01 4.07879091593381e-01 4.35614869821862e+01 1.04869213760427e+03 1.12000320296137e+05
5.36000000000000e+00 1.04629131194016e+03 1.12162428639985e+05 -3.22663366924838e-03 -3.45895129355158e-01 -4.54411390677614e-01 -4.87129010806371e+01 -3.22663366923736e-03 -3.45895129353490e-01 1.04731211106624e+03 1.12271858306301e+05 4.04841161000268e-01 4.33989724592073e+01 -4.54411390677615e-01 -4.87129010806362e+01 4.04841161000281e-01 4.33989724592061e+01 1.04088135741601e+03 1.11582481514996e+05
5.38000000000000e+00 1.03852732430056e+03 1.11745540094740e+05 -3.20269048672378e-03 -3.44609496379488e-01 -4.51039438353885e-01 -4.85318435668721e+01 -3.20269048672578e-03 -3.44609496378590e-01 1.03954054860335e+03 1.11854563029720e+05 4.01837043758617e-01 4.32376659084063e+01 -4.51039438353881e-01 -4.85318435668707e+01 4.01837043758613e-01 4.32376659084057e+01 1.03315751425584e+03 1.11167748533929e+05
5.40000000000000e+00 1.03084943347778e+03 1.11331738815600e+05 -3.17901281611720e-03 -3.43333384149710e-01 -4.47704878459893e-01 -4.83521268736637e+01 -3.17901281611219e-03 -3.43333384150993e-01 1.03185516695641e+03 1.11440358031292e+05 3.98866239930448e-01 4.30775539124914e+01 -4.47704878459907e-01 -4.83521268736638e+01 3.98866239930453e-01 4.30775539124893e+01 1.02551932274025e+03 1.10756086855947e+05
5.42000000000000e+00 1.02325637119823e+03 1.10920990637888e+05 -3.15559674640710e-03 -3.42066687300312e-01 -4.44407160175602e-01 -4.81737361630478e+01 -3.15559674641011e-03 -3.42066687299286e-01 1.02425469661445e+03 1.11029209113006e+05 3.95928258783479e-01 4.29186232521187e+01 -4.44407160175602e-01 -4.81737361630479e+01 3.95928258783448e-01 4.29186232521189e+01 1.01796552115336e+03 1.10347462493024e+05
5.44000000000000e+00 1.01574689245528e+03 1.10513261899135e+05 -3.13243843776405e-03 -3.40809302036265e-01 -4.41145742786493e-01 -4.79966568151770e+01 -3.13243843777608e-03 -3.40809302034854e-01 1.01673789135617e+03 1.10621082579551e+05 3.93022618587342e-01 4.27608609023036e+01 -4.41145742786506e-01 -4.79966568151763e+01 3.93022618587351e-01 4.27608609023064e+01 1.01049487092598e+03 1.09941841956747e+05
5.46000000000000e+00 1.00831977499894e+03 1.10108519429884e+05 -3.10953412145957e-03 -3.39561126062086e-01 -4.37920095461087e-01 -4.78208744243555e+01 -3.10953412143150e-03 -3.39561126060162e-01 1.00930352773910e+03 1.10215945229109e+05 3.90148846417473e-01 4.26042540287773e+01 -4.37920095461044e-01 -4.78208744243567e+01 3.90148846417488e-01 4.26042540287758e+01 1.00310615612789e+03 1.09539192249165e+05
5.48000000000000e+00 1.00097381883853e+03 1.09706730544703e+05 -3.08688009660681e-03 -3.38322058580424e-01 -4.34729697035043e-01 -4.76463747950500e+01 -3.08688009662185e-03 -3.38322058581835e-01 1.00195040460183e+03 1.09813764344360e+05 3.87306477961666e-01 4.24487899845837e+01 -4.34729697035042e-01 -4.76463747950509e+01 3.87306477961655e-01 4.24487899845836e+01 9.95798182973088e+02 1.09139480853850e+05
5.50000000000000e+00 9.93707845758061e+02 1.09307863033387e+05 -3.06447272958333e-03 -3.37092000249213e-01 -4.31574035801588e-01 -4.74731439381777e+01 -3.06447272957831e-03 -3.37092000247673e-01 9.94677342578835e+02 1.09414507683672e+05 3.84495057333293e-01 4.22944563066536e+01 -4.31574035801562e-01 -4.74731439381771e+01 3.84495057333299e-01 4.22944563066537e+01 9.88569779337657e+02 1.08742675727142e+05
5.52000000000000e+00 9.86520698843751e+02 1.08911885152350e+05 -3.04230845284834e-03 -3.35870853188343e-01 -4.28452609304794e-01 -4.73011680672520e+01 -3.04230845284133e-03 -3.35870853188728e-01 9.87483183627623e+02 1.09018143472490e+05 3.81714136887882e-01 4.21412407124162e+01 -4.28452609304791e-01 -4.73011680672517e+01 3.81714136887906e-01 4.21412407124159e+01 9.81419794289761e+02 1.08348745289590e+05
5.54000000000000e+00 9.79411242023573e+02 1.08518765616212e+05 -3.02038376276095e-03 -3.34658520899994e-01 -4.25364924141299e-01 -4.71304335948600e+01 -3.02038376277398e-03 -3.34658520901149e-01 9.80366790567771e+02 1.08624640394909e+05 3.78963277045824e-01 4.19891310966736e+01 -4.25364924141309e-01 -4.71304335948602e+01 3.78963277045818e-01 4.19891310966742e+01 9.74347097631547e+02 1.07957658417575e+05
5.56000000000000e+00 9.72378359618314e+02 1.08128473589556e+05 -2.99869521870512e-03 -3.33454908317386e-01 -4.22310495763853e-01 -4.69609271289454e+01 -2.99869521869008e-03 -3.33454908317386e-01 9.73327046631567e+02 1.08233967585430e+05 3.76242046117446e-01 4.18381155282659e+01 -4.22310495763849e-01 -4.69609271289443e+01 3.76242046117454e-01 4.18381155282677e+01 9.67350579452533e+02 1.07569384435122e+05
5.58000000000000e+00 9.65420955903894e+02 1.07740978678875e+05 -2.97723944172464e-03 -3.32259921687393e-01 -4.19288848292210e-01 -4.67926354694233e+01 -2.97723944171863e-03 -3.32259921687650e-01 9.66362855025906e+02 1.07846094620891e+05 3.73550020134723e-01 4.16881822470338e+01 -4.19288848292180e-01 -4.67926354694228e+01 3.73550020134728e-01 4.16881822470313e+01 9.60429149694192e+02 1.07183893105872e+05
5.60000000000000e+00 9.58537954684599e+02 1.07356250924675e+05 -2.95601311281233e-03 -3.31073468639439e-01 -4.16299514327204e-01 -4.66255456046464e+01 -2.95601311282035e-03 -3.31073468638669e-01 9.59473138505101e+02 1.07460991512571e+05 3.70886782685432e-01 4.15393196607759e+01 -4.16299514327224e-01 -4.66255456046458e+01 3.70886782685432e-01 4.15393196607753e+01 9.53581737725387e+02 1.06801154625243e+05
5.62000000000000e+00 9.51728298876932e+02 1.06974260793767e+05 -2.93501297217135e-03 -3.29895458060284e-01 -4.13342034770283e-01 -4.64596447081872e+01 -2.93501297216333e-03 -3.29895458060925e-01 9.52656838954320e+02 1.07078628698465e+05 3.68251924752664e-01 4.13915163422108e+01 -4.13342034770298e-01 -4.64596447081856e+01 3.68251924752684e-01 4.13915163422117e+01 9.46807291928377e+02 1.06421139612750e+05
5.64000000000000e+00 9.44990950103758e+02 1.06594979171704e+05 -2.91423581760162e-03 -3.28725800208201e-01 -4.10415958647281e-01 -4.62949201354248e+01 -2.91423581759159e-03 -3.28725800208586e-01 9.45912916983355e+02 1.06698977035722e+05 3.65645044557633e-01 4.12447610261077e+01 -4.10415958647273e-01 -4.62949201354247e+01 3.65645044557621e-01 4.12447610261066e+01 9.40104779295062e+02 1.06043819104483e+05
5.66000000000000e+00 9.38324888298487e+02 1.06218377355389e+05 -2.89367850310166e-03 -3.27564406557369e-01 -4.07520842936609e-01 -4.61313594204159e+01 -2.89367850309264e-03 -3.27564406559036e-01 9.39240351530403e+02 1.06322007793242e+05 3.63065747406123e-01 4.10990426063707e+01 -4.07520842936618e-01 -4.61313594204168e+01 3.63065747406119e-01 4.10990426063702e+01 9.33473185033209e+02 1.05669164545759e+05
5.68000000000000e+00 9.31729111318980e+02 1.05844427045836e+05 -2.87333793845774e-03 -3.26411189808512e-01 -4.04656252400742e-01 -4.59689502727254e+01 -2.87333793844371e-03 -3.26411189807742e-01 9.32638139475597e+02 1.05947692644428e+05 3.60513645539668e-01 4.09543501332985e+01 -4.04656252400754e-01 -4.59689502727263e+01 3.60513645539680e-01 4.09543501332993e+01 9.26911512182355e+02 1.05297147783916e+05
5.70000000000000e+00 9.25202634570924e+02 1.05473100341085e+05 -2.85321108725635e-03 -3.25266063948304e-01 -4.01821759424088e-01 -4.58076805743483e+01 -2.85321108724532e-03 -3.25266063947662e-01 9.26105295264020e+02 1.05576003660098e+05 3.57988357989374e-01 4.08106728107885e+01 -4.01821759424096e-01 -4.58076805743468e+01 3.57988357989368e-01 4.08106728107882e+01 9.20418781239130e+02 1.04927741061261e+05
5.72000000000000e+00 9.18744490640409e+02 1.05104369729263e+05 -2.83329496581187e-03 -3.24128944105555e-01 -3.99016943851968e-01 -4.56475383766618e+01 -2.83329496583091e-03 -3.24128944105042e-01 9.19640850537919e+02 1.05206913301538e+05 3.55489510434368e-01 4.06679999936961e+01 -3.99016943851971e-01 -4.56475383766629e+01 3.55489510434372e-01 4.06679999936961e+01 9.13994029791737e+02 1.04560917008175e+05
5.74000000000000e+00 9.12353728935443e+02 1.04738208081789e+05 -2.81358664311843e-03 -3.22999746632673e-01 -3.96241392836024e-01 -4.54885118975791e+01 -2.81358664311041e-03 -3.22999746629723e-01 9.13243853777870e+02 1.04840394413699e+05 3.53016735062219e-01 4.05263211851453e+01 -3.96241392836014e-01 -4.54885118975769e+01 3.53016735062220e-01 4.05263211851420e+01 9.07636312163316e+02 1.04196648636349e+05
5.76000000000000e+00 9.06029415336173e+02 1.04374588646727e+05 -2.79408323812182e-03 -3.21878389033827e-01 -3.93494700681608e-01 -4.53305895185297e+01 -2.79408323814788e-03 -3.21878389036393e-01 9.06913369952658e+02 1.04476420218546e+05 3.50569670434225e-01 4.03856260340200e+01 -3.93494700681623e-01 -4.53305895185279e+01 3.50569670434222e-01 4.03856260340185e+01 9.01344699063971e+02 1.03834909332169e+05
5.78000000000000e+00 8.99770631853549e+02 1.04013485042270e+05 -2.77478192004523e-03 -3.20764789957374e-01 -3.90776468699808e-01 -4.51737597817072e+01 -2.77478192005725e-03 -3.20764789958272e-01 9.00648480177613e+02 1.04114964308532e+05 3.48147961353065e-01 4.02459043324091e+01 -3.90776468699798e-01 -4.51737597817063e+01 3.48147961353064e-01 4.02459043324084e+01 8.95118277251210e+02 1.03475672850240e+05
5.80000000000000e+00 8.93576476296225e+02 1.03654871250362e+05 -2.75567990640779e-03 -3.19658869131846e-01 -3.88086305063146e-01 -4.50180113873199e+01 -2.75567990640077e-03 -3.19658869133257e-01 8.94448281381176e+02 1.03756000640216e+05 3.45751258734337e-01 4.01071460131748e+01 -3.88086305063127e-01 -4.50180113873200e+01 3.45751258734347e-01 4.01071460131757e+01 8.88956149198557e+02 1.03118913307033e+05
5.82000000000000e+00 8.87446061945444e+02 1.03298721610450e+05 -2.73677446285322e-03 -3.18560547476404e-01 -3.85423824663373e-01 -4.48633331907961e+01 -2.73677446283117e-03 -3.18560547474351e-01 8.88311885979477e+02 1.03399503528011e+05 3.43379219480247e-01 3.99693411475052e+01 -3.85423824663361e-01 -4.48633331907953e+01 3.43379219480247e-01 3.99693411475055e+01 8.82857432772125e+02 1.02764605174675e+05
5.84000000000000e+00 8.81378517237717e+02 1.02945010813365e+05 -2.71806290150614e-03 -3.17469746905202e-01 -3.82788648974494e-01 -4.47097142002278e+01 -2.71806290151316e-03 -3.17469746903791e-01 8.82238421558698e+02 1.03045447638056e+05 3.41031506356878e-01 3.98324799424959e+01 -3.82788648974488e-01 -4.47097142002287e+01 3.41031506356879e-01 3.98324799424965e+01 8.76821260914928e+02 1.02412723274864e+05
5.86000000000000e+00 8.75372985455046e+02 1.02593713895331e+05 -2.69954258048899e-03 -3.16386390423473e-01 -3.80180405918361e-01 -4.45571435736214e+01 -2.69954258048698e-03 -3.16386390424114e-01 8.76227030564997e+02 1.02693807982218e+05 3.38707787874690e-01 3.96965527389119e+01 -3.80180405918352e-01 -4.45571435736251e+01 3.38707787874703e-01 3.96965527389125e+01 8.70846781338720e+02 1.02063242772898e+05
5.88000000000000e+00 8.69428624422541e+02 1.02244806232091e+05 -2.68121090238459e-03 -3.15310402125988e-01 -3.77598729732434e-01 -4.44056106165400e+01 -2.68121090239261e-03 -3.15310402126629e-01 8.70276870001828e+02 1.02344559912215e+05 3.36407738171181e-01 3.95615500089371e+01 -3.77598729732448e-01 -4.44056106165390e+01 3.36407738171191e-01 3.95615500089390e+01 8.64933156223156e+02 1.01716139171843e+05
5.90000000000000e+00 8.63544606213164e+02 1.01898263533153e+05 -2.66306531419806e-03 -3.14241707069029e-01 -3.75043260842734e-01 -4.42551047794385e+01 -2.66306531421109e-03 -3.14241707069286e-01 8.64387111134397e+02 1.01997679113859e+05 3.34131036896833e-01 3.94274623538304e+01 -3.75043260842728e-01 -4.42551047794394e+01 3.34131036896829e-01 3.94274623538296e+01 8.59079561922082e+02 1.01371388306806e+05
5.92000000000000e+00 8.57720116859467e+02 1.01554061836161e+05 -2.64510330573522e-03 -3.13180231388796e-01 -3.72513645737481e-01 -4.41056156553101e+01 -2.64510330574123e-03 -3.13180231387770e-01 8.58556939201122e+02 1.01653141601413e+05 3.31877369103443e-01 3.92942805018628e+01 -3.72513645737463e-01 -4.41056156553082e+01 3.31877369103454e-01 3.92942805018627e+01 8.53285188676748e+02 1.01028966339327e+05
5.94000000000000e+00 8.51954356072101e+02 1.01212177501366e+05 -2.62732240882879e-03 -3.12125902169784e-01 -3.70009536845650e-01 -4.39571329772626e+01 -2.62732240882579e-03 -3.12125902168245e-01 8.52785553131862e+02 1.01310923712065e+05 3.29646425135509e-01 3.91619953060963e+01 -3.70009536845648e-01 -4.39571329772622e+01 3.29646425135498e-01 3.91619953060968e+01 8.47549240335782e+02 1.00688849751891e+05
5.96000000000000e+00 8.46246536964927e+02 1.00872587206219e+05 -2.60972019695863e-03 -3.11078647480319e-01 -3.67530592417141e-01 -4.38096466161337e+01 -2.60972019695963e-03 -3.11078647479806e-01 8.47072165272764e+02 1.00971002100514e+05 3.27437900523096e-01 3.90305977423464e+01 -3.67530592417139e-01 -4.38096466161330e+01 3.27437900523101e-01 3.90305977423451e+01 8.41870934081721e+02 1.00351015342541e+05
5.98000000000000e+00 8.40595885786548e+02 1.00535267940071e+05 -2.59229428402794e-03 -3.10038396369096e-01 -3.65076476406714e-01 -4.36631465782462e+01 -2.59229428404397e-03 -3.10038396368326e-01 8.41416001117532e+02 1.00633353733657e+05 3.25251495878963e-01 3.89000789071261e+01 -3.65076476406716e-01 -4.36631465782468e+01 3.25251495878955e-01 3.89000789071277e+01 8.36249500163925e+02 1.00015440219605e+05
6.00000000000000e+00 8.35001641658100e+02 1.00200196998972e+05 -2.57504232349534e-03 -3.09005078820402e-01 -3.62646858359376e-01 -4.35176230031406e+01 -2.57504232350636e-03 -3.09005078821557e-01 8.35816299044961e+02 1.00297955885395e+05 3.23086916796613e-01 3.87704300156020e+01 -3.62646858359389e-01 -4.35176230031394e+01 3.23086916796604e-01 3.87704300156011e+01 8.30684181637732e+02 9.96821017965279e+04
6.02000000000000e+00 8.29463056317120e+02 9.98673519805813e+04 -2.55796200773544e-03 -3.07978625732316e-01 -3.60241413299933e-01 -4.33730661613048e+01 -2.55796200773945e-03 -3.07978625732829e-01 8.30272310062556e+02 9.99647861315317e+04 3.20943873751022e-01 3.86416423996188e+01 -3.60241413299928e-01 -4.33730661613062e+01 3.20943873751025e-01 3.86416423996182e+01 8.25174234109646e+02 9.93509777868013e+04
6.04000000000000e+00 8.23979393867350e+02 9.95367107791758e+04 -2.54105106745355e-03 -3.06958968942356e-01 -3.57859821623222e-01 -4.32294664521024e+01 -2.54105106744052e-03 -3.06958968942997e-01 8.24783297556092e+02 9.96338223447758e+04 3.18822082002063e-01 3.85137075058525e+01 -3.57859821623205e-01 -4.32294664521018e+01 3.18822082002058e-01 3.85137075058512e+01 8.19718925488431e+02 9.90220461990024e+04
6.06000000000000e+00 8.18549930534300e+02 9.92082515807571e+04 -2.52430727062928e-03 -3.05946041199391e-01 -3.55501768989561e-01 -4.30868144015274e+01 -2.52430727062727e-03 -3.05946041201957e-01 8.19348537044941e+02 9.93050426898468e+04 3.16721261499906e-01 3.83866168937871e+01 -3.55501768989564e-01 -4.30868144015279e+01 3.16721261499909e-01 3.83866168937884e+01 8.14317535741951e+02 9.86952853319245e+04
6.08000000000000e+00 8.13173954426444e+02 9.88819528582555e+04 -2.50772842176489e-03 -3.04939776084744e-01 -3.53166946219308e-01 -4.29451006602592e+01 -2.50772842176690e-03 -3.04939776085129e-01 8.13967315943028e+02 9.89784256186721e+04 3.14641136792554e-01 3.82603622339713e+01 -3.53166946219300e-01 -4.29451006602572e+01 3.14641136792562e-01 3.82603622339713e+01 8.08969356659583e+02 9.83706737698053e+04
6.10000000000000e+00 8.07850765301868e+02 9.85577933668278e+04 -2.49131236147839e-03 -3.03940108095320e-01 -3.50855049192845e-01 -4.28043160015185e+01 -2.49131236148340e-03 -3.03940108094294e-01 8.08638933325259e+02 9.86539498656816e+04 3.12581436935760e-01 3.81349353061489e+01 -3.50855049192850e-01 -4.28043160015187e+01 3.12581436935742e-01 3.81349353061502e+01 8.03673691620087e+02 9.80481903776505e+04
6.12000000000000e+00 8.02579674340262e+02 9.82357521392480e+04 -2.47505696546717e-03 -3.02946972569712e-01 -3.48565778750710e-01 -4.26644513190795e+01 -2.47505696547218e-03 -3.02946972572021e-01 8.03362699699286e+02 9.83315944431926e+04 3.10541895404386e-01 3.80103279974889e+01 -3.48565778750694e-01 -4.26644513190800e+01 3.10541895404382e-01 3.80103279974873e+01 7.98429855364764e+02 9.77278142966472e+04
6.14000000000000e+00 7.97360003920094e+02 9.79158084813875e+04 -2.45896014413323e-03 -3.01960305700584e-01 -3.46298840597346e-01 -4.25254976253577e+01 -2.45896014414926e-03 -3.01960305701547e-01 7.98137936782466e+02 9.80113386368868e+04 3.08522250006601e-01 3.78865323008185e+01 -3.46298840597329e-01 -4.25254976253609e+01 3.08522250006605e-01 3.78865323008196e+01 7.93237173775797e+02 9.74095249396678e+04
6.16000000000000e+00 7.92191087400838e+02 9.75979419677833e+04 -2.44301984153978e-03 -3.00980044474246e-01 -3.44053945206345e-01 -4.23874460494324e+01 -2.44301984153578e-03 -3.00980044475015e-01 7.92963977283875e+02 9.76931620013733e+04 3.06522242799298e-01 3.77635403128750e+01 -3.44053945206341e-01 -4.23874460494310e+01 3.06522242799322e-01 3.77635403128780e+01 7.88094983659589e+02 9.70933019868614e+04
6.18000000000000e+00 7.87072268910136e+02 9.72821324372928e+04 -2.42723403511165e-03 -3.00006126750574e-01 -3.41830807727911e-01 -4.22502878351681e+01 -2.42723403511767e-03 -3.00006126751537e-01 7.87840164691260e+02 9.73770443558397e+04 3.04541620006066e-01 3.76413442327507e+01 -3.41830807727907e-01 -4.22502878351683e+01 3.04541620006068e-01 3.76413442327518e+01 7.83002632535036e+02 9.67791253813305e+04
6.20000000000000e+00 7.82002903135742e+02 9.69683599888319e+04 -2.41160073487351e-03 -2.99038491121389e-01 -3.39629147898466e-01 -4.21140143394027e+01 -2.41160073487251e-03 -2.99038491123313e-01 7.82765853062788e+02 9.70629657797856e+04 3.02580131936508e-01 3.75199363601324e+01 -3.39629147898470e-01 -4.21140143394015e+01 3.02580131936511e-01 3.75199363601318e+01 7.77959478426545e+02 9.64669753248916e+04
6.22000000000000e+00 7.76982355122154e+02 9.66566049771960e+04 -2.39611798262306e-03 -2.98077077028407e-01 -3.37448689952523e-01 -4.19786170300906e+01 -2.39611798263810e-03 -2.98077077026611e-01 7.77740406823470e+02 9.67509066088397e+04 3.00637532907485e-01 3.73993090936984e+01 -3.37448689952517e-01 -4.19786170300911e+01 3.00637532907512e-01 3.73993090936978e+01 7.72964889661715e+02 9.61568322739174e+04
6.24000000000000e+00 7.72010000071796e+02 9.63468480089601e+04 -2.38078385142290e-03 -2.97121824651445e-01 -3.35289162536408e-01 -4.18440874845488e+01 -2.38078385141789e-03 -2.97121824651061e-01 7.72763200566157e+02 9.64408474306564e+04 2.98713581166239e-01 3.72794549295465e+01 -3.35289162536403e-01 -4.18440874845485e+01 2.98713581166246e-01 3.72794549295445e+01 7.68018244673549e+02 9.58486769352589e+04
6.26000000000000e+00 7.67085223150636e+02 9.60390699384597e+04 -2.36559644535495e-03 -2.96172674947353e-01 -3.33150298623525e-01 -4.17104173876444e+01 -2.36559644538201e-03 -2.96172674945685e-01 7.67833618856961e+02 9.61327690808916e+04 2.96808038815187e-01 3.71603664596715e+01 -3.33150298623538e-01 -4.17104173876443e+01 2.96808038815171e-01 3.71603664596741e+01 7.63118931807076e+02 9.55424902622459e+04
6.28000000000000e+00 7.62207419298133e+02 9.57332518638456e+04 -2.35055389838144e-03 -2.95229569642762e-01 -3.31031835431922e-01 -4.15775985302444e+01 -2.35055389837292e-03 -2.95229569641800e-01 7.62951056045024e+02 9.58266526392551e+04 2.94920671738562e-01 3.70420363703499e+01 -3.31031835431933e-01 -4.15775985302453e+01 2.94920671738551e-01 3.70420363703499e+01 7.58266349130280e+02 9.52382534507632e+04
6.30000000000000e+00 7.57375993041400e+02 9.54293751232163e+04 -2.33565437436743e-03 -2.94292451158725e-01 -3.28933514343657e-01 -4.14456228072942e+01 -2.33565437436443e-03 -2.94292451158597e-01 7.58114916076493e+02 9.55224794256381e+04 2.93051249530030e-01 3.69244574407899e+01 -3.28933514343667e-01 -4.14456228072924e+01 2.93051249530034e-01 3.69244574407889e+01 7.53459904249228e+02 9.49359479354027e+04
6.32000000000000e+00 7.52590358313471e+02 9.51274212908227e+04 -2.32089606564364e-03 -2.93361262691912e-01 -3.26855080825883e-01 -4.13144822164091e+01 -2.32089606563813e-03 -2.93361262692682e-01 7.53324612312615e+02 9.52202309963146e+04 2.91199545423005e-01 3.68076225414714e+01 -3.26855080825875e-01 -4.13144822164093e+01 2.91199545422980e-01 3.68076225414725e+01 7.48699014127271e+02 9.46355553856871e+04
6.34000000000000e+00 7.47849938275584e+02 9.48273721733441e+04 -2.30627719344537e-03 -2.92435948133540e-01 -3.24796284353795e-01 -4.11841688560697e+01 -2.30627719345940e-03 -2.92435948134566e-01 7.48579567351845e+02 9.49198891402139e+04 2.89365336221604e-01 3.66915246329158e+01 -3.24796284353792e-01 -4.11841688560688e+01 2.89365336221597e-01 3.66915246329156e+01 7.43983104908254e+02 9.43370577023665e+04
6.36000000000000e+00 7.43154165143361e+02 9.45292098062355e+04 -2.29179600686920e-03 -2.91516452075849e-01 -3.22756878334760e-01 -4.10546749241828e+01 -2.29179600689727e-03 -2.91516452077516e-01 7.43879212855852e+02 9.46214358752643e+04 2.87548402232984e-01 3.65761567640478e+01 -3.22756878334761e-01 -4.10546749241831e+01 2.87548402232966e-01 3.65761567640474e+01 7.39311611743580e+02 9.40404370137833e+04
6.38000000000000e+00 7.38502480016797e+02 9.42329164501433e+04 -2.27745078229072e-03 -2.90602719807482e-01 -3.20736620034557e-01 -4.09259927164106e+01 -2.27745078228972e-03 -2.90602719808829e-01 7.39222989379349e+02 9.43248534448049e+04 2.85748527202371e-01 3.64615120710192e+01 -3.20736620034537e-01 -4.09259927164107e+01 2.85748527202376e-01 3.64615120710207e+01 7.34683978623095e+02 9.37456756723069e+04
6.40000000000000e+00 7.33894332713964e+02 9.39384745873874e+04 -2.26323982300968e-03 -2.89694697345239e-01 -3.18735270505654e-01 -4.07981146247237e+01 -2.26323982301670e-03 -2.89694697346137e-01 7.34610346203630e+02 9.40301243140647e+04 2.83965498247674e-01 3.63475837757023e+01 -3.18735270505640e-01 -4.07981146247219e+01 2.83965498247662e-01 3.63475837757007e+01 7.30099658209642e+02 9.34527562508341e+04
6.42000000000000e+00 7.29329181608334e+02 9.36458669185101e+04 -2.24916145872735e-03 -2.88792331299952e-01 -3.16752594515737e-01 -4.06710331358212e+01 -2.24916145872083e-03 -2.88792331298156e-01 7.30040741173739e+02 9.37372311667080e+04 2.82199105797931e-01 3.62343651844403e+01 -3.16752594515751e-01 -4.06710331358187e+01 2.82199105797920e-01 3.62343651844400e+01 7.25558111677227e+02 9.31616615393560e+04
6.44000000000000e+00 7.24806493469631e+02 9.33550763588884e+04 -2.23521404500029e-03 -2.87895569009455e-01 -3.14788360479504e-01 -4.05447408297595e+01 -2.23521404499628e-03 -2.87895569008429e-01 7.25513640539158e+02 9.34461569014436e+04 2.80449143530090e-01 3.61218496866818e+01 -3.14788360479494e-01 -4.05447408297607e+01 2.80449143530077e-01 3.61218496866833e+01 7.21058808552695e+02 9.28723745415872e+04
6.46000000000000e+00 7.20325743308128e+02 9.30660860354101e+04 -2.22139596282896e-03 -2.87004358396374e-01 -3.12842340390379e-01 -4.04192303784427e+01 -2.22139596283097e-03 -2.87004358396118e-01 7.21028518797966e+02 9.31568846286973e+04 2.78715408310519e-01 3.60100307537308e+01 -3.12842340390375e-01 -4.04192303784409e+01 2.78715408310524e-01 3.60100307537312e+01 7.16601226560833e+02 9.25848784716596e+04
6.48000000000000e+00 7.15886414222303e+02 9.27788792832105e+04 -2.20770561813802e-03 -2.86118648107903e-01 -3.10914309754412e-01 -4.02944945441717e+01 -2.20770561814002e-03 -2.86118648107710e-01 7.16584858544330e+02 9.28693976673452e+04 2.76997700134372e-01 3.58989019374091e+01 -3.10914309754406e-01 -4.02944945441742e+01 2.76997700134371e-01 3.58989019374091e+01 7.12184851472807e+02 9.22991567508759e+04
6.50000000000000e+00 7.11487997249766e+02 9.24934396424697e+04 -2.19414144138646e-03 -2.85238387380966e-01 -3.09004047525886e-01 -4.01705261783583e+01 -2.19414144138596e-03 -2.85238387378913e-01 7.12182150319300e+02 9.25836795415089e+04 2.75295822069010e-01 3.57884568689857e+01 -3.09004047525888e-01 -4.01705261783590e+01 2.75295822069020e-01 3.57884568689830e+01 7.07809176957871e+02 9.20151930045233e+04
6.52000000000000e+00 7.07129991221388e+02 9.22097508552690e+04 -2.18070188694775e-03 -2.84363526063904e-01 -3.07111336043597e-01 -4.00473182200781e+01 -2.18070188694825e-03 -2.84363526063583e-01 7.07819892464786e+02 9.22997139774081e+04 2.73609580197427e-01 3.56786892577367e+01 -3.07111336043592e-01 -4.00473182200783e+01 2.73609580197409e-01 3.56786892577370e+01 7.03473704438240e+02 9.17329710587465e+04
6.54000000000000e+00 7.02811902618542e+02 9.19277968625053e+04 -2.16738543305970e-03 -2.83494014638154e-01 -3.05235960969049e-01 -3.99248636947457e+01 -2.16738543304717e-03 -2.83494014638731e-01 7.03497590980668e+02 9.20174849002714e+04 2.71938783562302e-01 3.55695928899431e+01 -3.05235960969047e-01 -3.99248636947465e+01 2.71938783562295e-01 3.55695928899431e+01 6.99177942947075e+02 9.14524749374773e+04
6.56000000000000e+00 6.98533245433386e+02 9.16475618008603e+04 -2.15419058077310e-03 -2.82629804188291e-01 -3.03377711225790e-01 -3.98031557128341e+01 -2.15419058078011e-03 -2.82629804186624e-01 6.99214759384939e+02 9.17369764313041e+04 2.70283244113091e-01 3.54611616276208e+01 -3.03377711225806e-01 -3.98031557128324e+01 2.70283244113103e-01 3.54611616276220e+01 6.94921408989487e+02 9.11736888594207e+04
6.58000000000000e+00 6.94293541032123e+02 9.13690299998273e+04 -2.14111585398132e-03 -2.81770846398249e-01 -3.01536378940008e-01 -3.96821874685035e+01 -2.14111585397179e-03 -2.81770846397800e-01 6.94970918576827e+02 9.14581728847105e+04 2.68642776651853e-01 3.53533894073959e+01 -3.01536378940015e-01 -3.96821874685044e+01 2.68642776651851e-01 3.53533894073933e+01 6.90703626406501e+02 9.08965972350956e+04
6.60000000000000e+00 6.90092318021137e+02 9.10921859787900e+04 -2.12815979926393e-03 -2.80917093481268e-01 -2.99711759382162e-01 -3.95619522384465e+01 -2.12815979925090e-03 -2.80917093482102e-01 6.90765596702811e+02 9.11810587647710e+04 2.67017198782777e-01 3.52462702393136e+01 -2.99711759382176e-01 -3.95619522384464e+01 2.67017198782766e-01 3.52462702393121e+01 6.86524126241893e+02 9.06211846639299e+04
6.62000000000000e+00 6.85929112115978e+02 9.08170144441555e+04 -2.11532098444801e-03 -2.80068498332438e-01 -2.97903650910329e-01 -3.94424433805436e+01 -2.11532098444851e-03 -2.80068498333272e-01 6.86598329025466e+02 9.09056187629717e+04 2.65406330860096e-01 3.51397982058877e+01 -2.97903650910342e-01 -3.94424433805438e+01 2.65406330860097e-01 3.51397982058873e+01 6.82382446611840e+02 9.03474359314076e+04
6.64000000000000e+00 6.81803466013090e+02 9.05435002865383e+04 -2.10259799947906e-03 -2.79225014316503e-01 -2.96111854914822e-01 -3.93236543326800e+01 -2.10259799946804e-03 -2.79225014317786e-01 6.82468657795074e+02 9.06318377551859e+04 2.63809995939625e-01 3.50339674607849e+01 -2.96111854914821e-01 -3.93236543326780e+01 2.63809995939630e-01 3.50339674607843e+01 6.78278132577320e+02 9.00753360062681e+04
6.66000000000000e+00 6.77714929264233e+02 9.02716285779958e+04 -2.08998945515171e-03 -2.78386595436500e-01 -2.94336175762348e-01 -3.92055786115429e+01 -2.08998945514720e-03 -2.78386595435409e-01 6.78376132123923e+02 9.03597007989066e+04 2.62228019729744e-01 3.49287722279991e+01 -2.94336175762353e-01 -3.92055786115429e+01 2.62228019729753e-01 3.49287722280004e+01 6.74210736019181e+02 8.98048700377550e+04
6.68000000000000e+00 6.73663058153536e+02 9.00013845693124e+04 -2.07749398324248e-03 -2.77553196156782e-01 -2.92576420744545e-01 -3.90882098114796e+01 -2.07749398323246e-03 -2.77553196154986e-01 6.74320307863238e+02 9.00891931305286e+04 2.60660230543366e-01 3.48242068005785e+01 -2.92576420744556e-01 -3.90882098114794e+01 2.60660230543361e-01 3.48242068005794e+01 6.70179815515832e+02 8.95360233529152e+04
6.70000000000000e+00 6.69647415577117e+02 8.97327536873337e+04 -2.06511023555566e-03 -2.76724771572365e-01 -2.90832400024223e-01 -3.89715416032396e+01 -2.06511023555416e-03 -2.76724771571467e-01 6.70300747482680e+02 8.98203001626790e+04 2.59106459252051e-01 3.47202655397720e+01 -2.90832400024236e-01 -3.89715416032391e+01 2.59106459252053e-01 3.47202655397732e+01 6.66184936223477e+02 8.92687814539459e+04
6.72000000000000e+00 6.65667570925198e+02 8.94657215323465e+04 -2.05283688437783e-03 -2.75901277257475e-01 -2.89103926584360e-01 -3.88555677329469e+01 -2.05283688437332e-03 -2.75901277256448e-01 6.66317019952352e+02 8.95530074815962e+04 2.57566539240218e-01 3.46169428738734e+01 -2.89103926584356e-01 -3.88555677329448e+01 2.57566539240223e-01 3.46169428738734e+01 6.62225669758850e+02 8.90031300155895e+04
6.74000000000000e+00 6.61723099966668e+02 8.92002738755069e+04 -2.04067262124208e-03 -2.75082669346248e-01 -2.87390816178844e-01 -3.87402820209010e+01 -2.04067262124909e-03 -2.75082669347082e-01 6.62368700627254e+02 8.92873008445538e+04 2.56040306360099e-01 3.45142332973460e+01 -2.87390816178834e-01 -3.87402820209010e+01 2.56040306360117e-01 3.45142332973468e+01 6.58301594084372e+02 8.87390548825734e+04
6.76000000000000e+00 6.57813584736046e+02 8.89363966563134e+04 -2.02861615736401e-03 -2.74268904466211e-01 -2.85692887282189e-01 -3.86256783605604e+01 -2.02861615735950e-03 -2.74268904466596e-01 6.58455371134116e+02 8.90231661773324e+04 2.54527598888619e-01 3.44121313697476e+01 -2.85692887282197e-01 -3.86256783605610e+01 2.54527598888624e-01 3.44121313697475e+01 6.54412293395692e+02 8.84765420670975e+04
6.78000000000000e+00 6.53938613422747e+02 8.86740759801244e+04 -2.01666622263346e-03 -2.73459939782156e-01 -2.84009961042391e-01 -3.85117507173603e+01 -2.01666622262895e-03 -2.73459939784401e-01 6.54576619260580e+02 8.87605895717347e+04 2.53028257484140e-01 3.43106317148305e+01 -2.84009961042379e-01 -3.85117507173594e+01 2.53028257484119e-01 3.43106317148306e+01 6.50557358011534e+02 8.82155777463641e+04
6.80000000000000e+00 6.50097780262654e+02 8.84132981157209e+04 -2.00482156563957e-03 -2.72655732926993e-01 -2.82341861233406e-01 -3.83984931277482e+01 -2.00482156563706e-03 -2.72655732927635e-01 6.50732038846650e+02 8.84995572831444e+04 2.51542125143993e-01 3.42097290195953e+01 -2.82341861233406e-01 -3.83984931277474e+01 2.51542125143984e-01 3.42097290195944e+01 6.46736384265826e+02 8.79561482601523e+04
6.82000000000000e+00 6.46290685431888e+02 8.81540494929096e+04 -1.99308095375898e-03 -2.71856242079685e-01 -2.80688414208841e-01 -3.82858996980851e+01 -1.99308095375797e-03 -2.71856242079236e-01 6.46921229678366e+02 8.82400557281291e+04 2.50069047164913e-01 3.41094180332950e+01 -2.80688414208838e-01 -3.82858996980835e+01 2.50069047164900e-01 3.41094180332971e+01 6.42948974402019e+02 8.76982401084353e+04
6.84000000000000e+00 6.42516934942769e+02 8.78963167001707e+04 -1.98144317146654e-03 -2.71061425855818e-01 -2.79049448857475e-01 -3.81739646036924e+01 -1.98144317146504e-03 -2.71061425854855e-01 6.43143797383655e+02 8.79820714820840e+04 2.48608871101272e-01 3.40096935666680e+01 -2.79049448857483e-01 -3.81739646036929e+01 2.48608871101248e-01 3.40096935666688e+01 6.39194736469582e+02 8.74418399490388e+04
6.86000000000000e+00 6.38776140541874e+02 8.76400864823452e+04 -1.96990702184872e-03 -2.70271243387204e-01 -2.77424796557795e-01 -3.80626820877462e+01 -1.96990702183770e-03 -2.70271243388167e-01 6.39399353330306e+02 8.77255912769180e+04 2.47161446726201e-01 3.39105504908355e+01 -2.77424796557789e-01 -3.80626820877460e+01 2.47161446726200e-01 3.39105504908345e+01 6.35473284222601e+02 8.71869345953409e+04
6.88000000000000e+00 6.35067919610193e+02 8.73853457383626e+04 -1.95847132471737e-03 -2.69485654273905e-01 -2.75814291136292e-01 -3.79520464603501e+01 -1.95847132472488e-03 -2.69485654274546e-01 6.35687514526008e+02 8.74706019987787e+04 2.45726625993049e-01 3.38119837366641e+01 -2.75814291136279e-01 -3.79520464603491e+01 2.45726625993056e-01 3.38119837366640e+01 6.31784237020431e+02 8.69335110140114e+04
6.90000000000000e+00 6.31391895065282e+02 8.71320815190089e+04 -1.94713491733784e-03 -2.68704618596797e-01 -2.74217768823026e-01 -3.78420520975783e+01 -1.94713491733383e-03 -2.68704618596412e-01 6.32007903520425e+02 8.72170906858185e+04 2.44304262997571e-01 3.37139882936690e+01 -2.74217768823020e-01 -3.78420520975792e+01 2.44304262997577e-01 3.37139882936669e+01 6.28127219730374e+02 8.66815563227917e+04
6.92000000000000e+00 6.27747695265411e+02 8.68802810247329e+04 -1.93589665357662e-03 -2.67928096847853e-01 -2.72635068211708e-01 -3.77326934405118e+01 -1.93589665358063e-03 -2.67928096846827e-01 6.28360148309236e+02 8.69650445259984e+04 2.42894213940353e-01 3.36165592093603e+01 -2.72635068211707e-01 -3.77326934405103e+01 2.42894213940350e-01 3.36165592093614e+01 6.24501862632311e+02 8.64310577883118e+04
6.94000000000000e+00 6.24134953915633e+02 8.66299316034898e+04 -1.92475540372539e-03 -2.67156050038096e-01 -2.71066030218060e-01 -3.76239649942641e+01 -1.92475540372890e-03 -2.67156050038417e-01 6.24743882240127e+02 8.67144508549297e+04 2.41496337091377e-01 3.35196915882696e+01 -2.71066030218052e-01 -3.76239649942641e+01 2.41496337091381e-01 3.35196915882695e+01 6.20907801325257e+02 8.61820028239456e+04
6.96000000000000e+00 6.20553309975740e+02 8.63810207486230e+04 -1.91371005445145e-03 -2.66388439582842e-01 -2.69510498039730e-01 -3.75158613271247e+01 -1.91371005446047e-03 -2.66388439581559e-01 6.21158743920646e+02 8.64652971537540e+04 2.40110492752921e-01 3.34233805912054e+01 -2.69510498039720e-01 -3.75158613271250e+01 2.40110492752909e-01 3.34233805912060e+01 6.17344676635802e+02 8.59343789877037e+04
6.98000000000000e+00 6.17002407570070e+02 8.61335360967817e+04 -1.90275950834719e-03 -2.65625227367964e-01 -2.67968317117473e-01 -3.74083770695997e+01 -1.90275950834819e-03 -2.65625227368157e-01 6.17604377127925e+02 8.62175710470584e+04 2.38736543226563e-01 3.33276214344100e+01 -2.67968317117475e-01 -3.74083770696002e+01 2.38736543226582e-01 3.33276214344101e+01 6.13812134528373e+02 8.56881739801609e+04
7.00000000000000e+00 6.13481895899102e+02 8.58874654258743e+04 -1.89190268352921e-03 -2.64866375706467e-01 -2.66439335096925e-01 -3.73015069135603e+01 -1.89190268353071e-03 -2.64866375706274e-01 6.14080430720192e+02 8.59712603008269e+04 2.37374352777306e-01 3.32324093888281e+01 -2.66439335096938e-01 -3.73015069135613e+01 2.37374352777295e-01 3.32324093888271e+01 6.10309826017294e+02 8.54433756424212e+04
7.02000000000000e+00 6.09991429152825e+02 8.56427966530566e+04 -1.88113851358317e-03 -2.64111847293006e-01 -2.64923401790133e-01 -3.71952456113399e+01 -1.88113851358368e-03 -2.64111847291980e-01 6.10586558550049e+02 8.57263528204269e+04 2.36023787601171e-01 3.31377397792127e+01 -2.64923401790138e-01 -3.71952456113410e+01 2.36023787601148e-01 3.31377397792127e+01 6.06837407080599e+02 8.51999719541161e+04
7.04000000000000e+00 6.06530666425815e+02 8.53995178327548e+04 -1.87046594715493e-03 -2.63361605361814e-01 -2.63420369139836e-01 -3.70895879748982e+01 -1.87046594718500e-03 -2.63361605361685e-01 6.07122419379474e+02 8.54828366486299e+04 2.34684715791698e-01 3.30436079834752e+01 -2.63420369139853e-01 -3.70895879748978e+01 2.34684715791698e-01 3.30436079834766e+01 6.03394538575551e+02 8.49579510314375e+04
7.06000000000000e+00 6.03099271634005e+02 8.51576171547214e+04 -1.85988394777009e-03 -2.62615613433841e-01 -2.61930091182341e-01 -3.69845288749470e+01 -1.85988394778061e-03 -2.62615613433457e-01 6.03687676796504e+02 8.52406999636663e+04 2.33357007307873e-01 3.29500094318827e+01 -2.61930091182349e-01 -3.69845288749498e+01 2.33357007307863e-01 3.29500094318827e+01 5.99980886155837e+02 8.47173011252042e+04
7.08000000000000e+00 5.99696913433085e+02 8.49170829421248e+04 -1.84939149373026e-03 -2.61873835514324e-01 -2.60452424012605e-01 -3.68800632401911e+01 -1.84939149373728e-03 -2.61873835515158e-01 6.00281999133558e+02 8.49999310773117e+04 2.32040533942986e-01 3.28569396063217e+01 -2.60452424012607e-01 -3.68800632401920e+01 2.32040533942974e-01 3.28569396063207e+01 5.96596120190398e+02 8.44780106189604e+04
7.10000000000000e+00 5.96323265138522e+02 8.46779036496702e+04 -1.83898757752381e-03 -2.61136236007724e-01 -2.58987225749219e-01 -3.67761860563955e+01 -1.83898757751980e-03 -2.61136236007660e-01 5.96905059387378e+02 8.47605184330077e+04 2.30735169292739e-01 3.27643940395697e+01 -2.58987225749210e-01 -3.67761860563958e+01 2.30735169292735e-01 3.27643940395686e+01 5.93239915683857e+02 8.42400680271077e+04
7.12000000000000e+00 5.92978004647143e+02 8.44400678617532e+04 -1.82867120574309e-03 -2.60402779695476e-01 -2.57534356500789e-01 -3.66728923657201e+01 -1.82867120573608e-03 -2.60402779695925e-01 5.93556535140535e+02 8.45224506040122e+04 2.29440788726159e-01 3.26723683146065e+01 -2.57534356500799e-01 -3.66728923657215e+01 2.29440788726159e-01 3.26723683146062e+01 5.89911952198506e+02 8.40034619930673e+04
7.14000000000000e+00 5.89660814360251e+02 8.42035642906439e+04 -1.81844139909855e-03 -2.59673431777035e-01 -2.56093678331968e-01 -3.65701772657932e+01 -1.81844139909905e-03 -2.59673431776265e-01 5.90236108484472e+02 8.42857162915826e+04 2.28157269354832e-01 3.25808580638524e+01 -2.56093678331965e-01 -3.65701772657927e+01 2.28157269354820e-01 3.25808580638524e+01 5.86611913777825e+02 8.37681812874735e+04
7.16000000000000e+00 5.86371381108248e+02 8.39683817747011e+04 -1.80829719159231e-03 -2.58948157848713e-01 -2.54665055230917e-01 -3.64680359090713e+01 -1.80829719159782e-03 -2.58948157849739e-01 5.86943465944051e+02 8.40503043231881e+04 2.26884490003990e-01 3.24898589685659e+01 -2.54665055230932e-01 -3.64680359090709e+01 2.26884490003988e-01 3.24898589685644e+01 5.83339488871490e+02 8.35342148063974e+04
7.18000000000000e+00 5.83109396076721e+02 8.37345092766171e+04 -1.79823763117371e-03 -2.58226923849987e-01 -2.53248353077707e-01 -3.63664635019597e+01 -1.79823763116469e-03 -2.58226923850051e-01 5.83678298403570e+02 8.38162036507526e+04 2.25622331184261e-01 3.23993667580775e+01 -2.53248353077702e-01 -3.63664635019612e+01 2.25622331184256e-01 3.23993667580760e+01 5.80094370261846e+02 8.33015515696011e+04
7.20000000000000e+00 5.79874554733968e+02 8.35019358816914e+04 -1.78826177843933e-03 -2.57509696101926e-01 -2.51843439612020e-01 -3.62654553041293e+01 -1.78826177844735e-03 -2.57509696101798e-01 5.80440301034213e+02 8.35834033489267e+04 2.24370675063411e-01 3.23093772091302e+01 -2.51843439612022e-01 -3.62654553041292e+01 2.24370675063394e-01 3.23093772091297e+01 5.76876254991801e+02 8.30701807188194e+04
7.22000000000000e+00 5.76666556759921e+02 8.32706507961325e+04 -1.77836870742280e-03 -2.56796441340604e-01 -2.50450184402754e-01 -3.61650066277623e+01 -1.77836870742881e-03 -2.56796441341053e-01 5.77229173222910e+02 8.33518926133882e+04 2.23129405438517e-01 3.22198861453080e+01 -2.50450184402740e-01 -3.61650066277624e+01 2.23129405438512e-01 3.22198861453087e+01 5.73684844294122e+02 8.28400915160712e+04
7.24000000000000e+00 5.73485105976443e+02 8.30406433453890e+04 -1.76855750468524e-03 -2.56087126679388e-01 -2.49068458817950e-01 -3.60651128368426e+01 -1.76855750468725e-03 -2.56087126680222e-01 5.74044618502563e+02 8.31216607591711e+04 2.21898407709446e-01 3.21308894363310e+01 -2.49068458817939e-01 -3.60651128368428e+01 2.21898407709437e-01 3.21308894363317e+01 5.70519843522093e+02 8.26112733419991e+04
7.26000000000000e+00 5.70329910278974e+02 8.28119029725071e+04 -1.75882726941754e-03 -2.55381719517274e-01 -2.47698135994538e-01 -3.59657693464039e+01 -1.75882726942706e-03 -2.55381719517467e-01 5.70886344483623e+02 8.28926972190220e+04 2.20677568852471e-01 3.20423829973799e+01 -2.47698135994531e-01 -3.59657693464029e+01 2.20677568852464e-01 3.20423829973803e+01 5.67380962081508e+02 8.23837156942349e+04
7.28000000000000e+00 5.67200681569478e+02 8.25844192365160e+04 -1.74917711306442e-03 -2.54680187656978e-01 -2.46339090809503e-01 -3.58669716218673e+01 -1.74917711305741e-03 -2.54680187658710e-01 5.67754062786975e+02 8.26649915417836e+04 2.19466777393819e-01 3.19543627885364e+01 -2.46339090809479e-01 -3.58669716218680e+01 2.19466777393816e-01 3.19543627885351e+01 5.64267913363970e+02 8.21574081857941e+04
7.30000000000000e+00 5.64097135690684e+02 8.23581818108398e+04 -1.73960615941175e-03 -2.53982499278314e-01 -2.44991199851491e-01 -3.57687151783226e+01 -1.73960615940624e-03 -2.53982499277865e-01 5.64647488978115e+02 8.24385333908048e+04 2.18265923384631e-01 3.18668248141375e+01 -2.44991199851488e-01 -3.57687151783249e+01 2.18265923384653e-01 3.18668248141386e+01 5.61180414681474e+02 8.19323405434952e+04
7.32000000000000e+00 5.61018992361575e+02 8.21331804817345e+04 -1.73011354415148e-03 -2.53288622858016e-01 -2.43654341392552e-01 -3.56709955798695e+01 -1.73011354414697e-03 -2.53288622857375e-01 5.61566342502574e+02 8.22133125423769e+04 2.17074898375819e-01 3.17797651222005e+01 -2.43654341392547e-01 -3.56709955798696e+01 2.17074898375794e-01 3.17797651222018e+01 5.58118187202224e+02 8.17085026064056e+04
7.34000000000000e+00 5.57965975114114e+02 8.19094051467520e+04 -1.72069841458901e-03 -2.52598527259988e-01 -2.42328395360766e-01 -3.55738084389516e+01 -1.72069841458901e-03 -2.52598527260629e-01 5.58510346622583e+02 8.19893188841952e+04 2.15893595393565e-01 3.16931798037552e+01 -2.42328395360775e-01 -3.55738084389516e+01 2.15893595393562e-01 3.16931798037560e+01 5.55080955887689e+02 8.14858843243126e+04
7.36000000000000e+00 5.54937811231164e+02 8.16868458132274e+04 -1.71135992969886e-03 -2.51912181664680e-01 -2.41013243313183e-01 -3.54771494157126e+01 -1.71135992971991e-03 -2.51912181663846e-01 5.55479228354932e+02 8.17665424138460e+04 2.14721908915689e-01 3.16070649923956e+01 -2.41013243313177e-01 -3.54771494157116e+01 2.14721908915680e-01 3.16070649923937e+01 5.52068449430841e+02 8.12644757562198e+04
7.38000000000000e+00 5.51934231685588e+02 8.14654925967928e+04 -1.70209726000183e-03 -2.51229555577687e-01 -2.39708768409602e-01 -3.53810142172461e+01 -1.70209726000584e-03 -2.51229555577687e-01 5.52472718410010e+02 8.15449732373175e+04 2.13559734847599e-01 3.15214168635182e+01 -2.39708768409605e-01 -3.53810142172470e+01 2.13559734847599e-01 3.15214168635197e+01 5.49080400195577e+02 8.10442670688671e+04
7.40000000000000e+00 5.48954971080498e+02 8.12453357199137e+04 -1.69290958688302e-03 -2.50550618859571e-01 -2.38414855386169e-01 -3.52853985971479e+01 -1.69290958688252e-03 -2.50550618859122e-01 5.49490551132001e+02 8.13246015675361e+04 2.12406970499415e-01 3.14362316339067e+01 -2.38414855386169e-01 -3.52853985971482e+01 2.12406970499423e-01 3.14362316339089e+01 5.46116544157269e+02 8.08252485352758e+04
7.42000000000000e+00 5.45999767590630e+02 8.10263655104496e+04 -1.68379610292306e-03 -2.49875341672692e-01 -2.37131390530582e-01 -3.51902983547510e+01 -1.68379610292707e-03 -2.49875341674167e-01 5.46532464440194e+02 8.11054177229247e+04 2.11263514562948e-01 3.13515055611554e+01 -2.37131390530578e-01 -3.51902983547536e+01 2.11263514562954e-01 3.13515055611553e+01 5.43176620844450e+02 8.06074105333163e+04
7.44000000000000e+00 5.43068362904825e+02 8.08085724002379e+04 -1.67475601153277e-03 -2.49203694521098e-01 -2.35858261656522e-01 -3.50957093344846e+01 -1.67475601153628e-03 -2.49203694520200e-01 5.43598199771411e+02 8.08874121259859e+04 2.10129267090177e-01 3.12672349430267e+01 -2.35858261656527e-01 -3.50957093344850e+01 2.10129267090174e-01 3.12672349430267e+01 5.40260373281580e+02 8.03907435442991e+04
7.46000000000000e+00 5.40160502169575e+02 8.05919469237006e+04 -1.66578852682793e-03 -2.48535648208902e-01 -2.34595358079458e-01 -3.50016274254366e+01 -1.66578852682692e-03 -2.48535648209607e-01 5.40687502023502e+02 8.06705753019065e+04 2.09004129470661e-01 3.11834161170197e+01 -2.34595358079456e-01 -3.50016274254371e+01 2.09004129470669e-01 3.11834161170184e+01 5.37367547932901e+02 8.01752381515888e+04
7.48000000000000e+00 5.37275933933643e+02 8.03764797164730e+04 -1.65689287332653e-03 -2.47871173850606e-01 -2.33342570592165e-01 -3.49080485605879e+01 -1.65689287333756e-03 -2.47871173849708e-01 5.37800119499904e+02 8.04548978771857e+04 2.07888004410381e-01 3.11000454597956e+01 -2.33342570592166e-01 -3.49080485605874e+01 2.07888004410381e-01 3.11000454597953e+01 5.34497894647327e+02 7.99608850392402e+04
7.50000000000000e+00 5.34414410093698e+02 8.01621615140547e+04 -1.64806828590025e-03 -2.47210242881559e-01 -2.32099791441868e-01 -3.48149687162866e+01 -1.64806828590175e-03 -2.47210242881943e-01 5.34935803855228e+02 8.02403705782842e+04 2.06780795910770e-01 3.10171193866263e+01 -2.32099791441861e-01 -3.48149687162842e+01 2.06780795910781e-01 3.10171193866262e+01 5.31651166604373e+02 7.97476749906559e+04
7.52000000000000e+00 5.31575685840970e+02 7.99489831504818e+04 -1.63931400956191e-03 -2.46552827041339e-01 -2.30866914306517e-01 -3.47223839117061e+01 -1.63931400956291e-03 -2.46552827041339e-01 5.32094310041859e+02 8.00269842302954e+04 2.05682409248200e-01 3.09346343509266e+01 -2.30866914306517e-01 -3.47223839117074e+01 2.05682409248205e-01 3.09346343509257e+01 5.28827120261073e+02 7.95355988872654e+04
7.54000000000000e+00 5.28759519608889e+02 7.97369355570205e+04 -1.63062929941539e-03 -2.45898898340340e-01 -2.29643834272021e-01 -3.46302902082135e+01 -1.63062929941790e-03 -2.45898898339442e-01 5.29275396257547e+02 7.98147297556381e+04 2.04592750953301e-01 3.08525868437465e+01 -2.29643834272026e-01 -3.46302902082139e+01 2.04592750953301e-01 3.08525868437482e+01 5.26025515299907e+02 7.93246477072260e+04
7.56000000000000e+00 5.25965673021703e+02 7.95260097608815e+04 -1.62201342020313e-03 -2.45248429138023e-01 -2.28430447810220e-01 -3.45386837089081e+01 -1.62201342019561e-03 -2.45248429137702e-01 5.26478823893971e+02 7.96035981727684e+04 2.03511728791332e-01 3.07709733932514e+01 -2.28430447810216e-01 -3.45386837089077e+01 2.03511728791328e-01 3.07709733932509e+01 5.23246114577665e+02 7.91148125241429e+04
7.58000000000000e+00 5.23193910844025e+02 7.93161968839542e+04 -1.61346564674358e-03 -2.44601392049332e-01 -2.27226652756748e-01 -3.44475605579227e+01 -1.61346564673757e-03 -2.44601392048050e-01 5.23704357486242e+02 7.93935805949142e+04 2.02439251742950e-01 3.06897905642334e+01 -2.27226652756751e-01 -3.44475605579217e+01 2.02439251742950e-01 3.06897905642321e+01 5.20488684075269e+02 7.89060845058108e+04
7.60000000000000e+00 5.20444000931327e+02 7.91074881415616e+04 -1.60498526293851e-03 -2.43957759970225e-01 -2.26032348289774e-01 -3.43569169400379e+01 -1.60498526293700e-03 -2.43957759971187e-01 5.20951764663340e+02 7.91846682288277e+04 2.01375229984456e-01 3.06090349576321e+01 -2.26032348289772e-01 -3.43569169400382e+01 2.01375229984454e-01 3.06090349576306e+01 5.17752992848517e+02 7.86984549129745e+04
7.62000000000000e+00 5.17715714181328e+02 7.88998748412344e+04 -1.59657156234173e-03 -2.43317506086906e-01 -2.24847434908453e-01 -3.42667490800500e+01 -1.59657156233422e-03 -2.43317506087034e-01 5.18220816099468e+02 7.89768523735589e+04 2.00319574869245e-01 3.05287032100546e+01 -2.24847434908450e-01 -3.42667490800509e+01 2.00319574869239e-01 3.05287032100556e+01 5.15038812979726e+02 7.84919150981103e+04
7.64000000000000e+00 5.15008824486283e+02 7.86933483815040e+04 -1.58822384758239e-03 -2.42680603902128e-01 -2.23671814412835e-01 -3.41770532422793e+01 -1.58822384758289e-03 -2.42680603900589e-01 5.15511285466279e+02 7.87701244192475e+04 1.99272198909613e-01 3.04487919933944e+01 -2.23671814412831e-01 -3.41770532422771e+01 1.99272198909614e-01 3.04487919933957e+01 5.12345919530263e+02 7.82864565042242e+04
7.66000000000000e+00 5.12323108686133e+02 7.84879002507155e+04 -1.57994143047412e-03 -2.42047027143788e-01 -2.22505389882901e-01 -3.40878257300671e+01 -1.57994143048415e-03 -2.42047027142441e-01 5.12822949385993e+02 7.85644758459340e+04 1.98233015758415e-01 3.03692980141812e+01 -2.22505389882903e-01 -3.40878257300657e+01 1.98233015758399e-01 3.03692980141819e+01 5.09674090493940e+02 7.80820706636716e+04
7.68000000000000e+00 5.09658346522513e+02 7.82835220258580e+04 -1.57172363184624e-03 -2.41416749846387e-01 -2.21348065658979e-01 -3.39990628852090e+01 -1.57172363183372e-03 -2.41416749848247e-01 5.10155587385351e+02 7.83598982223900e+04 1.97201940191042e-01 3.02902180133394e+01 -2.21348065658967e-01 -3.39990628852098e+01 1.97201940191048e-01 3.02902180133381e+01 5.07023106751261e+02 7.78787491969937e+04
7.70000000000000e+00 5.07014320593596e+02 7.80802053714137e+04 -1.56356978116436e-03 -2.40789746296832e-01 -2.20199747321932e-01 -3.39107610875736e+01 -1.56356978117588e-03 -2.40789746298115e-01 5.07508981850423e+02 7.81563832049651e+04 1.96178888088288e-01 3.02115487655967e+01 -2.20199747321931e-01 -3.39107610875732e+01 1.96178888088284e-01 3.02115487655976e+01 5.04392752024496e+02 7.76764838117725e+04
7.72000000000000e+00 5.04390816309750e+02 7.78779420382253e+04 -1.55547921680350e-03 -2.40165991067144e-01 -2.19060341674084e-01 -3.38229167544824e+01 -1.55547921680300e-03 -2.40165991065284e-01 5.04882917982215e+02 7.79539225364540e+04 1.95163776419009e-01 3.01332870790892e+01 -2.19060341674083e-01 -3.38229167544834e+01 1.95163776419004e-01 3.01332870790876e+01 5.01782812833572e+02 7.74752663015036e+04
7.74000000000000e+00 5.01787621850001e+02 7.76767238623802e+04 -1.54745128537710e-03 -2.39545458969309e-01 -2.17929756720310e-01 -3.37355263402996e+01 -1.54745128537910e-03 -2.39545458969181e-01 5.02277183753094e+02 7.77525080449789e+04 1.94156523223463e-01 3.00554297949942e+01 -2.17929756720306e-01 -3.37355263403005e+01 1.94156523223464e-01 3.00554297949933e+01 4.99193078452756e+02 7.72750885444866e+04
7.76000000000000e+00 4.99204528119278e+02 7.74765427641120e+04 -1.53948534216749e-03 -2.38928125092344e-01 -2.16807901648876e-01 -3.36485863359120e+01 -1.53948534215546e-03 -2.38928125091318e-01 4.99691569863986e+02 7.75521316428906e+04 1.93157047596622e-01 2.99779737869898e+01 -2.16807901648868e-01 -3.36485863359119e+01 1.93157047596619e-01 2.99779737869919e+01 4.96623340868123e+02 7.70759425027327e+04
7.78000000000000e+00 4.96641328706425e+02 7.72773907467198e+04 -1.53158075049145e-03 -2.38313964782997e-01 -2.15694686814280e-01 -3.35620932683050e+01 -1.53158075049546e-03 -2.38313964781971e-01 4.97125869702354e+02 7.73527853256862e+04 1.92165269671723e-01 2.99009159609246e+01 -2.15694686814284e-01 -3.35620932683023e+01 1.92165269671722e-01 2.99009159609241e+01 4.94073394735787e+02 7.68778202208885e+04
7.80000000000000e+00 4.94097819842968e+02 7.70792598955029e+04 -1.52373688214220e-03 -2.37702953603473e-01 -2.14590023718450e-01 -3.34760437000576e+01 -1.52373688213368e-03 -2.37702953604243e-01 4.94579879300919e+02 7.71544611709435e+04 1.91181110604836e-01 2.98242532543508e+01 -2.14590023718445e-01 -3.34760437000576e+01 1.91181110604838e-01 2.98242532543515e+01 4.91543037340880e+02 7.66807138251772e+04
7.82000000000000e+00 4.91573800362616e+02 7.68821423767132e+04 -1.51595311658863e-03 -2.37095067426237e-01 -2.13493824993376e-01 -3.33904342289637e+01 -1.51595311659414e-03 -2.37095067428354e-01 4.92053397297129e+02 7.69571513372709e+04 1.90204492558633e-01 2.97479826361624e+01 -2.13493824993377e-01 -3.33904342289634e+01 1.90204492558640e-01 2.97479826361625e+01 4.89032068557261e+02 7.64846155223557e+04
7.84000000000000e+00 4.89069071661492e+02 7.66860304365219e+04 -1.50822884152302e-03 -2.36490282351850e-01 -2.12406004384097e-01 -3.33052614874416e+01 -1.50822884151450e-03 -2.36490282350567e-01 4.89546224893338e+02 7.67608480632754e+04 1.89235338687436e-01 2.96721011061884e+01 -2.12406004384094e-01 -3.33052614874418e+01 1.89235338687436e-01 2.96721011061896e+01 4.86540290807955e+02 7.62895175986873e+04
7.86000000000000e+00 4.86583437659059e+02 7.64909164000041e+04 -1.50056345206121e-03 -2.35888574670158e-01 -2.11326476731728e-01 -3.32205221422217e+01 -1.50056345206623e-03 -2.35888574669132e-01 4.87058165817708e+02 7.65655436665436e+04 1.88273573121932e-01 2.95966056947602e+01 -2.11326476731712e-01 -3.32205221422227e+01 1.88273573121940e-01 2.95966056947594e+01 4.84067509026279e+02 7.60954124189310e+04
7.88000000000000e+00 4.84116704759750e+02 7.62967926701367e+04 -1.49295635127237e-03 -2.35289920968763e-01 -2.10255157956127e-01 -3.31362128938847e+01 -1.49295635126986e-03 -2.35289920968314e-01 4.84589026285792e+02 7.63712305426408e+04 1.87319120954092e-01 2.95214934623552e+01 -2.10255157956127e-01 -3.31362128938840e+01 1.87319120954097e-01 2.95214934623535e+01 4.81613530617671e+02 7.59022924253450e+04
7.90000000000000e+00 4.81668681815273e+02 7.61036517268132e+04 -1.48540694978602e-03 -2.34694298064193e-01 -2.09191965040403e-01 -3.30523304763802e+01 -1.48540694978452e-03 -2.34694298066309e-01 4.82138614962807e+02 7.61779011641235e+04 1.86371908223061e-01 2.94467614992506e+01 -2.09191965040398e-01 -3.30523304763800e+01 1.86371908223055e-01 2.94467614992490e+01 4.79178165422191e+02 7.57101501367061e+04
7.92000000000000e+00 4.79239180087579e+02 7.59114861258725e+04 -1.47791466537167e-03 -2.34101682993244e-01 -2.08136816014397e-01 -3.29688716566823e+01 -1.47791466535964e-03 -2.34101682994463e-01 4.79706742926565e+02 7.59855480795679e+04 1.85431861900576e-01 2.93724069250346e+01 -2.08136816014406e-01 -3.29688716566825e+01 1.85431861900575e-01 2.93724069250349e+01 4.76761225677677e+02 7.55189781473441e+04
7.94000000000000e+00 4.76828013212486e+02 7.57202884981429e+04 -1.47047892336724e-03 -2.33512053034599e-01 -2.07089629938849e-01 -3.28858332342793e+01 -1.47047892337426e-03 -2.33512053034086e-01 4.77293223631060e+02 7.57941639126124e+04 1.84498909876594e-01 2.92984268884108e+01 -2.07089629938858e-01 -3.28858332342790e+01 1.84498909876597e-01 2.92984268884138e+01 4.74362525983565e+02 7.53287691261902e+04
7.96000000000000e+00 4.74434997163942e+02 7.55300515484996e+04 -1.46309915632528e-03 -2.32925385690350e-01 -2.06050326889945e-01 -3.28032120408789e+01 -1.46309915632478e-03 -2.32925385688298e-01 4.74897872870698e+02 7.56037413610151e+04 1.83572980946172e-01 2.92248185666367e+01 -2.06050326889946e-01 -3.28032120408778e+01 1.83572980946172e-01 2.92248185666374e+01 4.71981883265326e+02 7.51395158158399e+04
7.98000000000000e+00 4.72059950218909e+02 7.53407680549379e+04 -1.45577480375890e-03 -2.32341658687991e-01 -2.05018827944170e-01 -3.27210049398824e+01 -1.45577480375990e-03 -2.32341658688824e-01 4.72520508745145e+02 7.54142731957252e+04 1.82654004795159e-01 2.91515791653236e+01 -2.05018827944169e-01 -3.27210049398822e+01 1.82654004795171e-01 2.91515791653228e+01 4.69619116739540e+02 7.49512110316306e+04
8.00000000000000e+00 4.69702692922867e+02 7.51524308676586e+04 -1.44850531230913e-03 -2.31760849968290e-01 -2.03995055163231e-01 -3.26392088261228e+01 -1.44850531230562e-03 -2.31760849968867e-01 4.70160951624799e+02 7.52257522599678e+04 1.81741911987379e-01 2.90787059179964e+01 -2.03995055163236e-01 -3.26392088261233e+01 1.81741911987369e-01 2.90787059179969e+01 4.67274047879574e+02 7.47638476607319e+04
