1.7570258142437498 1.754865502100923 1.7484062191430236 1.7377124023523227 1.7228902852124628 1.7040859422141637 1.681482719711326 1.6552980508621387 1.6257797372484868 1.5932017919129033 1.557859947295564 1.5200669367097235 1.4801476595172252 1.4384343381812996 1.3952617701871823 1.3509627698756264 1.3058638850711997 1.2602814614088995 1.2145181111481351 1.1688594999381066 1.1235728266902503 1.0789013715142413 1.0350691743258267 0.9922738172186842 0.9506883296213837 0.9104625002274738 0.8717221040288291 0.8345704550571249 0.7990902135692405 0.7653458521945188 0.733386923018464 0.7032523735458986 0.6749763591618059 0.6485963675998145 0.6241651733088218 0.6017695426050567 0.5815615668354762 0.5638151348930964 0.549036096278807 0.5381970675288057 0.533293587351166 0.5388287303016465 0.5664756911950514 0.6518296735383131 0.8932428290713887 0.974709835709997 0.493618251713963 0.264113472846231 0.17043664754770033 0.11494056059965348 0.04788476488844618 -0.10189386655362935 -0.4180805238078418 -0.8135789735030788 -1.1260735585421129 -1.3452530821514137 -1.5116429935680462 -1.6522975552171615 -1.7808989265048942 -1.904158743706157 -2.025378740621487 -2.146107037314292 -2.266914677881977 -2.3877671498257937 -2.5082202380066367 -2.627528216684525 -2.7447129202808633 -2.858615710707556 -2.967943917764301 -3.071317625573763 -3.1673193687238674 -3.2545471278710654 -3.3316694529405426 -3.3974804074655713 -3.450951290523094 -3.4912757817259426 -3.517905296459215 -3.5305719199230854 -3.5292972381959533 -3.514386572158623 -3.4864070562996674 -3.446167846908838 -3.394656106090066 -3.333014113145789 -3.262478976871604 -3.1843373564334563 -3.0998815458676003 -3.010371251736246 -2.917002302847834 -2.8208827945649357 -2.723016545134503 -2.6242932664108216 -2.5254845376781763 -2.427244507483083 -2.3301142075259014 -2.2345284074869296 -2.1408240153019964 -2.0492489807994048 -1.9599694579542406 -1.8730532460260276 -5.107034591531711 -1.8730539938917912 -1.9599697474874047 -2.0492492102243514 -2.1408242460327997 -2.2345286567364653 -2.330114480135662 -2.4272448029250353 -2.525484852248776 -2.624293594137283 -2.723016878286086 -2.820883124053955 -2.9170026186249296 -3.0103715432185707 -3.0998818024077632 -3.184337567819389 -3.262479133832202 -3.3330142078156006 -3.3946561323144175 -3.4461677996354347 -3.4864054454022226 -3.5143863927117285 -3.5292969903714364 -3.5305716126508324 -3.5179049392124364 -3.4912753852876977 -3.450950866559878 -3.3974799679200514 -3.3316690093931305 -3.254546690940553 -3.1673189475555152 -3.0713172274489273 -2.9679435478506533 -2.8586153719549428 -2.7447126134548716 -2.6275279405206855 -2.5082199894668493 -2.387766924453854 -2.2669144703275563 -2.1461068417243245 -2.0253778163991805 -1.9041585160694376 -1.780898688674561 -1.6522972895255161 -1.5116426778867318 -1.3452509261850172 -1.1260731849484968 -0.813578798395677 -0.4180809853474463 -0.10189512475088719 0.04788332008694616 0.11493933614673038 0.17043574559088043 0.2641204233938559 0.4936183481468992 0.9747108367114659 0.893243523717312 0.6518298779431149 0.5664756800851511 0.5388286212921429 0.5332923718019589 0.5381969116769924 0.549035954234341 0.5638150151278516 0.5815614802064606 0.6017694985985172 0.6241651797554963 0.6485964304689082 0.6749764823100594 0.703252558454992 0.7333871685572542 0.7653461544350757 0.7990905656774103 0.8345708472664188 0.8717225236768653 0.910462931723782 0.9506887535902495 0.9922742017046945 1.0350692015813383 1.0789015434202511 1.1235720974745869 1.1688594593447876 1.2145181111236516 1.2602813449571015 1.3058636377787816 1.3509623875827024 1.3952612548663843 1.4384336976170797 1.4801469072134439 1.5200660916231303 1.55785903331407 1.5932008370666157 1.6257787726697814 1.655297109533527 1.6814818350562224 1.7040851466010847 1.7228896084515273 1.7377118702680732 1.748405852299819 1.7548653147011133
1.7560035802747063 1.7539401350121235 1.7475786108381222 1.7369812043285686 1.722252016663856 1.7035352401070942 1.6810126464941724 1.6549004429575795 1.6254455763024522 1.5929215807417447 1.557624073536902 1.5198660091736111 1.4799728049268173 1.4382774491430281 1.395115698579926 1.3508214631537931 1.3057224660282134 1.2601362547706483 1.2143666259734398 1.1687005119970297 1.12340536540808 1.0787270662420287 1.0348883720752164 0.9920879293582979 0.9504998534939031 0.9102738583217096 0.8715359084005065 0.8343894086397871 0.7989169921005295 0.7651829906386786 0.7332367173971348 0.7031167981790607 0.674856992102176 0.6484943114107392 0.62408095998389 0.6017031593058437 0.581513943399697 0.563787797149133 0.5490249837805597 0.5381976488333637 0.5332993441628215 0.5388340670972503 0.566474277746347 0.651842034213661 0.8927831366812828 0.9673742552866187 0.489500517358718 0.2623535341855754 0.16964324235559514 0.1149641356569109 0.04940188020307318 -0.09704534614027871 -0.4088197086612459 -0.8028888914925429 -1.1159418755219404 -1.33557819946291 -1.5020695680708724 -1.6426076996309946 -1.7709658428155657 -1.8938979381553802 -2.014721939310857 -2.1349920281094135 -2.2552780450066026 -2.375544496707748 -2.4953463235146 -2.6139388870165337 -2.730347972499532 -2.843422428585372 -2.951881020379931 -3.0543593441368695 -3.1494593356753176 -3.2358017428149832 -3.312080395308598 -3.3771160038347463 -3.4299065174343597 -3.4696707887495344 -3.495882459196841 -3.508291564089896 -3.5069322971977597 -3.492116537331494 -3.4644139618419847 -3.424620681634817 -3.3737191824326325 -3.3128328513540617 -3.243178474780978 -3.1660198445149104 -3.0826250850112333 -2.994229622981245 -2.9020059742377136 -2.8070408198373964 -2.7103192591334437 -2.6127157138666623 -2.5149907645528318 -2.4177933384362933 -2.3216685358844376 -2.2270746644777404 -2.1344272094351573 -2.0442682807101757 -1.9583817751106924 -1.8988323964528524 -265.5873415901096 -1.8971015968263731 -1.9566800648857288 -2.04264649632186 -2.1329479738062815 -2.2258032093100786 -2.320669946261479 -2.4171296903452135 -2.514717977475831 -2.6128802278374312 -2.710954698542558 -2.8081648396594483 -2.9036175107669004 -2.996306787079896 -3.0851239359594382 -3.168874261636979 -3.2463012981811215 -3.3161183906754075 -3.377047095317677 -3.4278611074846093 -3.4674336719668117 -3.494785743865207 -3.509131666547559 -3.5099189220759173 -3.496858666757712 -3.4699443151324894 -3.429456339845745 -3.3759526077194533 -3.310244819787353 -3.233362789395196 -3.146509213188747 -3.051008140803479 -2.948250463521778 -2.839639410366094 -2.7265382903117263 -2.6102215797865744 -2.4918288936346635 -2.3723192057879614 -2.2524193733819944 -2.132555304461135 -2.012743088649883 -1.892394278901355 -1.7699379213057402 -1.642042382260732 -1.5019453134282235 -1.335875351016298 -1.1166635932911653 -0.8040726648170857 -0.410319366833238 -0.09823207507071062 0.04876305717843009 0.11465664137151352 0.16949241389834727 0.26227000786198973 0.4894282464041488 0.9674127186566027 0.8928153908813989 0.6519084992183568 0.566541827073114 0.5389104167546426 0.5333876341239667 0.5382988747661315 0.54913882778571 0.5639127616031573 0.5816503080279708 0.6018478105976685 0.6242297069215523 0.6486430469306663 0.6750005818659945 0.7032490559452037 0.7333504845670528 0.7652702375559655 0.7989689560510117 0.8343967792641602 0.8714890649786076 0.9101631556373232 0.9503159415576636 0.9918220845739222 1.034532829256037 1.078275365717104 1.1228527294941923 1.1680442364188892 1.2136064552928776 1.2592747155475064 1.304765132216599 1.3497771221367318 1.3939963920840233 1.4370983805007524 1.4787521151761815 1.5186244258936896 1.5563844368124378 1.5917082548077004 1.62428376216229 1.6538154144924704 1.680028938959585 1.7026758247217986 1.7215374977800133 1.7364290763009025 1.7472026105475917 1.7537497232981158
1.7529371111202843 1.7509692845588762 1.7447112147620811 1.7342229046122442 1.719606428393256 1.7010041757235344 1.6785963801735508 1.652597997232064 1.6232550136735604 1.5908402846878889 1.555649005796817 1.517993933243576 1.4782004690692598 1.4366017255887034 1.3935336787760635 1.3493305116771117 1.3043202380391352 1.2588206836384435 1.2131358890775372 1.1675529839018828 1.122339568486487 1.0777416279276752 1.0339819917137627 0.9912593447265391 0.949747789645373 0.909596958843247 0.8709326767427388 0.833858183636516 0.7984559527540139 0.7647901696852676 0.7329100076494751 0.702853943608641 0.674655557698734 0.6483516166498684 0.6239938923230468 0.6016671340870494 0.5815263131171451 0.5638410555579769 0.5491114322915451 0.538307812266535 0.5334186677136996 0.5389440293288702 0.5665682703361906 0.652007208950877 0.8915361955619728 0.9465576058189143 0.47762591445655256 0.2570605822983649 0.16693933239935216 0.11428240300218202 0.05241982577877104 -0.08516898877249678 -0.3840353543141285 -0.7729315910941796 -1.086894116227728 -1.307366915738241 -1.473701224763332 -1.6134288088911917 -1.7405864600711334 -1.8620589927471112 -1.9812259023902954 -2.099672000832866 -2.2179854689259777 -2.3361459831834064 -2.453725278877101 -2.569999853520418 -2.684022533923593 -2.7946758911384006 -2.900719200353306 -3.0008348223946357 -3.0936765505338726 -3.1779203287480056 -3.2523162583667853 -3.3157397649444613 -3.367239148290284 -3.406076496378719 -3.4317591193833277 -3.4440592301957906 -3.443020489186189 -3.4289511217839945 -3.402404454194356 -3.3641487368554546 -3.315128903014499 -3.256423354719238 -3.189198953972713 -3.114667154296663 -3.0340437139963448 -2.9485137888315665 -2.8592035156501097 -2.7671585677309714 -2.673329672909275 -2.5785648290896597 -2.483608096764848 -2.389105875056529 -2.2956251635878306 -2.2037013805328143 -2.1139901811270687 -2.0279248655518263 -1.9522261092442863 -1.9783524732463869 -162.0316813129409 -1.9749015216717594 -1.9488696922178086 -2.0247286494560766 -2.1110745689176738 -2.201193764447879 -2.29365278168635 -2.387789969673216 -2.483057728041882 -2.5788703993059072 -2.674556449282537 -2.7693405776994173 -2.862338243602956 -2.9525581338505593 -3.0389116669325187 -3.1202296103300613 -3.195285986532518 -3.262829135496168 -3.3216192645116696 -3.370471150274224 -3.40829995661663 -3.4341674998525034 -3.4473258429044598 -3.447254930106482 -3.4336911564436403 -3.406644317358476 -3.366401265798892 -3.3135157093712024 -3.248784764905786 -3.1732139846297462 -3.08797342393485 -2.994347820816068 -2.893684040759675 -2.787338600118983 -2.676627341259333 -2.5627782156211607 -2.446886594935162 -2.32987037374948 -2.2124187994586846 -2.094923174210953 -1.977366336812491 -1.8591241780446912 -1.738579622958119 -1.6123272343771708 -1.4734673167936747 -1.307970169291755 -1.0883551996264376 -0.7753374283966946 -0.38705295352790314 -0.08751386336484611 0.05116559930630443 0.11367918668123476 0.16664399187519496 0.25689828502171336 0.4774921818347895 0.9468344894266224 0.8916385888080174 0.6521377390588001 0.5666989173741515 0.5390918013462012 0.5335900119716952 0.5385048159772748 0.549333977751711 0.5640865432037616 0.5817913948964224 0.6019487719512792 0.6242836770080998 0.6486422816342485 0.6749369263702483 0.7031138197563929 0.7331343602901299 0.764963305807137 0.798560763699865 0.833876481258401 0.8708456224870426 0.9093855835241396 0.9493935973511619 0.9907449898186755 1.0332920128015748 1.0768632170723618 1.1212633482363925 1.1662737598220316 1.211653341741022 1.2571399618449908 1.3024524145411784 1.3472928643282513 1.391349764204779 1.4343012193708387 1.475818755611284 1.515571439641028 1.5532302862597422 1.5884728752400665 1.620988090167938 1.6504808825307333 1.6766769577100427 1.6993272756565359 1.7182122583033907 1.7331455984824826 1.7439775713263095 1.7505977588139279
1.7478281595548941 1.745950409854901 1.7397972370332753 1.729426668651515 1.7149389497176433 1.696474825829271 1.674213092165162 1.6483674739216712 1.6191829224913623 1.5869314269774655 1.5519074519177085 1.5144231189889024 1.4748032528730999 1.4333804095443377 1.3904899993745607 1.3464656082553643 1.301634608120618 1.256314134662051 1.210807495502754 1.1654010574575402 1.1203616475275562 1.0759344896225236 1.032341688278128 0.9897812623877074 0.9484267267842135 0.9084272181509907 0.8699081653681726 0.8329725149498817 0.7977025430467019 0.7641623225371688 0.7324009778738373 0.7024569719343913 0.674363867427397 0.6481583687207115 0.6238921383277412 0.6016501734133698 0.5815834159429114 0.5639602577869958 0.5492812536587435 0.5385098233920427 0.5336265312187443 0.5391224618353065 0.5666922068653972 0.6521644928143555 0.8888746068240976 0.9134044945848109 0.45914046713895934 0.24873913919999496 0.1626119971421776 0.11303182574262978 0.05675637147919153 -0.06721562053104792 -0.3450698416939279 -0.7245034947927073 -1.0396561476297315 -1.2615084778518644 -1.4275643161718745 -1.5658874709559298 -1.6909676121796786 -1.809921473311123 -1.9262419595677502 -2.041574130759208 -2.156545085517566 -2.271167481704806 -2.385047944636338 -2.4975039706528044 -2.6076376958455896 -2.7143901872046623 -2.8165882137680547 -2.912989476073823 -3.0023289041272867 -3.0833665262800047 -3.1549359849509226 -3.215991803281765 -3.265652922589251 -3.3032398279071447 -3.3283027568850723 -3.340639017128811 -3.3402982479680645 -3.327575443325169 -3.3029925658801997 -3.2672704897391243 -3.2212936926237856 -3.1660705051340385 -3.102691792457923 -3.0322907226444293 -2.956005834605111 -2.874949051070603 -2.790179686981137 -2.702684981465225 -2.613367338124733 -2.5230384541366213 -2.432421223205643 -2.3421628173354017 -2.25287055784963 -2.165211852767057 -2.0802491603265496 -2.000931529708742 -1.9425024756946019 -2.123887178303741 -113.61582618293332 -2.118713417432158 -1.9375774974532194 -1.9962515223575328 -2.0759807399554515 -2.1615377231271524 -2.2499739462500883 -2.3402182033539534 -2.431585237716119 -2.5234405398119164 -2.6151004862503795 -2.705797054623863 -2.7946659304005808 -2.88074644026885 -2.9629899024398116 -3.040275445058315 -3.111432980432398 -3.1752729477855177 -3.2306220291355063 -3.2763634731315894 -3.3114800481054636 -3.335097096870246 -3.346522786974128 -3.3452825319747155 -3.331144761495882 -3.304135753097552 -3.2645420643914123 -3.212900123267908 -3.149973612892599 -3.076720276930486 -2.9942505323745885 -2.903780710953248 -2.8065838017605897 -2.7039402292959163 -2.597090491033583 -2.487190406372804 -2.375268236493472 -2.2621807985306077 -2.148562336957916 -2.0347539763489038 -1.9206899554709547 -1.8056922609231114 -1.6880703022667742 -1.564295257290644 -1.4272319249811471 -1.2624076833411637 -1.0418453683076208 -0.7281263082825776 -0.3495205587565923 -0.07056894692795641 0.05497316918192361 0.11216698499025875 0.162184643049411 0.24850336844686544 0.45895077286071384 0.9139489475606641 0.8890606839545284 0.6523491802906805 0.5668771210348217 0.5393328492729028 0.5338717321416905 0.5387928581398402 0.5496021115070229 0.5643159192423647 0.5819659083749721 0.6020562239935903 0.6243127076394235 0.648581341029186 0.6747742324312518 0.7028370300048132 0.7327304324166507 0.7644184892076825 0.7978606923461129 0.8330063524194173 0.8697904500356357 0.9081305150903644 0.9479242834934839 0.9890479915795214 1.0313552320244688 1.0746763320462285 1.1188182358913301 1.1635648850985656 1.208678095139454 1.2538989276927093 1.2989495551508545 1.343535608680455 1.3873489937206787 1.4300711475579828 1.4713767029069047 1.5109375096802282 1.5484269548709484 1.5835245083004101 1.6159204105580742 1.6453204094173524 1.6714504429857624 1.694061162405244 1.7129321845647962 1.7278759664067525 1.7387411972695903 1.7454156144313855
1.740679637627069 1.738882499826367 1.7328318652934143 1.7225840951966505 1.7082378842574641 1.689932562381643 1.6678456422925745 1.6421896813485912 1.6132085457463459 1.581173181466913 1.546377007963303 1.509131057362755 1.469758983823144 1.4285920648852815 1.3859643097051317 1.3422077786408741 1.2976482056508414 1.2526010002482866 1.207367690282441 1.162232851449264 1.117461554972498 1.073297352024205 1.029960802762791 0.9876485498866577 0.9465329318824577 0.9067621303902025 0.8684608503965059 0.8317315431369161 0.7966562028876354 0.7632988061125584 0.7317085254636309 0.7019239621202515 0.673978837014379 0.6479099431818383 0.6237688530612994 0.6016402689688205 0.5816710126578359 0.5641333212676886 0.5495191257574494 0.538785330382747 0.5339002635980543 0.5393374452429778 0.5667860199405117 0.6521378848389705 0.8839117229939037 0.8699626051256985 0.4358221723973903 0.2381242967088389 0.15699964089247082 0.1112248455871121 0.061766251625739656 -0.045273346056345476 -0.2948811897856888 -0.6594692771435994 -0.9756581928413632 -1.1995514952495312 -1.3653685214628741 -1.501825089772965 -1.624065691711143 -1.7395532076831641 -1.8519533986988392 -1.9630052761747265 -2.0733975577887254 -2.1831945656685634 -2.2920558055520313 -2.3993586373973326 -2.5042748933324983 -2.6058261487123406 -2.7029300416284316 -2.794443816810402 -2.8792078380978494 -2.9560897309461445 -3.0240284575824203 -3.0820767352384935 -3.1294396912138858 -3.1655074819628597 -3.189879772472411 -3.2023804430975193 -3.2030615975419336 -3.1921967901797226 -3.1702642565719437 -3.1379217008488225 -3.0959747707381466 -3.045341674810734 -2.987016450595451 -2.922033203133887 -2.8514332618690026 -2.776236731583676 -2.697419433598545 -2.615895850253849 -2.532508536665774 -2.448024807583743 -2.3631430009459113 -2.2785152657327257 -2.1948086230778645 -2.1128795799888973 -2.0343726735529364 -1.9644245852433282 -1.9308514816912041 -2.3573936192001868 -87.38699993115543 -2.3504937868780367 -1.9244965925259092 -1.9584051983266453 -2.0288847344380416 -2.1081510985596292 -2.1910698028969446 -2.275985186201375 -2.3620177972223324 -2.4484658883804706 -2.534631043414114 -2.6197579421313595 -2.703013128080773 -2.7834810890866937 -2.8601706931640445 -2.932029593064951 -2.997965623289482 -3.0568744724261885 -3.10767268883745 -3.1493346406801415 -3.180931553060801 -3.2016702999970548 -3.2109293349769192 -3.2082890804067845 -3.1935543116508236 -3.166766572107394 -3.1282054002447977 -3.078378051563333 -3.0179983405304243 -2.947956081250538 -2.869279254364524 -2.783091385250452 -2.690566638676992 -2.592884807628182 -2.491187707504057 -2.3865374740474943 -2.279875824228049 -2.1719812209048808 -2.0634174584289577 -1.954461017388609 -1.844982325729531 -1.7342300967820297 -1.620409746863407 -1.49981302437461 -1.3649594173703914 -1.2007387168042305 -0.9785662698343285 -0.6642925896176136 -0.3005981433446975 -0.049394986927055205 0.059594115986271144 0.11015969134860781 0.15646533580587474 0.2378262225207059 0.4355857755014858 0.8706774024950814 0.8841879055326456 0.6523619463750974 0.5670130080915778 0.5395985031387938 0.5342068338739374 0.5391410782580779 0.5499240658719684 0.5645840868307798 0.5821580741515238 0.602156470701126 0.6243047976996998 0.6484499276164607 0.6745038579698588 0.7024116526218575 0.7321332451603708 0.7636319038785594 0.7968664498605731 0.8317857390158341 0.8683246037141917 0.9064008076603253 0.9459127626630753 0.9867378657186535 1.028731378229133 1.071725806412744 1.1155307638271834 1.1599333093164743 1.2046987598751484 1.2495719797265887 1.2942791453696114 1.3385299820607932 1.3820204605596689 1.4244359342816217 1.4654546866026523 1.504751846328217 1.5420036167602929 1.5768917509397142 1.6091081931536366 1.6383597953679983 1.6643730075802459 1.6868984338743027 1.705715141834539 1.7206346124857588 1.731504221494016 1.7382101502415985
1.7314956030908362 1.729766305220903 1.7238126791290467 1.7136898028508185 1.699495163947813 1.6813669571836098 1.6594816080036252 1.6340505942272472 1.6053166596624175 1.5735495302036813 1.5390412546997148 1.5021012991651221 1.463051523810802 1.4222211682564936 1.3799419618123163 1.336543463729083 1.292348723792199 1.247670337601997 1.2028069543492272 1.1580402787905684 1.1136325942700747 1.0698248207034924 1.026835111003969 0.9848579819633442 0.9440639715972804 0.9045998150400237 0.8665891362283291 0.8301336645808145 0.795315007794444 0.7621970494698961 0.7308291041241795 0.7012500721977587 0.6734940325769045 0.64759806768434 0.6236138000944047 0.6016254979764292 0.5817806107047653 0.5643416708250916 0.5498034633804303 0.5391090061865483 0.5342086787230074 0.5395446841549215 0.5667643787565163 0.6516708480236968 0.8754715130306239 0.8190478600411597 0.40966516486325405 0.22605497240944974 0.15049525111618464 0.10889086297517794 0.06676200691856621 -0.021710487753927706 -0.23731827052659862 -0.5803831762257811 -0.8966851649329107 -1.1234084629318517 -1.289258984266255 -1.4235795542176783 -1.542383931010344 -1.6536145513555611 -1.76118080661681 -1.8669553513355235 -1.971714184164044 -2.075593054490581 -2.178322028375443 -2.279355682315382 -2.377953289782746 -2.4732352247894407 -2.564228644622926 -2.649908950452107 -2.729239985407265 -2.801213854551942 -2.864889952653003 -2.9194319683322787 -2.964141178060696 -2.998484204191294 -3.02211355991851 -3.0348797027149392 -3.036833906162858 -3.0282219557218677 -3.0094693814555575 -2.9811595663221295 -2.944006535717275 -2.8988244953536597 -2.846496228586545 -2.7879423139374673 -2.7240928302030527 -2.6558628518210132 -2.584132688686155 -2.50973360489883 -2.4334398411174005 -2.355968554487606 -2.27799181501126 -2.2001722447455077 -2.1232574240508066 -2.0483535175815506 -1.9778754266197718 -1.9198899448918088 -1.9195325245210708 -2.7130294684091725 -71.13005692226744 -2.704396045541767 -1.911945668699422 -1.9127353469594341 -1.9713566681391204 -2.0427310647870844 -2.118796887891596 -2.197126286024607 -2.2765858722323915 -2.3563871526433333 -2.4358134035447523 -2.5141263528739644 -2.5905324274894492 -2.6641735155855963 -2.7341306413243105 -2.7994363081098332 -2.8590936989309323 -2.9121016195263083 -2.957484080392505 -2.9943231397417294 -3.0217932661482805 -3.039195149831496 -3.0459866872570154 -3.041808852537198 -3.026504388843682 -3.0001277050017854 -2.96294500831656 -2.9154244706733596 -2.8582170131308247 -2.7921289992196807 -2.7180886539688567 -2.637108303849571 -2.5502445227625414 -2.4585579577260077 -2.363073991255965 -2.264744448614729 -2.164409170646868 -2.0627541568599312 -1.960259452472061 -1.8571234487255839 -1.7531372281333033 -1.64745469210861 -1.5381416541187818 -1.4212441087603873 -1.288808824102022 -1.1248833002694192 -0.9003080067305579 -0.5863573119241958 -0.24402064434235843 -0.026290032846927908 0.0643716444652189 0.10770403727684762 0.14988910880966994 0.22571123819714187 0.4093942212422412 0.819814190902369 0.8758556862098483 0.6519160779010653 0.5670186307542684 0.5398418298953003 0.5345612193850726 0.5395208811272101 0.5502746489235093 0.5648684804089906 0.5823480935997087 0.6022317388502078 0.6242443426263078 0.6482346006522102 0.6741144353774068 0.7018283042033413 0.7313353222717933 0.7625979217530384 0.7955742206692078 0.8302126288619693 0.866447892985588 0.9041981359667584 0.943362639096612 0.9838202236117185 1.0254281517586494 1.0680215048796502 1.1114130186414102 1.155393368929381 1.1997319093006684 1.2441778639478067 1.2884619797992143 1.3322986381734805 1.375388420617057 1.4174211154304943 1.458079141194234 1.4970413516928749 1.5339871734645727 1.5686010133431654 1.6005768594949221 1.6296229863348404 1.6554666621532594 1.677858749109624 1.6965780792524507 1.7114354881158305 1.7222773898033896 1.7289887846914167
1.72028103609248 1.7186042923017717 1.71273980057395 1.7027417913406644 1.6887069286078848 1.6707725805173737 1.6491142959187324 1.6239425651348702 1.595498965605168 1.5640518104470846 1.5298914294987818 1.4933252178505372 1.454672586411243 1.4142599432262764 1.3724158238884294 1.3294662754851148 1.2857305822367053 1.2415174034500684 1.1971213767362472 1.1528202226042272 1.108872371373754 1.0655151205161193 1.0229633205493043 0.9814085808968553 0.9410189840687871 0.9019392976663069 0.8642916799370026 0.828176887534761 0.7936760167764979 0.7608528476015302 0.7297569229912692 0.7004276053859831 0.6728995436718446 0.6472103361066646 0.6234118470449643 0.60158798724343 0.5818846866719171 0.564558771552624 0.5501055945791895 0.539447527133049 0.5345110365495981 0.5396865825347 0.5665157522326056 0.6504232873283291 0.8622427814422097 0.764061480511573 0.38259769248294223 0.213368948746098 0.14350690246811468 0.1060957238955421 0.07115475270472978 0.0012036698173606706 -0.17684847719426747 -0.49057036133900206 -0.8047882085971619 -1.0351843540945735 -1.2016322061203524 -1.333798224915162 -1.4487810829870815 -1.5551605689839867 -1.657175870479523 -1.756881073542437 -1.8551690005701749 -1.9522679243169956 -2.047995701678787 -2.1418995819528197 -2.2333408397799177 -2.321552573462954 -2.405684693134996 -2.4848430799488646 -2.55812618768547 -2.6246602580557075 -2.6836330627903138 -2.7343253276366997 -2.7761385858937877 -2.8086180844658806 -2.831469483106978 -2.844568406434832 -2.8479623747946117 -2.841865186864498 -2.8266443793159453 -2.8028028751146197 -2.7709562944753765 -2.731807606230031 -2.6861208349283396 -2.634695429944626 -2.5783426902403677 -2.5178653850748236 -2.4540415017822785 -2.3876130139846268 -2.319280935181289 -2.2497092581466855 -2.179544195629562 -2.1094661213777166 -2.040326241144326 -1.973546023122924 -1.9125176158160921 -1.8690802064471288 -1.91142723036918 -3.241005320766403 -60.07371725308932 -3.230621175805328 -1.9028707919543655 -1.8610582612920255 -1.9052157896422386 -1.967242061835202 -2.035307501492025 -2.1060059345049456 -2.1778854832144394 -2.2500495523081896 -2.32175825475434 -2.3922930986630604 -2.4609072075559983 -2.5268091345258314 -2.5891628483854383 -2.647097355927175 -2.699723142787148 -2.7461538586821455 -2.785531967114422 -2.817056992721151 -2.8400147819315 -2.8538059810611607 -2.8579718184764142 -2.8522153116579476 -2.83641623488691 -2.8106385768341338 -2.7751297562137753 -2.730311487531624 -2.676762819967365 -2.615196428008742 -2.546429638467209 -2.471351879207606 -2.3908901964486664 -2.305974192532077 -2.2175011674633094 -2.1263013568517395 -2.0331018093904327 -1.9384853038910077 -1.8428370049738376 -1.7462645809937272 -1.6484633447377166 -1.5484674938992358 -1.4441601883828286 -1.3312608844314155 -1.2011933691006798 -1.0369587629634396 -0.8091243268132985 -0.49756873661548173 -0.1841189585261615 -0.003483384138632807 0.06872575054538509 0.10487217790595102 0.1428693067482096 0.21299979720720585 0.38230590928221725 0.7647929779823162 0.8627815390115423 0.6506695639711733 0.5667809188245809 0.5400034510800575 0.5348919392327924 0.5398962644704006 0.5506221171464549 0.5651392688373557 0.582511603224118 0.6022593767869092 0.6241114533518856 0.6479181245185737 0.6735912554967095 0.7010746805595267 0.730326651935544 0.7613087256325126 0.7939783048201562 0.8282833860328032 0.864158718235168 0.9015229331872273 0.940276395477842 0.9802996279717776 1.0214522311990788 1.0635722530623781 1.1064759885882027 1.1499582039268117 1.193792787438344 1.2377338350874492 1.2815171783120776 1.324862360428665 1.3674750626887395 1.4090499734705326 1.4492740839772433 1.4878303815339626 1.524401897573244 1.5586760522720287 1.5903492222844204 1.619131442960509 1.6447511427877661 1.6669597965200065 1.685536375532318 1.7002914702539444 1.7110709608243675 1.7177591189080312
1.7070416769229675 1.7054006266972694 1.6996160453832732 1.6897417763740397 1.6758740545562003 1.6581497271586767 1.6367436620863307 1.611865429063829 1.5837553624895413 1.5526801325417157 1.518927962115868 1.4828036314420623 1.444623410059181 1.404710047928633 1.3633879448780464 1.3209786014908895 1.277796436298197 1.2341450349700147 1.1903138783341243 1.1465755784991114 1.1031836369675865 1.0603707260272208 1.0183474853616077 0.9773018200558363 0.9373986842851775 0.898780337383011 0.8615670664533753 0.8258583837156555 0.7917347302046279 0.7592597556796695 0.7284833077198241 0.6994453701428887 0.6721813793046643 0.6467296913673687 0.6231426315506009 0.6015038761753246 0.5819577296811985 0.5647625824956375 0.550389481630935 0.5397595882459292 0.534757466007389 0.5396934323665918 0.5659050441449442 0.6479789256342592 0.8430489257454196 0.7085280519687497 0.35627701421317626 0.2008184014250938 0.13642023401981343 0.10294453615001002 0.07454278457555721 0.021642004934448896 -0.11807758994886162 -0.3942070792864024 -0.7022350808647876 -0.9369957040016506 -1.1049345416208776 -1.235235668506512 -1.346266927608517 -1.4474309536719945 -1.5434029397165514 -1.636476901630385 -1.7276971069663396 -1.8174072041080978 -1.9055296397834698 -1.9917177121209517 -2.0754458064456145 -2.1560690382571694 -2.2328676700987073 -2.305083966753899 -2.3719551847493876 -2.4327442182247623 -2.486768173135817 -2.5334244184148753 -2.5722132829102207 -2.602756441872751 -2.624810114484047 -2.6382724310793564 -2.643184678276897 -2.639726538791368 -2.628205853968917 -2.6090437984622743 -2.5827566265516015 -2.5499353040805146 -2.5112243748382936 -2.4673013422283994 -2.418857712619907 -2.3665827026548114 -2.31115054533985 -2.2532124880737205 -2.1933952697738914 -2.132309852639542 -2.070579572555506 -2.0089122075464565 -1.9482888414489385 -1.8905192433349391 -1.8402058896764195 -1.813941665574078 -1.9101069422176997 -4.012577604728784 -52.02925844464583 -4.000413642828062 -1.9009087300900238 -1.8053832771219107 -1.8324269549717465 -1.883798046734535 -1.9429193869058536 -2.005174352656081 -2.0687209492158596 -2.132530272601198 -2.19583241044426 -2.2579291924805234 -2.318124478909741 -2.3756992194241215 -2.4299067567382147 -2.479979080843562 -2.525140033869609 -2.5646233675524637 -2.5976941803883236 -2.6236723797123913 -2.6419567460063056 -2.6520480792454286 -2.6535698680128 -2.646284992313125 -2.630107173274042 -2.6051062139834533 -2.571506508252295 -2.529678781193441 -2.480125508090444 -2.4234608742384434 -2.3603864326513437 -2.29166374565183 -2.2180852308873127 -2.140444150129413 -2.0595041494184847 -1.9759679107098629 -1.8904431377569897 -1.8034018837087302 -1.715125271014561 -1.6256180307495713 -1.5344616198320409 -1.4405407811705515 -1.3415026619338037 -1.232640090531602 -1.1045771896853849 -0.9390957732746394 -0.7072691211079886 -0.40196138647731583 -0.12538131135992614 0.01719128059071764 0.07224142514473968 0.10176519349772957 0.13579177824013836 0.20044526835190882 0.35597836726741977 0.7091781060357897 0.8438323161755127 0.6482060547592481 0.5661645275442564 0.540012926066332 0.5351478175210469 0.5402240535153894 0.5509282861843041 0.5653607655091979 0.5826173483599195 0.6022114911453682 0.6238815136740934 0.6474789746836634 0.6729157448969766 0.7001350251003737 0.7290941665712166 0.7597538208128015 0.7920706809419704 0.8259923826080842 0.861453785539644 0.8983741987023581 0.9366552985515022 0.9761795956337858 1.016809367115077 1.0583860109380534 1.1007298014459912 1.1436400418956563 1.1868956192075306 1.2302559720302793 1.2734624854109988 1.3162403243388516 1.3583007142637276 1.3993436694537038 1.439061159882847 1.4771406945104864 1.513269283768199 1.5471377274465714 1.5784451567813471 1.6069037423501247 1.6322434634966456 1.6542168215527715 1.6726033692856161 1.6872139238315156 1.697894330792972 1.7045286537992483
1.6917841312100965 1.6901613822155026 1.684447250589063 1.6746956470667773 1.6610027484974395 1.6435051484155394 1.622377178807329 1.5978274966377801 1.5700950531702196 1.539444581804989 1.5061617504429374 1.4705481271923306 1.432916104070678 1.393583913131912 1.3528708544110872 1.3110928366400134 1.2685583113275638 1.2255646599358863 1.18239507380269 1.139315948234876 1.0965747966704278 1.0543986785678607 1.012993126122041 0.9725415502515516 0.93320510574263 0.8951229992571209 0.8584132327520572 0.8231737900650742 0.789484298691849 0.7574082372929931 0.726995822002451 0.6982878097833216 0.6713206411013005 0.6461336798680843 0.6227799487286266 0.6013430397390028 0.5819655964814644 0.5649009345353693 0.5506104529775362 0.5399961863553622 0.5348897558752796 0.5394853460231718 0.5647787620374716 0.6438671712226702 0.8172054967636815 0.6555857716598554 0.3319910805322676 0.18902232955600573 0.12957340270198525 0.09957534929385378 0.07674442242894357 0.03844084980908143 -0.0651144410411068 -0.296346997958911 -0.5915641063791431 -0.8308234641300125 -1.0014713895673388 -1.1305606871866747 -1.2378086717930727 -1.3336520083444297 -1.423333224992155 -1.5094588219971397 -1.5932658756681453 -1.6752387357679954 -1.7554210633137737 -1.833583573929588 -1.9093214713970412 -1.9821166691743808 -2.051381997323054 -2.116495994062936 -2.1768325352350115 -2.23178724040601 -2.280801308721557 -2.32338271702396 -2.359124336894009 -2.387718386113622 -2.408966661025543 -2.4227861542891858 -2.4292099064045116 -2.4283832274491317 -2.4205557165588876 -2.406069763719527 -2.3853464129762085 -2.358869582180157 -2.327169670684905 -2.290807557719411 -2.250359932474263 -2.2064068563558945 -2.1595225311779607 -2.110270613520961 -2.0592064744714387 -2.006891562108135 -1.9539323038143839 -1.901076602373486 -1.8494661744536398 -1.801382649957739 -1.7629089697433593 -1.7565678058398275 -1.9200110150574845 -5.124242703148252 -45.862519439749576 -5.110276160317911 -1.910559375360475 -1.7478598776740712 -1.7550100570962541 -1.7945542966827632 -1.8439933434437144 -1.8972311180776553 -1.9519535741227074 -2.006971062501562 -2.061473969852344 -2.1147822080406296 -2.166251167824603 -2.215236022102717 -2.2610812987984956 -2.3031231555898604 -2.3406989803422436 -2.3731616237609297 -2.399896572951011 -2.4203407119346796 -2.4340013955102244 -2.4404745706351907 -2.4394607077018517 -2.4307774006315466 -2.414367679243435 -2.3903033473127686 -2.358782994312761 -2.320124693344221 -2.2747537494123597 -2.2231861565419733 -2.166008618796019 -2.1038560559949273 -2.0373874231236213 -1.967260395618893 -1.894104966205619 -1.8184951681924377 -1.7409167769512262 -1.6617264912962497 -1.5810937681706052 -1.4989079801208758 -1.4146159007492356 -1.3269162006867063 -1.233152677698156 -1.1280667182072475 -1.0012808769373382 -0.8332832499372753 -0.5972237163186036 -0.30438522039569393 -0.07187822097114156 0.03451223522163761 0.07470433237829609 0.09850835527620895 0.12899042442395414 0.18866557898825723 0.3316988696496287 0.6561369639876494 0.8183697090746198 0.6440571311173653 0.565017123901163 0.5397907553575295 0.5352703223240021 0.540454294946215 0.5511471969837581 0.565500537466993 0.5826276576668113 0.6020547595003073 0.6235248073199072 0.6468908862485231 0.6720649646550736 0.6989896007462956 0.7276212099571203 0.7579195187991056 0.7898405266882844 0.8233315740787694 0.8583277526702009 0.8947492270761954 0.9324992196397667 0.971462513922984 1.0115043941224504 1.0524699760242373 1.0941839100128408 1.1364504533368407 1.1790539200388586 1.2217595240023775 1.2643146340078704 1.306450459676837 1.3478841837013404 1.3883215487875054 1.427459897355983 1.4649916484855656 1.5006081803115463 1.5340040677815658 1.5648816062407969 1.5929555318685993 1.6179578317834071 1.639642521015322 1.657790251866455 1.6722126146989382 1.6827559889585806 1.6893048099902304
1.6745163618061487 1.6728950835589556 1.6672428719771746 1.657614119953247 1.6441052575675401 1.6268528154100699 1.606030646085673 1.5818464064544233 1.5545374282772695 1.524366122437853 1.4916150711922613 1.4565819640293594 1.4195745263677209 1.380905577605852 1.340888337432598 1.2998320784206885 1.2580382004186028 1.21579677968617 1.1733836244544427 1.131057849752773 1.0890599687639768 1.0476104861960338 1.006908971494701 0.9671335862953031 0.9284410413845173 0.8909669637713973 0.8548266647461193 0.8201163162334796 0.7869145678494673 0.7552846757866342 0.7252772764124429 0.6969340402525431 0.6702926208391713 0.6453936380324528 0.6222910541383164 0.6010685379296283 0.5818670248725697 0.5649345698574282 0.5507239007708845 0.5401011037188138 0.5348423599835334 0.5389749456153263 0.5629737783431306 0.6376063338496052 0.7848500380738349 0.6076418192886686 0.31065471711610815 0.17845483432930456 0.1232460282978798 0.09614726090698075 0.07777946437710201 0.05115056833092726 -0.020924267524328636 -0.20274883781657874 -0.47577491661418075 -0.7184362001475145 -0.8932458377567017 -1.0221869857274242 -1.1261627939590022 -1.2168662918302178 -1.3002683810680022 -1.3793789048959946 -1.4556782137805693 -1.529820331393811 -1.6019871800601393 -1.672076639637651 -1.739809419614505 -1.8047949942308814 -1.8665762599062041 -1.9246627666534775 -1.9785574938891857 -2.0277795985503384 -2.0718841877809355 -2.1104794133311446 -2.1432407873271058 -2.1699224467031835 -2.1903650733355042 -2.204500261702857 -2.2123512790424438 -2.2140303519147913 -2.2097328081711267 -2.1997285790940424 -2.1843517040709295 -2.163988569598675 -2.1390656565915203 -2.110037578527896 -2.0773761978155183 -2.0415616640593925 -2.003076430427317 -1.9624038919180373 -1.9200347609883583 -1.8764879575485616 -1.8323623297293827 -1.7884625123033495 -1.7461279019025973 -1.7082107791345833 -1.6825978404042419 -1.6991952165330335 -1.9467998162737898 -6.6938509947893445 -40.931138508662016 -6.678149695662011 -1.9375323732712268 -1.6907664984029935 -1.6749733468714894 -1.7016187897938615 -1.7408290704531657 -1.7847065858526214 -1.8303682598610163 -1.8764291385527616 -1.9220264447707163 -1.966492570191691 -2.0092316372593135 -2.0496708140346107 -2.0872430560772295 -2.121384837061772 -2.1515418915214006 -2.17717959284229 -2.1977960182882654 -2.2129363224464362 -2.2222072657236356 -2.2252908473837114 -2.221956076831664 -2.2120680317772954 -2.195593516988945 -2.172602852328609 -2.143267569195092 -2.107854056136699 -2.066713437548417 -2.020268163140529 -1.9689959013331975 -1.9134113409693814 -1.8540463872354416 -1.7914289560643402 -1.72606006767224 -1.658388094593725 -1.5887775807980085 -1.5174674805516146 -1.4445088123009147 -1.3696620312675931 -1.2922141308406894 -1.2106314885747473 -1.1218685596266724 -1.0199605013097075 -0.8933136400281734 -0.721275075189448 -0.4818512396663351 -0.21039917493571225 -0.026659296647292535 0.047932596637535727 0.07608924551981272 0.0952419957162159 0.12273730677145603 0.17813203364681346 0.31038105986925124 0.6080932625531095 0.7865459065035807 0.6377458031457137 0.5631781449336092 0.5392510260466109 0.5351945201553425 0.5405306442539026 0.5512257975172208 0.5655060225268533 0.5824995059863084 0.601750175870048 0.6230061454909417 0.646122404504353 0.6710111064059135 0.6976141526477432 0.7258869873765624 0.7557883949384551 0.7872737027335464 0.8202900268977672 0.8547728152379488 0.8906432652742288 0.9278063725116105 0.9661494656064687 1.00554114606057 1.0458305885970058 1.0868471839943223 1.128400523902019 1.170280739589185 1.2122592148704556 1.2540896980298946 1.2955098384536134 1.3362431707619422 1.376001562390267 1.4144881298166518 1.4514006141934161 1.4864351894825487 1.5192906560716801 1.5496729512774077 1.5772998863876864 1.6019059993927958 1.6232473948517683 1.6411064289853063 1.655296090511843 1.6656639271376745 1.6720953747781415
1.6552485937492747 1.6536136027324344 1.648016862931769 1.63851359125896 1.6252006864050093 1.608214693017149 1.5877289154220628 1.5639497927363024 1.5371126727020432 1.5074771386429227 1.4753220520142984 1.440940472319137 1.4046346075188119 1.3667109328226197 1.3274755955550641 1.287230200498738 1.2462680455114157 1.2048708530084737 1.163306020538847 1.1218243943173976 1.0806585540311078 1.0400215860092807 1.000106315154946 0.9610849638962958 0.92310920876495 0.8863106120680169 0.8508014178410935 0.8166757188952868 0.7840110276414801 0.7528703221792188 0.7233046998972826 0.6953568708007017 0.6690658955003498 0.6444738855351566 0.6216359769707944 0.6006360706229948 0.5816133220408056 0.5648099498112401 0.5506644215431074 0.5400092615256872 0.5345437348193148 0.5380709175932459 0.5603305720143238 0.6287715237772776 0.7470818133007054 0.5662709484423036 0.2928691437193858 0.16946034960606518 0.11765996974516107 0.09282685211929051 0.07781728841299469 0.05992869684069641 0.013100629129270751 -0.11930386267034972 -0.358662280728416 -0.6014141479227981 -0.7818422500652076 -0.9121352732936789 -1.0137392419403108 -1.0997977287984355 -1.1772024045281622 -1.2494806805430085 -1.3184190486904424 -1.3848756578188754 -1.4491892246453266 -1.5113936791469762 -1.5713376284242924 -1.6287556857639833 -1.6833146066443352 -1.7346457437075797 -1.7823697077638105 -1.8261162392484074 -1.8655407627666565 -1.9003382658762447 -1.930254697840908 -1.9550958666637341 -1.9747337386674677 -1.989110064149144 -1.9982373311855317 -2.002197161251867 -2.0011363833064575 -1.995261139970816 -1.9848294780338034 -1.9701429498663738 -1.9515378048780385 -1.9293763943613227 -1.904039479101036 -1.8759202769826073 -1.8454214401635172 -1.8129569775011203 -1.778963080156452 -1.7439265333741423 -1.7084516403551706 -1.6734212783678366 -1.640418379224423 -1.6129868549057356 -1.6012181728730828 -1.644260184463455 -1.9979747972235082 -8.82872605107927 -36.846876312826694 -8.811683871059723 -1.9893619406744407 -1.6365605321807588 -1.5942794941105656 -1.606989954570209 -1.6355858715575669 -1.6699682795292294 -1.706565973773922 -1.7437553504686043 -1.780602012794333 -1.8164412903162082 -1.8507194386645516 -1.8829294195445012 -1.9125856353772501 -1.9392165893036124 -1.9623666189676205 -1.981602530371173 -1.996522870759534 -2.0067683970451817 -2.0120326642685424 -2.012071847666317 -2.0067130430618594 -1.9958604184749926 -1.9794987370712738 -1.9576939409902432 -1.930590668582651 -1.8984067581990194 -1.8614249500703743 -1.819982112900981 -1.7744563725886207 -1.72525248550476 -1.672785651977022 -1.6174636668248255 -1.5596667788721075 -1.4997237323513688 -1.4378808856694427 -1.3742584083815175 -1.3087819744514761 -1.2410670841869322 -1.1702094133610024 -1.094383489436355 -1.0100440692144022 -0.9103323275436775 -0.7822455035405989 -0.6045847571460069 -0.3647147595008299 -0.1258329319479067 0.008688453627643344 0.057498361779356875 0.07651728076114173 0.09211148268222438 0.11724497799614832 0.16918531975546594 0.2926249183620944 0.5666287839309392 0.7493804877095147 0.6288543665048069 0.5604918681619786 0.5383047715655059 0.5348498792259817 0.5403907425166945 0.55111389794379 0.5653237716384121 0.5821839473072296 0.6012527412652662 0.6222844983351892 0.6451364484194402 0.6697210009646627 0.6959793784588331 0.7238660148972843 0.7533387339897973 0.7843522112584633 0.8168534053893447 0.8507782360654884 0.8860490968004531 0.9225729626659075 0.9602399516597754 0.9989222584795105 1.038473418036346 1.0787278823068551 1.1195009128383278 1.1605888047802497 1.2017694677425457 1.2428033943673495 1.2834350491588538 1.3233947076108863 1.3624007688122983 1.400162553452821 1.4363835837016035 1.4707653222919868 1.5030113261455236 1.532831746148853 1.5599480806808494 1.5840980677989718 1.6050405813809547 1.6225603817140948 1.6364725626298395 1.6466265365920472 1.6529094070138741
1.633994590075932 1.6323333645699871 1.6267887884179346 1.6174171403040132 1.6043158739434484 1.5876214776273598 1.567506480123659 1.5441757238856337 1.5178620520841 1.488821572347222 1.4573286668109753 1.4236709154736646 1.3881440889269856 1.3510473488270185 1.3126787718304374 1.2733312871513933 1.2332890913666252 1.1928245784108193 1.1521957993868641 1.1116444470475102 1.071394344388965 1.0316504061817493 0.9925980365768872 0.9544029250787783 0.9172112069790569 0.8811499626895876 0.8463280435047317 0.8128372300539323 0.7807537562232791 0.7501402700471989 0.7210483625686821 0.6935218923487377 0.6676014990276389 0.6433309977505978 0.620766909769601 0.5999935022791271 0.5811480510539722 0.5644662532222522 0.5503701995472295 0.5396538171624712 0.5339124712261418 0.5366824399394343 0.5567109106176773 0.617082337577207 0.7058171335876603 0.5323049649917901 0.27901251906467 0.162285123869833 0.11298848690211677 0.08977658155348005 0.07711392424237923 0.06533929059631724 0.037157349131575285 -0.050918176785554534 -0.24529763720472778 -0.48128667251753543 -0.6683635073955192 -0.8019298536095153 -0.9024984129499476 -0.9847528274922343 -1.0567233914708862 -1.122597822446725 -1.1845484157082802 -1.2436800899051013 -1.3005100566919245 -1.355217532225707 -1.4077801972727038 -1.4580533273400562 -1.5058188866695625 -1.550818291546433 -1.5927759056269515 -1.631416962898079 -1.6664818454417951 -1.697737688212024 -1.7249877625678358 -1.748078814922312 -1.766906407597418 -1.78141827072262 -1.79161569321371 -1.7975530348170436 -1.7993355132341964 -1.797115498043674 -1.791087618223841 -1.781483059296823 -1.7685634931274308 -1.7526151625017543 -1.7339437664171358 -1.7128710291754836 -1.6897343338656965 -1.6648918910138835 -1.6387384008461516 -1.6117421576317708 -1.584530049017377 -1.558090988376815 -1.534309800049546 -1.5175758710089304 -1.5207026285062497 -1.5945423326032668 -2.083896238184715 -11.52922814761886 -33.36375726782443 -11.51201772390029 -2.076422613503814 -1.5880171996981913 -1.5148531872566349 -1.5125254205205771 -1.530231884068658 -1.5551559635962984 -1.5828862657763516 -1.611504530131908 -1.639979700899761 -1.6676359379018524 -1.6939511368077902 -1.7184741572649498 -1.740790233548848 -1.7605080379846445 -1.777257319861414 -1.7906919991746548 -1.8004960640688412 -1.8063907090752018 -1.8081416642049808 -1.80556593512196 -1.7985373471566795 -1.7869904255612938 -1.770922278021566 -1.7503922803592336 -1.7255194990225697 -1.6964779046826564 -1.6634895270708778 -1.6268157574798339 -1.5867470059748412 -1.5435908457597531 -1.497658598966396 -1.449249987865619 -1.3986349014040944 -1.3460303272510836 -1.2915687039178412 -1.2352505835318683 -1.176867911679575 -1.1158708169351657 -1.0511226239169316 -0.9804281595251557 -0.899601522861732 -0.8006723164040283 -0.6691247441883208 -0.4845844737917796 -0.2506381912583411 -0.05577744419435283 0.034125712723731425 0.06367382589089893 0.07620139493448329 0.08925912272375867 0.1126773232364575 0.16206787648535223 0.2788077532696133 0.5325760752662929 0.708550390664704 0.6171115185589924 0.5568246959498324 0.5368637612831307 0.5341667673889692 0.5399666572980376 0.5507429354904474 0.5648947310642282 0.5816257037307844 0.6005111798037728 0.621312659606436 0.6438899151014703 0.6681556690129522 0.694050435852522 0.7215275961292192 0.750543989338414 0.7810536510282362 0.8130034358851738 0.8463298310917928 0.8809565614282948 0.9167927521934294 0.9537315117623457 0.9916488544432464 1.0304029227697686 1.0698334951392314 1.1097617842715846 1.1499905465073996 1.190304532371683 1.230471315265503 1.2702425374048525 1.3093556098806314 1.3475358966936006 1.3844994007405105 1.419955953193323 1.4536128870644636 1.4851791519030138 1.5143698007879303 1.5409107546592233 1.5645437243669946 1.5850311495540765 1.602160997533405 1.6157512564094059 1.6256539562104104 1.6317585606064355
1.610773214791251 1.609076779481122 1.6035850962201956 1.5943556122462765 1.5814862660298998 1.5651132441680475 1.5454078879011683 1.5225728786244543 1.4968378570584895 1.4684546461975012 1.437692253398288 1.4048318224635774 1.3701616934825682 1.3339727082096868 1.2965538739157645 1.2581884710802218 1.2191506621085828 1.1797026313481485 1.1400922626165102 1.1005513404501268 1.0612942461041897 1.0225171093828922 0.9843973726974871 0.9470937241459464 0.9107463615776514 0.8754775593129686 0.8413925235084114 0.8085805418296528 0.7771164600753317 0.7470625568139363 0.7184709450273602 0.6913867226606383 0.6658522517703857 0.6419132281042509 0.619627732270663 0.5990804961954653 0.5804067827611272 0.563835043657607 0.5497687604215389 0.5389565195431083 0.5328789021638741 0.5347177305515605 0.5520183288541375 0.602494254199982 0.6633876693992152 0.5060057595937039 0.26933777469037334 0.15711631808495977 0.10937061400611693 0.08714759204692912 0.07595603948560468 0.06813724432421435 0.05262941767281255 -0.000125828101414028 -0.14245572669470014 -0.3598587782239322 -0.5533963800330592 -0.6925262243139327 -0.7938770835984094 -0.8735534093590277 -0.940950938987197 -1.0010925732804117 -1.0566381999311267 -1.1089941192664916 -1.1588833664195448 -1.206641776972959 -1.252377515175949 -1.2960613713553177 -1.3375808551755026 -1.376774687934554 -1.41345627883682 -1.447430731618791 -1.4785078225026742 -1.5065122569232656 -1.5312918874897905 -1.5527242291573806 -1.5707214214971648 -1.5852336991044245 -1.5962514038477424 -1.6038055851019748 -1.607967272039267 -1.6088455557668864 -1.6065846826193486 -1.6013604316293188 -1.5933761340352102 -1.5828588067593738 -1.5700560525040075 -1.5552347076893327 -1.538682874559212 -1.5207183662613801 -1.5017097281195693 -1.4821235186195427 -1.462631033371898 -1.4443633665354556 -1.4295837827697448 -1.423730703048937 -1.4430345440225516 -1.5534401172934278 -2.2193453563524153 -14.517214826123471 -30.320551115459956 -14.502204451452037 -2.2134956839689393 -1.5485033364322094 -1.4386427394196823 -1.419946179763033 -1.4265238450702564 -1.4421467228578346 -1.4613611368930803 -1.4818796063593642 -1.5025405132565908 -1.5226373595691542 -1.5416652227519352 -1.559215666735111 -1.5749312454120317 -1.588486369500886 -1.599580768613149 -1.6079392790592382 -1.6133148126675325 -1.6154927557957564 -1.6142957152834712 -1.6095878796511005 -1.6012784765279984 -1.5893239596871138 -1.5737286850192793 -1.554543946334073 -1.5318653398381696 -1.5058285053420941 -1.4766033441861046 -1.4443868277039997 -1.4093944718719358 -1.3718504437156442 -1.3319760503909945 -1.2899759833616566 -1.2460210342632716 -1.2002248412310463 -1.1526101087655982 -1.1030557222437305 -1.0512082315131306 -0.9963249502681303 -0.9369821369043867 -0.8705125602205424 -0.7919124313911433 -0.6918635175602316 -0.5544128783581794 -0.3628260538212009 -0.14634961969738583 -0.0031464255428530928 0.05083826854773812 0.06714309598891545 0.07539600211451178 0.08681972885775746 0.1091654508004032 0.15696387613599797 0.2691824825611809 0.5061930163769643 0.6660177979559068 0.60248253600194 0.5520848435781811 0.5348504535346396 0.533058154140299 0.5391848180584947 0.5500438017328516 0.5641532384138684 0.5807629798497045 0.599467716077839 0.6200369749310535 0.6423333555296401 0.6662699454936658 0.6917865200207641 0.7188353595393787 0.7473722884296508 0.777350700390138 0.808717377579243 0.8414094390542054 0.8753520352682528 0.9104565623397052 0.9466192619942648 0.9837201304960006 1.021622098073085 1.0601704674608345 1.0991926204188285 1.1384980164222098 1.1778785189191623 1.2171090916303187 1.2559489100353391 1.294142931039641 1.3314239565090098 1.367515213790341 1.4021334587093488 1.4349925844428613 1.4658076941044924 1.4942995672545527 1.5201994225814084 1.5432538526850563 1.5632297843239578 1.5799193007236605 1.5931441534369932 1.6027597912290665 1.6086587433828365
1.5856101840597043 1.5838738101284338 1.5784404606685214 1.5693687065433617 1.5567567236408317 1.5407399573124696 1.521487947060481 1.4992004480490362 1.4741030106951294 1.4464421939256773 1.4164805913983702 1.3844918436583755 1.3507557941483843 1.3155539250383845 1.279165182148812 1.2418622690702688 1.2039084611233561 1.1655549620083363 1.1270388014817845 1.0885812523583973 1.0503867303282342 1.0126421308353657 0.9755165535552045 0.9391613665492133 0.903710568558337 0.869281418775995 0.8359753187714365 0.8038789516140474 0.7730657104444995 0.7435974865815996 0.7155269432800284 0.6889004898761365 0.663762320012566 0.6401601416267529 0.6181537173422187 0.5978282911708955 0.5793169396575781 0.5628401355567315 0.5487805973264313 0.5378355567260252 0.5313514860071131 0.5321141314320944 0.5462136850125557 0.585269190187843 0.6219224255786816 0.4872250962940871 0.26406471473194537 0.15412378288260092 0.10692865735938857 0.0850779774934722 0.07462148394025271 0.06909626163556679 0.06147579886118161 0.03364643573703893 -0.057829431935917185 -0.2402732239180564 -0.4369053672385918 -0.5842321757640743 -0.6887348756650611 -0.7674937600953737 -0.8315017409460073 -0.8868265880485668 -0.9367454597618164 -0.9830374372777168 -1.0266676903660474 -1.0681444702385756 -1.1077099100139118 -1.145446105159439 -1.1813369595815282 -1.2153062242137018 -1.247242305410382 -1.2770154676467393 -1.3044904843970422 -1.3295364110909722 -1.3520343896982892 -1.3718839613927694 -1.3890081174853641 -1.403357183893604 -1.414911569932406 -1.4236833949248007 -1.4297170220465207 -1.433088569224925 -1.4339045270049653 -1.4322996926544729 -1.4284347349019728 -1.4224938538020833 -1.4146832399065978 -1.4052314645370725 -1.394393767874698 -1.3824639633196478 -1.3698015996913762 -1.3568914386798392 -1.3444768098432733 -1.3338788407871511 -1.327843139895666 -1.3331379049303038 -1.370384908511607 -1.5254586777562802 -2.425609482525816 -17.152625862557517 -27.60880163425328 -17.142845501350006 -2.4218698237530463 -1.5224678514519627 -1.3677583145834793 -1.330883329975349 -1.3260195454148092 -1.332550288799231 -1.343699722437107 -1.3567086404253645 -1.3702385439901184 -1.3835261285326952 -1.3960650148182625 -1.4074733565590787 -1.417435370074358 -1.4256752081768058 -1.4319460796603938 -1.4360269194117434 -1.4377228329483536 -1.4368672927942545 -1.433324906470978 -1.426994015895088 -1.4178086440310615 -1.405739473730471 -1.3907936686816764 -1.373013444652033 -1.3524733754056728 -1.3292764698843496 -1.3035490795943165 -1.2754346785134905 -1.2450864884563793 -1.212658778339199 -1.1782964067030435 -1.1421217296028259 -1.104217218590693 -1.0646007450169872 -1.0231879177109218 -0.9797309307426985 -0.9337135971495313 -0.8841623635774869 -0.8292925587966591 -0.7658306751192533 -0.6877350596828936 -0.5840808203043013 -0.43785341578820103 -0.2422380190046013 -0.059870769253491905 0.032253882389129254 0.06067173603413017 0.06864302518126612 0.07435973341044842 0.08492054035355864 0.10682633846136205 0.15404178639492883 0.2639702156179242 0.4873223340567804 0.6236614860475288 0.5852376040137961 0.5462437354568663 0.5321801904948118 0.5314511037451198 0.5379664550746788 0.5489407407800575 0.5630270478178467 0.57952735113807 0.5980579254913093 0.6183971563165214 0.6404107472291682 0.664012206063337 0.6891405422321972 0.7157468899757818 0.7437860203427854 0.7732106659733581 0.8039675392949925 0.8359944150840624 0.86921791177786 0.9035517543578464 0.9388953898016652 0.9751328817959166 1.0121320490787704 1.049743839024769 1.087801948763839 1.1261227220334105 1.1645053616965766 1.2027325053576206 1.2405712143793473 1.277774424384287 1.3140828976339214 1.3492277044010976 1.382933241808108 1.4149207752351411 1.444912460397929 1.472635775053683 1.4978282598875585 1.5202424405825326 1.539650779616912 1.5558504891466736 1.568668027333356 1.5779631011341622 1.5836320096931888
1.5585399151665182 1.5567635906794284 1.5513991293665252 1.5425060160034105 1.5301822280234147 1.5145618262995058 1.4958117249138736 1.4741277819659426 1.4497303771947303 1.4228596552242565 1.3937706154148233 1.3627282213212562 1.3300026860399572 1.2958650662114735 1.2605832693804264 1.224418549135519 1.187622532199238 1.1504347933927295 1.1130809697839155 1.075771385512628 1.03870014449298 1.0020446396969644 0.9659654249292694 0.9306063975457389 0.8960952479542648 0.8625441435308101 0.8300506306378725 0.7986987592202767 0.7685604615570468 0.7396972536946895 0.7121623818392027 0.6860036198149165 0.6612670629546222 0.6380025079310232 0.6162714568804553 0.596159647371062 0.5777977479833791 0.5613975330214117 0.5473190088092647 0.5362028867088652 0.5292470968791032 0.5287943151841886 0.5393434132392937 0.5659878410032826 0.5825755841846808 0.47548454533208456 0.2634614483784009 0.15350341461352557 0.10578812532267622 0.08369653534002973 0.07335836140681418 0.0689039492851882 0.065684066444188 0.05344773797627959 0.003189675824136689 -0.1295144608564781 -0.318222862861248 -0.476440058846186 -0.5872845938406777 -0.6673133323267162 -0.7294758728232198 -0.7811560035505644 -0.8264137418428555 -0.8674948303278583 -0.9056560636555053 -0.941601372146164 -0.9757146601477398 -1.008187863390417 -1.0390942086035149 -1.0684321090143878 -1.096152896841124 -1.122179417402996 -1.1464193077288605 -1.1687750688362144 -1.1891520925545878 -1.2074652632878677 -1.2236444416152992 -1.2376389565775467 -1.2494211372184456 -1.258988874248669 -1.2663672040681682 -1.271608940906608 -1.2747944442143488 -1.2760306983770187 -1.275450009050888 -1.2732088087814373 -1.2694873688303734 -1.2644917555108355 -1.2584604199522476 -1.2516800062875446 -1.2445198807084046 -1.2375067200745007 -1.2314914637096557 -1.2280505869875702 -1.2305587055532994 -1.2475180497916498 -1.3053669694770462 -1.5170509034210615 -2.7320610363143363 -18.763486761426574 -25.153685522885795 -18.760717755520048 -2.7309529896502363 -1.5162914286388751 -1.3047316361814223 -1.2469824591509686 -1.230127922261768 -1.227735442760214 -1.2313026507972409 -1.237452538160746 -1.2446050772429051 -1.2519050891447911 -1.2588212678675008 -1.2649794760845912 -1.270088390125868 -1.2739051977150526 -1.2762200058144368 -1.276849447580857 -1.275634893305055 -1.2724428664697938 -1.2671663181532884 -1.2597259568232606 -1.2500711379842613 -1.238180010071422 -1.2240587438625987 -1.2077397660363975 -1.18927898174508 -1.1687520066738932 -1.1462494315607714 -1.1218711025739319 -1.0957193038580897 -1.0678905469182447 -1.0384653559342347 -1.0074948954327723 -0.9749823367226993 -0.9408551454120397 -0.9049212731836156 -0.8667960694838065 -0.8257745192782083 -0.7805989179728549 -0.7290237351131474 -0.6669920938973406 -0.5871291654844975 -0.4764988560456289 -0.31852187222181144 -0.12993172780225065 0.0028611582630088156 0.053257208473486944 0.06558480909197376 0.06885385206156241 0.07333393101253599 0.08368553246062554 0.10578344062424663 0.15349839067480495 0.2634426349487074 0.47547152871563275 0.5828710588968835 0.5659748981484902 0.539336392746971 0.5287992211487829 0.5292624627514085 0.5362273730520161 0.547351589650713 0.5614372863801219 0.5778436973258447 0.5962106631405087 0.6163261968382301 0.6380593825227914 0.6613242186529891 0.6860589371852177 0.7122134870348882 0.7397415430500238 0.768595139349956 0.7987208887433583 0.8300571985438447 0.8625321370612117 0.8960617441469025 0.9305486628752115 0.9658810230981012 1.001931544505547 1.0385568539281012 1.0755970324695494 1.112875424242961 1.1501987504770614 1.1873575804080398 1.224127213228676 1.2602690229221434 1.2955323096777365 1.3296566876490221 1.3623750193256647 1.3934168824375721 1.422512527246885 1.4493972519028784 1.4738160931996325 1.4955287018131247 1.5143142472311504 1.529976180378275 1.542346673340237 1.5512905570608853 1.556708590177057
1.529607407070117 1.5277960445123333 1.522516233008467 1.513827992561394 1.5018284764385208 1.4866495156765875 1.4684543700218602 1.447433830605283 1.423801842098947 1.3977908237015546 1.3696468689968408 1.3396249953252557 1.3079845953126437 1.274985218620036 1.2408827831096123 1.2059262838247904 1.1703550377033503 1.1343964737521934 1.0982644540994548 1.0621580920426317 1.026261019596812 0.9907410493366613 0.9557501733656814 0.9214248456088283 0.887886501754833 0.855242283569631 0.8235859507369369 0.792998984220505 0.7635519117998515 0.7353059221207787 0.7083148846921183 0.6826279718080023 0.6582932071668379 0.6353624888227177 0.6138990378250857 0.5939889862568161 0.5757603164506748 0.5594154202195764 0.5452899724522979 0.5339643024028927 0.5264783039991936 0.5247078214498366 0.5315087284807792 0.5455549077518084 0.5450011611518767 0.469916527751804 0.2679120478406712 0.1555242364182205 0.10610092185263426 0.08313171381264388 0.07237992025783965 0.0681186061899951 0.0669420422568944 0.06329407458308872 0.040760811415124824 -0.039116883700771876 -0.19827310058294378 -0.3667717030157502 -0.488807628342329 -0.5731535445979598 -0.635457939376554 -0.6849454621541282 -0.7266955518907333 -0.763545851318612 -0.7971123333457598 -0.828328802239528 -0.8577356040255681 -0.8856377427330208 -0.9121943349586547 -0.9374712942365019 -0.9614738881854703 -0.9841680343879418 -1.0054951575750803 -1.025383269809349 -1.043755743817997 -1.0605385723653709 -1.0756665129756373 -1.0890882883598567 -1.1007708858010368 -1.1107029396609396 -1.1188971714580718 -1.1253918915381724 -1.1302516310757293 -1.133567075118558 -1.1354546185249674 -1.1360560974661051 -1.1355396285065176 -1.1341031671345827 -1.1319837202812886 -1.1294779170768356 -1.126985862855867 -1.1251052465470504 -1.124842293162552 -1.128121863744651 -1.1391639940520808 -1.1688137280458197 -1.2514982933682886 -1.5380200981394063 -3.1721121514597863 -19.20353546687379 -22.90169241031125 -19.207074451238736 -3.174274309789408 -1.5397071127443847 -1.2529877440265216 -1.1700988447989062 -1.1402094098856772 -1.1288916092366355 -1.1253060749178854 -1.1252410988930832 -1.1267817586680555 -1.128932818546495 -1.1311081518360753 -1.1329193071282067 -1.1340809062438706 -1.134366295181974 -1.1335864994260916 -1.131580582991702 -1.1282117311823736 -1.1233661442745368 -1.1169531476460244 -1.108905597814886 -1.0991800362041022 -1.0877562657417068 -1.0746361690809911 -1.0598416824000858 -1.04341189785775 -1.0253992933662122 -1.0058650764927177 -0.9848735699822277 -0.9624854408015509 -0.9387493485154856 -0.9136911988052409 -0.8872995139453601 -0.859504241740476 -0.8301441593480916 -0.7989139680339038 -0.7652743502890107 -0.7282928889878129 -0.6863533949101446 -0.636612181292675 -0.573968979397051 -0.4891507465565754 -0.3664638373301896 -0.1973254557890468 -0.03800400553103159 0.04161687017525543 0.06385120643310434 0.06729435330172626 0.06834727589621752 0.07253532975889719 0.08324400287142399 0.10619004924761906 0.15560700807687775 0.2679962623825653 0.46981111270683984 0.5439381774246507 0.5455760020371728 0.531477429986391 0.5246542875679636 0.5264078769286117 0.5338776908461774 0.5451876587103187 0.5592983826652876 0.5756301804212743 0.5938480741792794 0.6137503934666299 0.6352098856111945 0.658141139212079 0.6824816245664541 0.7081800823347029 0.735189049131299 0.7634598069139502 0.7929388055204695 0.8235650115910766 0.855267860188621 0.8879656144512513 0.9215640173857635 0.9559551711832668 0.9910166152387514 1.0266106007105997 1.0625835801549397 1.098765946905121 1.1349720707998692 1.1710006843774567 1.2066356762714485 1.2416473457474 1.2757941637370005 1.3088250712563707 1.3404823260284824 1.3705048831930742 1.3986322673831815 1.424608862818199 1.4481885174242641 1.4691393286214052 1.4872484546823495 1.502326778746068 1.5142132446205228 1.5227786858528745 1.5279289828681157
1.498870112278019 1.4970334745852403 1.4918590483354657 1.4834068466832617 1.4717723929302151 1.4570842542422635 1.4395008183738087 1.4192064592608995 1.3964072582199274 1.3713264575733712 1.344199822867325 1.3152710793319005 1.284787569430139 1.2529962532793173 1.220140144704567 1.1864552450348775 1.152168006681167 1.1174933309582709 1.0826330810571174 1.0477750726126616 1.0130924915537516 0.9787436820312968 0.944872245995776 0.9116073999673835 0.8790645431189826 0.8473460034302298 0.816541945095444 0.786731440858581 0.757983738762378 0.7303597868461708 0.7039141273578325 0.6786973448523776 0.6547593702378328 0.6321541433416633 0.6109464931440907 0.5912227522743254 0.5731078720935443 0.5567942294398259 0.5425919863123277 0.53101894863301 0.5229538957424621 0.5198084536091231 0.5228719068311557 0.5250249948247742 0.5080206750574 0.46915439433076456 0.2778907600021424 0.1605813191714072 0.10807414985938554 0.08352597497691006 0.07187112323800894 0.06716885554004569 0.06652739474220744 0.0668637721954164 0.059949032411880626 0.0218474916563509 -0.08659620426264024 -0.25076416755957 -0.390412563078448 -0.48429711665722475 -0.5495093830266663 -0.5986021433427122 -0.6381960197768386 -0.6719151839224395 -0.7018286330301512 -0.7291487978242328 -0.7545964875631502 -0.7785995593695508 -0.8014046483005488 -0.8231423093192074 -0.8438666865156994 -0.8635809877531286 -0.8822549028559341 -0.8998373532397518 -0.9162664486824152 -0.9314776720357988 -0.9454108185033284 -0.9580159288245534 -0.9692582941606669 -0.9791225311431908 -0.9876157049329041 -0.9947695041509026 -1.0006415400412378 -1.0053159572306818 -1.0089037214619359 -1.0115432306987036 -1.0134023686078668 -1.0146839782811712 -1.0156384183306757 -1.016590410032844 -1.01799539327029 -1.0205601058170946 -1.0255138618988773 -1.0352696781158162 -1.0552285097157306 -1.0995379665632445 -1.2140446600274497 -1.60356007543827 -3.756229098156554 -18.873754210609427 -20.812196354513134 -18.88146089598377 -3.7624805125773353 -1.6078743338103576 -1.2177052694973094 -1.102656683384166 -1.057757297534132 -1.0371384601127256 -1.0266596642197232 -1.0209370573165428 -1.0175796025499273 -1.0153826852506445 -1.0136655711285483 -1.0119989094804316 -1.0100829995791754 -1.0076903318275383 -1.0046377176195205 -1.0007728323005518 -0.9959680065260368 -0.9901176431308351 -0.9831373118329314 -0.9749634209366054 -0.9655528240033306 -0.9548819860501718 -0.9429454979084912 -0.9297538299816359 -0.9153302751310252 -0.8997070494221068 -0.8829204951163477 -0.865005250436841 -0.8459870912884454 -0.8258738667947801 -0.8046434604023464 -0.7822268546056615 -0.758482857769304 -0.733158273057337 -0.7058220717335283 -0.6757520987446335 -0.6417331132053314 -0.6016848173987678 -0.5519482934510223 -0.4858190145088478 -0.39062117455595374 -0.24940853667745286 -0.08432078083350905 0.023920727256047422 0.061399102684925176 0.06780036626101267 0.06713493300027415 0.06757735864528373 0.07215968474767592 0.08374360580666909 0.10825844506254086 0.16078100891995623 0.27831481515883355 0.4684028798437029 0.5063891207877043 0.5251089528030188 0.5228252337174415 0.5197006262502099 0.5227994316491521 0.5308213141398922 0.5423535024452059 0.5565179908577436 0.5727982705707524 0.5908856887016081 0.6105894848516131 0.6317863706411658 0.6543916700291574 0.6783421499483827 0.7035853477526958 0.7300726288188114 0.7577544582782709 0.7865770289145049 0.8164797444066028 0.8473932582155937 0.8792378867210873 0.9119222886185707 0.9453423511127037 0.979380257796069 1.0139037389504588 1.048765525186815 1.0838030410601835 1.118838386825088 1.153678663584574 1.1881166992545327 1.2219322295241246 1.2548935789989109 1.2867598729143555 1.3172837895187026 1.3462148382112038 1.3733031199957229 1.3983034964262062 1.4209800629925504 1.4411107950881468 1.4584922116661923 1.4729438856753132 1.4843126232793717 1.4924761370736028 1.4973460526126987
1.4663997713302066 1.4645521139999902 1.459508218850983 1.451327402512531 1.4401025937319558 1.4259578989255974 1.4090454566551383 1.3895417243706834 1.3676433598024051 1.3435628679215772 1.3175241825726718 1.2897583406408482 1.2604993875463275 1.2299806279670382 1.1984313072229282 1.1660737789748594 1.13312118590539 1.0997756536794712 1.0662269761583019 1.032651752548462 0.999212925445153 0.9660596626853942 0.9333275253256508 0.9011388684084488 0.8696034298820557 0.8388190755331594 0.8088726837863043 0.7798411739384049 0.7517927059490729 0.7247881119116893 0.6988826639107537 0.6741283496295369 0.6505769331764525 0.6282842561240543 0.6073165423347149 0.587760021894218 0.5697361921100049 0.5534268395780082 0.5391159385126658 0.5272586171480819 0.5185767362448693 0.5140491123252163 0.5136049771036295 0.5054984189677758 0.4707264228103419 0.47056903608825573 0.29447972751053964 0.16944049327672944 0.11200209871100268 0.08505679086964846 0.07200392297413481 0.06637698535321498 0.06533559771015916 0.0669154718492866 0.06726869202830081 0.05442904893832013 -0.0016210579344410378 -0.12981067914983835 -0.28432531916320186 -0.39769903006707646 -0.47093812239198357 -0.5221174882802294 -0.561151563010575 -0.5929538077363087 -0.6202082912576689 -0.6444764357650926 -0.6666947299669225 -0.6874313074102159 -0.7070278612276073 -0.7256816876525888 -0.7434951539808539 -0.7605070197373651 -0.7767134595002015 -0.7920831272050144 -0.8065686760160492 -0.8201160636481991 -0.8326723499395772 -0.8441923326767344 -0.854644163683237 -0.8640139833985834 -0.8723095783871927 -0.8795630875247857 -0.8858328548592592 -0.8912046571262761 -0.8957927447835139 -0.899741481000872 -0.9032289604740549 -0.906475095657576 -0.9097588518248714 -0.913453970550921 -0.9181031204873299 -0.9245764281278126 -0.9344300573555795 -0.9507883720698528 -0.9807815519982976 -1.0434381824906156 -1.201515836840014 -1.7353783096905633 -4.3909167380695955 -18.25622951923105 -18.851549909248575 -18.266053326306988 -4.401901823771609 -1.7425586903753967 -1.2073416503825212 -1.0483298267869132 -0.9847327771117336 -0.9537173955296585 -0.9362539482525531 -0.9252338971034947 -0.9175640784485202 -0.9117241974315456 -0.9068819798294728 -0.9025325820240406 -0.8983383068282237 -0.8940528583556707 -0.8894841893780272 -0.8844760429158656 -0.8788988966752879 -0.8726456722354088 -0.8656297530513708 -0.8577839455887221 -0.8490595979986815 -0.8394254187214383 -0.8288657317899193 -0.8173780213127092 -0.8049696786320505 -0.7916538792365873 -0.7774444785745068 -0.7623497111562805 -0.746364274577587 -0.7294590209295775 -0.7115668536748645 -0.6925623330776445 -0.672230533258984 -0.6502170953906465 -0.6259446181272401 -0.5984671135950297 -0.56620546153302 -0.5264324743784166 -0.474133630246806 -0.3992176535205415 -0.28360350552372504 -0.12720125242885047 0.0013737206591752486 0.05677985165937367 0.06887338520776903 0.06798473884565097 0.0660655119932634 0.0668968463450684 0.07239285042701937 0.08536940653459203 0.11230934873573777 0.16938867576396321 0.29453868168722525 0.46915622567898974 0.4692897738704176 0.5056573749609934 0.5135492261549042 0.5138924236493367 0.5183434270398768 0.5269551631877551 0.5387466208340421 0.5529969224618622 0.5692528255552902 0.5872326074677436 0.6067569134847041 0.6277067544932179 0.6499983992610285 0.6735680287723659 0.698362023435147 0.7243305639698003 0.7514232311214438 0.7795858421567706 0.8087580716325695 0.8388715824169974 0.8698485000469206 0.9016001311232109 0.9340258718355657 0.9670122852315047 1.0004323504886838 1.0341449067087438 1.0679943286677351 1.101810482732037 1.1354090175269869 1.1685920454832741 1.2011492676457851 1.2328595848309243 1.2634932233548848 1.2928143834855004 1.3205843942595124 1.3465653305624998 1.3705240189961196 1.3922363300158163 1.4114916272972184 1.4280972235509322 1.4418826772027271 1.4527037583174656 1.4604459161358885 1.4650270951421973
1.432284167455102 1.430443611519582 1.4255589261642851 1.4176879200866042 1.406919836900207 1.3933730007540963 1.377191806156554 1.3585431894369617 1.3376127362579666 1.3146005866072414 1.2897172959679677 1.2631797998555518 1.2352076101720686 1.2060193478158698 1.1758296888295128 1.1448467732071195 1.113270098283792 1.0812888940723457 1.049080957298925 1.0168119050982465 0.9846347988154581 0.9526900831855062 0.9211057860595517 0.8899979283336609 0.859471102221554 0.8296191879675614 0.8005261942295679 0.772267225861128 0.7449096056888905 0.7185142064415011 0.6931370897458385 0.668831609272314 0.645651229332932 0.6236534646256665 0.6029056078531599 0.583493360727588 0.5655342507295591 0.5491989472746752 0.5347450779248424 0.5225669596159934 0.5132408817871819 0.5073707534203189 0.5038398599443087 0.48788084244540925 0.4338758357095079 0.4700090491100144 0.3180791317842535 0.18266216432047971 0.11848952458877515 0.08794758844375837 0.07296070040756504 0.0659940161551972 0.06396623153948036 0.0652737209832362 0.06806220318786119 0.06716223311648059 0.046880899623824475 -0.025221763278662122 -0.16268662126302091 -0.3031734145106 -0.3965293008734969 -0.4548648996175902 -0.495549912814353 -0.526788911520422 -0.5524037286696019 -0.5744480153629261 -0.5941262273964366 -0.6121711221245006 -0.6290319079671792 -0.6449790524976554 -0.6601665061294745 -0.6746705964081368 -0.6885156953243557 -0.7016922064962141 -0.714169972531642 -0.7259088356779141 -0.7368673024467712 -0.7470098107943924 -0.7563128414908198 -0.7647699808504328 -0.7723959914857821 -0.7792299628872102 -0.7853376906280906 -0.7908135829382531 -0.7957826495590337 -0.8004035649203541 -0.8048745765593844 -0.8094455015702392 -0.8144420155192782 -0.8203147931623691 -0.827740655052821 -0.8378390297748495 -0.8526648808645719 -0.8764337247498218 -0.9189447449778639 -1.0067483810432736 -1.2276583439554276 -1.9509717799082908 -4.795538299465666 -17.612941675501233 -16.989201615359683 -17.623382306270546 -4.810349377516466 -1.9614260136702923 -1.2356837529097393 -1.013325640188048 -0.9242162873132306 -0.8803478206920717 -0.855139120851969 -0.8388084607200529 -0.8271757969642356 -0.8182294399965588 -0.810896264223732 -0.804545746942345 -0.7987711434266974 -0.7932863368084055 -0.7878749823661196 -0.7823648027110323 -0.7766145086690339 -0.7705071754795773 -0.7639468547271372 -0.7568566584370491 -0.7491773129409248 -0.740865599724625 -0.7318923407477642 -0.7222397223717899 -0.7118978188930869 -0.7008601849488366 -0.6891183316033025 -0.6766547644915408 -0.6634340036912624 -0.6493905480008102 -0.6344119492738961 -0.6183137567791089 -0.6008005502977797 -0.5814024964988528 -0.5593671584288311 -0.5334634705261546 -0.5015867416169085 -0.45980468979590344 -0.39970698405278954 -0.30379093285068254 -0.16066631959428349 -0.02198610832052418 0.04982454143474186 0.06933747880851926 0.0695790445187264 0.066340897839341 0.06474432328869331 0.0665837907966781 0.07342666018440809 0.08838798587780088 0.11858716601598508 0.18285808383653981 0.31821426547803505 0.46702186303085025 0.4330740173236444 0.48810906176972746 0.5037780609315403 0.5071718281611775 0.512937433371343 0.522168186831745 0.5342571102616567 0.5486290956392377 0.564892231484882 0.5827917860727553 0.6021602209147477 0.6228832344455341 0.6448783334240701 0.6680813067439755 0.6924374803852922 0.7178958691181061 0.7444051098041938 0.7719105113890571 0.8003518189729482 0.8296614450243737 0.859763016351153 0.8905701468988475 0.9219853883040843 0.9538993404093288 0.9861899269639665 1.01872185965808 1.051346327355389 1.0839009570719549 1.1162100986608496 1.1480854859274945 1.1793273226620355 1.2097258326269007 1.239063297940268 1.267116590929361 1.293660181157543 1.318469573103134 1.3413251024118638 1.3620159915898078 1.3803445414969515 1.3961303151546662 1.4092141571942982 1.4194618874302762 1.4267675116931529 1.4310558076481916
1.3966287195049758 1.3948163872517452 1.3901219659272541 1.382600858286577 1.3723374497526555 1.3594428859023608 1.344052258573036 1.3263213285529059 1.3064229275439283 1.2845431876451827 1.2608777432622482 1.235628039058999 1.2089978598101894 1.181190175613736 1.1524043708528429 1.1228338995157388 1.0926643847646418 1.0620721584960984 1.0312232181963494 1.0002725644203485 0.9693638730786386 0.9386294524147069 0.908190434825698 0.8781571580553361 0.848629698227701 0.8196985282124224 0.791445288660046 0.7639436759038248 0.7372604716914346 0.7114567664424345 0.6865894643268976 0.6627132118666641 0.6398829739949455 0.6181576131148243 0.5976050419385021 0.5783098729211235 0.5603850390491224 0.5439895887342883 0.5293550990158374 0.5168187211990177 0.5068284369111314 0.49969041350858073 0.4936169532084512 0.47265300940956906 0.40045717082888777 0.4609771889168536 0.3493095455997248 0.20189358489577008 0.12798663707628882 0.09272899421942485 0.07493156159748629 0.06624463588980825 0.06282294818245386 0.0630522092540173 0.06581039801297489 0.06900215666443832 0.06611765694954283 0.03890622482751947 -0.04408323876650952 -0.18384267520997502 -0.313162935363487 -0.3932280757053778 -0.4409449834028879 -0.4735832841936789 -0.4985970702097287 -0.5191608845115714 -0.5368910684413031 -0.5527220304065105 -0.5672233671017207 -0.580745202009791 -0.5934975083064344 -0.6055980216456693 -0.6171032159974492 -0.6280295504047138 -0.6383689027126024 -0.6481003902518302 -0.6571998183640518 -0.6656474462695311 -0.6734344445593962 -0.6805682498111026 -0.6870769527456632 -0.6930128659522096 -0.6984555036321296 -0.7035143876555777 -0.7083324212976934 -0.7130911531001715 -0.718020320497191 -0.7234161232724389 -0.7296768859384289 -0.7373739025256038 -0.7473964301081468 -0.7612626442395233 -0.781832031536663 -0.8150861960203485 -0.8750992704041722 -0.9998584496475534 -1.3083898741171296 -2.199917201616156 -4.711280667837884 -16.964170604618108 -15.195833312441312 -16.974032400574757 -4.726794274714589 -2.213798072821215 -1.318858344251254 -1.0081275479536544 -0.8816186632292357 -0.8199172972202797 -0.7849318960935675 -0.7625824651145949 -0.7469175877209238 -0.7351224841630567 -0.7257291909624006 -0.7178993396197716 -0.71110998461846 -0.7050061657291143 -0.6993281186967869 -0.6938740917700421 -0.6884809650713077 -0.683014021078458 -0.6773614199761279 -0.6714309822272684 -0.6651479333841719 -0.6584528329212476 -0.6512992233970762 -0.6436507080510462 -0.635477243977803 -0.6267504425109012 -0.6174375955810971 -0.6074939738419756 -0.5968526193691619 -0.5854102867026287 -0.573007185794644 -0.5593963684279356 -0.5441950812001216 -0.5268025974351739 -0.5062475938492713 -0.48085405613602544 -0.44732926495459574 -0.39799577958031457 -0.31536674333430853 -0.1830390379548011 -0.0413540680878731 0.04190855759956268 0.06857464033813204 0.07082900838544263 0.06715638258693257 0.06407102232747186 0.06361409399569681 0.06686363665861539 0.07543587162104794 0.09297431039796496 0.1282236553003867 0.20216973547723086 0.3493964087482125 0.4537479003299284 0.4003812589064503 0.4729271600375039 0.49354920299135985 0.4994570457823247 0.506466940833244 0.5163402421249864 0.5287672867180734 0.5433015089985616 0.5596086052793044 0.5774604144243335 0.5967015698562744 0.6172229217611287 0.6389436112693431 0.6617993226635498 0.685734501579808 0.7106970619108816 0.7366346589332868 0.7634919599593951 0.7912085605629 0.8197173275642692 0.8489430337920653 0.8788012045953761 0.909197134010907 0.9400250560982284 0.9711674779161679 1.0024946967816277 1.0338645365987815 1.065122346327266 1.0961013078943962 1.1266231007602754 1.1564989656585394 1.185531200648738 1.2135151086483476 1.2402413974695576 1.2654990118019318 1.2890783526230019 1.310774814572098 1.330392547546003 1.3477483270005433 1.362675400067633 1.3750271634018196 1.3846805251479661 1.3915388085797746 1.3955340691495375
1.3595577767920095 1.357796737888993 1.353324626335486 1.3461934970790173 1.3364816743754104 1.3242917139943848 1.30974784709408 1.2929930206904314 1.274185661954842 1.253496297764448 1.2311041572997512 1.207193874930167 1.18195239450326 1.1555661561028472 1.1282186241235463 1.1000881928440867 1.0713464841176752 1.0421570326203753 1.0126743382681398 0.9830432535421287 0.9533986658267168 0.9238654314346604 0.894558518505894 0.865583319997118 0.8370361050568316 0.8090045868002694 0.781568596666804 0.7548008703571083 0.7287679686308064 0.7035313797979477 0.6791488828809333 0.6556762968868626 0.6331698119653673 0.6116892078749231 0.5913024375815978 0.5720923183517946 0.5541664384804029 0.5376717047320619 0.522814265541472 0.5098790302292849 0.49920665289586313 0.49089112916493605 0.4828494339173589 0.459695826801438 0.3751373303061555 0.43607745471376025 0.38700412654137906 0.22901904525074196 0.14177864724507672 0.09972438885686083 0.07843641316404971 0.06741457749239549 0.06222775755455813 0.06091782718418756 0.06249034193036247 0.06598665212533003 0.06903111232554944 0.06430769147374339 0.032839073506546454 -0.05452512904578021 -0.19386260609180905 -0.3189111772702789 -0.39270807264523555 -0.4333129243708365 -0.45953338813664857 -0.47922802702665807 -0.4953509804958332 -0.5092238052319958 -0.5215604260845063 -0.532787000540454 -0.5431650520448063 -0.5528523452498987 -0.5619389249679941 -0.5704708955661044 -0.5784672654783568 -0.5859325430311411 -0.5928665712546071 -0.5992724587179453 -0.6051631118333428 -0.6105666851469069 -0.6155311880081898 -0.6201284995469468 -0.6244581543655665 -0.6286515023158422 -0.6328772965481904 -0.6373505928988584 -0.6423484066419965 -0.6482386462631727 -0.6555351960135077 -0.665005882052609 -0.6778921542577084 -0.6963785269548926 -0.7246588441527165 -0.7715339025021843 -0.8571837853934509 -1.0313140366213758 -1.4153450647742116 -2.2556743769134346 -4.27338511022082 -16.15844174316483 -13.44371614297353 -16.166566102788185 -4.286962744136167 -2.2707387999262187 -1.4284260877227422 -1.0415971686779175 -0.865104027899314 -0.7773516439037382 -0.7284470515164722 -0.698147666521135 -0.677657171417315 -0.6628160570557545 -0.6514864124572984 -0.6424768665095157 -0.6350681155060942 -0.6287899658831216 -0.623311065243969 -0.618382181031754 -0.6138061671168071 -0.6094216894517406 -0.6050941547833271 -0.6007103617926866 -0.596174951903937 -0.5914075593033364 -0.5863400047347845 -0.5809131142382674 -0.575072851281155 -0.5687654612986489 -0.5619312451279335 -0.5544963801352278 -0.5463618373690138 -0.53738777071754 -0.5273704605347006 -0.5160060308455976 -0.5028273539915151 -0.4870743259919845 -0.4673573676789911 -0.4405949223580429 -0.39868534365862685 -0.3225433522737325 -0.19446109586799445 -0.052803914837504455 0.03536756182576358 0.06666566769103648 0.07094189414854662 0.06749166996444622 0.06369389871867491 0.06187572548299426 0.0629396489334305 0.06788873147784058 0.07875954306707858 0.09997931966932963 0.14203922619705145 0.22934243905773713 0.38685971621559184 0.4097085912358469 0.37565196868517087 0.45998157907122456 0.482774154033318 0.49063224928773347 0.49880218136321725 0.5093409766558435 0.5221513104763399 0.5368942346684945 0.5532880379407161 0.571130360223284 0.5902783537211042 0.6106285848152513 0.6321023467957145 0.6546356166608882 0.6781722209780774 0.7026590999856519 0.7280429280024077 0.7542676146657741 0.7812723855873299 0.8089902523689394 0.8373467540345746 0.8662589001255231 0.895634279327649 0.9253703220209735 0.9553537236254207 0.98546004963665 1.015553553485466 1.0454872449763153 1.0751032499681814 1.104233500973599 1.132700793323661 1.1603202324688193 1.1869010850356598 1.2122490298597477 1.2361687860450774 1.2584670741166373 1.278955844742773 1.2974556887354998 1.3137993236590295 1.3278350379995354 1.339429964981343 1.3484730560114642 1.354877629226104 1.3585833819632895
1.3212154280713213 1.3195295167565808 1.3153112113924075 1.3086082813518638 1.2994918158194808 1.288054421793596 1.2744079846045757 1.2586810894639424 1.2410162123010324 1.221566791068162 1.2004942850965348 1.1779653207647691 1.154149007876104 1.129214494139095 1.1033288064975502 1.0766550091959166 1.0493506906699306 1.0215667756601574 0.9934466461097717 0.9651255448956284 0.9367302304303715 0.9083788476061952 0.8801809811808248 0.8522378611784908 0.8246426958113128 0.7974811155159748 0.77083172183943 0.7447667473247022 0.7193528480080014 0.6946520702035868 0.6707230606977506 0.6476226288990814 0.6254078282023565 0.6041388127682792 0.5838828594243907 0.564720132992874 0.5467519869163954 0.5301126001919786 0.514983461943772 0.5016027611860566 0.49022577910723425 0.4808163256906615 0.4713150471688423 0.4482693408582099 0.36164765589208864 0.3941173719640135 0.4255102189652834 0.2665758538877843 0.16156976914491042 0.10990898503243887 0.08366441299489202 0.06972529670762756 0.06244848390584258 0.05924711062253861 0.05919505544446511 0.06136018785508686 0.06502754608828983 0.06772064725718396 0.062226810970770895 0.030733117307216156 -0.053948556976260206 -0.191792235233692 -0.32185553621256147 -0.3984968854840631 -0.4359881683378969 -0.45690534611802797 -0.4714547281977747 -0.4830756092103522 -0.4929786899644794 -0.5016906685799679 -0.5094942091490077 -0.5165598052804623 -0.522994699504344 -0.5288672442161925 -0.5342222984789714 -0.5390923640821598 -0.5435062173586171 -0.5474958791260837 -0.5511024209459192 -0.5543809607524118 -0.5574051612032791 -0.5602715965528097 -0.5631045222778028 -0.5660619287314882 -0.5693444144626486 -0.5732096357732606 -0.5779974077900586 -0.5841750641486936 -0.5924218228119401 -0.6037898663019677 -0.6200198276509473 -0.6441716277037965 -0.6818902432695787 -0.7438384940880749 -0.8497113352731852 -1.0330563423524803 -1.3519367912319882 -1.9761930602243483 -3.7957653928047383 -14.965636000854929 -11.709361752068496 -14.970973872021768 -3.8069000432373854 -1.988420499782369 -1.3648223987250148 -1.0450180535176978 -0.8595546773350737 -0.7512223614366829 -0.6868451130244697 -0.6467914475052258 -0.62039970381055 -0.6020375446622076 -0.5886745599869988 -0.5786089037526551 -0.5708293540722748 -0.5646948856471437 -0.5597703569804783 -0.5557400924827329 -0.5523613050212577 -0.549438401440627 -0.54680843016683 -0.5443325015914506 -0.541890352045087 -0.5393764559598491 -0.5366967539122336 -0.5337654173034505 -0.5305012420247911 -0.5268233151017341 -0.5226455516176117 -0.5178695361485659 -0.5123747181541746 -0.5060040020618208 -0.4985395903366167 -0.48965242282616755 -0.4787640613942132 -0.4645886967699565 -0.44354383687392235 -0.4051406888007931 -0.32647009837334773 -0.1935662473056988 -0.05334234025037659 0.03247987323382669 0.06417990035775058 0.06950091919761787 0.0665748729777503 0.06269694134217965 0.06023385811646998 0.060157066211251185 0.06299009221757321 0.07006815971078749 0.08391576503429261 0.11013901814389467 0.16185124285948965 0.26692763326634433 0.42475513304379914 0.3209326691344731 0.3624943176842495 0.4485321781792378 0.47123074117550795 0.480541964424525 0.4897957825110738 0.501028878665591 0.5142748364068445 0.5292804036988271 0.5458108263310496 0.5636886078592157 0.5827838129722724 0.602999411978208 0.6242595047813304 0.6465008825680374 0.6696671166520649 0.6937043801281156 0.7185584246421023 0.7441723251572514 0.7704847408475903 0.7974285309944171 0.8249296253395081 0.8529060895814445 0.8812673556761207 0.909913607652021 0.9387353292751154 0.9676130314294159 0.9964171851309994 1.0250083908672292 1.0532378164474219 1.0809479337019703 1.1079735791534844 1.134143355288842 1.1592813775223478 1.1832093577763545 1.2057489994279476 1.226724660994029 1.2459662283484132 1.2633121186379326 1.2786123246473242 1.2917313974257019 1.302551258721532 1.3109737341507042 1.3169227036730515 1.3203457780449883
1.2817656081392905 1.2801781808332247 1.276243014369354 1.2700027089927608 1.2615200359859844 1.2508764178242704 1.238170058276897 1.2235138015837788 1.2070328068886145 1.188862125856829 1.169144268125404 1.1480268315889302 1.1256602634779749 1.1021958048539888 1.0777836566982018 1.052571391319969 1.0267026193169497 1.0003159105491441 0.9735439580782982 0.9465129670775497 0.919342246424498 0.8921439789727506 0.865023147141279 0.8380775931945512 0.8113981981407118 0.7850691693656179 0.759168434939544 0.7337681522629396 0.7089353510708795 0.6847327471434201 0.6612197856373012 0.6384540053418885 0.6164928626947355 0.5953962242392139 0.5752298354665659 0.5560701995394234 0.5380113966705443 0.5211741794995837 0.505716100909008 0.4918340234244869 0.47971808766115454 0.4692700995469537 0.45867770776616246 0.4371865343902763 0.3593285414077569 0.3185271828346836 0.4496696072123197 0.31694397806574753 0.19011036451861435 0.12468883356172802 0.09142025102149652 0.07355173937521536 0.06371938382159673 0.05858147435841168 0.056483492083453095 0.05680175548265161 0.0589327699579325 0.06234797810754134 0.06484006724064915 0.060221779523319266 0.03355068827791237 -0.040331884268610965 -0.17232846641619728 -0.31659982830833716 -0.4112122642551037 -0.4538069039645575 -0.4712893524389155 -0.4801850075907069 -0.4863166709970078 -0.4913292281526774 -0.49565463175767865 -0.4994164209460724 -0.5026677520415899 -0.505449313882624 -0.5078028098407291 -0.5097745135984251 -0.5114169610956484 -0.5127903405211063 -0.5139636851637062 -0.5150157072289692 -0.5160350786234181 -0.5171199544552796 -0.5183765259023747 -0.5199164329470257 -0.5218531143856129 -0.5242980175283786 -0.5273600354516329 -0.5311579297694474 -0.5358704836809717 -0.5418788178080112 -0.5500971674431566 -0.5626052183035849 -0.5836259923875985 -0.6208783356898753 -0.6880574513021658 -0.811844088551433 -1.055517961532654 -1.6160116119319572 -3.4229290343248984 -13.217589098958921 -9.978055312222867 -13.219643386962883 -3.431954073628493 -1.6247894812480144 -1.0643123532893555 -0.8206675485423446 -0.6966893708419553 -0.6288503272798617 -0.5902949422998531 -0.5673556206801377 -0.5525362960537435 -0.5418902145011425 -0.5335502306624965 -0.5267278723558299 -0.5211072547344215 -0.5165423710317673 -0.5129309185010829 -0.5101710381251967 -0.5081511963576617 -0.5067513041014728 -0.5058465914735354 -0.5053113432050896 -0.5050217139753085 -0.5048575748570753 -0.5047035603268019 -0.5044495267429621 -0.5039906248187738 -0.5032271731745954 -0.50206447105984 -0.500412380530915 -0.4981829455631313 -0.4952775121121494 -0.49152744393066766 -0.4864485364750445 -0.478310926259254 -0.4611073336622839 -0.41794053241597784 -0.3215482394058221 -0.17473102545002722 -0.040566742699921804 0.03454007398148776 0.0616879559220355 0.06642659792469766 0.06395465649738655 0.06041124770584686 0.05791864046117106 0.05738408333670739 0.0590761669201911 0.06403552299311051 0.0737811993821672 0.09161890433846304 0.12491317347274307 0.19043199229386176 0.31726660882542934 0.4473810244280665 0.31077827604721514 0.36022420136959526 0.4374018013300921 0.45858461144560936 0.46899136803297276 0.4792817310845415 0.49125061515973373 0.504994686530228 0.5203261301428834 0.537051613250011 0.5550175951501701 0.5741075483069555 0.594231675482515 0.6153176844654138 0.6373038374108232 0.6601339311227581 0.6837536754668357 0.7081080372456497 0.7331392443435996 0.758785245962552 0.7849784964311523 0.8116449794719816 0.8387034239852096 0.8660646864639399 0.8936312924084674 0.9212971415556191 0.9489473905088905 0.976458532017751 1.0036986929686937 1.0305281732170632 1.0568002447729554 1.0823622256488081 1.1070568350575887 1.1307238268999853 1.1532018869949296 1.1743307668208856 1.1939536132877269 1.2119194410172276 1.2280856816195893 1.2423207344233194 1.254506435946096 1.264540361915142 1.2723378765214217 1.2778338492282006 1.2809839699207528
1.241391293654608 1.2399239993902371 1.2362975434901906 1.230548576677222 1.2227306216709135 1.2129128743083755 1.2011787469773774 1.1876242117347262 1.1723560047452342 1.155489754318117 1.137148092080639 1.1174588012199018 1.0965530479396755 1.0745637331139004 1.0516239913809147 1.0278658553565299 1.0034190938754473 0.9784102256677426 0.9529617039454913 0.9271912631555327 0.9012114166554068 0.8751290931914438 0.8490454006401644 0.8230555073394363 0.7972486343411511 0.7717081560103465 0.7465118116834052 0.7217320379189162 0.6974364399116583 0.6736884330466121 0.6505481031609327 0.6280733595327015 0.6063214915813253 0.5853512928889719 0.565225986224248 0.5460172589561182 0.5278107338738217 0.510712893348608 0.4948578629613079 0.4804058213057943 0.4674982015942538 0.4560229862722134 0.4445302218636745 0.42511350539150844 0.36258906870391017 0.2607972948122689 0.43200773645631096 0.3787139029616495 0.23157542271502068 0.1464664545563565 0.10290954817940204 0.079522131021179 0.0663325482633584 0.05882019649138197 0.05481779225412745 0.053201995955436225 0.053229330969405214 0.054715162863465214 0.057449303767533454 0.06013453093919219 0.05806631044494023 0.040530559196865976 -0.013334099767075032 -0.12575219142172772 -0.2827628111834923 -0.419272787608211 -0.49197467493364316 -0.5167656492283974 -0.521672688879734 -0.5211036128273253 -0.5198066595398517 -0.5189314761501913 -0.5186450948574567 -0.5189498418765369 -0.5198935730413621 -0.5216037189040299 -0.5242680639845465 -0.528081342817455 -0.5331332394240689 -0.5391789089816986 -0.545203646283539 -0.548734352807765 -0.5451763667282202 -0.5283115666865891 -0.4936342827885071 -0.4434342856604863 -0.38761005207308274 -0.3377129994626303 -0.3010716287683505 -0.28010528829412457 -0.27465850266404573 -0.28430340918611485 -0.30993164291117575 -0.3553127547699447 -0.42998346154172407 -0.5567723547597021 -0.7958409658776919 -1.3441156672230694 -3.1420252755835407 -10.955724481106651 -8.24907584072555 -10.955930713224888 -3.149413001944386 -1.350688087264167 -0.8018111944421582 -0.5621942128130245 -0.4348215831040943 -0.3595154795263254 -0.31345613645556814 -0.28712148520970715 -0.2767504119730541 -0.2814400009752761 -0.3015687332412607 -0.3371882806813056 -0.38574047783073573 -0.4398337851978353 -0.4880951413144685 -0.5210290296624929 -0.5366877708848744 -0.5396611195138605 -0.5360735287774459 -0.5303932993910978 -0.524997130730447 -0.5208353467589099 -0.518107023149519 -0.5166844736770024 -0.5163369168640567 -0.5168402696217468 -0.5180304482945358 -0.519823478464546 -0.5221819846303315 -0.5249018061991553 -0.5267773723297702 -0.5229313915466306 -0.4986439967168267 -0.42539471901302955 -0.2871700500321026 -0.12802638824443102 -0.01386718352746205 0.04111042587844017 0.05929786041863833 0.06184341672970748 0.05950132794254258 0.05657194850732731 0.0545525113358164 0.053851045557951616 0.05520691945670989 0.05908350577979808 0.06652868404867328 0.07968945487444809 0.10308785538878971 0.1467133315678356 0.23195199659774884 0.3788134289758937 0.42433826729732244 0.26013137922036444 0.36333319160673494 0.42527121333734735 0.44443127882658306 0.4557520073587138 0.46707570920691244 0.47984065758500366 0.49415849165128156 0.5098902935014608 0.5268793391333565 0.5449953395601745 0.5641358136916911 0.5842191735555731 0.6051776858307251 0.6269518825177486 0.6494863961725158 0.6727268931967206 0.6966177967913713 0.721100568667367 0.7461123903625286 0.7715851393904303 0.7974445941961736 0.82360982902568 0.8499927787718531 0.8764979670780108 0.9030224000245864 0.9294556335522516 0.9556800259394295 0.9815711874778258 1.0069986381927638 1.0318266812189247 1.055915494473383 1.0791224368189631 1.1013035572903327 1.1223152875307836 1.1420162887782168 1.160269416009903 1.1769437537114344 1.191916670703233 1.205075836073398 1.216321135040623 1.2255664229541494 1.232741057968879 1.2377911583873815 1.2406805391957556
1.2002926286065931 1.1989642614522582 1.1956668370288426 1.1904304238910588 1.1832985739484176 1.1743274733480766 1.1635849308710948 1.1511492378649764 1.1371079351523028 1.1215565219405164 1.104597139717847 1.086337260784527 1.066888406846569 1.0463649184340345 1.0248827912134375 1.0025585909012262 0.9795084547177672 0.9558471843107338 0.9316874328891703 0.9071389879247328 0.8823081501206098 0.8572972093130555 0.8322040184525883 0.8071216677382912 0.7821382623399188 0.757336809025881 0.7327952196438394 0.7085864431820544 0.6847787437309159 0.6614361500535619 0.6386191150797075 0.6163854423722757 0.5947915637835656 0.5738942899887953 0.5537532016202451 0.5344338871481321 0.5160121982425235 0.4985793495964347 0.4822462277483546 0.46713981764545404 0.45336439943277235 0.4408210098117072 0.4284424802610238 0.41085625762255407 0.36435727624684827 0.24581859634100908 0.3521127961067191 0.43538308906220546 0.29108456084926254 0.17935359046288957 0.12025802661402729 0.08872979096088568 0.0708929045664719 0.06035522118659886 0.05407937823949757 0.05053898570026386 0.04892618331192354 0.04876262701740615 0.049567013236666214 0.050164539927791865 0.052604436636567685 0.054397679436762866 0.0486784302211754 0.02248089618364877 -0.04652013928307355 -0.17862106126760308 -0.35774590051496763 -0.5219933001247272 -0.6246665494903184 -0.6736561517324322 -0.6984033406865267 -0.7206975319769641 -0.7529178005094459 -0.8029215735747354 -0.8741898919582329 -0.954140856458288 -0.9851706803356874 -0.86784793921784 -0.5935499635861293 -0.2924253230446961 -0.060275188556780004 0.08977891780769028 0.17272371639414033 0.20641469878154048 0.21255633906003463 0.2564034266404551 0.1527856187653201 0.10412856727434759 0.06170849761415991 0.020778585103998472 -0.02033733131396298 -0.063611787495393 -0.11209500464040113 -0.1710618264881364 -0.25079082592113355 -0.3741346431433482 -0.601018796151515 -1.130445327666937 -2.8845678605412166 -8.454738200147817 -6.539652517695505 -8.449040394173622 -2.88693799049035 -1.1327909398669123 -0.6029621347135417 -0.37572070743321495 -0.252117387902585 -0.1722759948984483 -0.11340301792571458 -0.06530621243407603 -0.022875841713602824 0.01654926202152226 0.05384592180841039 0.08678899015733467 0.10121835137095801 0.044941952098601745 0.16051103844288894 0.19212093235558586 0.1684653551337347 0.08986857003088498 -0.057480603740825253 -0.2874027984620908 -0.5866861550084727 -0.8605606823017398 -0.9793715074335138 -0.950325516288563 -0.8719743565458937 -0.8020464834716337 -0.7533393216360316 -0.7224519605972373 -0.70150461095818 -0.6779869825737432 -0.6298099764132221 -0.5271255187480696 -0.36194529967974776 -0.18140082377941272 -0.04786313617802456 0.022373538951441705 0.04962832635183567 0.056527411325202455 0.05585230032985135 0.053940905335819495 0.05090961364363968 0.04941019958291554 0.049318691248993345 0.05080792919247872 0.05427690828866312 0.06050982480564117 0.07102714263519845 0.08886972023743753 0.12044353209562268 0.17964807830296217 0.2914843290322714 0.43473852326708806 0.2840956693728965 0.24662237630185288 0.3648798460226202 0.41095961408835363 0.4283433688331671 0.44057068290123574 0.45297638090955245 0.4666210382236104 0.4816041873630791 0.4978240729466943 0.5151568997299136 0.533495246885213 0.5527514805070571 0.5728533412287146 0.5937387497095344 0.6153514502990437 0.6376376610670996 0.6605435584993213 0.6840133917641954 0.7079880614427213 0.732404045184182 0.7571925918254743 0.7822791342974362 0.8075828918731888 0.833016646104683 0.8584866838464018 0.8838929062881669 0.9091291057313786 0.9340834124998729 0.958638913278807 0.9826744396470697 1.0060655219121388 1.028685498871794 1.0504067691288026 1.0711021643903555 1.0906464201052835 1.1089177141288815 1.1257992401204329 1.1411807793148117 1.1549602323599133 1.1670450722420835 1.1773536800473983 1.1858165275019872 1.1923771739089941 1.1969930501995614 1.1996360091949125
1.1586839004912326 1.1575093943566839 1.1545547727205272 1.149843074660492 1.1434074153081701 1.1352905033348748 1.1255440914436894 1.1142283698577577 1.1014113113706663 1.0871679750939645 1.071579774768664 1.0547337165461548 1.0367216106097557 1.0176392609736575 0.9975856382793898 0.9766620413688374 0.9549712547469627 0.9326167106087315 0.9097016657195656 0.8863284049312165 0.8625974843258719 0.8386070278053555 0.814452091329528 0.7902241089939461 0.7660104348443408 0.7418939939799353 0.7179530564399521 0.6942611480751024 0.6708871147242818 0.6478953603949514 0.6253462878729532 0.6032969825621063 0.5818021986444628 0.5609157311565933 0.5406922845696802 0.5211899607928451 0.5024734278313335 0.4846175030795738 0.46770967591481066 0.4518459535614613 0.4371001335265952 0.4233948254498893 0.40999979146757953 0.39352282405342803 0.3597216675159043 0.26501520191364647 0.22736451734112603 0.436888844780508 0.36871431464159266 0.23003071269189113 0.14733897279144287 0.10315300525800061 0.07843491562490096 0.06376378171523422 0.054672550709960036 0.04894206066192987 0.045413993019279515 0.04346893249419518 0.04278390235170592 0.043204215239716404 0.044631834960643005 0.04675773759289158 0.04792301813296526 0.04939781969241612 0.053435402076926125 0.04644369535794586 0.014947661203900914 -0.05739446861874693 -0.17551962933588075 -0.3120754985626704 -0.3948161974208928 -0.29648019790179553 0.12124146682513218 0.8226865911518162 1.4877740155113326 1.650724888974253 1.3192346882378474 0.8729629042451007 0.5595000958801599 0.37041205791396725 0.25765194443230416 0.18813025747141188 0.14326660437882044 0.11289053460172133 0.09128825122966402 0.07509564941683268 0.062201009110101166 0.05115227720657796 0.040807091534908656 0.030085696251871286 0.017735376836848216 0.0020128587638820056 -0.01987477627489643 -0.05294072754668104 -0.10721585729376958 -0.20539941544678625 -0.4077636303137276 -0.9142922045484045 -2.5603443250202207 -6.034174575352677 -4.885506477166787 -6.031191035405988 -2.562101865926974 -0.9154319886650104 -0.4080431619982572 -0.20512680116176776 -0.1066700222697478 -0.05230792017584593 -0.019249640767495767 0.002597265998379634 0.01827820460204765 0.03059993155110172 0.041310434438342494 0.05166328929237118 0.06273780891825687 0.0756757754248415 0.0919291081487792 0.11361020114008186 0.14408486297607842 0.1890695420647893 0.2587374950004693 0.37167110886004184 0.5609745466847774 0.8748913142933185 1.3238343149551293 1.700429058223965 1.507162339417048 0.8339306691042543 0.13043258088589801 -0.29037890884333456 -0.3917740334260401 -0.3111301303546484 -0.17568889834006052 -0.057843082783071 0.014926343762564017 0.047506287323228195 0.05675322340317874 0.055930766193641755 0.052423393296432086 0.04814427513603267 0.04525747462039777 0.0435789606096508 0.04304719330828778 0.04366901801092435 0.045571867273622384 0.049069841724441246 0.05478004976698403 0.06386191645211728 0.07853915182590741 0.10328914087928152 0.14755258709234154 0.23037674065728733 0.36895424661346066 0.4340335484433314 0.22484341876255967 0.2658563958643205 0.36004687063862834 0.39358289739755387 0.40990812761049994 0.4231783502346543 0.4367668314032667 0.45140093654062974 0.46715918842919724 0.48397009901371574 0.5017403937024011 0.5203854958306237 0.5398335719730218 0.5600229334611335 0.5808983799073029 0.6024079502571071 0.6245003442013802 0.6471229521728684 0.67022037198689 0.693733303797725 0.7175977433410949 0.7417444193084387 0.7660984403604065 0.7905791309096586 0.8151000434941708 0.8395691404484951 0.8638891395837681 0.8879580184267817 0.911669669813853 0.9349146987652905 0.9575813470090665 0.9795565276819381 1.0007269489923085 1.0209803023352628 1.0402064878107324 1.058298848551804 1.0751553848764097 1.0906799200962582 1.1047831918174746 1.1173838456226004 1.1284093119345022 1.1377965513709483 1.145492658716444 1.1514553204695817 1.1556531254946936 1.1580657323786234
1.1167893829922486 1.1157789968836644 1.113173362009446 1.1089882547110543 1.1032461803430749 1.0959762609485224 1.0872141488131133 1.0770019521567633 1.0653881550480555 1.0524275112305523 1.0381808910520967 1.0227150620678094 1.0061023869709398 0.9884204270128696 0.9697514446276504 0.9501818051482352 0.9298012838336196 0.9087022904715287 0.8869790291739741 0.8647266153151859 0.8420401746368467 0.8190139512536968 0.7957404516370782 0.7723096507709576 0.7488082848101518 0.7253192520802307 0.7019211415963554 0.6786879059908419 0.6556886944724838 0.6329878619374069 0.6106451734419224 0.5887162297646539 0.5672531502650378 0.5463055630224601 0.5259219648223178 0.5061515091708503 0.4870462107394354 0.4686632753936154 0.4510663433806764 0.43432152270415214 0.4184747712808732 0.4034659242309292 0.38882229501878013 0.3725389343451562 0.34682408047477636 0.2844760934342439 0.17389581193634399 0.31764331615343505 0.43356508538760274 0.30599994792560514 0.19122111426220967 0.1265878936976757 0.09090393580763464 0.07005882589285811 0.057134719456713855 0.04873412755428827 0.04310543011877942 0.039306927871011546 0.036831054135952265 0.03543553495524326 0.03507939925176254 0.03592875380311236 0.03843488204688285 0.043523035836595836 0.05298441185830571 0.07025298442415862 0.1018355158463462 0.15932652349917764 0.25905371744032485 0.4060942582985468 0.5471239485269375 0.5680410548354751 0.4492068199314005 0.2990243299561536 0.18818867814488954 0.12027081548380365 0.0805282997384032 0.05699438336681269 0.04257120870130765 0.033351542240549 0.027190158005971722 0.022878999508300028 0.019710491037676615 0.01724819730563255 0.01520313542033121 0.013363157561543288 0.011548005053330677 0.009574402004244111 0.007219803025098901 0.0041720421184142185 -5.681046601764203e-5 -0.0062997864877955174 -0.01610756057708588 -0.03266529668515458 -0.06333145308002702 -0.1275334206420256 -0.28397667907409013 -0.7323538933123893 -2.1220648765829457 -3.93018326042436 -3.3366420296867245 -3.9276961733160314 -2.121856014604369 -0.7321376480613353 -0.283465326755287 -0.12698593828895904 -0.06285228281869815 -0.03226319666057245 -0.015764576425450375 -0.005996298036755051 0.0002230103213119311 0.004440270367761085 0.007485701916832687 0.009845164491408482 0.011829174352388696 0.013658817276316133 0.015515974760002528 0.017579529809257036 0.020060273616435705 0.023245867772937433 0.027571460430785073 0.033743311221583465 0.04296793134704837 0.05738827981935717 0.08090747454571061 0.12061505081443402 0.18846208082226648 0.29917532094005467 0.4492328305765041 0.5681456469608472 0.547533694402696 0.4065979875722772 0.25934996237863184 0.15940831825386215 0.10183414865035822 0.07025197169017189 0.053009408052974494 0.04357444409576987 0.038505411158517994 0.03601011461299984 0.03516457757258855 0.03551936523432778 0.036910203381971735 0.039379759190821824 0.04317195653824533 0.04879619754442541 0.05719663946976374 0.07012885322319387 0.09099755790803524 0.12673414653692427 0.19146623479694222 0.30632117682145354 0.4331542955441793 0.2827142282214026 0.1743135830088146 0.2849776923483319 0.3470076435670267 0.37256890225329 0.3887464191725855 0.4032961101315 0.4182151998531152 0.43397569629125 0.4506390136234802 0.4681610594471683 0.48647782780830445 0.5055278839429062 0.52525626501525 0.5456131864975472 0.5665516607909187 0.5880252349259647 0.6099861363159961 0.6323838379086794 0.6551639853407916 0.6782676252652691 0.7016306876017281 0.7251836892929358 0.7488516386802283 0.7725541270705667 0.7962055978737062 0.8197157845423307 0.8429903071619844 0.8659314145631344 0.8884388548593861 0.9104108529065815 0.9317451688491278 0.9523402081582756 0.9720961508136207 0.9909160659001577 1.0087069781614004 1.025380855108987 1.0408554871477447 1.055055238681433 1.0679116550224348 1.0793639177065337 1.0893591489753367 1.0978525741366094 1.1048075576324083 1.11019553436833 1.113995861717904 1.1161956192976674
1.074838151898584 1.0739968803937698 1.0717381068021334 1.0680703442458164 1.0630056318033043 1.0565597820929198 1.0487527418360925 1.0396090292253417 1.029158205211063 1.0174353325284444 1.00448137650644 0.9903435052493277 0.9750752532253236 0.9587365210226313 0.941393394306574 0.9231177760434436 0.9039868370618163 0.8840823002777316 0.8634895827967028 0.8422968271506448 0.8205938578226413 0.7984711018335728 0.7760185125618968 0.753324534357309 0.7304751422491546 0.7075529866075251 0.6846366675480923 0.6618001587923786 0.6391123962613346 0.616637043561036 0.5944324453619819 0.5725517809848965 0.5510434343648982 0.5299516018419644 0.5093171615323854 0.48917881432618354 0.4695744405622239 0.4505423983193947 0.4321218393001257 0.4143492245655477 0.3972426094324991 0.38074790970488254 0.364564355264009 0.3475658716210852 0.3257989340712895 0.2857583551623125 0.19613447096253211 0.16063705423038815 0.384393616554262 0.39448210849989274 0.26256998719232616 0.1665140520394181 0.1122431848984251 0.08125513523636492 0.06248480630904828 0.05039983862994848 0.042194709657257204 0.036378916529566006 0.032129425239806955 0.028991704695352467 0.0267439758133564 0.02534804343227575 0.02495878810262884 0.02598564505673362 0.029193961436079274 0.03575538662371297 0.04687299889254459 0.06207554040493446 0.07588302691682802 0.07797432823522371 0.06403503542812178 0.04280326984967374 0.024742158166351877 0.013168651244076887 0.0068073883664992035 0.003626258578977616 0.002163004126574636 0.0015677062926874631 0.0013851536104142678 0.0013783302304433628 0.0014232946184626755 0.0014522580407712905 0.0014233564605508672 0.0013039773699347335 0.0010603462211964676 0.0006491744568884929 8.427389015177797e-6 -0.0009557953743830859 -0.002390752972595025 -0.004535299750276703 -0.0077924661275868105 -0.012876833770691862 -0.021138464972744977 -0.035347130512079605 -0.06182554942388459 -0.11706530275679147 -0.2507529231083442 -0.6235399649548313 -1.5617623251798118 -2.2340723509249374 -1.9487976288400435 -2.232361885152966 -1.5606813259829468 -0.6230191477740487 -0.250373917873739 -0.11677667520832055 -0.061599587034147 -0.035161260674720966 -0.020977494884090557 -0.012730988169260826 -0.0076552233452702855 -0.004402015938190024 -0.002257930506810857 -0.0008207466094991775 0.00014769708638297414 0.0007939745178198697 0.001211268171907644 0.0014608651840593463 0.0015853074891126057 0.0016176709183205271 0.001589972492708076 0.0015436421166771137 0.001546253744111166 0.001721811432302097 0.0023077318896163566 0.00376003353238024 0.006929912448663936 0.01328135315545488 0.024848204355785566 0.04290583834179343 0.06413174068746569 0.0780501152388087 0.07591674679568058 0.06206323822120047 0.04683324355427981 0.03571102847664483 0.029159184433425342 0.02596541524017469 0.024952659489852966 0.02535336310574232 0.026757657626274106 0.029011037489529375 0.032152414106916286 0.036404467682997654 0.04222284730278862 0.05043212124864313 0.06252519978642973 0.08131183660185237 0.11233213214052318 0.16666253704631606 0.2627904865765137 0.3945161323023958 0.38207862476814725 0.16012853094401883 0.19658823512146748 0.2859848080481689 0.32588901236794376 0.3475771352441907 0.3645121642665003 0.38063638526147725 0.3970736150488609 0.41412483631903524 0.431845096856357 0.45021756869315527 0.4692071269889775 0.4887760050610455 0.5088872451884332 0.529504354544675 0.5505899767451113 0.5721045003877256 0.5940048777222122 0.6162437093003394 0.6387685850671625 0.6615216592282774 0.6844394391698803 0.707452774655706 0.7304870380534624 0.7534624882516929 0.7762948102180781 0.7988958192497454 0.8211743144482412 0.8430370604325537 0.8643898704109858 0.885138758086147 0.9051911210651373 0.9244569150402093 0.9428497764666983 0.9602880521564624 0.9766956973391745 0.9920030093586749 1.006147172109918 1.0190725962249718 1.0307310513392764 1.0410815987973814 1.0500903450616166 1.0577300469728308 1.0639796089926403 1.0688235188391733 1.072251270890337 1.074256826000329
1.0330580579866175 1.0323852894185401 1.0304625739370148 1.027291401936413 1.0228738153357175 1.0172129909812586 1.0103140151517542 1.0021847928106755 0.9928370263368328 0.9822871943918928 0.9705574624278851 0.9576764617704647 0.943679883580075 0.9286108463963424 0.9125200103680717 0.8954654265667278 0.8775121249107933 0.8587314582279416 0.8392002320492169 0.8189996592602242 0.7982141853511266 0.7769302335647559 0.7552349198183999 0.7332147851471715 0.7109545890258959 0.6885362008342399 0.6660376195762047 0.6435321444268601 0.6210877114304769 0.5987664053475199 0.5766241507739616 0.5547105835525563 0.5330691020113068 0.5117370964825333 0.49074635114239606 0.4701235946450974 0.44989112039074824 0.4300672401200653 0.41066591069329383 0.3916937381444552 0.37313946042708884 0.35494220917359876 0.3368985711873049 0.3183852730900535 0.29749823008133447 0.26833316182132266 0.21408447551679669 0.12262348831330439 0.18156139608670988 0.38853857066417513 0.35674010812046986 0.23549666502128783 0.1507155381575955 0.10169020572003715 0.07289448335102058 0.05496449401901892 0.043071189611375946 0.03469495926243548 0.028459780113319556 0.023577278797196476 0.01957821246417198 0.01617800415435788 0.01320508838864367 0.010552989576767938 0.008122080901076141 0.005711467451656689 0.002863194009189246 -0.0011156506946530531 -0.0064865955007532075 -0.012158190426427462 -0.016251954123443935 -0.01783407705459715 -0.017338965755895212 -0.015704399590770687 -0.013686512137163499 -0.011712054171857122 -0.009967327286253146 -0.00850777016989387 -0.007330101004268698 -0.006410694021149811 -0.005723819919930379 -0.005249782795311102 -0.004978683111349391 -0.004912861082849555 -0.00506977577352617 -0.0054866737172721705 -0.006228664188573274 -0.007402825466799507 -0.00918322428427963 -0.01185657864504618 -0.015909061593699297 -0.0222000143387049 -0.03233157507553211 -0.04949245392922952 -0.08053328831939767 -0.14138341987202785 -0.27061734981562025 -0.5446656337431619 -0.9312257527561328 -0.9457651121425592 -0.77283490001093 -0.9449604446591728 -0.930392455777257 -0.5442214976872516 -0.2703812075338315 -0.14123443846580375 -0.08042582417541963 -0.04940754606580917 -0.03226006022293997 -0.022136855913775157 -0.015851167811375383 -0.011801866200492759 -0.009130193782271246 -0.007350370146296066 -0.006175991042260957 -0.005433277776445733 -0.0050154353950516515 -0.00485763550611615 -0.004922901233757045 -0.005194017211393906 -0.005668844112269273 -0.006357423748364637 -0.007279523615624071 -0.008460867746063826 -0.009925000827133332 -0.01167505603921726 -0.013655393236811045 -0.015679482286172892 -0.017320381367306938 -0.017821977250238718 -0.01624702707451328 -0.012162158649182055 -0.006501329186590611 -0.0011404099800541856 0.002833000466842636 0.0056817617732876705 0.008097154771494093 0.01053474621187539 0.013193723702026434 0.016172860671045272 0.019578354461150915 0.023581809023461846 0.028468016814411846 0.03470657352392724 0.04308638392376804 0.05498431555118756 0.0729214149943142 0.10172918100373347 0.15077460959387837 0.23557818503999453 0.3567697010866183 0.38812813021676007 0.18092341571273565 0.12280669748470395 0.21421753467342336 0.26839618912475993 0.29752455633966635 0.31838599451544325 0.33687671892574794 0.35489867613178605 0.37307478081479156 0.39160863981692057 0.4105615035977554 0.42994508897615036 0.4497532765580294 0.469972610595745 0.49058528444723504 0.5115695045145545 0.5328990264408457 0.5545425228562916 0.5764630186484195 0.5986174728616681 0.6209565309098488 0.6434244534354512 0.6659592239746859 0.6884928367594405 0.7109517647580179 0.7332576051814794 0.7553278949823099 0.7770770826332337 0.7984176352021453 0.8192612520448778 0.8395201489859804 0.859108370328063 0.8779430810760045 0.8959457889767528 0.913043445839051 0.9291693804405412 0.9442640212888566 0.9582753764929365 0.9711592496985328 0.9828791848906376 0.9934061480871332 1.0027179695912996 1.0107985854540524 1.0176371299890346 1.0232269414880464 1.0275645497388808 1.0306487158223405 1.0324795915681304
0.9916691024587401 0.9911585366610935 0.989552406579557 0.9868456588126059 0.9830311268658556 0.9781004131798736 0.9720450283646608 0.9648577142183585 0.9565338664469283 0.9470729683209055 0.9364799478551585 0.9247663780369048 0.9119514513280723 0.8980626750113947 0.8831362516581417 0.8672171277356375 0.8503587118655345 0.8326222813383314 0.8140761102350661 0.7947943641915629 0.7748558150187174 0.7543424328906632 0.7333379147135134 0.7119262049033135 0.6901900596239043 0.6682096981922973 0.6460615765516341 0.6238173081671795 0.601542748119319 0.5792972471702398 0.5571330746503493 0.5350950023848079 0.5132200363646311 0.49153727741268116 0.4700678838850613 0.4488250917785213 0.427814204914753 0.40703236361057604 0.38646764654451676 0.36609643883093146 0.34587644383406435 0.32572869411009303 0.3054910645058408 0.2847950773699614 0.26272717433592896 0.23686935615085314 0.20071339932065194 0.14017350906380338 0.06943651698539466 0.16758947314518807 0.3514943789234136 0.3265651367237477 0.21996569691875864 0.14080217755338692 0.09330584652180089 0.06476527036023048 0.046661392776172525 0.034389648899978566 0.02547476900254727 0.018523078209816964 0.012694538135258886 0.007436437498719143 0.002345766368098058 -0.0028948172648073853 -0.008514490420318665 -0.014559575242107471 -0.02069976661199783 -0.026089865710016133 -0.029640094055608725 -0.030720962925881223 -0.02959224110097887 -0.027092900344752008 -0.024073835976048848 -0.02110431526479794 -0.018467226169302867 -0.0162586167956798 -0.014479586651824153 -0.013093775643532275 -0.012057209010343253 -0.011331955682248814 -0.010891802494603121 -0.010724671939661982 -0.010834338273450268 -0.011242932089076467 -0.011995395793203441 -0.013167262291456866 -0.01487789476556092 -0.01731292626570404 -0.0207627736522718 -0.025690290213388364 -0.03285307287823723 -0.043531175904263975 -0.05996036662096489 -0.08615098020286799 -0.12928157181256641 -0.2008987553688175 -0.31017871464721786 -0.41612304805734135 -0.3410915459002166 -0.023458713833893974 0.15474966923006078 -0.023432100457753124 -0.3409578613631833 -0.4159306219630222 -0.3099894149521301 -0.20074478593633904 -0.12916592817845074 -0.08606632922910276 -0.05989880049274554 -0.043486567720388176 -0.0328210916734432 -0.02566796205581024 -0.020748062696503134 -0.017304412911442964 -0.014874540674554407 -0.013168241739908415 -0.011999977703172758 -0.011250402519273804 -0.010843956626665945 -0.01073565586739417 -0.01090333710065304 -0.011343222752996348 -0.012067432178877839 -0.013102278203369384 -0.014485860833883167 -0.016262407261724843 -0.018468635816762155 -0.021103944331096143 -0.024072953706466556 -0.027093595386351192 -0.0295973673576025 -0.03073352309042733 -0.029661787359900417 -0.026119411697313737 -0.02073274509440976 -0.014590524457441238 -0.008539364785044593 -0.002911858400039321 0.00233654337373064 0.007434075169637254 0.01269771571714912 0.018530375174981798 0.025484700057587087 0.03440052503765905 0.04667097345171838 0.06477003823640641 0.09329955004173408 0.14077350580936676 0.21990007965504532 0.32648725878823004 0.35162640673769874 0.16813273836892909 0.06941144075252706 0.14009264963955684 0.20065272413064927 0.23682871086402266 0.26270472175430143 0.2847905763876299 0.3055046419043983 0.32576034258435477 0.34592586109716683 0.36616297316201707 0.3865502743802878 0.40712967765115887 0.42792440711731955 0.4489459904943243 0.47019689598300657 0.49167143679190123 0.5133560104687014 0.5352291183918481 0.5572613569787559 0.5794154678091794 0.6016464910510744 0.6239020487742486 0.6461227763769237 0.6682429147371596 0.6901910700302745 0.7118911413939937 0.7332634085985721 0.7542257628481125 0.7746950542981539 0.7945885204596667 0.8138252510746895 0.8323276380207114 0.8500227540205403 0.8668436020095857 0.8827301784078394 0.897630298535778 0.9115001410446686 0.9243044802861684 0.936016590539737 0.9466178232067122 0.9560968764923046 0.9644487955787681 0.971673758572352 0.9777757182797091 0.9827609808939133 0.9866368088813727 0.9894101359740775 0.9910864768048201
0.9508765091131178 0.9505163369910327 0.9491990414411953 0.9469137293452877 0.9436451128815246 0.9393746411823053 0.9340819406440597 0.9277464772277091 0.9203493422392233 0.9118750580117838 0.9023133016383427 0.8916604529078821 0.8799208859309214 0.8671079413373092 0.853244535962654 0.8383633881249293 0.8225068575111415 0.8057264180742245 0.788081799126773 0.769639843220685 0.7504731389119786 0.7306584919192918 0.7102752995560899 0.6894038909643687 0.668123890113492 0.6465126504068931 0.6246437998002683 0.6025859243391598 0.580401406695995 0.5581454252627565 0.5358651091191958 0.5135988349982884 0.49137564409805884 0.46921474850900563 0.4471250872817745 0.4251048766763108 0.4031410692534659 0.381208573597855 0.35926894965738626 0.33726799090694415 0.3151309147280217 0.2927522709302849 0.26997378413487466 0.2465335869691085 0.22194507705407224 0.19519827533211523 0.16402617083565743 0.1233876614229231 0.06584120403052854 0.013627902197960088 0.09528846432909159 0.2667270265304177 0.289342798568072 0.2087928255052934 0.13366240890108516 0.08502857874958115 0.05500981725311122 0.03572067607523525 0.02243812317571564 0.012512654160583125 0.00441545646843527 -0.002783302495938318 -0.009659660946106034 -0.016508753435490426 -0.02329981878270808 -0.029593239356365937 -0.034593420686331366 -0.03750451955563839 -0.03803395794467034 -0.0365787186211817 -0.03393259373118293 -0.030865383977904202 -0.02790284970588929 -0.025319464619419186 -0.023218438069620154 -0.021611878403326585 -0.020474642508177803 -0.01977436068983613 -0.01948645519512065 -0.0196013735943956 -0.02012858735990231 -0.02110002101391266 -0.022574588379071593 -0.02464518330384512 -0.027449624466559935 -0.031187634395730694 -0.036146998076081994 -0.042743710049541285 -0.051583169681235365 -0.06355149829564014 -0.07994372239628256 -0.10261310041122079 -0.13402899456584016 -0.17679237467786854 -0.23116888486440307 -0.2871626644445663 -0.3071947521676562 -0.2085711428059816 0.10983305134152777 0.586475076373948 0.8176930044966124 0.5860408205060161 0.1095063174855154 -0.20874139017501295 -0.307171154716901 -0.286976364192055 -0.2309102983889595 -0.17653383062676514 -0.13380545893704765 -0.10243490200866846 -0.07980980328040187 -0.06345677595049719 -0.05152177113261269 -0.04271013893388844 -0.03613640485859053 -0.031195745813742036 -0.02747257886704142 -0.02467937620598719 -0.022616568217313154 -0.021146445271476265 -0.0201762350373 -0.019647203164105342 -0.019527694813353702 -0.019808618600100292 -0.020500030217384037 -0.021627146918766448 -0.023223135837202806 -0.02531412802214629 -0.027889219405696948 -0.030846582592908893 -0.03391308710170633 -0.036563750696322006 -0.03802818114847748 -0.037510062887724085 -0.03460857596206344 -0.02961310068856978 -0.02331861654477682 -0.016522076497684376 -0.009665344984066406 -0.0027812359216236263 0.004423825949368079 0.012524584939755414 0.022449360994109074 0.035724505170727124 0.05499494471979485 0.08497552464511166 0.1335421125354321 0.2085989099264608 0.28926762969312075 0.267524420697543 0.09632838588104267 0.01349345578517176 0.06552793454572148 0.1231384566628391 0.16384522229941245 0.19507701252692736 0.22188130361733963 0.24652768622243915 0.27002640215244594 0.29286340813819967 0.3152995821899774 0.33749207180922225 0.359545135784563 0.3815323314936715 0.40350662168140067 0.42550519670468273 0.4475519070460465 0.4696585867593297 0.4918258575795279 0.5140436990969984 0.5362919332238923 0.5585407079705251 0.5807510352946109 0.6028754218688456 0.6248586213745382 0.6466385283217306 0.6681472246016675 0.689312180319657 0.7100575998828093 0.7303058931427255 0.7499792401591084 0.7690012075305994 0.7872983649858648 0.8048018437969172 0.8214487742775636 0.8371835387601122 0.8519587794269641 0.8657361074147074 0.8784864706420796 0.8901901524934986 0.9008363911807523 0.9104226294026314 0.9189534246936732 0.9264390712952436 0.9328940030921327 0.9383350627275849 0.94277973312417 0.9462444331890096 0.948742978694584 0.9502853018518954
0.9108638203612958 0.9106371579102616 0.9095734326808488 0.9076568171538628 0.9048652513202581 0.9011717650349048 0.8965461437854569 0.8909568423309558 0.884373038261551 0.8767667123277741 0.8681146443670115 0.8584002222456254 0.847614975429062 0.8357597632646427 0.8228455693217581 0.8088938756409513 0.7939366130263161 0.7780157042497672 0.7611822351196534 0.7434953029560125 0.725020602557934 0.7058288159890445 0.6859938744698115 0.6655911586349701 0.6446956978825777 0.6233804211574374 0.6017145010190508 0.5797618210166781 0.5575795839783124 0.5352170664776321 0.5127145129952387 0.4901021524613636 0.4673993099965059 0.44461357738781027 0.4217399961432533 0.39876019475586905 0.3756414030120156 0.3523352328847973 0.3287760521263632 0.30487865125756414 0.2805346503657526 0.25560656433842466 0.22991732305997267 0.20323060314367483 0.1752119494522067 0.14534898904775925 0.11278643939186597 0.07601118831171794 0.032506547698729696 -0.019563529392314958 -0.0652971942013708 -0.03442055413286856 0.09390199984921163 0.19147984422756964 0.17410352170919202 0.11696028554884016 0.06913749629330623 0.037100889910697085 0.015978498183661257 0.0012194866667142677 -0.01003141685345439 -0.019402763866125498 -0.02772155304776161 -0.03521956091356435 -0.04164194876400956 -0.04642963474919347 -0.049069584202552904 -0.049470836148635886 -0.04807518088709896 -0.045629983493323506 -0.04286393218696462 -0.040300729680114965 -0.038239785077199565 -0.03681913684826421 -0.036088065251100476 -0.036060951200449685 -0.03675057549248724 -0.03818734716463443 -0.04043097990563811 -0.04357917475435168 -0.047776135185843394 -0.0532225984739795 -0.06018829456683983 -0.0690269583153133 -0.08019268433261187 -0.09425363479524065 -0.11189329613028058 -0.1338779073731112 -0.16094746780101793 -0.1935540632952456 -0.23133290942141693 -0.27219132517935196 -0.3110468112755953 -0.33864957590788625 -0.34132695936950697 -0.30170629377588387 -0.1971814903533084 0.011047994714036169 0.39299298213962874 0.935862459361932 1.2207123141728506 0.9350659434505565 0.3925452638508651 0.010669541281611933 -0.19748066928964533 -0.30181209998821407 -0.3411699119398229 -0.3382428337386135 -0.3104718615835062 -0.27155401776674504 -0.23072329454000345 -0.19302896709592438 -0.16053207392025057 -0.13357511532260966 -0.11169321979518021 -0.0941404930733113 -0.08014899572543033 -0.06903578326011661 -0.060234280059717746 -0.053292365385219816 -0.04785833992417539 -0.04366442966556314 -0.040511727472084896 -0.03825773536841687 -0.03680636053568495 -0.036099447138062166 -0.03610815732422948 -0.03682136520181569 -0.03822647602718764 -0.0402760924809767 -0.042833950256827236 -0.04560184132511493 -0.048055981869355044 -0.04946566206240693 -0.049079597626888675 -0.04645146186910704 -0.041669080927152755 -0.03524503222196035 -0.027740324368910628 -0.01941297346100601 -0.010034838722798547 0.0012168949528947124 0.015965092177366406 0.03705650238567371 0.06903238031424677 0.11677829943914364 0.17396936520121042 0.19190268750098755 0.0996560818996105 -0.033752612629090226 -0.06557989602411218 -0.020055406798174014 0.03206087871716181 0.07564672684132807 0.11250689467049674 0.1451576825059265 0.17511287476101045 0.20322712571334028 0.230011410821341 0.25579843933788515 0.280822638104068 0.30525911247177595 0.32924334767864527 0.3528817034932524 0.37625735978259395 0.3994339232358112 0.4224577800328532 0.4453597498620274 0.4681563415319632 0.4908507844301188 0.5134339461640292 0.5358852129235758 0.5581733897286625 0.5802576648444424 0.6020886721910645 0.6236096754771552 0.6447578871057441 0.6654659233472666 0.6856633849879222 0.705278540062993 0.7242400729874908 0.7424788531310058 0.7599296664379696 0.7765328468449513 0.7922357406974178 0.8069939376826274 0.8207722063379147 0.8335450810764643 0.845297060723549 0.8560223952991293 0.8657244574523675 0.8744147165142483 0.882111355342299 0.8888375915852891 0.8946197842300889 0.8994854218611992 0.9034610996446037 0.9065705965635169 0.9088331621545713 0.9102621126562961
0.8717863518710511 0.8716719107708492 0.8708200885973668 0.8692111958792627 0.8668179612640116 0.8636069780732282 0.8595405111067022 0.8545785639382827 0.848681094643603 0.8418102628310732 0.8339325929563549 0.8250209475940553 0.8150562186101251 0.8040286627182306 0.7919388292527306 0.7787980506464206 0.7646284886247628 0.7494627502189276 0.7333431062609389 0.7163203601994617 0.698452426279583 0.6798026830589496 0.6604381708571646 0.6404277002774609 0.6198399338391122 0.5987414946218941 0.577195145362889 0.5552580694265007 0.532980272243462 0.5104031088738974 0.4875579308703307 0.4644648340192516 0.44113147804225855 0.41755193990579925 0.39370555366809207 0.36955568099567027 0.34504834621102004 0.3201106556281182 0.2946488990664259 0.2685461951729988 0.24165948016330824 0.21381553228646485 0.1848055389875537 0.15437740063842018 0.12222447267986049 0.08796884711892225 0.0511373783257879 0.011133886524001336 -0.03275786386555051 -0.08115633911684685 -0.1333300883245259 -0.18207057688266987 -0.20158358224481804 -0.15532785768567445 -0.06695214944000137 0.0033920310185241997 0.015813957449544808 -0.001912674996491344 -0.023871698568540704 -0.041402381588691056 -0.05440784735406883 -0.06434216977954622 -0.0721649561791771 -0.07813843425396268 -0.08210430387655693 -0.08389633805107097 -0.08368927205444979 -0.08208456190615764 -0.0799193820419553 -0.07799758440165537 -0.07693130357228593 -0.07712694381953239 -0.07885095818083313 -0.08231079017372575 -0.08772113414192108 -0.09535072478006922 -0.10555367263100704 -0.11878861452692696 -0.13562396603436735 -0.156720140079475 -0.18276984984554562 -0.21436663378968124 -0.25176542068343405 -0.2945132269641272 -0.3409903939504973 -0.38803263211990385 -0.4309528864090188 -0.4642726397217584 -0.48310772903521604 -0.4845718294264489 -0.4683473321141952 -0.43608502651704606 -0.390025651742291 -0.33142770743481886 -0.25892512989325267 -0.16612176516010432 -0.03643494568154518 0.16901904805129941 0.5287806077151995 1.072338378543082 1.3862212174921986 1.0673819557151236 0.5242797384881923 0.16570723012411748 -0.03888067727762551 -0.16793031034516837 -0.2602311346658761 -0.3323190766040358 -0.3905646885105528 -0.43631651109920183 -0.46830589800624733 -0.48429568385749056 -0.48265664053441293 -0.46373763648921784 -0.43044482538973194 -0.3876525859261919 -0.34080123517258293 -0.2945295567890006 -0.2519627356129625 -0.21469916790122848 -0.18318685027310827 -0.15717614111150968 -0.13608326785652503 -0.11922594557527641 -0.10595297078892023 -0.09570333819877416 -0.08802413526496927 -0.08256567688418662 -0.07906275560075024 -0.07730355612464011 -0.077082857190553 -0.07813545148649591 -0.08005462372864264 -0.08222577891474311 -0.08384035828434476 -0.0840552005252142 -0.08226362386432526 -0.07828853714257693 -0.07229754480911679 -0.06445345624426316 -0.05450054607192701 -0.04148621590446581 -0.023957843376892853 -0.0019818220676583592 0.015907850217880867 0.004062795985626741 -0.0616266238344544 -0.1540238181486853 -0.20146942426541922 -0.18252509158554286 -0.13394885033157858 -0.08177148393101591 -0.033311973187024634 0.010666345860994072 0.0507726191647853 0.08771894015709902 0.1220984089405181 0.15438128630891754 0.18494263646144057 0.21408628578078195 0.24206154252176013 0.26907445212504955 0.29529548814478734 0.32086498123929463 0.34589709628435206 0.37048285363657346 0.3946925043773763 0.41857746133181545 0.44217192500953745 0.4654943067725734 0.4885485290838866 0.5113252679512427 0.5338031916821485 0.5559502404377732 0.5777249814106858 0.5990780640133175 0.6199537879606252 0.6402917846275692 0.6600287988939647 0.6791005454043249 0.6974436004585775 0.714997279398466 0.7317054401796317 0.7475181475964452 0.762393130034605 0.7762969621743018 0.7892059130386013 0.8011064091928908 0.8119950774669112 0.8218783497054692 0.8307716328810862 0.8386980703045824 0.8456869423302182 0.851771776444435 0.8569882554764299 0.8613720274640364 0.8649565301869538 0.8677709465458209 0.8698384031914882 0.8711745139348768
0.8337653074618834 0.8337382729033802 0.833051691792662 0.8316832088635405 0.8296020512519733 0.8267705280136584 0.8231458884242265 0.8186824398459931 0.8133338143711475 0.8070552687780427 0.7998059044611162 0.7915507023339231 0.7822622812999054 0.7719223065266232 0.760522494097 0.7480651802679176 0.7345634452168198 0.7200408015940816 0.7045304763863326 0.6880743297014503 0.6707214655172004 0.6525265968327765 0.6335482309433653 0.6138467398441539 0.5934823764356437 0.5725132897590708 0.5509935826039344 0.5289714432204164 0.5064873702790204 0.4835724973600149 0.46024701074966917 0.43651864268735063 0.4123812118167273 0.38781317367006435 0.36277613662995345 0.337213292925812 0.31104770974158846 0.28418042243498187 0.2564882705558559 0.2278214190736509 0.19800051529467114 0.16681345415788498 0.13401177855356078 0.09930686656072757 0.06236634376801307 0.022811813626886192 -0.019779486497657033 -0.06586292991525272 -0.11588991878914863 -0.1702110010852916 -0.22883358477530863 -0.29084019177511433 -0.35310325419221134 -0.4080611813980805 -0.442471545543178 -0.44429255589116295 -0.4184741806460451 -0.3844025523094715 -0.3527455211004287 -0.33117699637907116 -0.315326866177696 -0.3023519202695146 -0.2908902187335426 -0.2804741892034983 -0.2711251467448289 -0.26334693740985815 -0.2581000645839978 -0.2565942090171427 -0.2600410017383769 -0.269524599113154 -0.2860007566526028 -0.3103293125432446 -0.3432261105918244 -0.3850370560609561 -0.4352659668466682 -0.49187397994508053 -0.5505897983893543 -0.6048056498785183 -0.6467432797716848 -0.669904023383626 -0.6715356335075325 -0.65342093492879 -0.6206171609318325 -0.5793318433685192 -0.5348036523261945 -0.48545025990374624 -0.40551897776673307 -0.46394260736944826 -0.37679008867168884 -0.31789417816056104 -0.27035590399753023 -0.22761782751602128 -0.1860678522266798 -0.14239876644433713 -0.09202539785384284 -0.026905813977203877 0.06909715070043472 0.2311706926545027 0.5326382421879182 1.0283049166197447 1.3502029609567128 1.0418304258298687 0.5480987230211735 0.2437931876210299 0.07899188230330174 -0.018767534913200348 -0.08472579979227943 -0.13511659706835405 -0.17792259913838393 -0.2173606058754136 -0.2556647667598873 -0.29340687145439104 -0.3277503068265763 -0.35331783026010977 -0.5120518472982075 -0.5248443732841758 -0.5458631684820726 -0.5837021548361788 -0.623575319024672 -0.6562629908861458 -0.6745502387150855 -0.6731216879805159 -0.6501358588950447 -0.6083184876246488 -0.5541345815885753 -0.49533883326552947 -0.4385450075481061 -0.3880563420956014 -0.3459524593460762 -0.3127647868735126 -0.2881711489239883 -0.2714677266763436 -0.26179690494364194 -0.25819733100590914 -0.2595732086006734 -0.26469741241425715 -0.27234401724306145 -0.28153899457556664 -0.2917697564020654 -0.3030094999500942 -0.31571575246837413 -0.33121402794715304 -0.3521710632677105 -0.3803370873343254 -0.4164306734751283 -0.443551443776442 -0.4423122803461849 -0.40836856248955233 -0.3536911704074408 -0.29155517519639396 -0.2295793383407373 -0.17092796356525802 -0.11653796431293846 -0.06641268256489977 -0.020208528478390234 0.022520574344036013 0.06222542655759741 0.09932461890725955 0.13419262956693834 0.16715809746624571 0.19850604907332448 0.2284814541184936 0.2572930131625262 0.28511673952253097 0.31209918588711044 0.3383602913808093 0.3639958783977651 0.3890798501199971 0.41366614702366084 0.4377905216993094 0.4614721892837347 0.48471540696805315 0.5075110307331592 0.5298380906490874 0.5516654176620642 0.572953344771492 0.5936554940101377 0.6137206480043278 0.6330946916094864 0.6517225958374883 0.6695504037863805 0.6865271673686496 0.7026067751408666 0.7177496062199317 0.7319239437604019 0.7451070841998008 0.7572860856465751 0.7684581102998106 0.778630331268239 0.7878193929142526 0.7960504349455222 0.8033557127445546 0.8097728685447483 0.8153429286241057 0.8201081192876439 0.8241096077259722 0.8273852817294509 0.8299676838412092 0.8318822103566678 0.8331456735858281
0.7968827621020088 0.7969158366283029 0.796344479087577 0.7951449370190474 0.7932847223351315 0.7907240909630006 0.7874178620231207 0.7833174824599051 0.7783732327549944 0.7725364653053794 0.7657617690901833 0.758008961828391 0.7492448230879386 0.7394444976846307 0.7285925170443667 0.7166834058102555 0.7037218607149723 0.6897225075577549 0.6747092590983863 0.658714311036117 0.6417768244024178 0.6239413502633055 0.6052560564456031 0.5857708161016962 0.5655352145659194 0.544596524554166 0.5229976908796015 0.5007753551685058 0.47795793926331626 0.454563793804693 0.4305994065500807 0.4060576538957248 0.38091606930513916 0.355135094293064 0.3286562715804467 0.30140033632105784 0.27326516030874376 0.24412350651725057 0.21382055854864768 0.1821712041056457 0.14895707809657133 0.1139234177318524 0.07677586358907326 0.037177482562856884 -0.00525346518075257 -0.05094406751017807 -0.1003639305844331 -0.15401605402535237 -0.21241640808021944 -0.2760538559580628 -0.34531700967848056 -0.42036805557436024 -0.5009383112871142 -0.5860264351233164 -0.673523435111956 -0.7599102060748213 -0.8403743482396259 -0.9097615809192565 -0.9642328228397902 -1.002429551601708 -1.024996114900563 -1.0331994379345537 -1.0282795437519436 -1.0121639882563647 -0.9812207830034957 -0.9552492714352576 -0.9300326709331158 -0.9049240825510487 -0.879467240384229 -0.8523036142561763 -0.8626631212667895 -0.8441962319437338 -0.8108939428646311 -0.7772034882608566 -0.7422543950989821 -0.70621762267786 -0.6697891557447533 -0.6336651493030894 -0.5983275335581252 -0.5640063934744844 -0.530727401349237 -0.49838357835640235 -0.4667972715007946 -0.43575992772371186 -0.40505069367881086 -0.37444036855788837 -0.3436876494202681 -0.31253283774260326 -0.28069184809528386 -0.24785058055750625 -0.21365494372741128 -0.17768098006686814 -0.13934364108697783 -0.09764239878061504 -0.05050427008592697 0.006834347281374982 0.08574894302685979 0.2136331605736933 0.45197177217779755 0.864545479794611 1.1547258609648212 0.8697406950699154 0.456136452708277 0.21612305442710317 0.08722647436407162 0.007859564838654845 -0.04954644985605331 -0.09649540348434513 -0.13785329698936366 -0.1757812880050764 -0.2113560190241685 -0.2452260206338299 -0.27786544103303507 -0.3096649680514422 -0.34096160307757195 -0.37204857556058 -0.4031808893336423 -0.4345812569566866 -0.4664465045610021 -0.4989518842592692 -0.5322485702898678 -0.5664479559165292 -0.6015865905418328 -0.6375701439630134 -0.6741057540660649 -0.7106480018027138 -0.7463940020333124 -0.7803338840007724 -0.8111667589377379 -0.8361070289603585 -0.8498655430976844 -0.8928502843195998 -0.9043200599198367 -0.9222648946089256 -0.9444716010251618 -0.9695023546454985 -0.9944394866277106 -1.014894823776159 -1.0304108323480694 -1.0344976314533312 -1.0256601372968368 -1.0026332950861634 -0.9641868727973311 -0.9096833457886705 -0.8404265622265341 -0.7601684433617353 -0.6739894845598267 -0.5866608933428555 -0.5016868303786104 -0.42117526398763083 -0.34613207494075016 -0.2768321364408741 -0.21311966483901842 -0.15461223846699138 -0.10082688235367963 -0.05125320806170595 -0.005393501460110569 0.03721684204510701 0.07700017599777177 0.11433374991193349 0.14955022123975992 0.18293985579445227 0.21475347305885037 0.24520561884116446 0.2744776936899491 0.3027209067455383 0.3300590054344312 0.35659077719087456 0.38239234491780005 0.40751929151307204 0.4320086551251298 0.45588083837192284 0.47914147286549114 0.5017832757101848 0.5237879275718706 0.5451279927658178 0.5657688909416188 0.5856709178334328 0.6047912997927622 0.6230862541585175 0.6405130157489423 0.6570317797238558 0.6726075035717162 0.6872115067422161 0.7008228060320153 0.7134291285872912 0.7250275524039493 0.7356247363011679 0.745236717037364 0.7538882697911449 0.761611848660431 0.7684461449840558 0.7744343218867203 0.7796220021700601 0.7840551022376504 0.7877776159797306 0.7908294584824858 0.793244479377315 0.7950487492740614 0.7962592101257034
0.7611775386844828 0.7612420995644515 0.760734377292937 0.7596305062981592 0.7578980670237309 0.7554974745750261 0.7523836712255824 0.7485080380265567 0.7438204322255201 0.7382712539669739 0.7318134476282155 0.7244043496379555 0.7160073050087645 0.7065929882222999 0.69614037961308 0.6846373650635241 0.6720809437439546 0.6584770449607591 0.6438399701390458 0.6281914888911633 0.6115596284634262 0.593977203199568 0.5754801347749804 0.5561056147859457 0.5358901589485177 0.5148675969786041 0.49306703464516316 0.4705108150888014 0.44721249593106394 0.4231748476476423 0.39838786781357194 0.3728267957671553 0.34645010353299643 0.319197431962314 0.29098743642100294 0.2617155044235811 0.2312513089581228 0.19943616677206877 0.16608018209802736 0.13095917571813673 0.09381143106714321 0.05433433998654558 0.012181111403538432 -0.033042166907185956 -0.0817786252149108 -0.134521072804556 -0.1918095610875141 -0.254224086795095 -0.32236945134852085 -0.39684785671905903 -0.478212916173575 -0.5668964814636142 -0.6630974876684879 -0.7666211114180115 -0.8766595798489835 -0.9915178869034313 -1.1083159969953358 -1.2227513744620937 -1.3290788226405135 -1.4205222739637944 -1.4902854717909737 -1.5330729496685433 -1.5466119271028962 -1.5324063334551097 -1.4952394209917461 -1.441672095851682 -1.3783296342355158 -1.310691603972929 -1.2426192173527186 -1.1764476121687413 -1.1133452919915436 -1.0537128421421473 -0.9975094482514256 -0.9444798358660301 -0.8942943838397985 -0.8466263031369625 -0.80118779447794 -0.7577414274959536 -0.7160975872466663 -0.6761047784392874 -0.6376368117841358 -0.6005790898849845 -0.5648150446235656 -0.5302130135092176 -0.49661331085727006 -0.46381483986266114 -0.4315602406756268 -0.39951826769361015 -0.3672619080914191 -0.33424090641841353 -0.299748268842192 -0.2628824667004012 -0.22250956085390197 -0.17722336675451641 -0.12524540366193818 -0.06395296028287227 0.012130248608180391 0.11822196900232196 0.2962906571521509 0.6070907917057139 0.8432292761290874 0.6121192753387671 0.3006096589699265 0.12090108624103292 0.01373693122694449 -0.06280476276121927 -0.12409033784073276 -0.17575288948551185 -0.2205531469807829 -0.260381938966882 -0.2967330478598361 -0.3308069684207656 -0.36355433877211085 -0.39571640173161315 -0.42786445509652593 -0.4604344185789408 -0.4937551306806977 -0.5280710444907472 -0.5635608111085134 -0.6003533228297693 -0.638542557121713 -0.678202225383692 -0.7194008536778213 -0.7622174903900671 -0.8067576788826686 -0.8531685346574642 -0.9016505556322204 -0.9524619366032578 -1.0059083599743004 -1.0623072078625448 -1.1219098918216612 -1.1847606317735426 -1.2504684588137067 -1.3178806999751744 -1.3846862583848758 -1.4470602248363313 -1.499576033718571 -1.5356793104650075 -1.5488917552547339 -1.534509478437467 -1.491085542777635 -1.42091331516543 -1.329270912019069 -1.2229099999517374 -1.1085508540808078 -0.9918855451833581 -0.8771741174353166 -0.7672670459367966 -0.6638414472705368 -0.5676961891597888 -0.47902341728041165 -0.3976255085129039 -0.3230743061653446 -0.254821203248516 -0.19226963216159643 -0.1348206323828402 -0.08190000306352836 -0.032973302031606797 0.012446927266398079 0.05479874165284644 0.09447125187503615 0.13180669480482757 0.16710333977212308 0.2006187491160492 0.23257310957248312 0.2631524764851728 0.2925118520022717 0.3207780679114205 0.3480524742564755 0.37441345312000496 0.3999187871116616 0.4246079166643724 0.4485041206638405 0.4716166520723917 0.49394285460382215 0.515470278596983 0.5361788044888917 0.5560427712441339 0.5750330954181289 0.5931193549752717 0.6102718013661701 0.6264632545232517 0.6416708291292645 0.65587743740579 0.6690730142359623 0.6812554149253583 0.6924309443136102 0.7026144879987971 0.711829231585022 0.7201059713358445 0.7274820384435068 0.7339998782025078 0.7397053435352343 0.7446457783813479 0.7488679793275809 0.7524161325505754 0.7553298269091091 0.757642242363248 0.7593786056535047 0.7605549925595032
0.7266416830110644 0.7267089912062968 0.7262135744320654 0.7251326936660484 0.7234356976268075 0.7210852543221016 0.7180388363966744 0.7142503884532688 0.7096720980711099 0.7042561899707911 0.697956664446876 0.6907309063747745 0.68254109922353 0.6733553889303544 0.6631487545486431 0.6519035556125701 0.6396097395298815 0.6262647054060594 0.611872832936382 0.596444695825765 0.5799959881272284 0.5625461985175666 0.5441170715649751 0.5247308963397448 0.504408661287559 0.4831681103106504 0.46102172882991577 0.43797468071771156 0.41402270798586854 0.3891499956369933 0.36332699480508024 0.33650818886403633 0.30862978015818177 0.27960726995073903 0.24933290162155852 0.2176729376858623 0.1844647457027185 0.149513677931956 0.11258974690473454 0.0734241275474987 0.03170556210698051 -0.012923183597805117 -0.06086855006338178 -0.11258865842032209 -0.16859430720150342 -0.22944733432365644 -0.29575451871812014 -0.3681541879944148 -0.4472912207193998 -0.5337740644857203 -0.6281047265857722 -0.7305697856498321 -0.8410785426976137 -0.9589364424599285 -1.0825536204151405 -1.2091186055666117 -1.3343237217434536 -1.452305836779514 -1.5560219401948814 -1.6382240999165756 -1.6929476817133318 -1.7170401776903563 -1.711027854402947 -1.6788525378903747 -1.626624853054863 -1.5610367044983913 -1.4880858307324685 -1.4124108240980482 -1.3371757164936475 -1.2642820633301595 -1.1946987952595889 -1.1287804232516512 -1.066518937402314 -1.007720432474402 -0.9521178134575942 -0.8994362384152634 -0.8494265043556148 -0.8018780616496187 -0.7566198493217116 -0.7135143650376506 -0.6724483837745274 -0.6333223669803033 -0.5960396715410993 -0.5604960117211351 -0.5265691191975413 -0.4941080845998005 -0.4629213588391217 -0.43276175280378676 -0.4033059019452536 -0.3741244788929289 -0.3446380032943925 -0.3140520092556263 -0.28126678150189344 -0.24476678165670018 -0.20252318783263906 -0.1519750428077188 -0.08995684989631182 -0.010847515059628544 0.10381024851176851 0.29646618535711183 0.45647336492525914 0.30213943215152 0.10868714491402426 -0.007934319794418792 -0.08828706318439415 -0.15076166604844263 -0.20121316420211754 -0.2430367894851795 -0.2789664531830369 -0.3111528634198135 -0.3411974162251962 -0.37026116523335983 -0.39918225732812196 -0.42856986193938534 -0.45887087092063367 -0.4904150872216078 -0.5234456945190807 -0.5581404697827015 -0.5946276196605934 -0.6329988472925975 -0.6733213259145695 -0.715649577341116 -0.7600377225060356 -0.8065520929552253 -0.8552836751121522 -0.9063592009973942 -0.9599487722201819 -1.0162665465495688 -1.0755590421363224 -1.1380728735601973 -1.2039902882473055 -1.273317400328269 -1.3457085971711311 -1.4202158711973076 -1.4949720086636649 -1.5668619328107305 -1.6313107087125285 -1.6823964172173906 -1.7135082821549725 -1.7186104276923673 -1.693815212915445 -1.6386187418912648 -1.5561613875176605 -1.4523684981142106 -1.3344349809531775 -1.2093503183250174 -1.0829324187351554 -0.9594556245368507 -0.8417097659203048 -0.7312726917495407 -0.6288340330069961 -0.5344843854897914 -0.4479401278193482 -0.3687040144283413 -0.29617331487846515 -0.2297092711326223 -0.16867973333078598 -0.11248395092618556 -0.060565852501717116 -0.012420094783597062 0.03240630719335032 0.074314959308974 0.11365853240147429 0.15074395940984583 0.18583595215001214 0.2191605815374302 0.2509087772348009 0.2812396732414073 0.31028376997191304 0.33814591048020887 0.3649080846292916 0.39063208381231407 0.41536203244765774 0.4391268221742158 0.46194247125510035 0.48381442573954886 0.5047398109800362 0.5247096327411187 0.54371091706763 0.5617287680607227 0.5787483135639983 0.5947565012862994 0.6097437028094864 0.6237050808294013 0.6366416762490026 0.6485611765318147 0.6594783349433787 0.6694150215959949 0.6783999009980126 0.6864677463114688 0.6936584168314697 0.7000155413166363 0.7055849647085727 0.710413028496481 0.7145447646350312 0.7180220887743316 0.7208820800851936 0.7231554318762874 0.7248651495071102 0.7260255601141103
0.6932166692602916 0.6932590614489245 0.6927266405128779 0.6915989294825475 0.6898485813270245 0.687442395381115 0.6843425257122498 0.6805078253878665 0.6758952664631654 0.6704613742941471 0.6641636162357991 0.6569616885462429 0.6488186509707667 0.6397018656074283 0.629583704861406 0.6184420022076033 0.606260228742313 0.5930273877527422 0.5787376283902922 0.5633895876004213 0.5469854763376403 0.5295299313965101 0.5110286576044387 0.4914868864307517 0.47090767619617946 0.4492900761052571 0.4266271715301357 0.402904021765767 0.37809549440085694 0.35216399313708413 0.3250570690093052 0.29670489917282966 0.2670176133705377 0.23588244651332213 0.20316069723067404 0.1686844777744706 0.13225325185098052 0.09363017640543751 0.052538295396887376 0.008656685208638467 -0.038383266217744176 -0.08900113355359546 -0.14366976222691263 -0.2029157687952917 -0.26731689435771566 -0.3374941177938508 -0.41409532189033155 -0.497765723991345 -0.5890981761471701 -0.6885539378538317 -0.7963422334910947 -0.9122464273643949 -1.0353893182095075 -1.1639455265066214 -1.294842299298746 -1.4235446376895273 -1.5440837232692737 -1.6495143792032456 -1.7329033919133343 -1.788709872328205 -1.8141092063800552 -1.8096788079152237 -1.7791068275506894 -1.7280845795242068 -1.6629169273511049 -1.589381823630258 -1.5120938331204177 -1.434341146380776 -1.358225570576156 -1.284931167876871 -1.2150046241768122 -1.1485907790488092 -1.085607373930238 -1.0258636035325006 -0.969134345777191 -0.915202490957051 -0.8638797175690381 -0.8150134571124343 -0.7684854955793811 -0.7242058965031101 -0.6821046635003283 -0.6421226756488673 -0.6042028098482858 -0.5682817137745061 -0.5342823360084121 -0.5021069956895445 -0.4716304258728768 -0.4426917879675434 -0.41508404499135726 -0.38853819342713863 -0.36269860798237663 -0.33708434142718624 -0.3110310531017843 -0.2836152335327943 -0.25359703800179073 -0.21953778830403897 -0.18053363102249625 -0.13800383455246087 -0.0946500320536282 -0.03468033794241487 0.030055101868853046 -0.028512256763072615 -0.08954244215367352 -0.13509804941240577 -0.17887232040276702 -0.2182237697648704 -0.2520809088273642 -0.28161674655428737 -0.3084431817388964 -0.33391099305865996 -0.35901812138838063 -0.38448104102588165 -0.41081753234646257 -0.43840799396170577 -0.4675355873253326 -0.4984115725549071 -0.5311915300418968 -0.565986490911331 -0.6028716133547831 -0.6418940727517417 -0.6830811735928979 -0.7264492217395289 -0.7720133261678092 -0.819797962615161 -0.8698477695348796 -0.9222375981832152 -0.9770802279358101 -1.034529287653464 -1.094773675928274 -1.158018031474082 -1.2244415302173324 -1.294124692919673 -1.3669318098307197 -1.4423370999952652 -1.5191899287786508 -1.5954347759356202 -1.6678420237240055 -1.7318656863332649 -1.781801456210679 -1.811414995718668 -1.8150716869569148 -1.7891157909014157 -1.7329720536069806 -1.6494387454709798 -1.5440109869285026 -1.423569172139891 -1.295009395053627 -1.1642615006737713 -1.0358335040196316 -0.9127820595455427 -0.7969249379687431 -0.689137692274425 -0.5896391565398188 -0.4982245917565293 -0.414438446642929 -0.33769411250365294 -0.26735272516439285 -0.2027726142233816 -0.14333873591656496 -0.08847894458915974 -0.037671864571060205 0.009550449123136037 0.05360298190102397 0.09485003422356568 0.13360846669535392 0.17015140293483808 0.20471208193120766 0.23748768059153624 0.26864300792069445 0.29831402244321115 0.32661115532996565 0.35362244023334904 0.3794164612897614 0.404045135618673 0.4275463474133272 0.4499464483223969 0.4712626339836547 0.4915051999693816 0.5106796727623183 0.5287888034835699 0.5458344047651162 0.5618190051762287 0.5767472916747103 0.5906273091888345 0.6034713879598664 0.6152967737761554 0.626125943535853 0.6359865982971309 0.6449113375248169 0.6529370308862126 0.660103916873994 0.6664544698906014 0.6720320883991174 0.6768796655911893 0.6810381101183525 0.6845448873111748 0.6874326506869755 0.6897280293417767 0.6914506291828154 0.6926122952569348
0.6607873781553188 0.6607793700860005 0.6601642282814308 0.6589247127298539 0.657038078759104 0.6544768310418294 0.651209598835501 0.6472020942296808 0.642418113454834 0.6368205412238781 0.6303723193502367 0.6230373432188064 0.614781252812853 0.6055720887151413 0.5953807876608521 0.5841814967244935 0.5719516899870879 0.5586720764389488 0.5443262927641742 0.5289003792901711 0.5123820414791431 0.4947597025721881 0.4760213550685165 0.4561532194108601 0.4351382174483132 0.41295426602615104 0.3895723926479307 0.3649546709862138 0.339051969638961 0.31180150357870035 0.283124174900945 0.2529216884197682 0.2210734290733807 0.18743309279231984 0.15182507157415162 0.11404060883382755 0.07383376576093646 0.030917278634893266 -0.015041550674749956 -0.06442469005779605 -0.11766654167871267 -0.17525579575390285 -0.2377349589959296 -0.30569597634900375 -0.37976952799202446 -0.4606043902507812 -0.5488316327476344 -0.6450064147241241 -0.7495180302833518 -0.8624574896688538 -0.9834332116317932 -1.1113328289602886 -1.24404781597721 -1.3782126235058916 -1.5090601924479137 -1.630543039842565 -1.735869087158712 -1.8184960819853155 -1.8734037230187732 -1.8982217188708332 -1.8937361607425929 -1.86354389184362 -1.8130359392279867 -1.7481672618581041 -1.6744468666600292 -1.596356292024118 -1.5171760339953275 -1.439083355860443 -1.363376010170196 -1.2907192211140124 -1.2213621152334126 -1.1553048573248759 -1.0924169458420585 -1.0325150294418206 -0.9754102698765486 -0.9209341933547476 -0.8689500667462736 -0.8193549776871797 -0.7720762871801954 -0.727064994810224 -0.6842877478862963 -0.6437186538341328 -0.6053316465100453 -0.5690938555841427 -0.5349601937524059 -0.5028691816407069 -0.4727398557088926 -0.44446943804009104 -0.41793128862264434 -0.3929725492132345 -0.36941099492890833 -0.3470315606298942 -0.3255869672152736 -0.3048212533117255 -0.2845851741610447 -0.26528229984507773 -0.2494111672596667 -0.24608616868735608 -0.27839145670883314 -0.3612593790699314 -0.40675529312134595 -0.3550399846619911 -0.27347431843641473 -0.24336909246156532 -0.24777939253523645 -0.26385905558386363 -0.2828954692997557 -0.3026486407772399 -0.3228656492982839 -0.34378771989607126 -0.3657315602509462 -0.38898695531456623 -0.41379902672671753 -0.44037006118411726 -0.46886396760452004 -0.4994098353558042 -0.5321045686927653 -0.5670153023874245 -0.6041822957674834 -0.6436228256547512 -0.6853363999290544 -0.7293114203232597 -0.7755332308671347 -0.8239932829395951 -0.8746989091243524 -0.9276828977892856 -0.9830116578633299 -1.0407902014297754 -1.1011613754089313 -1.1642956576843146 -1.2303663323214817 -1.299503004676799 -1.3717145045517725 -1.4467711202445344 -1.5240377258627809 -1.6022571976631774 -1.6793026030167195 -1.7519515801659706 -1.8157850679842877 -1.8653554488545725 -1.8947607510706064 -1.8986464540746957 -1.8734292500638896 -1.8183115301791928 -1.7356308984766924 -1.6303625271739286 -1.509001298840031 -1.3782978308146498 -1.24426836477862 -1.1116596612100886 -0.9838263919958513 -0.8628732508315713 -0.749913501405491 -0.6453424981693658 -0.5490745665263255 -0.46072645151201586 -0.37974921060801153 -0.30551786626252125 -0.23738945009760862 -0.17473873480567906 -0.11697885594818054 -0.06357202874478063 -0.014033955779228918 0.03206566763126459 0.07510497757463937 0.11541308694272229 0.15327391648944402 0.18893031724149792 0.22258824395253177 0.2544208366233795 0.28457232833755824 0.31316173615655873 0.34028631599603326 0.3660247773546941 0.3904402624830113 0.4135830988014508 0.43549333419874264 0.45620306308279385 0.4757385474856219 0.49412213294039686 0.5113739540757095 0.527513420720539 0.5425604724850877 0.5565365888162438 0.5694655427374574 0.5813738899418783 0.5922911904390497 0.6022499671803098 0.6112854144635559 0.619434877799651 0.6267371356386898 0.6332315212453061 0.6389569294987736 0.6439507579955644 0.6482478342068153 0.651879380385802 0.6548720653824943 0.6572471876059343 0.6590200263281355 0.6601993897406165
0.6291696166754683 0.6290888458868149 0.6283501128417834 0.6269401782924974 0.6248418948062737 0.622034663882596 0.6184949379546383 0.6141967480427134 0.609112238563061 0.6032121918992989 0.5964665265124416 0.5888447533609296 0.5803163760824896 0.5708512207289504 0.5604196809155375 0.5489928641860128 0.5365426253618625 0.5230414727548629 0.5084623334240086 0.4927781640974825 0.47596139481952504 0.45798319262784704 0.4388125324296079 0.41841506160057834 0.3967517436869805 0.3737772651181811 0.34943818739255983 0.32367082628697413 0.2963988398607946 0.26753050900519443 0.23695569861751584 0.20454249473288894 0.17013352378375815 0.13354197563262954 0.09454737404793637 0.05289117038619802 0.00827228454410301 -0.0396572081720953 -0.09129592901084572 -0.14709608921487896 -0.20756464622756746 -0.2732615169854089 -0.34479300996005546 -0.42279772922198855 -0.5079209553724683 -0.6007719034028403 -0.7018564219626692 -0.8114760823158542 -0.9295842908586882 -1.0555931764481357 -1.188135043739468 -1.3248035503352413 -1.4619352270723187 -1.5945364485706677 -1.7164925697417577 -1.8211726503555128 -1.902423144594914 -1.9557382833871677 -1.9792135088078209 -1.9738923486248305 -1.9433637862928343 -1.892808886910227 -1.827896610916684 -1.7538869893990752 -1.6751081121297071 -1.594787852777456 -1.5151265387069486 -1.4374875925253188 -1.3626166516360363 -1.2908397370138993 -1.2222210789545955 -1.156678574392661 -1.0940626857778017 -1.0342068384054552 -0.9769569546315942 -0.9221863916198599 -0.8698010614530224 -0.8197382375580772 -0.7719615664234198 -0.7264540808488654 -0.6832104918717512 -0.6422296636113672 -0.6035079035144731 -0.567033499276536 -0.5327827860151354 -0.5007179288513118 -0.47078656766555166 -0.44292352723489586 -0.41705503186276716 -0.3931064817609614 -0.37101635450226916 -0.3507625191686547 -0.33241690635797394 -0.31627107863193393 -0.3031533812813094 -0.2953005552392029 -0.29890398138110413 -0.3314498355918288 -0.43718293499101146 -0.6658627564574665 -0.8311969789032845 -0.6601205007702168 -0.4328346940817849 -0.32905797805245823 -0.2973577222926092 -0.2938467507086163 -0.3014210644328832 -0.31410658987026385 -0.32978600399583236 -0.34770231827806497 -0.3676110164196031 -0.38947324305855696 -0.41333456512022915 -0.43927201959548523 -0.4673684194828091 -0.4976986732727879 -0.5303221664997414 -0.5652788082252965 -0.6025877644985269 -0.6422484695960492 -0.6842437105695723 -0.7285446159672443 -0.7751173267880541 -0.8239310202205304 -0.8749668046646627 -0.9282268032974896 -0.9837424753856078 -1.0415808581888324 -1.1018469012659617 -1.164679350147026 -1.2302366571337426 -1.2986681237527056 -1.3700639872636546 -1.4443767799691762 -1.5213058505709154 -1.6001391517049977 -1.6795541889372028 -1.7573973402765337 -1.8304907485519202 -1.8945560713138416 -1.9443780235235377 -1.9743218962621578 -1.979225190055911 -1.955498585822633 -1.9020797093003374 -1.8208402656078821 -1.7162465061369527 -1.5944134424917593 -1.4619400760745405 -1.3249182762954046 -1.1883279792668762 -1.055826427787805 -0.9298190882807625 -0.8116761956149137 -0.7019900913296052 -0.6008127570349656 -0.5078482955788842 -0.42259645666123363 -0.344453360509635 -0.27277871751953764 -0.20693855092009225 -0.14633082986925894 -0.09039959503806051 -0.03864155992052146 0.009392073705537844 0.054096753576143464 0.09581746590927562 0.134852598488012 0.17145828047355002 0.2058528823625644 0.23822147522474865 0.2687201224707146 0.2974799255327855 0.3246107769219081 0.3502047961320451 0.3743394391917072 0.39708028315809396 0.4184834935589434 0.43859798644408726 0.45746729800561636 0.47513117441417896 0.4916268933904398 0.5069903278517505 0.5212567613716921 0.5344614656037857 0.5466400514336763 0.5578286083868015 0.5680636504691164 0.5773818907525381 0.5858198711561711 0.5934134775383796 0.6001973729794242 0.6062043836783123 0.6114648720071021 0.616006129891049 0.6198518228596556 0.6230215109982896 0.6255302678601451 0.6273884124815682 0.6286013633299521
0.5980817581975105 0.5979096946555401 0.5970121279700087 0.595380329472295 0.5930033856836608 0.5898683385492992 0.585960291987137 0.5812624849357579 0.5757563342569562 0.5694214531866747 0.5622356522056298 0.5541749290098946 0.5452134526475787 0.5353235439506395 0.5244756503636439 0.5126383084764918 0.4997780823604366 0.48585946051195333 0.4708446890894273 0.4546935143556137 0.43736280291857726 0.4188060045700254 0.3989724193610132 0.377806228237787 0.3552452454286555 0.3312193513193193 0.3056485673626978 0.2784407402363695 0.24948881146489782 0.21866766136201968 0.18583053252684517 0.1508050583677748 0.11338894676621823 0.07334539968191192 0.030398389997225658 -0.015772025720453026 -0.06553409366782749 -0.11930805015174949 -0.1775685039749889 -0.240844589318836 -0.3097164864696551 -0.3848062122526368 -0.4667596099862804 -0.5562151835565784 -0.6537538627212615 -0.7598221859873473 -0.8746203569844966 -0.9979474643311953 -1.1290011531772728 -1.2661415589606184 -1.4066528324699026 -1.546570538701205 -1.6806808957330481 -1.802813775120266 -1.9065077471315142 -1.985996056730578 -2.037278451374164 -2.058915248505948 -2.0522310820319722 -2.0208573250759763 -1.969825868969646 -1.904568507032509 -1.8301188008203766 -1.7506467406601434 -1.6693043321674916 -1.588284046593848 -1.5089848811843771 -1.4322082155715874 -1.3583390198594734 -1.2874936443054699 -1.2196308238461262 -1.1546299088177985 -1.0923428063858684 -1.0326261173875768 -0.97535897308569 -0.9204508872108979 -0.8678428708438541 -0.8175042098391025 -0.7694266713143075 -0.7236174455978531 -0.6800917967603826 -0.6388661503996099 -0.5999521654688481 -0.563352203514976 -0.529056521648398 -0.4970424867393019 -0.4672761702964409 -0.43971690737889557 -0.41432594199831857 -0.39108147846118235 -0.37000511909233114 -0.3512108019702924 -0.33500228151740585 -0.32208400435598294 -0.31405863318044747 -0.3147089131014716 -0.33357264668019915 -0.3962038816177669 -0.5680967186337805 -0.9378009816432501 -1.2265682199313277 -0.9330395186399295 -0.5646200884604569 -0.39426549070804684 -0.3322224096089177 -0.31337438680027996 -0.3124780970839931 -0.3201582599294834 -0.33271834159061325 -0.34860673217546595 -0.3671527628608102 -0.3880765622368834 -0.4112811392083486 -0.4367560097158691 -0.46452861472434365 -0.49463798146361293 -0.5271197498363246 -0.5619976997849465 -0.599279515785223 -0.6389556868746157 -0.6810009573515411 -0.7253779515628815 -0.7720426470940839 -0.8209513344729171 -0.8720686104277805 -0.925375817387083 -0.980879161796726 -1.03861650320742 -1.098661477813511 -1.1611231650301164 -1.226138876389974 -1.2938567998030275 -1.364404162944697 -1.4378353855181558 -1.5140537015470266 -1.5926997213072378 -1.6730028608767074 -1.7535989289966978 -1.8323325520077498 -1.9060887996291203 -1.970731804328082 -2.021255766426301 -2.052246834394709 -2.0586785175958764 -2.036911329730115 -1.9856005632337654 -1.9061579049015982 -1.8025531130080812 -1.680525062138858 -1.5465133204393289 -1.40667340547825 -1.2662112183212546 -1.1290885837601095 -0.9980223437852064 -0.8746555176972858 -0.7597947187899818 -0.6536455307420265 -0.5560124310319684 -0.4664533593157777 -0.384391568867726 -0.30919241994528135 -0.24021362649506034 -0.1768364496931434 -0.11848373866131258 -0.0646291657583384 -0.01480072159815942 0.03141943483716131 0.07439736919075596 0.11445108254978274 0.15185493231646796 0.18684436220455847 0.2196206736546322 0.2503556572894207 0.27919596075589875 0.3062671101495697 0.3316771331196633 0.3555197563533887 0.3778771700573224 0.39882236787969966 0.41842108267695816 0.4367333468914616 0.45381471154254777 0.4697171605851061 0.484489758392994 0.4981790680415236 0.5108293774078237 0.5224827691785728 0.5331790697384989 0.5429557105356434 0.5518475337171728 0.559886571423627 0.5671018249900763 0.5735190663971659 0.5791606797154099 0.5840455551696433 0.5881890430757771 0.591602969569454 0.5942957110752995 0.5962723201519387 0.597534691946402
0.5670782190145943 0.5668005684779901 0.5657146535284865 0.563816477020432 0.5611015937091214 0.5575649296397648 0.5532004909305466 0.5480009814020971 0.5419573540698712 0.535058325133065 0.527289880384371 0.518634802712401 0.5090722455396133 0.4985773707837529 0.48712106156711515 0.47466970986136847 0.4611850680565027 0.44662414162302366 0.4309390881443532 0.4140770765880794 0.3959800503570376 0.3765843290929023 0.35581997819378847 0.3336098724739175 0.30986838230833796 0.2844996178669315 0.25739518025997393 0.22843138772682606 0.19746596992701831 0.1643342529292078 0.12884489045075787 0.0907752326319951 0.04986646309484437 0.005818682168415172 -0.04171382260450312 -0.09312678371836172 -0.14886915716128257 -0.2094446101285098 -0.27541022606429755 -0.347370830798397 -0.42596658588870756 -0.5118504646972899 -0.605650920608874 -0.7079135821899242 -0.8190145092878516 -0.9390371986243063 -1.0676076266998422 -1.203688565634972 -1.345349288418328 -1.4895519234540653 -1.632029117856368 -1.7673573544152403 -1.8893304655862233 -1.9916764745502804 -2.069027034868208 -2.117889244671606 -2.1372892524465863 -2.1288451966113744 -2.0962589962400653 -2.0444492738936075 -1.9786404484130284 -1.9036532852205954 -1.8234956309294514 -1.7412268545633376 -1.6590092991815821 -1.5782558148381072 -1.4998058912645273 -1.424091080848378 -1.3512723309888663 -1.2813453125810674 -1.2142165420157571 -1.1497555563877153 -1.087828637649883 -1.0283188752063435 -0.9711363991259385 -0.9162217215380679 -0.8635443986945108 -0.8130986789895988 -0.7648974030597742 -0.7189651327943949 -0.675331273302837 -0.6340237915531229 -0.595064013739548 -0.5584628969125062 -0.5242191266864216 -0.49231941461631146 -0.4627415041264849 -0.4354607405287824 -0.4104618239850296 -0.38775899571718186 -0.3674314541939673 -0.3496888295772373 -0.3350007768285243 -0.32437395387335377 -0.3199951557200347 -0.32686143359226755 -0.35727865245207013 -0.4438875000458503 -0.672137059130198 -1.1715948166141172 -1.5814353352582091 -1.1682265340276246 -0.6697560011273878 -0.44253286478402504 -0.35627293699233664 -0.3258342324443136 -0.31878755443054346 -0.32293106912525626 -0.3333215750777276 -0.34780402511387803 -0.3653928610651529 -0.3856334238257012 -0.4083267312644036 -0.4334005056742373 -0.4608438713628058 -0.49067196621163484 -0.5229057828736274 -0.5575605140623691 -0.5946391859518664 -0.6341299738304832 -0.6760063434391489 -0.7202294980106494 -0.766752738915208 -0.8155273644076315 -0.8665096841167251 -0.919668639197451 -0.9749933969279372 -1.0325001300875731 -1.0922369813915738 -1.154285926914131 -1.218759855786556 -1.2857926378287938 -1.3555192259832922 -1.4280419448049704 -1.5033781569383355 -1.581383790673286 -1.661647445019132 -1.743352248900312 -1.825109361743703 -1.9047804769154566 -1.9793286404599306 -2.0447649239600048 -2.0962820403999674 -2.128661909118022 -2.1369841050584024 -2.117536951699652 -2.0686862332691707 -1.991386266092885 -1.8891103010620416 -1.7672097788736985 -1.6319442005844393 -1.4895120562971969 -1.345333373846018 -1.2036751327435768 -1.067576843172391 -0.938971983186689 -0.8189010164817192 -0.7077413012898021 -0.6054125660642475 -0.5115417725154853 -0.4255860823798866 -0.34691960804614147 -0.27489173859601257 -0.20886449530264123 -0.1482350746652676 -0.09244826550258951 -0.04100212268971399 0.006550748726326191 0.05060470157335713 0.09150427764236611 0.1295484471827045 0.1649953725331521 0.19806735854947763 0.22895574689510753 0.25782557509964027 0.2848198689081165 0.3100634761552755 0.3336663860725038 0.35572651054539817 0.3763319328167164 0.395562653418786 0.4134918818691906 0.4301869355653963 0.4457098146264567 0.4601175238621576 0.47346221151913787 0.48579118990249925 0.4971468962287544 0.5075668437852511 0.5170836041498251 0.5257248512490634 0.5335134877435549 0.5404678639658482 0.5466020897707212 0.5519264305843683 0.5564477710603306 0.5601701234375325 0.5630951532534036 0.5652226927033754 0.5665512117477429
0.5353881890247728 0.5349948983132667 0.5336959130670164 0.5314918731432483 0.5283846013510447 0.524376616788687 0.5194704674028938 0.5136679200910886 0.5069690545788947 0.49937131218314157 0.49086855193329065 0.4814501640545475 0.4711002844032335 0.4597971431820666 0.44751256745985135 0.4342116401864417 0.41985249924731377 0.40438623957318 0.3877568605804452 0.3699011817111334 0.35074863229690834 0.33022081036464657 0.30823070041244616 0.2846814445433583 0.25946457605109624 0.2324576500525419 0.20352124120132764 0.17249532161483835 0.13919507950655705 0.10340628692985344 0.06488037083007671 0.02332938534018401 -0.021578870367992078 -0.07022528427291842 -0.12304301665732052 -0.18051968828076947 -0.24319737189157034 -0.31166919580378566 -0.38657078453124916 -0.46856393834532206 -0.5583088665563032 -0.6564199782471666 -0.7633988839186797 -0.8795373398555586 -1.004783327931744 -1.1385669690440305 -1.279591944211744 -1.4256151789146418 -1.573263681841606 -1.7179680578964571 -1.8541125439716146 -1.975485698797963 -2.0760393197029963 -2.150829828829584 -2.1968844623112878 -2.2136988096806243 -2.203188863858558 -2.16913839529409 -2.116368678600058 -2.049909609864799 -1.9743724658685027 -1.8935952391737132 -1.8105289463038567 -1.7272869283367822 -1.645278172383817 -1.5653663851610145 -1.488020581806925 -1.4134416533618628 -1.3416610062094532 -1.2726133059805573 -1.2061876567224434 -1.1422618858588633 -1.0807240800091449 -1.0214847325117633 -0.9644821076691781 -0.9096828054484752 -0.8570790396878958 -0.8066838011304852 -0.7585248317108859 -0.7126381585086939 -0.6690618018326662 -0.6278301677100028 -0.5889695549266293 -0.5524951538907519 -0.5184099028715526 -0.48670562647119114 -0.4573670702277187 -0.43037988094371515 -0.40574450797153694 -0.38349994865477544 -0.3637654606091273 -0.34681781957338487 -0.3332442347075931 -0.3242684391956843 -0.3225050990802451 -0.3338657060457706 -0.37282164169563176 -0.4778456157878626 -0.7519679823896598 -1.3654404583091198 -1.8887144826379312 -1.3637489703193837 -0.7508296121471986 -0.47719823537809725 -0.37232002118040985 -0.3333393620873219 -0.3218860341743765 -0.3235359131486662 -0.3324012191734462 -0.34588111818673456 -0.3627610744887837 -0.38246043647507094 -0.4047070840025355 -0.42938475506000007 -0.45645584019152674 -0.48591966567021955 -0.5177887488752049 -0.5520749338753399 -0.5887814989034148 -0.6278992661931154 -0.6694056641394666 -0.7132661229098345 -0.7594373702232549 -0.807872250797549 -0.8585256795859119 -0.9113612852407635 -0.966358220071291 -1.0235175091609003 -1.0828671783876174 -1.144465224301568 -1.2083992451077825 -1.2747812112407102 -1.3437353839962989 -1.4153767698045518 -1.4897767421975205 -1.5669116797308054 -1.6465899434411324 -1.7283528584830734 -1.8113476650795484 -1.8941763469088941 -1.97473588213151 -2.050084176517705 -2.1163899954690986 -2.1690459540435425 -2.2030226811896454 -2.213495929699253 -2.1966758441832135 -2.1506381684160694 -2.075878196711983 -1.975360110144411 -1.854020514981261 -1.7179027919399665 -1.5732157051530131 -1.4255741106826862 -1.2795477468901921 -1.1385107070259168 -1.004707548686792 -0.8794362067411072 -0.7632681674226415 -0.6562569793651623 -0.5581123166421118 -0.46833389857644075 -0.38630855452646373 -0.3113772327784998 -0.24287921708504853 -0.18017989497385828 -0.12268707324905548 -0.06985952623570299 -0.02121037616527621 0.023692917435381714 0.06523076599379918 0.10373505613162483 0.13949359836367875 0.17275502213583796 0.20373381233197102 0.23261524296874922 0.2595600105129686 0.2847084131135707 0.3081839677223791 0.33009640468546814 0.3505440263090588 0.369615458537786 0.38739085993159267 0.40394267742927437 0.41933605313870764 0.43362899109975195 0.4468723890021979 0.4591100290975369 0.47037860701232126 0.480707858723853 0.490120826206278 0.49863428252267006 0.5062593184928756 0.5130020763539379 0.5188646017156876 0.5238457740997116 0.5279422687771014 0.5311494986630133 0.5334624846876211 0.5348766061778221
0.5015061825673838 0.5009909383339568 0.4994563545328907 0.4969072892611895 0.4933511996127368 0.48879738996716937 0.4832560246199608 0.47673696170039376 0.4692484754003916 0.4607959392885624 0.4513805441772275 0.4409981190799758 0.42963811289693393 0.41728277754766363 0.40390657066731395 0.3894757685121696 0.37394824880934197 0.35727337105995455 0.3393918511480294 0.3202355015822495 0.29972669229415305 0.2777773835699198 0.2542875955662118 0.2291432095238544 0.20221304345120258 0.17334520613750712 0.14236280173525467 0.1090591251097846 0.07319254820546418 0.03448134489822676 -0.007401263634738188 -0.05283153162585242 -0.1022387275803349 -0.15610735974333292 -0.2149775085097932 -0.27944241978869816 -0.3501420814134472 -0.4277508580214151 -0.5129563621880708 -0.6064255941814803 -0.7087530837699694 -0.8203845928191238 -0.941509494690044 -1.0719163638107267 -1.2108113852442184 -1.3566102663601616 -1.506733371874086 -1.657460110670034 -1.8039249971939275 -1.940347281342035 -2.0605544146540877 -2.158771015632181 -2.2305176201809673 -2.27336244969397 -2.2872747685132184 -2.2744652520839694 -2.238797120042549 -2.1849944018050973 -2.117891596531746 -2.041884606651276 -1.9606293983224756 -1.8769519389009635 -1.792898602906225 -1.709858381410586 -1.6287069224897175 -1.5499430645886514 -1.47380441961647 -1.4003584822958424 -1.3295708730234208 -1.2613543624257215 -1.195602677090521 -1.1322126704441073 -1.0710977830997759 -1.0121950684419467 -0.9554675214908503 -0.9009030419064334 -0.8485110695794227 -0.7983177263984869 -0.7503601534612268 -0.7046806274040706 -0.6613209577358085 -0.6203176012891859 -0.5816978795733185 -0.5454776572151704 -0.5116608525375568 -0.4802412390865676 -0.451207225438087 -0.4245508000017798 -0.4002828678730909 -0.37845937833063786 -0.3592273056512654 -0.34291002751193606 -0.33017659304110586 -0.32240289957455 -0.32250736445410066 -0.33706389056699 -0.38216034403022875 -0.5008167255585007 -0.8106911216494401 -1.5199248280317794 -2.1447646283134967 -1.5200489917994113 -0.8108661391330707 -0.5009768949956324 -0.38230668213349694 -0.33720891449980184 -0.32265953893067073 -0.3225660773687962 -0.3303512861459019 -0.34309440061917773 -0.3594178273670475 -0.37865127276314403 -0.4004704681034345 -0.42472785855513273 -0.4513672080990341 -0.48037761206826685 -0.5117673637700385 -0.5455486072717912 -0.5817283748917187 -0.6203037810384178 -0.6612601854890883 -0.7045716394268641 -0.7502031567162506 -0.7981144411375226 -0.8482647134704703 -0.9006182548870723 -0.9551502328047676 -1.011852309497841 -1.0707374518094883 -1.131843254513159 -1.1952329453450525 -1.260993034689649 -1.3292262803454762 -1.4000382304933203 -1.47351507015917 -1.549689847758882 -1.628493498465984 -1.7096866653465095 -1.7927686701072592 -1.8768620256539017 -1.9605760124291498 -2.0418627584577607 -2.1178951547679388 -2.185016566732586 -2.2388309872348695 -2.2745044138017896 -2.2873138716758934 -2.2733976128401787 -2.2305466231423727 -2.1587932233682823 -2.060570468364541 -1.9403586533013593 -1.8039335293579088 -1.6574676339673005 -1.5067414533960453 -1.3566200839760212 -1.2108237008731702 -1.0719315589901004 -0.9415276374145438 -0.820405514377556 -0.7087764532156197 -0.6064509842574888 -0.5129833041014543 -0.42777888424608357 -0.35017075653218355 -0.2794713598211233 -0.21500638951459733 -0.15613591683534378 -0.10226674586880957 -0.05285883092294179 -0.007427679054365185 0.034455984169057846 0.0731684396541287 0.10903651097483302 0.14234198247827567 0.17332654775132184 0.20219697750753057 0.22913022538408592 0.2542782247230184 0.2777721766309345 0.2997261896369532 0.32024019918215724 0.3394021634877176 0.3572895933515596 0.37397052097431693 0.38950404345085454 0.40394058929067117 0.4173220528246778 0.4296819247884381 0.44104552169029243 0.45143038577815725 0.46084689509046006 0.46929909210820303 0.47678571205641324 0.48330136936425644 0.4888378440055295 0.49338539873188164 0.49693405351960623 0.499474744514676 0.5010003007898721
0.4621056101112794 0.4614649237535585 0.4596695666951865 0.4567279535826499 0.45265227678500625 0.4474575784047852 0.4411605641509109 0.433778234019849 0.42532641573233293 0.4158182912896375 0.40526300362506557 0.3936644181662786 0.38102009269216236 0.3673204783911585 0.3525483367696479 0.336678313597977 0.31967656648216664 0.30150030240039377 0.2820970521389378 0.26140349666131285 0.23934367163713138 0.21582641374223185 0.19074197521437156 0.16395781631641923 0.13531367937228797 0.10461614066885087 0.07163291522699161 0.036087244515625685 -0.0023472753318284456 -0.04405106323955966 -0.08946176542491105 -0.1390759479685493 -0.19344885515673446 -0.2531916787106726 -0.3189655039925301 -0.391470626393787 -0.47142921490826045 -0.5595583169113443 -0.6565289877712904 -0.762906056435237 -0.8790620967450817 -1.0050593308267206 -1.1404957447889428 -1.2843185264553927 -1.434621133390283 -1.588460907128834 -1.741759541143251 -1.8893691263281336 -2.0253835789363923 -2.1437281987961314 -2.238963391738904 -2.3071231388734326 -2.3463416004187754 -2.357063598035579 -2.341783281567176 -2.304429273691446 -2.2496161094796463 -2.1819716093140378 -2.105663369542668 -2.0241494486697853 -1.9401127559094797 -1.855514679925992 -1.7717084262333025 -1.6895696164766973 -1.6096194636698307 -1.5321292747881667 -1.4572033823931483 -1.3848419368017768 -1.3149867242144049 -1.2475534786384508 -1.18245379849635 -1.119609205782175 -1.058959317719653 -1.000465627907998 -0.9441120363877092 -0.8899030143828631 -0.8378601167031419 -0.7880174388319348 -0.740416536086394 -0.6951012637453737 -0.6521129503200549 -0.6114862776074497 -0.5732462132856883 -0.5374063342019298 -0.5039689110061091 -0.47292723455792046 -0.44427092190251566 -0.4179954833535507 -0.39411855036257565 -0.3727074858755906 -0.3539280766739754 -0.3381351876537438 -0.3260528730939263 -0.3191592668553928 -0.32057831184282765 -0.33733921697360003 -0.38667074740985724 -0.5149385642844879 -0.8512881324240742 -1.6370678080881496 -2.3485696108167238 -1.6390017721237382 -0.8527704330042197 -0.5159667791979758 -0.38757067426317565 -0.3382802673103641 -0.32162988437595597 -0.3203412023149422 -0.3273583405392018 -0.3395409000267709 -0.3553994154592731 -0.3742016197945211 -0.3955867958354348 -0.4193854185744739 -0.44552845562647475 -0.47399868918491017 -0.5048031098458036 -0.5379566464738215 -0.5734724916137038 -0.6113566146985329 -0.651605180987049 -0.6942041437411387 -0.7391305391684929 -0.7863551270408994 -0.8358460549949638 -0.8875732185044126 -0.9415129612750159 -0.9976527221008691 -1.0559951866775006 -1.1165614431123114 -1.1793925587075023 -1.2445488779746174 -1.3121061672954237 -1.3821474760104095 -1.4547492238479756 -1.5299595487794941 -1.60776637791733 -1.688052106767671 -1.7705314102695753 -1.8546690059566893 -1.9395759171226388 -2.0238871055857355 -2.1056316821005376 -2.1821203216702902 -2.249892245859677 -2.304781188391361 -2.3421646695852485 -2.3574369510893747 -2.346680554091622 -2.3074132764540467 -2.239201375855785 -2.1439195135984654 -2.02553950834667 -1.889503703290375 -1.7418870456736233 -1.5885941834785668 -1.4347707050110425 -1.2844923161687642 -1.1406991656660004 -1.0052955526129626 -0.8793323590117845 -0.7632099592924608 -0.6568647322285605 -0.5599228910423866 -0.4718185343142529 -0.39187964294912875 -0.31938829843026567 -0.25362155163420164 -0.19387842824061155 -0.13949728307786316 -0.08986650494458061 -0.04443059089675076 -0.0026928938567512845 0.035784124125748745 0.07138057837750171 0.10442237266054923 0.13518557144338536 0.16390157668812813 0.19076274653827793 0.21592809774139649 0.23952876174296783 0.2616729201667555 0.2824500248307604 0.3019342006835844 0.3201868244110509 0.3372583545825908 0.35318955155295295 0.36801226170043005 0.38174995036732134 0.3944181543305622 0.4060249935898644 0.4165718406015436 0.4260541995104974 0.4344628040736053 0.44178490496987016 0.44800568763594406 0.45310974183921693 0.45708249400157414 0.45991151213656395 0.46158759998615523
0.4091909496802002 0.40842506846683463 0.40633884483553784 0.4029438921107595 0.39825696333307087 0.39229902847815956 0.3850941310365224 0.3766681074986737 0.3670472589327161 0.3562570584476846 0.3443209605314974 0.33125934771404486 0.3170886079784948 0.30182028611449174 0.2854601993596164 0.2680073599398704 0.24945251363439616 0.22977609341841854 0.20894540783890694 0.18691093826877814 0.16360170491880668 0.13891976911522516 0.11273405362521505 0.08487376538746483 0.055121779104469464 0.02320837605186913 -0.011194268168808419 -0.04847647643628777 -0.0890939967897419 -0.13356911854033604 -0.18248959859977745 -0.23650493721134272 -0.2963193970855695 -0.3626809092408585 -0.4363645773556064 -0.5181487905723984 -0.6087809308389216 -0.7089283779534968 -0.8191092393741168 -0.9395965298075686 -1.0702903767028342 -1.2105567056171684 -1.3590396290869835 -1.5134700513486161 -1.6705145854341519 -1.8257319442876991 -1.973716411534306 -2.108491342081878 -2.2241544848067236 -2.3156771602446247 -2.379662168721385 -2.414834072555001 -2.4221094032888835 -2.4042455984988744 -2.3652124989657115 -2.309493514754462 -2.241491278422076 -2.1651276085274107 -2.083644587689992 -1.9995633860893935 -1.914742345692334 -1.8304830576408777 -1.7476488284841623 -1.6667751951497638 -1.5881634210516358 -1.5119548342101432 -1.4381874363575096 -1.3668376222237777 -1.2978500665982313 -1.231158503527639 -1.1666996075147598 -1.1044216782573957 -1.0442894063824244 -0.9862856770419186 -0.9304111425192753 -0.8766821448558362 -0.8251274739016514 -0.7757843864076585 -0.7286942731106719 -0.6838983330008129 -0.6414335914335789 -0.6013295804156554 -0.5636059893587076 -0.5282716035604587 -0.4953248964204531 -0.4647567684120925 -0.43655620392037525 -0.41072019011859034 -0.38727040900254595 -0.36628162821746413 -0.3479318866351507 -0.3325961835925805 -0.32103304187751736 -0.31478388986197525 -0.31709992139845106 -0.3352960870115085 -0.38733801686422165 -0.521859799002531 -0.8764130042471826 -1.7196624223830608 -2.5010441605650664 -1.723267504047539 -0.8791207794468187 -0.5237639854802901 -0.3890425465493028 -0.3370957938640641 -0.3191094696134743 -0.3170316655326653 -0.3235016319356356 -0.3352399784424834 -0.35068580183625375 -0.36906641569556914 -0.389996718588177 -0.4132922525470069 -0.4388754711477469 -0.4667256057538838 -0.49685030246333395 -0.5292688716598904 -0.5640021919228935 -0.6010667427013375 -0.6404714200605572 -0.6822163730826049 -0.72629338491256 -0.772687456104964 -0.821379301650355 -0.8723484853237142 -0.9255769066510979 -0.9810523377111295 -1.038771683518668 -1.098743610104215 -1.1609901431517422 -1.2255467770933883 -1.2924605351596161 -1.3617852661927645 -1.433573232758421 -1.5078617177330331 -1.5846529443772068 -1.6638850873318445 -1.7453916274330759 -1.8288459596776636 -1.913688371743195 -1.9990339099767918 -2.0835632052278794 -2.165405242045439 -2.2420323022286412 -2.3102025450506436 -2.3660013173583 -2.4050394955291736 -2.4228521007384636 -2.415490412759274 -2.3802180445634953 -2.3161367109097912 -2.2245352462493506 -2.108818533269275 -1.9740176136817231 -1.8260330701864633 -1.670837459708037 -1.5138314192197195 -1.3594511500413233 -1.2110254656126629 -1.0708195662615276 -0.940186081008759 -0.8197563329814038 -0.7096278070831222 -0.6095253473923685 -0.5189288780156153 -0.43716919777434576 -0.3634972686433325 -0.2971332627206185 -0.23730092597052393 -0.18325153893301327 -0.1342804729374634 -0.08973832073578736 -0.04903788468859925 -0.011657880477141948 0.022856031354459957 0.054892416182906856 0.08477704996762571 0.11277736591146657 0.13910801187031707 0.16393714649816968 0.18739308152307035 0.20957087894422485 0.23053854927119397 0.2503425719348074 0.2690125619171381 0.2865650205490789 0.303006214793877 0.3183343128647302 0.33254095550903 0.34561245945345564 0.3575308360618831 0.36827477203161996 0.37782066956605764 0.3861437903541341 0.3932194986719921 0.39902455946197923 0.4035384203359309 0.4067443929317084 0.40863064815074346
0.3236963470672272 0.3228239537735356 0.32044779659603756 0.31658474700337086 0.3112602714125665 0.3045077611988163 0.2963677204963216 0.2868868544680725 0.2761170847652759 0.2641144887324928 0.2509381161453018 0.23664858633622418 0.22130631703546855 0.2049691945827847 0.18768947580386736 0.16950972740982667 0.15045766938660088 0.13053989863874996 0.10973462266088954 0.08798371209648373 0.06518455369558927 0.041182307725572326 0.015763198267294762 -0.011350647073988014 -0.04050454626763743 -0.07211288681364005 -0.10665943039761787 -0.14469682029678627 -0.18684556442021175 -0.23379211477060527 -0.28628478601744584 -0.34512551218857895 -0.41115516770336596 -0.48523040306177434 -0.5681902588894115 -0.6608106120755426 -0.7637434402782216 -0.8774363096437718 -1.0020264768196288 -1.1372051524661646 -1.2820526368926464 -1.434855916734613 -1.5929376519163299 -1.7525473004751684 -1.9088841823427778 -2.0563246664860215 -2.1888944624682605 -2.300954337194153 -2.3879710693727434 -2.4471728759208076 -2.4778936753925778 -2.481508696616549 -2.4610085389514644 -2.4203712496628027 -2.3639207644382205 -2.2958117606182573 -2.219700817273198 -2.1385956279294427 -2.0548374263291267 -1.9701640207041151 -1.885809740149717 -1.8026128898239613 -1.7211143591191176 -1.64164038935807 -1.5643681661844357 -1.4893757703250474 -1.4166791157075165 -1.3462586236133183 -1.2780780512651098 -1.2120974180291515 -1.1482815080066717 -1.0866050400626528 -1.0270553022318465 -0.9696328401926648 -0.9143506529549247 -0.861232264959636 -0.8103089959005517 -0.761616724191779 -0.715192426955903 -0.6710707719553011 -0.6292810317106396 -0.5898445875091173 -0.5527732958684017 -0.5180690132486467 -0.4857246372966114 -0.4557271634688524 -0.4280635482714106 -0.4027307607899821 -0.3797525968161633 -0.3592082902882379 -0.3412832214424588 -0.3263638483133685 -0.3152271796949412 -0.30944712116817674 -0.31233909236292096 -0.3313644253030378 -0.3848844384543658 -0.5228558670386672 -0.8883480975181729 -1.7708474901117262 -2.60447110751027 -1.7758727008107238 -0.8921283986666134 -0.5255844321900052 -0.38738064686198653 -0.33401451862376497 -0.3152878841736519 -0.31272541719832514 -0.31880538931433333 -0.33017504519365043 -0.3452345456978512 -0.36318793779954783 -0.3836352270995418 -0.4063824557988861 -0.43134675410988493 -0.45850573184218185 -0.48786892818253386 -0.5194609380337175 -0.5533111362297436 -0.5894474050560496 -0.6278924803070093 -0.6686621353265756 -0.7117647263160132 -0.75720177211548 -0.8049693113994578 -0.85505980854286 -0.9074643872841599 -0.9621751698660919 -1.0191874935971976 -1.0785017673410262 -1.1401247141509674 -1.2040697164127518 -1.2703559261562196 -1.339005711877217 -1.4100398674877372 -1.4834697906478973 -1.5592855306632063 -1.6374382040336444 -1.717814796331806 -1.800202879230909 -1.8842424278589314 -1.9693620316115144 -2.0546978760325825 -2.1389967298584396 -2.220509813568113 -2.2968937649675327 -2.3651479367027712 -2.4216315335405034 -2.4622130221769347 -2.4825965787385424 -2.4788339672299986 -2.4479624052232003 -2.3886291100163697 -2.3015150008144643 -2.1893985346376987 -2.0568125459335613 -1.9093909962851077 -1.7531004363470313 -1.5935562624383057 -1.4355516439200748 -1.2828308366704713 -1.1380661217121906 -1.0029664295545844 -0.8784480343934445 -0.7648166805872086 -0.661932264832831 -0.5693445023717295 -0.4863988622090431 -0.4123172042975565 -0.3462586956579912 -0.2873655603239403 -0.23479663341399726 -0.18775062577574775 -0.14548080774076877 -0.10730315439778093 -0.07260024349153686 -0.04082294481430751 -0.011491204908442259 0.015805653055701464 0.04140936293192788 0.06559440026410993 0.08857133516993904 0.11049195963547742 0.1314559493220842 0.1515185621800388 0.1706987591803237 0.18898715179604636 0.206353299323918 0.22275204864700027 0.2381287853812121 0.2524236159353344 0.2655746064810284 0.2775202619274751 0.2882014404946791 0.29756287824259314 0.30555445620361765 0.31213229332663034 0.31725970163547196 0.3209080029170883 0.32305718260386435
0.1545306913017053 0.1536326224465901 0.1511333523782141 0.14706723406039918 0.14148937775216533 0.13447501720504818 0.12611853027065867 0.11653195944286121 0.1058428331240101 0.09419105843176402 0.08172465288565715 0.06859411484099369 0.05494530322986448 0.04091079692739992 0.026599813399341345 0.012086864105013043 -0.0026005958211985 -0.017495177095466514 -0.03270271405317485 -0.04841473391748971 -0.06491886803763532 -0.08260518292732383 -0.1019659421968252 -0.12358654940273364 -0.14812690588843308 -0.17629529737702754 -0.20882050459654458 -0.24643044131255148 -0.289845130293352 -0.33978687270917285 -0.3970018989926789 -0.4622793508983723 -0.5364503609430321 -0.6203551549259811 -0.7147765790809142 -0.8203468855808663 -0.9374355804537265 -1.0660211039040783 -1.2055447329801352 -1.35474771719515 -1.5115047749178179 -1.6726870280076098 -1.8341095858257537 -1.9906328356432232 -2.1364772144624475 -2.265765744448917 -2.3732286547013004 -2.45491843764611 -2.5087410111254345 -2.5346479646675713 -2.534447934861726 -2.51132400158289 -2.469221978852983 -2.4122737514942894 -2.3443617301566952 -2.2688581884419667 -2.1885195220425055 -2.1054906439117254 -2.021372825208203 -1.9373182506581001 -1.8541274554658485 -1.7723368610977583 -1.692291308358091 -1.6142010289427056 -1.5381847438966947 -1.464301385749498 -1.392572963911628 -1.3230007569031543 -1.255576567820955 -1.1902903483634477 -1.1271351361190853 -1.0661099739976347 -1.007221284207744 -0.950483038548667 -0.8959159866154836 -0.8435461595367967 -0.7934028470850506 -0.7455162410154355 -0.6999149404277081 -0.6566235213612087 -0.6156603807861586 -0.577036075608227 -0.540752395077377 -0.5068024407537308 -0.4751720624034692 -0.44584314927367985 -0.4187995776711444 -0.3940372139008968 -0.3715805712141117 -0.35151118784253965 -0.33401807184806037 -0.31949241996079675 -0.3087171093835363 -0.3032738075790392 -0.3064908618979502 -0.32586070275792645 -0.37985229288693984 -0.5189233130405747 -0.8890285778253355 -1.7938465209486714 -2.6620611853150056 -1.7999552435953372 -0.8936664521674939 -0.5223647825774091 -0.38306132211780275 -0.32928064169034554 -0.31028267571084056 -0.3074660052676588 -0.31326789074919226 -0.3243162539306862 -0.33899885255269935 -0.3565103650593147 -0.37644351553400995 -0.398599114337248 -0.42289136299795493 -0.44929756136345494 -0.47782982994333995 -0.5085184053886508 -0.5414013895219467 -0.5765183281096021 -0.6139062152474787 -0.6535971337533478 -0.6956170572776733 -0.7399855024836941 -0.7867158030655443 -0.8358158199159794 -0.887288923944375 -0.941135100703148 -0.9973520341413535 -1.055936031584301 -1.1168826515399044 -1.180186885598974 -1.2458427184100327 -1.3138418357773534 -1.3841711581512226 -1.4568087308846815 -1.5317172886052248 -1.6088345161651587 -1.6880586486518023 -1.7692276036187615 -1.852089375867949 -1.9362610769572721 -2.021174015853178 -2.1060030192297265 -2.189580430592131 -2.270299760112425 -2.346021622956677 -2.4140056376554417 -2.4709048520378247 -2.512869265137214 -2.535803237214989 -2.535796996742828 -2.5096990565056667 -2.4557243242110647 -2.3739346473183223 -2.2664274478766653 -2.1371454137915724 -1.9913484118062394 -1.8349015891334128 -1.6735731584414102 -1.512493177987585 -1.355839118344119 -1.2067342786358075 -1.0672996365247203 -0.9387903358009625 -0.8217617465823362 -0.7162320807529112 -0.6218284442323091 -0.5379153039336582 -0.46370696649603 -0.3983612779664266 -0.34104667014457074 -0.29097556027036436 -0.24740548355338612 -0.20961986802886928 -0.17690568882105331 -0.14854234092755605 -0.12380772619866635 -0.10199894741976773 -0.08245992029567345 -0.06460757720930985 -0.04795084702281957 -0.03210014925735624 -0.016768048420436957 -0.0017632485665644189 0.013019607560147937 0.027612308760157973 0.04198622907286144 0.056065408771343334 0.0697390327895061 0.08287294200221416 0.09531990211674911 0.10692843517763433 0.11755011706265385 0.12704535490988206 0.13528776016601282 0.1421673064798936 0.14759249795577292 0.15149177449269535 0.15381435638462618
-0.17171948819477775 -0.1718907288283253 -0.17225804769167122 -0.17280773205910227 -0.17352233892992347 -0.1743856457095092 -0.17538814533184485 -0.17653198960653532 -0.1778343609405017 -0.1793285329498101 -0.18106230325337594 -0.18309394322344139 -0.18548619952168988 -0.1882991330438016 -0.1915827106016073 -0.19537020249461498 -0.19967382814544601 -0.2044850634985945 -0.20978389745407114 -0.21556409765062906 -0.22188414711359658 -0.22895258168460575 -0.23724573714520314 -0.24762974261003062 -0.2614233288258382 -0.2803242706760859 -0.30617015520273466 -0.3406078904352405 -0.38482484347256035 -0.4394686478018037 -0.5047740176654556 -0.5808105388584374 -0.6677170723289151 -0.7658025732433686 -0.875464939889289 -0.9969728048461781 -1.1302029149129862 -1.274402694278806 -1.4279992719622336 -1.5884555658930477 -1.7521896846378457 -1.9146025562418547 -2.0702733496397805 -2.213364214516252 -2.33821909643129 -2.4400601429352164 -2.515617168133917 -2.5635158642681013 -2.5843183624942614 -2.5802267616230674 -2.5545654215426143 -2.5112017305155594 -2.454041112760197 -2.3866702721283723 -2.3121605774044838 -2.2330033537602882 -2.151133867863008 -2.0680032863939473 -1.9846682605006039 -1.9018792375219902 -1.8201578399251113 -1.7398598618930081 -1.6612240141815893 -1.5844082619406101 -1.509516162903342 -1.436615553750866 -1.3657515921741767 -1.2969557391945348 -1.2302518629445074 -1.1656603056666346 -1.1032004921997067 -1.0428924665260373 -0.9847576120164098 -0.9288187280299646 -0.8750995884437035 -0.8236240862192388 -0.7744150640020373 -0.7274929376280259 -0.6828742326300009 -0.6405701703496695 -0.6005854588092525 -0.5629174651280259 -0.5275559754772339 -0.4944837953999672 -0.4636785274778227 -0.4351160222944255 -0.40877630480007776 -0.384653376051437 -0.3627714814745336 -0.34321288208269574 -0.3261673912619559 -0.312025685544363 -0.30156642952180335 -0.29635899861804466 -0.2997024974615997 -0.31902443222401444 -0.3726577394114377 -0.5108511582381207 -0.8800905620732135 -1.7918189829870965 -2.6776191712569206 -1.7986196364021036 -0.8853229553198023 -0.514840290797988 -0.37643979593989046 -0.32306718430675957 -0.30417065815102856 -0.3012755006128554 -0.3068786313611253 -0.3176335979018628 -0.3319376857642722 -0.34898762532774064 -0.36837505276547244 -0.3898989411018034 -0.413472361775999 -0.4390731506258761 -0.4667162774332875 -0.4964375521162911 -0.5282835731383181 -0.5623052981025976 -0.5985538293455788 -0.6370776231576133 -0.6779206528353945 -0.7211212278544723 -0.7667112663133554 -0.8147158728476478 -0.8651531091617538 -0.9180338693574688 -0.9733617919810921 -1.031133156269954 -1.0913367200823738 -1.153953458129653 -1.2189561463557799 -1.2863087049130313 -1.3559651497233962 -1.4278679009806385 -1.501945044704221 -1.5781059289162358 -1.656234189713313 -1.7361769420892434 -1.8177284496799122 -1.9006061523369793 -1.984416583461756 -2.0686086477615184 -2.152412294259772 -2.234762335118351 -2.314210739879789 -2.3888369405495244 -2.4561749183561132 -2.513187305713594 -2.556327169278593 -2.5817307736907362 -2.5855698926010797 -2.5645524036879963 -2.5164980643775405 -2.4408545873436536 -2.3389947868449004 -2.2141787580731624 -2.071169533154543 -1.9156073919296683 -1.753316183891921 -1.5897058296635307 -1.4293676738368 -1.2758783991894147 -1.1317714424977952 -0.998616653831506 -0.8771634117119192 -0.7675309592249021 -0.6694455059014361 -0.5825032479253623 -0.5063902206821188 -0.4409661871932281 -0.38616639939906156 -0.34176789475891733 -0.30713946882800414 -0.2811100702318333 -0.2620437223027876 -0.2481055788024839 -0.23759366900309184 -0.22918214245877616 -0.22199871682644648 -0.21556377454539372 -0.2096683475106132 -0.20425544006473184 -0.19933372652753945 -0.19492597975680376 -0.1910435044877332 -0.18767678275796928 -0.18479513957450738 -0.1823510562005846 -0.1802866810482044 -0.17854109709269542 -0.17705731673817082 -0.17578812207729505 -0.17469999574895045 -0.173774628012235 -0.17300786224330736 -0.17240639062092086 -0.17198292712661867 -0.17175086306060522
-0.10886928661638144 -0.1088823770994379 -0.10883605566929501 -0.10876525673490572 -0.10872680097464674 -0.10879579777370624 -0.10906130558661667 -0.10962186162504998 -0.11058148712506363 -0.11204669131902317 -0.11412486572484122 -0.11692431486991502 -0.1205560398207105 -0.12513729429903298 -0.1307968688890721 -0.1376820009787707 -0.14596669242144084 -0.15586091205422642 -0.16761941123839125 -0.18154722249489536 -0.19799562165270781 -0.21733681218382792 -0.23989961529572307 -0.2658541093142323 -0.295089531771318 -0.32729725949101096 -0.3626543577693495 -0.4030810946447225 -0.4526551836833514 -0.5157785344775341 -0.5947254539981119 -0.6891441304591027 -0.7972995832455698 -0.9174683471542079 -1.0485905186142082 -1.1900732496152278 -1.341139781967674 -1.5002264306506257 -1.6646624103165968 -1.8306137696112224 -1.99322705490593 -2.1469564864415127 -2.2860730999730037 -2.4053089886539207 -2.5005191277012577 -2.5691994475192033 -2.610721596978009 -2.6262316850219176 -2.618269367914087 -2.5902394364503154 -2.5458809280265373 -2.488838858029418 -2.422383716920617 -2.349273487102775 -2.271725051982644 -2.191454751043427 -2.1097533238667197 -2.027570684296331 -1.945595914554688 -1.864325466283907 -1.7841174926069143 -1.7052330019960187 -1.627865797401867 -1.552163530116686 -1.4782420789002855 -1.4061951297094617 -1.3361004352822856 -1.2680238576419085 -1.2020219760122315 -1.1381437880879872 -1.0764318414647744 -1.0169229959184063 -0.9596489259971348 -0.9046364172666979 -0.8519074800282477 -0.8014792944361587 -0.753364005154132 -0.7075683976748424 -0.6640935088840674 -0.6229342490528504 -0.5840791401139214 -0.5475103066391025 -0.5132038953348957 -0.4811311554035591 -0.4512605044958756 -0.4235610694528471 -0.39800849807763194 -0.3745944290956583 -0.3533421774513818 -0.33433358834033383 -0.31775713168483755 -0.30399881340123536 -0.29382494785538193 -0.2887761842349037 -0.29208742396827236 -0.3110407945726439 -0.3636266465246982 -0.49927388181859256 -0.8629235381913082 -1.767784384757011 -2.655297580468778 -1.7748629458407288 -0.8684573146628249 -0.5036034434517156 -0.3677920887488128 -0.31550484872690476 -0.29700813289401995 -0.2941690250489854 -0.29962896963881813 -0.3101047930316255 -0.3240215974639553 -0.34058764421762583 -0.3593985738033915 -0.38025424439249045 -0.40306794218318537 -0.4278185334760142 -0.4545237884204341 -0.4832246984195285 -0.5139757734679467 -0.546838731061001 -0.5818781802469409 -0.6191585137546329 -0.6587415442942479 -0.700684599560337 -0.7450388945284325 -0.7918480654311609 -0.8411467960480017 -0.8929595030047889 -0.947299076671015 -1.0041656987295822 -1.0635457752571316 -1.125411032456693 -1.1897178172194245 -1.2564066217227556 -1.3254018046216987 -1.3966114043846836 -1.469926825292378 -1.5452220151499345 -1.622351537558419 -1.7011466643155289 -1.7814082745871322 -1.8628949589375796 -1.945304324754454 -2.0282451657290825 -2.1111980459220767 -2.193462224883023 -2.2740881329736498 -2.3517973802824788 -2.42489722463029 -2.4912040291452633 -2.5480002134861155 -2.592059467860638 -2.619780626014686 -2.6274636979415154 -2.61173395468124 -2.570069773888764 -2.501329974204918 -2.406136029936343 -2.286976713808798 -2.1479777972561287 -1.9943882153741654 -1.8319212213313925 -1.6661114750529658 -1.501805810480288 -1.3428350495960042 -1.191868764537246 -1.050469164771843 -0.9194084608597515 -0.7992698453273989 -0.6911006281908052 -0.5966168568238475 -0.517560595742035 -0.4543061120539792 -0.40460088558770907 -0.3640406659573683 -0.32852519759267756 -0.2961231455180977 -0.26667001040320165 -0.2404957847217581 -0.21772751454596037 -0.1982032822901572 -0.18159658570247947 -0.16753443175410013 -0.15566343817125608 -0.14567610436742298 -0.13731531736676303 -0.13036908083703724 -0.12466181426840853 -0.12004520459867284 -0.11638989620835068 -0.1135785404714572 -0.11150041833000784 -0.1100477381783044 -0.10911366186043306 -0.10859205693921278 -0.10837888526525989 -0.10837501314749917 -0.10849008269354073 -0.10864694598045808 -0.10878606843309901
-0.03440890581319224 -0.034542858722652295 -0.03492017230148542 -0.0355496138339124 -0.03644546841598927 -0.037626898163907296 -0.03911721672901567 -0.04094323432087446 -0.04313483977179005 -0.04572498383343069 -0.04875021918992422 -0.052251947377509364 -0.05627853213610077 -0.06088847514935337 -0.06615492838761146 -0.0721719570407308 -0.07906319780441476 -0.0869939261032329 -0.09618812866097412 -0.10695309337730896 -0.11971544352372662 -0.13507461850542055 -0.15388238075799582 -0.17735824541368486 -0.2072428408773481 -0.24594626294162394 -0.29649424355622933 -0.3617625216091273 -0.44268914361031236 -0.5378845848657368 -0.6475716993052978 -0.7740586486510891 -0.9165198307054898 -1.0706560288643683 -1.2320662107202054 -1.3981354493570186 -1.5673909393661547 -1.7379414100904815 -1.9066030061657269 -2.068922242284952 -2.2196835197493785 -2.353601864096455 -2.4660488550817465 -2.553682248454753 -2.6148480032970682 -2.6496693137520198 -2.6598274651382714 -2.6481277069874016 -2.617986435274189 -2.572962951575969 -2.516410484294019 -2.451267377074013 -2.3799710280973154 -2.3044597314933646 -2.2262262946055817 -2.14639450795494 -2.0657990683816125 -1.9850579836315665 -1.9046326091470425 -1.8248743174095399 -1.7460588948119526 -1.6684106821268048 -1.5921186951513793 -1.5173468112778696 -1.444239792184518 -1.3729265514847648 -1.3035217313149903 -1.2361263518497139 -1.1708280518614356 -1.107701245934586 -1.0468073793518229 -0.9881953578562475 -0.9319021592446951 -0.8779535905665085 -0.826365133081482 -0.777142812544486 -0.7302840411098493 -0.685778396038914 -0.6436083268140591 -0.603749814061499 -0.5661730396681066 -0.5308431680197951 -0.49772138675594507 -0.4667664202809908 -0.4379368282106499 -0.4111945686656739 -0.386510610927343 -0.3638739602321339 -0.34330659556966897 -0.32488914688175874 -0.3088071020158249 -0.2954384915807335 -0.28553064764326425 -0.2805819123805982 -0.283733813464936 -0.30205541937481467 -0.3530192734562803 -0.4847109598179669 -0.838719354393678 -1.7245916820744622 -2.5994195656472554 -1.7315438149603795 -0.8442520750924586 -0.48914777385825925 -0.35734439031640697 -0.3067016201420635 -0.2888443356872456 -0.28616420207026044 -0.29151884607510614 -0.3017200283225294 -0.31523599598894586 -0.33129445665867596 -0.3494992703249642 -0.369653376728991 -0.3916712755168793 -0.41553309770379565 -0.44125913546117634 -0.46889493711108904 -0.4985020813897068 -0.5301520981149133 -0.5639221614871244 -0.5998917784523045 -0.6381400151028214 -0.6787429859198457 -0.7217714416521567 -0.7672883663499046 -0.8153465501420101 -0.8659861502627227 -0.9192322919154876 -0.9750927930772433 -1.0335561217332176 -1.0945897076690325 -1.158138730607525 -1.2241254885826705 -1.2924494111399594 -1.3629877170731257 -1.4355966213930658 -1.510112866082466 -1.5863551786562031 -1.6641250466559605 -1.743205931609786 -1.8233597336588558 -1.9043189683187796 -1.9857727582411688 -2.06734443684357 -2.148558424366477 -2.2287942743216993 -2.3072267258207106 -2.3827527058196982 -2.453910086659617 -2.5187991414035555 -2.575026096877142 -2.6196977723189776 -2.6495036160823475 -2.6609203631118836 -2.6505573271610285 -2.6156221848675743 -2.5544332864422494 -2.466855576716288 -2.354523533032993 -2.220756959188042 -2.0701635395518765 -1.9080125276785838 -1.7395104521728197 -1.5691084125134571 -1.3999927668527241 -1.2340573611919508 -1.0727702325012398 -0.9187329001290161 -0.7763383295456495 -0.6498893109226055 -0.5401824620919488 -0.4448183577238907 -0.363552661789756 -0.2978836287082888 -0.2469713540722892 -0.2079707073527759 -0.1778515050987817 -0.15419127538589725 -0.13523834168415189 -0.11976499079150527 -0.10691358592940207 -0.09608037246720605 -0.08683538160549764 -0.0788685679543454 -0.07195355555447416 -0.06592294036818895 -0.06065118191487463 -0.05604254078289219 -0.052022441354583955 -0.04853122786761061 -0.045519656452669296 -0.042945702336803636 -0.04077240688456246 -0.03896657259625958 -0.037498154667966105 -0.0363402093928406 -0.03546925462425034 -0.03486588689232753 -0.03451549367614676
-0.010950924656839346 -0.011094947628210266 -0.01152192955448726 -0.012233799347237392 -0.013233592929151595 -0.014525398486404469 -0.01611434249538991 -0.0180066716765071 -0.020209994581664 -0.022733752468658382 -0.025589995088992002 -0.028794546927940482 -0.032368668532413006 -0.036341352813086904 -0.04075245736611866 -0.04565697565155303 -0.05113091612860558 -0.057279529870116586 -0.06424907593364422 -0.0722440719907782 -0.08155329468479608 -0.09259015442486404 -0.10595744172048847 -0.122554804209586 -0.14376368165059983 -0.17177627617783095 -0.21019082155159569 -0.2650426119134279 -0.34612513350790625 -0.46605379072994924 -0.6291972069981241 -0.819027683453817 -1.0187777676635361 -1.2227071442580872 -1.424476414193793 -1.6185412393469736 -1.8031310213228544 -1.9776793591868818 -2.1402385300466533 -2.2873244898636225 -2.4149096299095465 -2.519460866005513 -2.5986731037571196 -2.6518256580314845 -2.679775408362508 -2.6846661548592055 -2.6694815448912896 -2.6375749157566912 -2.592275236790295 -2.536616889448308 -2.4731958420234945 -2.404127640897921 -2.3310734290315387 -2.2553028077624933 -2.1777701644438086 -2.0991895566875587 -2.02010017664005 -1.9409192368485244 -1.8619820563355898 -1.783570678691023 -1.7059330068351255 -1.6292945628968858 -1.5538648268414585 -1.4798398283406256 -1.407402350889206 -1.3367208016281753 -1.267947526551287 -1.201217116952308 -1.1366450602132236 -1.0743269339711201 -1.014338223528922 -0.9567347538842175 -0.9015536659069703 -0.8488148273254396 -0.7985225500417 -0.750667482974182 -0.705228561403209 -0.6621749170448166 -0.6214676852440247 -0.5830616844672215 -0.5469069870939892 -0.5129504492715103 -0.48113732402694603 -0.4514131536637132 -0.4237262413051738 -0.39803117037506813 -0.37429413997959493 -0.3525014448519537 -0.33267352561826624 -0.3148892516921933 -0.2993298695712897 -0.28636277115883707 -0.2767108474336531 -0.2718188345643665 -0.27471045243743375 -0.29218471232567184 -0.34104801009606206 -0.46759683581917927 -0.8085151963604075 -1.664915480660639 -2.5143545910039196 -1.6713759270339181 -0.8137567941698837 -0.47190033135439824 -0.3452937442067693 -0.2967561514403947 -0.27973035863947354 -0.27728719851734923 -0.28256084407284726 -0.29248458655978404 -0.30558267538040473 -0.3211088894138931 -0.3386788115203535 -0.3581002450207137 -0.3792896420368023 -0.40222844950778963 -0.42693905073922467 -0.4534707753351093 -0.481891259350724 -0.5122806987304149 -0.5447276552330126 -0.5793256512702049 -0.6161701042249138 -0.6553553332424982 -0.696971487163942 -0.7411013240575315 -0.7878168371968256 -0.8371757769842637 -0.8892181658739582 -0.9439629435157116 -1.0014049101638223 -1.0615121550505706 -1.1242241597946347 -1.1894507519289683 -1.2570720474584252 -1.3269394614509127 -1.3988777797185263 -1.4726881704872767 -1.5481518704431616 -1.6250341026127166 -1.7030875724116517 -1.782054642244091 -1.8616670064685095 -1.9416413859335135 -2.02166945593094 -2.1013999582507434 -2.180410812963049 -2.258169190347526 -2.333978176062424 -2.406910232938715 -2.4757306147687608 -2.5388187226199173 -2.594102355470444 -2.639028330210997 -2.6706008499965805 -2.6855217512635434 -2.680457719218454 -2.652432550109163 -2.599297317598267 -2.5201795550717003 -2.4157778640911935 -2.2883737713013685 -2.1414803074988784 -1.9791126846483693 -1.8047528898292358 -1.6203563504087577 -1.4264988806452064 -1.224952530198483 -1.0212749931271905 -0.82181764364368 -0.6320711113539469 -0.46847758096536773 -0.34788681646488684 -0.2662687757645686 -0.21104253872414855 -0.17236527963445594 -0.14416103619805412 -0.12280718086459214 -0.10609758447432815 -0.09264271279187604 -0.08153798692810925 -0.07217738189336965 -0.06414513695709101 -0.05715055536653317 -0.05098738246328896 -0.04550768464500994 -0.040604558381525525 -0.036200375210081126 -0.032238593779976274 -0.0286779328985535 -0.02548815177404335 -0.022646958466338036 -0.020137737437020277 -0.01794789261362387 -0.016067667042234248 -0.01448933829543113 -0.013206709717114323 -0.012214828069913527 -0.0115098634471444 -0.011089091550020186
-0.0021539326131419256 -0.0022923989240478566 -0.002709271832494671 -0.0034039114641751097 -0.004375124026764067 -0.005621269492173814 -0.007140443510985123 -0.008930758767184448 -0.010990756789666106 -0.01331998701899372 -0.015919797122084783 -0.018794389389704427 -0.021952215751047235 -0.025407813088353052 -0.029184227935765354 -0.033316255904407774 -0.03785484365188716 -0.04287319956463206 -0.048475486021620794 -0.05480951715616656 -0.062085843162270726 -0.0706073227059422 -0.08081650225479999 -0.093374415650392 -0.10929738657643846 -0.13020673824526424 -0.15881204681837338 -0.1999087152015348 -0.2625513508393632 -0.3646242598840543 -0.5378599251452318 -0.8027140657281695 -1.1003579139585729 -1.375614528080073 -1.625787687134453 -1.8467249254629716 -2.038351227429455 -2.2049096040530554 -2.3486296010585974 -2.469015292235151 -2.564669032889378 -2.6347327935400737 -2.67952358303806 -2.7005907607287494 -2.7004429309542446 -2.6821405777320177 -2.6488953782184907 -2.6037579234960515 -2.549422145539853 -2.4881376391047123 -2.4217028754937924 -2.351508795164326 -2.278606959786246 -2.2037839672705637 -2.127631006170258 -2.0506029443592726 -1.973065037749532 -1.8953275333078345 -1.817669569927084 -1.7403542388060151 -1.6636367348782282 -1.587767397092835 -1.5129912088008026 -1.4395450721164205 -1.3676539142426445 -1.297526445006555 -1.229351170080425 -1.1632930760511286 -1.0994912421247132 -1.0380574983978514 -0.9790761414524409 -0.9226046334784629 -0.8686751499239486 -0.8172968013576065 -0.7684583360905186 -0.722131129125151 -0.678272277838729 -0.6368276527964727 -0.5977347903816873 -0.560925559800229 -0.5263285883933996 -0.4938714854893536 -0.463482968407912 -0.43509507174314715 -0.40864572824524487 -0.3840821778093217 -0.3613659521512998 -0.3404807216186791 -0.3214453389289818 -0.30433654677196414 -0.28933036026116704 -0.27678134622581885 -0.26738341252361003 -0.26251824360165665 -0.26507127703346794 -0.281523608145636 -0.327890669346711 -0.44830401216780236 -0.773230021182591 -1.591266734400834 -2.404432945396996 -1.5969337234769465 -0.7779232987724531 -0.45224532318054494 -0.331822382604506 -0.2857666497329513 -0.26972476810937424 -0.2675762406871044 -0.2727822596083175 -0.28241986532479746 -0.29508005276577853 -0.31004820964416613 -0.3269545605826162 -0.3456132303046777 -0.36594317630442125 -0.38792709779584333 -0.4115889551973939 -0.4369810070710898 -0.4641758479380388 -0.49326108340962643 -0.5243353437117696 -0.5575048899191506 -0.5928803715695047 -0.6305734747599402 -0.6706933180233967 -0.7133425402956881 -0.7586130964946695 -0.8065818385272698 -0.8573060149461684 -0.9108188701737652 -0.9671255617635641 -1.0261996383731304 -1.087980328626213 -1.1523708787874851 -1.2192381427108807 -1.2884135691655938 -1.3596956485219909 -1.4328537727659154 -1.5076333303561875 -1.5837617014118568 -1.660954640140455 -1.7389223314893811 -1.8173741892989401 -1.8960212267087218 -1.9745745828037762 -2.0527385471559585 -2.1301962167825312 -2.206585808061922 -2.281465737938261 -2.3542670669542307 -2.4242330431536003 -2.490347689294758 -2.5512590825700543 -2.605208518346619 -2.6499839644536016 -2.682923806843938 -2.7010016856292216 -2.7010198316697216 -2.6799202102580653 -2.6351856431968304 -2.5652494423091174 -2.4697725071340497 -2.349591273713784 -2.20608829877725 -2.0397570199390285 -1.848380599238533 -1.6277344250590666 -1.3779254443172742 -1.1032262424784396 -0.8060100491333064 -0.5404965441211129 -0.36632727155164474 -0.26365063130618527 -0.20064812062147952 -0.15932080599566414 -0.13055488902535217 -0.10952646668063969 -0.09351167567789806 -0.0808816334731712 -0.07061579380679553 -0.06205060118743484 -0.05474184214234325 -0.048385383458487204 -0.0427695355665476 -0.03774534334307788 -0.03320744224388329 -0.029081353054652606 -0.025314817004559894 -0.02187173367508954 -0.018727817120362502 -0.015867413994875075 -0.013281127831382538 -0.010964018541959424 -0.00891422521177298 -0.007131910367219129 -0.005618455365168217 -0.004375855856416171 -0.0034062778272794456 -0.0027117417021055466 -0.002293906780122059
0.001661448210224708 0.001529010482884276 0.0011285201663542746 0.0004620429026185945 -0.00046691145284751917 -0.0016535714085763665 -0.003092175922788503 -0.004776347778290044 -0.006699583983366027 -0.008855883786862183 -0.011240541650936863 -0.013851142744995413 -0.016688814528582865 -0.019759813228578976 -0.023077563767148087 -0.02666533435990042 -0.03055982646816393 -0.03481612082819394 -0.03951468290634576 -0.044771572930239055 -0.05075377093819566 -0.05770289827272199 -0.0659731694037656 -0.07609437637484465 -0.08888089812295442 -0.10562997014383677 -0.12850478724587686 -0.16133265825821638 -0.2114305140611995 -0.2942319153133669 -0.44540008558735683 -0.7362625831834911 -1.162665536418028 -1.5370667217831684 -1.8362148330535504 -2.074416130860519 -2.258256819558161 -2.4020674589089577 -2.515136569172403 -2.6010458205997606 -2.661326649096988 -2.697531449192741 -2.7118433206831374 -2.7070102547600303 -2.686052773218064 -2.6519588789656634 -2.60745593242824 -2.554881501952063 -2.4961408569529406 -2.4327257950771513 -2.3657690446270685 -2.2961137527864706 -2.2243841944800082 -2.151049629895767 -2.0764774836858937 -2.000974767751511 -1.9248182624790644 -1.8482747800508996 -1.7716131585855315 -1.69510968637197 -1.6190485624874287 -1.5437188393100345 -1.4694091043187123 -1.3964009632660164 -1.3249621938897342 -1.2553402535590765 -1.1877566486292275 -1.1224025103930326 -1.0594355749861106 -0.9989786349734541 -0.9411194208860247 -0.8859117833995437 -0.8333779821111295 -0.7835118450704264 -0.7362825435398574 -0.6916387272009372 -0.6495127837047507 -0.6098250200054592 -0.5724876079007202 -0.5374081893498438 -0.5044930958418322 -0.4736501992962825 -0.4447914813946491 -0.41783549024604844 -0.39270996243346007 -0.3693550541814383 -0.3477279059727162 -0.3278097782355324 -0.30961798870196217 -0.29322689678072184 -0.27880647042104245 -0.26669660872187995 -0.25755841343922087 -0.2527026072697802 -0.25485926770857126 -0.2701517433756297 -0.31370075366374045 -0.4271609896589137 -0.7336946054226244 -1.5060098206341417 -2.2738877212396194 -1.5106626538207346 -0.7376325861680749 -0.43054071517753756 -0.31710717374037156 -0.2738362913481066 -0.2588966380499027 -0.2570831325112063 -0.2622255928525965 -0.27156314578318785 -0.2837624249207497 -0.29814503180841984 -0.31435826918929993 -0.33222379318787215 -0.35166349858111745 -0.37266122031346327 -0.39524196221917784 -0.41946005043250284 -0.44539192471449973 -0.47313131220287497 -0.502785534104247 -0.5344722208418307 -0.5683160027854842 -0.6044449197907931 -0.6429864114875125 -0.6840628407545192 -0.7277865794055115 -0.7742547539839904 -0.8235438122311115 -0.8757041259513196 -0.9307548907439409 -0.9886796137023516 -1.0494224928965787 -1.1128859838556224 -1.1789298157874601 -1.2473716624819136 -1.317989589597939 -1.390526292514889 -1.464695009515591 -1.540186847065907 -1.616679091230343 -1.6938439057530914 -1.771356636668883 -1.8489027585938378 -1.9261823120313222 -2.0029104982543617 -2.078812927053537 -2.1536138715038464 -2.22701581162466 -2.298668619322155 -2.3681270800001495 -2.434796269966495 -2.497865914339711 -2.5562376116605483 -2.6084530736971976 -2.6526373509317884 -2.6864776859168376 -2.707263974662016 -2.7120164466862327 -2.697713260218739 -2.661596331119933 -2.601466059527368 -2.515751258869334 -2.402905486787429 -2.259344066046262 -2.0757937833849844 -1.8379491187355161 -1.5393226241712825 -1.1658825777920432 -0.7393375626752253 -0.4472117330034287 -0.29528750520545993 -0.21210349498453776 -0.16178714971736566 -0.1288176581978737 -0.10584204851516724 -0.08901668299273646 -0.07617034305157547 -0.06600161141237017 -0.05769382028169162 -0.050715838533989 -0.044712565550673905 -0.039441669615543 -0.03473547958713159 -0.03047718102153966 -0.026585458809479302 -0.02300429045530316 -0.019695968996081455 -0.016636201325089067 -0.013810570187639872 -0.011211911510645135 -0.00883831996670003 -0.006691596823607072 -0.004776018827476303 -0.0030973487233806082 -0.0016620351332169326 -0.00047656689173714386 0.00045304213285954435 0.0011216549579042816 0.001525313138561578
0.003429877355155313 0.003301846458391345 0.00291507300535132 0.0022726610770043526 0.0013797756679211992 0.0002434051971903047 -0.001127977610501474 -0.0027248599384480645 -0.004537244207999394 -0.006555324519937219 -0.008770300409943577 -0.011175353800428615 -0.013766830032943966 -0.01654568700402503 -0.01951931211861702 -0.022703862180407465 -0.02612736845069863 -0.02983398861505173 -0.0338900159985666 -0.03839264109938929 -0.043483127769668214 -0.04936726328834051 -0.05634817176363517 -0.06488092091537767 -0.07566724219077858 -0.08982803596515668 -0.1092367273991878 -0.13721347479468682 -0.18011930883880173 -0.25152272095592754 -0.3848728796663926 -0.6715958633528006 -1.2227706065918624 -1.7185125659403089 -2.0524352507216403 -2.287878001817953 -2.4448059090218814 -2.552782819789168 -2.628416673015028 -2.6782927217026224 -2.7057306565219363 -2.71349409308173 -2.7044098748854104 -2.681320849989221 -2.646903381777363 -2.603518663142134 -2.553136663966007 -2.497325429317284 -2.437285160443852 -2.373906588140912 -2.307837913881197 -2.2395500337708527 -2.169394261282286 -2.097649940913602 -2.0245613475364466 -1.9503644070404313 -1.875304351814071 -1.7996456664738165 -1.7236757355509174 -1.6477035654289547 -1.5720548661415839 -1.4970646679151882 -1.423068522203301 -1.3503932009489974 -1.27934766274553 -1.210214902745416 -1.1432451481537713 -1.0786507077222742 -1.0166026373362336 -0.9572292501578484 -0.9006163838796504 -0.8468092434463843 -0.7958155677145983 -0.7476098240062944 -0.7021381149200134 -0.6593234852474638 -0.6190713404395174 -0.5812747280200402 -0.5458192855585776 -0.5125877193655823 -0.48146374386965335 -0.4523354812110406 -0.4250983952085485 -0.39965791934149053 -0.3759320482172574 -0.3538543236376794 -0.3333779143480952 -0.3144819730238379 -0.29718238603189134 -0.28155091804889326 -0.2677507672256919 -0.25610556015645497 -0.2472403407825133 -0.24238826849596554 -0.24410998695885358 -0.2581385226588463 -0.2986154553159858 -0.40446609222230334 -0.6906755026760807 -1.4113806509881028 -2.126815256572744 -1.4148892860097915 -0.6937140491207763 -0.40712907966354395 -0.30132514122955206 -0.2610758244124638 -0.2473264691445589 -0.24587313827057833 -0.25094776637172617 -0.25996638530972127 -0.27167850762252854 -0.28544574168456643 -0.3009345059470747 -0.31797501637581316 -0.3364924747342766 -0.35647173907251356 -0.377938361265912 -0.4009479254702908 -0.42557965357032157 -0.4519321422785974 -0.48012003810364895 -0.5102709496121043 -0.5425221727811349 -0.57701697498056 -0.6139003005898469 -0.6533138536717397 -0.695390593760156 -0.740248755261308 -0.7879855702879411 -0.8386709372533081 -0.8923413298854757 -0.9489942792692216 -1.0085837806933449 -1.071016973505363 -1.1361524128306606 -1.2038001952460349 -1.2737241163425528 -1.3456459284180222 -1.4192516349672404 -1.494199610359799 -1.5701301743850555 -1.6466760888917336 -1.7234732839187807 -1.800170968789403 -1.8764401432742621 -1.951979397094891 -2.0265167738348566 -2.0998063802588733 -2.171618352484446 -2.241720768288803 -2.3098521672435455 -2.3756835962159335 -2.4387696870831554 -2.4984894235146466 -2.5539792647969577 -2.604064481693085 -2.6471990775750824 -2.681430136171934 -2.7044072451253336 -2.713457774902976 -2.70573556141176 -2.678404476672274 -2.6286882099438564 -2.553255638931795 -2.445519113967551 -2.2888853140636503 -2.0538122881182237 -1.7204981214251398 -1.2259970371040598 -0.6738827195387026 -0.3860015176895912 -0.2521614428152255 -0.18052597718186303 -0.13748776884745564 -0.10942426038938974 -0.08995303040310339 -0.07574433184543394 -0.06492007359572997 -0.05635696866926296 -0.04935201890861869 -0.0434494424351209 -0.038345650649852556 -0.03383447022790096 -0.029774232094022638 -0.026067270151439514 -0.02264672633847156 -0.01946779427425708 -0.01650173270635949 -0.01373164781592612 -0.011149428325636718 -0.008753446247023395 -0.006546776278077668 -0.004535775064803462 -0.002728918353526524 -0.0011358312787768407 0.00023352841636009857 0.0013695583447255323 0.002263584450920926 0.0029083265256250796 0.0032982601836533914
0.004224151415424112 0.004098991230146231 0.0037223841930495018 0.003098322035544599 0.0022333623953003107 0.0011363380297533794 -0.00018204849400344801 -0.0017097414448245568 -0.003433958090217076 -0.005341925788833126 -0.007421737254595563 -0.009663340727142236 -0.012059696506175261 -0.014608153684909987 -0.017312134838124587 -0.02018326832304936 -0.02324418871306657 -0.026532354848337183 -0.03010544629998783 -0.03404925563054805 -0.03848961498084887 -0.04361101561424909 -0.04968667816764152 -0.05712894121511023 -0.06657730251292934 -0.07905997923684982 -0.09630853780211786 -0.12141823762710847 -0.1603777103997142 -0.2261319176161251 -0.351648411492673 -0.6403576647495892 -1.3192445893964182 -1.9267897162194856 -2.263101901421248 -2.4685135127869904 -2.5813805360176345 -2.6472982521208572 -2.6860394037727837 -2.7044118366098266 -2.70580462487348 -2.6929123248766387 -2.6682259382866893 -2.6340081313461314 -2.592208661557645 -2.544420719972659 -2.4918853782960175 -2.435529520424057 -2.3760211891576835 -2.3138301450905963 -2.249285830517217 -2.1826284306569796 -2.11405111177504 -2.043732983760498 -1.9718631610379622 -1.8986567213205106 -1.8243635592367862 -1.7492712100281522 -1.6737027380036547 -1.5980107741699061 -1.5225687576419424 -1.4477603869576288 -1.3739682178975543 -1.30156225188234 -1.230889243743208 -1.162263322733125 -1.0959583717530028 -1.0322024544423614 -0.9711744264678275 -0.9130027243358082 -0.857766199718306 -0.8054967652985984 -0.756183543220761 -0.709778160878579 -0.6662008204858305 -0.6253467763210868 -0.5870928830612452 -0.5513039256823575 -0.5178385011807797 -0.48655429034082714 -0.4573126303923153 -0.4299823748291554 -0.4044431058041642 -0.38058785258517563 -0.3583255789865846 -0.3375838588954677 -0.31831241248426123 -0.30048862855436426 -0.28412706475145716 -0.26929666698647975 -0.2561531684581693 -0.24500247774356979 -0.2364307978840466 -0.2315882806845907 -0.2328548090015999 -0.2455472562377754 -0.2827617628446381 -0.38049777021555276 -0.6448931859275224 -1.309502355555968 -1.967147118640134 -1.3118286502238798 -0.6469578733666574 -0.3823436707370969 -0.28465573727000465 -0.24760382524658506 -0.23510533488534874 -0.23402350322970725 -0.23901830871412422 -0.24769425657389552 -0.2588894734868719 -0.27200864958267423 -0.2867390264515469 -0.3029202837352044 -0.3204812898913199 -0.33940786849267585 -0.3597257143438027 -0.3814909655156398 -0.40478466838193433 -0.42970913005875305 -0.4563850251389854 -0.48494858219332193 -0.5155484345916419 -0.5483418819202708 -0.5834904230166132 -0.6211545146549831 -0.6614875934418173 -0.7046294775521468 -0.750699340281362 -0.7997885169853948 -0.8519534670926022 -0.9072092587769559 -0.9655239705714662 -1.0268144070103156 -1.090943500611474 -1.1577197179626473 -1.226898703123597 -1.2981872790406639 -1.371249791531537 -1.4457166271423572 -1.5211945739543282 -1.5972785323196133 -1.6735639295824478 -1.7496590570471078 -1.8251964346358482 -1.899842221803671 -1.973302632235553 -2.045326272053758 -2.1157013035633874 -2.1842463389421 -2.2507940000557727 -2.3151661698433084 -2.3771401675551247 -2.4364055130342073 -2.4925117770530125 -2.5448094873949256 -2.592388453312527 -2.6340213796799796 -2.6681250540196952 -2.6927552821248977 -2.705650339737574 -2.704315962154205 -2.6860514930501966 -2.647461829588452 -2.5817385848189827 -2.4691202695517327 -2.2640209438509014 -1.9282231808483066 -1.3219680538466227 -0.6418427119138609 -0.3523012677143961 -0.2264900363544737 -0.16060199087696891 -0.12156717788650463 -0.09640829140460906 -0.07912422658729214 -0.06661422943595896 -0.05714411516935359 -0.04968436650998432 -0.04359482480347069 -0.03846279902182848 -0.03401484839750326 -0.030066294283886318 -0.026491093010458662 -0.023203186501965872 -0.020144565037157874 -0.017277378815210295 -0.014578556196622896 -0.01203600785072077 -0.009645852589159759 -0.0074103120273346056 -0.005336050487860034 -0.0034328180246909813 -0.0017123071954916603 -0.00018716908865610706 0.0011298425872043937 0.002226615081590417 0.003092313637023282 0.0037179118200562104 0.004096611945202356
0.004494902803275508 0.004371504951599364 0.00400219056254005 0.0033917760569438346 0.0025481001747329718 0.0014816750645285986 0.00020520799877839747 -0.0012669966884083967 -0.0029197461317368423 -0.004737771269621534 -0.006706642033983798 -0.008813794185136534 -0.011049691722304706 -0.013409171499040608 -0.01589305048111256 -0.0185101270473815 -0.021279786366220167 -0.024235544804998007 -0.027430073218777017 -0.030942586248330243 -0.03489009377880566 -0.03944511804221673 -0.044864574692823934 -0.05153866098700995 -0.060077232647015345 -0.071470301553794 -0.08740506550479744 -0.11094226546536703 -0.14811379948739453 -0.21227949903271184 -0.33886484164627956 -0.6514955510208266 -1.5027260884921734 -2.149216976290382 -2.4485926380165743 -2.597719622848778 -2.658995562916658 -2.685801006789195 -2.6944225273261586 -2.689414402853433 -2.673060190475696 -2.647254796569689 -2.6137131776826275 -2.573917304776687 -2.5290717269987106 -2.4801010065121623 -2.4276781845330793 -2.3722695999703665 -2.314185133882681 -2.2536270742165 -2.1907338595872314 -2.125616941211866 -2.0583901755054237 -1.9891918105847584 -1.9181994752254654 -1.845638763036097 -1.7717861132282224 -1.696966766206022 -1.621548634327994 -1.5459329771883494 -1.4705428008005181 -1.3958099033197555 -1.3221614600525158 -1.250006974455885 -1.179726320712934 -1.11165947231837 -1.046098358158289 -0.9832811231101528 -0.9233889052963902 -0.8665450874106407 -0.8128168441190399 -0.7622186983149956 -0.7147177202405278 -0.6702399567521833 -0.6286776623909776 -0.5898969164382287 -0.5537452463446281 -0.5200589324859978 -0.4886697366238203 -0.45941087168517286 -0.4321221095721826 -0.40665400451614386 -0.38287129252857227 -0.3606556173918093 -0.3399078417003349 -0.3205503510045879 -0.3025299964560668 -0.28582274023644605 -0.2704418649107845 -0.25645321372734464 -0.24400433981453404 -0.2333820967837306 -0.2251314712095305 -0.2203152328081314 -0.2211237716510612 -0.23243840426167933 -0.26626085799363564 -0.35552175071750824 -0.5970346583370892 -1.2023964184306566 -1.7986284877758363 -1.2035875527010071 -0.5981215464067744 -0.35651056087066285 -0.26728043614972624 -0.23354500173252757 -0.22233254545176678 -0.2216208417898403 -0.2265166947148758 -0.2348215989080055 -0.2454666352803542 -0.2579020036155448 -0.2718371995050285 -0.287122191591305 -0.3036899082235053 -0.32152717919967205 -0.3406595713969111 -0.3611432230264128 -0.38306019814435266 -0.40651549278757937 -0.4316346240672291 -0.4585611553215477 -0.48745375064713087 -0.5184825045312947 -0.5518244031909322 -0.5876578667824298 -0.6261564071050195 -0.6674815182883184 -0.7117749986513305 -0.7591509781799847 -0.8096879938343912 -0.8634215090118826 -0.9203373083535762 -0.9803662093112488 -1.0433805130047724 -1.1091925659818196 -1.1775557207708798 -1.2481678684036321 -1.3206775749714748 -1.3946926940500688 -1.4697911570230469 -1.5455334749744478 -1.6214763303205368 -1.6971865042645327 -1.7722542858462542 -1.846305444860635 -1.919010825175008 -1.990092623709864 -2.0593264568237575 -2.1265383718019923 -2.1915960302804165 -2.2543933738603115 -2.314828196533348 -2.372772237394392 -2.4280337558671925 -2.480313204832435 -2.5291537924248066 -2.5738907061641267 -2.613605842223549 -2.6470990137836137 -2.6728903839411315 -2.689265068577973 -2.694326818469431 -2.6857907526861937 -2.6591038163752616 -2.5979849366980194 -2.449047809882404 -2.149919632376444 -1.5044433862284956 -0.6522816670214201 -0.33916298988546095 -0.21243091722350319 -0.14820349915838166 -0.11099873029584588 -0.08744032674353763 -0.07149036872445233 -0.06008558186578746 -0.051537617960410856 -0.044855926730655825 -0.03943040070412623 -0.034870723557367964 -0.03091991321146558 -0.02740538916895185 -0.024210066285788038 -0.02125462457800092 -0.01848625321728048 -0.015871263225388066 -0.013390071209654544 -0.01103366556677614 -0.008801013795386512 -0.006697074411829787 -0.004731201975492698 -0.002915812602734019 -0.001265228680715147 0.0002053442525764631 0.001480732352036321 0.0025466084072773383 0.0033902052763585483 0.004000920403138621 0.0043708014304608845
0.004450974955378136 0.004328649985193663 0.0039646388992870055 0.003364555273670801 0.0025374700228058926 0.0014954966338891055 0.0002532298673460528 -0.0011729455331682276 -0.0027656588587954074 -0.004507455179680123 -0.006381785764263083 -0.008374088623499322 -0.010472976902263467 -0.012671576833139547 -0.014969092019732016 -0.017372722806499475 -0.019900148908129956 -0.02258290921218277 -0.025471219347635504 -0.028641120094606207 -0.0322054733296031 -0.03633146830317493 -0.04126949621520143 -0.04740265598821106 -0.055335483801706394 -0.0660615691772122 -0.08130118859921479 -0.10423895393557679 -0.14131926507288786 -0.2073481891071853 -0.34398056676251304 -0.7162104638082135 -1.814745353339211 -2.3527969638130326 -2.586560010675742 -2.6646580416843855 -2.6799288278359104 -2.67736313814385 -2.66543139723287 -2.645711812325762 -2.619125473563316 -2.5866387958065267 -2.549182654545595 -2.5075507497852207 -2.462357621689143 -2.4140405594644383 -2.362885144801854 -2.309060843937814 -2.2526587361559156 -2.193727091999093 -2.1323026292315275 -2.0684364458902085 -2.002214257247886 -1.9337709009069173 -1.8632992727678086 -1.791053999624408 -1.7173502815101889 -1.642558461724304 -1.567095002297363 -1.4914106474685047 -1.4159766352381988 -1.3412698563382557 -1.2677578538281402 -1.1958845026576035 -1.1260571097009326 -1.058635538290874 -0.9939237979382669 -0.9321643625215829 -0.8735353020835842 -0.8181501468855238 -0.7660602579198823 -0.7172593632389114 -0.6716898386389948 -0.6292502657382514 -0.5898037887975662 -0.5531868100480302 -0.5192176065620276 -0.4877045138220765 -0.4584533960158608 -0.4312742052337121 -0.40598651687941967 -0.3824240142722488 -0.36043798175616387 -0.3398999566376745 -0.32070379611925 -0.3027675571933871 -0.28603580731118405 -0.2704833666761175 -0.25612220764213384 -0.24301469410137871 -0.23129943732445965 -0.2212429847899273 -0.2133471145425536 -0.20858387314670615 -0.20894794596043856 -0.21887192936446168 -0.24923094161612294 -0.3297953512415029 -0.5477609176810174 -1.0919881690452298 -1.6247993123275926 -1.0921635144788684 -0.5479315033911004 -0.32994765473117543 -0.24938022153465236 -0.21902696027308682 -0.20911214224083366 -0.2087576309116729 -0.21352902100676133 -0.22143041045563888 -0.23148885893798019 -0.24320190654973536 -0.2563024942804222 -0.27065165888970927 -0.2861868465583384 -0.3028960641651899 -0.3208046470091385 -0.339968363749297 -0.3604696739065332 -0.38241541128649387 -0.4059348917609366 -0.431177827269168 -0.4583116481154846 -0.48751797779439926 -0.5189881107715257 -0.55291743498719 -0.5894988274977612 -0.6289151376050252 -0.6713309571769296 -0.7168839601598062 -0.7656761682267047 -0.8177655615966953 -0.8731584972002031 -0.9318034145280083 -0.9935862974442882 -1.0583283142561397 -1.1257859769297442 -1.1956540448427222 -1.2675712533164627 -1.341128780000922 -1.415881183408403 -1.4913593699713694 -1.567084982290002 -1.6425854645766125 -1.7174089625005238 -1.791138161012608 -1.8634021580512827 -1.9338855119446847 -2.002333678598047 -2.068554160243915 -2.13241280828158 -2.1938248484360763 -2.2527403246748867 -2.309123802056224 -2.3629283678257473 -2.4140643080050084 -2.4623634647506396 -2.5075414518591415 -2.5491620220492077 -2.5866115081598076 -2.61909694035551 -2.6456881256743614 -2.6654194902368804 -2.677371267591609 -2.6799670274380922 -2.6647345264882785 -2.5866564368660705 -2.3528464607163038 -1.8149291629106918 -0.7162801684052816 -0.34397612550540846 -0.2073336140604638 -0.14130441831724352 -0.10422520375424851 -0.08128838660127402 -0.066049347838984 -0.05532352308319629 -0.04739072779067766 -0.041257458867946725 -0.036319251741463394 -0.03219306448969295 -0.02862855024452295 -0.025458553225880295 -0.02257023557818433 -0.019887572226829475 -0.01736035595758796 -0.014957050049025438 -0.01265997182432158 -0.010461914047402708 -0.00836366352097383 -0.006372082892819477 -0.004498547409187312 -0.0027576077811106597 -0.0011658023497614803 0.00025942317461503516 0.0015007060915645729 0.0025416685963238336 0.003367722042537747 0.003966758502832424 0.004329712303235182
0.004195836298039482 0.004074243194975459 0.003714348224140773 0.00312254832776777 0.0023091230415590337 0.0012877444868495931 7.482131728623802e-5 -0.001311298807767232 -0.0028512420089534876 -0.00452561217781336 -0.006316068765940848 -0.008206472856294356 -0.01018411418324495 -0.012241058011832855 -0.014375688297193276 -0.016594578234574744 -0.018914902029240867 -0.021367732390040587 -0.024002783876052317 -0.026895532967515862 -0.030158308866636188 -0.033958183710447155 -0.038546891344959894 -0.04431290422483234 -0.05187638631285404 -0.06227222140054879 -0.07732782786446173 -0.10051430952190119 -0.13910328685311732 -0.21065892881734372 -0.3689785104655176 -0.8679825283537883 -2.193895341985547 -2.5124802427689175 -2.6596136082522626 -2.6719409222570816 -2.655866053323562 -2.635551654983487 -2.612086297310951 -2.5848070292821927 -2.5535987374024307 -2.5187029737909246 -2.4804579167543506 -2.4391647113162493 -2.3950383277870144 -2.3482024600739493 -2.29870517722831 -2.2465430598434653 -2.1916874824222488 -2.134109765089064 -2.0738034754771175 -2.010802950659052 -1.945197521173651 -1.8771411620710212 -1.8068574764338055 -1.7346400852302366 -1.660848670995284 -1.5859011003384031 -1.5102622203465415 -1.4344300713706823 -1.3589203685276305 -1.2842501647771813 -1.2109216129093376 -1.1394066912538363 -1.0701336531668928 -1.0034758129819978 -0.9397431042550471 -0.8791766547359705 -0.8219464316402579 -0.7681518341489232 -0.717824958746409 -0.6709361448075992 -0.627401326988107 -0.5870906782381925 -0.5498380204780667 -0.5154505046983048 -0.48371811257390757 -0.45442260101578114 -0.42734559290597646 -0.4022756057472192 -0.37901390054333006 -0.35737912316230874 -0.33721079945696414 -0.3183718368509762 -0.3007502879322045 -0.2842607647228033 -0.26884609353550337 -0.25448014616231507 -0.2411734337324119 -0.22898435577874518 -0.2180417684045973 -0.20859075095820787 -0.2010882713353693 -0.19641334653787804 -0.19636123946989584 -0.2049087898147625 -0.23178866601736448 -0.30356933073891584 -0.4977098395870127 -0.9801063644602974 -1.4489758920631126 -0.979439616865781 -0.49708102281084354 -0.3029614469894892 -0.23113161508298724 -0.20417593568085463 -0.19554861174960578 -0.19552810513736535 -0.20014423008841237 -0.20760651707238592 -0.2170397690049076 -0.22799012934103755 -0.24021495540476676 -0.25358710041015753 -0.26804906629811154 -0.2835903546003756 -0.30023615085434946 -0.31804168816560374 -0.3370894040070053 -0.35748730860677946 -0.3793676321871922 -0.4028851624805447 -0.4282148834401517 -0.4555486573710147 -0.4850907936799024 -0.5170524370460335 -0.5516447951002573 -0.5890713140763859 -0.6295190001820886 -0.673149171965453 -0.7200880102521802 -0.7704173415627777 -0.824166141842638 -0.8813032733274897 -0.9417319625418211 -1.0052864873345189 -1.071731463248042 -1.140764005043502 -1.212018891882648 -1.2850766920479284 -1.3594746159895275 -1.4347196783148517 -1.5103035748953477 -1.5857185352850411 -1.6604733060952839 -1.7341083674028641 -1.8062094864620555 -1.8764187701066006 -1.9444424827160571 -2.0100550390088574 -2.073098745606471 -2.133479037429799 -2.1911551236119173 -2.2461261217008497 -2.298412936145028 -2.348036377787111 -2.3949924323866116 -2.4392263754825043 -2.4806089894514893 -2.518921202105024 -2.5538593953730913 -2.5850846436082295 -2.6123562976503334 -2.63579155111188 -2.6560546967917134 -2.6720491013145877 -2.6595599997608366 -2.5120961804784017 -2.1926299022517397 -0.8670184891026228 -0.36866397691310854 -0.21049769192748463 -0.13900350421609065 -0.10044658890938879 -0.0772795586839681 -0.06223700534282205 -0.05185054629536153 -0.04429408046815819 -0.03853340515951744 -0.03394872762776688 -0.030151791125038484 -0.02689100140430327 -0.023999393342786893 -0.021364736839464476 -0.018911660304656183 -0.016590566448550663 -0.014370513735375266 -0.012234470769209166 -0.010176013727227281 -0.00819690763306923 -0.006305227894113624 -0.0045138091893885965 -0.0028388914385231133 -0.001298887121387831 8.676848407664019e-5 0.0012986965805763695 0.002318578135830151 0.0031300639697911495 0.0037195679235276654 0.004076917286933009
0.003782809620294953 0.0036618840155408375 0.0033055934176406928 0.0027211077231561673 0.0019198986475195863 0.0009171640181300944 -0.0002689357407863787 -0.0016181948062352156 -0.0031093962758755155 -0.004721429493299441 -0.006434464211984407 -0.00823116947596242 -0.010097986071057967 -0.012026490885638333 -0.014014932659295308 -0.016070077529883917 -0.01820959113900298 -0.02046532358610129 -0.02288809518425587 -0.02555498345376052 -0.028580841188202116 -0.03213715429406739 -0.03648407594669871 -0.04202715526006136 -0.04942284743425483 -0.05978678232130479 -0.07513650081890971 -0.09942720873078062 -0.14131428249439731 -0.22313319873441442 -0.422131328201331 -1.2022828637740355 -2.4245054636034515 -2.6168240239948792 -2.6646531975620444 -2.6339666333229923 -2.602248664842512 -2.573821054865911 -2.5455328878079717 -2.5156027203610862 -2.4833396304793327 -2.4485394690335416 -2.411168252017138 -2.3712231601850418 -2.32868032938445 -2.2834834048449335 -2.235550860486705 -2.184791443012527 -2.1311224089092438 -2.0744877269177127 -2.014874616876146 -1.9523273895785618 -1.8869578792862556 -1.8189519855247118 -1.748572041278679 -1.6761549315853095 -1.6021061049115486 -1.5268898404752898 -1.4510163418498274 -1.3750264029882675 -1.2994745212798524 -1.2249114018475944 -1.1518668023596461 -1.0808336089134363 -1.0122539178851355 -0.9465077377910868 -0.8839047343215152 -0.8246792374169135 -0.7689885278892902 -0.716914237062984 -0.668466537581254 -0.6235906845317883 -0.5821753871345886 -0.5440624525629526 -0.5090571421765977 -0.4769387114743788 -0.4474706619948722 -0.4204103092329382 -0.39551735858643516 -0.3725612753485432 -0.3513273300298454 -0.33162129378953975 -0.31327284978105946 -0.2961378773917652 -0.28009986544762555 -0.26507083413832866 -0.2509923272367114 -0.2378373440133081 -0.225614656032809 -0.21437810833923268 -0.20424595311703705 -0.1954407545556513 -0.18837348937360474 -0.18382889788946832 -0.18340159422683724 -0.19061165925316462 -0.21404941778032907 -0.2770877474608406 -0.44749524705231797 -0.8684772774585398 -1.2742316444838462 -0.8671759588977191 -0.4462255395623177 -0.27584243802070413 -0.21270196540719977 -0.18911206785014573 -0.18174229371773445 -0.18202392907096435 -0.1864501630703184 -0.1934361035530592 -0.20220483863173053 -0.2123518219439431 -0.22365957805407538 -0.23601349083681047 -0.24936173240681656 -0.2636957613797902 -0.2790408812995897 -0.2954518301879276 -0.31301081518922785 -0.3318265568232372 -0.35203347988547856 -0.3737904926253481 -0.39727897426956715 -0.4226997111007011 -0.45026861675139823 -0.48021115991114244 -0.5127555101604783 -0.5481245029071802 -0.5865266168605889 -0.6281462492739446 -0.6731336607037025 -0.7215950364224737 -0.773583169256335 -0.8290893016925995 -0.888036667311649 -0.9502762378980838 -1.0155851100347537 -1.0836678534854067 -1.154160996592559 -1.2266406483799432 -1.3006330638233545 -1.3756277616481645 -1.4510926187719575 -1.526490208293142 -1.6012945335041107 -1.6750072503581823 -1.747172471923712 -1.8173893115185789 -1.8853214410854937 -1.9507031068614986 -2.0133412401923905 -2.0731135103799896 -2.1299623735345974 -2.183885368207486 -2.234922100890318 -2.283138583740762 -2.328609910882179 -2.371402852953898 -2.411561149454792 -2.449098784650504 -2.4840118393789545 -2.5163308541541247 -2.546259604775472 -2.5744907501818197 -2.602806575953393 -2.634347109813973 -2.6647240179243035 -2.6162720038307956 -2.4230241106665966 -1.1991468564875205 -0.42141320733796145 -0.2228247402824518 -0.14114120807491873 -0.09931751301142977 -0.07506270438114734 -0.05973605513068006 -0.049388268344325505 -0.04200448710448531 -0.03647039747208607 -0.03213022756923411 -0.02857880668899848 -0.02555621514626244 -0.022891139469270988 -0.02046888417999958 -0.01821253902398447 -0.016071473144323514 -0.014014051537765049 -0.012022846249882709 -0.010091343481607546 -0.008221550079380358 -0.006422134558809711 -0.0047068773781485575 -0.0030932934852237718 -0.0016013489287012917 -0.0002522341792741865 0.0009328140789418144 0.001933630347014971 0.002732150881153617 0.0033133237520210647 0.0036658624511885086
0.003239684163228864 0.003119576808528936 0.0027669395807497946 0.002189702466523451 0.0014005095131457601 0.0004160463264319789 -0.000743844058087995 -0.0020572113541253404 -0.003501165639138086 -0.005053117035533567 -0.006692052107199778 -0.008399828742784974 -0.010162496071667436 -0.011971679742014258 -0.013826118838192517 -0.01573350541429047 -0.017712873956418244 -0.019797940609789816 -0.022042047536524934 -0.024525817479111613 -0.027369451149560707 -0.030753191850471203 -0.03495269361535045 -0.040402873882526835 -0.04781938909705499 -0.05844510183679939 -0.07459247334494327 -0.10097149884230149 -0.14846534510103554 -0.24772079049264353 -0.5254858573707005 -1.9240436138250818 -2.5148616739759317 -2.6494355136492778 -2.6171917220376626 -2.569109463462071 -2.5330734493142124 -2.5028157941684626 -2.473847765091667 -2.4441055634166977 -2.412680199962596 -2.3791494642055167 -2.343282574306274 -2.304914818461141 -2.263898419908963 -2.2200884794503954 -2.173345428199628 -2.1235451693477296 -2.070592409689771 -2.0144346502638775 -1.95507523200722 -1.8925843025401277 -1.8271068556954058 -1.7588672232045937 -1.6881696235228818 -1.6153946138263944 -1.5409915446860198 -1.4654673686822899 -1.389372385397909 -1.313283696692608 -1.2377872818791475 -1.1634596716366792 -1.0908501980297622 -1.0204647284507469 -0.9527516624721928 -0.8880907961310786 -0.8267854548009912 -0.7690580813666122 -0.7150492579234662 -0.6648199513402608 -0.6183566169111225 -0.5755786771388355 -0.5363478175237227 -0.5004785075496909 -0.46774915940662287 -0.43791337384002393 -0.41071078514630416 -0.3858770985753103 -0.3631530063326431 -0.34229176682033163 -0.3230653307513395 -0.3052689939871154 -0.2887246492220741 -0.27328279885035467 -0.25882358603481426 -0.24525721462606598 -0.2325242904875646 -0.2205968863673135 -0.20948163373848216 -0.1992271488526922 -0.18994022979127076 -0.1818200362892169 -0.17523083817481916 -0.1708629457953905 -0.1701115873402063 -0.17604500429912684 -0.19612674662255583 -0.2505863696136727 -0.3977030984044887 -0.7587142384846912 -1.103376732486237 -0.7569987018560895 -0.3959765355637007 -0.24886011132375466 -0.19424472960461914 -0.1739448418129417 -0.16778500510005126 -0.16833007866600372 -0.17252978101310962 -0.17900235282075627 -0.1870685130636643 -0.1963731726668197 -0.20672453762250642 -0.2180211806265164 -0.23021761199342736 -0.2433078332903154 -0.25731770111727864 -0.2723016900021902 -0.2883417657246588 -0.30554707925822666 -0.3240536884987349 -0.34402378024238167 -0.36564402229317977 -0.3891227844813435 -0.41468605716416573 -0.4425719810429149 -0.4730239895431779 -0.5062826566194061 -0.5425764376888549 -0.5821115863611503 -0.6250616199929437 -0.6715567869772433 -0.7216740514609902 -0.7754281500315839 -0.8327642833604535 -0.8935529784696692 -0.957587590705898 -1.0245848078570077 -1.0941883746985535 -1.1659760810044348 -1.2394698599708645 -1.3141486407880876 -1.3894634048841257 -1.4648537272240891 -1.5397649581434953 -1.6136651308323315 -1.686060673449377 -1.7565100656583557 -1.8246347032934842 -1.890126411717707 -1.952751262983958 -2.0123495860385363 -2.0688322951935363 -2.1221738870422535 -2.1724026680132993 -2.219588992549041 -2.263832571575934 -2.3052503795870396 -2.3439676172177752 -2.3801161582859645 -2.413849232360854 -2.445390824526475 -2.475160786398593 -2.50406903515634 -2.534180236400588 -2.5699731739488882 -2.6176527633116855 -2.6490828951260497 -2.513383611192469 -1.9164634449261782 -0.5240685094412744 -0.2472369950091878 -0.1482224276769691 -0.10082801454161434 -0.07450078775016217 -0.05838476013259096 -0.047780062309366614 -0.04037858220244329 -0.034939503255213555 -0.03074819815146672 -0.027370303381238942 -0.02453049518620576 -0.022048762899805917 -0.019805107346491154 -0.01771911189318641 -0.015737662979635848 -0.013827302043809435 -0.011969279510749 -0.010156207772451157 -0.008389659355331931 -0.006678311954410071 -0.005036394622729716 -0.0034822858054672687 -0.0020371785622283977 -0.0007237740765929204 0.0004350019905965155 0.0014172413989044846 0.0022032179085509146 0.0027764294000382564 0.0031244695196071494
0.0025805835997952478 0.0024616102171835814 0.002113142876078728 0.0015438523779069747 0.0007675246614312002 -0.00019771978647162378 -0.001330443735909246 -0.0026070890064079327 -0.0040032876443283245 -0.005495230592357165 -0.007061048984763003 -0.008682184496331326 -0.01034475487849968 -0.012040960033251405 -0.013770625958970384 -0.015543055967385703 -0.01737946547319641 -0.019316446938845697 -0.021411200345069603 -0.0237497807080444 -0.026460580673331565 -0.02973716174802722 -0.033878457855763766 -0.039362924788677096 -0.04699324868267783 -0.05819936175749242 -0.07573281307441279 -0.10546204356353804 -0.1619014304099928 -0.2910519423228502 -0.744225706253906 -2.5928390720932972 -2.5832014628344684 -2.609582755798592 -2.541385296689972 -2.492735376591922 -2.458487308654087 -2.429705242398622 -2.40214011977397 -2.3738790888946335 -2.3440058801792802 -2.312028363568643 -2.2776360038920997 -2.240596242555805 -2.2007122177607257 -2.157809138455508 -2.11173468781101 -2.0623664027029394 -2.009622274674544 -1.953472305353666 -1.8939494546856765 -1.8311587981879651 -1.76528396792186 -1.6965901855117944 -1.6254234420532045 -1.5522056465190888 -1.4774258420264839 -1.4016278602784704 -1.3253950279621598 -1.249332735286951 -1.174049810728193 -1.1001397079474269 -1.0281624983162079 -0.958628579927892 -0.8919848720073498 -0.8286040773709061 -0.7687773828877189 -0.7127107472231252 -0.6605247137069348 -0.6122574983707412 -0.5678709496371194 -0.5272588632191723 -0.49025706582232875 -0.45665465303936953 -0.42620577647484176 -0.39864141686382354 -0.3736806469677489 -0.35104097322402616 -0.3304474416151533 -0.31164029482250966 -0.29438106932848407 -0.27845711910438004 -0.2636846452149267 -0.2499103992044152 -0.23701231780555668 -0.224899449646757 -0.21351167647832883 -0.20281996315173215 -0.1928282987432609 -0.18357934796850506 -0.17516765044505342 -0.16776828316119982 -0.1616986093843483 -0.15755548277984543 -0.15653847832020312 -0.16127467467109163 -0.17813125275031375 -0.22429021087684575 -0.3488858117470121 -0.6523039553410279 -0.93893697971923 -0.6503878222367108 -0.34689508887843923 -0.22225829158546864 -0.17589541351641402 -0.15876926320357862 -0.15375637811050938 -0.15452135946978968 -0.15845791003249965 -0.1643824703594273 -0.17171156127907503 -0.180139124747372 -0.18949929536903687 -0.19970439896490916 -0.21071596545007634 -0.22253120913404584 -0.235177105271337 -0.24870825498781954 -0.26320654123276094 -0.278781429634799 -0.2955701914403423 -0.31373755257764074 -0.3334744096598324 -0.35499535152751965 -0.37853480903250203 -0.4043417385867166 -0.43267283197728723 -0.4637843373527698 -0.4979226726543053 -0.5353141096948867 -0.5761538997533504 -0.6205952941148459 -0.6687389790123608 -0.720623487281881 -0.7762171624293105 -0.8354122293281151 -0.8980214656398635 -0.9637778678692019 -1.0323375674452449 -1.1032860807848766 -1.1761477823127977 -1.2503982839706755 -1.3254792048016928 -1.4008146371835477 -1.4758284792840015 -1.5499617210269119 -1.6226887536703338 -1.6935318255618141 -1.7620728866032418 -1.8279622425783186 -1.8909236631756194 -1.9507558358765884 -2.0073303125985964 -2.060586340931864 -2.1105231993588838 -2.157190874884509 -2.2006801708734067 -2.2411137075441534 -2.2786399851724446 -2.3134341731242745 -2.345712590787557 -2.3757754076320743 -2.404110094812064 -2.431632859353031 -2.4602579350902087 -2.4942279068980735 -2.542430444865373 -2.609781446576298 -2.5817631254696196 -2.5876488235463797 -0.7411179899893037 -0.29031265045092247 -0.16158132261733996 -0.10528886114576237 -0.07562857693663791 -0.05813372980825371 -0.046952024283195115 -0.03933841878900746 -0.033865905934456327 -0.02973322125649108 -0.02646265185257869 -0.023755691117214213 -0.0214190628185212 -0.019324605557693365 -0.017386487622727136 -0.01554774798628787 -0.013772058953554597 -0.01203849684189847 -0.010338071501952258 -0.00867128080817011 -0.007046244833511839 -0.005477144796018873 -0.0039827989552258134 -0.002585279845549387 -0.0013085292351318505 -0.0001769662639763868 0.0007858864051285099 0.001558712766102582 0.0021235918613415118 0.002467002155655267
0.0018120991543007549 0.0016947006982970245 0.0013513132609412407 0.0007913195816447793 2.9600773302891188e-5 -0.0009143633356728431 -0.002017658053921458 -0.003255286564502996 -0.004601632897515927 -0.00603196347752102 -0.007523912747767962 -0.009058925093805037 -0.010623661176476467 -0.012211422649889597 -0.013823708558368302 -0.015472097907169987 -0.017180773398628477 -0.01899019523653544 -0.020962767906785727 -0.023191950577190673 -0.025817422046588084 -0.02905123594072434 -0.03322481577159642 -0.03887769669450775 -0.04693574969427255 -0.05909809234223174 -0.07876657791589606 -0.11361178813863035 -0.18431945980577233 -0.3684772583036334 -1.325650595957856 -2.511788578627512 -2.595743785801921 -2.5263132468493676 -2.456889250524395 -2.414811251973679 -2.384721518733384 -2.3586775929410218 -2.3332108983402704 -2.3067147496453146 -2.2783655262132787 -2.24768444946904 -2.214351384945295 -2.1781235342993206 -2.138801148560021 -2.0962159208760536 -2.050231002208194 -2.0007471251880586 -1.9477117288592103 -1.891129063573757 -1.8310697824424913 -1.767678831338941 -1.7011806876316327 -1.6318812360670858 -1.5601658316905898 -1.4864933833681866 -1.4113865832090309 -1.3354186866527493 -1.2591974935887855 -1.1833473733892466 -1.108490301869096 -1.0352269281413131 -0.9641186634413756 -0.8956716884305703 -0.8303236222636302 -0.768433402022168 -0.7102747033986141 -0.6560330113489384 -0.6058062396789669 -0.5596086149037733 -0.5173773919130066 -0.47898186244247337 -0.444234053594384 -0.41290049090945413 -0.3847144145992088 -0.35938788275234357 -0.33662326505453816 -0.3161237179581776 -0.29760233064144753 -0.28078973438644533 -0.2654400709571267 -0.2513353142293444 -0.2382880315532269 -0.22614275745865217 -0.2147762364508297 -0.2040968840296663 -0.19404393704446135 -0.18458695932206648 -0.17572672599539335 -0.1674992250754357 -0.15998603400823422 -0.1533377368275686 -0.14782515564816492 -0.14395380920845957 -0.14273377367292936 -0.14636716367231872 -0.16016922815799714 -0.19841073323438732 -0.30155573496647986 -0.5505911419610332 -0.7831330548063598 -0.548664734305559 -0.2994860174379802 -0.19625155317806114 -0.1577687024003191 -0.143663225526329 -0.1397213165121861 -0.1406599195008671 -0.14429881980515794 -0.14964535122215947 -0.15620885610261998 -0.16373128959192293 -0.17207265634848046 -0.18115945685455262 -0.19096088223365418 -0.20147805969419008 -0.21273972812218 -0.22480111716978604 -0.23774431455504608 -0.25167911577259533 -0.2667437029095304 -0.2831046891233152 -0.3009561821632757 -0.32051760728653433 -0.342030108366958 -0.3657514262029354 -0.39194923917666014 -0.4208930439667393 -0.4528447509649167 -0.488048266660146 -0.5267184285849559 -0.5690297417376754 -0.6151054325603403 -0.6650073813835975 -0.718727510898452 -0.7761811916002677 -0.8372031715034899 -0.9015464449381759 -0.9688843448101871 -1.038815978620646 -1.1108749389292822 -1.1845410157898166 -1.2592544372158192 -1.3344319812009067 -1.4094841567134035 -1.4838325570961879 -1.556926459257962 -1.6282577822250748 -1.6973736286897356 -1.7638858059127454 -1.8274769442707897 -1.8879030848512055 -1.9449928717644491 -1.9986437418306249 -2.048815741908904 -2.095523823373654 -2.138829688864254 -2.178834566854195 -2.2156748187234387 -2.2495233770000334 -2.2806024292660845 -2.3092183028652626 -2.3358427536536372 -2.361298237192833 -2.3871934626244458 -2.416994878963607 -2.4586142783313427 -2.527247730460149 -2.594945948031721 -2.509441663170246 -1.3166557603202067 -0.3672747778393386 -0.1838976561362895 -0.11340803703994162 -0.07865270365589336 -0.05902991417283337 -0.04689435788937771 -0.03885361816895484 -0.03321259326564953 -0.029047283569200878 -0.02581909565167798 -0.023197124301511718 -0.020969641091905477 -0.018997211340718464 -0.01718659591464968 -0.015475615588237486 -0.013824054647560428 -0.012207998573580353 -0.01061615790541819 -0.00904733679823131 -0.00750853835780137 -0.006013392772785103 -0.004580715028261818 -0.003233080511388069 -0.001995366399396573 -0.000893252677565516 4.828762147448012e-5 0.000806453043077221 0.0013619607569991061 0.0017001973841735518
0.0009366807693766829 0.0008213925727134467 0.00048432856565286023 -6.445787757730645e-5 -0.0008090583404113214 -0.0017287382056250299 -0.0027992575572910404 -0.003994390198696968 -0.005287544017073366 -0.0066533961895421925 -0.008069479323929466 -0.009517688176966353 -0.010985720010082134 -0.012468515433608527 -0.013969834652466442 -0.015504196419956462 -0.017099544868485535 -0.01880123452940848 -0.020678318962623 -0.022833861830535547 -0.025422419399437037 -0.02868077636448554 -0.032984384253958166 -0.038956741743925924 -0.047696262764684416 -0.061289549578181245 -0.08411452201729491 -0.12673633258075026 -0.22107285649338246 -0.5225679413462698 -2.719479376992981 -2.514387410471873 -2.529007713605602 -2.43165922580647 -2.374769903208754 -2.34066741465059 -2.3150250534061274 -2.291782333822109 -2.2682838489374615 -2.243244243157829 -2.215967794513961 -2.1860304086338527 -2.153141437775806 -2.117081644548982 -2.077676363834931 -2.034786346528432 -1.98830810123987 -1.938179462029619 -1.8843878127608855 -1.8269791715222865 -1.7660667276258406 -1.7018376739211172 -1.6345573996304787 -1.5645703494782963 -1.492297124947424 -1.418227695409256 -1.3429108829100211 -1.2669405627335426 -1.1909392609346352 -1.115540011652596 -1.0413674485193614 -0.9690191399276388 -0.8990481384074567 -0.8319476075409409 -0.7681382287606741 -0.7079588918056036 -0.6516609550097866 -0.5994061431450562 -0.5512679472545513 -0.5072362154263335 -0.4672244842755366 -0.43107950240914544 -0.3985923400609911 -0.3695104612510465 -0.34355015207214434 -0.32040874561473176 -0.2997761545033771 -0.281345309677099 -0.2648212025790181 -0.2499283313400052 -0.2364164545072637 -0.2240646541164479 -0.21268380073402332 -0.20211759610414962 -0.19224244717472466 -0.18296650685221466 -0.1742283194992131 -0.16599566872194732 -0.15826551531821165 -0.151066494063459 -0.14446667369182462 -0.13859205783457262 -0.13366789903380413 -0.13011165624700252 -0.12875239973395392 -0.13138868833617184 -0.1423413070867104 -0.1731431842041005 -0.2561786707398859 -0.45476302343630837 -0.6378612484991676 -0.4529808832748368 -0.25419335364703516 -0.17102315643011182 -0.13995713633517212 -0.12868636382953014 -0.1257288305220076 -0.12679399186643073 -0.1301048470527054 -0.1348500762991845 -0.14062774218760316 -0.14722618652464314 -0.1545308785420154 -0.16248271831123165 -0.17105910003105873 -0.18026573268167598 -0.19013378314108695 -0.20071966777650008 -0.21210604696407845 -0.2244031524067981 -0.23774986262844372 -0.252314096850039 -0.2682921953343393 -0.2859070308787124 -0.3054046690052344 -0.32704947177050836 -0.35111762494707466 -0.3778891602647979 -0.40763864088147034 -0.4406247751937523 -0.4770793164352498 -0.5171956876396819 -0.5611178377344211 -0.6089298792060167 -0.660647075814937 -0.7162087357832781 -0.7754735182994367 -0.8382175771295132 -0.9041358447950733 -0.972846607264156 -1.0438993390421358 -1.1167855724156701 -1.1909523763863814 -1.2658178370492916 -1.3407877792094962 -1.4152728651047732 -1.4887051631461325 -1.5605533054227927 -1.6303354487915795 -1.6976294152689375 -1.7620796012787407 -1.8234004950242944 -1.881376906846878 -1.9358612791101018 -1.9867686845289627 -2.0340703396943756 -2.077786667318509 -2.1179811836804645 -2.1547568781801 -2.1882575334316132 -2.218678148975014 -2.2462925507296143 -2.2715155827897044 -2.2950406091198237 -2.3181554221355287 -2.3435172114791425 -2.3771711367534847 -2.433347221419397 -2.5292504047889737 -2.5119763779928372 -2.704104044102293 -0.5202690568126528 -0.2204925035726402 -0.1264945125924235 -0.08399131877830215 -0.06122004434467646 -0.04765541865215916 -0.03893308850624853 -0.03297185717452934 -0.028675701904706 -0.025422270654791475 -0.02283670858742547 -0.020682578309947776 -0.01880556158689846 -0.017102792591471898 -0.01550541058680577 -0.013968266481637986 -0.012463641670712533 -0.010977263667377423 -0.009505634610165644 -0.008054083111587635 -0.00663517495485581 -0.00526725626054016 -0.003972995564722236 -0.0027778597568150574 -0.0017085129312809518 -0.0007911706849425054 -4.997566845386462e-5 0.000494517821986675 0.0008266530748177096
-4.534327899158295e-5 -0.00015791554533968992 -0.0004871309680561043 -0.001022321767012365 -0.0017466454374347174 -0.0026382514508810424 -0.0036717681282586153 -0.004819994539447549 -0.006055680605853796 -0.007353293293162477 -0.008690696290174245 -0.010050712463897073 -0.011422590735709236 -0.012803462070856437 -0.014199947637897508 -0.01563018829626463 -0.017126724705490537 -0.018740923930337664 -0.020550126322367874 -0.022669592985505745 -0.02527314231232047 -0.02863016648713814 -0.03317521833335762 -0.039646806551502864 -0.04938590669073472 -0.06504407042478262 -0.0925022747966582 -0.1472032588304712 -0.2837482505864246 -0.9207244499332141 -2.5517006853866797 -2.524883944473464 -2.4259871704782676 -2.342711463494349 -2.2997030151423354 -2.272576133318652 -2.250697495286097 -2.2296997790386768 -2.2076022780252416 -2.1834025958551067 -2.156536658164192 -2.1266528840317647 -2.0935109150757882 -2.0569347623234595 -2.01679210495755 -1.9729873285066564 -1.9254622884428516 -1.8742014869857015 -1.8192395287254672 -1.760669259913688 -1.6986492827150845 -1.6334097446555802 -1.565255513185764 -1.494566084834086 -1.4217918501836093 -1.347446627335648 -1.2720966676564425 -1.1963466062052683 -1.1208230545879965 -1.0461566994827334 -0.9729638650163075 -0.9018285174654199 -0.8332856390968191 -0.7678067831232986 -0.7057884573833892 -0.6475437872472951 -0.5932976964020086 -0.5431856347836916 -0.49725569076275394 -0.45547376092738656 -0.41773132258832807 -0.3838552647169497 -0.353619182482456 -0.3267555265622166 -0.3029680170880064 -0.2819437786520932 -0.26336472186827276 -0.24691778286117627 -0.2323037288801389 -0.21924434017051384 -0.2074878798452199 -0.19681286015099403 -0.18703020200977885 -0.17798396389577373 -0.1695508878966619 -0.16163908171048985 -0.1541862395923151 -0.14715793169295757 -0.14054671888269216 -0.1343733057474557 -0.1286919157638996 -0.12360425456507722 -0.11929161149221029 -0.1160877988916269 -0.11465159296748013 -0.1164042256719421 -0.12474132907961034 -0.1486644299989983 -0.21316819278408033 -0.36583515900813474 -0.5046772917142163 -0.36430825430193736 -0.21139764233387326 -0.14672477292831573 -0.12253148987413894 -0.11388050956679127 -0.1118123455132814 -0.11295795422414127 -0.11591614840953884 -0.12004532204350532 -0.12502707703684882 -0.13069389592506098 -0.13695592261632772 -0.14376843296716374 -0.15111740653673963 -0.15901370880260593 -0.16749155618915834 -0.1766091079154943 -0.18644999367522497 -0.19712503681981405 -0.20877365594305433 -0.22156455001706904 -0.23569535243310508 -0.25139100608860165 -0.2689006790485034 -0.28849311458096744 -0.3104503922972012 -0.33506016757623075 -0.362606551321989 -0.3933598869638393 -0.4275657712989947 -0.46543374485098876 -0.5071261406055746 -0.5527476224533779 -0.6023359621935379 -0.6558545929777846 -0.7131874347894523 -0.774136412149225 -0.8384219754083526 -0.9056867966832067 -0.9755026447238742 -1.0473802584561787 -1.1207818489286179 -1.1951356792030137 -1.2698520181096384 -1.3443396529931422 -1.4180220922283524 -1.4903525994379692 -1.5608272810979125 -1.6289955940236205 -1.6944678390375278 -1.7569194463450504 -1.8160921175349916 -1.8717921484495958 -1.9238864989227646 -1.9722973896759168 -2.0169963982482533 -2.0579992256113395 -2.0953625919634895 -2.1291852684908807 -2.159616444335341 -2.1868773434016915 -2.2113084018164733 -2.2334701146910736 -2.2543673102762902 -2.275985255467177 -2.302687291917782 -2.345056692710167 -2.4272104974687037 -2.523480706809484 -2.54922911332565 -0.9144938994986849 -0.28287810897953924 -0.14690596525502697 -0.09236719878814598 -0.06497307214972875 -0.04934551282627273 -0.039623141882978496 -0.033161626913139265 -0.028622993451665746 -0.025270089788079767 -0.022669022061724373 -0.02055074740662305 -0.018741660602733273 -0.017126660320482993 -0.015628553884904955 -0.01419613061412558 -0.012797024527240615 -0.01141329027446182 -0.010038520343769213 -0.008675808510269523 -0.007336130785673415 -0.0060368754020378584 -0.004800359853865032 -0.0036522518777745766 -0.0026198747253378942 -0.0017304296507801027 -0.0010092102970323826 -0.00047791263515832176 -0.00015315791688015506
-0.0011344555993451503 -0.0012436558159972615 -0.00156326569813701 -0.0020820762228169853 -0.0027824326783564917 -0.003641545924554196 -0.004633151387645728 -0.00572937699614769 -0.006902681541301104 -0.00812774547433427 -0.009383234191027892 -0.010653405686300486 -0.011929597180358392 -0.013211698996290495 -0.014509814429250083 -0.01584642737068853 -0.017259588470860638 -0.018807952658539646 -0.020579091781705076 -0.022703652992750924 -0.02538027650101771 -0.02892124789741685 -0.03384053965208659 -0.04103510373143035 -0.05219106642336841 -0.0708013087972447 -0.10514587076854448 -0.17945205648817414 -0.40241525658409183 -2.445131684959493 -2.4343663135883085 -2.4463066236033404 -2.325629721620886 -2.2647890971973452 -2.2329057933320144 -2.2110541289627523 -2.19188811969101 -2.1723092120245315 -2.1508508904589245 -2.126743798218405 -2.0995468185652615 -2.0689870656462745 -2.034885474137153 -1.997121236456026 -1.9556157257284095 -1.9103271352796356 -1.8612514058809826 -1.8084268556601066 -1.7519407303203487 -1.691936262903544 -1.6286190447683604 -1.5622616874515307 -1.4932059526198522 -1.4218617610742559 -1.3487027575278834 -1.2742583899806412 -1.1991027400692202 -1.1238405921278265 -1.0490914346526798 -0.9754722338073434 -0.9035798958351573 -0.8339743414504104 -0.7671630544291201 -0.7035878482039268 -0.6436144320245548 -0.5875251684779924 -0.5355152138408036 -0.48769203762417457 -0.44407814085573105 -0.40461664359671723 -0.3691792965735098 -0.3375763918512698 -0.30956800278271235 -0.2848759718371482 -0.2631960830851297 -0.2442099001575956 -0.2275958159947737 -0.21303894275477134 -0.20023956351514946 -0.18891996624237278 -0.17882957935447893 -0.1697484220919785 -0.16148896811007715 -0.15389659542069586 -0.14684886101294967 -0.14025389907779193 -0.13404830889428604 -0.12819499450807503 -0.12268158871028817 -0.11752043489254979 -0.11275182956280332 -0.10845386833930293 -0.10476613188318376 -0.1019443004110762 -0.10048963304292514 -0.1014766277975632 -0.10745556295923403 -0.12513152558778468 -0.17288126713107177 -0.28463976497936977 -0.3847845828667944 -0.2834325030578145 -0.1714152812300444 -0.12347803824122167 -0.10554282333211791 -0.0992716868171495 -0.0979914187303335 -0.09917364557303399 -0.10176153754296131 -0.10526965888368182 -0.1094569453781946 -0.11419715508331153 -0.11942390405038027 -0.12510652728082222 -0.1312397593440404 -0.1378400454849317 -0.14494517263841777 -0.15261554209651693 -0.1609361295641655 -0.17001851503700763 -0.18000253138889924 -0.19105717313622667 -0.20338047087371344 -0.21719809452618724 -0.23276051057619393 -0.2503385892909996 -0.27021763834719925 -0.29268992726090565 -0.3180458590683572 -0.3465640370553905 -0.37850055976473745 -0.41407795178815776 -0.45347419620253654 -0.49681237291183145 -0.5441514224022709 -0.5954785440111421 -0.650703699798821 -0.7096566280834669 -0.772086674073261 -0.8376656197809669 -0.9059935449519677 -0.9766075818055816 -1.0489932493471052 -1.1225978814672684 -1.1968455126236037 -1.271152471366664 -1.3449428691429741 -1.417663169565544 -1.488795086155769 -1.557866182654931 -1.6244577312693815 -1.688209606912509 -1.7488222417400692 -1.8060559142597454 -1.8597278825408823 -1.9097080785702563 -1.9559142589636775 -1.9983076747195883 -2.036890534425205 -2.07170691552023 -2.102849596509102 -2.1304771440949395 -2.1548499384669695 -2.1764043883354964 -2.1959118500569996 -2.2148448586487763 -2.23630524549251 -2.26761832684655 -2.327575834759086 -2.44636956108656 -2.4312692555371487 -2.421943949340039 -0.4008978675627296 -0.17906492304804786 -0.10499311355056849 -0.07072748454078338 -0.0521504979327774 -0.04101082975957772 -0.0338252385505388 -0.0289113287628252 -0.02537372576024261 -0.02269916381238543 -0.020575691138049395 -0.018804841101559652 -0.01725607790617168 -0.01584192644034695 -0.01450383729458731 -0.013203884690103576 -0.011919731850239198 -0.010641442480888361 -0.009369306760775069 -0.008112171802370284 -0.006885955506517253 -0.005712145959851657 -0.004616179340171864 -0.003625663348390832 -0.0027684761492990464 -0.0020708226107026798 -0.0015553672756756522 -0.0012395832700256642
-0.0023310158942769963 -0.002436156276983224 -0.0027442253136877735 -0.0032435640857929335 -0.0039158583321490656 -0.004737598549346514 -0.005681913896503408 -0.006720615266423056 -0.007826286153422794 -0.008974287861679149 -0.01014459391319662 -0.011323431903623362 -0.01250478554747359 -0.013691895398906351 -0.014899001451880922 -0.016153715043996937 -0.017500634499545056 -0.01900721601743254 -0.020773658033602378 -0.022950041194904937 -0.02576707491654822 -0.02959371410590539 -0.03505142137058858 -0.04325794534641745 -0.056399397050070015 -0.07925704633206976 -0.12412230221148302 -0.23260648939099515 -0.6872054753309158 -2.6879679778984307 -2.4559124420919476 -2.334597067715244 -2.240610588247357 -2.1980296663736953 -2.1740023581494756 -2.155703472892654 -2.1381265025703904 -2.119063850364806 -2.0974293559557586 -2.0726417372711436 -2.0443711638565505 -2.0124246738386615 -1.9766907057927072 -1.9371115696344758 -1.893670555322884 -1.8463874550110935 -1.7953192152271733 -1.7405636878744715 -1.6822649910129894 -1.6206192448110623 -1.5558796075019243 -1.488359689363539 -1.418434606185079 -1.3465391552786186 -1.2731628484371003 -1.1988418002125305 -1.1241477259147985 -1.0496745315911418 -0.976023160729059 -0.9037854870862436 -0.8335281031146932 -0.7657768481104129 -0.7010028543511146 -0.639610772803527 -0.5819296858103513 -0.5282070377712763 -0.47860573163459774 -0.4332043629177902 -0.39200040504389155 -0.3549160276552073 -0.32180612743455894 -0.29246808021041104 -0.26665268313345325 -0.24407574471921908 -0.22442979615283076 -0.20739543661908622 -0.1926518852218793 -0.17988638829070872 -0.16880221875938295 -0.1591250984317037 -0.1506079686442036 -0.14303412480050315 -0.13621881127333751 -0.13000944287909777 -0.12428467767902192 -0.11895261676301537 -0.11394845830501817 -0.10923200216116369 -0.10478552058753277 -0.10061274925648957 -0.09674026476426952 -0.09322366835400556 -0.09016373151707366 -0.0877445605844957 -0.08632455548828369 -0.0866659241693719 -0.0905623857488212 -0.10268113945974366 -0.13561544808297105 -0.21181736982548918 -0.2790279525912668 -0.2109491186031452 -0.13449984248463134 -0.10137775748597064 -0.08902599938339414 -0.08487343779037845 -0.08427466071804272 -0.08545275676467778 -0.08766025187303557 -0.09055262080614844 -0.09395897373019059 -0.09779087422362662 -0.10200378098654135 -0.10658044792803943 -0.11152428108304671 -0.11685753133740842 -0.1226219287956693 -0.1288805129900013 -0.13571992107359312 -0.14325263099413485 -0.15161877256360587 -0.16098718555264394 -0.17155545349179205 -0.18354869111681898 -0.19721692015622772 -0.21283093527959251 -0.23067663915330083 -0.2510479101299288 -0.2742381540742203 -0.3005307782604032 -0.33018890492175396 -0.36344470992477595 -0.40048882395202 -0.44146026632118923 -0.4864373929912116 -0.5354303290490093 -0.5883753210759463 -0.6451313854405992 -0.7054795441628314 -0.7691248307672338 -0.8357011164926669 -0.9047786571579681 -0.9758741011696224 -1.0484625412244113 -1.1219910502405592 -1.1958930306984368 -1.26960263934177 -1.3425685362941144 -1.4142662545183398 -1.4842085919240056 -1.551953588103291 -1.617109848935225 -1.6793392090635655 -1.7383569559462062 -1.793930061397231 -1.8458740626913757 -1.8940493994729761 -1.9383581548340272 -1.978742306640831 -2.0151848570702646 -2.0477157653784914 -2.0764258796585247 -2.101495019153496 -2.1232474312498906 -2.1422656581662607 -2.159642149948541 -2.177591594101254 -2.2011165898148666 -2.24298337851518 -2.335709364804253 -2.4539494468274587 -2.686184747784465 -0.6836063747802479 -0.23206064254238973 -0.1239421102937262 -0.0791782186026442 -0.0563578604755218 -0.043232614413972754 -0.0350341309598735 -0.029580915103173275 -0.025757034138826056 -0.022941772179833942 -0.020766482832349695 -0.019000584144324005 -0.017494056143020287 -0.016146748027789752 -0.014891263543506754 -0.01368308709617396 -0.012494714694494626 -0.011312034680236581 -0.010131948604993744 -0.00896061905508658 -0.007811957940444589 -0.006706112888023332 -0.005667814149473095 -0.004724530319021282 -0.0039044557835597946 -0.0032344162275739063 -0.0027378266114629446 -0.002432863465212036
-0.0036345373462391257 -0.0037349190451725868 -0.004029395308204605 -0.004505967063201211 -0.005145844463994227 -0.005925057402516828 -0.0068164633304391405 -0.007791960103896324 -0.008824719112224095 -0.009891291030324555 -0.010973496962775817 -0.012060094300368982 -0.013148294244553825 -0.01424530732761186 -0.015370214977382123 -0.016556636455152946 -0.017856938234656106 -0.01934923262661785 -0.02114937604721263 -0.023432139197155925 -0.026469941556559577 -0.03070722084593736 -0.03691251241683836 -0.04651599445983183 -0.062444375790805924 -0.09152077137967267 -0.15315891861491815 -0.32873668002779105 -1.8625973566914389 -2.360940985429061 -2.37760314854308 -2.2354462116111575 -2.1710024140928224 -2.1409193226429735 -2.1219724047636603 -2.105698625369273 -2.088645866672448 -2.069221119047153 -2.0466192439742836 -2.0204115850571402 -1.9903689728841591 -1.9563780286403611 -1.9183987809383993 -1.8764426017267142 -1.8305612378288563 -1.7808424835075016 -1.7274100447567187 -1.6704259983834582 -1.6100946139511314 -1.5466664803145582 -1.480441998818652 -1.4117734357267169 -1.341064891483512 -1.2687697462510286 -1.1953853693083942 -1.1214451173479045 -1.0475078742383435 -0.9741455843057782 -0.9019293877041363 -0.8314150696825351 -0.7631285804645441 -0.6975523693536594 -0.6351132108626707 -0.5761720915937073 -0.5210165866079915 -0.46985599683642626 -0.4228193581068787 -0.37995627925575864 -0.3412404304285064 -0.306575388806939 -0.27580246051194446 -0.2487100350858801 -0.22504399224801253 -0.204518668451352 -0.18682790182220926 -0.1716557067297039 -0.15868618135028253 -0.14761232009358577 -0.13814348348993533 -0.13001136594440313 -0.12297439090959905 -0.11682054793605966 -0.11136876210220588 -0.10646895063241359 -0.1020009735524148 -0.0978727273310571 -0.09401766856696928 -0.09039210040280724 -0.08697262945934436 -0.08375435041951383 -0.08075063733048042 -0.07799614784899289 -0.0755563689839434 -0.07355135805225917 -0.07221298421314355 -0.0720289014872134 -0.074132458218888 -0.08142983442052507 -0.1016076807316561 -0.14781225215666075 -0.18789375842393052 -0.14726272327238052 -0.10084505474690576 -0.08049640365577668 -0.07300431634571955 -0.07069114773337525 -0.07066355681935141 -0.0718000233571891 -0.07362441953067309 -0.07591636746202826 -0.07856712533746266 -0.08152201883325992 -0.08475629580204114 -0.08826515174350114 -0.09206030358420503 -0.0961698060446925 -0.1006395232313657 -0.10553539236168026 -0.11094593553515168 -0.11698462171983803 -0.12379175340326935 -0.1315355958845345 -0.1404125041557905 -0.1506458439880395 -0.16248355545598386 -0.1761942701579628 -0.19206196656922628 -0.21037922814861748 -0.23143925155517261 -0.25552683251214786 -0.28290862931436134 -0.31382306406999566 -0.3484702658733291 -0.3870024858707297 -0.4295154205024157 -0.4760408658359792 -0.5265410929291958 -0.5809052814736869 -0.6389482761940045 -0.7004118373861941 -0.7649684444395215 -0.8322275822938193 -0.9017443017282035 -0.9730297046278203 -1.0455628769993894 -1.1188036887295705 -1.1922058124171804 -1.265229294020674 -1.3373520414371352 -1.408079684333514 -1.4769533950538196 -1.5435554365672646 -1.6075124052165295 -1.6684963467140719 -1.726224126061097 -1.7804556109681176 -1.830991375677166 -1.8776707519376103 -1.9203711717968188 -1.9590099263716068 -1.9935498427049763 -2.024011250428289 -2.0504946318750243 -2.073223124461485 -2.0926257881430796 -2.10951341568338 -2.1254873103575136 -2.144004009600847 -2.173505789791834 -2.23707491545765 -2.3772936354042096 -2.3578566763055764 -1.846456651225209 -0.3278733226077406 -0.15293662915938833 -0.0914345070719603 -0.06240138973090813 -0.04648965951521071 -0.03689356698800377 -0.030692081324079242 -0.02645710031286944 -0.023420875226133772 -0.021139252411266966 -0.019339898171025292 -0.017848059184202254 -0.016547887016776924 -0.015361294443909462 -0.01423596679556298 -0.013138363253827914 -0.012049501654106008 -0.010962282583761569 -0.009879607599624283 -0.008812823611093056 -0.007780196317149078 -0.006805236960818912 -0.005914805813863837 -0.005137003336474512 -0.004498936474780553 -0.0040245079331852 -0.0037324131943523467
-0.005043093477594392 -0.005138031123155066 -0.005416818903649329 -0.005867244690551633 -0.006470256991009344 -0.007201724644340066 -0.00803461362747485 -0.008941359734544633 -0.00989622931264093 -0.010877508460942025 -0.011869435546178085 -0.012863883158526808 -0.013861897751518104 -0.014875320015390749 -0.015928851435281076 -0.017063139014048823 -0.018339796581871085 -0.01984992280304783 -0.021728944555329886 -0.024183261825118915 -0.027540025413416352 -0.03234525938644139 -0.03957140726063973 -0.05109878801355027 -0.07098013741527329 -0.10941136674244206 -0.19951800618703847 -0.5402206179126963 -3.0378614382427482 -2.3998824644208914 -2.263422605418489 -2.1572362235125966 -2.1138075398740837 -2.0916241152026194 -2.075592143411055 -2.0600517633483957 -2.042568687988342 -2.021976397294329 -1.9976807834405805 -1.9693796728117814 -1.9369362611715852 -1.9003163113920853 -1.8595546436325676 -1.814736561035561 -1.7659877351499271 -1.713469339056534 -1.6573766022368492 -1.5979395473452969 -1.5354249155261996 -1.470138404559896 -1.4024264332478156 -1.3326767520759666 -1.2613173607977608 -1.188813367404941 -1.1156616193436115 -1.0423831411552342 -0.9695136060405186 -0.8975922365430087 -0.8271496591097994 -0.7586953203859196 -0.6927051060553561 -0.6296097868482258 -0.5697848562116342 -0.5135422286975546 -0.4611241482362998 -0.41269952276464866 -0.36836276721066025 -0.3281351097567087 -0.29196820323107403 -0.25974978838611945 -0.23131108052175367 -0.20643549585027787 -0.18486829903895907 -0.16632673831517303 -0.15051023923719503 -0.13711025239405014 -0.12581939291827737 -0.11633956867592171 -0.10838886583812345 -0.101707040414178 -0.09605954653772741 -0.09124011105924083 -0.08707193436589737 -0.08340765603780648 -0.08012826987010896 -0.07714120726751142 -0.07437783492602573 -0.07179063911557691 -0.06935040721701309 -0.0670437913325713 -0.06487179949572064 -0.06285012465564045 -0.06101308314427143 -0.059425079198005194 -0.058209216629500626 -0.0576190284856627 -0.0582293879236583 -0.06147510260010975 -0.07103453668068287 -0.09287176213287796 -0.11151674766499498 -0.092589351273775 -0.07058891942557641 -0.06088940710909095 -0.05749480853272098 -0.05672696319048422 -0.057156825215960334 -0.0582169041914739 -0.05966196368434769 -0.06137773726753518 -0.06330884259209292 -0.06542980044438837 -0.06773319262598887 -0.07022534797310014 -0.07292565209953994 -0.07586772195649262 -0.07910154765197898 -0.08269606756806921 -0.08674180165721494 -0.09135323962179241 -0.09667071678170855 -0.10286153532708135 -0.11012011513943795 -0.11866699332649477 -0.12874653820580337 -0.14062330201469792 -0.1545770051685075 -0.1708962197629173 -0.18987089644292973 -0.2117839515130553 -0.2369021952097052 -0.2654669331555638 -0.29768460818021214 -0.3337178674193964 -0.3736774397785131 -0.41761519227628896 -0.46551870153628067 -0.5173076294486352 -0.5728321297962439 -0.6318734350639496 -0.6941466798302319 -0.7593059107797258 -0.8269511177621138 -0.8966370027220496 -0.9678830935724801 -1.0401847194060858 -1.1130243028419855 -1.1858824038736506 -1.2582479730856653 -1.3296273420391767 -1.3995515917911516 -1.4675820891353109 -1.5333141524771041 -1.5963789907494552 -1.6564442339396461 -1.713213528708848 -1.7664257983376421 -1.8158548636042102 -1.8613102076450412 -1.9026397895739529 -1.939736068187501 -1.972546997406227 -2.001095156233525 -2.0255114499053737 -2.0460976928270957 -2.063452439118269 -2.0787498883308344 -2.0944316930066864 -2.1161546161127536 -2.1589588518530136 -2.2640379785325266 -2.397788581007708 -3.036632194179601 -0.5385274108418293 -0.19923318521692862 -0.10931634822010193 -0.07093631124112117 -0.05107245275204782 -0.03955202139273566 -0.03232913586051641 -0.02752580775274573 -0.02417041771916032 -0.02171720963917292 -0.019839091047758738 -0.018329652123154475 -0.017053449847735234 -0.0159193895778411 -0.01486588997895929 -0.01385236301961465 -0.012854184814193696 -0.011859600370527038 -0.01086764627801892 -0.009886521160365445 -0.008932039527678964 -0.008025946342974688 -0.007193983820772053 -0.006463703707668324 -0.005862109426560993 -0.005413286981948393 -0.00513623194462889
-0.006552823483132927 -0.006641674385949602 -0.006902718585731301 -0.0073236729976350785 -0.007885465090556137 -0.00856413789345938 -0.00933318706980966 -0.01016607917339526 -0.011038721397845525 -0.01193171469541258 -0.012832312548575923 -0.013736115165891157 -0.014648646861897112 -0.01558709688902302 -0.016582672173466664 -0.01768426375804189 -0.018964569377050003 -0.020530654384868226 -0.02254263482416615 -0.025247808561900946 -0.02904585458245271 -0.0346210960623509 -0.04323287578685162 -0.05742329586562583 -0.08300909156622573 -0.13604765652185835 -0.2794045966801639 -1.3008980183249645 -2.310993390826058 -2.333407195517399 -2.1672095921460013 -2.096163538467555 -2.065975886522388 -2.0484055356880115 -2.0336291576290333 -2.0177503149175915 -1.999007685189648 -1.976536661436129 -1.9499060366515981 -1.918921559210929 -1.8835328463367418 -1.843784700433061 -1.7997894713092013 -1.751710464823316 -1.699751794801401 -1.6441523583766386 -1.5851825941196371 -1.523143093609311 -1.4583643049679047 -1.3912066442541304 -1.3220603917859122 -1.2513448297674132 -1.1795061868558774 -1.1070140929999133 -1.0343564047063374 -0.9620324237265485 -0.8905446869586351 -0.8203896393266648 -0.7520476043908697 -0.6859725328289453 -0.6225820340156164 -0.5622481818436839 -0.5052895372523118 -0.4519647539267963 -0.40246803913222523 -0.3569266378678367 -0.3154004038137958 -0.2778834214915897 -0.24430755507880714 -0.214547722840247 -0.1884286331668368 -0.16573266917719395 -0.14620857418365246 -0.12958057088633715 -0.1155575440272862 -0.10384193034408075 -0.09413799118580714 -0.08615919094891933 -0.07963446577182093 -0.07431323728581858 -0.06996910012141788 -0.06640218345023927 -0.06344025095015052 -0.06093865662127798 -0.05877931432001584 -0.0568688672120866 -0.055136261691561925 -0.05352994196999146 -0.05201489095512973 -0.05056975677352762 -0.04918433385788877 -0.04785773624214288 -0.04659776049737542 -0.045422311110402895 -0.04436467353715952 -0.043486761648005225 -0.04291082066801609 -0.04289696806582837 -0.04401355918727285 -0.04704936615284586 -0.049693823471587135 -0.04696137956987479 -0.04381830923351406 -0.04260064948295599 -0.0425137096511303 -0.04298486470743215 -0.04375493124546272 -0.04470542492777905 -0.045779687110011034 -0.046950503231275593 -0.0482064226381707 -0.04954613977551669 -0.05097675583047098 -0.05251412028470607 -0.054184378993646434 -0.05602623651173007 -0.058093602200747864 -0.060458358567986134 -0.06321301892394399 -0.06647305364266254 -0.07037867214151734 -0.07509585835424931 -0.08081647581516921 -0.08775728774003962 -0.09615777918362647 -0.10627672201884222 -0.11838748669666076 -0.1327721734715202 -0.14971470497167252 -0.16949308634733684 -0.19237109387805507 -0.2185896940639266 -0.24835852054811203 -0.281847745057594 -0.3191806717156932 -0.3604273633381379 -0.4055995756473 -0.45464723218741404 -0.5074566196497317 -0.5638504201096021 -0.6235896230633671 -0.6863772768423425 -0.7518639486346991 -0.8196546701107459 -0.8893170589601473 -0.9603902343740167 -1.0323940955968105 -1.1048385147441755 -1.177232013157368 -1.2490895462049394 -1.3199391123382986 -1.389327022180978 -1.4568218029123916 -1.5220168601582693 -1.5845321609895107 -1.6440153255087866 -1.7001426127923387 -1.7526203591996228 -1.8011874858251626 -1.8456197716593312 -1.8857367637173323 -1.9214126167500183 -1.9525931457423034 -1.9793236670797683 -2.0017976016298467 -2.020449147514673 -2.0361488336982676 -2.050664980530855 -2.067897432604846 -2.097653426493259 -2.1680624411780225 -2.3328075786227362 -2.3088510944850293 -1.2951244567401192 -0.2790322811531091 -0.13594724613226808 -0.08296762160395557 -0.057399617273605305 -0.043215497301011846 -0.03460633088115391 -0.029032478492050182 -0.025235421067375773 -0.022531088406967704 -0.0205198486460161 -0.018954386601803097 -0.01767456376493691 -0.016573311357410987 -0.015577953913791454 -0.014639645189350467 -0.013727237037543952 -0.01282360229662918 -0.011923271896560492 -0.01103068635663357 -0.010158614361091556 -0.009326458358087993 -0.008558298789086791 -0.00788064594573907 -0.0073199756983967695 -0.006900215877932662 -0.006640412083966933
-0.008157529886146367 -0.008239726790265337 -0.008481106636862017 -0.008869468966738047 -0.009385982356653895 -0.010007228628941567 -0.010707688220661881 -0.011462386107346682 -0.012249448921584492 -0.013052401208055097 -0.01386213711043632 -0.014678628969645032 -0.015512569724725435 -0.016387299284416245 -0.0173415662281832 -0.01843399278738479 -0.019750682044604624 -0.021418524788912707 -0.02362908532797708 -0.02668304662950679 -0.031077176959625804 -0.03768636271707596 -0.04818000351561859 -0.06609482088036675 -0.10010704861944403 -0.17714589300671266 -0.43908453619611865 -3.782166146667407 -2.3599915303546024 -2.219557457779352 -2.0948907894351985 -2.047326680482551 -2.024992131637909 -2.0097205280357064 -1.9949229634898642 -1.9778240929643793 -1.957117500442062 -1.9321585694374697 -1.9026462288381627 -1.8684812349229794 -1.829695545493973 -1.7864131604032791 -1.7388262126987082 -1.6871792120979356 -1.6317581396984315 -1.5728827366169427 -1.510901043121073 -1.446185542769133 -1.3791303815845593 -1.3101491784855823 -1.2396729765228276 -1.168147931785827 -1.0960324079098123 -1.0237932383941128 -0.9519010297481828 -0.8808244959903958 -0.8110239285707448 -0.7429440054785131 -0.6770062212390184 -0.6136012704582074 -0.5530817393232798 -0.495755452776711 -0.44187979332855293 -0.3916572560202753 -0.345232439327039 -0.30269060020788624 -0.2640578286781474 -0.2293028272107658 -0.19834021542094996 -0.1710352219727005 -0.14720957398765586 -0.1266483500360973 -0.10910752723006895 -0.09432192791004021 -0.0820132592175724 -0.07189794162116687 -0.06369444149536146 -0.057129857957619795 -0.05194556331201326 -0.04790175576476272 -0.04478084732969189 -0.042389673262271714 -0.0405605667282799 -0.039151389946976985 -0.038044648880377514 -0.03714584248664323 -0.03638121027361043 -0.035695043574974626 -0.0350467146150332 -0.0344075458925661 -0.03375757171607318 -0.033082084791608665 -0.03236748160183236 -0.03159494493641271 -0.030727792058523124 -0.02968022830960619 -0.028229852727007083 -0.025759908443204714 -0.020605314849914288 -0.010211122634613799 -0.0019046427446380038 -0.010234747743862262 -0.020573370567741084 -0.025667552812471885 -0.02808156721141548 -0.029475461345495096 -0.030464396309966488 -0.03127189419745485 -0.03198631534783998 -0.032647682792225886 -0.0332785524515233 -0.03389640476997925 -0.034519748259791795 -0.035172081990107164 -0.03588517187591379 -0.036702127204547026 -0.03768038734706583 -0.03889457044634716 -0.040439064958686904 -0.04243021262946332 -0.04500791923376079 -0.04833653052861617 -0.052604823694252234 -0.05802498932982163 -0.06483051609700398 -0.07327293849904161 -0.083617465468016 -0.09613756922237442 -0.11110867504808933 -0.1288011478789166 -0.14947281610052554 -0.17336130350763285 -0.20067645515622695 -0.23159314212555246 -0.26624471561928775 -0.3047173550189387 -0.3470455202552864 -0.39320867841135926 -0.44312942900695185 -0.4966731021306431 -0.553648848192608 -0.6138121776751968 -0.6768688452296713 -0.7424799079945257 -0.8102677280948106 -0.8798226401540105 -0.9507099727813715 -1.0224771039671752 -1.094660247799963 -1.166790714961545 -1.2384004601088057 -1.3090268205816527 -1.3782164553267753 -1.4455286010745314 -1.5105378645355583 -1.572836855532074 -1.6320390305355574 -1.687782159090063 -1.7397328572619948 -1.7875926795407957 -1.831106379774833 -1.8700732553089314 -1.9043632089888534 -1.9339408135366902 -1.9589044626450274 -1.9795568034490252 -1.9965460198586578 -2.01118322995788 -2.026247693640807 -2.048325800931901 -2.0955521635248107 -2.2196124193985276 -2.3586762690592127 -3.7787158234832128 -0.438610612545433 -0.17705784649013107 -0.10007682175967278 -0.06607934425333085 -0.048168869374859626 -0.03767654027149022 -0.03106776405905558 -0.026673812009301127 -0.023619995768371264 -0.02140958350568779 -0.019741880273673126 -0.01842530627640951 -0.017332968981291486 -0.016378781269860636 -0.015504151306569089 -0.014670368225486346 -0.01385412874093201 -0.01304476785525878 -0.0122423273238739 -0.011455911436611356 -0.010701980047480818 -0.010002381271802724 -0.009382061094883713 -0.008866512064068598 -0.008479131711879041 -0.008238739113170824
-0.009848374719604187 -0.009923459243309332 -0.010143486751811459 -0.010496500146742603 -0.01096418625008202 -0.011524051554509392 -0.012152041544974693 -0.01282529382396931 -0.013524759201796556 -0.014237520574977352 -0.01495876776990576 -0.015693530951602454 -0.016458429984956783 -0.017283875509297015 -0.018217401998059445 -0.01932921617953876 -0.020721796971018933 -0.022546896319245297 -0.02503650808214255 -0.028561634987724155 -0.03375031242778224 -0.04174323080053527 -0.05480553723074119 -0.07800484428255666 -0.12484068328751122 -0.24432677666393238 -0.8964661551244192 -2.3208635146457586 -2.320038502719203 -2.124250324901843 -2.040236882804839 -2.006893168302281 -1.9888517889516277 -1.9742240558359543 -1.958413565378869 -1.939375137984977 -1.9161190164580018 -1.8881665385773918 -1.855324471079242 -1.8175796017515815 -1.7750433620088968 -1.7279190510348377 -1.6764801157378078 -1.6210543577860086 -1.5620116973225373 -1.4997543490390761 -1.4347088084967106 -1.3673192718243177 -1.298042191548313 -1.2273416908261137 -1.1556855621189186 -1.0835415868258333 -1.0113739393119756 -0.9396394838470692 -0.8687838330518112 -0.7992371055781721 -0.7314093918502798 -0.6656860028241549 -0.602422632010488 -0.5419406012374766 -0.4845223836232656 -0.4304076028410549 -0.3797896976724007 -0.3328134180723473 -0.2895732871629964 -0.2501131262588302 -0.2144267000069671 -0.18245949770275044 -0.15411162554050917 -0.12924174312962824 -0.10767193628552402 -0.08919337780879716 -0.07357259063067163 -0.06055809622608636 -0.049887209014251595 -0.04129272786422217 -0.034509281160626355 -0.029279102936457167 -0.02535705313650807 -0.022514741919567226 -0.02054367125997382 -0.01925736147677405 -0.01849248056813534 -0.0181090365416421 -0.017989725223084316 -0.018038547576904207 -0.018178820844136304 -0.018350704523204364 -0.0185083384433808 -0.018616628745202993 -0.018647577833744166 -0.01857573674344 -0.01837160423156751 -0.01798989047667987 -0.017344394099148352 -0.016246237031321664 -0.0142366111000832 -0.010114812222129892 -0.0008157497500898464 0.017954695672589047 0.03266112829394513 0.017901792478648627 -0.0008511306801955932 -0.010125195122571205 -0.01422752956654876 -0.016220111134462437 -0.01730158189651026 -0.01793024710806407 -0.01829532675559055 -0.018483803047858138 -0.018541976817548267 -0.018500467073933054 -0.01838585978240276 -0.018227237692246257 -0.01806066618647955 -0.017932808699472787 -0.017904093170659306 -0.018051534143002815 -0.018471175514080576 -0.019280057322001633 -0.020617585837054187 -0.02264618266379077 -0.025551098776557472 -0.02953930122362199 -0.03483737302181693 -0.04168840957439807 -0.05034794540892134 -0.06107899912136038 -0.07414637694525059 -0.08981042094891113 -0.10832042190809761 -0.12990793638401027 -0.1547802514108923 -0.18311422937568575 -0.21505074265664353 -0.2506898758149104 -0.290087036185122 -0.3332500745773033 -0.38013747840528384 -0.4306576606737259 -0.48466932987459194 -0.5419828878043877 -0.6023627650116834 -0.6655305684710392 -0.7311688857676663 -0.7989255680279719 -0.8684183037074168 -0.9392393002234939 -1.010959912089995 -1.083135092612496 -1.1553075992670216 -1.227011946486701 -1.2977781679611609 -1.367135516901406 -1.4346162901220285 -1.499760004478401 -1.5621181791762815 -1.6212599866648423 -1.6767790380418903 -1.7283015886660527 -1.775496530270669 -1.8180877626700327 -1.8558700822032719 -1.888730951839369 -1.916683276970025 -1.9399207261271687 -1.9589230103058495 -1.974681304465901 -1.9892420742920924 -2.007201619145117 -2.0404429833100775 -2.124304365236698 -2.319772265951781 -2.320393116391377 -0.8960940712018862 -0.24431185417122184 -0.12484289276500021 -0.07800823387565414 -0.05480758755394663 -0.041743589269898185 -0.03374908564463067 -0.02855901710583602 -0.025032690586917362 -0.022542050064659938 -0.020716074812365457 -0.019322761269898372 -0.018210356583266325 -0.01727638793830758 -0.01645065872392517 -0.015685645055726512 -0.01495094388874412 -0.01422993716487961 -0.01351758910155244 -0.01281869660914112 -0.012146157044438966 -0.011518995587621924 -0.010960049097386949 -0.010493347627978338 -0.01014136320404733 -0.009922391305171472
-0.01161368356458148 -0.011681336251194066 -0.011878653382292905 -0.012194084524114737 -0.012610119570409866 -0.013105587727794023 -0.013658395307742103 -0.014248364497502735 -0.014859894925853892 -0.015484286752780099 -0.016121714556409195 -0.01678300671414565 -0.01749156179910066 -0.018285943218748824 -0.019223995839096154 -0.02038985084688955 -0.021906192713402953 -0.023956237585425956 -0.026824393410832446 -0.03097506812546162 -0.037215470008453454 -0.04706155546039513 -0.06365865920340905 -0.09449221169090875 -0.16159883248624574 -0.36588819541298867 -3.6780661656158307 -2.331637900658285 -2.2090393180699466 -2.054395769213474 -1.9972234390366521 -1.9720704253263959 -1.95594142012912 -1.9407465845530418 -1.9231473660608678 -1.9015888939673085 -1.8753094273578397 -1.843960285414972 -1.80744073718646 -1.7658171737708739 -1.7192781949406186 -1.6681060451996137 -1.6126559716282027 -1.5533397444498687 -1.49061165794742 -1.4249562823192807 -1.356877669131385 -1.286889891653524 -1.215508854799788 -1.1432453038507526 -1.0705989329446688 -0.9980534638943229 -0.926072544235208 -0.8550963054962041 -0.7855384293999332 -0.7177835892486419 -0.6521851627396443 -0.589063146764738 -0.5287022403058921 -0.47135009480226014 -0.41721575976941505 -0.3664683734973732 -0.3192361638991242 -0.2756058333361676 -0.2356224041870693 -0.1992895996408441 -0.16657082687577432 -0.13739081708587203 -0.1116379581045302 -0.08916733009272645 -0.06980442303962603 -0.05334947790200197 -0.03958235367119404 -0.028267784271300563 -0.01916085640335119 -0.012012516612816758 -0.006574906411553044 -0.0026063300243588483 0.0001243200357661276 0.0018338212720823439 0.0027216637319062483 0.002967932532446696 0.002732043262517782 0.0021523056236611043 0.0013462607034724309 0.0004117159476727668 -0.0005716093014799379 -0.0015399117508109097 -0.0024426618879576354 -0.0032394718391792017 -0.003896276010100258 -0.004380219465766804 -0.00465168254475835 -0.004649446142806737 -0.00425850783834623 -0.0032315149045122507 -0.000979811983354371 0.003999314671713528 0.015401472877540068 0.03792499363836795 0.05507011037290002 0.0379154375829025 0.015392109448572425 0.003991016744724137 -0.0009923957788012653 -0.003254028708273566 -0.0042956817492982744 -0.004704820736516004 -0.00472744465313259 -0.004477064962785249 -0.004013307855732063 -0.003374146207496578 -0.0025907904911990024 -0.0016957241261378545 -0.0007278756927367216 0.0002635026019428813 0.0012156465775060657 0.0020495855259783503 0.0026679226810881417 0.002953147975803242 0.0027665683100147275 0.0019479439764608546 0.0003159092085119333 -0.002330765838879804 -0.006211043650433555 -0.011558627542681952 -0.018618161694449045 -0.02764072085881708 -0.03887873087163975 -0.05258049667593435 -0.06898453797790115 -0.08831394102899179 -0.11077092779026665 -0.13653182245348072 -0.1657425632362142 -0.19851486877204316 -0.23492312765723525 -0.2750020405890573 -0.3187450097603733 -0.36610324126353416 -0.41698550365695547 -0.47125846938684035 -0.5287475551149448 -0.5892381721163523 -0.6524772991234532 -0.7181752979620445 -0.7860079077114768 -0.8556183761494809 -0.926619717359901 -0.9985971199621239 -1.0711105687576599 -1.1436977800226493 -1.2158775829707802 -1.287153902804633 -1.35702051068849 -1.424966700929311 -1.4904840363437706 -1.5530742740137604 -1.612258556281408 -1.6675879462676992 -1.7186554397589544 -1.7651097623298455 -1.806671690467857 -1.843154585945697 -1.874492906963338 -1.900787126488527 -1.9223846264118274 -1.940044948264485 -1.9553201309726027 -1.9715458949694442 -1.996811456794614 -2.0541254443566004 -2.209051352776119 -2.332328132887128 -3.6837629658462783 -0.36615165275875744 -0.16168153912864844 -0.09453424285737387 -0.0636849906972319 -0.047079602614618875 -0.03722804893089945 -0.03098347133122791 -0.02682934622143081 -0.023958245573560442 -0.021905677334607885 -0.020387200839217214 -0.019219582587600037 -0.018280121210364694 -0.01748466464377361 -0.016775344153601886 -0.01611357285732035 -0.015475932726187174 -0.014851582251044305 -0.014240340087241078 -0.01365090322087222 -0.01309886862026728 -0.012604404747175123 -0.012189585039503986 -0.011875545981490862 -0.011679748893946068
-0.013438863282174812 -0.013498925972292446 -0.0136725943000729 -0.013948886183420179 -0.014311379871570336 -0.014740628311756867 -0.015217000283260925 -0.015723583916654106 -0.016248867052401115 -0.01678905028514119 -0.01735002372593845 -0.01794922713480379 -0.01861781573675599 -0.019403804046508474 -0.020377241326227518 -0.021639160507167566 -0.023337408517422734 -0.025695345756170215 -0.02906583090048934 -0.0340382775251119 -0.04166664391082909 -0.05400297731466245 -0.07551547139340706 -0.11761748702517165 -0.2184364727575754 -0.640408683881114 -2.541426456849702 -2.33784630344916 -2.1103553846503136 -2.002628304658689 -1.9615926764585658 -1.9407933695400261 -1.9249362380330917 -1.9082694335607457 -1.888274452976841 -1.8637370123878416 -1.834065665527823 -1.799017396147186 -1.7585731344081443 -1.7128739006032134 -1.6621831300289338 -1.6068608040007932 -1.5473430901043659 -1.4841247119534282 -1.4177428936277285 -1.3487624980652404 -1.2777623403730012 -1.2053228051593436 -1.1320149294350685 -1.0583910821250198 -0.9849773089913227 -0.912267337732788 -0.8407181654488398 -0.7707470882125291 -0.7027299853795494 -0.6370006418714761 -0.5738508802043931 -0.5135312790364117 -0.45625227393218637 -0.4021854657451352 -0.35146499920980223 -0.3041889158375097 -0.26042042813203237 -0.2201891038758405 -0.1834919874037837 -0.15029471710823558 -0.12053272273477968 -0.09411260034097861 -0.07091376542374844 -0.050790474749442135 -0.03357428491351526 -0.0190769820929672 -0.007093975833891995 0.002591895597611644 0.010206244522637797 0.015978830857627316 0.02013923517475243 0.022912676990984135 0.024516143002016683 0.025154971745997526 0.02502001264090405 0.024285443044900323 0.023107291449344678 0.021622681602431026 0.01994978335043981 0.018188432586642087 0.016421367088165262 0.014716022676375364 0.01312685745602364 0.01169824723399421 0.010468180282566247 0.009473410143390364 0.008757745368694989 0.00838769694062462 0.008486440759646054 0.009315977174775968 0.011491915266075892 0.016554147386090293 0.028142831651074285 0.050326237189482946 0.06660531035049812 0.05041586745643073 0.02823975355524017 0.016644434195004942 0.011569883580120517 0.009371888900666913 0.008509292469625031 0.008367594213201799 0.008687304680258072 0.009348632104053518 0.01028900910595815 0.011468895965832593 0.012855927830727984 0.014416432831077389 0.01611009717272351 0.017886098770225796 0.019680051770942623 0.021411534769268516 0.02298216074261273 0.024274222663103917 0.025149972914743864 0.02545159336341696 0.025001898701996306 0.02360579413242533 0.021052481537465435 0.017118376654907338 0.01157066443768475 0.004171383326294582 -0.005318104233382024 -0.017132423029753967 -0.031497458871889816 -0.04862577317447537 -0.0687123183549724 -0.09193058216930833 -0.11842924753479556 -0.14832940816711582 -0.18172233473665458 -0.21866774592037558 -0.25919250730493865 -0.30328966090247506 -0.35091768010282415 -0.4019998491606214 -0.4564236819477396 -0.5140403202937501 -0.5746638860110073 -0.6380708005613182 -0.7039991298371228 -0.7721480558797595 -0.8421776193076602 -0.913708912223664 -0.9863249277106507 -1.0595722851870029 -1.1329640479546803 -1.2059838283909674 -1.2780913371969302 -1.34872947789313 -1.4173330211118917 -1.4833388234775209 -1.546197495970483 -1.6053863964632968 -1.6604238518538093 -1.710884659886063 -1.7564172775901767 -1.7967638717494145 -1.8317860262095267 -1.861502414370582 -1.8861528256024649 -1.9063230258367714 -1.9232198639732316 -1.9393541058425237 -1.960473629891178 -2.001889053937865 -2.1101906614564006 -2.3391662193754943 -2.542427537465262 -0.641847648277264 -0.21870901692533834 -0.11773415821034114 -0.07558353282926453 -0.054049315348268054 -0.04170040061471933 -0.03406323501987097 -0.029083874004071416 -0.025707632257582016 -0.023344805346691474 -0.02164240699345737 -0.02037700225897314 -0.01940067962714246 -0.018612339919530565 -0.017941869836479756 -0.017341203195227053 -0.016779155525583313 -0.016238285603320524 -0.015712727597574055 -0.015206320987003374 -0.014730617639709637 -0.014302549946557025 -0.013941733501207023 -0.013667552847257071 -0.013496318894472
-0.015306431261263458 -0.0153589185387181 -0.015508496627403199 -0.0157449087276573 -0.0160531009028572 -0.016415745628994647 -0.016816173133543028 -0.017241321314125296 -0.017684417055085427 -0.01814727131790042 -0.018642273087766423 -0.01919438199484094 -0.019843653401203722 -0.020649132851445404 -0.021695446010898043 -0.023104328960559636 -0.0250552152374506 -0.027823030344193426 -0.03185057835438893 -0.03789567262933811 -0.04735487143318059 -0.06305476451241271 -0.09148641940407533 -0.15065094775400428 -0.31195539156052793 -1.7885718696794415 -2.3110494342010846 -2.2386691205817817 -2.0377353307947472 -1.9621723451014894 -1.9304277726417824 -1.9114810552654007 -1.8947288785748067 -1.8759047859343294 -1.8530439661826308 -1.8251773228919292 -1.791845416888222 -1.7528940501044181 -1.7083777249718255 -1.6585077220544504 -1.603619453620828 -1.5441482274292886 -1.4806086166540835 -1.4135753777661384 -1.3436651803067332 -1.2715190688577234 -1.197785893876073 -1.1231070750840195 -1.0481030750291394 -0.9733619046000379 -0.8994298848694762 -0.8268047711498888 -0.7559312215582461 -0.6871984762284363 -0.6209400140097385 -0.5574348774765591 -0.4969103079105791 -0.4395453105723404 -0.3854747758249074 -0.33479381054597285 -0.2875619825500946 -0.24380724339467655 -0.20352936646878367 -0.16670281205661425 -0.13327900368354204 -0.10318806554365434 -0.07634012495013617 -0.052626323244172366 -0.03191970121170069 -0.01407612968299652 0.0010645572591684409 0.013677098655609487 0.02394892780998552 0.03207784517245154 0.03826926479505037 0.04273310774680728 0.0456804582415909 0.04732012695282421 0.04785527888458931 0.04748028064958801 0.04637790675247157 0.04471702052441778 0.04265081682509692 0.04031568365480287 0.03783071023690887 0.035297841269643755 0.03280265351694952 0.030415717988966428 0.02819452170484719 0.02618598314953375 0.02442975850880385 0.022962924359059025 0.021827544554914625 0.021084910001662578 0.020846210861293662 0.021345840003466426 0.02312915233879651 0.027531531144660105 0.037552994621586996 0.055915641854024284 0.06872041173942978 0.056139081187467056 0.0378151051467543 0.02779813479403193 0.02339244196633395 0.021590707125727256 0.021053698231594187 0.021236557902391172 0.021908061847175905 0.02296186027939572 0.02434259190999158 0.02601479802585693 0.02794833498142201 0.030110490725538695 0.03246100730873752 0.034948499844086094 0.03750768548862694 0.04005722422659297 0.04249813661323505 0.04471282541829228 0.04656474134007685 0.04789872280656131 0.0485420192407436 0.04830598252942256 0.04698838541871912 0.04437629872528934 0.0402494318366979 0.034383814324457015 0.02655567366713281 0.016545349386512594 0.0041410816440409295 -0.010857474602520607 -0.02863612998091652 -0.04936351342463784 -0.07318892372074268 -0.10024065190265864 -0.1306246950878275 -0.1644237397316423 -0.20169626307090954 -0.24247558897665136 -0.28676874019339077 -0.3345549531405651 -0.3857837627845661 -0.44037262093600743 -0.49820407790307736 -0.5591226299849767 -0.6229314083097846 -0.6893889520585178 -0.7582063651221714 -0.8290451939991755 -0.9015163813581045 -0.9751806405718847 -1.0495505598887551 -1.1240946811922337 -1.1982437105745634 -1.2713989121111455 -1.3429426212024413 -1.412250701729339 -1.4787066776935258 -1.5417172153523162 -1.600728644307538 -1.6552443291578252 -1.704843013822028 -1.7491989097830976 -1.7881056140682203 -1.8215086827398155 -1.8495577476839324 -1.8727035607908888 -1.8919033464690909 -1.9091086588751252 -1.9285756793499527 -1.960915481514946 -2.0372497750314045 -2.2397841209019504 -2.3145725744821424 -1.7996711036812871 -0.3126822367403604 -0.15090740468520503 -0.091623192037947 -0.06314406901093586 -0.04741925402767501 -0.03794395602569443 -0.03188690191417109 -0.02784972911508653 -0.025073867816275207 -0.0231161602271442 -0.021701478173927667 -0.020650237833848162 -0.019840574428936268 -0.019187756217938556 -0.018632667931548837 -0.018135234809890297 -0.01767053378745059 -0.017226260761600044 -0.01680071616429325 -0.01640077830128661 -0.016039571323579166 -0.01573375128725837 -0.015500536167740808 -0.015354772756818187
-0.017196143680358485 -0.01724124237822647 -0.01736684880479549 -0.017563582040852795 -0.01781802508778395 -0.01811535426297101 -0.018442351223030503 -0.018790385333221107 -0.019158083957649234 -0.019553610279504606 -0.01999670200640309 -0.020520869156483077 -0.021176422221391378 -0.02203537617939664 -0.023199913485815453 -0.02481732883992782 -0.027106963170158375 -0.03041032931342709 -0.03528900618039881 -0.04272892657887034 -0.05460580199095473 -0.07487720299757282 -0.11318208130759959 -0.19899899843580504 -0.4847767997884086 -3.820821097731178 -2.372219413079489 -2.132734946162482 -1.9842391396116448 -1.9284220681338606 -1.9016677597709548 -1.8828828413797587 -1.8643835029303963 -1.8428818404569676 -1.8168006058936055 -1.7853537661539287 -1.7481879040526382 -1.7052254943517982 -1.6565880355244362 -1.6025526568369586 -1.5435229701896613 -1.4800057329494138 -1.4125895910903403 -1.3419243920230748 -1.2687006728627856 -1.1936295076452221 -1.117423183199639 -1.0407772843142744 -0.9643547652567646 -0.8887725035166576 -0.8145906993234012 -0.7423053227416223 -0.6723436377389392 -0.605062665780605 -0.5407503035759028 -0.4796286906808077 -0.4218593393571043 -0.3675494945326935 -0.3167591858245483 -0.26950846346838436 -0.22578437046862015 -0.18554728739087478 -0.1487363858856904 -0.11527403366956203 -0.08506909893611603 -0.05801919853515662 -0.034012015806270446 -0.012925876458668255 0.005370188014428517 0.02101664119406487 0.03416366215040126 0.04497116518208169 0.05360844167500255 0.06025330435601487 0.06509068021492377 0.06831066557558758 0.07010611761480713 0.07066990464896936 0.0701919687873044 0.06885636822665098 0.06683846446603385 0.0643024056615399 0.06139903501154744 0.058264325205853944 0.0550184080433295 0.0517652334965203 0.04859285761003466 0.04557433026011307 0.042769144373013525 0.04022523941969155 0.03798166508766235 0.03607229651984847 0.034531674044434024 0.03340571046978681 0.03277430377684495 0.0328043520893042 0.03388144835723183 0.03692374198624262 0.04382285276050316 0.055558922557886574 0.06298895300746638 0.05592795695891725 0.04428231004056982 0.03741766445094219 0.0343975048971513 0.033320663192743016 0.0332627379559757 0.033837761751638 0.03488224524653512 0.036322129474175444 0.03811897037686317 0.040246759789728054 0.04268074612556129 0.04539116903967328 0.04833915216657176 0.05147367777519977 0.054729248661786974 0.05802412621210586 0.0612591466999584 0.06431715206705016 0.06706306701900598 0.06934463153247461 0.07099376828284931 0.0718285346916667 0.07165558243129658 0.07027302405332972 0.06747358657578187 0.06304791543441839 0.056787880707151066 0.04848973406258485 0.03795697322070054 0.02500279378103461 0.009452046844943534 -0.008857327114782668 -0.030073356900839298 -0.054329497512764224 -0.08174433314802454 -0.1124213281602495 -0.1464483998244589 -0.18389708087499862 -0.22482105839025787 -0.2692539189827195 -0.3172059966314786 -0.3686603050170719 -0.42356763516099993 -0.4818410041961133 -0.5433497437114461 -0.6079136073109475 -0.6752973479565368 -0.7452062584595174 -0.8172831769945148 -0.8911074300047912 -0.966196116588329 -1.0420080340006912 -1.1179504094230226 -1.1933884482699102 -1.267657546964881 -1.3400778641241406 -1.4099708169624254 -1.4766769910057786 -1.539574947367356 -1.5981005199326497 -1.651766475831683 -1.700182983274539 -1.7430804390444947 -1.7803384205384247 -1.8120292278685697 -1.838495292835665 -1.8605069498787663 -1.879622957307281 -1.8991140963687414 -1.9266607212302755 -1.983418965773353 -2.1334411378255234 -2.376521655142522 -3.823938803180129 -0.4867134139173321 -0.19951436337231215 -0.11342859175396267 -0.07502923645292904 -0.05471248324116847 -0.04280845111520599 -0.035349516578846094 -0.03045613227232267 -0.02714072575253393 -0.024840932992077663 -0.02321480401712964 -0.02204270930803118 -0.021177143544380835 -0.020515778802998617 -0.019986529950154548 -0.01953910397663389 -0.01914009695011061 -0.018769947934790032 -0.01842070313768256 -0.01809392398224006 -0.017798351083086045 -0.01754718373046059 -0.017355067754931362 -0.017235082821166477
-0.019085200187525946 -0.0191232589686349 -0.019225622491985832 -0.01938393027593135 -0.01958665899048704 -0.019821858299136248 -0.020080239083563035 -0.020358180322169805 -0.020660384033892646 -0.02100214733703417 -0.021411489858292047 -0.02193165512606786 -0.02262482777103954 -0.023578378506354938 -0.024915790725314062 -0.026816108490028395 -0.02954933617404176 -0.033543305605221334 -0.03951702243854941 -0.048766807365264134 -0.0638426600884904 -0.09036958290046586 -0.14297284798106638 -0.27216297707650994 -0.9096176010739171 -2.360061487929382 -2.311567996465668 -2.0508217954055605 -1.9425143112263492 -1.89833411200533 -1.8737945177880475 -1.8539868935519161 -1.8331079557779721 -1.8085387890067541 -1.7789834189718556 -1.7437974705832024 -1.702715355843191 -1.6557269137167714 -1.6030146895553385 -1.5449167297032602 -1.4818998702602912 -1.4145368133711305 -1.3434840521721774 -1.2694595602330225 -1.1932201350834033 -1.1155388090933662 -1.0371830056511262 -0.9588942158050144 -0.8813699499977373 -0.8052486137064491 -0.7310977904412687 -0.6594062136940527 -0.5905794924742667 -0.5249394424883085 -0.4627266835700674 -0.4041060069226653 -0.349173902344107 -0.2979675709255962 -0.25047473366584977 -0.20664357822505636 -0.16639225854107584 -0.1296174665874405 -0.09620172161356277 -0.06601915840305546 -0.03893973125054352 -0.014831874705768073 0.00643623179002704 0.02499656512309595 0.04098203729885579 0.05452783101307982 0.06577296398403179 0.07486177162979651 0.08194503902978714 0.08718057532636315 0.09073310109360243 0.09277340322855993 0.09347679273169121 0.09302096933012985 0.09158344717191952 0.0893387256015605 0.08645539965734253 0.08309339977906499 0.07940153279919474 0.07551546891062691 0.07155628292712146 0.0676296137202649 0.06382545617996671 0.06021855192546287 0.056869308755540054 0.05382516891053852 0.051122383934250545 0.048788279881318765 0.04684440741147194 0.045311717207204366 0.044220730611736515 0.043634105395351855 0.043697824585755336 0.044734468343664444 0.047187173498226855 0.05020447956795495 0.051049593573819364 0.05070907921258633 0.0478473193045673 0.04547520875684951 0.04450003049669969 0.04446791562365275 0.045048274414221025 0.04609388705792456 0.04754544135575696 0.049378814219360474 0.05158157159675139 0.05414212273814886 0.05704397567741183 0.060262073457221156 0.06376005940423853 0.06748807465097703 0.0713809988102762 0.07535716558893987 0.07931762127011527 0.08314598783692548 0.08670896421770954 0.0898574605252718 0.09242831949550322 0.09424654248010578 0.09512790780741166 0.0948818482531544 0.0933144412311768 0.09023135912336705 0.08544062773424704 0.07875504951596181 0.06999416754630024 0.058985678918799876 0.04556625345398222 0.029581774093787642 0.010887084635322545 -0.010654598278124752 -0.03517238706488914 -0.06278826702278324 -0.09361718212745045 -0.127766362684562 -0.16533362536696708 -0.20640443807761336 -0.25104763282103054 -0.29930976414698346 -0.3512082410174008 -0.40672349627481635 -0.46579058895010744 -0.5282907485546602 -0.59404345585093 -0.6627997015415783 -0.7342370656056272 -0.8079572118220294 -0.8834862945828063 -0.9602786329995048 -1.0377238295049072 -1.1151573096829457 -1.1918740534535956 -1.267145094258461 -1.340236203779244 -1.4104280779188907 -1.477037320970747 -1.5394376215289893 -1.5970807754389975 -1.649517729537118 -1.6964207865441672 -1.7376099583935276 -1.7730902182110835 -1.8031147237772138 -1.8283092399833643 -1.8499468711412426 -1.870623211767421 -1.8961276042350905 -1.9414002072659289 -2.0511919731185166 -2.315232792179933 -2.3659969727750707 -0.9160074282128269 -0.2731632627922098 -0.14339061239672912 -0.09061006183539581 -0.06400533724965554 -0.04888620314753494 -0.0396078846714355 -0.033613030915295376 -0.029602184705672642 -0.026854835122040642 -0.024942335208213685 -0.023594186349766493 -0.022631029670224713 -0.02192920275382669 -0.021401286958759133 -0.020985182862312244 -0.020637854638355796 -0.020331579238405017 -0.02005138679793482 -0.01979285721572234 -0.01955976784947461 -0.019361371267265275 -0.019209350395180253 -0.019114732772347504
-0.0209484953264956 -0.02098000949961316 -0.02106051149229589 -0.02118280201053609 -0.021337496630245534 -0.02151587340175863 -0.021713038815095922 -0.02193095840117764 -0.022181101155852173 -0.022486730371165015 -0.022885183598362602 -0.02343080777722518 -0.024199603916407884 -0.025297235855119782 -0.026873179886482326 -0.029146096981995114 -0.032450516270209645 -0.03732644242254896 -0.04470204529299856 -0.056297307481761226 -0.07561571108508172 -0.11076110484092871 -0.18440428528376315 -0.3887513821705551 -3.1314592460352637 -2.3875398861976103 -2.2028256270584605 -1.989790765949681 -1.907507445344219 -1.8698366935712383 -1.84565166324942 -1.8239675089741272 -1.8002383438328027 -1.7723196359267215 -1.7391269373199003 -1.7001291840033945 -1.6551353003079323 -1.6041947445410711 -1.5475451627977177 -1.4855797410463683 -1.4188222061773956 -1.34790402537729 -1.273541462922559 -1.1965117487356767 -1.1176284850883422 -1.037716902322777 -0.9575898221420044 -0.8780252715350066 -0.7997466535654829 -0.7234062525837561 -0.6495726563797584 -0.5787224407105829 -0.5112362060908896 -0.44739880484409306 -0.3874033676847688 -0.33135854941050236 -0.2792982741072546 -0.23119317831924333 -0.18696292779994814 -0.14648861707831642 -0.10962454437224589 -0.07620877718607459 -0.04607207357455754 -0.019044886595928092 0.005037658802864538 0.026332778264139267 0.04498886412897627 0.06114587819869806 0.07493696059897427 0.08649086791491035 0.09593483454658591 0.10339745998432351 0.10901126268952659 0.11291460759738176 0.11525280364132634 0.11617826994588121 0.11584977148768084 0.11443081484742422 0.11208736375854104 0.10898507920046331 0.10528631082978782 0.10114706887046816 0.09671419139582306 0.09212289295486335 0.0874948371716703 0.08293681911089061 0.07854007604384834 0.07438017393042363 0.07051734867447121 0.06699711988098365 0.06385093463917456 0.06109651463585394 0.05873740456606715 0.05676077195910973 0.05513122749042738 0.053774304542060114 0.0525280350894338 0.05098031841542681 0.04792141794376483 0.04085422014992391 0.03454931545350401 0.041465754016281185 0.048758006651743756 0.05195462935222468 0.05361264943452821 0.054930661984399665 0.05631194018999953 0.05791659965539825 0.059822217445109134 0.06207075452017374 0.06468411378059122 0.06766959194836414 0.0710214471110773 0.07472077242313528 0.0787346229330088 0.08301490032413526 0.08749731699756978 0.09210066644856221 0.09672656150341646 0.10125974371728105 0.10556900932796728 0.10950873980429518 0.11292097155432351 0.11563789393934974 0.11748463078177172 0.11828213973739694 0.11785005599397959 0.1160093102080839 0.11258436365208975 0.10740492537680507 0.10030704741292844 0.09113353629669356 0.07973367398020524 0.06596230818593979 0.049678448237843766 0.0307435808337179 0.00901999207535486 -0.01563056276808964 -0.043347471248962176 -0.07427079133219809 -0.10853937029623403 -0.14628731044468174 -0.18763865154590256 -0.23270028213470853 -0.281553251899437 -0.33424282297586494 -0.39076775513940576 -0.4510694542374401 -0.515021711169784 -0.582421808875199 -0.6529837690496967 -0.7263344449632677 -0.8020130429632129 -0.8794744794555208 -0.9580967637759231 -1.0371923563470564 -1.1160232054702983 -1.1938189371949188 -1.2697974845546989 -1.343187319370159 -1.4132504171286977 -1.479305172454309 -1.540748730797907 -1.5970786844319897 -1.6479149481811373 -1.6930242188204208 -1.732352525695442 -1.7660779814165615 -1.7947112370707674 -1.8193107122454648 -1.8419927252557422 -1.867280642890539 -1.906167549490603 -1.9899326093088063 -2.205636411883563 -2.3950246780843814 -3.170112778091592 -0.3907036515886939 -0.1850848563474357 -0.11112217580418474 -0.07584937559882099 -0.05646505641538788 -0.04482886597875078 -0.03742428953566524 -0.032525877766832266 -0.029202864262814442 -0.026913874548027603 -0.025323599630755547 -0.024212933814979836 -0.023432194119156324 -0.022875713681697954 -0.02246767292633677 -0.022154060356094636 -0.02189797307843064 -0.02167660068592687 -0.021478846508801715 -0.02130293665138736 -0.02115369456358885 -0.0210394677544023 -0.02096897005118881
-0.022758885674531843 -0.022784484870434604 -0.022845201952039037 -0.02293513983997046 -0.023047290991656026 -0.02317650706321573 -0.023322750465829326 -0.023494155531286715 -0.023709677443373517 -0.024001441611895383 -0.024417264088471235 -0.0250241895481988 -0.025914367222327577 -0.027215361215297038 -0.02910849737056712 -0.03186200928904618 -0.0358927415482062 -0.04188662507374231 -0.05105003353044045 -0.06568220119206188 -0.09063908530164613 -0.13773376215579014 -0.2428875487582387 -0.5942454028451474 -3.1466610105983226 -2.4045757124220826 -2.1060418185865832 -1.942201703605872 -1.875938261023334 -1.8414659318675162 -1.816342884303222 -1.7921560192077892 -1.7652319220323753 -1.7337745920875691 -1.6968641244861804 -1.6540626831568979 -1.6052433386127383 -1.550508116858429 -1.4901434029012612 -1.4245907132799465 -1.3544229356450774 -1.28032151840481 -1.2030527298484406 -1.1234425123871417 -1.0423502541773189 -0.9606422543763447 -0.8791658910565938 -0.7987255730719938 -0.7200615051617724 -0.6438321468452513 -0.5706010255821228 -0.5008282985647253 -0.43486717054705337 -0.3729649913266327 -0.3152685974237785 -0.26183324601366714 -0.21263432853101405 -0.16758095472568946 -0.12653046813473265 -0.08930298858601379 -0.0556951692887435 -0.025492494015338166 0.0015203906045758524 0.025551627690501358 0.04679652325548681 0.06543430556765813 0.08162709055710492 0.09552075600141464 0.1072473392088521 0.11692851258586254 0.124679658899208 0.13061406630272704 0.13484679682289813 0.13749785265250036 0.13869436712714975 0.13857166896104056 0.13727319232301893 0.13494931586958583 0.1317553004367585 0.12784855377992058 0.12338548258616443 0.11851820010536718 0.1133913447695415 0.10813923205902953 0.10288350869622602 0.09773140616506791 0.092774603391154 0.08808861176221501 0.08373249205373533 0.07974859215464875 0.0761618171555254 0.07297760495544527 0.07017702096273305 0.06770552576096034 0.06544709905851061 0.06316176481653385 0.060324449973730064 0.055692528591559924 0.04633728277220284 0.02853171596515812 0.015087070871700603 0.029207730904205902 0.047302605170008255 0.05685664080962274 0.06165138005733941 0.0646042780559084 0.06694935739342837 0.06920964624969592 0.07162795675457446 0.07432674905593005 0.07736972906060545 0.08078700664926915 0.08458566898801066 0.08875406829308351 0.09326328305378037 0.09806735225674819 0.10310310827460904 0.1082900783931023 0.11353073630226332 0.11871126396654473 0.12370289163714959 0.12836380518400506 0.1325415423231445 0.13607574422680885 0.138801089189033 0.14055021256705272 0.1411564125566211 0.14045595305214242 0.1382898001217031 0.13450466447414297 0.12895326665057608 0.1214937941433488 0.11198858117892058 0.10030211332647593 0.0862985390921338 0.06983895417083619 0.05077880198547154 0.02896579480832862 0.004238791141677403 -0.023571942553257865 -0.054642709738157505 -0.08915232220724865 -0.12727585726672908 -0.16917626071415562 -0.21499401049829114 -0.26483524796410485 -0.31875896349934035 -0.3767639747833002 -0.4387765435338572 -0.5046395281853558 -0.5741039568433469 -0.6468238237089491 -0.7223547651577944 -0.8001570668025135 -0.8796032036714747 -0.9599898403953907 -1.0405539390157084 -1.1204923631351813 -1.198984154065991 -1.2752145127892445 -1.3483994761471172 -1.4178103538409514 -1.4827972299849135 -1.542811288954582 -1.5974265206903324 -1.6463627623326131 -1.6895146633728726 -1.72699654499981 -1.75922522925692 -1.787092884160121 -1.8123640962059926 -1.8386835544421356 -1.874456079269094 -1.942205569267696 -2.108254773355652 -2.4115387655368217 -3.153943662169688 -0.5983077593626703 -0.24396770544189067 -0.13825374258792603 -0.09095858882386518 -0.06590529687885738 -0.05121670264184491 -0.042015162345501816 -0.03599259892433728 -0.031938516080955784 -0.02916486156172295 -0.027253638632789887 -0.025936010021189587 -0.025030417412752005 -0.02440935465300856 -0.023980968594176578 -0.02367869037393257 -0.02345527900927988 -0.02327917889599182 -0.023131880541018474 -0.023005456357087326 -0.02289982315213365 -0.022819638795583453 -0.02277106732078735
-0.024487448040699397 -0.024507895426592298 -0.024551651571022726 -0.024614268732735218 -0.02469135486515573 -0.024781680079382886 -0.02489052726238991 -0.025032797883305598 -0.025235691256624438 -0.025541169829272133 -0.026008837006902878 -0.026720295105394736 -0.027786637397855536 -0.02936174139737716 -0.031666057960995087 -0.03502992757378432 -0.039975229324835486 -0.047377669248671615 -0.05881350152831965 -0.07737388670092482 -0.10983491860026037 -0.1735830487457459 -0.3269487571407991 -1.0641211609734094 -2.413787077744388 -2.3244115624574255 -2.030577467276004 -1.9024118088954647 -1.8456474804135559 -1.8121608631097126 -1.785175648858881 -1.758025795559755 -1.727665179135833 -1.6925626452319504 -1.6519302338319994 -1.6054084405490423 -1.5529257800337608 -1.494629906523353 -1.4308489184064925 -1.3620647670213915 -1.2888904531233674 -1.212047201445453 -1.1323400917886124 -1.0506318894747697 -0.9678155559880318 -0.8847863489641967 -0.8024146393807022 -0.7215206342394849 -0.6428521275709923 -0.5670662374241308 -0.49471584694040516 -0.4262411795141507 -0.36196662751494646 -0.30210264626515415 -0.24675224277080027 -0.19592135134811686 -0.1495322104148584 -0.107438745695366 -0.06944292868490805 -0.035311113543613964 -0.004789453402809662 0.022382353652078 0.04645955361077628 0.06768342239519787 0.08627510758644451 0.10243219782910158 0.11632783041970024 0.1281120164153475 0.13791476067445513 0.14585047936042028 0.15202317057977266 0.1565317811118685 0.15947524197193685 0.16095672188297827 0.1610867647072685 0.15998511832820636 0.1577812071837399 0.15461332970838443 0.1506267635653834 0.14597103173805567 0.14079662239329238 0.13525146751417655 0.12947747117431932 0.12360733809640134 0.11776188695321044 0.11204794303894344 0.10655679649885637 0.10136308993896172 0.09652385904586612 0.09207726428815886 0.08804024147867857 0.08440366959677939 0.08112223198575198 0.07809271613651551 0.0751057459845778 0.07173248866108135 0.06704427720502361 0.058918466947124284 0.04277667014044964 0.014248976983576446 -0.005839118954279342 0.014938848140641425 0.043805848097665565 0.060203341967278515 0.0685414360406263 0.07338694575703912 0.07685510601936892 0.07987286831604064 0.08287170556582944 0.0860670924732075 0.0895711131190461 0.09344008422825104 0.09769560858866783 0.10233408099152684 0.10733093676121384 0.11264249596776171 0.11820681336721284 0.1239442893484972 0.12975846690476217 0.13553724707679196 0.14115462348892255 0.14647293468994207 0.15134555032386662 0.15561984174977594 0.15914024108874314 0.16175116694230582 0.1632995913954361 0.16363704066263207 0.16262085789592845 0.16011460657939935 0.15598755161669073 0.15011321919387055 0.14236710492402493 0.13262367394901373 0.12075287765777655 0.10661649715297292 0.09006470574273191 0.07093330867553026 0.04904215311863956 0.024195192061967293 -0.0038173751258777245 -0.0352145759237893 -0.07021760131002013 -0.10904024922510075 -0.15187713125496352 -0.1988901138203344 -0.2501936635862451 -0.305839930935043 -0.36580451910105793 -0.42997393708114384 -0.49813571332243295 -0.5699720515861338 -0.6450577435137667 -0.7228628236703951 -0.8027601773359231 -0.8840380090675009 -0.9659167747464116 -1.0475698973558512 -1.128147353743192 -1.2068010621841494 -1.2827109438088145 -1.355110600440619 -1.4233117784239198 -1.4867272225840993 -1.544892265241671 -1.5974867581519583 -1.6443612383803026 -1.6855757222766674 -1.7214692958254905 -1.7528020290075705 -1.7810723660665395 -1.8092940643727637 -1.8441139606106836 -1.9023464886593195 -2.0324180121293205 -2.3300179915074435 -2.4227677683976316 -1.0744608452698818 -0.3286376345518688 -0.17430487684193485 -0.11025266066224425 -0.07765604354368996 -0.059020795689329324 -0.04753668536510656 -0.040099140382149144 -0.03512580541793199 -0.03173791031444082 -0.02941196990186461 -0.027816851173451788 -0.026731839464907918 -0.026003178991314713 -0.025520187918588445 -0.025201872353963095 -0.024989325841407454 -0.024841245167095873 -0.024730919044913185 -0.024643641089850198 -0.0245739425676147 -0.024522451154988714 -0.02449256763214018
-0.026103718890341573 -0.026119929806769217 -0.026150366681011422 -0.026192191937150937 -0.026243880275615746 -0.02630847946444094 -0.02639707712920901 -0.026531971111489677 -0.02674941589704215 -0.027102281558222634 -0.027663441250740287 -0.028531225344719784 -0.029839014527325253 -0.03177237520972398 -0.03459987313944723 -0.0387296449510026 -0.04481743901966439 -0.053985326743960296 -0.06830030414818318 -0.09193381205613305 -0.13438251079381489 -0.22141658116468393 -0.4509530251666973 -3.1143820316411266 -2.4459838769044024 -2.2190097111758083 -1.971310161511276 -1.8667061907505234 -1.8151798220521425 -1.7811496840402516 -1.7516303803381152 -1.7211852860266328 -1.687234639243255 -1.648454868602332 -1.60416650666584 -1.5540766581924268 -1.498161388955199 -1.436606794089153 -1.3697748951222724 -1.2981791602337633 -1.2224625243618346 -1.143374643770561 -1.061747145144284 -0.9784667837701418 -0.8944471154350546 -0.8105996919618753 -0.7278059951973285 -0.6468913735185451 -0.5686021682220281 -0.49358703975116097 -0.42238325068035726 -0.35540835965265627 -0.2929574544085259 -0.23520572821651628 -0.18221590586721564 -0.13394977297746982 -0.09028287129434821 -0.05102130338277076 -0.015919547219215673 0.015301786443390785 0.04293922054840904 0.06729151223262216 0.08864720178446057 0.10727500859611341 0.12341725596290552 0.13728630566652436 0.1490638088803234 0.15890243565685733 0.16692962931156 0.1732528421605163 0.1779656482102181 0.18115410630892081 0.18290277583901052 0.18329987140354698 0.18244117505653126 0.1804324841198152 0.17739053457969292 0.1734424836712063 0.16872414861473786 0.1633772778489252 0.15754617718576824 0.1513740273331291 0.14499921119054915 0.13855191870222217 0.13215121499832763 0.12590264858857816 0.1198963471880078 0.11420540235609196 0.10888416803567744 0.1039658439049373 0.09945825831295783 0.09533581602581875 0.0915234346757767 0.08786319878935395 0.08404174596561186 0.07942352166094316 0.07265171394995615 0.060722524570738186 0.03760404230065216 -0.0010263605813641248 -0.026878460465876018 -0.0003755558382442339 0.03862258070605748 0.06204138255410649 0.07422235511786893 0.0811850709669114 0.08592788182531214 0.0898067499996666 0.09345983966891816 0.09720615673954756 0.10121188501325387 0.105562487480466 0.11029545671504686 0.11541575537515546 0.12090327951285276 0.1267165705539426 0.13279483464278943 0.1390593455137965 0.14541482080516938 0.15175109032423773 0.15794520016462307 0.1638639696053325 0.16936691922909022 0.17430941267722289 0.1785458005193449 0.18193232453090136 0.18432953598147214 0.18560400264109056 0.18562912379400684 0.18428493527149428 0.1814568599758962 0.17703343644988648 0.17090313467877755 0.1629504448074046 0.1530515038325787 0.1410696089774453 0.12685104948419515 0.11022175822643748 0.09098532303977987 0.06892288803891879 0.0437954069491642 0.015348582594020475 -0.01667935285026148 -0.052547078729629645 -0.09249714482095558 -0.13674097870036495 -0.18544268409807266 -0.23870254479903721 -0.2965412643670127 -0.35888601876670617 -0.42555936904667185 -0.49627197258883854 -0.5706198482814547 -0.6480867038444607 -0.7280515386945643 -0.8098014142393666 -0.8925489599102531 -0.9754538841860352 -1.0576475124362676 -1.1382592039248354 -1.2164434336744334 -1.291406385614301 -1.362431119897785 -1.4289007925643709 -1.4903201024055395 -1.546336296307415 -1.5967630870124596 -1.6416146907242857 -1.6811652778031487 -1.7160678161936487 -1.7476138453786643 -1.778349723319759 -1.8136866527762667 -1.8666210509191765 -1.9729003149363542 -2.223409904010519 -2.4547652654540544 -3.1531143676655815 -0.4535897930829702 -0.22238394781970372 -0.1349050258635137 -0.09227330530637189 -0.068544425373795 -0.05417074591489417 -0.04496167102721403 -0.03884174054804072 -0.03468473321097737 -0.031832783769491134 -0.029876750076624634 -0.02854775737886185 -0.027660409689791554 -0.02708183049589671 -0.026714397784591667 -0.02648601568411915 -0.02634451717684104 -0.026254136295479003 -0.026192729957096227 -0.026148953073791902 -0.026119065526682802 -0.026103504373168187
-0.02757592715578537 -0.02758901241072393 -0.027610684432311745 -0.02763990014570967 -0.02767828162820552 -0.0277335483186529 -0.027823117150830648 -0.02797736072899906 -0.0282424687923681 -0.028683402511714612 -0.029387987151835913 -0.030473811237343693 -0.0321005281447582 -0.03449191000994977 -0.037975681907958636 -0.0430572856613612 -0.0505626623634309 -0.061932655770511116 -0.07988272331592793 -0.11005069342744318 -0.1657653044053985 -0.28537760909934645 -0.6433266035194063 -3.4507623270625474 -2.4467897834367456 -2.12488278126509 -1.9223126875675276 -1.8326873565740625 -1.7835447215453775 -1.7478859950896524 -1.715343467490554 -1.6813749703807124 -1.6437583164888463 -1.6013370722103752 -1.5535226014207721 -1.500078742504527 -1.441021481100194 -1.3765677345940923 -1.3071049185529822 -1.2331682468218266 -1.1554195547598505 -1.0746248033021497 -0.9916292443869859 -0.90733029480214 -0.8226488145707614 -0.7384998696780715 -0.6557642501855104 -0.5752620537573893 -0.49772955921989853 -0.4238004295153497 -0.35399202295247617 -0.2886972815377711 -0.22818233135611904 -0.1725895977377143 -0.12194593070466651 -0.0761749742681697 -0.03511281275642905 0.0014742002784002115 0.03387057431911944 0.06239289045590694 0.08737210143912771 0.10913777921215517 0.1280049644614539 0.14426404884301874 0.1581738943955223 0.16995818327063406 0.17980480498167578 0.1878679310624025 0.19427229653019676 0.1991191030475884 0.20249288620900233 0.20446866230827807 0.20511870198886936 0.20451837315078766 0.20275064156237024 0.19990899067127935 0.1960986953155227 0.19143653684275838 0.1860491685590564 0.18007042677556453 0.1736379332348187 0.16688934832892496 0.15995860956736085 0.15297242583887155 0.14604719855337125 0.13928641338555534 0.1327783992523059 0.12659418416513327 0.12078496719624689 0.11537839993565294 0.11037225815878426 0.10572279362254997 0.10132216423075016 0.0969525636510453 0.09218814209059227 0.08617462701938228 0.07711955647029368 0.06118608140453966 0.03119743029502776 -0.016401336411959656 -0.04686423864910006 -0.015839250094379077 0.032129081511221756 0.06244324944060995 0.07865169314849417 0.08791768556463224 0.09407510308530206 0.09891689450693954 0.10330012073849622 0.10765578406349367 0.1122091275474034 0.1170773818120575 0.12231513002222191 0.12793629340107046 0.13392520341259664 0.14024243364101305 0.1468281447513688 0.15360436724465557 0.16047699471245225 0.16733790514802047 0.17406740793725625 0.18053706073326062 0.18661278542932844 0.19215812555301975 0.19703742595880205 0.20111868036200575 0.20427578484540826 0.20638995722342768 0.2073501319476359 0.20705221318599532 0.20539715610387965 0.2022879378011367 0.19762556652741498 0.19130435806721277 0.1832067848966897 0.17319828186352365 0.16112247139415184 0.14679734105815112 0.13001294727901058 0.11053120986082422 0.08808828844010383 0.06239989165364001 0.03316967247234612 0.0001006269041669249 -0.037090839857846856 -0.07865876321862172 -0.12481018885796367 -0.17568744116320453 -0.23135118277730563 -0.29176539803265944 -0.3567853936331509 -0.4261497897797392 -0.4994772792656849 -0.5762686722728243 -0.6559144375833651 -0.7377076181159796 -0.8208616647908403 -0.9045324242394737 -0.9878432596930986 -1.0699121065398214 -1.1498791890718236 -1.2269341766215893 -1.3003417621165498 -1.3694650423782906 -1.4337867382042861 -1.4929293637585344 -1.54667727733293 -1.595006909891214 -1.6381383051026555 -1.6766364093506159 -1.7116282115029184 -1.7453039776555852 -1.782178281801817 -1.8326140486709392 -1.9236964330413289 -2.1283710388206964 -2.4541373521483982 -3.4608504109805995 -0.6475348774165385 -0.2866267447170948 -0.1663883905748825 -0.11043792981627587 -0.08015398009465831 -0.06213574439476618 -0.050719664726132284 -0.04317928013636785 -0.038068480703480054 -0.03455869526101087 -0.03214325764862411 -0.030494070049670034 -0.029387545907640665 -0.028664581139020116 -0.028208337262564498 -0.027931783623485546 -0.02777064623121159 -0.027679177508051312 -0.027627094960531905 -0.02759665878257765 -0.027579408135715057 -0.027572610795647608
-0.028871258205372445 -0.02888259323414038 -0.028901090370188856 -0.028927721798078274 -0.028967589428458253 -0.02903353992383032 -0.02914990993492751 -0.029355895175491253 -0.029708586026326554 -0.03028634778123616 -0.031193867375333195 -0.03257093543680598 -0.0346082120786399 -0.03757553699490536 -0.041873278406983544 -0.04812825729644031 -0.05738194357792711 -0.07148555693161171 -0.09400592752010878 -0.13255471881854292 -0.20579891817666499 -0.37086586585984654 -0.9835065228159782 -2.511563214662264 -2.3753276488646877 -2.0476098050336797 -1.8792631515705216 -1.7988044880519283 -1.750080501847895 -1.712011769638088 -1.6760970577283745 -1.6384652984457242 -1.5971761001887375 -1.5512105269128162 -1.5000567227621397 -1.4435263693194522 -1.3816676858905683 -1.3147203225677788 -1.2430879528241332 -1.1673171648097134 -1.0880771486525902 -1.0061376683310643 -0.9223444695912046 -0.8375922693161273 -0.7527960844722918 -0.6688620216770393 -0.5866588262674599 -0.5069915195612682 -0.43057836151577145 -0.3580321871504556 -0.2898469029170192 -0.2263896184118675 -0.16789855443893417 -0.1144865348624466 -0.06614955972670618 -0.02277969088126601 0.015818724729539678 0.04991060304897715 0.07981060679461538 0.10586370673578306 0.12842686561734826 0.14785273236875948 0.16447603195797575 0.17860310921027106 0.19050485327556824 0.20041301003779585 0.20851969297043232 0.2149797321075637 0.2199153556836576 0.22342258211600294 0.22557862133593265 0.2264495595615098 0.2260976427800976 0.2245875809081372 0.22199145046426844 0.21839195258094934 0.2138839596717737 0.20857444001406727 0.20258097533618158 0.19602917765361996 0.18904936457285276 0.18177286310778315 0.17432827776715226 0.16683798025938787 0.15941496241525585 0.15216005173692038 0.14515932878576498 0.13848140192458377 0.1321739510079222 0.12625855024777766 0.12072200246650258 0.11550077308200325 0.11045146786967756 0.10529190593595965 0.09947739520283358 0.09192921467744633 0.08042982562883798 0.06040641177527628 0.023938658976852278 -0.031083397222021393 -0.06483915691050467 -0.03065153493516331 0.024712784955035823 0.06150647933918056 0.0818066721733157 0.09351902084609502 0.10121610474123988 0.10711762128857315 0.11230545590372858 0.11732896932268594 0.12247677706075265 0.12790035396769664 0.13367258400149884 0.13981677293190875 0.14632167914785868 0.15314970675915 0.16024173437239392 0.16752037110605553 0.17489260903522735 0.18225240030972398 0.18948342098871207 0.19646210301004519 0.20306088343199136 0.2091515216125897 0.2146082654720602 0.21931060683153936 0.22314535444386804 0.22600777349115306 0.2278015921323767 0.22843775546658646 0.22783190640174658 0.22590067889912194 0.22255698940795068 0.21770459970359402 0.2112322997753179 0.20300812973672644 0.19287412975745824 0.1806421710188863 0.16609146025941252 0.14896830125321797 0.128988619683898 0.10584360849298706 0.07920863951524323 0.04875533542243217 0.014166429398437243 -0.02484721632022268 -0.06852828571117921 -0.1170544035592803 -0.1705203822392534 -0.22892248517401695 -0.2921458221221956 -0.3599558615096059 -0.43199484070837574 -0.5077835884449702 -0.5867289614306624 -0.6681367610116283 -0.7512296591886254 -0.8351693524329272 -0.9190819023394187 -1.002085039595143 -1.083316125983177 -1.1619595114415 -1.237272214972098 -1.3086072347192403 -1.375434416508215 -1.4373598111770012 -1.4941461158876503 -1.545739783430639 -1.5923162793885581 -1.6343677708491036 -1.6728880514314328 -1.709789386946959 -1.748916555689246 -1.798758184372007 -1.8804338621180252 -2.0503519450872916 -2.38085513931796 -2.5192726795325866 -0.9907203674812275 -0.3724088612267775 -0.20650069504109536 -0.13296960572772137 -0.09428774517734784 -0.07169262074440133 -0.057540345993566784 -0.048250791147839804 -0.041966524873175454 -0.03764302685880524 -0.03465206503355392 -0.03259282105972145 -0.03119560900669774 -0.030270294187613223 -0.029677797990066538 -0.029314166489589358 -0.0291016389322991 -0.028983476548848613 -0.028920495846034955 -0.028887994812549108 -0.028872396520823563 -0.02886756090090802
-0.029956210246908324 -0.02996752683711234 -0.029989624460870206 -0.030025765238228662 -0.030084944681891122 -0.030185687427402234 -0.0303599362798901 -0.030656550623770536 -0.031144587352484446 -0.03191727351356527 -0.033098322376240503 -0.034853144563062835 -0.03740901068825387 -0.041091263533950144 -0.04638926123203188 -0.05408064178952689 -0.06547833555716004 -0.08295810630671611 -0.11119406754753187 -0.16042042753137586 -0.2566067265376554 -0.4847675609680557 -1.8389984733471731 -2.4653717507968005 -2.278668428496322 -1.983701900878515 -1.8393016129895208 -1.7640630148750691 -1.7143748875814682 -1.67333388228808 -1.6338111733598155 -1.5924534646709465 -1.547547677356385 -1.4981896982524319 -1.443932593795294 -1.3846274516539903 -1.3203468451173435 -1.2513446723755255 -1.1780313358309165 -1.1009541383992598 -1.0207779489132152 -0.9382638844644944 -0.8542452914680326 -0.7696012397158547 -0.6852283233691169 -0.6020119056307002 -0.520798108618304 -0.44236787178176895 -0.36741430713252876 -0.29652439099768185 -0.2301657731918699 -0.16867917898647192 -0.11227655067830773 -0.06104474697128205 -0.014954311468043241 0.026127444226807926 0.06242000567303116 0.09421097070718853 0.12183627822876994 0.14566049829069452 0.16605824162208316 0.18339759459493435 0.1980262868505771 0.21026107251898307 0.22038057163695865 0.22862159218567504 0.23517874549670423 0.24020698353857187 0.24382652922186504 0.24612954762306674 0.24718783002379505 0.24706074828164118 0.2458027911577863 0.24347010982605308 0.24012565730227106 0.2358426815033707 0.23070650293976613 0.22481466151561486 0.21827564391321752 0.21120649680987597 0.20372968457209734 0.1959695563573849 0.18804874354420392 0.18008471756171407 0.17218661082783937 0.1644522524837706 0.15696520238453415 0.149791368456087 0.14297451316828527 0.13652947265948556 0.13043096232947976 0.12459384570861391 0.11883637863303853 0.11280809596310962 0.10584132527112228 0.09663395021755908 0.0825730927359878 0.05849462654335249 0.01620354319770112 -0.044399899885750854 -0.08006822609033559 -0.044127708572898466 0.01676142144116597 0.05935100745309631 0.08368345540149164 0.0979385669020762 0.10728304444959876 0.1143337441426762 0.12039644458893725 0.12614300352702626 0.1319291681767998 0.13794316512134186 0.1442775981219499 0.1509658131920955 0.1580011784414434 0.16534786112709382 0.17294729713892049 0.1807225185272816 0.1885815127705688 0.196420261977091 0.2041257992153415 0.2115794120675349 0.21865997347242322 0.2252472684365129 0.23122510577324962 0.23648395536623606 0.24092283464456243 0.24445018490062895 0.24698352958172043 0.24844779022059185 0.24877224356150443 0.24788622277306901 0.24571378102196448 0.24216763462497903 0.23714278136173447 0.23051025256207064 0.22211151371606103 0.21175407857003242 0.19920893255265087 0.1842103486307444 0.16645859958534082 0.14562591649153417 0.1213658235334647 0.09332571773403553 0.06116228775344351 0.024559106282919685 -0.016754491274628247 -0.06298429539684366 -0.11425302960344978 -0.17058424842505585 -0.2318894391324091 -0.2979593024656398 -0.36845997860081053 -0.4429347165639811 -0.5208111749685599 -0.6014142095775253 -0.6839836715233124 -0.7676964332119999 -0.8516916015466316 -0.9350976942419524 -1.0170604679229558 -1.0967701192884232 -1.1734867578456007 -1.246563404122849 -1.3154663579588126 -1.3797937217220417 -1.4392944006563442 -1.4938925974273098 -1.5437279906110972 -1.5892327028806785 -1.631291411923834 -1.671594849664024 -1.7134742497012179 -1.7640438678226966 -1.8402213879122977 -1.985742390131509 -2.2825003121913072 -2.4712829934972076 -1.8532496355759096 -0.48655838102043725 -0.2573376346473936 -0.1608295386656784 -0.11146244398726977 -0.08315079172048205 -0.06562356765289537 -0.054192024314383865 -0.04647372831233368 -0.0411525183481553 -0.037449255144552454 -0.03487406025033421 -0.03310166366196745 -0.03190521532401627 -0.03111988630511137 -0.03062254887431916 -0.03032043297579547 -0.03014470931980455 -0.03004645654634493 -0.029993365612926468 -0.029966268696023795 -0.029955307612789507
-0.030797118683510216 -0.03081061211602668 -0.030844444495933973 -0.030904520560808238 -0.03100426277426534 -0.03116856119197343 -0.03143778192966406 -0.031871403522230425 -0.0325516285548132 -0.03358816070603814 -0.03512618806468335 -0.03736070011624599 -0.04056218712128873 -0.04512275451954583 -0.05164040514300532 -0.06107918902489929 -0.07509147347522376 -0.09671700646327203 -0.13205092534736432 -0.1947453129712398 -0.3204844133490337 -0.6360546178093986 -3.9785353396322827 -2.461000412636184 -2.185114343884292 -1.928808629715582 -1.8005895025939163 -1.7278511599533795 -1.6762151494587645 -1.6318065491711091 -1.5885352469837524 -1.5434574732426924 -1.4950469479187842 -1.4424962022169123 -1.385412662972557 -1.3236785522336736 -1.2573827237484805 -1.1867846076998674 -1.1122916837667456 -1.0344413647753583 -0.9538827818988469 -0.8713564222499565 -0.7876709976419449 -0.7036778026297034 -0.620243369101448 -0.5382215479457446 -0.4584263004781383 -0.38160649729257307 -0.3084239257272226 -0.23943552217002553 -0.17508059426609585 -0.11567350288668465 -0.06140195639761911 -0.012330751618309446 0.0315895029529244 0.07050940719568485 0.10466446592215142 0.13435653709521073 0.15993417532914053 0.18177300676753103 0.2002571913171981 0.21576288475157296 0.22864442075527786 0.2392237092681403 0.24778311088974372 0.2545618137361249 0.2597555211069754 0.2635190644402228 0.26597139480187465 0.2672022883401401 0.26728003874748935 0.26625941103838974 0.26418919481088426 0.2611188099465443 0.2571035650916547 0.25220833046650587 0.24650954653119472 0.24009563781955717 0.2330660274557534 0.22552904232040127 0.21759905075312416 0.20939317582698894 0.20102787591566598 0.19261558703078377 0.18426149050508703 0.1760603166518529 0.1680929216297359 0.16042215968554158 0.15308725253301386 0.14609528836220018 0.13940735985262118 0.13291451587469028 0.12639368997974412 0.11942274608792541 0.11120933653207382 0.10023657217577639 0.08354642127749376 0.05557300274396229 0.008352851004410931 -0.05581044782600472 -0.09203953894903162 -0.055712577836325675 0.008652688766126983 0.05611529174379523 0.08429414840295092 0.10113822511004754 0.11221878369997336 0.12049958373183595 0.12750165569284502 0.1340209849177523 0.1404836622946163 0.1471173382733056 0.15403614609688954 0.1612845483730683 0.16886107571392972 0.17673187984905026 0.18483899376130805 0.19310583310329058 0.20144131777426816 0.20974338661774355 0.21790232645813934 0.225804106375872 0.23333374174219207 0.24037858699672182 0.2468313636398469 0.2525926696537327 0.25757269099018093 0.26169184771974363 0.2648801577998564 0.2670751874136098 0.268218571050014 0.2682512146337706 0.2671074250669034 0.2647083235016776 0.2609549871408536 0.2557218249111695 0.24885073371661587 0.24014661093742204 0.22937481061322085 0.2162611065407465 0.20049464212275184 0.18173419138091484 0.15961783441669716 0.13377588703611598 0.10384664926164078 0.06949428077652163 0.03042789674531078 -0.013579178086651123 -0.06267114448022444 -0.11689360950155656 -0.17618070087287202 -0.24034635955534447 -0.30908054555399606 -0.3819508279892213 -0.4584095282468455 -0.5378062633344363 -0.6194054162908352 -0.7024077636870192 -0.785975239521551 -0.8692576327451411 -0.9514199246154778 -1.0316689947147362 -1.1092785857462282 -1.183611750002504 -1.2541405582195027 -1.3204637374336663 -1.382324335903748 -1.4396319732971081 -1.4924988411842184 -1.5413080813851734 -1.5868544328660221 -1.6306491510444139 -1.675620500701576 -1.7278464171654113 -1.8012032883823819 -1.9301205906706833 -2.187426942639011 -2.4647419582596894 -3.991119340238945 -0.6379162653937264 -0.32115271863083306 -0.1950987816831397 -0.13227434881668393 -0.09687319582893784 -0.0752069709907428 -0.061166644115983486 -0.05170628302810783 -0.04517055516616627 -0.04059401189640607 -0.03737810904044272 -0.03513069829453093 -0.0335815264418993 -0.03253596315681546 -0.031849176640111505 -0.03141171878142722 -0.031141474652137992 -0.030978853723504524 -0.030883182300702958 -0.03082909985234883 -0.030802598114631277
-0.0313609217317898 -0.03137936417089713 -0.03143461775733919 -0.03153569369950035 -0.03170114362964252 -0.03196309790937834 -0.032371333337620656 -0.03299704062127927 -0.033936870266165736 -0.03531878467718078 -0.037312209116489706 -0.04014628642025596 -0.04414248979261911 -0.04977303248055648 -0.05776795430189611 -0.06932014133617825 -0.0865023752595826 -0.113183945992469 -0.15724991509423808 -0.2366830161844764 -0.39956748386195146 -0.8387296422549064 -2.8848806958997972 -2.4114639199545884 -2.1025796881628285 -1.8795373677758869 -1.7619687241324342 -1.689832836254966 -1.6355529137080076 -1.587515110668992 -1.5404371856732262 -1.4917064521952756 -1.439952252185138 -1.3844485129910822 -1.3248472297432277 -1.2610535489646313 -1.1931644414681568 -1.1214361452446109 -1.0462637413237732 -0.9681645473159859 -0.8877611699339627 -0.8057623260921697 -0.7229408813037611 -0.640109386616833 -0.5580939159871547 -0.47770731029409264 -0.3997230742520822 -0.3248511816454006 -0.25371694827115043 -0.18684395328571568 -0.12464174960517292 -0.06739882320618211 -0.015280959574530496 0.03166512760934006 0.0735033369260206 0.11039557310644764 0.1425858831567795 0.1703823675890805 0.194137974913259 0.21423129023758053 0.23104836019908967 0.24496646309793835 0.2563405466644061 0.2654928321913449 0.2727058414331053 0.2782188611033297 0.2822276369244457 0.2848868995956176 0.2863151791426626 0.28660126824108323 0.2858116521160255 0.2839982320285097 0.2812057269191425 0.27747823531919613 0.27286456593889175 0.2674220882084942 0.26121900228153594 0.25433507143273676 0.2468609867903095 0.23889662973429232 0.2305485453724191 0.2219269336148298 0.21314240776224208 0.20430267638099472 0.1955091819729666 0.18685358221511633 0.17841377966194086 0.17024896664575873 0.16239278202402854 0.15484301532839567 0.14754500357349112 0.14036322941114826 0.13303009500450047 0.12504904813844217 0.11550432850051368 0.10268169963950137 0.08335019786169165 0.051772319161295634 0.0007247073164817599 -0.06491202633454482 -0.10045446741443399 -0.06498697145127104 0.0007453789112061103 0.05195224032310055 0.08366218735714959 0.10308664899470595 0.11597134918655103 0.12555445345358737 0.1335546063283644 0.14089047269891544 0.1480609938008641 0.15533612031670718 0.16285384283090176 0.17067139756586516 0.17879356173371325 0.18718912470131552 0.1958010701258381 0.20455335354984658 0.2133558528741454 0.22210838856084392 0.2307043223813958 0.23903399397848646 0.24698807583256516 0.25446079117115883 0.2613528339042115 0.2675737521988981 0.27304351424426315 0.2776929760178551 0.28146302012620733 0.2843022258519625 0.28616305151807436 0.2869966479555166 0.2867465622573424 0.2853417190054054 0.28268916775207786 0.2786671525992516 0.2731190931873551 0.26584907303652205 0.2566194141575181 0.245150868229571 0.23112585789890683 0.21419504390700422 0.19398727703050517 0.170122737806699 0.14222880138804903 0.10995791952748961 0.0730066105033818 0.031134506948964268 -0.015817659429813447 -0.06791225420175859 -0.12510215885795684 -0.18722230721601668 -0.2539860287441811 -0.3249866331817307 -0.3997043824068957 -0.47751869043422224 -0.5577250892197444 -0.6395562161734757 -0.7222058392010614 -0.8048547575238829 -0.8866973228175528 -0.9669673377964739 -1.0449622336037248 -1.1200647361503124 -1.1917617563982665 -1.2596610754213737 -1.3235077361424237 -1.3832043222479518 -1.4388434602479379 -1.4907692009925724 -1.5397021210776634 -1.5870061925282586 -1.6352868437443913 -1.6898197042220016 -1.7622157666613234 -1.880063335230417 -2.1034694353796968 -2.4129348197459226 -2.8862819227052148 -0.8401796514674231 -0.40001842657015896 -0.236911094178859 -0.15738967093191367 -0.11327910664684564 -0.08657119863191916 -0.06937140724195673 -0.05780629671889335 -0.04980110020316562 -0.04416195796723283 -0.04015838276669534 -0.03731800273820967 -0.035319339368956724 -0.033933308926023094 -0.03299054672083319 -0.032363109192462054 -0.03195429894760947 -0.031692808032690666 -0.031528684396249666 -0.031429587232382816 -0.031376742880065735
-0.03161621661942115 -0.03164306839804695 -0.03173119452376529 -0.03189333287094775 -0.03215409858602051 -0.0325539869233804 -0.03315338854073486 -0.034036459879604346 -0.03531573148978978 -0.03713938154997603 -0.03970418070611684 -0.04327869686274252 -0.04824445926885265 -0.055169469167933034 -0.06494327565899997 -0.07903719487013457 -0.10003822921888213 -0.13283379242725454 -0.18750511335493508 -0.28730006411364295 -0.4952109130831153 -1.1251674304685426 -2.4729499300854707 -2.3323896854039314 -2.0306215797964926 -1.833523463103657 -1.722734976310103 -1.6498759616816008 -1.5924750571872612 -1.5406583485667724 -1.4897887643605778 -1.4375265989504216 -1.3826320791647935 -1.3244472722075307 -1.2626594684778345 -1.197188627513859 -1.1281317621118445 -1.0557334419860078 -0.9803673491807062 -0.902521221538968 -0.8227813086786254 -0.7418145743783087 -0.6603481424756528 -0.5791462739252241 -0.4989856564899129 -0.4206300745330703 -0.34480565487758813 -0.2721778890125298 -0.20333153782163402 -0.13875435470395214 -0.0788253367254069 -0.02380795021196274 0.02615150517437699 0.07102051442887328 0.11087233863668858 0.14587401332435804 0.1762711871216666 0.2023707803202913 0.22452252641924883 0.24310047458221412 0.2584854745636106 0.2710495397571517 0.2811427961014844 0.2890834904009316 0.29515127647746003 0.29958375314727664 0.30257602301197245 0.3042828897640476 0.304823209782833 0.30428584680294074 0.3027366367938271 0.3002257571132588 0.2967949198755264 0.2924838795380249 0.28733585219759433 0.2814015740189552 0.27474186434166215 0.2674286972918711 0.25954491839204913 0.2511828520545145 0.24244209642074901 0.23342677255515967 0.22424241597509265 0.21499261564327174 0.20577541645893538 0.19667937111243075 0.18777893417027375 0.17912861471767644 0.17075487500070283 0.16264400983094363 0.15472280183613932 0.14682587063608757 0.1386377623339481 0.12958580384885252 0.11863600963273677 0.10390489485167034 0.0819846698989296 0.04723009928505551 -0.006371171240422104 -0.07143782644092166 -0.10520974734593355 -0.07166814872245027 -0.006627612541843324 0.04702620447140809 0.08181743185852831 0.10375156989074927 0.11848517522817165 0.12943431308443012 0.13848672051359312 0.14667820697876427 0.15458194103556014 0.16251313443938795 0.17063651174619301 0.17902442195643037 0.18768963216859913 0.19660477959450823 0.20571456744505293 0.2149439067652902 0.22420376816769305 0.23339576132759912 0.24241603948301818 0.2511588546162683 0.25951989283809157 0.2673993795439305 0.2747048485807732 0.2813533885069852 0.2872730983715472 0.29240344534795526 0.296694259490038 0.3001032129944637 0.3025917703869749 0.3041197376585047 0.3046386772770215 0.30408458793563503 0.3023703619708212 0.2993786157557384 0.2949555293569097 0.28890632914130204 0.2809930030297446 0.27093475347624435 0.2584115651207099 0.2430710900170261 0.22453883828965054 0.20243142150280782 0.17637235304726326 0.1460096889315558 0.11103461415681276 0.07119995895498495 0.026337574169354283 -0.023626490739184432 -0.07865998144483072 -0.1386164339205649 -0.20323180210700076 -0.27212610831720285 -0.3448102369562287 -0.4206977085979285 -0.499120989950489 -0.5793516325378193 -0.6606233067525441 -0.7421566271331153 -0.8231845695272493 -0.9029772834981983 -0.9808652298109699 -1.0562598566143002 -1.1286715195855552 -1.1977251399578224 -1.2631753560941819 -1.3249250327096784 -1.3830547790654024 -1.4378785296705079 -1.4900559864158405 -1.5408290118318035 -1.5925393075671133 -1.6498250534189058 -1.7225587322850116 -1.8332043208315243 -2.0301261834263653 -2.331708744823194 -2.4719364946389377 -1.124938196965748 -0.4951973676038708 -0.2873094481878073 -0.18751586934068906 -0.13284254206144636 -0.10004481069905627 -0.07904218976259621 -0.06494747020005291 -0.05517368124683062 -0.04824943860788224 -0.043285042578556726 -0.03971227196065005 -0.037149328476084646 -0.03532735445801219 -0.034049302257779746 -0.03316676333290197 -0.03256705215807372 -0.032165951310579866 -0.03190310853253105 -0.03173815848737809 -0.0316466893967271
-0.03153460838601588 -0.031574123232688676 -0.03170857911391548 -0.03195527779322341 -0.03234614574766825 -0.03293149501093885 -0.03378380365859395 -0.035001633265410254 -0.036714961650964 -0.03909432111046651 -0.04236731547809884 -0.0468479913054801 -0.052988464061597504 -0.061470729310806396 -0.07337552291701656 -0.09050899840404002 -0.11607663847555534 -0.15618515186586382 -0.2235107537016101 -0.3473174479855862 -0.6070651718865552 -1.5927424206769392 -2.3868564275962014 -2.2441725266331902 -1.9666493537584064 -1.789169157096489 -1.6824861474124129 -1.6079980067830157 -1.5471754600896157 -1.491527494115753 -1.4369465764375255 -1.381322443074253 -1.3235261975302361 -1.262956308795041 -1.1993265724910773 -1.1325638919500658 -1.062757561740271 -0.9901325202380227 -0.9150328041206157 -0.8379080828813309 -0.759299631254284 -0.679824071659531 -0.600154415375793 -0.5209986833033274 -0.44307685554721055 -0.3670971674225043 -0.2937328871080463 -0.22360071056750427 -0.15724181848490223 -0.09510647973628167 -0.0375428755657596 0.015209424631773343 0.06302116558759047 0.10587037967227696 0.1438349779076162 0.17708153492443082 0.2058510399925555 0.23044253664449496 0.2511956681705655 0.2684731748647952 0.28264434088414797 0.2940702568019518 0.30309155272673427 0.3100189924857583 0.31512705247218964 0.3186503967861826 0.32078303350289356 0.32167987521079217 0.32146037597866234 0.3202138353235503 0.31800585682496896 0.3148853767095554 0.310891679296459 0.3060608835110959 0.3004314822992647 0.2940486314161845 0.28696701661672336 0.2792522637832438 0.2709809757424788 0.2622395829971082 0.2531222868503747 0.2437284040255953 0.2341593178440953 0.22451505976270206 0.21489043933474627 0.20537058928310445 0.19602563944380233 0.18690391461772551 0.17802254356026073 0.16935352029385492 0.1608016997697005 0.1521681862415719 0.1430866244025065 0.1329083769920751 0.12049196175205147 0.1038260639637235 0.07944777417672108 0.04209089188500095 -0.012657484828567152 -0.07525141665140418 -0.10637443329232923 -0.07560570389058203 -0.013164720232921727 0.04151220516599491 0.0787928975621883 0.10309176854540777 0.1196901824835615 0.13206006037524656 0.14221623658636434 0.15130042293503437 0.15995943837546692 0.1685564331656298 0.17728616623053284 0.18623912465024542 0.1954385397834186 0.20486276795227662 0.2144595291879557 0.22415547100914548 0.23386298473094919 0.24348540115821982 0.2529212484668215 0.26206797154912304 0.2708252995340384 0.2790982897290194 0.28679998067859214 0.29385351618413763 0.3001934966752598 0.30576622628744826 0.31052856448459243 0.31444524442542643 0.3174846819998789 0.3196134202831794 0.320789457376814 0.3209548260565997 0.3200279270951456 0.31789622768350795 0.31440999585887924 0.30937774786158945 0.30256403687261263 0.2936901017960211 0.28243772274455614 0.2684564107023483 0.2513738194375253 0.23080903459525026 0.2063881855064061 0.17776164885826126 0.14462197651572412 0.10672158972910087 0.06388924612260183 0.01604430917518039 -0.036792067085820196 -0.09448958700229343 -0.15680585889849946 -0.22338817820283347 -0.2937801422533108 -0.36743293279589917 -0.44372084578765236 -0.5219604074464885 -0.6014322056425664 -0.6814044034889883 -0.7611568064333302 -0.840004347366095 -0.9173189627967191 -0.9925490914142008 -1.0652364847089597 -1.1350307627519693 -1.2017033383240183 -1.2651643030413282 -1.3254893473236415 -1.3829704293755123 -1.438217665643467 -1.4923706660310878 -1.547551260052408 -1.6078770528850936 -1.6818428674182975 -1.787964772114982 -1.9647940091414369 -2.2415233073086798 -2.3834732287521376 -1.587525478373526 -0.6062077369194588 -0.3469878721805761 -0.22334135760610047 -0.15608276841353966 -0.11600832630349217 -0.09046121857742781 -0.07334247822926915 -0.061450064590409734 -0.052979317802626685 -0.04684995472246084 -0.04237982328417466 -0.03911630586946638 -0.03674470806693564 -0.0350367997822152 -0.03382157941073481 -0.03296884889439357 -0.032380112835600036 -0.03198322604655093 -0.031728412350472864 -0.031584403171961345
-0.031092286373747655 -0.031149615304358523 -0.031346160439208876 -0.031704922423422634 -0.03226680589004052 -0.03309381805311454 -0.03427233716126454 -0.035916986344680275 -0.03817689848575201 -0.04124728460441902 -0.04539048129041148 -0.05097292525966781 -0.05852941126745087 -0.0688767056337185 -0.08332228661259251 -0.10406867881422278 -0.13504820126986108 -0.1837775717723815 -0.2658315393482666 -0.4167031368824605 -0.732058620095043 -2.3752142101519715 -2.3293188273942786 -2.1569677254952833 -1.9079947276077915 -1.7453821203164597 -1.6410117388833503 -1.5643173721860801 -1.4999238725549056 -1.4404804038314372 -1.382327870120931 -1.3235531921711263 -1.2631222458863731 -1.2004795850867207 -1.1353573474223122 -1.067681982272178 -0.9975278767163007 -0.9250931437072227 -0.8506849229274329 -0.7747075392919436 -0.6976500760785627 -0.6200717743592398 -0.5425848064737144 -0.4658346874173268 -0.39047903198906836 -0.31716561706445956 -0.24651081597398447 -0.17907946950907 -0.11536717175258022 -0.055785800296167025 -0.0006529276113879624 0.04981447121196889 0.09550183627007584 0.13639442934434054 0.17257062744291876 0.20419162157552592 0.2314882342835801 0.25474572966922193 0.2742875999714226 0.290459351429591 0.3036132526870503 0.31409483349070305 0.32223164679462474 0.32832450508098676 0.33264117808479365 0.33541246554972975 0.3368306036668769 0.3370499958756928 0.3361901314715487 0.3343402893073084 0.33156550316860267 0.32791333107426746 0.3234208759677426 0.31812138964668746 0.31204992810307564 0.3052477511777825 0.29776532766895353 0.28966392987868794 0.2810158982893676 0.271903724879928 0.2624181383831224 0.25265538357477996 0.24271388671080874 0.2326904837944614 0.22267627596536857 0.2127518928536726 0.20298161940627696 0.19340562143936102 0.1840291558755105 0.17480677181558887 0.16561779635055274 0.15622630341992907 0.14621308022524768 0.13485698017693276 0.12092776258194984 0.10234438839733959 0.07573664979161 0.036509632687656765 -0.017892357599472185 -0.07633837551521079 -0.10416474902068337 -0.07677488219864241 -0.018600765703609225 0.03559792346075928 0.07462536998658512 0.10105121442179966 0.11949078471183348 0.13332401318442694 0.14463414404907018 0.15464943920658455 0.16408645082035778 0.17335793768311455 0.18269207528390558 0.19220107781533602 0.20192185524781692 0.2118411047894655 0.22191152469260264 0.2320627995226552 0.24220941015854697 0.25225648052027205 0.26210441685405855 0.2716528245176051 0.28080398969901077 0.2894660315284935 0.2975556545654129 0.3050002923306433 0.31173936317237944 0.3177243665588191 0.32291760879249143 0.32728942151022694 0.3308137876697798 0.33346242837160933 0.3351978856338485 0.335966415465747 0.3356908576437183 0.33426352586713254 0.33153987546821645 0.3273338611115429 0.32141567478911026 0.31351240406324954 0.30331198549127314 0.29047056709816843 0.2746230831090882 0.2553965662161247 0.23242552651290724 0.2053686104025974 0.17392568966499433 0.13785449885736 0.09698593517659254 0.051237167288058064 0.0006217768479356437 -0.05474371955915271 -0.11463745453792207 -0.17873418822098597 -0.24661174923952664 -0.31776177677405115 -0.39160437302852275 -0.4675060586079445 -0.5448002312400784 -0.6228091758468872 -0.7008665790167874 -0.7783394853208002 -0.8546487238347601 -0.9292870660631352 -1.0018348017326864 -1.0719731184333352 -1.1394967944472025 -1.2043295610998213 -1.266548699881552 -1.3264314322368465 -1.3845477365314678 -1.4419503741591817 -1.5005732146382877 -1.5640948180258523 -1.6398774959788813 -1.743286006692187 -1.904829107134028 -2.15254879499992 -2.3237327455345187 -2.3604841497356506 -0.7297943453601999 -0.4158853731585649 -0.2654260851853809 -0.18354121358255857 -0.13489629912302228 -0.1039660291574779 -0.08325306445257338 -0.0688336890727007 -0.05850926571357117 -0.05097378675792118 -0.045410595898566886 -0.04128425389011332 -0.03822735389438922 -0.03597660303192613 -0.034336110594560626 -0.03315650911862828 -0.03232343951444529 -0.03175122304242358 -0.03137883984405344 -0.031166492143873008
-0.03027168555082929 -0.030352998323950785 -0.030630106447269913 -0.031133249496009794 -0.03191453527363079 -0.03305010191540841 -0.03464247100880921 -0.036824242558567616 -0.03976555933053428 -0.043688821451336325 -0.048895428327926316 -0.055812015069299344 -0.06506970641056561 -0.07764311169515654 -0.09510467848447886 -0.12011585184082806 -0.1574350284545728 -0.21612591804642164 -0.31472143899976257 -0.4941172963440091 -0.8638335131435836 -2.6554757654787284 -2.2563602938701504 -2.073573351117331 -1.8523589253604935 -1.7013589363292048 -1.5981985391958706 -1.5190018140110297 -1.4510281217493632 -1.38790892045187 -1.3263801614319073 -1.264703580512204 -1.2019275554681599 -1.1375340825907827 -1.0712664226272175 -1.0030439539964242 -0.9329198167281371 -0.8610591131042596 -0.7877260263393543 -0.7132736268146547 -0.63813310245702 -0.5628008930594135 -0.48782328662173763 -0.4137787169019094 -0.3412584216125223 -0.27084635618873526 -0.2030993567841667 -0.138528542246244 -0.07758286465787984 -0.020635582709555955 0.03202574139195996 0.0802053192494361 0.1238010987224768 0.16280264240087747 0.19728517403813103 0.227400261767339 0.2533638124602779 0.2754422309888474 0.2939377214613355 0.30917372701875334 0.3214813718295774 0.33118747945508914 0.33860438546101096 0.3440215095256967 0.34769865483342055 0.3498613076299854 0.35069850378964346 0.35036298286057427 0.34897284955736946 0.34661569004208687 0.3433548623503689 0.33923645753878795 0.3342962092206986 0.3285659262189819 0.32207905004456283 0.3148750374828343 0.3070023995254465 0.29852035227510554 0.2894991391900748 0.28001915888790985 0.27016907248720523 0.260043066094973 0.24973740849517456 0.23934637546376314 0.22895751519052912 0.21864610305478677 0.20846845161266842 0.19845341023101806 0.18859074249221738 0.17881398122664294 0.1689737561145753 0.15879497964631534 0.14780648487558934 0.13522388540998426 0.11975846144861652 0.09933779566254133 0.07085538638731814 0.030658261124574215 -0.02187292121046467 -0.07479750900055877 -0.09891943094501374 -0.07526907727802333 -0.022713595907548855 0.0294876184203253 0.06936189357783597 0.09755882189750772 0.11775845165323742 0.1330778369732172 0.1455897983879117 0.15657843963238804 0.1668207630836562 0.17677871430736167 0.18671682457965508 0.19677294970966494 0.20700150491763855 0.217400768314523 0.22793083044804074 0.2385259111081845 0.2491031933136444 0.2595694655080525 0.2698263781772037 0.2797748198481569 0.2893186989884014 0.29836823766776543 0.3068427293143719 0.31467259446084817 0.3218004989355038 0.32818128866852536 0.33378054493249965 0.3385716637777391 0.3425314964898397 0.3456347334216304 0.34784733839710064 0.3491193358564726 0.3493772126159792 0.34851727058556015 0.3464005021571739 0.34284795140428315 0.3376382477601281 0.33050816193038146 0.3211563601574432 0.3092505775398004 0.2944380902651954 0.27635894338360056 0.2546610980570236 0.22901655861560608 0.19913757318064682 0.16479208170532192 0.12581765624099653 0.08213323617522054 0.033748028543734564 -0.01923295933374809 -0.0766071538462103 -0.13807664879550802 -0.20325448386471034 -0.2716748134799755 -0.3428066108669426 -0.4160703594707659 -0.4908570100155999 -0.5665483393125281 -0.6425377532355873 -0.7182505526471407 -0.7931627551525003 -0.8668177736352748 -0.9388406452518715 -1.008950160959151 -1.0769703046334278 -1.1428441418718733 -1.2066562604863236 -1.268675271236307 -1.3294384644860888 -1.3899228617759707 -1.4518958184468136 -1.5186499635697617 -1.5965743657059233 -1.6984080046131398 -1.8479813564095606 -2.0676113388844044 -2.24890776951682 -2.640251085844652 -0.8593601442175447 -0.4926345551497438 -0.31402081889443606 -0.21573540900863236 -0.15719512432910554 -0.11996071237691552 -0.09500440297099218 -0.07758362470675598 -0.06504419783966571 -0.05581667646178909 -0.04892710649909368 -0.043743727207892324 -0.039838690898323516 -0.036909357776802 -0.03473247673254153 -0.03313770507038031 -0.03199296563821475 -0.031196860120104315 -0.030674713370703075 -0.03037593633432828
-0.029063011767750974 -0.02917567765840814 -0.029555184711707237 -0.03024110033200874 -0.03129970626744733 -0.03282444232330779 -0.034936771799859025 -0.03778950223729139 -0.041575790461264216 -0.0465478998389179 -0.05305102531291467 -0.061580638727801534 -0.07287913818913874 -0.08810341187232794 -0.10912888959591403 -0.13913105965187259 -0.18375991981925857 -0.2536361045255745 -0.3698474832316179 -0.5762991105116733 -0.9932348342715893 -2.3248397843960396 -2.1678378933098963 -1.993229584722917 -1.797733636332403 -1.6563934285667417 -1.5539318223543201 -1.4722042179111707 -1.4007839910019608 -1.334195683038598 -1.2695420598289953 -1.2052474534250328 -1.140435004637811 -1.0746178317845934 -1.0075445687138915 -0.939122097455418 -0.8693771360791525 -0.7984368332733149 -0.7265177112539856 -0.6539171431374395 -0.5810042776943366 -0.5082089558807439 -0.43600818292879845 -0.36491036514888786 -0.2954379171173913 -0.22810906513412413 -0.16341976407096037 -0.10182664132402618 -0.0437318099384552 0.010529726424885973 0.06069950591766985 0.10660148160490121 0.1481441289038616 0.1853187859473968 0.21819444551140368 0.24690945103635317 0.2716607844234202 0.292691831711021 0.31027960262381205 0.32472227763518474 0.3363276365438929 0.34540249399103085 0.35224291888410075 0.35712500012896653 0.360298323305551 0.3619833257830937 0.36236369807618596 0.3615859487464215 0.35976365856419273 0.3569817513516932 0.35330210975002363 0.3487700674637262 0.34342106590798394 0.33728691140700473 0.3304012033935854 0.3228036283459752 0.3145429363167201 0.3056785344279707 0.29628073632282426 0.2864297872462628 0.2762138307642075 0.2657259884502963 0.25506068684640393 0.24430928933984278 0.23355497641873138 0.22286666049802142 0.21229149967688388 0.20184524200145226 0.19149910472356435 0.18116103166818767 0.17064774728176196 0.15964168269073425 0.14762316978976786 0.1337636826370236 0.11676628517798308 0.0946735159851622 0.06482975746901978 0.024732540609635284 -0.024442566755402184 -0.07083355859154052 -0.09107732580808459 -0.0712942739154894 -0.025337590249204386 0.023403605332385523 0.06307438699095327 0.09254076186866643 0.11433479638956673 0.13112571313357516 0.14487587102555977 0.15688068057687138 0.16796098619495164 0.17862394170612 0.18917173357778483 0.1997710736887348 0.21049749026584658 0.22136415302016554 0.23234125278686568 0.2433695342509065 0.25437013776035017 0.26525207106623566 0.2759181401457192 0.28626985650523806 0.2962116142502723 0.30565424967740595 0.3145179466578627 0.3227343382200243 0.33024759057239816 0.33701424954690457 0.3430016816602489 0.3481850431410658 0.35254284288496984 0.3560513082807716 0.35867789648580806 0.36037440653478664 0.36107025000541704 0.36066642424134787 0.35902799126025975 0.355979405217158 0.35131363206744093 0.3447809022504062 0.3360945262379894 0.32493881137140485 0.31097867954830427 0.29387228340240035 0.2732857289506674 0.24890872092282754 0.22046999647730364 0.18775163843421738 0.15060159805455822 0.10894391536588978 0.06278620841436813 0.01222406365713284 -0.042557959570967904 -0.10128888188324785 -0.1636174391040104 -0.2291216599904081 -0.29732157402946574 -0.3676945672652519 -0.4396927470264036 -0.5127615437688471 -0.5863586858359412 -0.6599726519862329 -0.7331397649541516 -0.8054592737897973 -0.8766061336971401 -0.9463418054911802 -1.0145243909449786 -1.0811210354800442 -1.1462282493779363 -1.2101106422289574 -1.2732777510135893 -1.3366371031446893 -1.401800387141908 -1.4717017087972701 -1.5518467312724153 -1.6526733067396624 -1.7923045281062686 -1.9860024732457155 -2.158951046136939 -2.312004557050015 -0.9854912156574382 -0.5739548171697546 -0.3687917764894664 -0.25307423334358864 -0.18343142230662712 -0.13892953460257632 -0.10900591153711432 -0.08803587179174953 -0.07285566157152096 -0.06159497208783549 -0.05309845699238313 -0.046623292858716754 -0.041672669153332925 -0.037899931043078296 -0.03505183333367097 -0.032935091804554326 -0.03139772482736669 -0.030319855972231646 -0.029609990152674036 -0.0292037158493675
-0.027465338766808196 -0.02761824831363049 -0.028126472035377825 -0.029041738648489267 -0.030448478830017594 -0.03246158616500871 -0.0352249902439973 -0.038914320060900516 -0.04374787553663854 -0.05001053051138996 -0.05809625112565642 -0.06857848136390861 -0.08232627659481398 -0.100702311146709 -0.12591669316700208 -0.16169051529768752 -0.21455432952721637 -0.29645552182001056 -0.42990376023369464 -0.6576197666643759 -1.109421076158523 -2.1134012281247223 -2.068608164533896 -1.9136340171842945 -1.7421565322059638 -1.6096746224775254 -1.5079684559309223 -1.4239706405486874 -1.3494019995147595 -1.2796523462608234 -1.2121891892219236 -1.1455993800640223 -1.0790792511359393 -1.012170225985221 -0.9446228620105941 -0.8763278921216452 -0.8072820022518674 -0.7375709512897698 -0.6673604099164351 -0.5968891539350523 -0.5264617181714589 -0.4564391265464301 -0.3872272683454501 -0.3192630971409008 -0.2529992004201629 -0.18888749317515366 -0.12736287396178317 -0.06882768172779188 -0.013637732562037468 0.03790938297016305 0.08558318659784521 0.12922597563229446 0.16875502909027612 0.20416133344138634 0.23550506094550555 0.2629083253350701 0.2865460116771521 0.306635617373334 0.3234269268211925 0.33719196506155585 0.34821523700330864 0.3567830438177534 0.3631658685182958 0.3676383529952232 0.37043574343035146 0.3717625769333993 0.3717923490604791 0.37066522249980727 0.3684901797273197 0.3653492071121439 0.36130278245824565 0.35639606351529207 0.35066522236368347 0.34414343076755455 0.3368660792426539 0.3288749080459089 0.3202208386822921 0.31096541203033956 0.30118085123610744 0.2909488588181688 0.2803583133726214 0.2695020417472739 0.2584728043589956 0.24735854760503817 0.23623685312533 0.22516834816027878 0.21418861816503207 0.20329784114452848 0.1924468687537259 0.18151769973895082 0.17029508803786086 0.15842432652535132 0.14534843499375322 0.13021835937189022 0.1117813540763948 0.08830489846848392 0.057764763172035355 0.01893881740736169 -0.025533086462035212 -0.06475619605188322 -0.08115788950903294 -0.06519293782669287 -0.026408950891851402 0.01757716864468616 0.05588020181609281 0.08593375606433212 0.10902172870149486 0.12719517864590135 0.14218963065898121 0.1552491556098041 0.1672088131352613 0.17860897685455956 0.18978636124675258 0.2009376210029363 0.2121622685185797 0.2234917334995398 0.2349094785067848 0.24636537607524434 0.25778637768918256 0.2690847590879446 0.28016475664969515 0.2909280981965292 0.30127870507186394 0.3111266636119297 0.320391421742124 0.3290040642054812 0.3369084671969423 0.3440611367024813 0.35042959376574945 0.35598927429908067 0.3607190437308802 0.36459556696300827 0.3675869013118237 0.3696457769741748 0.37070308352671416 0.3706620859358801 0.3693938576162931 0.36673444739361327 0.36248640105828867 0.35640368081999096 0.34822717487759547 0.3376612536615807 0.32439337818261316 0.30810528442633306 0.28848616940036437 0.2652475527611412 0.23813807025041878 0.2069569389289444 0.1715652663419245 0.13189478526277154 0.08795382824729334 0.03983042576194177 -0.012307580834717039 -0.06821549264902052 -0.1275777775930169 -0.19001705161894789 -0.2551057599038564 -0.32238015066839193 -0.39135598965786134 -0.46154533703818906 -0.5324736160014343 -0.6036961643936251 -0.6748135047139084 -0.7454847302552807 -0.8154387351646122 -0.8844835855675128 -0.9525152540704301 -1.0195284305126686 -1.0856345844119606 -1.1510967144504105 -1.2163979922964991 -1.282376364639541 -1.3504862885662923 -1.4233042375969358 -1.5054803975687572 -1.6053209839232636 -1.7359031915858705 -1.9054849796425015 -2.0587780002198497 -2.1006842555148437 -1.0972494137859825 -0.6542158956973511 -0.4284358910064075 -0.2957078568149401 -0.21413922461439572 -0.16145093813832065 -0.12578112613785253 -0.10063635799661241 -0.08231287911463188 -0.0686084532796291 -0.05816321814015198 -0.050108142524325196 -0.04386845892952532 -0.03904859551010115 -0.03536259973396442 -0.032592138057229755 -0.030562736242505436 -0.029132541155397915 -0.028189082369197652 -0.027650078953913367
-0.025486911101044587 -0.025691099016684472 -0.026360901325966253 -0.027564055800943437 -0.02940848209854071 -0.032036003593965925 -0.03561749110552614 -0.04035444462210405 -0.04649243933623075 -0.05435149379785408 -0.06437905553750999 -0.07723518329400048 -0.09392922325770353 -0.11604705507078816 -0.14614647688978716 -0.1884724734723204 -0.25027815092830286 -0.3442135412195167 -0.49212922853615926 -0.7301390742010636 -1.1990138378411028 -1.9700418919040956 -1.9611357584106608 -1.8316869976623291 -1.6833875298472425 -1.5600287376759028 -1.4597460040212877 -1.3740923988110938 -1.2968886544696099 -1.2244213252831346 -1.1545508647503226 -1.086042709389801 -1.0181739065190742 -0.9505168759779843 -0.8828243000354274 -0.8149697872401539 -0.7469185440151312 -0.67871339127846 -0.6104676953379335 -0.5423603838661027 -0.4746303906935943 -0.4075692374884492 -0.34151133687215013 -0.2768221619289691 -0.21388477018065857 -0.15308535914086296 -0.09479861092938963 -0.03937359046595067 0.012879076873226434 0.061698087737513015 0.10687982930592618 0.14828377876983476 0.1858346620633815 0.21952138411073396 0.2493931259791401 0.27555338650033107 0.29815291837277186 0.3173822876036295 0.3334642475613713 0.34664356865650126 0.3571721044618564 0.36533867677156784 0.37138480667577656 0.3755563853512486 0.3780744632976617 0.3791318656043071 0.3788909339125034 0.3774835378048802 0.3750131819017924 0.37155881072540986 0.36717983747954164 0.3619218919268753 0.35582277903030995 0.3489181631146886 0.3412465445244681 0.33285317769152295 0.323792687013733 0.31413025982224285 0.3039414183193164 0.2933104759009201 0.28232784974647673 0.2710864181546378 0.25967707324392086 0.24818353091729398 0.23667632820938111 0.22520576800459818 0.2137933557676865 0.20242098741845155 0.19101674870961682 0.17943562873978042 0.16743274371417805 0.1546260634139166 0.14044618379648985 0.12407583224558295 0.10440142428218355 0.08005774515938537 0.04978924230448656 0.013579895380659514 -0.025063929636367024 -0.05695066844337265 -0.06974403491590672 -0.05732176992289004 -0.025853430547408525 0.012288317425384063 0.047937457958151936 0.0776671018719019 0.10156467514547726 0.12092344333899696 0.1371184557857354 0.15125705380361953 0.16414230020261247 0.17632565225244468 0.18816949526063648 0.19989844297028503 0.21163731963898819 0.22343851272377432 0.23530176977546674 0.24718885101183116 0.2590347299220436 0.27075647801432884 0.28226057353159695 0.29344908885084653 0.3042249951443675 0.31449665196014837 0.3241814169422723 0.33320822116855264 0.3415189163178374 0.3490682158428408 0.35582212096391624 0.36175483263790664 0.3668442851016102 0.37106657452781894 0.3743896780137252 0.3767669475916807 0.3781309105100019 0.3783879055098505 0.37741403583908045 0.37505283275880325 0.3711149351534551 0.36538020916082314 0.35760499682073243 0.34749139980010263 0.33478213493480957 0.3191861698638331 0.3004152633112397 0.2782072112628285 0.25233395327877434 0.22261424556673814 0.18892425252588896 0.15120518553732681 0.10946786476330672 0.06379441032301447 0.014337285830683758 -0.03868419088618096 -0.09498982363988909 -0.15424692768861464 -0.21608095915086145 -0.280088071501919 -0.3458491428764775 -0.41294468914573174 -0.4809699807916003 -0.5495496358270263 -0.6183509920469538 -0.6870957040390578 -0.7555693098277263 -0.8236290342253909 -0.8912109425872529 -0.9583389040266299 -1.025139989311501 -1.0918745347343115 -1.15899534687987 -1.2272616378224819 -1.2979528718184894 -1.3732583745147107 -1.4569411953810694 -1.555225294460661 -1.6766019475922536 -1.8230251524698653 -1.9508961315690478 -1.9574032738243663 -1.1818273017791694 -0.7255110619558692 -0.4902004486024686 -0.34326776931017006 -0.24977900592550153 -0.18820328925137014 -0.1460082950844602 -0.11599196734725385 -0.09393336682704205 -0.07728596125992504 -0.06446835906143362 -0.05447194798266163 -0.04663551570476585 -0.04050993845985479 -0.03577404613163148 -0.03218232890585499 -0.02953478310550922 -0.027663126611487697 -0.026428439185240245 -0.025725160950084036
-0.02314416084427398 -0.02341406495403956 -0.024288852705737232 -0.02585749800090031 -0.02825860995400597 -0.03166820049299743 -0.036289759195548936 -0.0423540782244695 -0.050135722601413885 -0.059991355006676066 -0.07242492725190638 -0.08818863393097487 -0.10843867164364521 -0.1349840827435319 -0.17069996814318186 -0.22022718448662978 -0.2911300246291119 -0.3955800879694408 -0.5518012055240525 -0.7844398061743327 -1.2421569820393152 -1.8358486875331328 -1.8450139096989497 -1.743585860254039 -1.6184945105306303 -1.5055399272520418 -1.408064068151672 -1.3218451650712766 -1.2428335324748965 -1.1683004564736013 -1.0965638260542971 -1.0266060747321886 -0.9578063104021864 -0.8897794639575619 -0.8222864602000818 -0.7551870186635182 -0.6884166099199011 -0.6219761337189039 -0.5559273652079789 -0.49039003181123375 -0.4255381863945036 -0.3615947208752289 -0.2988236398856147 -0.23752021486174785 -0.1779994450964579 -0.12058342027866172 -0.06558825442138128 -0.01331128434648389 0.03598076824422067 0.08206196487062783 0.12475495316852057 0.1639358189328405 0.19953573163191943 0.2315397123951912 0.2599834344960128 0.2849488785041145 0.30655768888656554 0.3249700379801826 0.3404096128572345 0.35308033919750526 0.3632126250665726 0.37104847551827747 0.3768240507108172 0.38076163080574144 0.3830632518262179 0.38390629107639834 0.3834412001127413 0.381791343231006 0.37905474687430485 0.37530745439572744 0.37060809478055545 0.3650032114578312 0.35853286226909126 0.35123599982402265 0.3431551775344738 0.3343402014988473 0.32485045707913457 0.31475576940275934 0.3041357907676492 0.29307802329456123 0.28167466165016336 0.27001846390233786 0.2581978237136303 0.24629112898097588 0.23436036180911957 0.22244373378658427 0.2105469648624982 0.19863260286401202 0.18660654636259089 0.17430071773336508 0.16145081139911327 0.1476687608322625 0.13241250988869419 0.11496449540240553 0.09445292366571738 0.06999985354499516 0.04116322582480074 0.008884985116405224 -0.023146602658357905 -0.04791273485922791 -0.05746574163721936 -0.04819552448675057 -0.023788032602555916 0.007773828734267991 0.03950237054904925 0.06778788928161855 0.09176424395459509 0.11192029393344194 0.12915224067597553 0.1443311332158273 0.15816320098857528 0.17117378130583527 0.18373163386775868 0.1960806319456159 0.2083681298353659 0.22066779530235944 0.23299743852462534 0.2453329827311612 0.25761964520066505 0.2697811512172238 0.2817275525304931 0.29336200401796386 0.3045866689295199 0.31530777154349005 0.32543969890710234 0.33490797820158846 0.34365093144314107 0.3516198386812842 0.3587775208591851 0.36509537192987307 0.3705490081559585 0.3751128395828762 0.3787539847166204 0.3814260292810097 0.3830631645606506 0.383575227429496 0.38284410513445966 0.38072186975455397 0.37703088026318576 0.3715659504281773 0.36409855840420424 0.3543830232221538 0.3421642360116538 0.3271739053207224 0.30914058052995436 0.2878821271991088 0.26318050591690834 0.2348711430826524 0.20284602081024136 0.16705668466085458 0.12751757966878086 0.08430640180178287 0.03756181373369951 -0.01252089001785332 -0.06569588917561328 -0.12167466968802294 -0.1801355556168013 -0.24073478627805917 -0.3031188085469417 -0.3669372946931772 -0.43185628010633087 -0.49757075804173223 -0.5638160883358329 -0.6303777015119302 -0.6970988483816235 -0.7638866137686258 -0.8307171634126644 -0.8976423566121128 -0.9648016574717171 -1.0324461047000042 -1.1009856044987236 -1.171077893239742 -1.2437875096775548 -1.3208509049523516 -1.4050555734356138 -1.5005139919104074 -1.6115251550784382 -1.734874633087107 -1.8349254125568497 -1.8237905316825491 -1.2212452269304226 -0.7785169607809523 -0.5493794643560003 -0.3944249736754681 -0.2905471884502328 -0.21993424472057402 -0.1705668058040232 -0.13494712811590126 -0.10846609468264179 -0.08826389785434553 -0.07253807931534426 -0.06013416160291527 -0.050299130818348865 -0.04252736511035753 -0.036460995620476465 -0.031825619649924884 -0.028392296076225464 -0.025960674004604882 -0.02435815150133763 -0.023448638020305643
-0.020458608404561224 -0.02081473664264065 -0.021956686870340615 -0.024001705217083846 -0.027128753557800415 -0.031557593861015656 -0.03753133952862054 -0.04531335318635996 -0.05520717884297435 -0.06760427778265786 -0.08306256306418852 -0.10242191106430304 -0.12697195772655664 -0.15870229026660526 -0.20068278895325226 -0.2576265407791968 -0.3366104174745041 -0.44753683191346294 -0.6018605692926783 -0.8111522040640209 -1.2181542189820456 -1.6912913551490676 -1.7175164184282172 -1.6445703752904919 -1.543291982182995 -1.4429470673793825 -1.35051776596683 -1.265495619526117 -1.1859933839626478 -1.110395578821449 -1.0375816394230908 -0.9668191291361642 -0.8976311655081297 -0.8297007700922884 -0.7628129581892913 -0.6968237176117369 -0.6316456256724078 -0.5672425748386271 -0.5036285472625204 -0.4408672361013532 -0.3790706395988773 -0.31839568439038957 -0.25903857088791943 -0.2012269490239418 -0.14521028224128138 -0.09124889172779921 -0.03960224920517779 0.00948282359269817 0.055783222027757776 0.09910883810608838 0.13930893459681828 0.17627494927597817 0.20993982860186025 0.24027351057016058 0.26728668226309366 0.29107177944922924 0.3117288661025872 0.3293817288990678 0.3441999766271421 0.3563787106544682 0.36612717579176524 0.37365952805677904 0.379186354033371 0.3829072896734008 0.38500511915832847 0.385641615856522 0.3849552626634821 0.38306086407502316 0.38005093818711927 0.375998657969281 0.37096200439068655 0.36498870750998147 0.3581214945633372 0.3504031451965416 0.3418808797245653 0.3326096781593266 0.32265423997774023 0.31208943328765687 0.3009992263767566 0.2894742205778995 0.27760798904094575 0.26549245686743816 0.2532125304841686 0.2408401055597992 0.22842746898344785 0.21599998138045523 0.2035478042282478 0.19101634816860524 0.17829512009396215 0.16520486126881728 0.15148359413906515 0.13677409789562361 0.12061979041877424 0.10248550572023714 0.08183755731171269 0.05834387441644644 0.03227096124571513 0.005088241678512507 -0.019985290989414616 -0.038205481759057525 -0.04498223689542258 -0.03840266158114809 -0.020457910168294145 0.00422398232853087 0.030921392063195042 0.056481331853927896 0.07950613176198139 0.09978133860504443 0.1176660473985004 0.1337012611524907 0.14841685104097213 0.16225684987719377 0.17556195722487508 0.1885754976247964 0.201456990747861 0.21429679580919184 0.22712955971167972 0.23994596854584546 0.25270294187316633 0.2653325703309216 0.27775006794556567 0.28986091196083336 0.30156722510948863 0.31277334223705694 0.32339041165582094 0.3333398259800078 0.3425552686851392 0.3509832061961936 0.35858174718772484 0.365317918278108 0.3711635490437155 0.3760900972331719 0.3800628569525406 0.3830350634230941 0.384942429781824 0.3856986235436112 0.3851921178863248 0.38328474495161746 0.37981214609260855 0.37458616945029827 0.3673991207466323 0.3580296422555063 0.3462498941478563 0.3318336557072852 0.314564831682273 0.2942435754330507 0.27067393756594443 0.2437336816026268 0.21337327260421612 0.1795285737504546 0.14221191886132067 0.10149688927400206 0.057510336261895986 0.010426058776658129 -0.03954222780580351 -0.09214850842594381 -0.1471228621518646 -0.2041808696807837 -0.2630339985406542 -0.3234006223490253 -0.38501712421476014 -0.4476484441018448 -0.5110974415816067 -0.5752125598439382 -0.6398935164852566 -0.7050951512712638 -0.7708301870535309 -0.8371725851761002 -0.9042645094900768 -0.9723317901492734 -1.0417152878475182 -1.1129283527682132 -1.186751311317028 -1.2643625461368748 -1.3474445470399543 -1.437963466783422 -1.5365297653489216 -1.6363044193462544 -1.7081412211145868 -1.6803968481223008 -1.1972212623725855 -0.80405534768459 -0.5989443852453918 -0.44616145645495103 -0.33593832551480524 -0.2573096179684123 -0.20055736316960565 -0.15868706394821128 -0.12702577647159216 -0.10252354906444709 -0.0831999229836108 -0.06776827422536717 -0.055388431035846564 -0.04550091067342735 -0.03771302068951759 -0.031721485634218706 -0.02726518419044062 -0.02410477173199002 -0.022024484992403854 -0.020848026151022134
-0.01744977164948123 -0.017924794681080297 -0.019433178778859826 -0.022129412800736083 -0.02624523783567032 -0.03205616152920016 -0.03985257986714414 -0.04993146441659409 -0.06261957395979377 -0.07833131331920618 -0.09765962228575203 -0.12149942881066723 -0.15120879078058433 -0.18881754590495306 -0.2372845638779171 -0.30074928387757693 -0.38453773479333647 -0.4942386113664921 -0.6328816652340242 -0.8025524061357636 -1.1288076020498414 -1.5278471777744562 -1.5736259448495824 -1.5283281645271973 -1.4515132709960783 -1.3666419012259767 -1.2824518506036056 -1.201320298126832 -1.12342262708849 -1.0483702393304457 -0.975734309686359 -0.9051678558138118 -0.8364074639222844 -0.7692509539042184 -0.7035389636287461 -0.6391455010344665 -0.5759757479510239 -0.5139680676542918 -0.45309751197089937 -0.39337887047306147 -0.334868039897088 -0.27766109235426806 -0.22189085814185744 -0.16772111986914945 -0.11533867373155215 -0.06494363739326421 -0.01673863868752108 0.029081915431585302 0.07234049608014141 0.11288007850384336 0.15055466005455034 0.1852314792893206 0.21691545210134075 0.2455634035096466 0.2711494866429095 0.29371530204903035 0.31334501882743243 0.33015721246546925 0.34429845014847815 0.35593619225256035 0.3652512167125756 0.37242998853617626 0.37765739837269563 0.381110274046081 0.3829520270894873 0.38332872704039933 0.3823668011987573 0.3801724425910641 0.3768326818718192 0.3724179488538961 0.36698582650913053 0.3605855961072242 0.3532630988907153 0.3450654087369195 0.33604482972199096 0.3262618042083488 0.3157864342929084 0.3046984663685024 0.2930857423105463 0.28104125603865854 0.268659048946554 0.256029218837842 0.24323230359173448 0.2303332442402921 0.2173750541277589 0.204372250741647 0.19130408213206962 0.17810765311734578 0.16467131347192943 0.15082926409643108 0.13635953994619182 0.12098978389818406 0.10441911571199708 0.08637024234183407 0.06669233246983836 0.04553533484511416 0.023593146883659065 0.002341663032808494 -0.01591742199956623 -0.028449028519524983 -0.03296060397418994 -0.02857270239231414 -0.01622824516569462 0.001744152137670871 0.02261831940905606 0.04413675486583385 0.06488018246968304 0.08420363074956655 0.10198947517607926 0.11840436380681058 0.13372873811018499 0.1482580445609092 0.16225368540058446 0.17592313324334263 0.189415407569337 0.20282396566790134 0.21619284439142994 0.22952402833837054 0.24278512940537586 0.2559169914692525 0.2688410529254496 0.281466358742011 0.2936960941615513 0.3054334615211125 0.31658667122658873 0.3270727907756106 0.33682020797092516 0.34576952377167075 0.3538727942617199 0.36109117778732014 0.3673911928665766 0.3727399323567292 0.377099688702594 0.38042250875895045 0.38264520750671127 0.38368532889040385 0.3834384565506247 0.381777159267995 0.37855171919073805 0.37359264892410604 0.366714868307211 0.35772329296535127 0.34641949211229817 0.3326090089685797 0.3161089109855407 0.29675516080026143 0.2744094838907185 0.2489654249742541 0.22035078256906723 0.1884982481643252 0.1534453607147305 0.11532937833156809 0.07420847721396505 0.030232468820361583 -0.016411387483077893 -0.06551410393495116 -0.11685354687508105 -0.17020201796855988 -0.22533407038033632 -0.2820349578245605 -0.340109372576376 -0.3993897642316011 -0.45974349290540467 -0.5210782055128652 -0.5833450609923656 -0.6465397702636572 -0.710701885087553 -0.7759133871551789 -0.8422983811712877 -0.9100264709953396 -0.9793227931467102 -1.0504864407888157 -1.1239124081167702 -1.200089545293049 -1.2794792046547956 -1.36199476217365 -1.445370122730524 -1.5209991911897554 -1.5654930232744735 -1.5186706762412385 -1.1117735873126275 -0.7947368224792157 -0.6295260418376852 -0.4926345861467818 -0.383760770266486 -0.3003974248477128 -0.23716128032759684 -0.18882205346429276 -0.151288809471622 -0.12162773616123071 -0.09782117511246607 -0.07851576890747551 -0.06281708887182186 -0.05013088655659602 -0.04004158267333171 -0.03222284698216116 -0.026380428992663053 -0.022228493908508947 -0.019496306595691116 -0.017954993326978856
-0.014118680025885 -0.014773144067627971 -0.016830279582380113 -0.020490182524129742 -0.02605000740588655 -0.03385277980893749 -0.04424017866692533 -0.05753373112818332 -0.07405881045813922 -0.09421044969422071 -0.11854965310859827 -0.14791616514798414 -0.18354320332640994 -0.2271509527762541 -0.2809624494268223 -0.3475041490360843 -0.4289114871121515 -0.5253914123260336 -0.6334555273835295 -0.753305956388544 -0.9955532599748805 -1.3367833243490512 -1.4046706249005905 -1.3855846240367509 -1.333352896737761 -1.2669049494447933 -1.1949671600382208 -1.121578415609354 -1.0485565267854697 -0.97670907391001 -0.9063921595995084 -0.837753744823825 -0.770837084186364 -0.7056266988061393 -0.6420725681016088 -0.5801067039474791 -0.5196569543648851 -0.4606591224424856 -0.4030671645703395 -0.3468609375640912 -0.29205105965306155 -0.2386806510161436 -0.1868239247846669 -0.13658185656497834 -0.08807564656911233 -0.041439500941007755 0.003182772068131425 0.04557373952269351 0.085504307272007 0.1231228642692615 0.1581446405876466 0.1904502894122809 0.21997367108326182 0.2466819539066226 0.2705761649813445 0.29169087753810263 0.31009241604184967 0.32587571796776327 0.3391600155237865 0.35008356024693077 0.3587976844771592 0.36546055209758654 0.37023098643254637 0.3732627707985225 0.3746997943972884 0.37467236266080256 0.37329490866519965 0.3706652349805589 0.36686528986047606 0.3619633471136695 0.3560173270849103 0.3490788808999076 0.34119777650924116 0.3324260868487131 0.322821697009515 0.31245072054523376 0.30138853716714586 0.28971931778492377 0.27753406414629095 0.2649273337813637 0.25199292590595307 0.2388188598036989 0.2254819863325325 0.21204255074249861 0.19853899669755914 0.1849833010143312 0.17135719682671702 0.1576098285110009 0.14365774410249446 0.1293887369763384 0.1146719481950487 0.09937778602226002 0.0834122655690066 0.06677030756450271 0.049609232707183565 0.03233401950371298 0.015668013034331785 0.0006620215027183068 -0.011410515274926734 -0.019290529126826612 -0.022049466718925402 -0.01935839114341712 -0.011587774638922896 0.00030602543796723336 0.015062623001394783 0.031430094685139985 0.048392038477545814 0.06526103169481398 0.08166171805322567 0.09745694348022033 0.11266259042627715 0.12737559146268862 0.14172235448950166 0.1558258759031655 0.16978695177147388 0.18367500570066309 0.19752511581572108 0.21133891899992638 0.22508790535102302 0.23871816630372492 0.25215598599575584 0.2653138363990856 0.27809640993492424 0.2904063431999405 0.30214928685895825 0.3132379870508337 0.3235950825552479 0.33315440002037433 0.341860646614891 0.34966754485195284 0.35653460923599145 0.3624229062992883 0.36729024748684447 0.37108632310297857 0.3737482885598567 0.37519726372347406 0.3753361117531303 0.37404873955192863 0.37120102350990936 0.3666433265288824 0.36021444777507616 0.351746744260232 0.3410720886889001 0.32802828320676447 0.3124655331692095 0.2942525964403133 0.27328225948485046 0.24947585227611158 0.22278661063733335 0.1932018619274825 0.16074432737208982 0.12547323138393945 0.08747258604322286 0.046723203527936255 0.0036772197665324424 -0.04164795609211069 -0.08907284705116157 -0.13841107792706323 -0.1894917827374255 -0.24216203652750076 -0.29629047792425645 -0.351771818020223 -0.40853102738252983 -0.46652592472490945 -0.5257473072335009 -0.5862162119410425 -0.6479782699058761 -0.7110954106232328 -0.7756353220247173 -0.8416588188925654 -0.9092040032622315 -0.978262415385486 -1.0487331662804111 -1.120319655174519 -1.1922867758942104 -1.2629030341095475 -1.3282286798119298 -1.3796365358292946 -1.398234846293518 -1.3297999234578177 -0.9841805174054091 -0.7457277447503843 -0.6298267292854915 -0.5235669987634298 -0.4280029978452044 -0.3470904556399355 -0.28082274083475955 -0.22716499871748472 -0.18364535848868724 -0.14807084167096418 -0.11873698137618965 -0.09441751464329667 -0.07427446338012196 -0.05774611532035605 -0.044436541136188744 -0.03402111698466047 -0.02618171371815335 -0.020582323954872826 -0.01688586065711919 -0.014798450537356478
-0.010403798980436859 -0.011374865089833817 -0.01438357600648573 -0.019662466622865245 -0.027565692978347864 -0.03849715740721583 -0.05282938111778027 -0.07085830205492451 -0.09281764629302366 -0.11894275824234993 -0.1495532712640719 -0.18511880089999033 -0.22627107229496013 -0.27371930224090535 -0.32801112178062414 -0.38907450318946296 -0.45553404427890726 -0.5240747672204531 -0.5902359964395316 -0.6593394188448893 -0.8290241748446154 -1.10304735678081 -1.193504774221128 -1.199883928287827 -1.1718640558055495 -1.1262026077890166 -1.0708091212651063 -1.0101130716627384 -0.9467766262208512 -0.882457634197664 -0.8182090403668383 -0.754701807042663 -0.6923549110669932 -0.6314156780169895 -0.5720133645277741 -0.514197791016117 -0.4579687777209339 -0.40329892236909176 -0.3501506166662478 -0.29848754693732843 -0.2482813060860665 -0.19951496109625805 -0.15217956390438275 -0.10629934849911458 -0.06271049719127937 -0.02028463469257912 0.020179795980032063 0.05859774593829635 0.09486351591484171 0.1288732188224932 0.160532784322852 0.18976359301222592 0.2165071708554747 0.24072876273899008 0.26241960271179987 0.2815978091887331 0.29830791232082743 0.31261908278891803 0.3246221910528668 0.3344258870948196 0.3421519500455896 0.3479302090325372 0.35189337449850977 0.35417213679755577 0.3548908809424796 0.354164329657923 0.35209536044880707 0.3487741481592551 0.3442786677344984 0.33867646154432407 0.33202744425994263 0.3243874013788369 0.31581175171250586 0.30635910453192783 0.2960941586182256 0.2850895649873746 0.27342649931752216 0.26119384645675103 0.24848606410991886 0.23539994155341026 0.22203058301722423 0.20846701519880856 0.1947878471009567 0.1810574114962108 0.16732281107892494 0.15361230044019875 0.1399354741312183 0.12628580541124182 0.11264617083442255 0.09899804547312213 0.0853349484022598 0.07168027529131017 0.05810864568740205 0.044768151242454285 0.03189855931369566 0.019838377978205805 0.009013238168546527 -9.905857664114142e-5 -0.007024912800894826 -0.011362710765840802 -0.012847835202863617 -0.011393731508350338 -0.007108126383259639 -0.0002718963603877383 0.008708786077092395 0.01936648095452405 0.03123754298280659 0.04391456686340339 0.057077686651778564 0.07050356362924604 0.08405681381943873 0.09767116720197028 0.1113271270481842 0.1250308319168699 0.13879660991165743 0.15263406103149935 0.16653953203167968 0.18049140292910046 0.19444847458774123 0.20835076695584132 0.2221221055803056 0.23567393931235997 0.24890987742857512 0.26173046208010475 0.2740377146269886 0.28573902824978525 0.2967500389031017 0.3069962008650997 0.31641292156521467 0.32494426299636164 0.3325403758681498 0.33915397592794183 0.3447362790626167 0.3492328683113713 0.3525799659002891 0.35470153012837724 0.35550750114511775 0.35489339666877673 0.35274132516642465 0.34892235527089166 0.34330006841859223 0.3357350350412638 0.326089897265324 0.31423471349761134 0.3000522201599586 0.2834426887541833 0.26432809670324753 0.24265538184337782 0.21839860721252036 0.19155992051485946 0.16216925034036292 0.1302827455348059 0.09598005972200405 0.05936077765361475 0.02054075590607809 -0.020349325099152257 -0.06314908206207163 -0.10804058714856882 -0.15424399171630934 -0.2020734097235908 -0.25137127755456173 -0.302075348964428 -0.35415701646223 -0.40760938964782 -0.462441156946245 -0.5186692695117444 -0.576307636266018 -0.6353508114561771 -0.6957520700093167 -0.7573947232595648 -0.8200539959109227 -0.8833436487961293 -0.9466355248932682 -1.0089290744190371 -1.0686274400886149 -1.123136043306741 -1.1680954042352394 -1.195659434817371 -1.1891043185214638 -1.0986056074784016 -0.8231327798950334 -0.6535115328226508 -0.5867425914220621 -0.5221113356396184 -0.45447624404801434 -0.38855929861810024 -0.32782148726858024 -0.27372326864812824 -0.22638898198535215 -0.18530329062348685 -0.14977593034200637 -0.11918499332546365 -0.09306469449402613 -0.07109596582162266 -0.053043305220181934 -0.03867438400651938 -0.027697750733845023 -0.019748385419573564 -0.01443043444110509 -0.011394012645808367
-0.7252309516800058 -0.72438966557818 -0.7229146530293203 -0.7225242807202071 -0.03374933955906913 -0.050068870713679006 -0.07069410089015385 -0.09565798294543967 -0.12476726594450627 -0.15765124611168826 -0.19382857880472237 -0.2327308001665145 -0.27366124633432604 -0.3156931035464272 -0.3575329544386429 -0.3974019593000366 -0.43302944757770023 -0.4620147822661266 -0.4838513731724123 -0.5119289371909882 -0.6168558308952337 -0.7986172684680535 -0.900613240273659 -0.9332065732081302 -0.9304377574395007 -0.9080179528254033 -0.8735385051218062 -0.8313229612973104 -0.7841597468343767 -0.7339815260820045 -0.6821732982794921 -0.6297352252580963 -0.5773821280401988 -0.5256123940409785 -0.4747606344488891 -0.4250412656322202 -0.3765893633339766 -0.32953462336938094 -0.2826731114222796 -0.23886973094278416 -0.19581702158757555 -0.15408538357081758 -0.11372986860345786 -0.0747985262952445 -0.03735122933742903 -0.0014609703470103955 0.032788469511809165 0.06530635515189515 0.09599956523550078 0.12477741848133998 0.15155640400345233 0.17626453634418973 0.1988451133283921 0.21925970301784337 0.23749022978560627 0.2535400727430598 0.2674341354279651 0.2792178955372789 0.28895549767892914 0.2967270089809926 0.30262501363173 0.30675077340710843 0.30921022154831623 0.31011008137587853 0.3095544036682239 0.30764179419679705 0.3044635529404278 0.30010287010846753 0.2946351252385283 0.2881292221605558 0.2806497762023411 0.27225986537482527 0.26302398044270525 0.2530107743397132 0.24229522912737556 0.23095993052918812 0.219095258248587 0.20679844789355706 0.1941716344177769 0.1813191235060738 0.1683442365629071 0.1553461255171025 0.14241695380190322 0.12963979589822133 0.1170875302642109 0.10482289965604565 0.09289979557137135 0.08136569223319101 0.07026501066185627 0.059643039198608486 0.049549888690144955 0.040043850297967684 0.03119349802182594 0.023077983071883478 0.015785222876148752 0.009408058453926874 0.004038843139919329 -0.00023678911136394476 -0.0033461201626547045 -0.005234681599857979 -0.005870965933973725 -0.005245438276887013 -0.0033751656685637654 -0.0002980347170733316 0.0039285599124258795 0.00923218349305403 0.015530272425821822 0.022735646549949265 0.030762028225566528 0.039528768026068424 0.0489640157622543 0.05900587031135121 0.06960146301880986 0.0807043238777519 0.09227064188704143 0.10425512728200922 0.11660713750897167 0.12926759176423824 0.14216702163307848 0.15522492447004393 0.16835042145429277 0.18144408132603151 0.19440065569751713 0.20711238437000018 0.2194724735422846 0.23137833258847046 0.24273418226491106 0.2534527209309875 0.2634556508304389 0.2726730107395463 0.2810414146840522 0.28850143633003883 0.29499448437697934 0.3004595714964896 0.30483038269670304 0.3080330022186022 0.3099845721891625 0.31059304641386826 0.3097580849260786 0.3073730235192383 0.3033277583728947 0.2975123158923567 0.28982083492269567 0.280155672138224 0.2684313487161694 0.2545780828193289 0.2385446925794095 0.22030070274813326 0.19983754004368853 0.17716875356724715 0.1523292450105121 0.1253735379368276 0.09637315727882446 0.06541323241335965 0.03258848487217507 -0.0020011775533891807 -0.03825515441528436 -0.07607630737550619 -0.11537418204728093 -0.15606647672276525 -0.19807719107894428 -0.2413195321729469 -0.28528045170339755 -0.3321503006437465 -0.37912885611717395 -0.42746744937121284 -0.4770090062827532 -0.527598280475162 -0.5790133762601106 -0.6309251944504396 -0.682851151878004 -0.7341001329480059 -0.7837017844225176 -0.8303054406868919 -0.8720157135344366 -0.9060829173126412 -0.9282230405733 -0.9308872195443518 -0.8984178546012827 -0.7968193249684923 -0.6152122596719973 -0.509422438805289 -0.4814700873870943 -0.4603023575339598 -0.4319525529657163 -0.3968153572114082 -0.3572974730792339 -0.3156973098218568 -0.27382217884428206 -0.2329896746222365 -0.19414516839449295 -0.15799826611593115 -0.12512571841188475 -0.09601468385604496 -0.07104438993526335 -0.050442316275133244 -0.03468194908909737 -0.7109723223828597 -0.7232610957657639 -0.7246509593049019
-0.6724868950903001 -0.66855923362696 -0.6604055998556083 -0.6541281368254027 -0.6556695881998958 -0.6682651813729946 -0.691984623589797 -0.7242076997002194 -0.6869902456022355 -0.19319658775543014 -0.22222272927744507 -0.24627553795825127 -0.2657572382400039 -0.28008645451442565 -0.2886201547278839 -0.2908301493688161 -0.2866087235255644 -0.2772619544485651 -0.26828842204948067 -0.27406742936357364 -0.3132621703060864 -0.3802670580124147 -0.4443376967476363 -0.4875987928689207 -0.5096079431453063 -0.5150719035983323 -0.5084488377071904 -0.49308149232274184 -0.4715195337144141 -0.4462947869230901 -0.41857088618274585 -0.38618380273758235 -0.3576990584622771 -0.3276286005629925 -0.29682790912712687 -0.2658369294807369 -0.23502069612439008 -0.20461730043390383 -0.17478205017476312 -0.14561939088431364 -0.1172045519636947 -0.08959804937176855 -0.06285517565181145 -0.037031817088221 -0.012187507839297462 0.011613592552984841 0.03430324122206572 0.055810707658991474 0.07606503296173454 0.09499763059966691 0.11254496780758175 0.1286511204391555 0.14327004006729377 0.1563674110839613 0.16792200916023484 0.17792650289265302 0.18638766997738454 0.193326029539224 0.19877492417661444 0.20277911866805565 0.20539301581841268 0.20667862126895326 0.20670341509092477 0.2055383049327455 0.20325583952648757 0.199928848920369 0.19562964621432394 0.19042987379928544 0.18440100656479783 0.17761543998272605 0.17014800096841665 0.1620776363087876 0.1534889722461686 0.14447341492305718 0.1351294872080596 0.12556217834389338 0.11588121377126052 0.10619831599101426 0.09662369503226882 0.08726214483474161 0.07820919832343975 0.06954779041855882 0.06134579540565492 0.0536546637497722 0.04650921768173526 0.039928510969604106 0.03391754382882481 0.028469561847259538 0.023568656452883537 0.019192412225390695 0.015314397787342258 0.01190635773101241 0.008940022385433483 0.00638850373649635 0.004227286482694703 0.0024348525164868875 0.000992996529007951 -0.00011309664004815593 -0.00089493095220189 -0.0013608361592119065 -0.0015167245373135772 -0.0013631797399588602 -0.0009010223946286351 -0.0001255841977984684 0.0009707096383247722 0.0023990885091791803 0.004174552647984217 0.006315905407281431 0.008845630223882028 0.011789528537142598 0.015176033610682224 0.019035129811473595 0.023396834867605083 0.028289241681627213 0.03373616492383297 0.03975449412821111 0.04635141599735726 0.05352172776303915 0.06124551053951614 0.06948645294314562 0.07819109615815487 0.08728920134431879 0.09669531807673178 0.10631147236203023 0.11603072343464506 0.12574119722634308 0.135330125629844 0.14468742467813783 0.1537084308057192 0.1622955617354916 0.1703588441065576 0.17781541837909604 0.1845882641097978 0.19060446836169687 0.19579338247131206 0.20008498396217073 0.20340869432798192 0.20569281585745325 0.206864657216698 0.20685133080868626 0.2055811336435141 0.20298537213209578 0.19900046092181006 0.19357011510397437 0.18664746068395813 0.1781969061596172 0.16819564429667833 0.1566346839643705 0.14351934413151135 0.1288691736949993 0.11271729066500344 0.09510916244501232 0.07610087664107787 0.05575698099162146 0.03414800407952064 0.011347807958731691 -0.012569028315606932 -0.03752953790906052 -0.06346408483756175 -0.09030707200033723 -0.11799615020442866 -0.146469330163373 -0.17565924153348356 -0.20548351383000657 -0.23582975457930233 -0.2665327445823881 -0.29734068317019713 -0.327870616284694 -0.3575760684039983 -0.385717555431933 -0.4169087074142828 -0.44449504850873767 -0.4700022704580026 -0.491823965063422 -0.5073847107257885 -0.5141626694925224 -0.5088602635476439 -0.48706426440806605 -0.44411020089716446 -0.3804487045263852 -0.31381129142784064 -0.27467188550490645 -0.26872950304200666 -0.2776714563611414 -0.287264720747344 -0.29199006764201096 -0.2904678433618549 -0.28271551162125164 -0.2691592990140611 -0.25031366805985295 -0.22651361893869468 -0.19641943216726737 -0.6395773183956172 -0.7281511998975311 -0.6972103839430327 -0.6733826667535668 -0.6601174779318442 -0.6575408046870883 -0.6626154062030686 -0.6696080959331949
-1.2761754602950806 -1.2821099410859296 -1.2997768081431846 -1.328103253392317 -1.3654968525300148 -1.4098877124825302 -1.4588655415687632 -1.5098306640731103 -1.5601623968990483 -1.6075775721451706 -1.6472814188045883 -0.8370606784256586 -0.847773000902134 -0.8519978904134194 -0.8423081593881901 -0.7545483804610003 -0.0909454633591396 -0.008585779872571225 -0.0019315625786218132 -0.0006273625568189864 -0.0003291859724595204 -0.00031391531278344314 -0.00038609675447651343 -0.0004759399098012812 -0.0005546213203212955 -0.0006102929656192575 -0.0006395386014463102 -0.0006435808826288352 -0.0006261936449584311 -0.0005923525063120165 -0.0005472931435646317 -0.0004958590598768477 -0.00044208767395594186 -0.000389000127925792 -0.00033856036978679776 -0.0002917656197560748 -0.00024882799875724154 -0.00020940735060231885 -0.00017285827458580845 -0.0001384597522680165 -0.00010560294708234599 -7.392111683387764e-5 -4.335436119745185e-5 -1.4150342309126084e-5 1.3190581617659407e-5 3.801179365405833e-5 5.962094585390743e-5 7.74158599006595e-5 9.099793086200019e-5 0.00010025775518470452 0.00010542159016539035 0.00010705197010415639 0.00010600094174068188 0.00010331960244936019 0.000100132649765888 9.74912065663693e-5 9.622094034790727e-5 9.67850124568146e-5 9.918213534861158e-5 0.000102898409399773 0.00010692718980790796 0.00010986383923362895 0.00011007221487146544 0.00010590815926703953 9.597384926629542e-5 7.936785201889242e-5 5.589147127034103e-5 2.617425843371017e-5 -8.30891711810024e-6 -4.53410216839049e-5 -8.21784814040021e-5 -0.00011585208175688509 -0.00014351073551735325 -0.00016275808806889792 -0.00017193351649445862 -0.00017029930671078674 -0.00015811209932747343 -0.00013657532780070474 -0.00010768649014908778 -7.400577635516861e-5 -3.837940989412764e-5 -3.6521996226537287e-6 2.7599497375087318e-5 5.328921691727874e-5 7.19782473246436e-5 8.295931808435295e-5 8.626272272417365e-5 8.258844148701425e-5 7.317455176072518e-5 5.961844182974302e-5 4.3672460688423436e-5 2.7038772757926473e-5 1.1188482083841432e-5 -2.7729808592743206e-6 -1.4178594488170694e-5 -2.2803928337131602e-5 -2.8806269496672034e-5 -3.261194119383484e-5 -3.4772754707846794e-5 -3.5816883534472416e-5 -3.738990633416789e-5 -3.581684700340015e-5 -3.4772676553577896e-5 -3.261188088171807e-5 -2.8806302885877293e-5 -2.2804148706143015e-5 -1.417910819236978e-5 -2.773900823757566e-6 1.1187045013431672e-5 2.7036720504189887e-5 4.366972005040397e-5 5.961497682579702e-5 7.317037459480964e-5 8.258362033393168e-5 8.625738466229508e-5 8.295364593764017e-5 7.197246989854756e-5 5.328359304236809e-5 2.7594295107530783e-5 -3.6567263874149205e-6 -3.838304454863628e-5 -7.400835939204033e-5 -0.00010768793286609375 -0.0001365756178878866 -0.00015811129747518262 -0.00017029753475304157 -0.00017193093890161432 -0.00016275488956934246 -0.0001435070981041301 -0.0001158481641929573 -8.217440369791473e-5 -4.5336856050273156e-5 -8.304685865871442e-6 2.6178578583366563e-5 5.5895939653719674e-5 7.937255092451622e-5 9.597886905085658e-5 0.00010591358343403542 0.00011007810663244414 0.0001098702307546755 0.00010693407494078496 0.00010290574024384965 9.918982259181463e-5 9.67929289598118e-5 9.6228927153942e-5 9.749908026319966e-5 0.00010014021001889682 0.00010332663865989693 0.00010600723790400257 0.00010705730742639085 0.00010542574740817298 0.00010026050724983397 9.099904668893936e-5 7.74151011682089e-5 5.961806829757909e-5 3.8006552851881396e-5 1.318274491282685e-5 -1.416097668136962e-5 -4.336793751336731e-5 -7.393768879055857e-5 -0.00010562244038913897 -0.00013848192653314283 -0.0001728826890942842 -0.00020943333948134974 -0.00024885466088346965 -0.00029179182832181187 -0.0003385848048721046 -0.0003890213331148281 -0.00044210413567800694 -0.0004958693046521512 -0.0005472958463143336 -0.0005923466000120847 -0.0006261784212449254 -0.0006435560725688513 -0.0006395044312633798 -0.0006102502002771122 -0.0005545713141221932 -0.0004758844417835931 -0.00038603788990428155 -0.0003138554279480319 -0.00032912797297756226 -0.0006273117457080118 -0.0019315410962401794 -0.008585994601894562 -0.09095131617640077 -0.7545491253849038 -0.8423076084394396 -0.8519976501459368 -0.8477731855058204 -0.8370620587096347 -1.647285235853332 -1.607578319558325 -1.5601626527804264 -1.5098307874723673 -1.4588656117582426 -1.4098877553598 -1.3654968791679019 -1.328103269576194 -1.2997768172820132 -1.282109945210481
-0.672486604386883 -0.66960763496446 -0.6626144895397091 -0.657539256910513 -0.6601153162918533 -0.6733800831398091 -0.6972076896187863 -0.7281489268953684 -0.6395965823625706 -0.19641912487163724 -0.22651379089124793 -0.2503146985303106 -0.26916142479998906 -0.28271896522156464 -0.2904729183345322 -0.2919972063629284 -0.28727465407937036 -0.27768537231017965 -0.2687489552444912 -0.27469740674366594 -0.3138394891733551 -0.38047359646155127 -0.4441289182473585 -0.48707725877380487 -0.5088687891449105 -0.514167680365624 -0.5073866861099068 -0.49182295701416856 -0.4699980665299509 -0.4444876909711696 -0.41690214980321355 -0.38571031330883426 -0.3575707423747497 -0.32786695638672014 -0.29733815016342435 -0.26653092798656736 -0.2358283971402929 -0.20548246223342465 -0.17565840497943264 -0.14646865435032175 -0.11799560202182244 -0.09030663059172125 -0.06346373634065719 -0.03752927233593163 -0.01256883770296707 0.01134793062767568 0.03414806547488658 0.055756987738907526 0.07610083544088674 0.09510908008297181 0.11271717396092432 0.1288690294225755 0.14351917892608085 0.15663450422908926 0.16819545611075987 0.17819671518867172 0.18664727209170895 0.19356993346532653 0.19900029013883913 0.20298521535764175 0.20558099321815862 0.20685120821942216 0.20686455308429458 0.20569272995800814 0.2034086256506006 0.20008493080015616 0.19579334254006625 0.19060443893268328 0.1845882421482447 0.17781540067412932 0.17035882738503202 0.16229554275612224 0.15370840643531053 0.1446873919557754 0.1353300818267243 0.12574113990679883 0.11603065051931763 0.10631138218805482 0.09669520944487522 0.08728907354144935 0.07819094894578883 0.06948628650882993 0.06124532541582339 0.0535215247256441 0.04635119595871214 0.039754258043729604 0.03373591372552367 0.028288976248773495 0.02339655603733201 0.019034838425053616 0.015175730584299982 0.011789214938335846 0.00884530732981597 0.006315574714887586 0.004174215803804399 0.002398747126606305 0.0009703649688216284 -0.00012593182937863302 -0.0009013749748742577 -0.0013635493390127171 -0.0015171161710984555 -0.0013611983266427327 -0.0008952839958493888 -0.00011344857990581255 0.0009926466141989836 0.00243450757898495 0.004226950315832705 0.006388180430317772 0.008939715967979697 0.011906071916912472 0.015314135797504064 0.01919217665213261 0.023568449155816677 0.028469383876794922 0.03391739538134558 0.03992839138320472 0.04650912548007213 0.05365459673819487 0.06134575081650208 0.06954776509497965 0.07820918892341557 0.08726214803259612 0.09662370769408507 0.10619833530435567 0.11588123731832856 0.12556220411746855 0.13512951357913747 0.1444734405760865 0.15348899609949934 0.16207765743507982 0.17014801852499867 0.17761545315538216 0.18440101452429872 0.19042987566725392 0.19562964103526992 0.19992883563765954 0.20325581696220002 0.20553827177187667 0.2067033698717638 0.20667856237925403 0.2053929414970086 0.20277902700908126 0.1987748131336306 0.19332589692558869 0.1863875134607626 0.17792631998337247 0.16792179719521783 0.15636716721054092 0.14326976123241533 0.12865080339185367 0.1125446091201665 0.09499722671383638 0.07606458026198445 0.05581020257118591 0.03430268033425268 0.011612972745863304 -0.012188189263869052 -0.037032562300775125 -0.06285598623127467 -0.08959892630559985 -0.11720549573908423 -0.1456204016963208 -0.1747831282850745 -0.20461844673058993 -0.23502191298124242 -0.265838222137035 -0.29682928811748477 -0.3276300867064315 -0.3577006984962867 -0.3861857933533236 -0.41856917737163835 -0.44629669007774025 -0.47152202655703035 -0.4930848813424748 -0.508453406522837 -0.5150781072406341 -0.5096165451161309 -0.48761101216358793 -0.44435520814137885 -0.380291028360219 -0.3132902155586376 -0.2740928723925773 -0.2683070703224325 -0.2772743944555252 -0.2866168631238772 -0.2908354652101896 -0.2886235651379106 -0.28008852291862446 -0.26575834327978304 -0.2462759876610662 -0.22222288575732163 -0.19319734159711208 -0.6870073814154636 -0.7242081419229722 -0.6919841926146614 -0.6682644761121138 -0.6556687999168149 -0.6541274031926444 -0.6604050319638033 -0.6685588613907364
-0.7252308081295614 -0.7246508159861225 -0.7232608998491967 -0.710973585663132 -0.03468146322055532 -0.05044217625612658 -0.07104440687219556 -0.09601484824452791 -0.12512605206729904 -0.15799880128541036 -0.19414594603403654 -0.23299074976638964 -0.2738236318752376 -0.3156992668539635 -0.35730014437066726 -0.3968191153405259 -0.43195810749333163 -0.46031118838276114 -0.48148559498440263 -0.5094519224330963 -0.6152550679050661 -0.7968489425170406 -0.8984336495011149 -0.930896185953798 -0.9282285371852879 -0.9060864251568641 -0.8720179473201617 -0.8303067787027998 -0.7837024408006591 -0.7341002322306632 -0.6828507630529156 -0.6309243465292046 -0.5790120652285551 -0.5275964742336677 -0.4770066567517866 -0.4274645276501841 -0.37912541858521265 -0.33214644670722626 -0.2852781889929027 -0.24131706093523364 -0.19807525234984452 -0.15606504091127882 -0.11537314495883166 -0.07607557018385383 -0.038254641113025345 -0.0020008331762550245 0.03258869976996799 0.06541334662055091 0.0963731924040779 0.12537351073058933 0.15232916888227527 0.1771686395755242 0.19983739754650437 0.22030053983144893 0.23854451633552948 0.25457789951816584 0.2684311638965885 0.28015549063857725 0.28982066086768676 0.29751215265330344 0.30332760851948193 0.3073728887813236 0.30975796618222495 0.3105929437197009 0.3099844848523797 0.30803292891954737 0.30483032164515905 0.3004595206071161 0.29499444144029296 0.28850139915296086 0.28104138117652644 0.2726729789299187 0.2634556188041433 0.25345268670086224 0.2427341435965491 0.23137828681666703 0.21947241742149975 0.20711231400153357 0.1944005665669355 0.18144396846734814 0.16835027973587696 0.15522474897371236 0.1421668080781473 0.12926733691476822 0.11660683949893805 0.10425478580015579 0.09227025818042792 0.0807039005598598 0.0696010037002128 0.05900537910503965 0.04896349674586079 0.03952822475932493 0.0307614634173728 0.02273506193538071 0.015529668851361804 0.00923156112219202 0.003927918357922428 -0.00029869673846733415 -0.0033758526437828906 -0.005246173587486672 -0.005872030877827308 -0.005235390072720573 -0.0033468109234417215 -0.00023746836694387807 0.004038184299149105 0.009407431274718082 0.015784638483355283 0.023077451146707617 0.031193025935286695 0.04004344262672273 0.049549547067970885 0.059642762446086975 0.07026479512933394 0.0813655322916629 0.09289968418900256 0.10482282900132367 0.11708749228308876 0.12963978282101718 0.14241695854633896 0.15534614196714433 0.16834425971723438 0.18131914950420275 0.19417166046462958 0.2067984721122468 0.21909527949576876 0.23095994820624532 0.24229524301473346 0.2530107844716414 0.2630239870280104 0.27225986875829267 0.2806497768527038 0.28812922066709784 0.29463512229871924 0.3001028664933706 0.3044635494317466 0.3076417914970364 0.3095544022920632 0.310110081534993 0.30921022304303575 0.3067507755364199 0.3026250151290557 0.2967270079782178 0.2889554916963024 0.27921788149333726 0.2674341096622107 0.2535400310445787 0.2374901674229748 0.21925961476861844 0.19884499350968424 0.1762643788468527 0.15155620233301928 0.12477716580481428 0.09599925442750425 0.06530597882294434 0.03278801998685388 -0.0014615011495098507 -0.03735185019299786 -0.0747992471874463 -0.11373070143342873 -0.154086342714102 -0.1958181236508074 -0.23887100093467772 -0.28267521696424874 -0.3295360500975231 -0.3765907630425692 -0.425042628037257 -0.47476195200854765 -0.5256136742748423 -0.5773833861314881 -0.6297364824704498 -0.682174585011763 -0.733982888321829 -0.7841612569427472 -0.8313247367567914 -0.87354074404249 -0.9080210078404816 -0.9304423064443605 -0.9332140607318539 -0.9006271137684599 -0.7986455360253972 -0.6169001221874135 -0.5119585943065148 -0.48386525381266415 -0.46202152337191593 -0.43303292189311726 -0.397403779334994 -0.3575338669191959 -0.31569349354943455 -0.2736613311288724 -0.23273071120737446 -0.19382839932979584 -0.15765102972019499 -0.124767046769595 -0.09565778233045967 -0.07069393364947725 -0.050068759806258224 -0.03374947473413257 -0.7225215200814376 -0.7229142845949788 -0.7243894720716538
-0.010403821183738844 -0.011394029082264098 -0.014430437378205678 -0.01974837817008301 -0.0276977472935595 -0.038674405654368 -0.05304337700142444 -0.07109611425212164 -0.09306494679922912 -0.11918537819614648 -0.14977648017324352 -0.18530404541439574 -0.22638999566102766 -0.27372461996086445 -0.32782330095557627 -0.3885617921379997 -0.4544798448125982 -0.5221170197167883 -0.5867530595857103 -0.6535359745879467 -0.8231833965566057 -1.0986322496622818 -1.1891155755125675 -1.195665359861444 -1.1680989937319215 -1.1231383827492731 -1.068629011009766 -1.0089301267608795 -0.9466362051719576 -0.8833440511470277 -0.8200541848538965 -0.7573947448381618 -0.6957519576815056 -0.6353505894217426 -0.5763073214685309 -0.5186688729768866 -0.4624406849249813 -0.4076088450782238 -0.35415640146001265 -0.30207466913897274 -0.2513705479301387 -0.20207265751642414 -0.15424323791268343 -0.10803988376601079 -0.06314878340473125 -0.020349117581448813 0.020540874520828485 0.05936082077761748 0.09598004488446635 0.13028268829338097 0.16216916302899032 0.19155981254602833 0.2183984857270918 0.24265525231996715 0.26432796343160075 0.2834425551699772 0.3000520890618346 0.31423458717102826 0.3260897775371243 0.33573492328832377 0.3432999655533423 0.3489222617255662 0.35274124089493153 0.35489332118056216 0.35550743357825104 0.3547014693611361 0.35257991069167216 0.34923281745263623 0.34473623151596877 0.33915393092522494 0.332540332943455 0.3249442219324974 0.31641288224438524 0.30699616302876354 0.2967500018426158 0.28573899046554574 0.2740376735066722 0.26173041365317223 0.24890981625253583 0.23567385853559494 0.22212199720735354 0.20835062231589252 0.19444828497867575 0.18049116038082824 0.16653923010640057 0.15263369555743433 0.13879617953303083 0.12503033833942778 0.11132657487066935 0.09767056325909187 0.08405616602594565 0.07050287942369694 0.05707697128287957 0.04391382192576415 0.031236765714713132 0.019365664741812814 0.008707922205060992 -0.00027281658394363883 -0.007109112372228931 -0.011394815226764367 -0.012849415324221887 -0.011363743143392835 -0.00702591179582166 -0.00010001570276750148 0.009012346433803484 0.019837572374578782 0.03189785433205917 0.0447675540324193 0.058108156375168 0.07167988820762486 0.08533465371705065 0.09899783084136005 0.11264602282560622 0.1262857106324984 0.13993542004078502 0.1536122758858186 0.167322806606413 0.18105741947001464 0.19478786167393267 0.20846703216424473 0.22203059957556526 0.23539995602695257 0.2484860756397273 0.26119385471547296 0.27342650426794163 0.28508956670934005 0.29609415721599996 0.3063591001216396 0.3158117444765217 0.32438739166346064 0.33202743268626955 0.3386764491003107 0.34427865582071426 0.3487741385691422 0.3520953552761883 0.354164331136969 0.35489089123639306 0.3541721577597519 0.3518934074329897 0.34793025447785336 0.34215200760074427 0.33442595529643343 0.3246222673034772 0.3126191633285331 0.2983079922276438 0.28159788239393 0.2624196620133198 0.24072879980350528 0.21650717620197815 0.18976355597871633 0.16053269302994783 0.12887306017772066 0.09486327577555878 0.058597409743367274 0.020179350698302498 -0.02028519454886267 -0.06271115849584435 -0.10630030032078105 -0.15218046959884196 -0.19951594415699672 -0.24828231584552418 -0.2984885592148015 -0.35015162175357284 -0.4032999169366286 -0.4579697594425065 -0.5141987563030929 -0.5720143083480748 -0.631416594827696 -0.692355796357323 -0.7547026593785858 -0.818209864141311 -0.8824584436692249 -0.9467774520948691 -1.0101139729352426 -1.0708102086093425 -1.1262040945616558 -1.171866384017295 -1.199888136645831 -1.1935138430740226 -1.103072101606207 -0.8290772506360888 -0.6593629046848226 -0.5902442701937068 -0.5240782944148967 -0.4555357224615313 -0.3890753258710246 -0.32801150134010615 -0.2737194359004343 -0.22627106551347603 -0.1851187152841545 -0.1495531451742462 -0.11894261647053743 -0.09281750509042304 -0.07085817210672152 -0.05282926953692755 -0.03849706910420973 -0.02756563137138983 -0.01966243342429685 -0.014383569813812782 -0.01137487926205066
-0.014118690859618917 -0.014798462716476541 -0.01688587161500758 -0.020582336121458256 -0.026181735055047735 -0.03402116013397964 -0.04443662193564275 -0.05774625151298925 -0.07427467407214323 -0.09441782076755302 -0.11873740726845028 -0.1480714179096302 -0.18364612643307393 -0.22716601793241428 -0.2808241025771795 -0.3470923115243161 -0.42800563298269295 -0.5235710583885711 -0.6298341027384916 -0.7457463019307001 -0.9842363490311556 -1.3298234123974124 -1.3982433541613517 -1.3796408914308644 -1.328231346506149 -1.2629048172291073 -1.1922880186697313 -1.1203205352593217 -1.048733789395158 -0.9782628505549338 -0.9092042982048988 -0.8416590076982357 -0.7756354294430529 -0.711095454690678 -0.6479782636754623 -0.5862161646937349 -0.5257472253828006 -0.4665258125530949 -0.4085308877218793 -0.35177165299034263 -0.2962902898384588 -0.24216182904461625 -0.1894915621705445 -0.13841085419114957 -0.08907263303751498 -0.041647763940761716 0.0036773832275746477 0.04672324041206591 0.08747260808817872 0.1254731974694891 0.16074426821833723 0.1932017900958916 0.22278653285684424 0.24947577290477907 0.2732821813114916 0.2942525211451701 0.3124654616612605 0.3280282158609341 0.3410720254984003 0.3517466849263724 0.36021439175863773 0.3666432730862702 0.37120097173430433 0.37404868843348427 0.3753360602655591 0.3751972109356488 0.37374823376277233 0.3710862659350527 0.36729018803488817 0.36242284515018003 0.35653454745516233 0.3496674838703979 0.34186058801601715 0.3331543452310768 0.3235950324610386 0.3132379415702514 0.30214924452582725 0.2904063008107233 0.2780963623204594 0.26531377637459364 0.25215590452981446 0.2387180529273492 0.22508774880363758 0.2113387080813527 0.19752484038400941 0.1836746577248281 0.16978652631660396 0.15582537189371579 0.14172177506597744 0.12737494372755234 0.11266188437824412 0.09745618999610545 0.08166092594401311 0.06526020419947687 0.04839117010280135 0.03142916991154689 0.015061618534418699 0.0003049163172197185 -0.011589009654157873 -0.019359791557505182 -0.022051504890978502 -0.019291857161459338 -0.011411780623994377 0.0006608533395188485 0.0156669801314007 0.03233314363776363 0.0496085188800469 0.06676974751768665 0.08341184247363276 0.09937747878717001 0.11467173470843897 0.1293885962137927 0.14365765732223135 0.1576097798135446 0.17135717330706984 0.18498329266419777 0.19853899615642662 0.21204255295705057 0.22548198816222148 0.23881885960032992 0.2519929230914563 0.26492732844807665 0.2775340567038632 0.2897193086767783 0.30138852667533667 0.31245070869549674 0.32282168357835506 0.33242607146283865 0.34119775881578507 0.34907886077612016 0.35601730484961225 0.3619633237015989 0.36686526692498134 0.37066521490005716 0.3732948944423077 0.3746723577187011 0.3746998022927979 0.3732627948822222 0.3702310294922455 0.36546061601987034 0.35879776995434354 0.35008366654398293 0.339160140305803 0.3258758571746806 0.3100925637879919 0.29169102601247177 0.2705763043317399 0.24668207211871243 0.2199737539281647 0.19045032066311804 0.1581446028277803 0.12312273894978987 0.08550403944901516 0.0455733168404574 0.0031823262471556563 -0.041440037626659695 -0.08807625091894186 -0.13658250846977854 -0.18682461310513812 -0.238681371322887 -0.2920518104498069 -0.3468617171872484 -0.4030679693784863 -0.46065994609661326 -0.5196577878433107 -0.5801075360187322 -0.6420733860890675 -0.7056274895577958 -0.7708378352250673 -0.8377544457200977 -0.9063928037204727 -0.9767096609178447 -1.0485570667369721 -1.1215789366179463 -1.1949677242464944 -1.2669056898326039 -1.333354112474946 -1.385587073848571 -1.4046767184414495 -1.336804307292751 -0.9956110684597396 -0.7533223353733864 -0.633460439990336 -0.5253933526239465 -0.4289123606715246 -0.34750455465498714 -0.2809626204935124 -0.22715099543191905 -0.18354317243134546 -0.14791609238020062 -0.11854955848778788 -0.09421034672877693 -0.07405870865979822 -0.05753363737405768 -0.04424009798553534 -0.03385271577126725 -0.02604996214015991 -0.020490156379501922 -0.016830270641367044 -0.014773147991955228
-0.01744977864276745 -0.017955005253869453 -0.01949632268894773 -0.022228516490150754 -0.026380463799906887 -0.032222902752896077 -0.040041670345600126 -0.05013101854743933 -0.06281727881582733 -0.07851603209128231 -0.09782152975244812 -0.1216282056987869 -0.15128942625609856 -0.18882286468987394 -0.23716235833862828 -0.3003988875597601 -0.3837628301911689 -0.4926377006351918 -0.6295315288316827 -0.7947506089403134 -1.1118314766965292 -1.5186923544531759 -1.5654999190139642 -1.5210026634892755 -1.4453722807998861 -1.3619962398278977 -1.2794802648175627 -1.2000903253094068 -1.1239129908893812 -1.0504868804842218 -0.9793231266031109 -0.9100267237165507 -0.8422985708868086 -0.7759135261208044 -0.7107019816641352 -0.6465398300477431 -0.5833450876555947 -0.5210782014477597 -0.4597434597481676 -0.39938970331934276 -0.3401092853881379 -0.2820348464458417 -0.2253339380066758 -0.1702018694102306 -0.11685338892313733 -0.06551394530278716 -0.016411237933884652 0.03023260037467775 0.07420858504003011 0.11532945940164765 0.15344539237235283 0.18849822913155595 0.22035078106946313 0.24896540679273718 0.27440946000092814 0.29675513587550706 0.31610888669078685 0.33260898557949636 0.34641946910823584 0.3577232693316117 0.3667148427316539 0.3735926199470664 0.3785516853355694 0.38177711916812795 0.38343840908046756 0.38368527329954355 0.382645143549012 0.3804224368018567 0.37709960979734874 0.3727398482487638 0.36739110592700663 0.3610910908516631 0.3538727103705783 0.3457694458193783 0.3368201382812694 0.3270727306369048 0.3165866204299356 0.30543341795394907 0.2936960535117302 0.28146631436495384 0.26884099591826205 0.25591691098161246 0.24278501319826096 0.22952386357980908 0.21619261865285494 0.2028236680559587 0.1894150298939513 0.17592267108278786 0.16225313887633896 0.14825741858195107 0.1337280417915101 0.1184036087330255 0.10198867221608965 0.08420278534940563 0.06487928896578983 0.04413579159810755 0.022617248105333738 0.0017429255095206715 -0.01622966935013611 -0.028574373857613078 -0.032963036823958035 -0.028450617189889536 -0.015918900877659185 0.0023403594406707236 0.023592061605516093 0.045534475423127274 0.0666916814483815 0.08636976926997357 0.10441878609889758 0.12098956455712305 0.13635940161378815 0.15082918238197313 0.16467126891686817 0.1781076308317499 0.19130407125376975 0.20437224383489927 0.21737504657173187 0.2303332336302112 0.24323228916585535 0.25602920094213866 0.26865902855095714 0.2810412343202595 0.2930857203194511 0.3046984447907102 0.3157864133204562 0.3262617835207732 0.3360448085744282 0.3450653861403865 0.3532630738600031 0.36058556794310953 0.366985795075664 0.37241791480990033 0.37683264681923934 0.380172409111354 0.38236677276196906 0.3833287077880894 0.3829520215091379 0.38111028656894674 0.37765743293474074 0.3724300481419288 0.36525130303182396 0.3559363052648811 0.34429858783158085 0.3301573705117219 0.3133451903787723 0.2937154774778186 0.2711496534558604 0.24556354611857023 0.21691554703495736 0.18523148065533157 0.15055460726203043 0.11287996966933343 0.0723403155346859 0.02908166962185692 -0.016738941215732876 -0.06494399161231386 -0.11533907878060165 -0.16772157754727704 -0.22189137086076 -0.27766166141371845 -0.33486866432646983 -0.39337954639274236 -0.4530982323636443 -0.5139688224557237 -0.5759765243949312 -0.6391462842075991 -0.7035397371961024 -0.7692517009705285 -0.8364081680049936 -0.905168501927052 -0.9757348855974199 -1.048370737189449 -1.1234230459659535 -1.2013206488238644 -1.282452166335059 -1.3666422643574514 -1.4515138880419534 -1.5283296120936685 -1.5736302394127026 -1.5278656578714136 -1.1288650381571816 -0.802563239297926 -0.6328846372987215 -0.49423972712463865 -0.3845382178071742 -0.30074949788326605 -0.23728464405656094 -0.1888175516847597 -0.15120875253604354 -0.12149936439882758 -0.0976595435348134 -0.07833122878676192 -0.0626194901915856 -0.049931386554982096 -0.03985251192831757 -0.03205610645902674 -0.026245197387423674 -0.022129387309094136 -0.019433167000768626 -0.017924793962153414
-0.020458612678558325 -0.020848037828198426 -0.022024504257167798 -0.024104800851917605 -0.027265227672191993 -0.031721549937663227 -0.037713113720849976 -0.04550104135366928 -0.05538860920402761 -0.06776851105863262 -0.08320023206888769 -0.10252394829138159 -0.12702629107924027 -0.1586877314517575 -0.20055824181615395 -0.2573108028669784 -0.33593998489595367 -0.4461639359280141 -0.5989486280723937 -0.8040655781632086 -1.1972749977644879 -1.6804182448689633 -1.7081471232312015 -1.6363073323929156 -1.5365316009722436 -1.4379647481310578 -1.347445486539863 -1.264363256525131 -1.1867518612205858 -1.112928786524141 -1.041715634757581 -0.9723320696492809 -0.9042647343613281 -0.837172763680188 -0.7708303244190373 -0.7050952507615214 -0.6398935801787689 -0.575212589209507 -0.5110974379055181 -0.4476484088117424 -0.3850170591378182 -0.32340052993412527 -0.26303388206308426 -0.20418073342812296 -0.14712271156013826 -0.0921483500945295 -0.039542069277948975 0.010426209594574659 0.057510472099810576 0.10149700476632252 0.14221201160653343 0.1795286443174478 0.2133733215759548 0.24373369689493862 0.2706739300543741 0.29424358003014406 0.31456482531284513 0.33183364523276015 0.3462498814526884 0.3580296267671951 0.36739910093776096 0.3745861434007211 0.3798121118146114 0.3832847006433352 0.3851920621496182 0.38569855557149063 0.3849423495106421 0.3830349716392547 0.380062755340674 0.37608998835199836 0.37116343621744174 0.36531780539576447 0.3585816384099867 0.35098310557813384 0.34255517973411836 0.33333975117785414 0.32339035198425614 0.3127732967516501 0.3015671906107036 0.28986088280924355 0.27775003606240045 0.2653325254148113 0.25270287184994356 0.23994586025110487 0.22712939978522628 0.2142965717561246 0.2014566920908616 0.1885751170347743 0.17556149146956546 0.16225630036865413 0.1484162236910751 0.13370056516311163 0.11766529253838443 0.09978053053110712 0.07950526524602264 0.05648038286448319 0.03092031221364592 0.0042227028660670185 -0.02045945892116917 -0.0384045454162705 -0.044984992174225746 -0.03820728683694245 -0.019986921248024724 0.005086878691964467 0.03226989723622431 0.05834308862483613 0.08183700431008196 0.10248513459384398 0.1206195542439224 0.13677395719552626 0.15148351741206278 0.16520482433602038 0.17829510508536892 0.1910163424794105 0.20354779955242272 0.21599997283990827 0.22842745434291872 0.24084008451593103 0.25321250402405304 0.2654924266995081 0.27760795710639613 0.2894741886536273 0.3009991957805623 0.3120894046941003 0.3226542133485494 0.3326096527862408 0.3418808543748787 0.35040311834368076 0.3581214646767016 0.3649886733716414 0.37096196540172344 0.37599861440736926 0.3800508913794696 0.3830608164581296 0.3849552177128424 0.38564157788470144 0.38500509299636715 0.3829072802645306 0.37918636597674116 0.37365956513706966 0.366127240521662 0.3563788038444805 0.3442000969986879 0.3293818727794653 0.31172902704017025 0.2910719446269817 0.2672868238083036 0.24027363909668445 0.20993993810461228 0.17627502402956555 0.13930896957269906 0.09910883240059351 0.055783174898047315 0.009482732404545835 -0.03960238938664094 -0.09124908737619045 -0.14521054011989523 -0.20122727495252946 -0.2590389687444348 -0.3183961553915155 -0.37907118183479616 -0.44086784430096637 -0.5036292127732084 -0.5672432858138313 -0.6316463674588465 -0.6968244733197589 -0.7628137094199967 -0.8297014977847686 -0.8976318508675891 -0.9668197546111649 -1.0375821897328326 -1.1103960421171233 -1.1859937534243314 -1.2654958962779135 -1.3505179659042073 -1.442947240010513 -1.5432922695619518 -1.6445712252869389 -1.7175195903641836 -1.691308653590548 -1.2182037952701894 -0.8111591595502297 -0.6018623967107026 -0.4475374990318744 -0.3366106993931101 -0.2576266596614472 -0.20068282501101536 -0.15870227837557888 -0.1269719159980193 -0.10242185064328091 -0.08306249184980913 -0.06760420194025 -0.055207103439467414 -0.04531328244257097 -0.03753127687617616 -0.03155754187866716 -0.027128713835913556 -0.024001678225000597 -0.021956671945170828 -0.020814732237792115
-0.0231441628411068 -0.02344864910564005 -0.02435817245441306 -0.02596070705978836 -0.0283923449521729 -0.03182568930531191 -0.03646109189682696 -0.042527494465526665 -0.05029930032995935 -0.06013437937222789 -0.07253835537872279 -0.08826424574786375 -0.10846653394732869 -0.13494768835954316 -0.17056753368074754 -0.2199352170834735 -0.29054854078545916 -0.3944269765190595 -0.5493828125302668 -0.7785245904414446 -1.2212880014392011 -1.8238134535442159 -1.834930680053713 -1.734877152157061 -1.6115267596779068 -1.5005151284879021 -1.4050564198378006 -1.3208515572215034 -1.2437880263178585 -1.1710783113042194 -1.1009859476312576 -1.0324463878484507 -0.9648018898858696 -0.8976425438562928 -0.8307173087700664 -0.7638867192430511 -0.6970989154132916 -0.6303777314789364 -0.5638160828910533 -0.4975707193249906 -0.4318562108670529 -0.36693719835405786 -0.3031186892321547 -0.24073464881835682 -0.18013540552854834 -0.12167451310471475 -0.0656957326923072 -0.012520740398617586 0.03756195002592826 0.08430651924929758 0.1275176744253025 0.16705675515740756 0.2028460679688878 0.23487116990524162 0.2631805162376976 0.2878821223682035 0.309140548405451 0.3271738760231897 0.34216420058411634 0.3543829826554281 0.3640985157196374 0.3715659036882485 0.37703082682532096 0.3807218070878762 0.382844031178284 0.3835751408598059 0.3830630649905269 0.3814259173867174 0.3787538622810485 0.37511270945039815 0.3705488740953104 0.3650952384049186 0.3587773927125509 0.35161972074240944 0.3436508280797146 0.33490789284162936 0.3254396335657669 0.3153077263940796 0.3045866419606221 0.29336199081774367 0.2817275462346164 0.26978114264866815 0.25761962321856247 0.24533293479133447 0.2329973514374224 0.2206676561524788 0.20836792700285184 0.19608035613559022 0.18373127901696618 0.17117334518501873 0.15816268525806287 0.14433054261204753 0.1291515809027248 0.11191956772060654 0.09176344473107437 0.06778699238521835 0.03950132388723815 0.007772549933844378 -0.023789639473020895 -0.04819754725238347 -0.057468740676349994 -0.047914698041577525 -0.02314831435823285 0.008883632450698113 0.04116223661348476 0.06999917235759898 0.09445247985746358 0.11496422396211217 0.13241235763785802 0.1476686866255259 0.16145078449035805 0.1743007158668 0.1866065540638256 0.19863261001501265 0.21054696552565008 0.22244372521823763 0.23436034361300634 0.24629110236876978 0.2581977908567912 0.2700184273721844 0.28167462395144044 0.29307798650126426 0.30413575626965816 0.3147557377684098 0.3248504280336002 0.3343401740114613 0.34315515000127034 0.35123597032478704 0.358532828872502 0.36500317254369696 0.3706080493459316 0.3753074023117463 0.37905468906419065 0.38179128174653315 0.3834411380971885 0.3839062326151196 0.383063201699141 0.38076159416548916 0.3768240327107401 0.37104848091037457 0.36321265780221007 0.3530804021915283 0.3404097080281094 0.3249701534196399 0.3065578247817574 0.2849490385206614 0.2599836041844691 0.23153988246830823 0.1995358951652535 0.16393597026773582 0.12475508678017395 0.08206207428136088 0.035980845475143436 -0.013311248632152384 -0.06558827026411201 -0.12058349754196843 -0.17799959257365403 -0.23752043948251103 -0.29882394606036056 -0.3615951099886119 -0.4255386564556732 -0.4903905772738544 -0.5559279769755135 -0.6219767993457647 -0.6884173140108931 -0.7551877434584879 -0.8222871863161507 -0.8897801712485691 -0.9578069788856116 -1.0266066855342981 -1.0965643623388819 -1.1683009043667825 -1.2428338821324638 -1.3218454124178496 -1.40806421905768 -1.5055400103256373 -1.618494622574719 -1.7435863532963494 -1.8450163758100302 -1.8358661035674382 -1.242192734716873 -0.7844441719724415 -0.5518023424902727 -0.39558050000509287 -0.29113019575412036 -0.2202272512220741 -0.1706999794551633 -0.13498406021219492 -0.1084386269428475 -0.08818857472141932 -0.07242485937029902 -0.05999128331664001 -0.05013565130899389 -0.042354010956438724 -0.036289698959272414 -0.03166814957615835 -0.028258569813242172 -0.02585746920253123 -0.024288834996894493 -0.02341405753296824
-0.025486911301288325 -0.0257251712809795 -0.02642846080635039 -0.027663161710597635 -0.029534834834474003 -0.0321824011488993 -0.035774143234435805 -0.04051006506613102 -0.04663567682362806 -0.054472149375233876 -0.06446860802304495 -0.0772862679127232 -0.09393374615942668 -0.11599244251049924 -0.1460089030649922 -0.1882040915348894 -0.24978011113236054 -0.34326939111751986 -0.49020310873112793 -0.725516783157312 -1.1818570360191574 -1.9574304775527007 -1.9509010075482114 -1.8230273677697446 -1.676603369052919 -1.5552263119150407 -1.4569419607861345 -1.3732589713454904 -1.2979533506647172 -1.2272620299582635 -1.1589956715340675 -1.0918748034859904 -1.0251402089097492 -0.9583390782849642 -0.8912110737002918 -0.8236291236970303 -0.755569359116117 -0.6870957149809384 -0.6183509671053259 -0.5495495781997448 -0.4809698944161065 -0.4129445786346169 -0.3458490134135785 -0.28008792872231925 -0.2160808090162228 -0.15424677635663303 -0.09498967731374944 -0.038684055619922185 0.014337404396537076 0.0637945073102995 0.10946793647583976 0.15120522989289772 0.1889242693921905 0.22261423686502538 0.2523339227472504 0.27820716386889816 0.3004152044124764 0.31918610415525217 0.3347820636595624 0.347491291881136 0.3576048993135964 0.365380116960541 0.371114845603412 0.3750527404238185 0.37741393715978844 0.3783877980617916 0.378130792988402 0.3767668199180504 0.3743895413926448 0.37106643140977913 0.3668441390442926 0.3617546880704886 0.355821982864495 0.3490680893437488 0.3415188062588322 0.3332081316237211 0.32418135075173204 0.31449661030195364 0.3042249771836393 0.2934490915022939 0.282260591367395 0.2707565033421379 0.2590347530474287 0.24718886068658816 0.23530175381736612 0.22343845877468424 0.21163721600636148 0.19989827947105698 0.18816926395581957 0.17632534792420768 0.16414192037976127 0.15125659808190062 0.13711792410617282 0.12092283278142683 0.1015639747116758 0.07766628488154426 0.04793647270655897 0.012287080324444014 -0.025855026960973228 -0.05732383281783483 -0.06974719584267985 -0.056952704934742374 -0.02506564435860976 0.013578612850024981 0.04978836269828048 0.08005718182498305 0.1044010888675814 0.12407565243620536 0.14044610483968462 0.15462604530067564 0.16743275795823748 0.17943565568755504 0.1910167754503787 0.20242100617404973 0.21379336263052306 0.22520576192090613 0.23667631013510287 0.24818350310064463 0.259677038609127 0.2710863797779477 0.28232781042644833 0.2933104378307476 0.3039413828695659 0.31413022743870644 0.3237926572286681 0.33285314923888915 0.3412465155423372 0.3489181314118638 0.3558227423900461 0.3619218484186369 0.3671797857504034 0.37155875024590157 0.3750131131468495 0.3774834623591588 0.37889085449918036 0.379131786044798 0.378074388411096 0.37555632079088064 0.37138475867458964 0.36533865178592545 0.3571721095812662 0.34664359530807465 0.33346432317876146 0.3173823995338788 0.2981530634240638 0.2755535596375248 0.2493933210462879 0.21952159454217685 0.1858348810316496 0.148283998854333 0.10688004204246854 0.06169828338355718 0.012879244528451243 -0.039373462422213554 -0.09479853420287011 -0.15308534480624217 -0.2138848279659743 -0.276822299548517 -0.3415115594384292 -0.4075695470282581 -0.4746307857957768 -0.5423608594877094 -0.6104682427943812 -0.6787139984337073 -0.7469191956746508 -0.8149704657343951 -0.882824985964811 -0.9505175490755966 -1.0181745465772079 -1.086043297192146 -1.154551382957173 -1.2244217592436557 -1.296888993012313 -1.374092635309839 -1.4597461388875521 -1.5600287868256433 -1.68338755923315 -1.8316872878368406 -1.9611378003003246 -1.9700609358224836 -1.1990357557676394 -0.7301417574570728 -0.4921299402102665 -0.34421380056572176 -0.2502782556632603 -0.18847250800867194 -0.1461464719678231 -0.11604702473160568 -0.09392917556402194 -0.07723512393061745 -0.06437898912873136 -0.054351424390876334 -0.04649237054407269 -0.04035437961296342 -0.03561743252134103 -0.032035953448059984 -0.029408441698219732 -0.027564025745838994 -0.026360881630208922 -0.02569108937948024
-0.027465337822377298 -0.027650088629627544 -0.02818910404018839 -0.029132576922110638 -0.030562788801406175 -0.03259221047439298 -0.0353626952294285 -0.03904871736256677 -0.043868610584867206 -0.050108327963199376 -0.05816344255323773 -0.06860872413487969 -0.08231320780239969 -0.10063676246290121 -0.12578163540455822 -0.16145160079205342 -0.21414012666188062 -0.2957091659489837 -0.42843800131893967 -0.6542202002190104 -1.097268598451123 -2.1007211205253573 -2.058782697441181 -1.9054869432476307 -1.7359044561545733 -1.605321895398039 -1.5054810866536041 -1.4233047774776748 -1.3504867233001407 -1.2823767208070753 -1.2163982856787434 -1.1510969541450637 -1.0856347754771942 -1.0195285757360015 -0.9525153551896213 -0.8844836441186501 -0.8154387530521714 -0.7454847100990671 -0.674813450011859 -0.6036960795362804 -0.532473506174599 -0.4615452080513225 -0.39135584773562343 -0.3223800022355042 -0.2551056113862781 -0.19001690927064055 -0.12757764734622815 -0.06821537997428835 -0.012307490589975403 0.03983048951317259 0.08795386246044593 0.13189478817140193 0.17156523771608786 0.2069568802665663 0.23813798481555012 0.26524744539046374 0.28848604604704753 0.308105151493956 0.32439324179761386 0.33766111913893004 0.34822704697704276 0.3564035683384794 0.36248629541665534 0.366734322461373 0.3693937323648198 0.37066195884894404 0.3707029525613304 0.36964564096622343 0.3675867603075067 0.364595422316085 0.3607188980451135 0.3559891312437413 0.35042945778664814 0.3440610126508371 0.3369083598999044 0.32900397800528497 0.3203913600344287 0.3111266284169883 0.3012786966732869 0.2909281148809551 0.28016479457634386 0.2690848123096445 0.25778643833606474 0.24636543469957572 0.2349095245722137 0.22349175598099585 0.21216225656042464 0.20093756456302148 0.18978625163196736 0.17860880702832044 0.16720857764292835 0.15524884991598062 0.14218924960014814 0.12719471354753276 0.1090211624766686 0.0859330553867842 0.0558793058286365 0.017575977234778037 -0.0264105716922432 -0.06519510456788097 -0.08116113063146019 -0.06475834192580275 -0.0255347973790531 0.018937631867431425 0.057764026200765324 0.08830447922165766 0.11178114195806989 0.1302182766704311 0.14534842902733489 0.1584243615627146 0.17029513997926693 0.18151775275704327 0.19244691306849493 0.20329787145200673 0.21418863245987252 0.22516834680875353 0.23623683810650997 0.24735852187172563 0.2584727712913341 0.2695020046881474 0.28035827524579293 0.29094882183779136 0.30118081671795105 0.3109653803117417 0.3202208091502806 0.32887487926386605 0.33686604915765406 0.3441433969742787 0.35066518239818156 0.35639601515257635 0.3613027239915785 0.3653491375989535 0.3684900991953728 0.3706651321164722 0.37179225127268495 0.37176247557912884 0.3704356437887708 0.3676382615753132 0.3631657913724521 0.35678299508311306 0.3482152193998776 0.33719198444242704 0.3234269869653435 0.3066357188234467 0.2865461523230918 0.2629085012264403 0.23550526698485905 0.20416156369498623 0.16875527672563567 0.1292262326876146 0.08558344380931777 0.037909629795083104 -0.013637507696617729 -0.06882749098839516 -0.12736272954551447 -0.18888740667883466 -0.2529991821870301 -0.3192631556245518 -0.38722740952268936 -0.45643935341697994 -0.5264620303774146 -0.5968895475363494 -0.6673608773500525 -0.7375714815301483 -0.8072825811768807 -0.8763285030706338 -0.9446234865055868 -1.0121708445711954 -1.0790798442861134 -1.1455999290895889 -1.212189677127566 -1.2796527585021629 -1.349402324660153 -1.42397087100333 -1.5079685894669372 -1.609674667881027 -1.7421565356065614 -1.9136342079785666 -2.0686099896991386 -2.1134239766173435 -1.1094331275052107 -0.65762137996488 -0.4299042041672455 -0.29645568439609776 -0.21455439083892808 -0.16169052767566 -0.1259166763280619 -0.1007022745965619 -0.08232622619793979 -0.06857842156074392 -0.05809618573104669 -0.05001046298214911 -0.04374780901523864 -0.03891425731830491 -0.03522493358305603 -0.03246153732920146 -0.030448438959435404 -0.02904170832140153 -0.02812645142148637 -0.027618237434830523
-0.02906301046815755 -0.029203725179910968 -0.029610011563269534 -0.030319891420491074 -0.031397776609207256 -0.032935162334542634 -0.03505192496871292 -0.037900046033062934 -0.04167280977413683 -0.04662346175793331 -0.05309865777376269 -0.06159521019162679 -0.07285594559189949 -0.08803621555140653 -0.10900633762388065 -0.1389300809897174 -0.1834321561850427 -0.2530752846736308 -0.36879344169126116 -0.5739580577113913 -0.9855033361446257 -2.312063168099905 -2.158955822251964 -1.9860042174755563 -1.7923056508635347 -1.6526741192811008 -1.5518473452542076 -1.471702188525276 -1.4018007712095109 -1.3366374143696775 -1.2732780025725012 -1.210110841497821 -1.1462284003939358 -1.0811211405768324 -1.0145244518711836 -0.9463418241736915 -0.8766061127349145 -0.8054592167267779 -0.7331396763662769 -0.6599725374161513 -0.5863585516123245 -0.512761396750904 -0.4396925943147641 -0.3676944159164593 -0.29732143080289325 -0.22912153114546221 -0.16361733025148698 -0.10128879788298578 -0.04255790445724219 0.012224086745326615 0.06278619732024426 0.10894386903308113 0.15060151667478586 0.1877515236015412 0.22046985130254496 0.2489085500428029 0.2732855383633797 0.29387208008203214 0.31097847084547425 0.3249386042784623 0.3360943266671476 0.34478071450642056 0.3513134586099037 0.35597924592968616 0.3590278403751808 0.3606662804041058 0.3610701104378336 0.36037426934426076 0.3586777606321837 0.35605117357875327 0.35254271028607126 0.3481849147600129 0.3430015606141126 0.33701413966745924 0.3302474960324533 0.3227342631081934 0.3145178945351335 0.30565422315032353 0.2962116145956749 0.28626988337965004 0.27591819140783735 0.2652521427328153 0.25437022410515236 0.2433696280431752 0.23234134565111608 0.22136423588388324 0.21049755384718774 0.19977110896311112 0.1891717321505641 0.17862389600545187 0.1679608893755156 0.15688052596949809 0.1448756508195025 0.131125415595303 0.11433440001560578 0.09254022314726223 0.06307361704061656 0.0234024378964045 -0.025339396035800738 -0.07129688900889788 -0.09108056898295636 -0.07083602981703657 -0.024444304451828987 0.024731464029668075 0.06482912989140223 0.0946731759614449 0.11676613511553889 0.13376365727280942 0.1476232174365298 0.15964176341062797 0.17064783444378373 0.1811611099995083 0.1914991666242677 0.20184528454859188 0.21229152279696764 0.2228666659132899 0.2335549669723357 0.2443092684871504 0.25506065822587115 0.2657259555083119 0.27621379643537425 0.2864297537019404 0.2962807048039084 0.30567850517401757 0.31454290859508066 0.32280360057402346 0.3304011733374703 0.3372868764340957 0.3434210232687993 0.34877001458168133 0.35330204450488023 0.3569816723509155 0.35976356540451104 0.36158584226784685 0.36236358059062346 0.3619832012252455 0.3602981974970571 0.35712488136235476 0.35224281580757144 0.3454024148662138 0.3363275890119823 0.3247222674777616 0.3102796331553962 0.2926919038575885 0.2716608971981078 0.24690960205172244 0.21819463127406327 0.1853190018813725 0.148144369204278 0.10660173907281395 0.060699771893448794 0.010529990878360472 -0.0437315581539297 -0.10182641407575495 -0.16341957344135435 -0.22810892284099912 -0.29543783389387773 -0.36491035011825257 -0.4360082430114787 -0.5082090952727268 -0.5810044974575704 -0.6539174409387415 -0.7265180812823288 -0.7984372663542063 -0.869377619989414 -0.9391226174273997 -1.0075451080999775 -1.0746183728421939 -1.1404355293823227 -1.205247944493973 -1.2695425013002233 -1.3341960611548995 -1.4007842947863796 -1.4722044397634828 -1.5539319591415846 -1.6563934857035205 -1.7977336486678266 -1.993229748474095 -2.1678396659841788 -2.3248686497821662 -0.9932410448695878 -0.5763000559450634 -0.3698477551438763 -0.2536362026040686 -0.18375995078510582 -0.13913105579947155 -0.10912886371614854 -0.0881033705722704 -0.07287908587976649 -0.06158057898117725 -0.05305096133796855 -0.04654783461571773 -0.04157572672562524 -0.0377894423990485 -0.03493671784367511 -0.03282439573223431 -0.031299668006169415 -0.03024107091810264 -0.029555164384501287 -0.029175666624111463
-0.030271684723891953 -0.030375945735932712 -0.03067473440517853 -0.03119689454552087 -0.0319930153784102 -0.033137772007152275 -0.03473256255972449 -0.0369094639813221 -0.03983881890446087 -0.04374387869730228 -0.04892728391589816 -0.05581688373793544 -0.06504444144416197 -0.07758391526237012 -0.09500475797922346 -0.11996116128667611 -0.15719571904791294 -0.21573624894773347 -0.3140221249291361 -0.49263699160106494 -0.8593678690047403 -2.6403475674806276 -2.2489130360306153 -2.0676128874581345 -1.8479823468286753 -1.6984087226856681 -1.5965749046440003 -1.5186503798401396 -1.4518961461744426 -1.3899231209094134 -1.3294386663860716 -1.2686754222394896 -1.2066563641810006 -1.1428442005960073 -1.0769703204861816 -1.008950136476917 -0.9388405838274942 -0.8668176797239879 -0.7931626342961762 -0.7182504113480664 -0.6425375987162851 -0.5665481792025053 -0.4908568520082508 -0.4160702109910081 -0.34280647878274945 -0.27167470388068693 -0.2032544019143611 -0.13807659865771998 -0.076607138663998 -0.019232981240863537 0.0337479684070622 0.08213313766621286 0.12581752025372847 0.16479191024701953 0.1991373694678593 0.2290163271527271 0.25466084464094135 0.27635867497016325 0.29443781464272784 0.3092503027921757 0.32115609396012196 0.33050791079217595 0.3376380163685952 0.34284774221810566 0.34640031529972104 0.3485171039975316 0.34937706265718393 0.349119198824282 0.3478472115271821 0.34563461481979924 0.34253138509596537 0.33857155949005646 0.33378044870777546 0.32818120244573595 0.32180042540390197 0.3146725367258408 0.30684269050688934 0.2983682205374494 0.28931870551956035 0.2797748509352875 0.2698264333915701 0.2595695429768253 0.24910328971949386 0.23852602180188148 0.22793094965348976 0.21740088939504032 0.20700162066485514 0.1967730526088124 0.18671690699349786 0.1767787685010846 0.16682078097371 0.15657841206530204 0.14558971360242567 0.13307767760470646 0.11775818909318968 0.09755840591990576 0.06936123432859816 0.029486561254642125 -0.02271527512670926 -0.075271553860744 -0.09892260488098738 -0.0747998788558826 -0.02187452567888807 0.030657318664323224 0.07085488062189056 0.0993375567750445 0.1197583822003166 0.13522389895163967 0.14780654872933646 0.1587950663355269 0.16897384763080187 0.17881406569628014 0.18859081234110803 0.19845346139758865 0.20846848314040217 0.21864611643851048 0.22895751343565338 0.23934636221874933 0.24973738746081264 0.26004304065470263 0.27016904544691933 0.28001913227310116 0.2894991141003672 0.29852032881328167 0.3070023768134327 0.3148750137648181 0.3220790228657978 0.32856589266158914 0.33429616617645597 0.3392364020028058 0.3433547917263785 0.3466156024566399 0.34897274418388347 0.350362860263447 0.35069836631017703 0.349861159652523 0.3476985025467228 0.34402136043257603 0.3386042478062219 0.3311873613650971 0.32148128042048246 0.3091736678151838 0.29393769824669863 0.27544224597870226 0.2533638665749238 0.22740035481087606 0.19728530470690064 0.16280280815378304 0.12380129559972822 0.08020554172802817 0.032025982338349905 -0.02063533195860148 -0.07758261408009048 -0.13852830279389425 -0.20309913993559323 -0.2708461734164649 -0.3412582837955135 -0.41377863371642704 -0.48782326594795306 -0.5628009404467894 -0.6381332206874357 -0.7132738156024385 -0.7877262821967179 -0.8610594293916253 -0.9329201838934479 -1.0030443599940233 -1.0712668534925518 -1.1375345231339022 -1.2019279900414406 -1.264703993801453 -1.3263805392204628 -1.387909250316745 -1.4510283936754553 -1.5190020210014172 -1.5981986783072606 -1.7013590122345206 -1.85235896855583 -2.0735735411930976 -2.256362145936295 -2.6555067890038018 -0.8638365717198057 -0.4941178322234832 -0.31472159903138064 -0.216125971907009 -0.15743503768430964 -0.12011583610454887 -0.09510464609596338 -0.0776430673198272 -0.06506965343379233 -0.05581195640774196 -0.04889536669972155 -0.043688759426301106 -0.039765499279715774 -0.036824186561128916 -0.03464242075583955 -0.0330500586472245 -0.03191449978208072 -0.03113322221253538 -0.03063008761512815 -0.030352988223841245
-0.03109228676659879 -0.03116650201947183 -0.03137886046553524 -0.03175125592204615 -0.032323486225159875 -0.03315657110355928 -0.034336189045773416 -0.035976698890340074 -0.03822746799427576 -0.04128438724945308 -0.045410750153119385 -0.05097396475792705 -0.058509472356218103 -0.0688339325526964 -0.08325335833755773 -0.10396639621208564 -0.1348967791639832 -0.18354188187537349 -0.26542710469270503 -0.41588720258641526 -0.7297993728042349 -2.360565449713643 -2.323739290070801 -2.1525501730563055 -1.9048299723066502 -1.7432866343995743 -1.6398779603214317 -1.5640951685572468 -1.5005734820577856 -1.4419505764592435 -1.384547884025383 -1.3264315308533545 -1.266548753259572 -1.204329571950333 -1.1394967654563608 -1.0719730528519722 -1.001834703724862 -0.9292869408549775 -0.8546485776922894 -0.7783393253853956 -0.7008664130326263 -0.6228090118195636 -0.5448000770686949 -0.46750592173168115 -0.3916042601227527 -0.31776169352130007 -0.24661170018791279 -0.17873417672959252 -0.11463748279599112 -0.054743788656469686 0.0006216668277369067 0.05123701718081887 0.0969857466825474 0.13785427453376575 0.17392543296867616 0.20536832576683645 0.2324252194239438 0.2553962432357781 0.27462275177964657 0.29047023567016567 0.3033116624450684 0.3135120974499466 0.32141539148636034 0.327333606144892 0.3315396515603099 0.33426333333254704 0.33569069466753965 0.3359662787230273 0.33519777108798543 0.3334623318875586 0.33081370524034115 0.32728934967196893 0.3229175453867351 0.317724311020118 0.31173931625051554 0.3050002556832808 0.297555630385145 0.28946602219490136 0.28080399745790974 0.2716528512109252 0.2621044637061819 0.25225654795792485 0.24220949764422253 0.23206290541483146 0.22191164617014636 0.2118412378629439 0.20192199484220466 0.19220121787359976 0.18269220882046963 0.1733580567031341 0.16408654600014802 0.15464949918215415 0.1446341540530864 0.1333239525462647 0.11949062227867283 0.10105090008363746 0.07462481917495667 0.03559699210273315 -0.01860229795719788 -0.07677721044577267 -0.10416779247927882 -0.07634062708512053 -0.017893808963282423 0.03650882796435157 0.07573625223319341 0.1023442318893499 0.12092774562859815 0.13485704051374822 0.14621317876846765 0.15622641531936443 0.16561790593433054 0.1748068696014735 0.18402923669202548 0.19340568315837614 0.2029816620424288 0.2127519179308545 0.22267628609553466 0.23269048234813136 0.24271387739837724 0.25265536990337556 0.26241812317852714 0.2719037100275368 0.28101588465335964 0.28966391730088137 0.29776531501085834 0.3052477364147388 0.31204990848066033 0.31812136189653983 0.3234208365716751 0.3279132765658344 0.33156543046755815 0.3343401960881163 0.33619001655328734 0.3370498595712647 0.33683044800373907 0.33541229432082414 0.33264099669541164 0.3283243201464168 0.3222314655342512 0.31409466307859885 0.30361309974193335 0.2904592217439293 0.2742874984541297 0.25474566038953417 0.23148820049435778 0.2041916256454976 0.17257067069200935 0.13639451182177015 0.09550195653114112 0.049814626145052644 -0.0006527428697128563 -0.05578559233449816 -0.11536694873643125 -0.17907924091148741 -0.24651059219367263 -0.31716540894958023 -0.39047885029193186 -0.465834542211628 -0.5425847065728224 -0.6200717267753071 -0.697650085562381 -0.774707607989625 -0.8506850501832451 -0.9250933260306088 -0.997528107920364 -1.0676822537775212 -1.135357648708301 -1.2004799042609526 -1.2631225703361486 -1.3235535092552362 -1.3823281678625938 -1.4404806715836225 -1.499924101642382 -1.564317556631671 -1.6410118766952333 -1.7453822174805684 -1.907994816520769 -2.1569679846681478 -2.329320837321466 -2.3752332845603252 -0.7320600592298535 -0.41670342675422295 -0.26583162693145074 -0.18377759548867142 -0.13504819534631715 -0.10406865498116974 -0.0833222502623573 -0.06887666010111405 -0.058529359186964273 -0.05097286903066095 -0.04539042321676724 -0.04124722689322765 -0.03817684317822307 -0.03591693521970515 -0.03427229164504795 -0.03309377916661613 -0.03226677426237183 -0.031704898385255684 -0.031346144188821846 -0.03114960711156155
-0.03153461055593712 -0.0315844138029063 -0.03172843249884355 -0.03198325695215507 -0.03238015574646256 -0.03296890489769763 -0.033821649332064996 -0.035036884195381625 -0.03674480742986221 -0.03911642078142517 -0.04237995485545844 -0.046850105063837716 -0.052979490685022154 -0.06145026640842418 -0.07334271957084278 -0.09046151707993265 -0.11600871245188059 -0.15608329887480676 -0.22334215176288627 -0.3469892465096416 -0.6062110887486736 -1.5875591058595162 -2.3834827955351368 -2.2415245568413074 -1.9647947557375633 -1.7879653147862637 -1.681843259154433 -1.6078773372579298 -1.547551465495847 -1.492370809546257 -1.438217757263031 -1.382970475216981 -1.3254893515203403 -1.2651642689747755 -1.2017032694222776 -1.1350306629953144 -1.0652363589146583 -0.9925489453397517 -0.917318803089724 -0.8400041813859435 -0.7611566419754083 -0.681404248446842 -0.6014320676466596 -0.521960293517684 -0.44372076204046307 -0.36743288421696485 -0.29378013257095187 -0.223388209850793 -0.15680593306415525 -0.09448970373986659 -0.03679222546627343 0.016044110908645264 0.06388901042435316 0.10672131967109885 0.14462167577264345 0.1777613217575435 0.20638783712542663 0.23080867086768875 0.2513734472125397 0.2684560376901991 0.2824373572865963 0.29368975242600615 0.302563711689288 0.30937745379988646 0.3144097380022464 0.31789600877565594 0.3200277473705996 0.32095468342878386 0.3207893479328022 0.319613338967029 0.3174846233348871 0.3144452031366338 0.31052853593724516 0.3057662067379113 0.30019348339040325 0.2938535074998652 0.2867999760626975 0.27909828987829327 0.27082530641255853 0.26206798816064575 0.25292127828131217 0.2434854473935705 0.23386304976194738 0.22415555600922968 0.2144596339592113 0.20486289086600729 0.19543867777328505 0.18623927321466682 0.1772863193993026 0.16855658337189186 0.1599595761485525 0.1513005362812764 0.1422163098287612 0.1320600720240841 0.11969010130097245 0.10309154613264129 0.07879245428036946 0.04151140515553401 -0.013166094485466963 -0.07560786438329556 -0.10637729805853968 -0.07525352571768243 -0.01265877687480939 0.042090217719366566 0.07944747292768674 0.10382597650649028 0.12049199393492391 0.13290847254975782 0.14308674889633177 0.15216831828149555 0.16080182616089442 0.16935363325805702 0.17802263906174623 0.18690399128102306 0.19602569778972412 0.20537063113959916 0.2148904673537615 0.22451507701824794 0.23415932750679447 0.24372840909812893 0.2531222899141522 0.2622395859229496 0.2709809794084508 0.27925226791934743 0.2869670198300921 0.2940486313409752 0.30043147580158464 0.30606086692498646 0.3108916486939867 0.3148853282080057 0.3180057869233637 0.3202137412492497 0.32146025601544737 0.32167972897220226 0.3207828621055622 0.3186502028763463 0.31512684008154057 0.3100187667419058 0.3030913194934153 0.294070022342391 0.28264411161266534 0.26847295719476116 0.2511954684165074 0.23044236091772333 0.20585089404368417 0.17708142391699477 0.14383490613589855 0.10587035025445897 0.06302118017226874 0.01520948315403605 -0.03754277504733296 -0.09510634109936651 -0.15724164748473965 -0.2236005146546992 -0.29373267512745027 -0.3670969492065652 -0.4430766414268796 -0.5209984835659979 -0.6001542397059737 -0.6798239285989406 -0.7592995277191414 -0.8379080237701511 -0.9150327920405623 -0.990132555369431 -1.0627576418492262 -1.1325640125495828 -1.1993267271398618 -1.2629564895147452 -1.3235263953151315 -1.3813226484636567 -1.4369467801237743 -1.491527687578066 -1.5471756362892364 -1.6079981610955048 -1.6824862794566668 -1.789169276140245 -1.96664950076079 -2.2441728921043413 -2.3868584930850827 -1.5927493333064844 -0.6070658087453316 -0.34731759451699135 -0.22351079578274965 -0.15618515604120564 -0.11607662294341785 -0.09050897001882234 -0.07337548519389868 -0.06147068467701395 -0.05298841459693997 -0.046847938993979696 -0.04236726226857216 -0.03909426888693953 -0.03671491215661134 -0.03500158800870838 -0.03378376382969526 -0.032931461436115375 -0.03234611890640941 -0.03195525790838503 -0.03170856630476077 -0.031574117696273475
-0.03161622085452211 -0.03164670086375043 -0.031738178004266926 -0.0319031370651741 -0.03216598981942181 -0.03256710145290667 -0.03316682398889037 -0.03404937462817477 -0.03532743879491973 -0.03714942515232802 -0.03971238178063557 -0.04328516717863371 -0.048249580979324455 -0.05517384647858095 -0.06494766666325649 -0.07904243123410852 -0.10004512061134385 -0.13284296308578347 -0.18751648874068633 -0.28731048462400016 -0.4951996572580041 -1.1249521158446052 -2.4719538497346334 -2.331709958848833 -2.030126818813394 -1.833204786249848 -1.7225590558578252 -1.6498252737032768 -1.5925394520623275 -1.5408290975868413 -1.4900560239599308 -1.4378785258822977 -1.3830547389725423 -1.3249249606070217 -1.2631752562452248 -1.1977250170223994 -1.1286713788489542 -1.0562597040587005 -0.9808650720556202 -0.9029771276319434 -0.8231844228590433 -0.7421564968897073 -0.6606231997562338 -0.579351554897055 -0.499120946795227 -0.42069770388440786 -0.3448102733585695 -0.27212618721197857 -0.20323192364538956 -0.13861659717191435 -0.07866018458568974 -0.0236267312561096 0.026337299296744325 0.07119965312193145 0.1110342810748387 0.14600933265371238 0.176371978070765 0.20243103292279785 0.2245384419576478 0.24307069264131925 0.2584111742381944 0.27093437723511227 0.2809926497542245 0.2889060067038803 0.29495524444708804 0.29937837318344235 0.3023701641555043 0.3040844346935109 0.30463856594608496 0.30411966351987374 0.30259172728457606 0.3001031940365803 0.2966942577318068 0.29240345438746673 0.2872731128274633 0.2813534043721905 0.2747048634594768 0.2673993927727338 0.25951990546291737 0.2511588691744054 0.24241605957206014 0.23339579102650476 0.22420381143071566 0.21494396688836095 0.20571464664661215 0.19660487871124588 0.18768975044777259 0.17902455691575786 0.1706366590599489 0.16251328779225452 0.1545820918603714 0.146678343950489 0.13848682858573844 0.1294343716765893 0.11848515479891014 0.10375142533339649 0.08181708953584252 0.04702553753575921 -0.006628816281493083 -0.07167011515935483 -0.1052124006678426 -0.07143977072860656 -0.006372304836408978 0.04722954523206643 0.08198445357438242 0.10390486601788883 0.11863608185509542 0.12958592697051638 0.138637906570144 0.14682601801528852 0.15472294157764405 0.16264413577903813 0.1707549841359723 0.17912870623393806 0.18777900884591323 0.1966794308318256 0.20577546380980788 0.21499265355677524 0.22424244739962876 0.23342680016638792 0.24244212237020626 0.2511828777535331 0.25954494433101516 0.26742872291558595 0.2747418880194611 0.28140159313129925 0.2873358633212403 0.29248387869114323 0.2967949027923333 0.30022571953274896 0.30273657475332805 0.304285756924504 0.30482308953445414 0.304282737673087 0.30257583880847244 0.29958353782441144 0.2951510322733315 0.289083220723931 0.2811425054304329 0.2710492335400335 0.25848515912061243 0.24310015699830717 0.2245222144013177 0.20237048199617608 0.1762709107700518 0.14587376704012364 0.11087212994925504 0.07102034990065151 0.026151390010895427 -0.023808012507101666 -0.07882534462063617 -0.1387543088094137 -0.20333144094014427 -0.2721777460631044 -0.34480547269210304 -0.4206298615372773 -0.4989854222871805 -0.5791460288099834 -0.6603478969070669 -0.7418143384467741 -0.822781091599188 -0.9025210312019304 -0.9803671917869984 -1.055733321789791 -1.1281316812849507 -1.1971885861399925 -1.2626594646758642 -1.3244473023755552 -1.3826321383302647 -1.4375266812094418 -1.4897888633952563 -1.5406584582530451 -1.5924751723748094 -1.6498760794354328 -1.7227350986156351 -1.8335236049027408 -2.030621799017486 -2.3323901864341483 -2.4729510731826214 -1.1251691620661848 -0.4952111692600816 -0.2873001313659101 -0.18750512886792683 -0.1328337854007459 -0.1000382088890572 -0.0790371652358899 -0.06494323908234782 -0.055169427476255285 -0.048244414136901746 -0.04327864994081016 -0.039704133637433844 -0.03713933592983771 -0.03531568879124957 -0.0340364213666014 -0.03315335519181797 -0.032553959391098855 -0.0321540772125708 -0.03189331776920407 -0.031731185713577546 -0.03164306596557829
-0.031360928012823704 -0.03137675502372888 -0.03142960582111957 -0.03152871014693269 -0.03169284166949073 -0.031954341080396256 -0.03236316024607315 -0.032990606945553544 -0.03393337849903264 -0.03531941858003467 -0.03731809224758991 -0.04015848393123097 -0.04416207325635433 -0.04980123377409063 -0.05780645531382865 -0.0693716017686954 -0.0865714472759018 -0.11327944173978308 -0.1573901564984087 -0.23691188215819636 -0.4000200296655425 -0.8401863325527887 -2.8863254656959487 -2.4129362273843324 -2.103469968120734 -1.880063734601763 -1.7622160297177865 -1.6898198654346728 -1.6352869312340366 -1.5870062245280194 -1.5397021094088394 -1.4907691538496979 -1.4388433839189905 -1.3832042221439502 -1.3235076174144658 -1.2596609433192398 -1.1917616164542868 -1.1200645942314815 -1.0449620958610681 -0.9669672105308375 -0.8866972122836891 -0.8048546696944091 -0.722205779514616 -0.6395561892936142 -0.5577250988297797 -0.4775187390911721 -0.39970447147064586 -0.3249867628285435 -0.2539861980626751 -0.18722251437303453 -0.1251024013116993 -0.06791252893118603 -0.01581796314570659 0.031134177645505648 0.0730062590426663 0.1099575493895959 0.14222841621781263 0.1701223416059972 0.19398687438873133 0.21419464021125048 0.23112545945414215 0.2451504822185035 0.2566190483882168 0.26584873546353954 0.2731187912485627 0.2786668924671907 0.2826889536392986 0.28534155266408756 0.286746442774532 0.28699657187551314 0.2861630132543831 0.28430221830288677 0.28146303539299194 0.2776930061351323 0.2730435518554148 0.26757379113077956 0.26135286960934323 0.2544608210109441 0.24698809917808684 0.2390340121125692 0.23070433820365757 0.2221084061249547 0.21335587681437646 0.20455338846923177 0.1958011200157702 0.1871891924445967 0.17879364871715372 0.17067150340051102 0.16285396515170206 0.15533625460841846 0.148061133169233 0.14089060746515955 0.13355472324797255 0.1255545342016071 0.11597136740858799 0.10308656446527352 0.08366193411660149 0.05195170267530549 0.0007443540112620281 -0.06498872039569023 -0.10045689340217509 -0.06491379083265321 0.0007237260323503786 0.051771874064918094 0.08335005608082297 0.10268172061380627 0.11550443355739451 0.1250491930833507 0.13303025447186362 0.14036338861046166 0.1475451539494511 0.15484315222455625 0.1623929033730657 0.17024907218674531 0.17841387042346504 0.18685366012530166 0.19550924952366203 0.2043027363125661 0.21314246275998966 0.22192698602305094 0.23054859694002575 0.23889668140798584 0.24686103857051697 0.2543351223053717 0.26121905023282266 0.2674221303201473 0.27286459854852846 0.2774782542232144 0.28120572759581464 0.2839982098648641 0.2858116026287126 0.2866011872865573 0.2863150631149204 0.28488674561169763 0.28222744299854285 0.2782186263105547 0.27270556606138535 0.2654925178770462 0.2563401965014856 0.24496608170620252 0.23104795373409978 0.2142308663248389 0.19413754249449078 0.17038193667461826 0.14258546448745493 0.11039517773727002 0.07350297575274979 0.03166481086519747 -0.01528122281923985 -0.06739902550809578 -0.12464188554222988 -0.18684401975436876 -0.25371694466477657 -0.32485110990215915 -0.3997229387695589 -0.47770711771722923 -0.5580936748839704 -0.6401091070624149 -0.7229405743969399 -0.8057620034328655 -0.8877608430891883 -0.968164227304332 -1.0462634381459235 -1.1214358674864617 -1.1931641959985155 -1.2610533407448252 -1.3248470617589367 -1.3844483863096677 -1.4399521661370365 -1.4917064046753552 -1.540437173569337 -1.5875151304597848 -1.6355529623759462 -1.68983291297958 -1.7619688343314936 -1.8795375355162438 -2.102580000160814 -2.411464551166952 -2.8848728770452055 -0.8387298676659019 -0.39956757199333276 -0.23668304374984356 -0.1572499174213948 -0.1131839343314066 -0.08650235422549879 -0.06932011339773242 -0.0577679211713926 -0.049772995611653235 -0.04414245057122103 -0.04014624622889008 -0.037312169334004705 -0.035318746638193246 -0.03393683519498545 -0.03299700955550399 -0.032371307060613225 -0.031963076913475844 -0.031701128128353864 -0.031535683696992715 -0.03143461316627295 -0.03137936495150022
-0.030797126689505697 -0.030802610537920487 -0.030829117074231534 -0.03088320483834474 -0.030978882128820166 -0.031141509411560967 -0.03141176025501017 -0.031849225066275966 -0.03253601873250632 -0.03358158947327862 -0.03513076940755062 -0.037378189445832974 -0.040594103722200105 -0.045170661907391114 -0.05170641023250073 -0.06116680056901178 -0.07520717100601244 -0.09687346418800331 -0.13227473294946046 -0.19509938833327167 -0.32115387052887384 -0.6379199155283892 -3.9912237386503837 -2.4647441370976995 -2.1874273832355966 -1.9301209392818883 -1.801203502399637 -1.7278465275818877 -1.6756205381069507 -1.6306491361183224 -1.586854379543342 -1.5413079997171863 -1.4924987390591027 -1.4396318574178044 -1.382324212338943 -1.3204636119203002 -1.2541404363112956 -1.1836116371156489 -1.1092784871334647 -1.0316689153839895 -0.9514198692114066 -0.8692576054056459 -0.7859752437258596 -0.7024078021127472 -0.6194054906976786 -0.537806374492518 -0.4584096759242062 -0.3819510110077044 -0.30908076191404993 -0.24034660662083898 -0.1761809755958901 -0.1168939086586704 -0.0626714648858542 -0.013579516748828714 0.03042754255673383 0.06949391356780354 0.1038462714618881 0.13377550123633983 0.15961744366502031 0.18173379947795812 0.20049425385018008 0.21626072775126315 0.22937444812065477 0.24014627217533077 0.24885042617700256 0.255721555429509 0.26095476114066996 0.2647081443361721 0.26710729358187574 0.2682511290297298 0.2682185270575188 0.26707517873631476 0.26488017674354986 0.2616918859158911 0.2575727401322589 0.25259272218152046 0.24683141332209307 0.2403786293722386 0.233333774386077 0.22580412896639238 0.21790234063470365 0.2097433956428208 0.20144132603703754 0.19310584552503982 0.18483901517293522 0.1767319144073771 0.16886112640575165 0.16128461662904092 0.15403623150736714 0.14711743836825542 0.14048377231894044 0.13402109749321184 0.12750176018850656 0.12049966502417922 0.11221881969437893 0.1011381816884137 0.08429396880040776 0.0561148737969639 0.008651843845363254 -0.05571409328239349 -0.09204173831631542 -0.055812025439940315 0.008352012902327668 0.0555726557098806 0.08354634434767857 0.10023663483167661 0.1112094678898338 0.11942290771139669 0.12639386061645316 0.13291468362159775 0.13940751815584934 0.14609543392469534 0.15308738417462966 0.16042227768000125 0.16809302727441952 0.17606041194172528 0.1842615778439947 0.19261566895026005 0.20102795479580712 0.2093932536302815 0.21759912879092738 0.22552912107356343 0.23306610646586634 0.24009571565773133 0.24650962083984163 0.2522083980593519 0.2571036220913469 0.2611188519387225 0.26418921699841535 0.26625940838748335 0.2672800061270731 0.26720222066428306 0.2659712871909341 0.2635189124165449 0.2597553208352443 0.2545615623066783 0.24778280662868274 0.23922335204691259 0.228644012264523 0.2157624287060189 0.2002566935633591 0.1817724752755496 0.15993362005854211 0.13435596973515262 0.10466389951365146 0.07050885565354689 0.03158898051039085 -0.012331231010528756 -0.06140237968388556 -0.11567385849313512 -0.17508087262724278 -0.23943571616396297 -0.3084240309959507 -0.38160651243203053 -0.4584262270906368 -0.5382213905558162 -0.620243134942289 -0.7036775013127979 -0.7876706407268953 -0.8713560227352286 -0.9538823536581273 -1.0344409219674342 -1.1122912402498037 -1.1867841764821896 -1.2573823165071092 -1.323678178928594 -1.385412331578865 -1.4424959185910835 -1.4950467158091687 -1.5434572944566778 -1.5885351217389152 -1.631806476712571 -1.6762151291821126 -1.7278511937650327 -1.800589600995358 -1.9288088313303242 -2.1851147809561984 -2.4610010259935806 -3.978477634333035 -0.6360544921500324 -0.3204844380020064 -0.19474532481077061 -0.1320509237552768 -0.09671699516746034 -0.07509145504324181 -0.06107916523759051 -0.051640377402985445 -0.04512272406871101 -0.040562155144210583 -0.03736066777936867 -0.035126156514209625 -0.03358813103576167 -0.032551601752808766 -0.031871380407845325 -0.031437763096878076 -0.031168546977517544 -0.03100425326688549 -0.030904515659395282 -0.030844444009974686 -0.030810615886197563
-0.02995621940039139 -0.02995531972108932 -0.029966283998977845 -0.029993384496145664 -0.03004647946238268 -0.03014473670546269 -0.030320465197649825 -0.030622586225868973 -0.031119929065673492 -0.031905263877174926 -0.03310171866511286 -0.03487412284953883 -0.03744932724252803 -0.04115260296041638 -0.046473830098750585 -0.054192150478841794 -0.06562372964695687 -0.08315100882811974 -0.11146275185404435 -0.16083001349467624 -0.25733848549219573 -0.48656058972911637 -1.853280878588928 -2.471287429134911 -2.282500679261509 -1.985742707409034 -1.840221568718644 -1.7640439391612732 -1.7134742468485815 -1.6715947971772467 -1.6312913267087268 -1.589232597374426 -1.5437278746204322 -1.4938924791068267 -1.4392942870191303 -1.3797936189001572 -1.3154662713279726 -1.2465633383532155 -1.1734867169118373 -1.09677010645687 -1.0170604857274073 -0.9350977444548202 -0.8516916851515585 -0.7676965503863499 -0.6839838216391353 -0.6014143912321371 -0.5208113860545726 -0.44293495438567393 -0.3684602400385036 -0.29795958418014235 -0.23188973779292926 -0.17058456093434538 -0.11425335328837848 -0.06298462813096284 -0.01675483150425829 0.024558759626863897 0.061161935459422265 0.09332536061286963 0.12136546278234792 0.14562555406568714 0.1664582385101764 0.1842099931845856 0.19920858825907414 0.21175375196113239 0.2221112118657902 0.23050998243393536 0.23714254906249305 0.24216744468460313 0.24571363582424618 0.24788612223305162 0.24877218509482613 0.2484477689938556 0.24698353898861836 0.2444502171863097 0.240922881598484 0.23648400901412023 0.23122515901140017 0.22524731556186284 0.21866001056869552 0.21157943721511843 0.2041258125045846 0.19642026532303355 0.18858150955062172 0.18072251308619366 0.1729472942220002 0.16534786530669046 0.1580011935929208 0.15096584205534783 0.14427764195781093 0.1379432234434711 0.13192923850883886 0.12614308109708727 0.12039652181206364 0.11433380961936958 0.10728308093690637 0.09793854707289153 0.08368333261936806 0.059350694924309666 0.016760749560085483 -0.0441289841602672 -0.08007021372043385 -0.04440129019362051 0.01620283796467393 0.05849436699842498 0.0825730710611512 0.09663404638418767 0.10584147629296678 0.11280826895794592 0.11883655614536189 0.12459401842589322 0.13043112547380625 0.13652962414830017 0.14297465263320702 0.1497914966799134 0.15696532093583926 0.16445236343524414 0.172186716500989 0.18008482027466893 0.18804884536169703 0.19596965885664852 0.20372978864475205 0.2112066025191576 0.21827575041800118 0.22481476706155903 0.23070660490643072 0.23584277648852706 0.24012574122218 0.24347017801372783 0.24580283844949366 0.24706076909247085 0.2471878184251471 0.24612949744404433 0.24382643420157063 0.24020683755235378 0.23517854286725964 0.2286213280718237 0.22038024247239263 0.21026067645971105 0.19802582418243309 0.18339706805729197 0.1660576566110935 0.14565986291893118 0.12183560322984399 0.09421026918562293 0.062419292709276986 0.02612673635660679 -0.014954996872794711 -0.061045392386972604 -0.11227713914246379 -0.1686796948005374 -0.23016620257725437 -0.29652472267294894 -0.3674145327851211 -0.4423679864147392 -0.5207981107588124 -0.6020117973929273 -0.6852281103692989 -0.7696009308419726 -0.8542448985117042 -0.9382634216292781 -1.020777432219829 -1.1009535850165062 -1.1780307633673117 -1.2513440981716424 -1.3203462855803827 -1.3846269216741984 -1.4439321062786998 -1.4981892637981153 -1.5475473041025785 -1.5924531583384027 -1.6338109375476868 -1.6733337191592847 -1.7143747993159564 -1.7640630070398984 -1.8393017038104327 -1.983702152398933 -2.2786690380733248 -2.4653716678319677 -1.8389861747039569 -0.4847674153056118 -0.25660673699976627 -0.1604204375228032 -0.11119406812469385 -0.0829580989352566 -0.06547832219103311 -0.05408062402496144 -0.04638924037758483 -0.0410912407285187 -0.03740898697673156 -0.03485312093262883 -0.03309829976172232 -0.031917252778270316 -0.031144569250778853 -0.030656535754310467 -0.030359925042653103 -0.030185679999576016 -0.03008494102697784 -0.030025765155465598 -0.029989627670699747 -0.02996753308520328
-0.028871267747530096 -0.028867571970090874 -0.028872409291761932 -0.02888800961863206 -0.028920513116717977 -0.028983496739501007 -0.029101662473070798 -0.02931419377431553 -0.02967782941573247 -0.030270330244632146 -0.031195650413882135 -0.03259286893874465 -0.034652121127045875 -0.03764309381699864 -0.04196660667328323 -0.04825089378848031 -0.057540478780769705 -0.07169279892806475 -0.09428799600338629 -0.13296998466693938 -0.20650134171633885 -0.37241031068977415 -0.9907294314763513 -2.519284006695481 -2.3808554960255117 -2.0503522532287217 -1.8804340302920706 -1.798758231863651 -1.7489165251134644 -1.7097893084040108 -1.6728879457063806 -1.634367653284573 -1.5923161620090311 -1.545739675994265 -1.494146026389855 -1.4373597460860117 -1.3754343808772314 -1.3086072322502866 -1.2372722480701812 -1.161959581279192 -1.083316232581349 -1.0020851819226777 -0.919082078428935 -0.8351695595111505 -0.7512298938208992 -0.6681370192621471 -0.5867292390413309 -0.507783881034985 -0.43199514399293093 -0.3599561715301217 -0.2921461354728192 -0.22892279920121156 -0.17052069518638724 -0.11705471462699217 -0.06852859500949414 -0.024847524699060937 0.014166120637997716 0.04875502491453798 0.07920832627427604 0.10584329235995829 0.12898830170957 0.14896798395038455 0.16609114766531907 0.18064186853222905 0.1928738437440816 0.2030078669403823 0.21123206660751412 0.21770440151742257 0.22255682986874495 0.22590055954753147 0.22783182646817207 0.22843771194773604 0.2278015800982488 0.22600778656410198 0.2231453853817864 0.21931064815087506 0.21460831005521513 0.20915156325284248 0.20306091727523626 0.19646212585852874 0.18948343144095406 0.18225239872475393 0.1748925973285972 0.16752035240534183 0.16024171257707837 0.15314968605815615 0.1463216635458081 0.13981676582289845 0.13367258780942304 0.1279003698489944 0.12247680463892795 0.11732900639148562 0.11230549798353912 0.10711766081780034 0.10121612945333572 0.09351901032252563 0.08180659010771338 0.061506255151147375 0.024712271856187556 -0.03065257454444054 -0.06484095709303096 -0.031084604556259922 0.023938076134496156 0.0604062291704349 0.08042984930963537 0.09192933581155865 0.09947755885596801 0.10529208457028538 0.11045164751795113 0.11550094674031951 0.12072216691744508 0.1262587044763821 0.13217409536742938 0.13848153765756963 0.14515945770843527 0.15216017599030487 0.15941508423735992 0.16683810176209268 0.17432840072039918 0.18177298874435704 0.1890494934302286 0.1960293094659328 0.20258110898105308 0.20857457350910752 0.21388409020731106 0.21839207657125617 0.22199156360029781 0.22458767820024533 0.22609771858823235 0.22644960762169494 0.22557863480309465 0.22342255365163174 0.21991527761929178 0.2149795967086105 0.2085194928097935 0.20041273846810684 0.19050450496606466 0.17860268070069515 0.16447552217344347 0.14785214304342545 0.12842620158537732 0.10586297605962083 0.07980982071808737 0.04990977577128402 0.01581787301285218 -0.022780548251865273 -0.06615040260224822 -0.11448734247418997 -0.1678993061902568 -0.22639029467997637 -0.28984748582802405 -0.35803266129470773 -0.43057871457453306 -0.5069917428197892 -0.5866589149934048 -0.6688619753461029 -0.7527959068268772 -0.837591968247396 -0.9223440568422132 -1.006137159027614 -1.0880765606801217 -1.1673165180662024 -1.2430872683903034 -1.3147196218432082 -1.3816669897484197 -1.4435256973308288 -1.5000560925368245 -1.5512099535970494 -1.5971755961586038 -1.6384648732453027 -1.6760967183440758 -1.7120115213268363 -1.7500803501102713 -1.7988044435649286 -1.879263244554826 -2.047610135522773 -2.375328479654239 -2.5115593991735583 -0.9835034142226455 -0.37086578061057457 -0.20579893569425256 -0.13255473430747727 -0.09400593388073851 -0.07148555574509881 -0.05738193690079135 -0.04812824680799576 -0.04187326544322828 -0.03757552265657146 -0.03460819730915978 -0.032570921066364104 -0.031193854137883958 -0.030286336310591865 -0.029708576836631802 -0.029355888633426242 -0.02914990623368609 -0.02903353907101533 -0.02896759125924109 -0.02892772601995491 -0.028901096636647663 -0.02888260123414757
-0.027575936239050174 -0.02757262005605216 -0.027579417765881124 -0.0275966691454781 -0.027627106535806484 -0.027679190828919342 -0.027770661834148128 -0.02793180202920502 -0.02820835899902069 -0.02866460680844144 -0.029387576293511252 -0.030494106259150864 -0.032143301292282746 -0.03455874868749911 -0.038068547336816055 -0.04317936502196478 -0.050719775518103236 -0.062135893325833254 -0.08015418833996005 -0.1104382385886311 -0.16638889604694937 -0.28662775977531535 -0.6475387447589717 -3.4608930553376553 -2.4541379629173337 -2.128371358114164 -1.9236966140726999 -1.8326140910260247 -1.7821782384408316 -1.7453038862202293 -1.7116280976433025 -1.6766362918266324 -1.6381381984373489 -1.5950068255951633 -1.5466772244435285 -1.4929293490709865 -1.4337867663815103 -1.3694651160328921 -1.300341881912799 -1.2269343414176583 -1.1498793961097356 -1.0699123516791453 -0.9878435376797654 -0.9045327290001292 -0.8208619897421039 -0.7377079564796776 -0.6559147827010707 -0.5762690179131199 -0.49947761991660883 -0.4261501209157881 -0.356785711940919 -0.2917657015753308 -0.23135147107434287 -0.1756877151632332 -0.1248104507880359 -0.07865901630441233 -0.03709108792453026 0.0001003799226595082 0.033169423071217216 0.06239963728421092 0.08808802795954238 0.11053094384093949 0.13001267812030526 0.14679707287697435 0.16112220968083674 0.1731980329437113 0.18320655526172938 0.19130415366472167 0.19762539211101854 0.20228779642800448 0.20539704883976945 0.2070521390394666 0.20735008801898527 0.2063899390271412 0.20427578675303 0.20111869611104874 0.19703744917884133 0.1921581502664315 0.1866128064893717 0.18053707416703846 0.1740674111674674 0.1673378970776241 0.1604769756702936 0.1536043388058501 0.14682810946019084 0.14024239467282468 0.13392516421267978 0.12793625733211025 0.12231510004023627 0.11707736017496449 0.11220911554152747 0.10765578170862296 0.10330012639117349 0.0989169041993086 0.09407510924792253 0.08791767431004888 0.07865163801429931 0.06244309580383563 0.03212870751882665 -0.015840067065383955 -0.046865878462327995 -0.016402367956189323 0.031196959530858815 0.06118596494515798 0.07711961524662642 0.08617476427307752 0.09218831104745115 0.096952741876557 0.10132234094083473 0.10572296385510507 0.11037242005044595 0.11537855338828254 0.12078511317808821 0.12659432430500991 0.13277853556543645 0.1392865480535786 0.14604733372383458 0.15297256343384663 0.159958751104989 0.16688949476804812 0.1736380848531867 0.1800705830873873 0.18604932827066256 0.1914366978382399 0.19609885466002933 0.19990914461891268 0.20275078555858467 0.2045185018255607 0.20511880914530475 0.20446874092105913 0.20249292845612374 0.1991191004051347 0.19427223996026938 0.18786781131680047 0.17980461302808617 0.16995791082772613 0.15817353454109287 0.14426359664443297 0.12800441756939723 0.10913713836228135 0.08737137081471934 0.06239207787925492 0.033869691254399925 0.001473261642575963 -0.035113788964835795 -0.07617596750354375 -0.12194691854461266 -0.1725905566570069 -0.22818323756958994 -0.2886981118769572 -0.35399275574207634 -0.42380104541626396 -0.4977300420077331 -0.5752623910052348 -0.655764433819764 -0.7384998963769812 -0.8226486859773476 -0.907330017528563 -0.9916288297973795 -1.074624267073913 -1.155418916239658 -1.2331675282090642 -1.3071041439583453 -1.3765669290311582 -1.4410206694730667 -1.5000779486540123 -1.5535218472869925 -1.601336377165612 -1.6437576968956478 -1.681374439450583 -1.7153430355865575 -1.7478856708106074 -1.7835445145164701 -1.8326872848467062 -1.9223128003062555 -2.124883239860261 -2.4467907890255405 -3.450728818581357 -0.6433254821389406 -0.2853775898333989 -0.16576533620146716 -0.11005071756799531 -0.07988273719057896 -0.061932661919720695 -0.05056266322750993 -0.04305728311286301 -0.0379756773627647 -0.03449190456029617 -0.03210052265037814 -0.030473806380368892 -0.02938798346634738 -0.028683400395483057 -0.028242468506681735 -0.02797736239209384 -0.0278231207324933 -0.027733553644550303 -0.027678288401935265 -0.027639907993520473 -0.027610692968457695 -0.02758902131364548
-0.026103726675741054 -0.026103511097267548 -0.026119071479462276 -0.02614895872327518 -0.026192735897146786 -0.02625414318462714 -0.02634452568655887 -0.02648602647298054 -0.026714411508369413 -0.02708184785663936 -0.02766043152109223 -0.028547784763395184 -0.02987678449639988 -0.03183282730129066 -0.034684788802647644 -0.03884181245573695 -0.044961765586345286 -0.05417087303593202 -0.0685446017413736 -0.09227356211692272 -0.13490543129169896 -0.22238469628069887 -0.4535918901448402 -3.15316174283829 -2.45476708543099 -2.2234102429252176 -1.9729005387115186 -1.8666211101974397 -1.8136866135702927 -1.7783496332733437 -1.7476137361134352 -1.716067710397238 -1.68116519275762 -1.6416146398387208 -1.5967630804528221 -1.5463363412464501 -1.4903202031393161 -1.4289009506145205 -1.3624313341581216 -1.2914066525667047 -1.2164437476813779 -1.1382595575941143 -1.057647897044323 -0.9754542901435198 -0.8925493772503962 -0.809801833109053 -0.7280519498290494 -0.6480870990078039 -0.5706202206548893 -0.4962723170899245 -0.4255596825610249 -0.3588863002737598 -0.2965415149425831 -0.2387027674809959 -0.18544288360928424 -0.13674116103429187 -0.09249731670987511 -0.05254724703139134 -0.01667952390389488 0.015348403582538254 0.04379521642551771 0.06892268446243861 0.09098510704042286 0.11022153253036984 0.12685081861003106 0.14106937873552547 0.15305128068910748 0.16295023519371152 0.1709029443348101 0.1770332698803686 0.1814567200762037 0.18428482314863892 0.1856290387789087 0.18560394246377102 0.18432949706888502 0.1819323023835123 0.1785457901258043 0.1743094089315254 0.16936691731921003 0.1638639653468811 0.15794519025753262 0.15175107251752162 0.14541479396360688 0.13905930959062907 0.13279479057149293 0.12671652007835876 0.12090322497677992 0.11541569949002907 0.11029540231865714 0.10556243729179131 0.1012118413781309 0.09720612134679583 0.09345981318822137 0.08980673153097829 0.0859278679024305 0.08118505347627447 0.07422231641653564 0.06204128276896299 0.03862232316978716 -0.0003761710896223213 -0.02687996248568989 -0.0010272248903553684 0.03760367336324957 0.06072246312479055 0.07265179740869356 0.0794236661848305 0.08404191291606075 0.08786337053799287 0.0915236033105654 0.0953359783678771 0.09945841365091163 0.10396599290137566 0.10888431215316609 0.11420554351758906 0.11989648754169677 0.1259027903175 0.13215136014993037 0.1385520690312261 0.14499936801798818 0.15137419142706565 0.15754634866760825 0.1633774561248113 0.16872433232679598 0.17344267066024477 0.17739072185037183 0.18043266780149472 0.1824413503574819 0.18330003256242944 0.1829029160844779 0.18115421784556762 0.1779657222551614 0.17325286905886084 0.16692959875668223 0.1589023370339935 0.14906363173658774 0.1372860402911218 0.12341689404182327 0.10727454389068693 0.08864663077546839 0.06729083467396448 0.042938439882793535 0.015300910046505778 -0.015920507986012834 -0.05102233331517675 -0.09028395167723223 -0.13395088208768618 -0.18221701962475476 -0.23520682095605458 -0.2929584997417252 -0.3554093313921597 -0.42238412379469537 -0.49358779131976827 -0.5686027783559781 -0.6468918262089234 -0.7278062790490708 -0.8105998007683904 -0.8944470485505562 -0.9784665462431604 -1.0617467475885216 -1.1433741019672365 -1.2224618586081677 -1.2981783944731913 -1.3697740559103109 -1.4366059094609789 -1.4981604872673038 -1.5540757670107297 -1.6041656517693628 -1.6484540731700374 -1.6872339232991422 -1.7211846662546983 -1.7516298704842035 -1.781149296423213 -1.8151795716421935 -1.866706106528055 -1.9713103229183209 -2.2190103744038887 -2.445984521401553 -3.1143338002173175 -0.450952620827268 -0.22141661378417193 -0.1343825573205159 -0.09193384540358218 -0.06830032590860192 -0.05398534050313698 -0.04481744763598203 -0.03872965050072526 -0.0345998771225435 -0.03177237871261618 -0.02983901832708204 -0.028531229973572714 -0.027663447036864564 -0.02710228865286067 -0.026749424294166744 -0.026531980664530285 -0.02639708756927189 -0.026308490425081738 -0.02624389132836487 -0.026192202640398198 -0.02615037664003108 -0.026119938737620002
-0.024487453788935368 -0.02449257121523525 -0.024522453027095045 -0.02457394336318491 -0.024643641566511637 -0.024730920019646864 -0.024841247461694454 -0.024989330251074193 -0.02520187964819721 -0.02552019887732561 -0.026003194474112493 -0.02673186050964186 -0.02781687912391909 -0.029412006573059424 -0.03173795822262748 -0.035125868136380994 -0.040099223152387405 -0.04753679624948634 -0.05902094795244983 -0.07765626114928635 -0.11025299313049514 -0.17430545118816448 -0.3286389545751238 -1.0744703915392388 -2.4227738960187546 -2.3300183472893523 -2.03241831028836 -1.9023465900166572 -1.8441139440255168 -1.8092939905346335 -1.7810722738622036 -1.752801945572937 -1.7214692414391053 -1.6855757123857518 -1.6443612843915703 -1.5974868677274432 -1.5448924424298451 -1.4867274679408284 -1.4233120891954874 -1.355110970841376 -1.282711365403214 -1.2068015243698882 -1.1281478443202078 -1.0475704031618083 -0.9659172823293226 -0.8840385053667057 -0.8027606503370892 -0.7228632630027396 -0.6450581409580263 -0.5699724014656014 -0.49813601275325003 -0.4299741860636458 -0.36580472044059603 -0.3058400899889565 -0.2501937878441781 -0.19889021233712292 -0.15187721396888973 -0.10904032620702404 -0.07021768200111453 -0.035214668425062684 -0.0038174856052679913 0.02419505978776424 0.04904199778418455 0.07093313152802401 0.09006451026959372 0.10661628861040295 0.12075266245810638 0.1326234589819975 0.1423668968920091 0.15011302403305224 0.15598737405790625 0.1601144498759469 0.1626207237200123 0.16363692915114456 0.16329950131332355 0.16175109592764375 0.15914018594585513 0.15561979876179666 0.15134551556162779 0.14647290429867738 0.14115459393849747 0.1355372153652269 0.1297584307094167 0.12394424712347751 0.11820676438917833 0.11264244033416414 0.10733087534521493 0.1023340153566166 0.09769554086452215 0.09344001694769338 0.08957104901370543 0.08606703421988761 0.08287165545987092 0.07987282780671141 0.07685507493412783 0.07338692074627057 0.06854140690269939 0.06020328170040213 0.04380568382695346 0.014938408676698862 -0.005840495028388732 0.014248270838603394 0.042776392536528755 0.0589184491234523 0.06704437510685589 0.07173263197404436 0.07510590399438083 0.07809287565446411 0.08112238764665981 0.08440381974781025 0.0880403863588138 0.09207740515958228 0.09652399773528314 0.10136322856042387 0.1065569372581339 0.11204808807559725 0.11776203820308852 0.12360749716976108 0.12947763924994465 0.13525164524995487 0.14079680985148524 0.1459712283201175 0.15062696794940753 0.15461353978206938 0.15778141996843917 0.15998532989367628 0.16108697008211897 0.16095691497145223 0.15947541549307226 0.15653192658186837 0.1520232783617932 0.14585053880624696 0.13791476037936282 0.12811194459792263 0.11632767542627678 0.10243194874242022 0.0862747549048368 0.06768295873378675 0.04645897436927235 0.022381657596817667 -0.004790263687495461 -0.03531203136943557 -0.06944394315695665 -0.1074398418013544 -0.149533369298594 -0.19592255075776205 -0.24675345766088086 -0.30210384953378083 -0.36196779085450886 -0.4262422743532947 -0.49471684545310946 -0.5670671135763866 -0.6428528581686722 -0.7215211999314027 -0.8024150255630796 -0.8847865465275287 -0.9678155618482065 -1.0506317068390494 -1.132339730122794 -1.2120466761305493 -1.2888897848150762 -1.3620639807509374 -1.4308480424801904 -1.4946289712942014 -1.5529248166243594 -1.6054074796067903 -1.651929304396798 -1.6925617737996004 -1.727664389018743 -1.7580251067058308 -1.785175078455656 -1.8121604277812948 -1.8456472023341044 -1.9024117335826218 -2.030577722743098 -2.324412525250839 -2.4137848469042296 -1.0641151822989665 -0.3269486637977431 -0.1735831167254712 -0.10983497732917719 -0.07737392832392483 -0.05881353065762998 -0.04737769027546579 -0.03997524543410075 -0.03502994099792951 -0.031666070256690056 -0.029361753628469094 -0.02778665024736581 -0.026720308946309133 -0.026008851952246836 -0.025541185773637193 -0.02523570791581938 -0.025032814835276834 -0.024890543991162053 -0.024781696022920206 -0.024691369467668305 -0.024614281500920248 -0.024551662131082234 -0.024507903576449046
-0.02275888882243291 -0.022771067347238903 -0.022819636365697355 -0.022899819108169964 -0.02300545165142465 -0.023131876166646734 -0.02327917582803384 -0.023455278169445964 -0.02367869262542843 -0.023980974769155016 -0.024409365610474177 -0.02503043412324187 -0.02593603367685911 -0.027253670789169022 -0.029164904331741397 -0.03193857242814853 -0.03599267315351712 -0.04201526100160344 -0.051216836305526224 -0.06590548413363864 -0.09095886631700736 -0.13825419663162672 -0.24396861812130846 -0.5983112654547692 -3.1539689082922027 -2.411539268602537 -2.108255170231531 -1.9422057404079929 -1.8744561047662467 -1.8386835115785396 -1.812364032703863 -1.7870928321538881 -1.7592252122337366 -1.7269965805703476 -1.6895147643144173 -1.6463629369618908 -1.5974267730169374 -1.542811618815064 -1.4827976332499924 -1.4178108227366988 -1.3483999997057592 -1.2752150774300623 -1.1989847442929447 -1.1204929623291646 -1.0405545302888821 -0.9599904074660521 -0.879603731713156 -0.800157543217671 -0.7223551802282165 -0.6468241710809319 -0.5741042338151154 -0.5046397357759359 -0.4387766863267637 -0.37676406055255807 -0.3187590026395471 -0.2648352527601628 -0.21499399428172536 -0.16917623696411332 -0.1272758387196113 -0.0891523200419727 -0.054642732901063834 -0.023571997276983555 0.004238701586934948 0.028965670114839474 0.050778644567325865 0.06983876871717802 0.086298331969983 0.10030189190391005 0.11198835314341007 0.12149356688416893 0.12895304675703867 0.1345044573795353 0.13828960989916764 0.14045578234856979 0.14115626263798772 0.14055008344374834 0.1388009797916859 0.13607565260907184 0.13254146587544305 0.12836374084864616 0.1237028361199519 0.1187112139426803 0.11353068861461996 0.10829003024049755 0.1031030573848748 0.09806729703662376 0.09326322270485687 0.08875400288145217 0.08458559945582936 0.0807869347593095 0.0773696572690383 0.07432668031114001 0.07162789421565922 0.06920959289499488 0.06694931541623304 0.06460424772759099 0.06165135706290343 0.05685660877663801 0.04730251245156437 0.02920743903993225 0.015085822918161096 0.028531158582668813 0.04633708544008073 0.05569254292826854 0.060324552589432576 0.06316189913905583 0.0654472418804156 0.06770566789556295 0.07017715924827429 0.07297773900464737 0.07616194795413075 0.07974872139949998 0.08373262180029345 0.08808874420742605 0.09277474071876067 0.09773155042281226 0.10288366169307372 0.10813939527783406 0.11339151929256953 0.11851838654856499 0.12338568103595991 0.12784876372468576 0.13175552068561885 0.13494954445392962 0.13727342638065576 0.13857190460851765 0.13869459933146056 0.13749807511843018 0.1348470019161766 0.1306142450317341 0.12467980097824215 0.11692860660102648 0.10724737290164771 0.0955207166763825 0.08162696560689063 0.06543408309504199 0.04679619275711657 0.025551180760081053 0.0015198216042732271 -0.025493187362412885 -0.05569598542484407 -0.08930392179783081 -0.1265315084007884 -0.1675820877414221 -0.21263553591032405 -0.2618345056584219 -0.3152698840515119 -0.37296627714535135 -0.43486842606547105 -0.5008294935256501 -0.5706021300007478 -0.6438331321256893 -0.7200623452523347 -0.798726245606079 -0.8791663784134225 -0.9606425445891577 -1.0423503416174993 -1.123442398162744 -1.203052421875181 -1.2803210311325526 -1.3544222894514237 -1.4245899335699226 -1.4901425189729285 -1.5505071606111172 -1.6052423431823413 -1.6540616815663685 -1.6968631484029046 -1.7337736707901081 -1.7652310817226922 -1.7921552828998304 -1.8163422727784833 -1.841465466951732 -1.8759379749307339 -1.942201667257735 -2.1060422366194755 -2.404576972989817 -3.1466375693636324 -0.594244056995647 -0.2428875977295777 -0.1377338514721966 -0.09063915272240756 -0.06568224945911504 -0.05105006903336417 -0.04188665267146793 -0.03589276460915614 -0.03186203012490448 -0.02910851754846734 -0.027215381746988933 -0.025914388677394783 -0.025024212127575537 -0.02441728768177537 -0.024001465852211575 -0.023709701766184824 -0.02349417923945096 -0.023322772799412434 -0.0231765272714199 -0.023047308403284478 -0.0229351539285628 -0.02284521239139563 -0.022784491575534735
-0.020948495543642517 -0.020968966341393284 -0.021039461015841854 -0.02115368586392858 -0.02130292714827005 -0.021478837372747667 -0.021676593037550887 -0.02189796794994181 -0.022154058682586956 -0.022467675567897177 -0.02287572147360025 -0.02343220794612258 -0.024212954707660276 -0.025323628888672328 -0.026913913904887506 -0.029202916130469356 -0.03252594563283751 -0.037424378670740804 -0.044828984804103765 -0.05646521940185489 -0.07584961021152398 -0.11112254243355534 -0.18508552593936722 -0.3907054755833147 -3.1701394069002937 -2.3950263006058057 -2.205636900532107 -1.9899328789077353 -1.906167636954167 -1.8672806451414246 -1.8419927007896753 -1.8193106988041117 -1.7947112615344802 -1.7660780636599587 -1.732352679999366 -1.693024454359832 -1.6479152692079124 -1.5970790904141126 -1.540749216633648 -1.4793057288146727 -1.413251030951078 -1.343187974509211 -1.269798162582433 -1.1938196183293586 -1.11602386959634 -1.0371929840811065 -0.9580973375135459 -0.8794749843349322 -0.8020134676781328 -0.7263347823653544 -0.6529840164957602 -0.582421968293101 -0.515021788838965 -0.4510694603016381 -0.39076770288854895 -0.33424272794985593 -0.28155313087768746 -0.23270015208208328 -0.18763852858720495 -0.14628720893821442 -0.10853930206894356 -0.07427076512744969 -0.04334749242134251 -0.01563063323817141 0.009019873615861708 0.030743418499992823 0.04967824836601563 0.06596207865065394 0.0797334234875049 0.09113327371999495 0.10030678122496456 0.10740466321167673 0.1125841120080857 0.11600907428204628 0.11784983962411928 0.11828194542440194 0.11748445975998012 0.11563774627650654 0.11292084626868121 0.10950863499706678 0.10556892233590602 0.10125967129255803 0.0967265000258632 0.09210061216988094 0.08749726630905721 0.08301485003160375 0.07873457051595503 0.07472071625220156 0.07102138659902119 0.06766952761531662 0.06468404722301557 0.06207068828199198 0.05982215479443035 0.05791654426219977 0.0563118956564335 0.05493063103083688 0.05361263204859989 0.05195461745217754 0.04875796661744779 0.04146558177840792 0.03454821077654972 0.040853801403407664 0.04792128901303618 0.05098035363091636 0.05252813349945417 0.05377442306133551 0.055131349800818505 0.05676089237245145 0.058737521761617235 0.06109662922591555 0.06385104815009136 0.0669972342772051 0.07051746610310668 0.07438029656178796 0.07854020595857213 0.08293695821371636 0.08749498712363947 0.09212305511889397 0.0967143667899956 0.10114725812137675 0.10528651411652984 0.10898529617999636 0.11208759346556552 0.11443105556657229 0.11585002060202182 0.11617852377197929 0.115253057267014 0.11291485474286658 0.10901149561498151 0.1033976694677148 0.09593500995359981 0.08649099737829229 0.07493703131763456 0.06114587685750662 0.044988777428800336 0.02633259354009002 0.005037364698256325 -0.019045299438962125 -0.04607261185249977 -0.07620944434058376 -0.10962534010144238 -0.14648953698061962 -0.1869639631685406 -0.23119431609521793 -0.2792994969931052 -0.33135983614411535 -0.3874046934709932 -0.44740014194431466 -0.5112375245705034 -0.578723709340836 -0.6495738436829064 -0.723407327997117 -0.7997475886820666 -0.8780260413604478 -0.9575904062917155 -1.037717286075202 -1.1176286602112768 -1.1965117140150168 -1.2735412243434328 -1.34790359593675 -1.4188216053369422 -1.4855789938610406 -1.5475442987820862 -1.6041937963484472 -1.6551343023102705 -1.7001281708666085 -1.7391259426788728 -1.7723186912866502 -1.800237477879557 -1.8239667476231989 -1.845651031169344 -1.8698362191425593 -1.9075071751503359 -1.989790810169454 -2.2028263021420305 -2.3875407884705746 -3.1314184066406416 -0.3887511043150951 -0.1844043973810339 -0.11076120492355163 -0.07561578375488404 -0.05629736060975551 -0.0447020860343983 -0.03732647577851082 -0.03245054564030445 -0.02914612466954261 -0.026873207413274994 -0.02529726414435154 -0.02419963340124012 -0.023430838474338907 -0.022885215170921906 -0.022486762195375626 -0.022181132397698238 -0.0219309881036346 -0.021713065992303694 -0.021515897133431168 -0.0213375161494749 -0.02118281677794658 -0.021060521250314438 -0.020980014302608305
-0.019085197410657895 -0.019114725408684665 -0.01920933957166889 -0.019361358269784218 -0.019559754030642924 -0.019792843909856177 -0.020051375254171912 -0.02033157058001445 -0.02063784985192526 -0.020985182816561778 -0.021401292449303364 -0.021929214569593694 -0.022631048679029635 -0.0235942136059275 -0.02494237209442534 -0.026854883553826613 -0.029602247455600944 -0.033613112173485435 -0.03960799109431944 -0.04888634599655191 -0.06400553725681463 -0.09061036213043444 -0.14339112246496805 -0.2731643966065548 -0.9160140506639927 -2.3660035475776615 -2.3152333148201705 -2.0511923655416 -1.9414003763091519 -1.8961276645854057 -1.8706232349829843 -1.8499469012721124 -1.8283093074595285 -1.8031148507997297 -1.773090420682036 -1.7376102465653995 -1.6964211652383403 -1.6495181982789928 -1.5970813286596288 -1.5394382489027645 -1.4770380079217242 -1.4104288063095023 -1.3402369527810696 -1.2671458413873664 -1.1918747757338481 -1.1151579848866562 -1.037724437392675 -0.9602791564789971 -0.8834867206982646 -0.8079575324953895 -0.7342372780686308 -0.6627998084239539 -0.5940434649202501 -0.5282906721332024 -0.46579044306015793 -0.4067232995827482 -0.35120801365775556 -0.2993095265114934 -0.25104740439443773 -0.20640423639390948 -0.1653334651486904 -0.12776625521286458 -0.09361713487282931 -0.06278828354794398 -0.035172467188842156 -0.010654738470513141 0.01088689067983747 0.02958153476457766 0.045565978487137615 0.05898537868081515 0.06999385239569222 0.0787547292811301 0.08544031132493429 0.0902310542718294 0.09331415434272336 0.09488158433706277 0.09512767045877835 0.0942463338908059 0.092428140484142 0.0898573105889671 0.08670884161810873 0.0831458897366068 0.07931754393268192 0.07535710464719653 0.07138094959453242 0.06748803255655621 0.06376002026683292 0.06026203389938342 0.05704393339001954 0.05414207666743594 0.051581522018828194 0.04937876269757424 0.04754539058794818 0.04609384062420956 0.04504823641610998 0.04446789011387273 0.044500020262436144 0.045475211764459164 0.04784731657550534 0.05070900064517274 0.05104865455073243 0.05020418780852546 0.04718710019811275 0.04473451362654114 0.04369791094196398 0.04363420247222869 0.04422082818292704 0.04531181252298777 0.046844500612521336 0.04878837230831607 0.05112247744686723 0.05382526557470325 0.05686941067512637 0.06021866113730197 0.06382557458226228 0.06762974302283933 0.07155642461760683 0.075515624230737 0.07940170272302012 0.08309358498299947 0.08645560047015972 0.0893389419247176 0.09158367836384315 0.0930212140544561 0.09347704877640438 0.09277366730967722 0.09073336866312685 0.0871808404078122 0.08194529410638936 0.074862007609475 0.06577317026196274 0.05452799564643362 0.040982147301216715 0.02499660687609587 0.006436191559868162 -0.014832010168370725 -0.038939974057663196 -0.06601951885840937 -0.09620220756334112 -0.12961808282645398 -0.16639300630644113 -0.20664445480322377 -0.25047573212500046 -0.2979686799868911 -0.34917510639623267 -0.4041072861849871 -0.46272801441422884 -0.5249407979272833 -0.5905808428306638 -0.6594075274537597 -0.7310990352870349 -0.8052497577084887 -0.8813709629167388 -0.958895070440614 -1.0371836791519697 -1.1155392841350489 -1.1932204008233118 -1.2694596129638451 -1.3434838956187087 -1.4145364586040212 -1.481899335230857 -1.5449160384320997 -1.6030138710308766 -1.6557260005781171 -1.7027143829358657 -1.7437964734884654 -1.7789824326296024 -1.8085378465887034 -1.8331070880563876 -1.8539861292340463 -1.8737938859211438 -1.8983336495378114 -1.9425140856807401 -2.0508219766976317 -2.3115690167303664 -2.3600586025931616 -0.9096134861514842 -0.27216302423223593 -0.14297298378557902 -0.09036968637557612 -0.06384273515753247 -0.04876686378141166 -0.039517067397856945 -0.03354334398234175 -0.029549371259709075 -0.026816142491993704 -0.024915825061741885 -0.023578413973250834 -0.022624864642763916 -0.021931693227210402 -0.021411528631038797 -0.021002185917887297 -0.02066042134558904 -0.020358215179886292 -0.020080270309283683 -0.0198218848351051 -0.019586680001329234 -0.019383945229878706 -0.019225631213705314 -0.01912326165924997
-0.01719613812509366 -0.01723507215300649 -0.01735505329997309 -0.01754716696237885 -0.01779833352005269 -0.01809390709519445 -0.018420688279981844 -0.018769936299784185 -0.01914008955887643 -0.01953910169422944 -0.019986533526131015 -0.02051578893133402 -0.021177160940005567 -0.022042734801570443 -0.023214838677421395 -0.024840978298318266 -0.027140783859970027 -0.030456206458340063 -0.035349612051539456 -0.042808576602273864 -0.054712654437850415 -0.07502948458885915 -0.11342898969100058 -0.1995151388871669 -0.48671601409229803 -3.823960816668532 -2.3765223736738585 -2.133441655857493 -1.9834192345047208 -1.9266608510289036 -1.8991141739553092 -1.8796230338498756 -1.8605070594848876 -1.838495460043097 -1.8120294702820656 -1.7803387496951462 -1.743080860677285 -1.7001834974313061 -1.6517670770443025 -1.598101197522285 -1.5395756859317482 -1.4766777711113919 -1.4099716160488596 -1.3400786576109802 -1.2676583095282101 -1.193389155230667 -1.1179510381654743 -1.042008565321303 -0.9661965358685095 -0.8911077281075311 -0.8172833508058486 -0.7452063110276338 -0.6752972882199563 -0.6079134494456728 -0.5433495061605972 -0.481840708468832 -0.4235673044998046 -0.3686599630339395 -0.31720566600493616 -0.2692536202950798 -0.22482080916797872 -0.18389689487652047 -0.14644828660260756 -0.11242129290796084 -0.08174437681620399 -0.05432961717229414 -0.030073546301625814 -0.008857577382834764 0.009451746440791173 0.025002455060276308 0.03795660838058646 0.04848935507030712 0.05678749881907643 0.06304754084520947 0.06747322818169643 0.0702726893021962 0.07165527722900233 0.07182826334085501 0.07099353344226329 0.06934443420063653 0.06706290655842952 0.06431702629171956 0.06125905204690815 0.058024058007888374 0.05472920147916197 0.051473645858727324 0.0483391298915514 0.0453911513604713 0.04268072896858628 0.0402467403526636 0.03811894730825489 0.03632210292331218 0.034882216789550474 0.033837734211630215 0.033262715133004904 0.033320649474483224 0.03439750452115427 0.037417679397674174 0.04428233269646875 0.05592794903612869 0.06298819970319595 0.05555874365206544 0.04382282149780777 0.03692378730836386 0.03388151611547999 0.03280442342424761 0.032774373602828755 0.03340577836953763 0.03453174122710111 0.036072364780944034 0.037981736415606746 0.04022531582167732 0.04276922778271872 0.04557442248254429 0.04859296028904473 0.051765348099769744 0.05501853586039124 0.058264467352838495 0.06139919243251835 0.06430257911445386 0.06683865448056842 0.0688565750234779 0.07019219215310918 0.07067014376838955 0.07010637086780538 0.06831093031581686 0.06509095255042664 0.06025357895696301 0.05360871163431797 0.04497142195326996 0.034163895583030734 0.0210168396807252 0.005370338756223666 -0.012925787071408398 -0.034012001708536715 -0.05801927341903089 -0.08506927562479608 -0.11527432346843916 -0.14873679794037067 -0.18554782808922365 -0.22578504290702864 -0.269509267011797 -0.3167601157674862 -0.3675505418786308 -0.42186049072315435 -0.47962992834236495 -0.5407516056692199 -0.6050640066846221 -0.6723449886559129 -0.7423066524925322 -0.8145919753558445 -0.8887736931039022 -0.9643558368406503 -1.0407782089203055 -1.1174239358346671 -1.1936300685780263 -1.268701028691529 -1.3419245364463614 -1.4125895253219443 -1.4800054657450048 -1.5435225174835085 -1.6025520410146288 -1.6565872843812415 -1.7052246398077688 -1.748186980711725 -1.785352809816059 -1.8167996521576024 -1.8428809236102068 -1.864382655453294 -1.8828820947354878 -1.9016671481428609 -1.9284216399801208 -1.9842389930966473 -2.1327353354970904 -2.372220635524804 -3.82078603229786 -0.48477612176916945 -0.1989991470538362 -0.11318222090129096 -0.07487730513162533 -0.05460587741999936 -0.04272898512740079 -0.03528905461339562 -0.03041037217711984 -0.02710700352821695 -0.0248173687244934 -0.02319995415552813 -0.02203541826671546 -0.021176465823612125 -0.020520913905538236 -0.01999674713964416 -0.01955365472459623 -0.019158126436071655 -0.018790424480396656 -0.018442385717284765 -0.018115382952126172 -0.017818047100787666 -0.01756359687301765 -0.017366856368165286 -0.017241243012582154
-0.015306423412362356 -0.015354759385609923 -0.015500518748703179 -0.015733731431947923 -0.016039550670628174 -0.01640075842029001 -0.01680069848311906 -0.01722624652252666 -0.017670524033217616 -0.01813523039724494 -0.018632669567469156 -0.0191877645136222 -0.01984058996821421 -0.020650261256925498 -0.02170151028352135 -0.02311620213403884 -0.02507392115776872 -0.02784979641119138 -0.031886987193357516 -0.03794406601165144 -0.04741940060480435 -0.06314427499761469 -0.09162350724027406 -0.15090796483190366 -0.3126836351126121 -1.7996813553537976 -2.314575194839982 -2.239784704307098 -2.0372501566329193 -1.960915689961579 -1.92857581587698 -1.9091087826023894 -1.891903495272586 -1.8727037614889865 -1.8495580196069654 -1.8215090388768376 -1.788106061384659 -1.7491994493139191 -1.7048436407862555 -1.6552450332053463 -1.600729409955675 -1.5417180226462555 -1.4787075031071166 -1.4122515193050862 -1.342943403902624 -1.2713996333225934 -1.198244345679058 -1.1240952090905472 -1.0495509643536163 -0.9751809113096669 -0.901516514680162 -0.8290451930407237 -0.7582062395914461 -0.6893887175469833 -0.6229310852349673 -0.5591222422674835 -0.49820365149356394 -0.44037218230847786 -0.38578333750041577 -0.33455456456943333 -0.28676840845510543 -0.24247533014673953 -0.20169608867379143 -0.16442365652670626 -0.1306247051380153 -0.10024075289870407 -0.07318910951894333 -0.04936377474291618 -0.028636455188400908 -0.010857850535315634 0.0041406689038555895 0.016544913818993888 0.02655522874157012 0.03438337255609566 0.04024900446392694 0.04437589548356878 0.046988014381523 0.04830564998985797 0.04854172961903591 0.04789847858415171 0.046564543036279764 0.04471267163454054 0.04249802417075402 0.0400571484140574 0.0375076404205988 0.03494847891186155 0.03246100368812092 0.030110497894768336 0.0279483471991422 0.026014810724156723 0.02434260196939954 0.022961866169263143 0.021908063633052297 0.021236557138785937 0.021053697769128202 0.021590710851973508 0.023392454413965858 0.027798160172915223 0.0378151441558032 0.05613912379861205 0.06871985079495893 0.05591555830761222 0.03755299120813152 0.02753156756832372 0.02312919645559498 0.021345882763584643 0.020846251243428572 0.02108494928077622 0.021827584608279646 0.022962967166251083 0.024429805990926513 0.02618603710733494 0.028194583789889073 0.03041578969186403 0.032802736170109995 0.03529793606369419 0.03783081824767812 0.04031580587384273 0.0426509541829663 0.044717173893515455 0.04637807691605063 0.047480468226051446 0.047855484201324204 0.04732034987072688 0.0456806979385509 0.042733362476061965 0.03826953163923522 0.032078119818257846 0.023949204369491287 0.01367736955903366 0.0010648132404638716 -0.014075899491862014 -0.03191950906912615 -0.05262618247026967 -0.07634004948916819 -0.10318806943536502 -0.1332791004679152 -0.1667030141404742 -0.20352968448544229 -0.24380768558639743 -0.28756255419704485 -0.3347945134628629 -0.3854756079406885 -0.4395462656066179 -0.49691137516243783 -0.5574360417471536 -0.6209412556856351 -0.6871997715547249 -0.7559325431322323 -0.8268060886531607 -0.8994311660417107 -0.9733631164315308 -1.048104185123297 -1.1231080531153936 -1.1977867130507682 -1.2715197072747362 -1.3436656221208645 -1.4135756140673446 -1.4806086459986454 -1.5441480559858582 -1.6036190949215998 -1.6585071963687013 -1.7083770583445212 -1.7528932731244733 -1.791844563275046 -1.8251764280172424 -1.8530430656880692 -1.8759039146895862 -1.8947280704147698 -1.9114803444600519 -1.9304271995997533 -1.9621719739467878 -2.0377353033558934 -2.238669779593372 -2.3110494971908895 -1.7885601477569089 -0.3119553872341103 -0.15065111891545513 -0.09148655307323496 -0.06305486263016709 -0.04735494601663769 -0.03789573264541758 -0.03185062985895364 -0.027823077414909733 -0.025055260616956246 -0.02310437443641845 -0.02169549263286146 -0.020649181057852444 -0.01984370310106286 -0.019194432635808324 -0.018642323729742716 -0.018147320723320558 -0.01768446379961849 -0.01724136391445075 -0.016816210183714715 -0.0164157759329137 -0.016053123589312636 -0.015744923335742317 -0.015508503153010717 -0.015358917438037653
-0.013438853863478817 -0.013496303640609742 -0.013667533315034983 -0.013941711376502916 -0.014302526932349771 -0.014730595358968326 -0.015206300909154528 -0.015712710993331047 -0.01623827352843459 -0.016779148830704773 -0.01734120255717427 -0.01794187580588345 -0.018612352981595557 -0.01940070027547238 -0.0203770310877119 -0.021642444820685544 -0.023344853394536947 -0.02570769243727909 -0.02908394940160882 -0.03406333078633597 -0.041700525742528374 -0.05404948661539921 -0.07558378494826071 -0.11773457649899807 -0.21870989373733546 -0.641851266630272 -2.5424387706364184 -2.339166782980275 -2.1101911529782673 -2.001889347191177 -1.96047382769994 -1.9393542756595032 -1.923220047458411 -1.9063232519488118 -1.8861531153414397 -1.8615027822772392 -1.8317864807487203 -1.796764415366123 -1.7564179067503787 -1.7108853652398044 -1.660424618592223 -1.6053872049142606 -1.5461983224596 -1.4833396414618059 -1.4173338025649584 -1.3487301948873396 -1.2780919635919663 -1.2059843415073341 -1.1329644300933215 -1.0595725248559298 -0.9863250204398271 -0.9137088608885034 -0.8421774339325631 -0.7721477529477851 -0.7039987311816392 -0.6380703319520152 -0.5746633755650365 -0.5140397968439325 -0.456423173485678 -0.4019993814489012 -0.35091727552390767 -0.3032893375861996 -0.25919227855489907 -0.21866761994174627 -0.18172231465394934 -0.14832949230649894 -0.118429429933056 -0.09193085325901053 -0.06871266576555311 -0.04862618258361346 -0.03149791484328982 -0.017132909782187088 -0.005318606301953456 0.004170880555921183 0.011570174320946402 0.017117910988385547 0.021052050340280046 0.023605405482242114 0.025001558607145306 0.025451305667126813 0.025149739242988606 0.024274042439188834 0.02298203129510702 0.021411451553737745 0.019680008711623596 0.01788608870861982 0.016110112391427206 0.0144164656075326 0.012855970969385474 0.011468943259976695 0.010289055690618217 0.009348674676869104 0.008687341585568118 0.008367625403510071 0.008509319376541456 0.009371914262298263 0.0115699112755355 0.016644469115328454 0.028239801851285176 0.05041594260728191 0.06660492524170425 0.05032622757776854 0.02814284162558811 0.016554167318294174 0.011491932330158777 0.009315990062524272 0.008486451342129811 0.008387707523746514 0.008757758098034914 0.009473426921367661 0.010468202782124908 0.011698276920967508 0.01312689560960153 0.014716070412724479 0.016421425392866788 0.01818850235817084 0.019949865452360913 0.021622776917197637 0.023107400922632332 0.024285567706821217 0.02502015359029927 0.02515513008637492 0.024516319722405762 0.022912872791356974 0.02013945024274206 0.015979064610136227 0.010206495331881787 0.0025921605253397145 -0.0070937012679426256 -0.019076704082115058 -0.033574011450350626 -0.050790215607792635 -0.07091353202250393 -0.09411240548528249 -0.12053258023810501 -0.15029464130951134 -0.18349199260009746 -0.22018920369781536 -0.26042063489331463 -0.30418923988260915 -0.3514654482885184 -0.40218604443404354 -0.45625298311875107 -0.5135321154860618 -0.5738518362311595 -0.6370017051404282 -0.702731138875604 -0.7707483104132595 -0.840719430734907 -0.9122686170592231 -0.9849785708220992 -1.0583922936081738 -1.1320160577677312 -1.2053238190674507 -1.277763211612192 -1.3487632028417937 -1.4177434138399472 -1.484125036166988 -1.5473432141940444 -1.6068607314145156 -1.662182871656976 -1.7128734742602516 -1.7585725639622076 -1.7990167103558394 -1.8340648966707465 -1.8637361948237312 -1.8882736218118674 -1.9082686237332858 -1.9249354843980109 -1.9407927093029582 -1.9615921576932271 -2.0026280125445957 -2.1103555164795558 -2.3378471642988017 -2.541417747292406 -0.6404072921378418 -0.2184366255549689 -0.11761765158317786 -0.07551559497808782 -0.05400307025997505 -0.04166671716997186 -0.034038338797694044 -0.029065885392095356 -0.025695396987115263 -0.02333745883950574 -0.021639211408278843 -0.02037729360777541 -0.0194038579309826 -0.01861787094254254 -0.017949282943206423 -0.017350079056549002 -0.016789103788579365 -0.016248917222913904 -0.015723629220742934 -0.015217039295338103 -0.014740659844743518 -0.014311403088806593 -0.013948900679816965 -0.013672600143602638 -0.01349892370187553
-0.011613673491359982 -0.01167973274728015 -0.011875525326802094 -0.012189561566624357 -0.012604380162186426 -0.013098844550970698 -0.01365088114430732 -0.014240321283433806 -0.014851567783608974 -0.015475923447299146 -0.016113569432722345 -0.016775347103237245 -0.01748467439459952 -0.018280138161028664 -0.01921960718824297 -0.020387233696261046 -0.02190571935948208 -0.023958298211245583 -0.026829411828175585 -0.03098355384504565 -0.037228155159814286 -0.047079744963363604 -0.06368519372660549 -0.09453456226424284 -0.1616821360807082 -0.3661533223843414 -3.683753266302646 -2.332329398531 -2.2090519030325364 -2.0541258230555717 -1.9968117158033678 -1.9715461081402976 -1.9553203435418594 -1.9400451910768945 -1.92238492198258 -1.9007874909191045 -1.8744933503998271 -1.8431551125880152 -1.806672298519523 -1.7651104440552539 -1.7186561817358463 -1.6675887298893577 -1.6122593585445282 -1.5530750686085593 -1.4904847950323166 -1.424967395162911 -1.3570211133737922 -1.2871543900923967 -1.2158779359176983 -1.1436979859718146 -1.0711106223008675 -0.9985970233863609 -0.9266194805349213 -0.85561801587429 -0.7860074465946992 -0.7181747629547516 -0.6524767198470507 -0.5892375791317295 -0.5287469782636279 -0.47125793630878043 -0.4169850385567435 -0.3661028639674453 -0.3187447350820916 -0.2750018780031282 -0.23492308126673042 -0.19851493754604957 -0.16574274148261187 -0.13653210048190842 -0.11077129271030799 -0.0883143776216438 -0.06898502957703198 -0.0525810260017295 -0.0388792807709362 -0.02764127492451955 -0.018618704756284892 -0.011559146038905812 -0.006211525902112861 -0.0023312022522342934 0.0003155259908887767 0.0019476189663107707 0.002766304110634542 0.0029529447833351614 0.0026677783732819817 0.0020494958594831285 0.0012156055034910599 0.0002635026931196328 -0.0007278427292154433 -0.001695666890360005 -0.0025907173356498805 -0.0033740647349487377 -0.004013224511673545 -0.004476984751033431 -0.0047273709866093045 -0.004704755416789128 -0.004295625048089852 -0.003253979495978847 -0.0009923515803999634 0.003991060145063159 0.015392160863471017 0.03791552810797941 0.05506985596163477 0.03792503249078254 0.015401481846987733 0.003999312009354121 -0.0009798237265124486 -0.0032315316727629046 -0.004258526104193896 -0.004649463236605938 -0.004651696442236582 -0.004380228585839285 -0.0038962790874293583 -0.003239467846918109 -0.0024426499835100896 -0.0015398912261425052 -0.0005715795275262189 0.0004117555864501637 0.0013463108825557209 0.0021523671530211726 0.0027321171511674592 0.002968020029382637 0.0027217663292144513 0.0018339406578409385 0.00012445798828355923 -0.0026061718040221744 -0.006574726525429881 -0.012012314239781621 -0.019160631604268816 -0.028267538303354448 -0.03958208928477369 -0.05334919959165088 -0.06980413722029191 -0.08916704517558054 -0.11163768445238072 -0.1373905668359486 -0.16657061362865852 -0.19928943802404195 -0.23562230931173234 -0.2756058201731377 -0.31923624660213534 -0.36646856470424366 -0.41721606990629306 -0.4713505314154919 -0.5287028074438272 -0.5890638444311169 -0.6521859864483154 -0.7177845297141878 -0.7855394724026797 -0.8550974319665244 -0.926073730590808 -0.9980546826559876 -1.07060015363084 -1.143246494127456 -1.215509981835081 -1.2868909236015713 -1.3568785766544655 -1.4249570400491387 -1.4906122457876998 -1.5533401486326543 -1.6126561854536527 -1.6681060694092475 -1.719278037698021 -1.7658168502493163 -1.8074402687899458 -1.8439596986889948 -1.8753087526821608 -1.901588164170373 -1.9231466151740186 -1.9407458470808197 -1.9559407316026391 -1.972069826026226 -1.997222986312618 -2.0543955745279394 -2.209039620758641 -2.3316382623064937 -3.6780426749030433 -0.36588805689960724 -0.1615990083105873 -0.09449235976093112 -0.0636587715848985 -0.04706164310784894 -0.03721554199848128 -0.03097513077283301 -0.026824451021517724 -0.023956293074720383 -0.021906247996070452 -0.020389907072210844 -0.019224053533484588 -0.018286002378071785 -0.017491621958682264 -0.016783067015371272 -0.01612177382262537 -0.015484343581159257 -0.014859947796491007 -0.014248411895711296 -0.013658435851409944 -0.01310562028831376 -0.01261014337532637 -0.012194099230014912 -0.011878659110343314 -0.011681333581544428
-0.009848365035751094 -0.009922375361476464 -0.010141342501160364 -0.01049332379020246 -0.010960023773603203 -0.01151897036320114 -0.012146133371680617 -0.012818675760377924 -0.013517572145883982 -0.01422992496702434 -0.014950937126475869 -0.015685644252417336 -0.01645066429306013 -0.01727640023905913 -0.01821037598931819 -0.01932278825822155 -0.020716110086149365 -0.022542094736636414 -0.025032746473560075 -0.02855908723391798 -0.033749175191322346 -0.04174370746804352 -0.05480775201180566 -0.07800848201111979 -0.12484332020141209 -0.24431281224859341 -0.8960983880126574 -2.3203987216554975 -2.3197727536725017 -2.1243048165454654 -2.0404433003488402 -2.007201871429571 -1.9892423097088554 -1.9746815553059676 -1.9589233003216302 -1.939921072878114 -1.9166836923555188 -1.8887314420502634 -1.8558706475649582 -1.8180883975766204 -1.7754972233126702 -1.728302323015473 -1.6767797921394267 -1.6212607352327002 -1.5621188945514801 -1.4997606582223035 -1.4346168548200127 -1.3671359680255393 -1.2977784856402086 -1.2270121170182233 -1.1553076162197158 -1.0831349574043128 -1.0109596339832525 -0.9392388957430802 -0.8684177955513734 -0.7989249835900862 -0.7311682554220625 -0.6655299237765692 -0.6023621369782157 -0.5419823053361001 -0.48466881846855375 -0.43065724141777767 -0.38013716729119473 -0.3332498821253115 -0.29008696736408524 -0.2506899302333846 -0.2150509149930535 -0.18311451000804457 -0.1547806271965536 -0.12990839153311687 -0.10832093888954772 -0.08981098137036295 -0.07414696235720229 -0.06107959171045585 -0.050348528563468914 -0.041688968323133985 -0.03483789436038402 -0.02953977435089956 -0.025551515262035165 -0.022646536559982788 -0.020617873739273363 -0.019280278365889723 -0.018471331293612524 -0.01805162853078455 -0.0179041320294077 -0.017932799486868527 -0.018060617471915195 -0.018227158618917036 -0.018385759518132753 -0.018500354297268377 -0.018541859281519444 -0.018483687253963346 -0.01829521775716017 -0.01793014844668272 -0.01730149565738584 -0.01622003807709909 -0.014227469194921682 -0.010125145117603608 -0.0008510824291395887 0.01790188064917257 0.0326609317190924 0.017954753865351447 -0.000815755820439113 -0.010114842100767024 -0.01423665186618013 -0.016246281865077178 -0.01734443908192244 -0.01798993323094402 -0.0183716432230405 -0.018575770932278197 -0.01864760649560379 -0.01861665136935327 -0.01850835466095377 -0.018350714041435175 -0.018178823374483663 -0.01803854275278883 -0.01798971250893302 -0.018109015140024946 -0.018492449336053565 -0.01925731886460824 -0.020543615287830955 -0.022514670204858332 -0.025356962983402936 -0.02927899149397946 -0.034509145650017836 -0.04129256586944337 -0.04988701882232938 -0.06055787719667117 -0.07357234356741317 -0.08919310530092275 -0.10767164298496483 -0.12924143593079754 -0.15411131363494657 -0.18245919248874984 -0.2144264148460536 -0.2501128760834459 -0.2895730879507727 -0.3328132862119982 -0.3797896492508126 -0.43040765288351973 -0.4845225453169143 -0.5419408851667155 -0.6024230454309369 -0.6656865490065821 -0.731410069527603 -0.7992379085358675 -0.8687847499057828 -0.9396404980543719 -1.011375029447994 -1.0835427271515572 -1.1556867234374364 -1.2273428416034173 -1.298043299247405 -1.3673203043801327 -1.4347097358434795 -1.4997551445945898 -1.5620123393333016 -1.6210548304465284 -1.6764804100099353 -1.7279191651124794 -1.7750433013946094 -1.8175793789377315 -1.8553241048541969 -1.8881660530116013 -1.9161184396652735 -1.9393745008122365 -1.9584129002740314 -1.9742233963497946 -1.9888511708594152 -2.006892634889962 -2.040236501643483 -2.124250231872834 -2.320038860660608 -2.320859819453309 -0.8964638418903952 -0.24432687575800302 -0.12484084425312197 -0.07800497383706695 -0.054805638869511494 -0.041743313616576364 -0.03375038349489887 -0.028561699274567365 -0.025036569005614056 -0.022546956175385133 -0.02072185721452811 -0.019329277600304444 -0.018217464835920946 -0.017283939535243337 -0.016458494568333006 -0.015693595126696137 -0.01495883031069633 -0.014237580082605911 -0.013524814204956999 -0.012825342888761776 -0.012152083386895648 -0.011524085143493719 -0.010964210898484495 -0.010496515571169686 -0.010143493102083874 -0.009923457095746163
-0.008157521689953531 -0.008238724499777658 -0.008479112051809411 -0.00886648885466887 -0.009382035874803398 -0.010002355542579108 -0.010701955208782452 -0.011455888739222255 -0.012242307842254413 -0.013044752479270701 -0.013854118184662558 -0.014670363050670796 -0.015504151958151894 -0.01637878812250982 -0.017332982397866535 -0.018425326682903996 -0.019741908260522304 -0.02140961997477525 -0.023620042162238623 -0.026673870694757434 -0.03106783901700367 -0.03767663844142803 -0.04816900354727834 -0.0660795401644392 -0.1000771391634515 -0.17705846509761983 -0.438612474940737 -3.7787114536328277 -2.358676959944685 -2.219612894073925 -2.095552530116992 -2.0483260864126493 -2.026247945297743 -2.011183480705249 -1.996546294238668 -1.9795571202427678 -1.9589048354468823 -1.9339412506306897 -1.904363713071129 -1.8700738232854834 -1.831107002749648 -1.7875933430667592 -1.7397335419053939 -1.6877828413390759 -1.6320396840536056 -1.5728374527193694 -1.5105383783171782 -1.4455290067914195 -1.3782167325725168 -1.3090269548138145 -1.238400443872552 -1.166790548597124 -1.0946599395600805 -1.0224766695363825 -0.9507094342571223 -0.8798220246050217 -0.8102670658482577 -0.7424792308163239 -0.6768681845507906 -0.6138115629866618 -0.5536483056956683 -0.4966726536887 -0.44312909141560713 -0.3932084629803504 -0.3470454326840941 -0.30471739554080735 -0.2662448793842743 -0.2315934197866321 -0.20067683361619948 -0.17336176677540738 -0.14947334620051375 -0.1288017257557297 -0.1111092814143048 -0.09613818530871249 -0.08361807365101293 -0.07327352279828449 -0.06483106254896007 -0.05802548625495079 -0.05260526187771152 -0.048336903331129825 -0.045008222641196 -0.04243044523981614 -0.04043922789667917 -0.0388946671929031 -0.03768042347380792 -0.036702110012866856 -0.03588510995318578 -0.03517198470887982 -0.03451962525629989 -0.033896265443305595 -0.03327840552412488 -0.03264753596633261 -0.031986175083302405 -0.031271765626417744 -0.030464283293566246 -0.02947536665999429 -0.028081492770645092 -0.025667499331463305 -0.020573332668188712 -0.010234681319662818 -0.0019048743311228542 -0.01021107701429935 -0.020605349441817876 -0.02575996885499302 -0.028229921463948694 -0.02968029851161499 -0.030727860672814453 -0.03159501050339634 -0.03236754341406226 -0.03308214253988228 -0.03375762532167403 -0.034407595411025414 -0.03504676016323611 -0.03569508525911124 -0.036381248107613326 -0.037145876297755655 -0.038044678204123696 -0.039151413918481204 -0.04056058398100035 -0.04238968184803508 -0.0447808446755036 -0.047901738681707086 -0.05194552806992332 -0.05712980043575723 -0.0636943574138269 -0.0718978268517695 -0.08201311016303815 -0.09432174193305501 -0.1091073031032046 -0.12664808837697786 -0.14720927763916308 -0.171034896287433 -0.19833986841372547 -0.2293024695519229 -0.2640574735130406 -0.3026902628017968 -0.3452321365489127 -0.39165700569001255 -0.441879613458701 -0.49575536074513993 -0.5530817510099563 -0.613601399383752 -0.6770064777359852 -0.7429443959345227 -0.8110244547818622 -0.880825154669944 -0.951901812235757 -1.0237941306087202 -1.0960333905811013 -1.168148980982158 -1.239674064472929 -1.3101502746682543 -1.3791314540364041 -1.4461865595402064 -1.5109019737943254 -1.5728835537985446 -1.6317588203865534 -1.6871797388422696 -1.7388265744755564 -1.7864133531465383 -1.8296955722445818 -1.8684811055839106 -1.9026459595529033 -1.9321581816457847 -1.9571170197122345 -1.977823547766069 -1.9949223841850816 -2.009719946617849 -2.0249915834193786 -2.047326210879713 -2.094890473658355 -2.219557422347168 -2.359991431792911 -3.7821409858403108 -0.43908417808784533 -0.17714602638074256 -0.10010718576938989 -0.06609493300699242 -0.048180095542774866 -0.03768644137477422 -0.031077247483050623 -0.02668311275813336 -0.02362914963962243 -0.021418588974473327 -0.019750747098975056 -0.018434059140145224 -0.017341633837476843 -0.01638736771078101 -0.015512638196997103 -0.014678696451040722 -0.013862202370302256 -0.013052462901624222 -0.012249505677492643 -0.011462436619881413 -0.010707731341512943 -0.010007263451720979 -0.009386008286945073 -0.008869485770957504 -0.00848111446501855 -0.008239726170159252
-0.006552817846378606 -0.006640399878816416 -0.006900198293980679 -0.007319954059058477 -0.007880621639290963 -0.008558273202189692 -0.009326432817290531 -0.010158590086449993 -0.011030664430096603 -0.011923253246060575 -0.012823587695615953 -0.013727227118560012 -0.014639640470041007 -0.015577954834189105 -0.016573318328498354 -0.017674577231163988 -0.018954407124245006 -0.0205198770198367 -0.022531125839827672 -0.02523546947021435 -0.029032540987531923 -0.03460641276086152 -0.04321560799094555 -0.0573997748465694 -0.08296786489121397 -0.13594767617330888 -0.27903327996023575 -1.2951274551623206 -2.308854119365806 -2.332807965345385 -2.1680628367193244 -2.0976537366235384 -2.0678976934505857 -2.050665223857343 -2.0361490841101597 -2.020449424608573 -2.0017979204854215 -1.9793240380233335 -1.9525935739318887 -1.9214131018260865 -1.8857372996422164 -1.8456203468228032 -1.8011880834715148 -1.7526209582104253 -1.700143188831704 -1.6440158525002477 -1.584532612849808 -1.5220172126696017 -1.4568220355798782 -1.3893271199031596 -1.319939066723275 -1.2490893563941532 -1.1772316860696255 -1.1048380647183778 -1.0323935434795413 -0.960389606158931 -0.889316384126553 -0.8196539798270328 -0.7518632739839425 -0.68637664720113 -0.6235890647258224 -0.5638499552087963 -0.5074562653939885 -0.4546470004054547 -0.40559947262203977 -0.3604273899038053 -0.3191808235896713 -0.28184801337543536 -0.2483588925641638 -0.2185901539729771 -0.19237162370667132 -0.16949366685980466 -0.1497153165382482 -0.13277279685443377 -0.11838810372271882 -0.106277316122917 -0.09615833582244898 -0.08775779468710997 -0.08081692335412084 -0.0750962393882724 -0.07037898223183392 -0.0664732909816126 -0.06321318424068118 -0.060458454960299716 -0.05809363488676378 -0.05602621250046598 -0.054184306682890315 -0.05251400900560779 -0.05097661536768319 -0.04954597989828495 -0.04820625267932462 -0.04695033174914266 -0.04577952166428138 -0.04470527199755133 -0.043754796320245225 -0.04298475259012203 -0.04251362498694605 -0.04260059710822893 -0.04381829022954295 -0.04696135642880117 -0.0496941896307351 -0.04704936657217113 -0.044013635133134374 -0.04289706134204644 -0.04291091545671877 -0.043486853791048496 -0.044364762056780395 -0.04542239604178228 -0.04659784225474629 -0.047857815400981454 -0.04918441105985298 -0.050569832665377464 -0.05201496613010932 -0.0535300168985822 -0.055136336635975086 -0.05686894212371694 -0.058779388723397476 -0.060938729492278854 -0.06344032059988353 -0.06640224742927249 -0.06996915516081711 -0.07431327929218821 -0.07963448989237565 -0.0861591917205064 -0.09413796277628571 -0.1038418668877077 -0.11555744004609679 -0.12958042177919604 -0.14620837675243936 -0.1657324221510407 -0.18842833767800854 -0.2145473828039929 -0.24430717743345734 -0.27788301626453893 -0.31539998399286684 -0.3569262190736877 -0.4024676391027678 -0.4519643918388364 -0.5052892329143158 -0.5622479547992986 -0.622581902598544 -0.6859725132112878 -0.7520477096659546 -0.8203898786674467 -0.8905450648988069 -0.9620329396079939 -1.0343570523391687 -1.1070148605768437 -1.179507057150551 -1.2513457806316635 -1.3220613969412305 -1.3912076743502553 -1.4583653288600973 -1.5231440797868614 -1.5851835122048956 -1.6441531806053054 -1.6997524973930889 -1.7517110291559084 -1.7997898848203644 -1.8437849571879799 -1.8835329472215805 -1.9189215117378557 -1.9499058543915844 -1.9765363631334798 -1.9990072936584309 -2.0177498558874336 -2.0336286588282593 -2.0484050267271754 -2.0659754008593625 -2.0961631204463678 -2.1672093097842073 -2.333407037630523 -2.310990802679389 -1.300895159746843 -0.27940457585425 -0.1360477760384043 -0.0830092051031078 -0.05742339263383683 -0.04323295941679457 -0.034621171120754655 -0.029045924734697186 -0.02524787647159374 -0.02254270230748368 -0.02053072256708315 -0.018964638816836653 -0.017684334544271957 -0.01658274400424414 -0.015587169140775022 -0.014648718654363967 -0.013736185426831582 -0.012832380080375802 -0.011931778244560874 -0.011038779726418795 -0.01016613113085823 -0.0093332316617197 -0.008564174343461286 -0.007885492891243701 -0.007323691946283896 -0.006902728801686162 -0.006641676307957246
-0.005043091363723896 -0.0051362230943265835 -0.005413272372468157 -0.005862090179640056 -0.006463681038400003 -0.00719395898413596 -0.008025920582446366 -0.008932014029946558 -0.009886497019873916 -0.010867624473521941 -0.011859581755079163 -0.012854170118541527 -0.013852352868346926 -0.014865884918275448 -0.01591939011459212 -0.01705345650059433 -0.018329665490219738 -0.01983911189997199 -0.02171723905867892 -0.02417045731959314 -0.027525860055062773 -0.032329204979360295 -0.039552114389053136 -0.05107258256330197 -0.07093650389922355 -0.10931666435626547 -0.19923380793165835 -0.5385292446056089 -3.0366361814126512 -2.3977889616325436 -2.264038352288826 -2.1589591725975272 -2.1161548779513035 -2.0944319222172583 -2.0787501082862203 -2.063452669575271 -2.0460979499580265 -2.025511745855226 -2.00109549853819 -1.9725473884848026 -1.9397365050273263 -1.902640263685532 -1.86131070534274 -1.8158553666492379 -1.7664262849531067 -1.7132139749414994 -1.6564446153003203 -1.596379284021903 -1.533314337548588 -1.46758215068168 -1.399551520649391 -1.3296271361247516 -1.2582476377578489 -1.1858819517140504 -1.1130237528782037 -1.0401840958735746 -0.9678824243530108 -0.8966363176184863 -0.8269504467673237 -0.7593052824740062 -0.6941461200047638 -0.6318729656278856 -0.5728317679887185 -0.5173073873516841 -0.46551858586868494 -0.4176152044433491 -0.3736775761500761 -0.333718119807305 -0.2976849644823576 -0.26546737812787335 -0.23690271131954405 -0.21178451982393898 -0.18987149747916077 -0.17089683430850108 -0.1545776149647717 -0.14062389033496112 -0.12874709029947984 -0.11866749673766787 -0.11012055991324855 -0.10286191412064352 -0.09667102489496976 -0.09135347495880218 -0.0867419646224169 -0.08269616089732816 -0.07910157617646428 -0.07586769229978575 -0.07292557231457943 -0.07022522713333396 -0.06773304039363987 -0.06542962664487544 -0.06330865682757825 -0.061377548603926184 -0.05966178044760151 -0.058216733915498156 -0.05715667480467458 -0.05672683940578632 -0.057494718997251545 -0.060889361828822146 -0.07058892927336731 -0.09258939477171078 -0.11151733872827138 -0.09287184213502729 -0.07103466612769048 -0.06147523048703396 -0.05822950645360783 -0.05761913885427052 -0.058209321055804925 -0.05942517972203192 -0.061013181546139834 -0.06285022251061288 -0.06487189821059018 -0.06704389214731307 -0.06935051117453918 -0.07179074700308191 -0.07437794719038313 -0.07714132390806959 -0.08012839031469962 -0.08340777901104558 -0.08707205776231379 -0.09124023183673209 -0.09605966064932217 -0.10170714279662521 -0.10838895047595745 -0.11633962875712202 -0.12581942109253794 -0.1371102411375629 -0.15051018131736443 -0.16632662733600395 -0.18486813003565694 -0.20643526589008526 -0.23131078925942503 -0.25974943852106247 -0.2919678008160212 -0.3281346643182191 -0.3683622916565596 -0.41269903307093153 -0.46112366292378515 -0.5135417681245352 -0.5697844417184061 -0.6296094397991783 -0.6927048468239622 -0.7586951673313258 -0.8271496275908747 -0.8975923380184547 -0.9695138473005347 -1.042383523732202 -1.1156621391447892 -1.18881401460464 -1.261318120015746 -1.3326776028524268 -1.4024273508089604 -1.4701393608461588 -1.5354258804356808 -1.5979404901275642 -1.6573774929594642 -1.7134701500570149 -1.7659884423848002 -1.8147371452409058 -1.8595550912204766 -1.9003166150223523 -1.9369364199588577 -1.9693796921541096 -1.9976806744857296 -2.0219761760954724 -2.0425683744434173 -2.060051380075902 -2.075591714816084 -2.0916236671986903 -2.1138071011167305 -2.1572358279919097 -2.2634222637196157 -2.3998817300600446 -3.037845039621781 -0.5402200203047252 -0.19951804755184135 -0.10941146279374843 -0.07098023009915522 -0.05109887146955434 -0.03957148341594535 -0.032345331048721865 -0.02754009496941478 -0.02418333103145827 -0.021729014565018013 -0.019849994238568373 -0.018339869611990384 -0.017063213426510355 -0.0159289267053918 -0.014875395371604911 -0.0138619722389919 -0.012863955700878895 -0.011869505005197902 -0.010877573693928508 -0.009896289226627731 -0.008941413336785121 -0.008034660071210462 -0.007201763268762026 -0.006470287353985445 -0.005867266592728625 -0.005416832402182339 -0.005138036533716951
-0.0036345395340979226 -0.003732408437877131 -0.004024496987658266 -0.0044989202546184895 -0.005136982881244088 -0.005914782247192087 -0.00680521144615705 -0.007780170013804399 -0.0088127976352565 -0.00987958299381762 -0.010962260297469648 -0.01204948253716294 -0.013138348062561823 -0.014235956211190325 -0.015361289102178889 -0.016547887548797543 -0.017848066270645967 -0.019339912615829614 -0.021139275248439008 -0.023420907886204323 -0.02645714490085271 -0.030692141113997387 -0.03689364736289752 -0.04648976990156177 -0.06240154802230253 -0.09143475138973979 -0.15293705741686625 -0.32787429006073415 -1.8464544910870395 -2.3578582418067504 -2.377293886648223 -2.2370752198395243 -2.1735060413899396 -2.1440042178901724 -2.125487494876197 -2.1095135952558546 -2.0926259793940822 -2.0732233409308174 -2.050494883200697 -2.0240115416599047 -1.9935501738285843 -1.9590102921116874 -1.9203715617472565 -1.8776711510565929 -1.8309917651566943 -1.780455969456675 -1.7262244311780477 -1.6684965767544868 -1.607512540909808 -1.5435554627314432 -1.4769533019844228 -1.4080794687847753 -1.337351707094228 -1.265228851416871 -1.1922052783136632 -1.1188030850342674 -1.0455622293486175 -0.9730290407793399 -0.901743649917122 -0.8322269696851741 -0.7649678957779703 -0.7004113739060004 -0.638947914815928 -0.5809050342892157 -0.5265409669551981 -0.47604086301557735 -0.4295155379268759 -0.3870027161947007 -0.3484705978947579 -0.3138234834403002 -0.282909119338118 -0.25552737499066325 -0.23143982762534712 -0.21037981907246167 -0.19206255443613798 -0.1761948384740571 -0.16248408960746333 -0.1506463315780496 -0.1404129352238345 -0.1315359630227999 -0.12379205178577571 -0.11698484905755803 -0.11094609196652389 -0.10553548028327238 -0.100639547071382 -0.09616977198199035 -0.09206021921927109 -0.08826502573305037 -0.08475613747552022 -0.0815218378154778 -0.07856693120635 -0.07591616947514636 -0.07362422646118581 -0.07179984349703546 -0.07066339825029733 -0.07069101907159725 -0.07300422839120341 -0.08049637258191386 -0.1008451044780339 -0.14726285742885448 -0.18789464057750266 -0.1478124437565085 -0.10160787510083395 -0.08142999847833488 -0.07413259826373533 -0.07202902652250158 -0.07221310065175639 -0.07355147036712674 -0.07555648050800368 -0.07799626123099986 -0.08075075475719992 -0.08375447370489472 -0.08697276005499412 -0.09039223935655152 -0.09401781644321162 -0.09787288410217371 -0.10200113847018794 -0.10646912209056046 -0.11136893750413696 -0.11682072358444916 -0.1229745619370521 -0.1300115263052514 -0.13814362603307756 -0.14761243673384855 -0.15868626335096275 -0.1716557450998015 -0.18682788782262646 -0.20451859418970114 -0.22504385132758423 -0.2487098232640093 -0.2758021763120346 -0.30657503402713304 -0.34124001049337666 -0.37995580336771695 -0.4228188391699113 -0.4698554511435236 -0.5210160333028842 -0.5761715519339572 -0.6351127073245657 -0.6975519246270382 -0.7631282163887341 -0.8314148061768359 -0.901929241742747 -0.97414556898777 -1.047507997999771 -1.1214453833608984 -1.1953857751071286 -1.2687702836191674 -1.341065546623939 -1.411774189722459 -1.4804428283765856 -1.5466673587628974 -1.6100955124453251 -1.6704268872567931 -1.7274108949396707 -1.7808432679318082 -1.830561932729521 -1.8764431877588716 -1.9183992440364117 -1.9563783605611038 -1.9903691713977667 -2.0204116537727193 -2.0466191918157577 -2.069220959423339 -2.0886456164147607 -2.1056983035381736 -2.1219720314421395 -2.1409189177486843 -2.171001995172166 -2.235445778224321 -2.3776025282459736 -2.3609384870508414 -1.8625947598238748 -0.3287364972398451 -0.15315896044287028 -0.09152084462620565 -0.062444450598556855 -0.0465160661633907 -0.036912581513741306 -0.030707288809086557 -0.026470009775259633 -0.023432208696557336 -0.021149447432887873 -0.01934930610220555 -0.017857013646177252 -0.01655671334666873 -0.015370292651566971 -0.014245384907786835 -0.01314837073546676 -0.012060168645208251 -0.010973568094603956 -0.009891357916672847 -0.008824780792585129 -0.007792015720629116 -0.006816512153859425 -0.005925098852191869 -0.005145878126611792 -0.0045059927078236195 -0.004029412898741878 -0.003734928748429488
-0.002331022913818737 -0.0024328632701239037 -0.002737819747317443 -0.0032344034184286453 -0.0039044379123813356 -0.004724508397341684 -0.005667789278723935 -0.006706086216673889 -0.0078119306215839604 -0.008960592209177184 -0.010131923291826307 -0.011312011882703256 -0.012494695315031711 -0.013683071966051659 -0.01489125344352311 -0.01614674371965535 -0.01749405841207474 -0.01900059385722771 -0.0207665010190983 -0.022941800159045376 -0.025757073723011552 -0.029580968955581693 -0.035034203251395765 -0.04323271211455734 -0.056357996119408824 -0.07917841696007274 -0.12394242759074975 -0.23206123993904948 -0.6836077734012604 -2.686187432294202 -2.453949574891529 -2.3357095965459838 -2.2429836013419573 -2.201116768625088 -2.1775917388365293 -2.15964227653285 -2.142265782650996 -2.1232475678932357 -2.101495179206127 -2.076426070448325 -2.047715989661265 -2.0151851126765012 -1.9787425864562351 -1.9383584471428055 -1.8940496886727005 -1.8458743303593876 -1.793930287653454 -1.738357121020143 -1.6793392949412824 -1.6171098409403863 -1.5519534762617482 -1.4842083719758983 -1.4142659284753119 -1.3425681124888988 -1.2696021319731614 -1.1958924589315638 -1.1219904369663882 -1.0484619116113936 -0.9758734811469597 -0.9047780719584079 -0.8357005893555357 -0.769124381868844 -0.705479189807701 -0.6451311375202187 -0.5883751867834837 -0.5354303108299084 -0.48643748870577797 -0.4414604695943459 -0.400489124683776 -0.3634450949307745 -0.33018935866756277 -0.3005312836484832 -0.27423869323928546 -0.2510484651994271 -0.2306771929359307 -0.21283147185336712 -0.1972174253395635 -0.18354915281740852 -0.17155586193804845 -0.16098753341899014 -0.15161905500410428 -0.14325284559871743 -0.13572006775870918 -0.1288805938322741 -0.12262194781487698 -0.11685749423428338 -0.11152419493911506 -0.10658032087840895 -0.10200362188098074 -0.09779069229700194 -0.09395877830840979 -0.09055242108118217 -0.08766005679326758 -0.08545257511565262 -0.08427450153902968 -0.0848733114461393 -0.08902592002738442 -0.10137774837498331 -0.13449994353360933 -0.21094936625574928 -0.2790291574693705 -0.21181770186890875 -0.1356157179505811 -0.10268134137496956 -0.09056254556451478 -0.08666606085135475 -0.08632468048245033 -0.08774468113086056 -0.09016385262666514 -0.09322379377997823 -0.09674039745793477 -0.10061289156577924 -0.10478567431880556 -0.10923216856062108 -0.11394863798789288 -0.11895280960705067 -0.12428488269539305 -0.13000965807448242 -0.13621903351875525 -0.14303434972528864 -0.15060819057484676 -0.15912531039695416 -0.16880241258160153 -0.17988655478134855 -0.19265201449311692 -0.20739551851486066 -0.22442982079098261 -0.24407570312360735 -0.2666525679194268 -0.29246788627592685 -0.3218058526003009 -0.3549156731944361 -0.3919999760470641 -0.433203868448113 -0.4786051846469776 -0.5282064547865923 -0.5819290863571903 -0.6396101786563358 -0.7010022886084272 -0.7657763341638734 -0.8335276635639473 -0.9037851426550564 -0.9760229292351079 -1.0496744270193898 -1.1241477576396675 -1.1988419724120574 -1.2731631597340503 -1.3465395986383222 -1.418435169088864 -1.4883603542623631 -1.5558803525404226 -1.6206200447935712 -1.6822658185654698 -1.740564514740466 -1.7953200136237373 -1.8463881989625686 -1.8936712218891476 -1.937112139954654 -1.9766911658759574 -2.012425015049459 -2.0443713830612724 -2.0726418366352797 -2.0974293424013934 -2.1190637347142443 -2.138126298401024 -2.1557031950815775 -2.1740020208758613 -2.1980292793918115 -2.2406101447744247 -2.3345964773454133 -2.4559111642811993 -2.687957935629897 -0.6872047583824658 -0.23260640684929107 -0.1241223307033754 -0.07925709973044809 -0.05639945637871007 -0.043258006200339566 -0.035051483237202724 -0.029593777508486435 -0.02576714050901387 -0.02295010944949551 -0.020773729138431566 -0.019007289859266824 -0.017500710686221842 -0.016153792947333358 -0.014899080261068641 -0.013691974177826914 -0.012504863290836077 -0.01132350758768504 -0.010144666538149008 -0.008974356484338381 -0.007826349910116544 -0.006720673388074195 -0.005681965718089912 -0.004737643517469683 -0.0039158960131546105 -0.003243594176526305 -0.002744247655290745 -0.002436170870151459
-0.0011344676856379675 -0.0012395877876999863 -0.0015553645925835697 -0.00207081329841903 -0.0027684609737968838 -0.0036256432469301395 -0.00461615538602102 -0.005712119319016618 -0.006885927391615839 -0.008112143428911745 -0.009369279311018514 -0.01064141707855535 -0.011919709548017436 -0.01320386647034155 -0.014503824081622176 -0.01584191912367342 -0.017256077373516858 -0.018804848283785203 -0.020575707072113838 -0.022699189735382874 -0.025373763260500233 -0.028911380036795782 -0.033825306861916184 -0.041010920304590456 -0.052150619585830775 -0.07072765371868527 -0.10499336397939933 -0.1790653358155004 -0.40089868081435814 -2.4219357109054616 -2.4312698298816353 -2.4463696203912075 -2.3275759942242584 -2.2676184627769835 -2.2363053451627155 -2.2148449312694023 -2.1959119094068096 -2.1764044483611875 -2.15485001129057 -2.130477238751875 -2.1028497180875907 -2.0717070646428706 -2.036890707077943 -1.9983078624427095 -1.9559144494074217 -1.9097082563946717 -1.8597280306090247 -1.8060560150415184 -1.7488222788153889 -1.688209566442699 -1.6244576033005074 -1.5578659621267201 -1.4887947735180225 -1.417662770944826 -1.3449423960515532 -1.2711519399952675 -1.1968449428019228 -1.12259729540413 -1.0489926702740675 -0.9766070326406254 -0.9059930470809335 -0.8376651920261414 -0.7720863318886355 -0.7096563829918098 -0.6507035590664305 -0.595478510545557 -0.5441514948531456 -0.4968125459526897 -0.4534744609687992 -0.4140782964435089 -0.3785009701635313 -0.3465644974631713 -0.3180463529010087 -0.29269043780189735 -0.2702181494072673 -0.2503390857814415 -0.2327609789770222 -0.21719852324046693 -0.20338085046893464 -0.19105749648065656 -0.18000279369498423 -0.1700187138254504 -0.16093626456121485 -0.15261561507523735 -0.14494518721294608 -0.13784000686553793 -0.1312396740618181 -0.12510640289298997 -0.11942374884067095 -0.114196977776582 -0.10945675489431658 -0.10526946416528161 -0.10176134751010407 -0.09917346929973306 -0.09799126603912625 -0.09927156974278897 -0.1055427595473489 -0.12347805887513924 -0.17141544452380417 -0.28343288358782404 -0.38478610389906154 -0.28464026152813354 -0.1728816219754406 -0.1251317673323106 -0.10745574154172013 -0.10147677390985108 -0.10048976381767012 -0.10194442608766664 -0.10476625921235293 -0.10845400216616456 -0.1127519735570111 -0.11752059187458389 -0.1226817607736247 -0.1281951830289886 -0.1340485144739647 -0.14025412144222912 -0.14684909888849557 -0.15389684640198034 -0.161489228537799 -0.16974868695972387 -0.17882984226548326 -0.18892021943701276 -0.20023979798919633 -0.21303914848478359 -0.22759598228080113 -0.24421001608449755 -0.26319613809173437 -0.28487595636944174 -0.30956790899303044 -0.3375762142945522 -0.36917903284389075 -0.4046162948455788 -0.44407771213807223 -0.4876915380313148 -0.5355146563943007 -0.5875245697792547 -0.643613811674987 -0.7035872280267695 -0.7671624575389606 -0.8339737912228196 -0.903579414832268 -0.9754718427156432 -1.049091151283334 -1.123840430528093 -1.1991027097861573 -1.274258495516542 -1.3487029980171819 -1.4218621302088097 -1.493206438835842 -1.5622622743824606 -1.6286197119507058 -1.691936986707259 -1.7519414850577422 -1.8084276148129712 -1.8612521433730596 -1.910327826716724 -1.9556163495260175 -1.9971217747819947 -2.034885913606856 -2.0689873977238986 -2.0995470396424736 -2.126743909357487 -2.150850896797967 -2.1723091218329693 -2.1918879430058116 -2.2110538755300837 -2.232905468845915 -2.2647886937414388 -2.325629181856661 -2.4463056690330456 -2.4343637823646636 -2.44512839328237 -0.40241492823179614 -0.1794519996653491 -0.10514588444246652 -0.07080134526857988 -0.05219111190630663 -0.04103515398689768 -0.03384059355799257 -0.028921305362604212 -0.025380337686793982 -0.022703717998279575 -0.02057916051835328 -0.018808024811668694 -0.01725966350692104 -0.01584650456950946 -0.014509892929697293 -0.013211777847179673 -0.011929675389956828 -0.010653482265682634 -0.009383308187708212 -0.008127815994859372 -0.006902747763623956 -0.005729438173924002 -0.004633206850688914 -0.003641595079450897 -0.0027824750130926155 -0.0020821113179121764 -0.001563293244786732 -0.0012436756396903368
-4.536034799383818e-5 -0.000153166961016194 -0.00047791389251042825 -0.001009204241745058 -0.0017304169890879218 -0.0026198563749268624 -0.0036522289326293782 -0.00480033353821771 -0.0060368470192756415 -0.007336101668000654 -0.00867577997453719 -0.010038493657912085 -0.01141326663676145 -0.012797005059081705 -0.014196116365287116 -0.01562854584955635 -0.017126659462721516 -0.018741667891938436 -0.020550763866118545 -0.022669048839784954 -0.025270128268867882 -0.028623045439033417 -0.033161694948991925 -0.039623229823225456 -0.04934562693791191 -0.06497322335125032 -0.09236740767551897 -0.1469062748682386 -0.2828786199167004 -0.9144942231377372 -2.5492298149373656 -2.5234805416885564 -2.427210528492768 -2.3450567621493947 -2.3026873378339276 -2.2759852727504137 -2.2543673075036645 -2.233470103928178 -2.2113083949969923 -2.1868773504574066 -2.159616472036038 -2.1291853197322346 -2.0953626654369364 -2.0579993158417054 -2.0169964959891264 -1.9722974826380582 -1.9238865727876386 -1.8717921880934754 -1.816092108365544 -1.7569193756353376 -1.6944676971366777 -1.6289953753315185 -1.5608269847127558 -1.4903522294184992 -1.4180216574543207 -1.3443391666491198 -1.2698514968545835 -1.1951351421161065 -1.120781316334741 -1.0473797507339833 -0.9755021811868209 -0.9056863946024137 -0.8384216492229731 -0.7741361728869806 -0.7131872897020733 -0.6558545453851478 -0.6023360115208689 -0.5527477644434938 -0.5071263676837396 -0.46543404661606325 -0.4275661351115256 -0.3933602985962417 -0.36260699563503096 -0.33506062918444324 -0.31045085618988716 -0.288493566670839 -0.26890110662824696 -0.25139139818458683 -0.23569570005376356 -0.22156484630072934 -0.20877389621440406 -0.1971252185667805 -0.18645011645837592 -0.17660917322154632 -0.1674915672388336 -0.1590136703227817 -0.15111732450724652 -0.14376831435387868 -0.1369557751053 -0.13069372767646106 -0.1250268964839641 -0.12004513777395713 -0.1159159691901614 -0.11295778928679932 -0.11181220535434226 -0.11388040785704032 -0.12253144796472386 -0.14672483042945467 -0.2113978772664702 -0.3643087812566334 -0.5046790875889081 -0.36583583780600504 -0.21316864057632728 -0.1486647138014563 -0.12474152624667816 -0.11640437991560448 -0.11465172755444526 -0.11608792718694005 -0.11929174198459608 -0.12360439313627529 -0.12869206672468358 -0.1343734723065733 -0.14054690333770983 -0.14715813547411447 -0.15418646322288448 -0.16163932471858142 -0.16955114870199597 -0.17798423969092023 -0.1870304886551805 -0.1968131521036062 -0.2074881701415319 -0.21924462048408108 -0.23230398967194327 -0.2469180136370129 -0.26336491155000596 -0.28194391606148833 -0.3029680915288684 -0.3267555284745908 -0.35361910412998027 -0.3838551008584838 -0.41773107107845237 -0.45547342319060397 -0.49725527209190296 -0.5431851444252986 -0.5932971474083588 -0.647543196093769 -0.7057878433691505 -0.7678061675893899 -0.8332850445081774 -0.9018279664097297 -0.9729633791743101 -1.046156298622981 -1.1208227556344401 -1.1963464224200586 -1.2720966079761638 -1.3474466958933282 -1.4217920460429492 -1.4945664019570937 -1.5652559406443873 -1.633410267088255 -1.6986498810135402 -1.7606699121109795 -1.819240211039722 -1.8742021749605613 -1.9254629581152203 -1.9729879575281277 -2.0167926735964223 -2.0569352542812456 -2.093511318063983 -2.1266531900684504 -2.1565368635635904 -2.183402700891214 -2.2076022862414963 -2.2296996961255093 -2.2506973272854065 -2.272575883398737 -2.299702676368024 -2.342710997358865 -2.425986423967071 -2.5248823806637897 -2.551694581029712 -0.9207239165605774 -0.28374804963964984 -0.1472032074845494 -0.09250227525433165 -0.06504409228358286 -0.049385939275381825 -0.039646845925032655 -0.033175263107912766 -0.028630216247876386 -0.025273196953700935 -0.022669652412527053 -0.020550190316418405 -0.018740992098392313 -0.017126796475354217 -0.01563026293866983 -0.014200024303283869 -0.012803539831818084 -0.011422668628764069 -0.010050789524787836 -0.008690771580099576 -0.007353365914358149 -0.00605574970816286 -0.004820059320644107 -0.0036718278325201543 -0.0026383053699417327 -0.0017466929184642515 -0.0010223622293449564 -0.00048716392901712737 -0.00015794065307273543
0.0009366591208765808 0.0008266400233392615 0.0004945132008675212 -4.9972303051589935e-5 -0.0007911600496792021 -0.001708495992482622 -0.0027778376908060547 -0.003972969706043758 -0.005267228043636446 -0.006635145855795483 -0.008054054595936137 -0.00950560809120756 -0.01097724047781639 -0.012463623048602082 -0.013968253569573258 -0.015505404442629567 -0.017102794208426322 -0.01880557192248402 -0.020682598324819702 -0.022836739300287227 -0.02542231322414087 -0.028675757759105074 -0.03297192822945237 -0.03893317753849977 -0.04765552997098806 -0.0612201850515031 -0.08399150126209164 -0.12649475969083865 -0.2204928577610327 -0.5202695035185134 -2.704096282269874 -2.51197618218196 -2.5292502067163594 -2.433347182434463 -2.3771711132664026 -2.343517169614703 -2.3181553601574656 -2.29504053479441 -2.2715155063778827 -2.2462924819741703 -2.2186780954579137 -2.1882574996026363 -2.15475686484597 -2.11798118788381 -2.077786682572807 -2.0340703565408105 -1.986768691367267 -1.935861263235447 -1.8813768556071202 -1.8234003969981578 -1.7620794473710335 -1.6976291996245285 -1.6303351694461143 -1.5605529646351588 -1.488704767388808 -1.415272424723804 -1.3407873077969057 -1.2658173505959711 -1.1909518922980398 -1.11678510847833 -1.0438989124174551 -0.972846233580645 -0.9041355373841782 -0.8382173464366387 -0.7754733714845413 -0.7162086765118807 -0.660647104232626 -0.6089299920816837 -0.5611180287528251 -0.5171959478197704 -0.4770796346455778 -0.4406251387336019 -0.40763903609386776 -0.37788957314761995 -0.35111804173100075 -0.32704987943744807 -0.3054050557276397 -0.28590738636763996 -0.2682925110916607 -0.25231436632652016 -0.23775008129417557 -0.22440331774345412 -0.21210615838983415 -0.2007197265148157 -0.19013379204433578 -0.18026569602067127 -0.17105902326204614 -0.1624826078332385 -0.15453074145994744 -0.14722603043761273 -0.14062757502931825 -0.1348499062712487 -0.13010468272251266 -0.1267938425715644 -0.1257287073947602 -0.1286862821931343 -0.1399571213651556 -0.17102325659168297 -0.25419366707243973 -0.4529815622155213 -0.6378632521899099 -0.45476389453439503 -0.25617921740471505 -0.17314351234045117 -0.1423415233831727 -0.13138885028837802 -0.12875253696927147 -0.13011178527587672 -0.1336680300202267 -0.1385921976008299 -0.14446682708210176 -0.15106666456690215 -0.15826570533625262 -0.1659958796528459 -0.17422855172335983 -0.18296675966320883 -0.1922427186853419 -0.20211788314949347 -0.2126840987923292 -0.22406495726778214 -0.23641675544968105 -0.24992862148174205 -0.2648214722225912 -0.28134554830553976 -0.2997763511731782 -0.3204088894487388 -0.3435502328364324 -0.369510469987002 -0.3985922697332799 -0.43107934852245305 -0.46722424540858865 -0.5072358936327903 -0.5512675482880539 -0.5994056764779883 -0.6516604336316574 -0.7079583318053687 -0.7681376487143392 -0.8319470277411181 -0.8990475799810121 -0.9690186238920875 -1.0413669948304591 -1.1155396382904228 -1.190938983071515 -1.266940392020614 -1.3429108269142662 -1.4182277572270479 -1.4922973030159479 -1.5645706376007866 -1.6345577872218229 -1.70183814647118 -1.7660672673643842 -1.8269797582550287 -1.8843884248330114 -1.938180077359413 -1.9883086983592155 -2.0347869055618233 -2.0776768673526806 -2.117082078237313 -2.15314179087711 -2.186030674122355 -2.2159679689787204 -2.2432443263593544 -2.268283842967532 -2.2917822416792073 -2.3150248764571533 -2.3406671473756213 -2.3747695197821783 -2.431658637302008 -2.5290066212286217 -2.514385078157542 -2.719473846554285 -0.5225675778914242 -0.2210727090989785 -0.12673628145557497 -0.08411451140496581 -0.06128955854123587 -0.04769628290174163 -0.03895676960112514 -0.032984418466371436 -0.028680816448271772 -0.025422465192446283 -0.02283391321822309 -0.020678375743445776 -0.01880129635561095 -0.01709961123091931 -0.015504266659477727 -0.01396990798634733 -0.012468590988493232 -0.01098579685495058 -0.00951776535128723 -0.008069555858412384 -0.006653471118788139 -0.005287616385734941 -0.00399445906456145 -0.0027993219950852464 -0.001728797316262862 -0.0008091112684825185 -6.450383880318236e-5 0.0004842902477728005 0.0008213624239694927
0.0018120736250071346 0.0017001811471220895 0.0013619536537681667 0.0008064545870911668 4.8297008222896995e-5 -0.0008932365395393874 -0.00199534483964283 -0.0032330550356900445 -0.004580687250359346 -0.006013364346233414 -0.007508510914405384 -0.009047311897983766 -0.010616137000847254 -0.012207982989811813 -0.013824045576643804 -0.01547561409643273 -0.01718660295958814 -0.018997227796908114 -0.02096966778442034 -0.02319716205039599 -0.025819145333542376 -0.029047346208750012 -0.03321267017848388 -0.0388537111923833 -0.04689446976462563 -0.059030049187805966 -0.0786528687146808 -0.11340824320792749 -0.18389791842446834 -0.36727507594543946 -1.3166541304563035 -2.5094410922052277 -2.5949454474887252 -2.527247515477301 -2.4586141585084094 -2.416994769311722 -2.3871933425717953 -2.361298106518304 -2.3358426188946115 -2.3092181721741767 -2.2806023099454333 -2.249523274145965 -2.215674734487871 -2.1788345001506286 -2.1388296354406364 -2.0955237762006056 -2.0488156918309595 -1.9986436784170245 -1.9449927842840236 -1.887902963286546 -1.82747678028377 -1.7638855936775595 -1.6973733655224947 -1.6282574689577363 -1.5569261003306576 -1.4838321603675586 -1.409483733015018 -1.3344315436834853 -1.259254000549604 -1.1845405952884438 -1.1108745496654522 -1.0388156345952257 -0.9688840582239161 -0.9015462256025072 -0.8372030264127519 -0.7761811246755902 -0.7187275229029328 -0.6650074700003307 -0.6151055926172291 -0.5690299655572952 -0.5267187064331745 -0.4880485872631557 -0.4528451020633775 -0.42089341287513865 -0.39194961331903944 -0.3657517935999437 -0.34203045805535615 -0.3205179296585013 -0.30095646921923896 -0.28310493463801994 -0.26674390251515656 -0.2516792669663441 -0.23774441664033089 -0.22480117114141834 -0.21273973650647093 -0.2014780263557607 -0.19096081216108557 -0.1811593559392766 -0.17207253117293328 -0.16373114724813692 -0.15620870407011087 -0.14964519735120832 -0.1442986724884804 -0.14065978820225258 -0.13972121302902488 -0.14366316689531614 -0.15776871773862372 -0.19625169989326988 -0.29948641280839466 -0.5486655611655169 -0.7831351853036591 -0.5505922066339115 -0.3015563837929268 -0.1984111076864091 -0.16016946461849002 -0.14636733361440557 -0.14273391308441036 -0.1439539376609308 -0.14782528486165644 -0.15333787443183095 -0.15998618524498676 -0.1674993935838478 -0.17572691416328204 -0.1845871684189368 -0.19404416724022647 -0.20409713435419452 -0.2147765047284937 -0.22614304024269327 -0.23828832408096765 -0.2513356104177768 -0.26544036345680866 -0.2807900147094879 -0.29760258937613887 -0.3161239450771269 -0.3366234503156669 -0.35938801618397076 -0.3847144870491849 -0.41290049462942063 -0.4442339828207567 -0.47898171393002054 -0.517377165374864 -0.5596083133151692 -0.6058058694097876 -0.6560325821029073 -0.7102742279527317 -0.7684328957760853 -0.8303231026247301 -0.8956711740715791 -0.9641181734760909 -1.0352264812658905 -1.1084899155156647 -1.1833470629337286 -1.2591972716490687 -1.3354185625075559 -1.4113865623611863 -1.486493467272627 -1.56016601766175 -1.6318815173749217 -1.7011810537889112 -1.7676792685725502 -1.831070274330475 -1.8911295918182058 -1.9477122741516182 -2.0007476681161678 -2.0502315241465405 -2.096216404801149 -2.1388015797357145 -2.178123900784196 -2.2143516778839434 -2.2476846631352747 -2.2783656577714178 -2.3067147985714813 -2.3332108653676396 -2.3586774781760664 -2.3847213179639652 -2.414810948209177 -2.4568887907721244 -2.52631246939617 -2.595742267064881 -2.511785022719189 -1.3256505983770488 -0.36847700440084047 -0.1843193417749047 -0.11361173668203882 -0.07876655830622345 -0.059098089718196696 -0.04693575756498859 -0.03887771226383824 -0.03322483794223204 -0.029051264385191514 -0.025817456740474636 -0.023191991552290545 -0.02096281511927546 -0.018990248501065506 -0.01718083236285094 -0.01547216205165659 -0.013823777211835394 -0.012211495011979755 -0.010623736342524625 -0.009059002077218044 -0.007523990498356847 -0.006032040895459747 -0.004601708844822325 -0.0032553598770403 -0.002017727557502587 -0.0009144278696864798 2.9542322897971496e-5 0.0007912682396194637 0.0013512699126112554 0.0016946660358353003
0.0025805551390049764 0.002466983804408753 0.002123583406996836 0.001558713606669781 0.0007858955698879756 -0.00017695007058462817 -0.0013085075708216517 -0.002585254453889111 -0.003982771683482358 -0.005477117514317837 -0.007046219361861759 -0.008671258856999995 -0.010338054628804353 -0.01203848642601008 -0.01377205618667903 -0.015547753878267321 -0.017386503018227105 -0.019324631161680993 -0.02141909922865166 -0.023755738863176373 -0.026462711445053813 -0.029733293251268163 -0.033865991020858056 -0.03933851791627382 -0.046952138840211356 -0.05813386186188076 -0.07562872945606666 -0.1052890377153169 -0.16158152365086784 -0.2903128434861615 -0.741117695013193 -2.5876449905764036 -2.581762358708142 -2.6097809726643897 -2.5424301875781525 -2.4942277138754787 -2.4602577547175177 -2.4316326781335422 -2.40410991282559 -2.3757752296965613 -2.3457124226205113 -2.3134340193936045 -2.2786398484511086 -2.241113587814682 -2.20068006543306 -2.157190778569327 -2.1105231050236113 -2.0605862401231096 -2.0073301963534402 -1.9507556955741387 -1.8909234913676227 -1.8279620337284146 -1.7620726376743054 -1.693531536404277 -1.6226884271834507 -1.5499613630852436 -1.4758280984412318 -1.4008142441844385 -1.325478811946387 -1.2503979043848916 -1.1761474291803367 -1.1032857665972438 -1.0323373033167498 -0.9637776629573409 -0.8980213266996451 -0.8354121604182126 -0.7762171647769743 -0.7206235593037699 -0.668739116479378 -0.6205954904421458 -0.5761541463903347 -0.5353143965871983 -0.4979229887468177 -0.4637846711041216 -0.43267317185805726 -0.40434207353785445 -0.3785351288654515 -0.35499564725342314 -0.3334746737406752 -0.3137377790972758 -0.29557037619757215 -0.2787815701639557 -0.26320663675938655 -0.2487083063289761 -0.2351771146911797 -0.222531180166394 -0.21071590270104557 -0.1997043079105949 -0.18949918216564982 -0.18013899607639824 -0.17171142425945185 -0.16438233257847362 -0.15845777979104184 -0.15452124643755838 -0.15375629483268546 -0.15876922852032888 -0.17589546055232072 -0.22225848644822388 -0.3468955656387847 -0.6503887824029725 -0.9389391533147025 -0.6523052054963239 -0.3488865628766457 -0.2242906329417775 -0.17813151058212381 -0.1612748533351802 -0.15653861994075177 -0.1575556098075663 -0.1616987349259519 -0.16776841548940055 -0.17516779504022834 -0.18357950847088486 -0.19282847739518494 -0.20282016098822672 -0.21351189338916832 -0.22489968437522284 -0.23701256792203912 -0.24991066108162607 -0.26368491402543653 -0.27845738885825755 -0.2943813329665813 -0.31164054437779365 -0.3304476684504948 -0.35104116834935406 -0.37368080143257165 -0.39864152221238974 -0.4262058252434527 -0.45665463926634414 -0.49025698553534125 -0.5272587148603847 -0.5678707343875781 -0.6122572203392769 -0.6605243799583477 -0.7127103676322253 -0.7687769698206519 -0.828603645209014 -0.8919844365421644 -0.9586281576644333 -1.0281621057279418 -1.1001393607255758 -1.1740495230665606 -1.2493325192367242 -1.3253948928855583 -1.4016278124238684 -1.4774258842404626 -1.5522057781084526 -1.6254236588035365 -1.6965904798655451 -1.7652843293117315 -1.8311592135149626 -1.8939499089205898 -1.9534727822324411 -2.009622757448563 -2.062366874898753 -2.111735133951091 -2.1578095446917165 -2.2007125723768786 -2.2405965363020406 -2.2776362301196436 -2.3120285181338738 -2.3440059610723094 -2.3738790954987263 -2.4021400515299263 -2.4297050962913147 -2.4584870739143407 -2.4927350217875106 -2.5413847338984357 -2.609581748155164 -2.5831996233707444 -2.592834777129989 -0.7442255732082576 -0.2910517586468151 -0.16190133337774465 -0.10546199289348564 -0.07573278641881118 -0.0581993486691478 -0.046993244420364524 -0.03936292737308917 -0.033878466667747624 -0.029737176816348843 -0.026460602287847676 -0.023749809198764755 -0.021411235953697535 -0.0193164897463458 -0.017379515363737708 -0.015543112616596237 -0.013770688837757353 -0.01204102842112168 -0.010344827881346646 -0.008682261065806699 -0.007061127937507299 -0.0054953106298173855 -0.004003367374437279 -0.0026071669702739247 -0.0013305184416234947 -0.00019778975235597025 0.0007674608537439813 0.001543796022358494 0.0021130950760659207 0.0024615718202508734
0.0032396539083972328 0.0031244503037613043 0.0027764208995779915 0.0022032193392973747 0.0014172515508912664 0.0004350192885794391 -0.000723751491933929 -0.00203715273957517 -0.0034822588827209647 -0.005036368729658791 -0.006678289125767297 -0.008389641459530297 -0.01015619645981048 -0.011969276182227156 -0.0138273078393227 -0.01573767878339013 -0.01771913835230862 -0.019805144899736955 -0.022048811812446414 -0.024530555589336804 -0.027370375314081964 -0.03074828160704289 -0.034939598228988636 -0.0403786887407828 -0.047780180542430106 -0.05838489023535903 -0.07450092963828328 -0.10082816659779299 -0.1482225815927107 -0.24723711154344818 -0.5240683478369298 -1.916459948717288 -2.5133824484870333 -2.6490821153384143 -2.6176523182563067 -2.569972874890611 -2.5341799892802994 -2.5040688067672923 -2.475160567040964 -2.4453906136514814 -2.413849032630005 -2.3801159727426597 -2.3439674478200527 -2.3052502264680004 -2.26383243277095 -2.219588864060808 -2.172402544132938 -2.1221737608598032 -2.068832159234324 -2.012349432962103 -1.952751086282883 -1.8901262063577775 -1.824634466242998 -1.7565097962650642 -1.686060373637126 -1.6136648051040046 -1.5397646133931528 -1.4648533723755917 -1.3894630503865235 -1.3141482980078907 -1.2394695405269445 -1.1659757960934107 -1.0941881344565554 -1.0245846207986398 -0.9575874632732241 -0.893552914714634 -0.8327642847733993 -0.7754282155181591 -0.7216741774597163 -0.6715569677015553 -0.6250618477746538 -0.5821118520681849 -0.5425767311880813 -0.5062829672553566 -0.47302430660636896 -0.44257229420473476 -0.41468635686049365 -0.3891230622322142 -0.3656442709507103 -0.34402399416398943 -0.3240538636465502 -0.3055472132287139 -0.2883418577151101 -0.27230174072273644 -0.25731771265865505 -0.2433078089592938 -0.23021755612940278 -0.21802109841487965 -0.20672443492340437 -0.19637305588374043 -0.18706838908686615 -0.179002229103665 -0.17252966588976804 -0.1683299821333706 -0.1677849405672845 -0.17394483002027097 -0.1942448076718771 -0.24886035345793422 -0.3959770888898675 -0.7569997701134638 -1.1033788712152506 -0.7587156568339052 -0.3977039485596369 -0.2505868395708378 -0.19612702688800718 -0.1760451925959213 -0.17011173149649506 -0.17086307087189517 -0.17523095845407008 -0.18182016049942265 -0.18994036347723023 -0.19922729549579882 -0.20948179529647046 -0.22059706353163325 -0.23252448280007745 -0.24525742052817784 -0.25882380289122137 -0.27328302297420703 -0.28872487592149165 -0.30526921764794385 -0.32306554496857987 -0.34229196458647165 -0.36315318028736765 -0.3858772413156244 -0.4107108895896052 -0.43791343362626256 -0.46774916931801425 -0.5004784639212716 -0.5363477186132662 -0.5755785234234713 -0.6183564112800533 -0.6648196991587582 -0.715048966952072 -0.7690577615315173 -0.8267851178236191 -0.8880904550374094 -0.9527513310120986 -1.0204644204639586 -1.0908499267984426 -1.1634594492624308 -1.237787118719029 -1.3132836008811806 -1.3893723624765313 -1.4654674213492793 -1.5409916726754054 -1.6153948139187362 -1.6881698896866846 -1.758867546862758 -1.82710722610633 -1.8925847072774409 -1.9550756575158994 -2.0144350824641335 -2.070592834595279 -2.1235455736608713 -2.173345799846249 -2.220088808018338 -2.2638986969589396 -2.3049150376830907 -2.3432827314960085 -2.3791495570292374 -2.4126802274488695 -2.444105525037971 -2.4738476591001883 -2.502815614328479 -2.5330731776954174 -2.5691090526180167 -2.6171910498277655 -2.6494343282744683 -2.5148597362459553 -1.9240433761221938 -0.525485722305491 -0.24772065905076257 -0.14846526671087465 -0.10097145079937433 -0.07459244157439464 -0.05844507941637891 -0.047819372975276386 -0.040402863042013175 -0.03495268809839487 -0.03075319221784784 -0.027369458161205444 -0.0245258318961149 -0.022042069995216643 -0.019797971542675746 -0.01771291354564958 -0.015733553568459298 -0.013826175185969174 -0.01197174363756948 -0.010162566608073945 -0.00839990477132585 -0.006692132261484932 -0.005053199761038787 -0.0035012492298785907 -0.0020572939978759277 -0.0007439238921246029 0.0004159711489419108 0.0014004407472068194 0.002189641693283575 0.0027668881243052704 0.003119535658215537
0.003782778820255765 0.0036658437135844535 0.0033133165944380623 0.002732154281079829 0.0019336427925558397 0.0009328336488447301 -0.00025220971268171294 -0.001601321982518152 -0.0030932665439185945 -0.004706852875931945 -0.006422114774873951 -0.008221537052308147 -0.01009133894686496 -0.012022851601800158 -0.014014067815291294 -0.016071501037201983 -0.018212578895475007 -0.020468936101314967 -0.02289120326069263 -0.02555629042050743 -0.028578892892278985 -0.03213032401533694 -0.0364705033615389 -0.042004601513463746 -0.049388390146157146 -0.05973618275621066 -0.07506283516141758 -0.09931764133162901 -0.14114131969393595 -0.2228247918251406 -0.4214130285015331 -1.1991453282468887 -2.4230220392395574 -2.6162709507933775 -2.6647233482121466 -2.634346680023886 -2.6028062526795086 -2.574490475523728 -2.546259356030681 -2.5163306233549405 -2.4840116246357575 -2.4490985861570467 -2.4115609674763654 -2.371402686796272 -2.328609758429526 -2.2831384413689166 -2.2349219636458715 -2.183885230176398 -2.12996222833736 -2.0731133517352283 -2.0133410624949386 -1.9507029057246095 -1.885321213802422 -1.8173890574064 -1.7471721925225283 -1.6750069494695705 -1.6012942170653612 -1.5264898840963423 -1.4510922960480666 -1.3756274505467652 -1.300632774825612 -1.2266403916865785 -1.1541607815298345 -1.08366768796914 -1.0155850001267828 -0.9502761874817108 -0.8880366779021659 -0.8290893723888136 -0.773583296828394 -0.7215952155222342 -0.6731338841764853 -0.6281465085458342 -0.5865269023729871 -0.5481248045706089 -0.5127558178016342 -0.48021146369094325 -0.4502689075364113 -0.4226999807750043 -0.39727921597916266 -0.3737907009513404 -0.35203365094607303 -0.33182668830797696 -0.31301090633121714 -0.29545188168241554 -0.27904089517894265 -0.2636957408569678 -0.2493616817012735 -0.23601341499921794 -0.22365948280971296 -0.2123517135809815 -0.2022047239728828 -0.19343599007504722 -0.18645005929187758 -0.182023845459535 -0.18174224467378605 -0.1891120760920147 -0.212702071935124 -0.2758427241738366 -0.4462261605072825 -0.8671771003211542 -1.2742336807706893 -0.8684788387571428 -0.4474961896794934 -0.27708826440647816 -0.21404972115974613 -0.1906118580443823 -0.1834017413539683 -0.18382902068355986 -0.18837360305270665 -0.19544086810373715 -0.20424607196519112 -0.21437823565057876 -0.22561479334495693 -0.2378374915717195 -0.25099248417673387 -0.2650709985960066 -0.28010003464347977 -0.296138047714105 -0.3132730168859287 -0.3316214527293861 -0.35132747541878706 -0.3725614015686059 -0.3955174600350303 -0.4204103806072446 -0.4474706986038454 -0.47693870956376494 -0.5090570992473417 -0.5440623676598054 -0.5821752610795118 -0.6235905200774127 -0.6684663394630416 -0.7169140119348145 -0.7689882841361952 -0.8246789848485566 -0.8839044837611778 -0.946507500583678 -1.0122537053557894 -1.0808334318117245 -1.1518666703256433 -1.2249113229321806 -1.2994745015471685 -1.3750264462204207 -1.4510164493658566 -1.5268900110702837 -1.6021063349136584 -1.6761552150247865 -1.7485723701576439 -1.818952350173423 -1.8869582687885191 -1.95232779224571 -2.014875020746168 -2.0744881202541166 -2.1311227806727278 -2.184791783278178 -2.2355511607819394 -2.2834836583859506 -2.3286805311926866 -2.371223307067016 -2.411168342388498 -2.4485395025521193 -2.4833396074097016 -2.515602640487905 -2.5455327484551455 -2.573820846913701 -2.602248363878495 -2.6339661789917383 -2.664652456169229 -2.6168228524383483 -2.424503770950305 -1.2022832965861543 -0.4221312445833297 -0.22313311212452316 -0.14131422310436043 -0.09942716558088563 -0.0751364659564027 -0.0597867518565286 -0.049422820005239156 -0.042027130945928144 -0.036484055611510816 -0.032137139182382764 -0.028580832662503036 -0.02555498281595105 -0.022888103551610226 -0.020465341805708206 -0.01820961973156178 -0.016070116656586968 -0.014014982107231061 -0.01202655006796422 -0.010098054039314278 -0.008231244942756406 -0.006434545583781013 -0.004721514913438772 -0.003109483679262794 -0.0016182819863022459 -0.0002690204294095235 0.0009170840592874344 0.001919825526839918 0.002721043315363002 0.003305539262766375 0.0036618412288045915
0.004195806223715753 0.00407690036745952 0.0037195634810594656 0.003130070700525443 0.002318594177441155 0.0012987196130261984 8.679585601717538e-5 -0.001298858250249847 -0.0028388639499553306 -0.004513785865088336 -0.006305211289143874 -0.008196899972274813 -0.010176016829118109 -0.012234485999247379 -0.014370541988086597 -0.016590608154924254 -0.018911715460066866 -0.021364805046177694 -0.023999473860080365 -0.026891093199396365 -0.03015189291703367 -0.033948837915221665 -0.038533522217594776 -0.04429420228929503 -0.05185067042119201 -0.062237128468034364 -0.07727967574032452 -0.10044669084557416 -0.13900357210071868 -0.2104976790080312 -0.3686637422736733 -0.8670174787200131 -2.192627282541687 -2.5120949092232694 -2.659559117246621 -2.672048527378101 -2.6560542897080888 -2.6357912303065416 -2.6123560259988134 -2.585084404297985 -2.5538591807486704 -2.518921008429658 -2.4806088142924865 -2.4392262163651965 -2.394992286143177 -2.3480362403324633 -2.298412802536844 -2.246125986393435 -2.191154980837187 -2.1334788816499537 -2.0730985719885955 -2.010054843877082 -1.9444422639414596 -1.8764185274012797 -1.8062092215517689 -1.7341080840613325 -1.6604730100339258 -1.5857182339026652 -1.5103032769032854 -1.434719393262298 -1.3594743537221055 -1.2850764621376265 -1.2120187030688379 -1.1407638647241178 -1.071731377054754 -1.0052864588183474 -0.9417319929870043 -0.8813033616999272 -0.824166284869894 -0.7704175339330372 -0.7200882449123815 -0.6731494404937783 -0.6295192932077683 -0.5890716217196017 -0.5516451074070896 -0.5170527443965801 -0.48509108715222526 -0.4555489290479604 -0.4282151266507734 -0.4028853719717696 -0.3793678042255098 -0.3574874410125556 -0.33708949612710204 -0.31804174079240943 -0.3002361661016073 -0.28359033574813985 -0.26804901762171185 -0.2535870270102563 -0.24021486305996975 -0.22799002441121985 -0.21703965842729675 -0.2076064085209147 -0.2001441324293735 -0.19552802945571074 -0.19554857355398855 -0.20417595970469143 -0.23113174597313485 -0.30296177190751467 -0.49708169890435916 -0.9794407887237855 -1.4489777701693445 -0.9801080381024228 -0.4977108655748765 -0.303569892686806 -0.23178899272190778 -0.20490899978268337 -0.19636138999262354 -0.19641346683238867 -0.2010883773019063 -0.20859085163889643 -0.21804186894874494 -0.22898445888701022 -0.2411735404049808 -0.2544802561159013 -0.26884620546002963 -0.2842608764633203 -0.3007503966408722 -0.31837193913389467 -0.3372108915299105 -0.3573792010232306 -0.37901396016497185 -0.4022756432900593 -0.4273456049478321 -0.45442258479178366 -0.48371806621629504 -0.5154504274626959 -0.5498379129400509 -0.5870905424422694 -0.6274011665312257 -0.6709359648412249 -0.7178247658856044 -0.7681516362825007 -0.8219462376445952 -0.8791764741029612 -0.9397429466538141 -1.0034756877801831 -1.0701335689433547 -1.139406655334931 -1.2109216309614066 -1.284250240482195 -1.3589205033632066 -1.4344302645069182 -1.5102624686639279 -1.5859013985626778 -1.6608490119378707 -1.7346404601174785 -1.8068578753037823 -1.8771415742151603 -1.9451979355984186 -2.0108033565436436 -2.0738038626038042 -2.1341101242247658 -2.1916878056327325 -2.2465433407244357 -2.2987054110420537 -2.3482026437833268 -2.395038459981738 -2.4391647920251742 -2.4804579471304886 -2.5187029556327047 -2.553598672421779 -2.5848069179061444 -2.6120861365157197 -2.6355514339836366 -2.6558657445139002 -2.6719404642457962 -2.659612905325633 -2.512479344183596 -2.1938946354382973 -0.8679828518743101 -0.36897848955884205 -0.21065888497696444 -0.1391032482976023 -0.10051427387312792 -0.07732779211188862 -0.062272184428111006 -0.05187634849016391 -0.04431286685531651 -0.03854685625491348 -0.03395815295639686 -0.030158284521100073 -0.02689551695779818 -0.02400277786191701 -0.021367737672961233 -0.01891491948821932 -0.01659460828565365 -0.014375730873476855 -0.012241112561930747 -0.010184179685936266 -0.008206547850475579 -0.00631615139515936 -0.004525700249917039 -0.0028513330709899667 -0.0013113902363293163 7.473221127801708e-5 0.001287660341466084 0.002309046319788933 0.0031224811923015548 0.003714292419150805 0.00407419994350257
0.004450946794544243 0.00432969842908463 0.00396675801716045 0.0033677333318926058 0.0025416894154236458 0.0015007336846974031 0.00025945442631150904 -0.0011657707454627085 -0.002757579145408208 -0.00449852490921361 -0.0063720693897766625 -0.008363661444250726 -0.010461925301341504 -0.012659997729778757 -0.014957091319784819 -0.017360412708093843 -0.01988764400554955 -0.022570321419311846 -0.025458651710367902 -0.02862865956108243 -0.03219318248445298 -0.036319375942283336 -0.041257586463146485 -0.04739085552775048 -0.05532364702170169 -0.06604946281882214 -0.08128848511079709 -0.1042252734141246 -0.14130443582735736 -0.20733352894925924 -0.3439758104302779 -0.7162792634874464 -1.8149270269948967 -2.352845031136267 -2.586655413916687 -2.664733824340008 -2.6799665391781216 -2.6773709038940767 -2.6654192023744327 -2.6456878882230503 -2.6190967394522917 -2.586611335471854 -2.5491618716835895 -2.507541318752018 -2.462363343860173 -2.414064193981846 -2.3629282549876334 -2.3091236845622025 -2.252740196826199 -2.1938247050480535 -2.132412645078178 -2.0685539742338865 -2.0023334683951144 -1.9338852780012201 -1.8634019027805255 -1.7911378887837417 -1.7174086795001071 -1.6425851785404648 -1.5670847021200314 -1.4913591052616293 -1.4158809439119293 -1.3411285750743405 -1.2675710913814533 -1.1956539329007734 -1.1257859201631892 -1.0583283157398653 -0.9935863579837623 -0.9318035326286574 -0.873158669164322 -0.81776578173406 -0.7656764291596989 -0.7168842531987241 -0.671331272739355 -0.6289154656533289 -0.589499157970758 -0.5529177582050636 -0.5189884177969235 -0.48751826073713633 -0.4583119003720852 -0.431178043692672 -0.40593506876001634 -0.3824155468562029 -0.3604697675962663 -0.33996841657600607 -0.3208046613268591 -0.30289604350389615 -0.28618679544801595 -0.2706515826883398 -0.25630239902873486 -0.24320179888345222 -0.23148874610314063 -0.22143030050355636 -0.2135289233129199 -0.20875755731408369 -0.20911210944615882 -0.21902699501094428 -0.2493803717463039 -0.3299480118148265 -0.5479322197274914 -1.092164669222427 -1.6248009883439332 -1.0919899232092003 -0.5477620167673688 -0.32979595555916513 -0.24923129149506876 -0.2188721510096849 -0.20894810026494773 -0.20858399082211446 -0.2133472119273952 -0.22124307080661537 -0.23129951669953627 -0.2430147689605396 -0.2561222783652756 -0.27048343240260814 -0.2860358662778226 -0.30276760699355587 -0.32070383392762775 -0.3398999794232104 -0.36043798649251096 -0.38242399814969286 -0.4059864775167503 -0.43127414088563326 -0.4584533057701367 -0.4877043977777864 -0.5192174659795855 -0.5531866474592013 -0.5898036080654551 -0.6292500720548925 -0.6716896384523178 -0.7172591641014525 -0.7660600682581715 -0.8181499756926474 -0.873535158545463 -0.9321642555932875 -0.9939237358929858 -1.0586355282695004 -1.1260571572921134 -1.1958846115386241 -1.2677580254941512 -1.341270089941873 -1.4159769275535148 -1.4914109929850112 -1.5670953934390082 -1.6425588891802616 -1.717350734655676 -1.791054467004225 -1.8632997426119482 -1.9337713616464032 -2.0022146980005906 -2.0684368568895413 -2.1323030021764176 -2.1937274203090507 -2.2526590151214974 -2.3090610707640966 -2.362885318545735 -2.4140406808735646 -2.4623576929491025 -2.50755077418048 -2.5491826360275756 -2.586638738436923 -2.6191253807453916 -2.645711685621143 -2.6654312343264395 -2.677362929107872 -2.679928548770454 -2.664657651002165 -2.5865594993612526 -2.3527965353908575 -1.8147456122443293 -0.7162107652410913 -0.3439806125752254 -0.20734818904606328 -0.14131925018307534 -0.1042389287423153 -0.08130115440312996 -0.06606152753418203 -0.05533543689143819 -0.047402606464122636 -0.041269446990357984 -0.03633142235261516 -0.03220543351932853 -0.02864108903720757 -0.025471199283283938 -0.022582901914823757 -0.019900155616525254 -0.017372744179476613 -0.014969128114638443 -0.012671627106033331 -0.010473040228793225 -0.008374163339273086 -0.006381869724238492 -0.004507545836271086 -0.0027657533584891157 -0.0011730408305121959 0.00025313688047507165 0.001495408987286711 0.0025373905212947405 0.0033644863519594484 0.003964582487573202 0.004328607394920854
0.0044948775255874715 0.004370791578631426 0.004000924845015833 0.0033902220746274752 0.0025466349172053623 0.0014807653620261493 0.00020538015869004162 -0.0012651936783391476 -0.0029157822948747063 -0.004731179944589139 -0.0066970638507727435 -0.008801017355702415 -0.011033685243670358 -0.013390108268253384 -0.015871318168172846 -0.018486325790081318 -0.02125471380763697 -0.024210170540662056 -0.027405506231750323 -0.030920040351057117 -0.034870857585095755 -0.03943053799554476 -0.04485606318635955 -0.051537748862553565 -0.0600857015516726 -0.07149046992020774 -0.08744039921909778 -0.11099875805125886 -0.1482034541418085 -0.2124307440815171 -0.33916256644111953 -0.6522807258332601 -1.504441698198579 -2.1499181888883534 -2.44904674826507 -2.5979841590631008 -2.6591032684184928 -2.6857903576768654 -2.6943265242006196 -2.6892648437956512 -2.6728902094227434 -2.647098876661657 -2.6136057328314815 -2.573890616332437 -2.5291537146073155 -2.4803131317319718 -2.4280336803754046 -2.3727721527318093 -2.314828096512407 -2.2543932532129918 -2.191595885002166 -2.126538199471243 -2.059326256861072 -1.9900923975464648 -1.9190105763080163 -1.8463051787804987 -1.7722540098322501 -1.6971862270551394 -1.6214760616760646 -1.5455332251594585 -1.4697909362426251 -1.394692511879142 -1.3206774398163008 -1.2481677870320025 -1.1775556979407125 -1.1091926041902933 -1.0433806123688292 -0.98036636758074 -0.9203375210493883 -0.8634217696723576 -0.8096882943494568 -0.7591513091879333 -0.7117753499730156 -0.667481879374056 -0.6261567674717031 -0.5876582164214268 -0.5518247329308297 -0.518482806343226 -0.48745401788395337 -0.45856138288593623 -0.4316348085070207 -0.40651563232029453 -0.3830602926161246 -0.36114327381371764 -0.3406595812626361 -0.3215271521178162 -0.30368984918976255 -0.2871221064400954 -0.27183709475811296 -0.2579018863955822 -0.24546651333884037 -0.2348214808499846 -0.22651659057486132 -0.22162076427241728 -0.2223325125153712 -0.23354504202670928 -0.2672806004646618 -0.35651094310293774 -0.5981222872470814 -1.2035886421398434 -1.798629930301256 -1.2023982258045516 -0.5970358212475482 -0.35552239492629734 -0.266261230852497 -0.23243863803808767 -0.2211239301529589 -0.22031534789676496 -0.22513155945687052 -0.23338216685557225 -0.24400439591884118 -0.2564532573510898 -0.2704418957803489 -0.28582275691284137 -0.302529996756271 -0.3205503323397239 -0.33990780137363186 -0.36065555287559287 -0.38287120172595923 -0.4066538860053088 -0.4321219628286283 -0.4594106972724154 -0.4886695363456019 -0.5200587094899493 -0.553745005169263 -0.589896662996763 -0.628677403885998 -0.6702397015179126 -0.7147174775125593 -0.7622184779304348 -0.8128166561538642 -0.8665449417663051 -0.9233888112522995 -0.9832810888630469 -1.0460983903737067 -1.1116595757222465 -1.179726497751699 -1.2500072250519643 -1.3221617814782518 -1.395810290205845 -1.4705432452862692 -1.5459334692115339 -1.621549162040595 -1.6969673164928845 -1.771786672297137 -1.8456393170419434 -1.9182000108886617 -1.9891923157649825 -2.058390639695693 -2.1256173559248825 -2.1907342186148457 -2.2536273737527783 -2.31418537251072 -2.3722697785220235 -2.4276783058372864 -2.4801010750517225 -2.5290717484960754 -2.573917285724493 -2.6137131248236884 -2.6472547163087077 -2.6730600881652204 -2.6894142818340057 -2.694422387538169 -2.685800842952708 -2.6589953642300577 -2.597719387327904 -2.448592445428282 -2.1492170642553936 -1.502726692026166 -0.6514958913330613 -0.33886495811993134 -0.21227954588513462 -0.14811381197127885 -0.11094225410572645 -0.08740503562929601 -0.0714702574097766 -0.06007717834117157 -0.051538600653771284 -0.044864512447279216 -0.03944505786800839 -0.034890039399303026 -0.03094254100101542 -0.02743003994281353 -0.02423552574835643 -0.02127978311571707 -0.01851014048382714 -0.0158930807599682 -0.013409218056144964 -0.011049753304158905 -0.008813868902569962 -0.006706727438431615 -0.004737864451193216 -0.002919843837729414 -0.0012670954605307776 0.00020511167183827269 0.0014815845839240742 0.002548018664148532 0.003391706199825992 0.004002134453138124 0.004371463970260821
0.004224129570891322 0.00409660663829843 0.0037179216817546995 0.003092336404845193 0.0022266477093129443 0.0011298814028119126 -0.00018712818611728763 -0.0017122685127308657 -0.0034327858388980056 -0.005336028815181333 -0.007410304409611591 -0.009645861911994466 -0.012036036202597923 -0.014578604775029407 -0.017277447881401665 -0.02014465391667527 -0.02320329362379977 -0.02649121597488643 -0.0300664299451952 -0.03401499294567842 -0.03846294804373446 -0.04359497329938368 -0.049684508831601255 -0.057144244825947856 -0.06661433867589636 -0.07912430557557466 -0.09640832662779229 -0.12156714897102412 -0.16060186391335887 -0.22648974913806735 -0.35230069808009273 -0.6418416565052452 -1.3219665557032008 -1.9282218701402685 -2.2640199345459346 -2.469119488914895 -2.5817380177590916 -2.647461426231778 -2.68605120794971 -2.704315763130838 -2.7056502044204236 -2.6927551940459016 -2.6681250000181027 -2.6340213483861943 -2.592388434351484 -2.5448094710563165 -2.4925117542633712 -2.436405475520474 -2.3771401081200527 -2.3151660826922273 -2.250793881125296 -2.1842461861886453 -2.115701117175299 -2.0453260545579943 -1.9733023884766672 -1.8998419587839694 -1.8251961612160477 -1.749658783519514 -1.6735636671404692 -1.59727829245707 -1.5211943678347224 -1.4457164649823393 -1.3712496820401472 -1.2981872289512288 -1.2268987168471666 -1.1577197973790527 -1.090943645005945 -1.02681461314837 -0.9655242328994795 -0.9072095697270902 -0.8519538174669667 -0.7997888963931545 -0.7506997376034293 -0.7046298814094886 -0.6614879926469336 -0.6211548986290979 -0.5834907821581997 -0.5483422079136625 -0.5155487206474745 -0.4849488232152887 -0.45638521781493124 -0.42970927287702954 -0.40478476157813104 -0.3814910109578635 -0.35972571536907383 -0.33940782970957817 -0.3204812169687687 -0.30292018319933794 -0.28673890551919007 -0.2720085160676983 -0.2588893358329186 -0.2476941241017159 -0.2390181922468932 -0.23402341642479135 -0.2351052969713561 -0.24760386667497564 -0.2846559111989274 -0.3823440718613811 -0.6469586242724273 -1.3118296310051012 -1.9671483119472513 -1.3095042004433979 -0.6448944072016781 -0.38049845314090824 -0.2827621589636008 -0.24554750281536591 -0.23285497230364924 -0.23158839349239782 -0.23643087687508801 -0.2450025312553093 -0.25615320014716153 -0.2692966777003878 -0.2841270535914083 -0.30048859355825175 -0.31831235112897344 -0.3375837685107062 -0.35832545712145675 -0.3805876973437456 -0.404442916150501 -0.42998215085662744 -0.4573123735468175 -0.486554003586411 -0.5178381890979983 -0.5513035944897473 -0.5870925405540444 -0.6253464317253076 -0.6662004842273807 -0.709777844272895 -0.7561832580924478 -0.8054965235412382 -0.8577660128125723 -0.9130026028438488 -0.9711743795265505 -1.0322024892813426 -1.0959584932624173 -1.1622635331107483 -1.2308895422447559 -1.3015626347000404 -1.3739686781832137 -1.4477609150010953 -1.522569341204386 -1.598011398961857 -1.6737033882854888 -1.7492718693006801 -1.8243642109812601 -1.8986573497419716 -1.9718637517644753 -2.0437335244541694 -2.1140515926167787 -2.1826288446774473 -2.2492861737588132 -2.313830416597923 -2.3760213908061516 -2.4355296566074442 -2.4918854555007086 -2.5444207462704727 -2.592208646048883 -2.6340080835813717 -2.6682258676875135 -2.6929122401682433 -2.7058045335407384 -2.7044117444270874 -2.6860393146566994 -2.6472981693902855 -2.581380469227144 -2.468513502219262 -2.2631020659311916 -1.9267902126973115 -1.3192452924021623 -0.6403580715590488 -0.3516486037277554 -0.2261320163160966 -0.1603777549692667 -0.12141824408989374 -0.09630851545470498 -0.0790599351411412 -0.06657724286535213 -0.05712887177988288 -0.049686604379775116 -0.04361094255035734 -0.03848954727569018 -0.03404919737513013 -0.030105400941177137 -0.026532325102156796 -0.023244176498701412 -0.020183274722212787 -0.01731216008164019 -0.014608197167351301 -0.012059756828107476 -0.00966341576411842 -0.007421824251551356 -0.005342021478559056 -0.0034340588335863695 -0.0017098433900993365 -0.0001821477509368409 0.0011362452065724533 0.0022332794210479455 0.0030982518169453263 0.0037223289667341957 0.004098952428753527
0.0034298587107830184 0.0032982591176660093 0.0029083414403888843 0.002263612769335535 0.0013695966299928338 0.00023357254519156033 -0.0011357858985166643 -0.002728876533511877 -0.004535741570445225 -0.006546755563332063 -0.008753442206330982 -0.011149444078142386 -0.013731685534355142 -0.0165017934982978 -0.01946787811905783 -0.022646832077637357 -0.026067395525151832 -0.029774373812027813 -0.03383462405828618 -0.03834581150609909 -0.04344960443656108 -0.04935217538320891 -0.05635711205622794 -0.06492019518171342 -0.07574442122171555 -0.08995307443560607 -0.10942424128779228 -0.1374876604744925 -0.180525737781023 -0.25216100073224024 -0.38600075018116553 -0.6738815014613473 -1.2259956289563358 -1.7204969834204369 -2.0538113833479468 -2.2888845909235744 -2.445518574218112 -2.553255257952538 -2.628687955091078 -2.6784043194854394 -2.705735479076249 -2.713457748833001 -2.7044072594376565 -2.6814301766289117 -2.6471991310084073 -2.604064535806351 -2.553979308237758 -2.4984894461208267 -2.4387696802251027 -2.3756835531710268 -2.309852083550014 -2.2417206420345193 -2.171618184493253 -2.09980617414538 -2.0265165359071746 -1.9519791360974141 -1.8764398699752485 -1.8001706954321397 -1.7234730235685691 -1.6466758547208746 -1.570129978944805 -1.4941994648900712 -1.419251548791261 -1.3456459084602972 -1.2737241667975858 -1.2038003174113998 -1.1361526051043747 -1.0710172315346398 -1.0085840976530438 -0.9489946462429057 -0.8923417363177052 -0.838671371444644 -0.7879860199048748 -0.7402492078382182 -0.6953910371744524 -0.6533142765769917 -0.6139006927943349 -0.5770173277619547 -0.5425224791295078 -0.5102712043959998 -0.48012023815640736 -0.4519322864053631 -0.4255797424799208 -0.40094796164050905 -0.37793834875489857 -0.3564716832933462 -0.33649238221396865 -0.3179748945240548 -0.3009343628659994 -0.28544558605947196 -0.2716783487512917 -0.2599662333651684 -0.2509476330685902 -0.245873038277956 -0.24732642295584886 -0.26107586415661427 -0.301325322010182 -0.40712949557783407 -0.6937147996094626 -1.4148901264882066 -2.1268162072109242 -1.4113825373508826 -0.6906767840447527 -0.40446681544062535 -0.29861587614070845 -0.2581387832972507 -0.2441101560883128 -0.24238837978868374 -0.24724041101480043 -0.2561055973566012 -0.26775077454502544 -0.28155089576789477 -0.29718233272150096 -0.3144818863119424 -0.33337779149586644 -0.35385416202068454 -0.3759318457515306 -0.3996576748677611 -0.42509810883141746 -0.45233515458430273 -0.48146338041296394 -0.5125873243993656 -0.5458188663449642 -0.5812742937010041 -0.6190709018701368 -0.6593230547237298 -0.7021377058102772 -0.7476094502988934 -0.7958152434982892 -0.8468089823449133 -0.9006161984646379 -0.9572291513669071 -1.016602633922724 -1.0786508057659883 -1.1432453506595683 -1.2102152093557073 -1.2793480695908113 -1.3503937006534854 -1.4230691040586818 -1.4970653182242972 -1.5720555687258067 -1.647704302279578 -1.7236764875945936 -1.7996464144111861 -1.8753050769829922 -1.950365092250906 -2.0245619778245874 -2.0976505041667135 -2.1693947486969356 -2.239550440118068 -2.3078382375681383 -2.3739068310735196 -2.4372853277091315 -2.4973255287145943 -2.5531367054252327 -2.6035186580692393 -2.646903342369203 -2.6813207885585624 -2.704409803242439 -2.7134940220369037 -2.7057305956330544 -2.678292679540138 -2.628416658617386 -2.5527828469800427 -2.444806007129608 -2.287878234910307 -2.0524357206327792 -1.7185133188255022 -1.2227713845144894 -0.6715963495516659 -0.3848731533733591 -0.25152287812574403 -0.1801193915432639 -0.137213504032333 -0.10923671647091503 -0.08982799495056035 -0.07566717959514536 -0.064880844318239 -0.056348088060243155 -0.04936717874626631 -0.04348304799750778 -0.03839257097679265 -0.03388995959564925 -0.02983394911855733 -0.02612734810751178 -0.02270386226563757 -0.01951933293148132 -0.016545727893806192 -0.013766889454792092 -0.011175429400452783 -0.008770389138129199 -0.006555422768577811 -0.004537347972801927 -0.0027249649986648156 -0.0011280797228419785 0.00024331009682337202 0.0013796912629586682 0.002272590478072674 0.002915018577610047 0.003301809678943193
0.0016614309610175953 0.0015253143635249294 0.0011216728552636644 0.0004530738358397188 -0.00047652518644278503 -0.0016619879781268562 -0.0030973011824021934 -0.00477597620047193 -0.006691564349154491 -0.008838302521458582 -0.0112119133237328 -0.013810594587474996 -0.01663625053345943 -0.019696043979542267 -0.0230043908387181 -0.02658558285046753 -0.030477325638107795 -0.03473564042494375 -0.039441841135352144 -0.044712741111355724 -0.0507160104399126 -0.05769397975473427 -0.06600174843322443 -0.07617044598674569 -0.089016737867037 -0.10584203768026139 -0.12881755792722724 -0.1617869258486334 -0.21210309517165013 -0.2952868475213083 -0.4472107105507648 -0.7393361945732091 -1.1658812800633962 -1.5393216353492623 -1.83794832424509 -2.0757931444659046 -2.25934358620964 -2.4029051557043855 -2.515751055553807 -2.601465960942232 -2.6615963156932674 -2.697713308443649 -2.712016540754226 -2.7072640979812213 -2.686477822818768 -2.6526374866384757 -2.6084531945207883 -2.5562377053670935 -2.497865970600213 -2.4347962808233192 -2.3681270402877295 -2.2986685269912663 -2.2270156679300057 -2.1536136810246753 -2.0788126975291914 -2.0029102402304204 -1.9261820383274528 -1.8489024836204082 -1.7713563756339918 -1.693843673812865 -1.6166789026416262 -1.540186714400615 -1.4646949429907865 -1.3905262994798857 -1.3179896742064312 -1.2473718255596273 -1.178930054888076 -1.1128862934866903 -1.0494228648837642 -0.9886800376571665 -0.930755354597474 -0.8757046165205764 -0.8235443157872635 -0.7742552567997211 -0.727787068263267 -0.6840633034022711 -0.6429868370325834 -0.6044452990231133 -0.568316328424671 -0.5344724877027005 -0.5027857391777726 -0.47313145465250883 -0.4453920057913562 -0.419460073317774 -0.39524193180708656 -0.3726611429529978 -0.3516633818000169 -0.3322236454270108 -0.3143580995819358 -0.2981448500483217 -0.28376224128156274 -0.27156297138936936 -0.2622254403819327 -0.25708301768167874 -0.2588965826126745 -0.2738363290336928 -0.3171073613640471 -0.4305411454867576 -0.7376333328352657 -1.5106633422972573 -2.2738884679900973 -1.5060117804003261 -0.7336959595241145 -0.4271617591609998 -0.3137012026331274 -0.27015202039264624 -0.25485944442912095 -0.25270271852386056 -0.257558476265511 -0.26669663097479157 -0.2788064548834085 -0.29322684331376103 -0.3096178955055881 -0.32780964269140445 -0.3477277252850827 -0.3693548259135738 -0.3927096849804921 -0.4178351632551386 -0.44479110612772754 -0.4736497789222611 -0.5044926356415923 -0.5374076968182119 -0.5724870927318698 -0.6098244939544576 -0.6495122603222713 -0.6916382214484539 -0.7362820712981046 -0.7835114225599074 -0.8333776252515499 -0.8859115071361293 -0.9411192385153213 -0.9989785575016368 -1.0594356105513028 -1.1224026637830675 -1.1877569209224161 -1.255340641912731 -1.3249626914949082 -1.3964015594821977 -1.4694097849931174 -1.543719587277144 -1.619049358233122 -1.6951105088365532 -1.7716139860666695 -1.848275591159483 -1.9248190370933196 -2.0009754879119352 -2.0764781343754244 -2.1510501996567863 -2.2243846758308092 -2.296114142414456 -2.3657693433533127 -2.4327260076019255 -2.496140991407896 -2.5548815692931566 -2.6074559457125663 -2.651958852557429 -2.686052721973094 -2.7070101932488346 -2.711843262539476 -2.6975314067323017 -2.6613266334575436 -2.6010458428445444 -2.5151366431249476 -2.402067606891755 -2.2582570815157395 -2.0744165699663784 -1.8362155105586853 -1.5370676152502103 -1.1626664130646074 -0.7362631683589357 -0.44540044691201114 -0.2942321389959156 -0.2114306427163584 -0.1613327167382383 -0.12850479272247423 -0.10562993592032306 -0.08888083528594334 -0.07609429456483133 -0.06597307717126445 -0.057702803221251285 -0.05075367975426976 -0.044771491355846044 -0.039514615687964945 -0.03481607166390896 -0.030559797966829803 -0.026665328021859173 -0.023077579992170433 -0.019759851353853188 -0.01668887289825139 -0.013851218810718435 -0.01124063210192699 -0.00885598470706093 -0.006699691032066687 -0.004776456389823546 -0.003092281519326974 -0.0016536696194416546 -0.00046699833164469173 0.00046197067202632307 0.0011284650856880033 0.0015289740877432337
-0.0021539538933229656 -0.0022939090017215524 -0.0027117268114267806 -0.0034062489280189713 -0.004375817072812737 -0.005618411639333203 -0.0071318671990066055 -0.008914188354354773 -0.01096399366981017 -0.01328112020030892 -0.015867428114664336 -0.018727856459768467 -0.02187180041631804 -0.02531491185947703 -0.029081475148806324 -0.033207589068342466 -0.037745510764851525 -0.0427697178824053 -0.04838557346842943 -0.05474203121229431 -0.06205077926104099 -0.07061594931489766 -0.08088175306858748 -0.09351174368776649 -0.10952646410357497 -0.13055479178815924 -0.15932058202075833 -0.2006477252054998 -0.26365000165576824 -0.366326331336371 -0.5404952722788585 -0.8060086718383824 -1.1032251081769313 -1.3779245686790176 -1.6277337174498328 -1.8483800383365263 -2.039756607748271 -2.206088030294642 -2.349591134827333 -2.4697724789236526 -2.565249504387967 -2.635185775345348 -2.6799203929788726 -2.7010200462620615 -2.7010019141686383 -2.6829240322775787 -2.6499841708849012 -2.6052086914915167 -2.5512592103157146 -2.4903477622772097 -2.424233055275364 -2.3542670157767946 -2.2814656249008016 -2.2065856384922293 -2.130195999683146 -2.0527382947651582 -1.9745743099494346 -1.896020949990618 -1.8173739261519155 -1.7389220991907421 -1.660954454831949 -1.5837615772053133 -1.5076332785834499 -1.4328538014203083 -1.3596957619197727 -1.2884137678350327 -1.2192384234994675 -1.1523712351582813 -1.0879807511073316 -1.026200115114767 -0.9671260791595403 -0.9108194135070703 -0.8573065690258056 -0.8065823882904427 -0.7586136275569971 -0.7133430394371527 -0.670693773601909 -0.6305738770466928 -0.5928807130009585 -0.5575051652618235 -0.5243355501365995 -0.49326122047602394 -0.46417591749037695 -0.4369810130564334 -0.41158890341784127 -0.38792699561522637 -0.365943032334549 -0.3456130541022106 -0.32695436239418707 -0.3100480002480579 -0.29507984347743693 -0.2824196682731417 -0.27278208847247987 -0.26757611225980926 -0.2697247054226162 -0.2857666881626946 -0.33182258079412974 -0.45224577281937695 -0.7779240487535354 -1.5969342775761846 -2.4044335715816505 -1.5912688352553497 -0.7732314753598141 -0.44830484014545796 -0.327891152823618 -0.2815239054706821 -0.26507146423112576 -0.262518357322452 -0.2673834704513731 -0.2767813563148405 -0.289330325159383 -0.30433646614107884 -0.3214452108096505 -0.34048054334544814 -0.3613657210475139 -0.3840818917649851 -0.40864538622205765 -0.43509467421732695 -0.4634825177448412 -0.4938709862353184 -0.5263280474657814 -0.5609249865582896 -0.5977341965634063 -0.6368270523130202 -0.6782716864281813 -0.722130563872207 -0.7684578148315336 -0.8172963419964482 -0.8686747696912808 -0.9226043481711568 -0.9790759646922939 -1.0380574409482808 -1.0994913113017213 -1.163293275261576 -1.2293514985160694 -1.297526897513279 -1.3676544813819038 -1.4395457404242544 -1.5129919612416403 -1.5877682136975075 -1.6636375935414214 -1.7403551162109434 -1.817670442552388 -1.8953283784645825 -1.9730658345904304 -2.0506036748007173 -2.127631655671958 -2.203784525425169 -2.2786074206847307 -2.3515091575181772 -2.4217031425120736 -2.488137818139112 -2.5494222475241064 -2.603757962214173 -2.6488953694415214 -2.682140538270034 -2.700442877684332 -2.7005907096944846 -2.6795235487761304 -2.6347327888748 -2.564669069527639 -2.4690153825616883 -2.348629761511116 -2.2049098600383186 -2.038351617667575 -1.8467254973312646 -1.6257884678538057 -1.3756154749722733 -1.1003588723166655 -0.8027147995274724 -0.5378603956905221 -0.364624561750133 -0.26255153585738406 -0.19990881173911587 -0.15881207541895856 -0.1302067154762961 -0.10929732638522549 -0.09337433006538211 -0.08081640178132064 -0.07060721653656284 -0.06208573927099155 -0.0548094223236079 -0.04847540582439715 -0.042873138352166405 -0.03785480452727842 -0.03331624072114282 -0.02918423731782633 -0.025407846479203935 -0.021952271493769205 -0.018794464839332004 -0.01591988878922128 -0.013320090742359294 -0.010990867933890525 -0.008930872440948581 -0.007140554799058052 -0.005621373693840917 -0.004375216891844216 -0.0034039894164122975 -0.002709332169837222 -0.0022924399841369853
-0.01095096556113078 -0.011089113557306395 -0.011509868486784083 -0.012214819353068637 -0.013206691588897186 -0.014489316010374979 -0.016067646472579456 -0.017947879904903638 -0.020137738629872656 -0.022646979106925716 -0.025488196535966106 -0.028678005238583812 -0.032238695646640995 -0.03620050681905774 -0.04060471806503303 -0.04550786877349966 -0.05098758542996618 -0.057150769614993595 -0.0641453530235295 -0.0721775884250634 -0.08153817062785208 -0.09264285822353599 -0.10609767364322122 -0.12280719245491706 -0.14416094432048598 -0.1723650519683295 -0.2110421343165009 -0.26626814462617454 -0.34788591018905723 -0.468476400043434 -0.6320697979668224 -0.8218164471306637 -1.0212740164305132 -1.224951732751655 -1.4264982302406601 -1.6203558446086408 -1.8047525324305673 -1.9791124732081293 -2.141480231457367 -2.2883738140778753 -2.41577800570681 -2.5201797741445535 -2.599297592570993 -2.652432859889159 -2.680458043488138 -2.685522070705148 -2.6706011466038375 -2.6390285877581587 -2.594102560114859 -2.538818863557656 -2.475730684845157 -2.4069102291245383 -2.33397809972785 -2.258169047289974 -2.1804106131685863 -2.101399715391223 -2.0216691866214234 -1.9416411087937477 -1.8616667410511958 -1.7820544079045042 -1.7030873871990408 -1.6250339822627575 -1.5481518275397586 -1.472688213846488 -1.3988779140246563 -1.326939687152865 -1.257072360912614 -1.189451145754502 -1.1242246233978943 -1.0615126752662514 -1.001405471962394 -0.9439635307307925 -0.8892187619121397 -0.8371763654890853 -0.7878174026481182 -0.7411018522937465 -0.6969719658204352 -0.6553557521015188 -0.6161704554734956 -0.579325929663147 -0.5447278581589783 -0.512280826181125 -0.4818913137970246 -0.4534707615184011 -0.42693897539248576 -0.40222832102738315 -0.3792894701314241 -0.3581000403712659 -0.3386785854917179 -0.32110865387065224 -0.30558244267949314 -0.2924843698347951 -0.2825606580114383 -0.2772870610172516 -0.2797302941050883 -0.2967561971401497 -0.3452939612587812 -0.47190081216292123 -0.8137575687273196 -1.671376403673402 -2.5143552374780134 -1.6649178325567897 -0.8085167962860499 -0.46759774248762975 -0.3410485383716075 -0.2921850361310729 -0.27471065457913235 -0.2718189546674465 -0.27671090447427743 -0.2863627736210862 -0.29932982029950694 -0.3148891504298185 -0.3326733704942277 -0.3525012333676512 -0.3742938697487682 -0.39803083973089753 -0.4237258498232506 -0.45141270261475613 -0.48113681675281833 -0.51294989147108 -0.5469063869971786 -0.5830610528788367 -0.6214670354425912 -0.6621742645258307 -0.7052279234698684 -0.7506668781851965 -0.7985219975373464 -0.8488143460645167 -0.9015532738511809 -0.9567344671752064 -1.0143380557018262 -1.074326895249413 -1.1366451569247928 -1.2012173511010427 -1.2679478955705499 -1.3367212983344834 -1.4074029636451524 -1.479840541427094 -1.5538656210289252 -1.6292954161959228 -1.7059338953967762 -1.78357157781719 -1.8619829415512847 -1.9409200849812092 -2.0201009668479277 -2.0991902713784434 -2.177770790031624 -2.255303335217803 -2.331073854195164 -2.4041279645417344 -2.473196069657216 -2.5366170308829914 -2.592275305477387 -2.6375749279267877 -2.6694815185235963 -2.684666108532567 -2.6797753600826004 -2.65182562420212 -2.598673098549189 -2.5194609014290057 -2.4149097168530407 -2.287324640194089 -2.1402387595246473 -1.9776796902719305 -1.8031314833799406 -1.6185418611041351 -1.4244772035072344 -1.2227080631506848 -1.018778724581369 -0.8190285436094896 -0.6291978488559765 -0.46605421328534974 -0.3461253985072548 -0.26504276224872203 -0.2101908840686803 -0.17177627143905844 -0.14376362697780015 -0.12255471456967414 -0.10595733012466561 -0.09259003217136386 -0.0815531715092697 -0.07224395615065679 -0.06424897424851127 -0.05727944773744419 -0.05113085753164471 -0.0456569431724849 -0.04075245221483256 -0.03634137487944286 -0.032368716467220705 -0.02879461825616925 -0.025590086356071764 -0.022733859419490642 -0.020210112369546535 -0.018006795097430826 -0.016114466241627223 -0.01452551741114147 -0.01323370231214678 -0.01223389515027548 -0.011522008653624132 -0.011095008009282708
-0.034409019848989635 -0.03451559080748205 -0.03486596849971108 -0.03546932363462679 -0.03634027011122023 -0.03749821250542028 -0.03896663371037347 -0.04077247775375845 -0.04294578929630239 -0.04551976522072853 -0.048531363090785214 -0.05202260619757481 -0.0560427365833536 -0.06065140791679691 -0.0659231935385174 -0.07195383047919424 -0.07886885679936635 -0.08683567411880364 -0.0960806559892773 -0.10691384536910925 -0.11976520851934679 -0.13523849729296672 -0.15419134528351655 -0.17785146196595714 -0.20797051971782332 -0.24697098688497018 -0.2978830474026661 -0.3635518455560935 -0.4448173297063336 -0.5401813227649708 -0.649888201932332 -0.7763373335835402 -0.9187320301236921 -1.0727694863161872 -1.2340567455798694 -1.399992293396739 -1.5691080895453147 -1.7395102804542344 -1.9080124996843966 -2.0701636407712236 -2.2207571701364732 -2.354523831246545 -2.4668559384123814 -2.5544336877437797 -2.615622602613047 -2.6505577394255426 -2.6609207496169276 -2.6495039586473457 -2.6196980554243505 -2.57502630831338 -2.518799272918193 -2.4539101344940963 -2.382752671041677 -2.307226614387482 -2.228794096842617 -2.1485581955646373 -2.0673441747438517 -1.9857724831364414 -1.904318701585268 -1.8233594965050943 -1.743205743849571 -1.6641249255934618 -1.5863551381589822 -1.5101129159004627 -1.435596766757912 -1.3629879585856113 -1.2924497449305965 -1.2241259067076284 -1.1581392216321853 -1.0945902573797817 -1.0335567139219373 -0.9750934103457218 -0.9192329164577967 -0.8659867645932079 -0.8153471377475822 -0.7672889122530341 -0.7217719328775953 -0.6787434118609126 -0.6381403677852181 -0.5998920526937422 -0.563922354952267 -0.5301522112672483 -0.49850211734457345 -0.4688949013999092 -0.4412590357220193 -0.4155329433200807 -0.3916710772329013 -0.36965314627751394 -0.3494990201108787 -0.3312941995550126 -0.31523574532407117 -0.3017197981827171 -0.29151865214043443 -0.2861640633983487 -0.2888442782582308 -0.3067016836537363 -0.3573446397226803 -0.48914830596843406 -0.8442529130252071 -1.7315443199672953 -2.59942044248636 -1.7245944419213175 -0.8387211673277067 -0.4847119752068129 -0.3530198618049928 -0.3020557787746236 -0.2837340371187747 -0.2805820446176768 -0.2855307096818025 -0.29543849303306186 -0.30880704634872225 -0.3248890342503893 -0.3433064244556408 -0.36387372851070793 -0.38651031664878777 -0.41119421068247086 -0.43793640670744727 -0.46676593722614235 -0.49772084627173874 -0.5308425766568604 -0.5661724065650193 -0.603749150968403 -0.6436076479639418 -0.6857777178584425 -0.7302833817684788 -0.7771421913554201 -0.8263645697774775 -0.8779531044859409 -0.9319017684706777 -0.9881950783576128 -1.0468072241766198 -1.1077012245036733 -1.1708281694055618 -1.2361266090245724 -1.3035221240184145 -1.3729270708911163 -1.4442404249990608 -1.517347540203381 -1.5921194995514454 -1.6684115388572534 -1.7460597791865367 -1.824875204256019 -1.9046334739042925 -1.9850588034331658 -2.065799823070415 -2.146395180974621 -2.2262268737212145 -2.3044602093018853 -2.3799714023006144 -2.4512676504981283 -2.516410664647196 -2.5729630509422656 -2.6179864693415342 -2.6481276940130636 -2.65982742467972 -2.649669265247668 -2.6148479646779768 -2.5536822350736745 -2.466048879290376 -2.3536019357128493 -2.219683647416881 -2.0689224354045557 -1.906603276769473 -1.7379417736889702 -1.5673914133191542 -1.398136046925192 -1.2320669302589444 -1.0706568429208145 -0.9165206853194234 -0.7740594760093077 -0.6475724317958045 -0.5378851681028559 -0.44268955713373526 -0.3617627808934654 -0.2964943773142905 -0.24594629860124712 -0.2072428020062571 -0.17735815221544926 -0.1538822506567904 -0.13507446655329652 -0.11971528268850617 -0.1069529347451847 -0.09618798157223724 -0.08699379823685856 -0.07906309522808483 -0.07217188424165703 -0.06615488829757041 -0.06088846917736255 -0.05627856021868632 -0.0522520080562144 -0.048750309723370217 -0.04572510034926863 -0.043134977461415876 -0.0409433876774726 -0.03911737982565593 -0.03762706496464424 -0.03644563310897757 -0.03554977117012582 -0.03492031791988904 -0.03454298943892704
-0.10886972160804133 -0.10878648775249941 -0.10864734831689767 -0.10849046950134757 -0.1083753883692281 -0.10837925482842532 -0.10859242808629342 -0.1091140423856227 -0.11004813564288986 -0.11150083932072719 -0.11357898994866007 -0.11639037697379997 -0.12004571689569428 -0.12466235551218445 -0.130369645461631 -0.13731589676460756 -0.14567668689271307 -0.1556640091684543 -0.16753497357183977 -0.1815970776510248 -0.19820370051315925 -0.21772783182923697 -0.24049597042307874 -0.26667003114764193 -0.2961229683558471 -0.32852479875031243 -0.3640400468974482 -0.40460008732518365 -0.4543052071080442 -0.5175596569218975 -0.5966159346945452 -0.6910997537175507 -0.7992690421960021 -0.9194077523605592 -1.0504685737300954 -1.1918683102485683 -1.3428347448267084 -1.5018056597829725 -1.6661114745263723 -1.831921359442288 -1.9943884743789253 -2.1479781548847225 -2.2869771449940073 -2.406136508423283 -2.501330473907154 -2.570070269923243 -2.611734424117677 -2.6274641203847002 -2.619780984151738 -2.592059748042676 -2.548000406326435 -2.491204130049476 -2.4248972341531028 -2.351797304222253 -2.2740879821528472 -2.193462014602225 -2.1111977951123286 -2.0282448958572146 -1.9453040585581238 -1.8628947190824598 -1.7814080823444722 -1.701146538355241 -1.6223514929409184 -1.545222062579732 -1.469926970671783 -1.3966116486777573 -1.3254021440133004 -1.256407048034537 -1.1897183185308535 -1.125411593869221 -1.0635463797400246 -1.0041663279906181 -0.9472997120045535 -0.8929601260808053 -0.8411473896168645 -0.7918486139282459 -0.7450393845699281 -0.7006850203260077 -0.6587418877956881 -0.6191587749891424 -0.5818783572381222 -0.5468388247898073 -0.5139757877008367 -0.48322463944500244 -0.45452366471068834 -0.4278183552974736 -0.40306772118464446 -0.38025399320929026 -0.35939830572344533 -0.3405873729695972 -0.3240213372136011 -0.3101045587226335 -0.2996287779188105 -0.294168896240128 -0.2970080949115648 -0.3155049446080818 -0.36779238952727994 -0.5036040563401368 -0.8684582751703009 -1.774863641857156 -2.655298975259183 -1.7677877590726543 -0.8629256557823558 -0.49927504750597684 -0.3636273162977598 -0.31104120237441985 -0.29208767836296146 -0.28877633663135294 -0.2938250229966702 -0.3039988228041283 -0.317757079955153 -0.3343334764119371 -0.3533420044242194 -0.3745941934023418 -0.3980081983108375 -0.42356070500897297 -0.4512600761057131 -0.4811306655758082 -0.5132033487148052 -0.5475097102699502 -0.5840785035833562 -0.6229335845029685 -0.6640928308688664 -0.7075677228547769 -0.7533633518270888 -0.8014786819187065 -0.8519069279110809 -0.9046359445810606 -0.9596485503398063 -1.01692273258674 -1.0764317026553392 -1.1381437822106217 -1.2020221071624622 -1.2680241252666054 -1.3361008340601912 -1.4061956496566006 -1.4782427056978247 -1.5521642456473899 -1.6278665804718773 -1.7052338292098175 -1.7841183393573519 -1.8643263078124106 -1.9455967270337298 -2.027571445883903 -2.1097540156826144 -2.191455358020634 -2.2717255635527556 -2.3492738976807135 -2.42238402616124 -2.48883907083028 -2.545881054248882 -2.5902394903237203 -2.618269367088245 -2.626231649256612 -2.610721546534522 -2.569199401446024 -2.5005191023446236 -2.4053089967815344 -2.286073150785302 -2.1469565864632014 -1.9932272094236476 -1.8306139841123366 -1.6646626913524636 -1.5002267856209361 -1.3411402174118188 -1.1900737677994198 -1.0485911128967553 -0.9174689980846126 -0.7973002586876843 -0.6891447917567011 -0.5947260655608259 -0.5157790707639068 -0.4526556300449167 -0.4030814437100453 -0.36265460553512185 -0.32729740478671593 -0.2950895787999672 -0.2658540690186934 -0.23989950375291025 -0.21733664786110746 -0.1979954232593555 -0.1815470077876815 -0.1676191964949429 -0.15586071188454412 -0.14596651970556862 -0.1376818668244915 -0.13079678256539579 -0.12513726313551496 -0.12055606908082782 -0.11692440761763884 -0.11412502271122002 -0.11204691092043528 -0.11058176536732277 -0.10962219232650867 -0.10906168064586239 -0.10879620761420533 -0.10872723513922393 -0.10876570459824034 -0.1088365072129295 -0.10888282367412097
-0.17172022539456921 -0.17175150804225917 -0.17198348211569475 -0.17240686528763247 -0.1730082725560057 -0.1737749945488741 -0.1747003416257363 -0.17578847069693115 -0.17705768957836937 -0.17854151174643768 -0.1802871496820614 -0.1823515845328356 -0.1847957263943506 -0.18767741994313283 -0.19104417743099208 -0.1949266681026547 -0.19933440514295528 -0.20425608021908642 -0.20966891831028048 -0.21556424473804167 -0.22199905711418902 -0.2291823283736531 -0.23759368411629006 -0.24810541756601648 -0.2620433914125461 -0.28110958756394244 -0.30713886005094604 -0.3417671890966255 -0.3861656264887846 -0.4409653760238998 -0.5063894000989758 -0.5825024473840836 -0.6694447554044144 -0.7675302881308868 -0.8771628467547089 -0.9986162169581888 -1.1317711490877636 -1.275878256982173 -1.4293676826268278 -1.5897059816425256 -1.7533164644708736 -1.915607780906881 -2.0711700061379577 -2.214179288067195 -2.3389953458756794 -2.4408551479682377 -2.5164986009463455 -2.5645528933167516 -2.5855703159059695 -2.5817311153855376 -2.556327418703144 -2.513187457289816 -2.4561749719052433 -2.3888369013828616 -2.3142106185917584 -2.234762147051507 -2.1524120586537947 -2.0686083866363116 -1.9844163203127474 -1.9006059107383422 -1.817728251898789 -1.736176807811981 -1.6562341349712209 -1.5781059652799734 -1.501945178788031 -1.4278681342712478 -1.3559654787197122 -1.2863091215404006 -1.2189566386012514 -1.1539540108359279 -1.0913373158350128 -1.0311337763178507 -0.97336241713771 -0.9180344808421284 -0.8651536893510948 -0.8147164059179087 -0.7667117387624378 -0.7211216288982581 -0.6779209746773742 -0.6370778611331381 -0.5985539819445307 -0.5623053668767073 -0.5282835625026425 -0.49643746905883845 -0.4667161311512802 -0.43907295211398145 -0.4134721233972695 -0.38989867618032087 -0.36837477524957357 -0.3489873495883351 -0.3319374266224294 -0.31763337103795414 -0.30687845437841005 -0.3012753952814168 -0.304170654880145 -0.3230673308287655 -0.37644017263263096 -0.5148410238803011 -0.8853241199388416 -1.79862074745349 -2.6776214520516106 -1.791823228614102 -0.8800931027261711 -0.5108525290458581 -0.37265851916719517 -0.31902490571711517 -0.29970279505609804 -0.29635918188343985 -0.3015665283681002 -0.31202571435448206 -0.3261673563867041 -0.34321278563205526 -0.362771323425414 -0.3846531555459423 -0.4087760210325571 -0.43511567517598626 -0.4636781181671818 -0.49448332673608364 -0.5275554523240414 -0.5629168946224881 -0.600584850497017 -0.6405695361886098 -0.6828735868452405 -0.7274922964080845 -0.7744144450343546 -0.8236235080787399 -0.8750990698583551 -0.9288182870611935 -0.9847572652025365 -1.0428922280416275 -1.1032003730863953 -1.1656603131868393 -1.2302520001017856 -1.2969560044528403 -1.3657519793952566 -1.43661605235538 -1.509516758247736 -1.584408935890801 -1.6612247458561438 -1.7398606285403002 -1.820158617895667 -1.9018800032936751 -1.9846689917131182 -2.0680039628498625 -2.151134472454739 -2.2330038732848356 -2.3121610032320157 -2.386670600690446 -2.454041345818735 -2.5112018751596343 -2.554565489840696 -2.5802267698462718 -2.5843183298505257 -2.563515811179648 -2.5156171142562167 -2.4400601052980013 -2.338219088161388 -2.2133642444738424 -2.0702734229851223 -1.914602675606009 -1.7521898513890157 -1.5884557810346338 -1.4279995363881732 -1.2744030083148081 -1.1302032772246855 -0.9969732109302298 -0.8754653805560874 -0.7658030337441086 -0.6677175328866343 -0.58081097701251 -0.5047744119542348 -0.43946898140757834 -0.3848251063517594 -0.3406080793391686 -0.30617027211542547 -0.2803243207342085 -0.26142331863807916 -0.24762967946483797 -0.2372456291598372 -0.2289524385661506 -0.221883980994905 -0.21556392354932752 -0.2097837331673674 -0.2044849289831993 -0.19967374452508263 -0.19537019082896623 -0.19158279051405425 -0.1882993212852591 -0.18548650855874177 -0.18309437996409483 -0.1810628680522462 -0.17932921904231489 -0.1778351544363921 -0.17653287012078245 -0.17538908725113694 -0.17438662000619476 -0.17352331535526688 -0.17280868149566503 -0.1722589444270437 -0.17189155252851876
0.15453068892019545 0.15381436463949677 0.1514917947512808 0.14759253067238 0.14216735104165407 0.13528781477051752 0.12704541652155135 0.11755018149454241 0.10692849733701398 0.09531995643403533 0.08287298303576227 0.06973905596711752 0.056065411194195065 0.04198621028092797 0.027612271343671023 0.013019557505474857 -0.001763301881811291 -0.016768092625380076 -0.03210016976281646 -0.04795082810441137 -0.06460750328076455 -0.08245977722933974 -0.10199872376966548 -0.12380741420717756 -0.14854193724529713 -0.17690519492838552 -0.2096192903961091 -0.2474048335963207 -0.29097485413104646 -0.34104592827724994 -0.39836052445754716 -0.46370622804190254 -0.537914608452111 -0.6218278191813769 -0.716231551326029 -0.8217613340018902 -0.9387900559143717 -1.0672994988344136 -1.2067342858023618 -1.355839266130126 -1.512493455579867 -1.6735735490981598 -1.83490207112911 -1.9913489596607405 -2.1371459997455133 -2.2664280435160813 -2.3739352251900736 -2.455724859257942 -2.5096995272090794 -2.5357973859592673 -2.535803532765793 -2.5128694602159896 -2.4709049454524394 -2.4140056338679665 -2.346021531862849 -2.270299596518213 -2.18958021338242 -2.1060027702665467 -2.021173758674188 -1.9362608353685395 -1.8520891725344093 -1.7692274587552916 -1.6880585789064564 -1.608834533766254 -1.5317174008187067 -1.456808939800425 -1.3841714607886852 -1.3138422244775803 -1.245843181462282 -1.1801874080400319 -1.1168832160598916 -1.0559366194760176 -0.9973526262371709 -0.9411356782538424 -0.8872894694057448 -0.8358163176195084 -0.786716239758948 -0.7399858677345811 -0.6956173437386638 -0.6535973372920902 -0.6139063349473567 -0.5765183661510045 -0.5414013509568562 -0.5085182978253635 -0.47782966316297876 -0.4492973468945712 -0.42289111368237736 -0.3985988439266338 -0.37644323836939736 -0.35651009590230126 -0.33899860667353665 -0.3243160476259857 -0.3132677426067682 -0.30746593879970346 -0.3102827246194526 -0.32928086026245634 -0.383061804453732 -0.5223656852773324 -0.8936679254741401 -1.799957054707692 -2.662064796605694 -1.7938519439909333 -0.8890316887062053 -0.5189249587433842 -0.3798532195724611 -0.32586126452491093 -0.30649121893446857 -0.30327403545844156 -0.30871724521000293 -0.31949248214205794 -0.33401806917934973 -0.35151112403982593 -0.3715804473841437 -0.39403703001825413 -0.4187993335495301 -0.44584284526326284 -0.4751716999266231 -0.5068020227302221 -0.5407519262545036 -0.5770355627978802 -0.6156598329924472 -0.6566229497845332 -0.6999143583285072 -0.745515663427836 -0.7934022903797525 -0.8435456408431139 -0.8959155231283716 -0.9504826467558769 -1.0072209790842348 -1.0661097682195921 -1.1271350393512722 -1.1902903666705156 -1.2555767032436362 -1.3230010072296392 -1.392573322659834 -1.464301842361899 -1.5381852841361217 -1.6142016354671946 -1.692291961444974 -1.7723375394819278 -1.8541281372561973 -1.9373189142950389 -2.0213734504278635 -2.1054912126849836 -2.1885200194592183 -2.2688586035120575 -2.3443620564955405 -2.4122739878453054 -2.4692221293746623 -2.5113240757897533 -2.534447947081743 -2.5346479328975353 -2.5087409552757065 -2.454918377372926 -2.3732286072542386 -2.265765723065064 -2.1364772277005644 -1.9906328877076502 -1.8341096775707495 -1.6726871581372866 -1.5115049409588897 -1.354747916022213 -1.2055449608806537 -1.0660213563023568 -0.9374358514694217 -0.8203471676124087 -0.7147768626030594 -0.6203554286702044 -0.5364506125588004 -0.46227956805542386 -0.39700207070867927 -0.33978699055800726 -0.28984518915871127 -0.24643043951670007 -0.20882044347323894 -0.17629518054197457 -0.1481267385056085 -0.1235863376594056 -0.10196569305232493 -0.08260490406639086 -0.0649185678894736 -0.04841442159964579 -0.03270239914697313 -0.01749486923239829 -0.002600304125232839 0.01208713162592244 0.026600050404232405 0.04091099913764442 0.05494546860627852 0.06859424352605414 0.08172474693933171 0.09419112142257223 0.10584286965333412 0.11653197467713498 0.12611852953922123 0.1344750056966113 0.14148936031519696 0.1470672150922217 0.1511333357722245 0.15363261156144364
0.32369611895566214 0.3230569168962459 0.3209077042162124 0.3172593759015887 0.31213194760240515 0.3055540982607605 0.29756251618467705 0.288201082357346 0.27751991531848214 0.26557427829858254 0.25242331219545117 0.2381285111705943 0.22275180820269302 0.20635309622261336 0.18898698922000842 0.17069864021303285 0.15151849007830587 0.13145592770961187 0.11049199257169533 0.088571427061757 0.06559455560929711 0.041409585903329715 0.015805946958833115 -0.011490838256624013 -0.04082250572609546 -0.07259973500429524 -0.10730258276047258 -0.14548018272979735 -0.18774996078396536 -0.23479594526687475 -0.28736486879231354 -0.3462580226657784 -0.41231657285810536 -0.4863982951651271 -0.5693440210477547 -0.6619318877255731 -0.7648164222141589 -0.87844790439017 -1.0029664320716203 -1.138066255120871 -1.2828310935597511 -1.4355520113598226 -1.5935567224985663 -1.7531009668849658 -1.9093915720195778 -2.056813139802067 -2.18939911936509 -2.3015155505453255 -2.38862960181975 -2.447962820308751 -2.4788342918039166 -2.4825968045198166 -2.4622131466317536 -2.4216315598740996 -2.365147873606007 -2.29689362609587 -2.220509616742353 -2.138996496007995 -2.054697627938704 -1.9693617925345765 -1.8842422201485676 -1.8002027230197115 -1.7178147084044275 -1.6374381969454337 -1.5592856121587597 -1.483469963402747 -1.4100401291695683 -1.3390060554981735 -1.2703563406697433 -1.2040701874941355 -1.1401252250976341 -1.0785023000270624 -1.0191880294238487 -0.9621756906585701 -0.907464876095971 -0.8550602503399748 -0.8049696936068633 -0.7572020850175071 -0.711764963309043 -0.6686622930284857 -0.6278925585322775 -0.5894474066696407 -0.5533110668962722 -0.5194608058820191 -0.4878687434102407 -0.4585055062881547 -0.4313465008294529 -0.4063821886832109 -0.3836349605932096 -0.36318768679253377 -0.3452343257087547 -0.33017487304608484 -0.3188052846826225 -0.3127254057755744 -0.31528800403076934 -0.3340148330084977 -0.38738126913890625 -0.5255855635057092 -0.8921303076039507 -1.7758755514712055 -2.604476558029803 -1.770854442896425 -0.8883519562131009 -0.5228578741471281 -0.3848855586604225 -0.33136510404890995 -0.31233952938491044 -0.30944741071418996 -0.3152273685094789 -0.32636396020305114 -0.34128326845217677 -0.35920827821229884 -0.37975252814939886 -0.40273063644593254 -0.42806336867229694 -0.4557269292961328 -0.48572435004302594 -0.5180686756411017 -0.5527729121901511 -0.5898441638267741 -0.6292805759994139 -0.6710702941102037 -0.715191938675434 -0.7616162387250952 -0.8103085276578084 -0.8612318289943852 -0.9143502643417386 -0.9696325133320484 -1.027055050126595 -1.086604873613631 -1.1482814353784054 -1.2120974441315042 -1.278078177388833 -1.3462588472465395 -1.4166794305453279 -1.4893761664716543 -1.5643686305346014 -1.6416409061351034 -1.721114910541004 -1.8026134568664232 -1.8858103033765947 -1.9701645611377885 -2.054837926338767 -2.1385960721185326 -2.219701193347734 -2.2958120602103276 -2.3639209838372954 -2.4203713903678343 -2.461008607901032 -2.481508705908143 -2.4778936413132557 -2.447172817236989 -2.387971005071381 -2.3009542841413455 -2.188894433574831 -2.0563246698220192 -1.9088842212787 -1.752547374560768 -1.592937758037407 -1.4348560501505707 -1.2820527919476858 -1.1372053229553265 -1.0020266561046265 -0.8774364906518384 -0.7637436155059298 -0.6608107736887571 -0.5681903989722907 -0.4852305140246109 -0.4111552428126918 -0.34512554613828766 -0.2862847754307403 -0.23379205852309418 -0.18684546371054062 -0.14469667845053355 -0.10665925245344571 -0.0721126789823387 -0.040504315364935074 -0.011350400009475493 0.015763454899203142 0.041182567938324637 0.06518481229756003 0.08798396478944201 0.10973486606417202 0.13054013024707695 0.15045788746333544 0.16950993081846938 0.1876896637884081 0.20496936651409037 0.2213064721530305 0.2366487235175106 0.2509382337352016 0.2641145844595501 0.27611715576046414 0.286886897389809 0.2963677317516186 0.3045077372399131 0.3112602090790832 0.31658464387519947 0.32044765132059666 0.32282376633282667
0.4091905633741349 0.4086302085830858 0.40674390596934773 0.4035378939424361 0.39902400343283656 0.39321892425731547 0.38614320979481026 0.37782009557587626 0.36827421726356757 0.3575303125979256 0.34561197835500573 0.33254052645970156 0.3183339439276718 0.30300591229457646 0.28656478908135047 0.269012404457383 0.2503424900367396 0.23053854330606696 0.2095709483449765 0.1873932249924517 0.16393736214494958 0.13910829724912382 0.11277771795412152 0.084777464810796 0.05489288891331508 0.022856555706918445 -0.011657312421533101 -0.04903728274895715 -0.08973769676808338 -0.13427984081099825 -0.18325091431076193 -0.2373003258764662 -0.2971327049037602 -0.36349677077370596 -0.4371687765321513 -0.5189285481502524 -0.6095251208340361 -0.7096276921808088 -0.8197563339219566 -0.9401861974461365 -1.0708197931606902 -1.2110257932981892 -1.359451564441381 -1.5138319023110423 -1.6708379901883152 -1.8260336244096917 -1.9740181668692685 -2.108819060948607 -2.224535725789605 -2.316137122963387 -2.380218374229795 -2.415490650362023 -2.4228522422083723 -2.405039542444032 -2.3660012766967142 -2.310202428687746 -2.2420321261838225 -2.165405025498684 -2.0835629693464806 -1.9990336766221024 -1.9136881621450041 -1.8288457931709807 -1.7453915203462025 -1.6638850521002009 -1.5846529889362424 -1.5078618452190555 -1.4335734415194652 -1.3617855500886091 -1.2924608841098084 -1.2255471778173934 -1.1609905800386677 -1.0987440661475436 -1.0387721412553255 -0.9810527801121202 -0.9255773179212791 -0.8723488515794152 -0.8213796114546928 -0.7726877008507468 -0.7262935590517894 -0.6822164742083012 -0.6404714488527995 -0.6010667027540196 -0.5640020894712583 -0.529268715232528 -0.4968501024853066 -0.4667253741314422 -0.43887522087049496 -0.4132919973506781 -0.38999647273578164 -0.3690661939605781 -0.3506856198218247 -0.3352398534743503 -0.32350158498397924 -0.31703172509015376 -0.31910967950877 -0.3370962292927577 -0.38904334686045533 -0.5237654132047498 -0.8791232713840988 -1.7232717750617716 -2.5010520023216127 -1.7196712974693984 -0.8764178198743049 -0.5218622726583434 -0.3873393881898366 -0.3352969184189229 -0.31710046372921596 -0.314784261623653 -0.32103330236981764 -0.3325963636401145 -0.3479320024647963 -0.36628168823609614 -0.3872704173746923 -0.41072014880531904 -0.4365561139333948 -0.4647566306436842 -0.49532471222950236 -0.5282713752038604 -0.563605720311962 -0.601329275596603 -0.6414332573312299 -0.683897977702126 -0.728693906215144 -0.77578401882425 -0.8251271175259084 -0.8766818121371311 -0.930410845935267 -0.9862854285096485 -1.0442892166426962 -1.1044215562749886 -1.166699559937913 -1.2311585342476874 -1.2978501764423835 -1.3668378088040067 -1.4381876940860947 -1.5119551544802372 -1.58816379257049 -1.6667756044047808 -1.7476492603184932 -1.8304834959153913 -1.9147427740142957 -1.9995637885947086 -2.0836449498703624 -2.1651279180955925 -2.2414915262000883 -2.309493695541657 -2.3652126122930053 -2.40424564910308 -2.4221094010763533 -2.414834031827545 -2.3796621065738783 -2.315677094319728 -2.224154430894794 -2.108491312187781 -1.9737164128744282 -1.825731979307106 -1.6705146525774315 -1.5134701461579767 -1.359039745261741 -1.2105568358371146 -1.0702905131808216 -0.9395966646326054 -0.8191093647390016 -0.7089284863504431 -0.6087810152792793 -0.5181488448552962 -0.4363645963801874 -0.3626808893327665 -0.29631933629005075 -0.23650483549836793 -0.18248945793214358 -0.13356894277328946 -0.08909379139802523 -0.048476248093374474 -0.01119402422601143 0.023208628123954578 0.0551220322488393 0.08487401341342822 0.11273429153992677 0.13891999331115942 0.1636019132103761 0.1869111297851596 0.20894558279287143 0.22977625277969713 0.2494526587428608 0.2680074920975318 0.28546031944031663 0.30182039422756796 0.3170887032163034 0.3312594280046301 0.34432102260869873 0.356257097940921 0.3670472705699061 0.3766680854078616 0.38509406912567956 0.3922989208672069 0.3982568048093387 0.4029436785768659 0.40633857371801524 0.4084247390559652
0.4621051423767745 0.46158707277569505 0.45991093194879185 0.4570818696877426 0.4531090843559621 0.44800500967666196 0.4417842204948453 0.4344621277677018 0.4260535462011218 0.416571224673595 0.40602442843360753 0.39441765185523286 0.3817495206084231 0.3680119125404343 0.35318928856622 0.33725818100553595 0.3201867412282265 0.3019342068116341 0.28245011737333275 0.2616730947095429 0.23952901265413012 0.2159284184449552 0.1907631297329486 0.1639020144928601 0.13518605546185664 0.10442289397160834 0.07138112746980294 0.03578469080814189 -0.002692320531086853 -0.04443002265120497 -0.08986595420767318 -0.1394967627917192 -0.19387795153744147 -0.25362113138717707 -0.3193879467048519 -0.3918793703977875 -0.4718183495674348 -0.5599228001510885 -0.6568647382066436 -0.7632100617920899 -0.8793325541477642 -1.005295832936019 -1.140699520276874 -1.2844927309693774 -1.434771163103515 -1.5885946657414332 -1.7418875315527829 -1.889504171824639 -2.0255399393940228 -2.143919889154273 -2.2392016812909334 -2.3074135014951564 -2.346680693428278 -2.3574370045869633 -2.3421646421511797 -2.304781089557541 -2.2498920891262473 -2.1821201236390815 -2.1056314614325027 -2.02388688183573 -1.9395757095257276 -1.8546688322506053 -1.7705312856371282 -1.6880520429728896 -1.607766382690534 -1.5299596254850858 -1.4547493714444697 -1.3821476892894349 -1.312106437365993 -1.2445491929426473 -1.1793929044917824 -1.1165618043333445 -1.0559955475580047 -0.99765306732319 -0.9415132767501649 -0.8875734920190009 -0.8358462767141864 -0.7863552898571057 -0.7391306388946857 -0.6942041791576279 -0.6516051537556612 -0.6113565291641554 -0.5734723545167231 -0.5379564665996797 -0.5048028976408627 -0.47399845637035903 -0.4455282148473763 -0.41938518312950307 -0.39558657954903403 -0.37420143712463183 -0.355399281997555 -0.33954083367435967 -0.32735836391456447 -0.3203413475466893 -0.32163020279210724 -0.3382808496614257 -0.3875716937898716 -0.5159685791078724 -0.8527736728916767 -1.639007866185007 -2.348580409391661 -1.6370790273618703 -0.85129414566048 -0.5149416302694547 -0.38667244000157897 -0.33734024462670964 -0.3205789900482215 -0.319159745002626 -0.3260532264964954 -0.3381354560656456 -0.3539282815961211 -0.3727076389488053 -0.3941186577503536 -0.41799554819845786 -0.4442709457994584 -0.47292721849879243 -0.5039688560203568 -0.5374062418131972 -0.5732460858397889 -0.611486118503425 -0.6521127641508425 -0.6951010563499377 -0.7404163145084712 -0.7880172111811169 -0.8378598919187507 -0.8899028019062434 -0.9441118457571469 -1.0004654682980314 -1.0589591974539725 -1.1196091318535089 -1.1824537761289362 -1.2475535109262426 -1.3149868118626995 -1.3848420779919492 -1.457203572780196 -1.532129507631079 -1.6096197300868778 -1.6895699058125935 -1.7717087265240972 -1.8555149784504794 -1.9401130398215745 -2.0241497057124915 -2.105663588846125 -2.1819717822716176 -2.2496162306655245 -2.3044293417240245 -2.341783299739467 -2.357063574457025 -2.346341547412552 -2.3071230715185473 -2.238963325738861 -2.1437281481664705 -2.025383554126122 -1.889369133221072 -1.7417595810204127 -1.588460977345914 -1.4346212283906272 -1.2843186387965997 -1.1404958660054183 -1.0050594520827811 -0.879062209311195 -0.762906152046546 -0.6565290589231978 -0.5595583571285335 -0.47142921900233925 -0.39147059070521634 -0.318965426597147 -0.25319155956160594 -0.19344869613085355 -0.13907575279164625 -0.08946153946278523 -0.044050813159464665 -0.00234700865685426 0.03608751992031025 0.07163319168679647 0.1046164111987377 0.1353139380934233 0.16395805875159625 0.1907421984383518 0.21582661637798575 0.23934385370632633 0.2614036593102772 0.28209719727237964 0.30150043226116313 0.31967668321771586 0.3366784188516246 0.35254843133013897 0.3673205619259814 0.3810201635823352 0.39366447345148253 0.40526303906116007 0.4158183015130707 0.4253263945216651 0.43377817463931573 0.4411604597576018 0.4474574224976228 0.4526520636707819 0.456727678832302 0.45966922756217327 0.46146451952683615
0.5015056711183877 0.5009997273843947 0.4994741161412986 0.4969333795921675 0.4933846908407209 0.4888371155454896 0.48330063505910825 0.4767849874067874 0.469298392794862 0.4608462363674762 0.4514297818906407 0.441044985348122 0.4296814667232795 0.41732168145090165 0.4039403104838246 0.389503860449136 0.37397043440128114 0.3572896013500271 0.3394022619488431 0.32024038204719574 0.29972644924567743 0.27777250408790605 0.25427861025359094 0.22913065865472534 0.2021974478910734 0.17332704452604203 0.14234249495929607 0.10903702858749102 0.07316895196807502 0.03445648091815477 -0.007427207936832161 -0.05285839522808128 -0.10226635497418464 -0.15613557949689288 -0.21500611359217053 -0.2794711519555663 -0.3501706218021851 -0.42777882583969834 -0.5129833230367082 -0.6064510791804038 -0.7087766202931047 -0.820405747290266 -0.9415279274450155 -1.0719318951985357 -1.2108240703580198 -1.356620472229783 -1.506741844780954 -1.6574680123415049 -1.8039338788683859 -1.9403589593179638 -2.0605707184693234 -2.158793408263929 -2.230546737338211 -2.2733976550245187 -2.287313844761577 -2.274504324686811 -2.2388308463309077 -2.185016387298036 -2.1178949520721653 -2.0418625488137105 -1.9605758121512213 -1.8768618500157974 -1.7927685323778735 -1.7096865759779407 -1.6284934644909987 -1.5496898724371937 -1.4735151528895565 -1.40003836698713 -1.3292264630351578 -1.2609932533304482 -1.19523318775476 -1.1318435073894721 -1.0707377015640014 -1.0118525430511047 -0.9551504382959559 -0.900618422263543 -0.8482648349350425 -0.7981145114436062 -0.7502031733121189 -0.7045716024593129 -0.6612600976841713 -0.6203036474818766 -0.5817282027351331 -0.5455484053931949 -0.5117671424190532 -0.48037738252915985 -0.4513669824090614 -0.4247276493265648 -0.40047028851597605 -0.3786511368331056 -0.3594177506769551 -0.3430944018511069 -0.3303513901013518 -0.32256632091228654 -0.3226599830416816 -0.33720966977873607 -0.38230796485304464 -0.5009791505174112 -0.8108703062673571 -1.5200573085267166 -2.1447789252247467 -1.5199388241055485 -0.8106986026543448 -0.5008205323740424 -0.3821624424398776 -0.3370651670678774 -0.3225082148733431 -0.32240351201712447 -0.33017706295277105 -0.3429104058517626 -0.35922762049353885 -0.37845964529416626 -0.4002830955249145 -0.42455099284837694 -0.4512073856871259 -0.4802413677466314 -0.5116609501423286 -0.5454777243220976 -0.5816979171165487 -0.6203176108283731 -0.6613209416216022 -0.7046805888683069 -0.7503600966326593 -0.7983176562444432 -0.8485109917722912 -0.9009029626194218 -0.9554674471302924 -1.0121950053305486 -1.0710977371302548 -1.1322126467260833 -1.1956026796164516 -1.2613543937810134 -1.32957093416328 -1.400358572405955 -1.4738045360689513 -1.5499432029983338 -1.6287070768709433 -1.709858544432709 -1.7928987662471345 -1.8769520937018034 -1.9606295357515637 -2.0418847185858464 -2.117891676355888 -2.1849944452890804 -2.2387971262075257 -2.2744652238677467 -2.287274712978394 -2.2733623775240006 -2.230517544364568 -2.1587709495259406 -2.060554369900457 -1.940347266208504 -1.8039250157139435 -1.6574601626326737 -1.5067334534343988 -1.356610370948253 -1.2108115045104622 -1.0719164884620056 -0.9415096151721537 -0.8203846998568963 -0.7087531687964186 -0.6064256496862299 -0.5129563820057074 -0.42775083756893123 -0.35014201787490923 -0.2794423122369355 -0.2149773579497508 -0.15610716906123687 -0.10223850138683277 -0.05283127599059022 -0.007400985721455227 0.03448163727421597 0.07319284706425037 0.10905942279758515 0.14236309137577655 0.17334548200375519 0.20221330122555095 0.2291434464261928 0.25428781034290593 0.27777757635086936 0.2997268643366541 0.32023565492979406 0.3393919882373592 0.3572734943116948 0.3739483602356581 0.38947586937025186 0.4039066611819593 0.4172828567191296 0.4296381784041204 0.44099816728262015 0.45138057021614386 0.4607959372786558 0.4692484387076245 0.4767368832904336 0.4832558974632017 0.4887972074811972 0.4933509561202655 0.4969069804384296 0.49945597782161055 0.5009904932897162
0.5353876536852793 0.5348760078331245 0.5334618308498592 0.5311487992758431 0.5279415359451047 0.5238450216953253 0.518863844885012 0.5130013309496569 0.506258600467353 0.49863360731570017 0.4901202081609138 0.48070731056039834 0.47037813938519657 0.45910965025343803 0.4468721045513302 0.4336288039049998 0.41933596332154405 0.40394268248528886 0.3873909549437307 0.3696156364707115 0.3505442783649105 0.330096720698012 0.3081843365665467 0.2847088231057477 0.2595604497812974 0.23261569977584165 0.2037342753385745 0.1727554806011924 0.13949404228639023 0.1037354763413964 0.06523115420985585 0.023693266310450413 -0.021210072998392455 -0.06985927410112104 -0.12268687634230055 -0.18017975625561544 -0.24287913816425483 -0.3113772138009111 -0.3863085940876582 -0.46833399367672396 -0.5581124626956413 -0.6562571702682409 -0.763268395678222 -0.8794364636320844 -1.0047078244896686 -1.1385109912623208 -1.279548028622341 -1.425574378868324 -1.573215949077526 -1.717903001731118 -1.8540206821833887 -1.9753602282912424 -2.0758782618117877 -2.150638179270052 -2.196675802501726 -2.213495840027909 -2.2030225506783268 -2.1690457920747956 -2.116389813143309 -2.050083985994738 -1.9747356958549058 -1.8941761767706295 -1.8113475216009614 -1.7283527500886207 -1.6465898758908455 -1.5669116557583345 -1.4897767613795487 -1.4153768286660635 -1.3437354763349314 -1.2747813286348986 -1.2083993775598911 -1.1444653609587485 -1.0828673082810276 -1.023517621908992 -0.9663583065004296 -0.9113613378896118 -0.858525693072707 -0.8078722220425525 -0.7594372985304085 -0.7132660099208681 -0.6694055136810458 -0.6278990840421507 -0.5887812924985488 -0.5520747120043277 -0.5177885213689076 -0.4859194431366347 -0.4564556338281209 -0.42938457659509843 -0.4047069458393506 -0.382460352161672 -0.3627610597317722 -0.34588119282628815 -0.33240141096164394 -0.32353626511912814 -0.321886619618554 -0.33334031658236685 -0.3723216145497842 -0.47720103846453366 -0.7508348969515353 -1.3637598763219203 -1.8887327513199166 -1.3654576450319784 -0.7519772248408492 -0.4778503366686012 -0.37282424734818465 -0.3338672946101413 -0.3225061646384341 -0.3242692178480526 -0.3332448469871686 -0.34681833039976795 -0.3637659062106039 -0.38350034954303386 -0.40574487563151646 -0.4303802215045468 -0.4573673865957381 -0.48670591963715226 -0.5184101727518172 -0.5524953998932697 -0.5889697763468973 -0.6278303640150302 -0.6690619728661217 -0.7126383046341087 -0.7585249538992264 -0.8066839009969292 -0.8570791194749188 -0.9096828679578108 -0.9644821561423135 -1.021484770464589 -1.0807241110294414 -1.1422619133776293 -1.2061876837753118 -1.2726133349760853 -1.3416610387226988 -1.413441689970317 -1.4880206219852885 -1.5653664272486894 -1.6452782136385269 -1.7272869650878033 -1.8105289742196344 -1.8935952536595488 -1.974372462606009 -2.049909585488488 -2.1163686314697454 -2.1691383262573134 -2.203188776817657 -2.213698711720611 -2.1968843631742954 -2.1508297396892275 -2.076039251460711 -1.9754856603489226 -1.8541125409117156 -1.717968091938982 -1.5732637509264191 -1.4256152777953337 -1.2795920652631994 -1.138567103098117 -1.0047834650398866 -0.8795374699447186 -0.7633989973412615 -0.6564200662355949 -0.5583089215930712 -0.4685639544549145 -0.3865707574965582 -0.3116691233060487 -0.24319725357025795 -0.18051952570813337 -0.12304281322289949 -0.07022504497662621 -0.021578601526020293 0.023329676464406337 0.06488067644961351 0.10340659918444634 0.1391953909066576 0.1724956254447723 0.20352153184991956 0.23245792324532447 0.2594648289675582 0.28468167581348774 0.30823090999727926 0.33022099933594534 0.35074880253811386 0.3699013355673076 0.3877570004858482 0.40438636768512737 0.4198526171116187 0.4342117484552815 0.4475126656780099 0.4597972296523816 0.4711003561375044 0.4814502168119749 0.4908685803457143 0.4993713099627921 0.5069690148019106 0.5136678355470501 0.5194703309968473 0.5243764219786055 0.5283843425994504 0.5314915463585604 0.5336955160071952 0.5349944309239264
0.5670776716502165 0.566550600663374 0.5652220260295068 0.5630944415421733 0.5601693793520922 0.5564470089429472 0.5519256659285278 0.5466013386288819 0.5404671423284656 0.5335128109251501 0.5257242333141593 0.5170830574070735 0.5075663783709233 0.4971465197940944 0.48579090741245834 0.47346202516385866 0.46011743307778397 0.445709816217472 0.430187023917822 0.4134920492412915 0.39556289029396907 0.37633222830142454 0.3557268527929891 0.33366676271447415 0.31006387471955443 0.28482027720736824 0.2578259815738062 0.2289561408971613 0.19806773056832092 0.16499571435304405 0.12954875198366153 0.09150454005029704 0.05060491767059986 0.006550916034467672 -0.0410020052461981 -0.0924481976455173 -0.14823505482287638 -0.20886452068303057 -0.27489180527846196 -0.34691971109546776 -0.4255862159875308 -0.5115419301676647 -0.6054127407332686 -0.7077414856412105 -0.8189012030887719 -0.938972164744577 -1.0675770127084665 -1.2036752838248246 -1.3453335007869434 -1.4895121543695264 -1.6319442662185308 -1.7672098098278972 -1.8891102965253193 -1.9913862266954159 -2.06868616100831 -2.1175368498266582 -2.1369839779787236 -2.1286617623165958 -2.0962818803417442 -2.0447647578860004 -1.979328476027655 -1.9047803216921668 -1.8251092226152703 -1.743352131481694 -1.6616473531497231 -1.5813837260609085 -1.5033781189913982 -1.4280419306682832 -1.3555192307702442 -1.2857926550224106 -1.2187598777666206 -1.1542859455575802 -1.0922369886897445 -1.0325001187281881 -0.9749933607974732 -0.9196685737729614 -0.8665095867294823 -0.8155272343745693 -0.7667525775461399 -0.7202293085078961 -0.6760061307130308 -0.6341297442580551 -0.5946389471074356 -0.5575602744497707 -0.5229055516905801 -0.49067175317873 -0.4608436866560305 -0.4334003600147383 -0.4083266362486463 -0.3856333926393902 -0.36539290984425243 -0.3478041754619062 -0.3333218587773382 -0.3229315372671477 -0.31878829598151365 -0.3258354142054322 -0.3562748945347368 -0.44253631896675705 -0.6697626016723643 -1.1682403275876971 -1.5814579331897847 -1.1716155458332738 -0.6721483672790458 -0.44389333437745176 -0.35728188719147097 -0.32686341069173863 -0.3199964874712492 -0.3243749353874105 -0.3350015597865649 -0.3496894962797178 -0.36743205100500953 -0.3877595492055047 -0.41046234922898245 -0.43546124564913713 -0.46274199289742524 -0.492319888045041 -0.5242195840145181 -0.5584633362808187 -0.5950644326514871 -0.634024187215157 -0.6753316428875337 -0.7189654736531673 -0.7648977128976082 -0.8130989560089873 -0.8635446417065527 -0.9162219300362134 -0.9711365733182573 -1.0283190159993933 -1.0878287465828311 -1.149755635516352 -1.2142165937519913 -1.2813453394989809 -1.3512723356133578 -1.4240910654476924 -1.4998058576721551 -1.5782557643331643 -1.6590092324584975 -1.7412267718221524 -1.8234955321136934 -1.9036531704167339 -1.9786403183979433 -2.0444491307674193 -2.0962588440138603 -2.128845041552794 -2.137289102966327 -2.117889110614929 -2.069026926270568 -1.9916764001478802 -1.889330431496975 -1.7673573633284052 -1.6320291688433615 -1.4895520122918124 -1.3453494082143715 -1.2036887075630422 -1.0676077807273814 -0.9390373541811192 -0.8190146558617757 -0.7079137098481252 -0.605651020443545 -0.5118505291924005 -0.4259666092028467 -0.34737080895988315 -0.2754101570759735 -0.20944449398206383 -0.14886899576196097 -0.09312658072346915 -0.041713583181658534 0.005818951653490078 0.049866755446454414 0.09077554022884587 0.1288452056628415 0.16433456852037587 0.19746627941578512 0.2284316856806842 0.2573954625029097 0.2844998815869782 0.3098686260602014 0.3336100960801446 0.3558201825561376 0.37658451593140213 0.39598022189888077 0.4140772352305047 0.43093923611537455 0.44662428066199233 0.4611851991336509 0.4746698329511649 0.48712117548661593 0.49857747310364026 0.5090723325720601 0.5186348695780295 0.5272899211577728 0.5350583330644737 0.5419573218779377 0.5480009016297148 0.5532003563514726 0.5575647336992783 0.5611013309774996 0.5638161436332788 0.5657142475852451 0.5668000903692088
0.5980812068590629 0.5975340759686859 0.5962716483900196 0.5942949948046393 0.5916022221189249 0.5881882793405887 0.5840447910347554 0.5791599314267363 0.5735183499199781 0.5671011553923141 0.5598859623174012 0.5518469967837344 0.5429552551513588 0.5331787027106504 0.5224824945928999 0.5108291965838176 0.4981789795879199 0.4844897583534618 0.46971724266321135 0.45381486739457694 0.4367335664750364 0.4184213546433837 0.3988226799960341 0.3778775096434442 0.3555201107189839 0.33167748998393876 0.3062674580278322 0.27919628929866924 0.25035595756190804 0.21962093834823446 0.18684458577628849 0.15185511105648544 0.11445121458098757 0.0743974544071469 0.031419474789776164 -0.014800723859047208 -0.06462920587608292 -0.1184838111933331 -0.17683654835236004 -0.24021374440683918 -0.30919254991367656 -0.3843917036447643 -0.46645349186646046 -0.5560125547868133 -0.6536456398291323 -0.759794808239496 -0.8746555836127483 -0.9980223834774486 -1.1290885958388117 -1.2662112027345023 -1.4066733634825674 -1.5465132544728326 -1.6805249755699572 -1.8025530097528308 -1.9061577889543724 -1.9856004382234753 -2.036911198649767 -2.058678382805896 -2.0522466978725413 -2.0212556301061735 -1.9707316703382696 -1.9060886703053868 -1.8323324296784091 -1.7535988156220705 -1.6730027576542927 -1.5926996283414354 -1.5140536176497246 -1.4378353081732087 -1.3644040884403246 -1.2938567235129832 -1.226138793166625 -1.161123069661365 -1.098661365491698 -1.0386163699615556 -0.9808790048483769 -0.9253756354035638 -0.8720684036602065 -0.8209511047803684 -0.772042397866856 -0.7253776875652476 -0.6810006845102062 -0.6389554120414775 -0.599279246503072 -0.5619974440850405 -0.527119516096027 -0.4946377783562729 -0.46452845130009 -0.4367558956720863 -0.4112810854445511 -0.3880765818656351 -0.36715287299378513 -0.34860695711186857 -0.3327187186901082 -0.3201588509239167 -0.3124790110590409 -0.3133758296866581 -0.33222479697663254 -0.39426971726063653 -0.5646282044889142 -0.9330563870902739 -1.2265953410630037 -0.9378254846287823 -0.5681103819433753 -0.39621105396554795 -0.33357665790302227 -0.3147113731485644 -0.3140602934656496 -0.3220852319896415 -0.33500326687861176 -0.3512116491284837 -0.37000588713851545 -0.39108220157046325 -0.4143266397686484 -0.43971759046296716 -0.46727684362963035 -0.49704315147877465 -0.5290571763927546 -0.5633528451085009 -0.5999527895651963 -0.6388667518837532 -0.6800923700917524 -0.7236179851105079 -0.7694271714930154 -0.8175046655806975 -0.8678432777001489 -0.9204512416052033 -0.9753592724897973 -1.032626360443297 -1.092342992957804 -1.154630039966854 -1.2196309017213025 -1.2874936719605696 -1.3583390010140188 -1.4322081543459044 -1.5089847818516577 -1.5882839133991917 -1.6693041692671553 -1.750646552226051 -1.8301185913316895 -1.9045682817286087 -1.9698256343661813 -2.0208570893634925 -2.0522308551221693 -2.0589150415295228 -2.037278275602667 -1.9859959221465557 -1.9065076610597476 -1.8028137413174614 -1.680680914116852 -1.5465706056377067 -1.4066529413944195 -1.2661417011133065 -1.1290013183213106 -0.9979476414058821 -0.8746205346917908 -0.7598223533208732 -0.6537540094415456 -0.5562153006068797 -0.4667596898376379 -0.3848062491663283 -0.30971647666795304 -0.24084453105926398 -0.17756839752855627 -0.11930789768936934 -0.06553389906286075 -0.01577179427840111 0.03039865186817272 0.07334568484246634 0.11338924774046144 0.15080536773868441 0.18583084331014188 0.2186679673361622 0.24948910743692718 0.278441022228038 0.3056488327063108 0.3312195986596535 0.3552454746339588 0.37780644022935367 0.3989726158761511 0.41880618787694185 0.43736297550366965 0.4546936786039603 0.47084484697811596 0.48585961333278327 0.4997782304862773 0.5126384511816511 0.5244757857061018 0.5353236687214029 0.5452135623906287 0.5541750181149153 0.562235714074226 0.5694214804712017 0.5757563191686982 0.581262419615422 0.5859601689260607 0.5898681510443884 0.593003128302923 0.5953799985031042 0.5970117218186337 0.5979092141658399
0.6291690676956758 0.6286007483482458 0.6273877411641253 0.6255295523139611 0.6230207653343782 0.6198510626361602 0.6160053714747848 0.6114641318971398 0.6062036778364158 0.6001967162079119 0.5934128829384784 0.585819349689898 0.5773814509203808 0.5680632981061817 0.5578283465721011 0.5466398805024747 0.5344613832497411 0.5212567628260792 0.506990406127683 0.49162703958196846 0.4751313780414826 0.4574675473983995 0.4385982691541729 0.4184837967927586 0.39708059421633 0.3743397459023542 0.3502050872607657 0.32461104254336065 0.29748015734698596 0.26872031405060925 0.2382216221845176 0.20585298244024597 0.17145833352620204 0.13485260640185806 0.09581743243193329 0.054096684080480545 0.009391974897953678 -0.038641680333729715 -0.09039972871160423 -0.14633096819228558 -0.20693868538783255 -0.2727788400900716 -0.3444534639334848 -0.4225965347739107 -0.5078483435484041 -0.6008127715591493 -0.7019900707801686 -0.8116761401259847 -0.9298189997776243 -1.0558263099449159 -1.188327837372396 -1.3249181169851096 -1.46193990688872 -1.5944132712216788 -1.7162463399810846 -1.8208401102591825 -1.9020795681955063 -1.9554984598201852 -1.9792250776921991 -1.9743217944918499 -1.9443779286383507 -1.8945559796981009 -1.830490657079737 -1.7573972463520742 -1.6795540903060031 -1.6001390461907776 -1.5213057358568107 -1.4443766534906892 -1.370063846235113 -1.2986679653174475 -1.2302364786061502 -1.164679149304471 -1.1018466766430581 -1.0415806093319784 -0.9837422030346233 -0.9282265094749133 -0.8749664926678862 -0.8239306945247754 -0.7751169928784162 -0.7285442801251647 -0.6842433796416596 -0.6422481507742798 -0.6025874651394499 -0.5652785357353034 -0.5303219283115044 -0.4976984769441646 -0.46736827295848665 -0.43927193169589585 -0.41333454637148975 -0.38947330707084965 -0.36761118220885364 -0.34770261430937166 -0.3297864755393612 -0.3141073130729846 -0.30142217474309896 -0.2938485035552756 -0.29736062929635887 -0.3290631248569833 -0.4328445118452953 -0.6601404671667275 -0.8312286134797668 -0.6658910712756474 -0.43719918123175366 -0.33145858688082575 -0.29890894845468885 -0.2953036188196592 -0.3031554501618754 -0.31627260660751694 -0.33241813199835296 -0.3507635741437531 -0.3710173141922282 -0.3931073901371386 -0.4170559143937792 -0.44292439793512367 -0.47078743313232185 -0.5007187906855297 -0.5327836423386711 -0.5670343457352368 -0.6035087339827555 -0.6422304707299458 -0.6832112674963312 -0.7264548164567619 -0.7719622535042631 -0.8197388679980928 -0.869801627909123 -0.9221868878698087 -0.9769573758798376 -1.0342071815185554 -1.0940629494259155 -1.1566787590777323 -1.2222211869172988 -1.2908397720273324 -1.3626166187145223 -1.4374874975975624 -1.5151263883228312 -1.594787653928647 -1.6751078722586676 -1.7538867166380565 -1.8278963145254639 -1.8928085777694295 -1.9433634771887074 -1.9738920540055869 -1.9792132438004135 -1.955738062163581 -1.9024229785365787 -1.8211725466244817 -1.7164925306780523 -1.5945364719352135 -1.461935306838021 -1.3248036776628276 -1.1881352078960883 -1.0555933655818874 -0.9295844926402101 -0.8114762844869051 -0.7018566128231668 -0.6007720722480377 -0.5079210928760964 -0.42279782775255587 -0.3447930638159094 -0.2732615225373595 -0.20756460196306076 -0.14709599568376774 -0.09129578867874107 -0.03965702519113897 0.008272504633202296 0.05289142100426867 0.0945476479614481 0.13354226535143365 0.17013382195177906 0.20454279449110135 0.23695599391909963 0.2675307948662805 0.2963991125330461 0.32367108334377487 0.34943842772620354 0.3737774888508665 0.3967519520048625 0.41841525652401285 0.43881271653682125 0.4579833687505539 0.4759615657300183 0.4927783322047316 0.5084625004947585 0.5230416396722768 0.5365427919315654 0.5489930289965493 0.5604198412578926 0.5708513725792745 0.5803165141507256 0.5888448712081295 0.5964666167388858 0.6032122464045467 0.6091122488759015 0.6141967057151608 0.6184948350086342 0.6220344932905738 0.6248416509804753 0.6269398575515348 0.6283497138191056 0.6290883698452417
0.6607868374202449 0.6601987811455234 0.6590193603928136 0.6572464773399244 0.6548713257680223 0.6518786277400672 0.6482470854708989 0.6439500300011068 0.6389562382636645 0.6332308813421208 0.6267365596692142 0.6194343759956661 0.611284994420679 0.6022496337205723 0.5922909455889847 0.5813737330086756 0.5694654704645299 0.5565365956016773 0.5425605506492236 0.5275135608142051 0.5113741452231593 0.4941223632127642 0.47573880430170506 0.45620333363156224 0.4354936058750091 0.41358335964278903 0.39044050159248156 0.3660249852914702 0.34028648511493487 0.3131618608787443 0.2845724053366563 0.25442086491578497 0.2225882248857594 0.18893025438032504 0.15327381540492602 0.11541295491503084 0.07510482322471114 0.032065500499859706 -0.014034125684366279 -0.06357219141241945 -0.11697900181618603 -0.17473885518405718 -0.237389537544751 -0.3055179149025131 -0.3797492163804129 -0.4607264123505649 -0.5490744824671492 -0.645342371391722 -0.7499133362074578 -0.8628730535374567 -0.9838261707795343 -1.1116594257996304 -1.2442681259856399 -1.3782975998214626 -1.5090010862015948 -1.630362341578368 -1.7356307454623199 -1.8183114111682714 -1.8734291621097103 -1.8986463905151107 -1.8947607028952909 -1.8653554062821247 -1.815785021735724 -1.7519515221821527 -1.6793025266667456 -1.6022570976480965 -1.5240375980202376 -1.4467709613873727 -1.3717143123944098 -1.2995027778520127 -1.2303660704605903 -1.1642953615232705 -1.1011610468805537 -1.0407898437087857 -0.9830112753420647 -0.9276824959749547 -0.8746984944631767 -0.8239928625842413 -0.7755328124123126 -0.7293110115382123 -0.6853360085169201 -0.6436224590667745 -0.6041819610976693 -0.5670150063708164 -0.5321043178312119 -0.4994096362009814 -0.46886382724161774 -0.44036998799435983 -0.413799031567007 -0.3889870533761479 -0.3657317740947822 -0.34378808464299004 -0.322866221952518 -0.30264951784507743 -0.28289682177243436 -0.2638612016005252 -0.24778295366660602 -0.2433753388908768 -0.27348597106674816 -0.3550628400310733 -0.4067912079036582 -0.3612912710270559 -0.2784103707790865 -0.24609672493414805 -0.24941730480122223 -0.2652861268684213 -0.284587762096253 -0.30482315652800185 -0.3255884839663746 -0.3470328580843348 -0.3694121699046175 -0.3929736587900322 -0.41793236627030333 -0.4444705025091784 -0.4727409161514963 -0.5028702406902485 -0.5349612494602645 -0.5690949027032192 -0.6053326774032155 -0.64371965917189 -0.6842887172334872 -0.727065917161858 -0.772077151478907 -0.8193557733330153 -0.8689507840943201 -0.9209348241813907 -0.9754108077861892 -1.0325154701785884 -1.092417287473881 -1.1553051002739771 -1.2213622621448963 -1.2907192765795397 -1.3633759803566332 -1.4390832481277855 -1.5171758566162443 -1.5963560541249524 -1.674446578468107 -1.7481669352417935 -1.813035588345988 -1.8635435335226858 -1.8937358141046479 -1.8982214038974654 -1.8734034582226138 -1.8184958819058399 -1.7358689605843782 -1.6305429892834333 -1.5090602147494825 -1.3782127110871498 -1.2440479581755814 -1.1113330131961578 -0.9834334243279762 -0.8624577169707629 -0.7495182586469369 -0.6450066314177622 -0.5488318262877722 -0.4606045507723076 -0.3797696475441895 -0.3056960491051366 -0.23773498136747487 -0.1752557664037842 -0.11766646143523495 -0.06442456173547871 -0.015041378813400357 0.030917488097591525 0.07383400586609497 0.11404087200744323 0.15182535004226208 0.18743337898450002 0.221073715994097 0.25292196996895694 0.2831244461274517 0.311801760853898 0.3390522107429061 0.36495489510352114 0.389572600276572 0.4129544588077474 0.4351383979331933 0.4561533907744716 0.4760215207985544 0.4947598661448905 0.5123822060435166 0.5289005473753661 0.5443264660227096 0.5586722554347938 0.5719518740347864 0.5841816837828492 0.5953809742842131 0.6055722700643801 0.6147814227290573 0.6230374943636522 0.630372443416668 0.6368206292202031 0.6424181560621253 0.6472020822274424 0.6512095235834908 0.65447668499775 0.6570378560032037 0.6589244094606292 0.6601638432419228 0.6607789048803765
0.6932161430415388 0.6926116989082269 0.6914499740570972 0.6897273293605195 0.6874319217373487 0.684544146521263 0.6810373750661656 0.6768789535082463 0.672031415425736 0.6664538504307184 0.6601033630831868 0.6529365523101491 0.6449109408892826 0.6359862874376877 0.6261257194465291 0.615296634751553 0.6034713298062702 0.5906273254840235 0.576747374061392 0.5618191436811256 0.5458345881407587 0.5287890195730425 0.5106799088879271 0.4915054433437911 0.47126287213878415 0.44994666954596296 0.4275465411772324 0.4040452929811405 0.379416575248872 0.3536225060105164 0.3266111705641663 0.29831398728074765 0.26864292499119297 0.2374875548680905 0.20471192047966646 0.17015121456380605 0.13360826152498265 0.09484982319522194 0.053602776253537064 0.009550259862288978 -0.0376720271834987 -0.08847907150274009 -0.14333881969523618 -0.20277264936933798 -0.26735270835284397 -0.3376940427258052 -0.4144383252600959 -0.4982244224736239 -0.5896389453085843 -0.6891374471352709 -0.7969246688314525 -0.9127817778922397 -1.0358332224877183 -1.1642612324469688 -1.2950091529733905 -1.4235689674786587 -1.5440108278793596 -1.649438635616978 -1.732971990853103 -1.7891157673964413 -1.815071690230137 -1.8114150107068479 -1.7818014674437221 -1.7318656796062248 -1.667841987002242 -1.5954346996424542 -1.5191898057623567 -1.4423369254083165 -1.3669315810273905 -1.294124409385517 -1.2244411935039425 -1.1580176451058903 -1.0947732452549346 -1.0345288196347493 -0.9770797308569554 -0.9222370813116351 -0.8698472427382348 -0.8197974359690918 -0.7720128095839629 -0.726448724646227 -0.6830807046978262 -0.6418936399118631 -0.6028712235750058 -0.5659861504926675 -0.5311912448997436 -0.4984113487397442 -0.4675354317997705 -0.43840791573097615 -0.4108175441263554 -0.3844811617858414 -0.3590183804120789 -0.3339114367494172 -0.30844388557375146 -0.28161783699111154 -0.2520826048815754 -0.21822646386228267 -0.1788767381723791 -0.13510557995915337 -0.08955591881353869 -0.028537477343113075 0.030015337877416122 -0.0347152313842542 -0.09467143153134126 -0.1380163198934006 -0.1805411689214327 -0.21954259236425255 -0.25360030879773826 -0.2836176286789411 -0.3110329413280182 -0.3370859354281429 -0.36270003355128627 -0.3885395260443924 -0.4150853297617907 -0.44269305086674055 -0.471631680329893 -0.5021082465920621 -0.5342835822448654 -0.5682829499312511 -0.6042040274156181 -0.6421238639473187 -0.6821058104543647 -0.7242069893373059 -0.7684865214785909 -0.8150144038593592 -0.8638805741530543 -0.9152032481290294 -0.9691349965138341 -1.025864143365054 -1.08560780109576 -1.1485910944347917 -1.2150048310572261 -1.2849312714814705 -1.3582255775871426 -1.4343410645083656 -1.5120936709449964 -1.589381590884216 -1.662916635699894 -1.7280842436620922 -1.7791064660964 -1.8096784433593807 -1.8141088634976923 -1.7887095751617537 -1.732903160304151 -1.6495142261927507 -1.544083654167822 -1.4235446506936933 -1.2948423869693508 -1.1639456774289954 -1.0353895184648392 -0.9122466617167841 -0.7963424863261419 -0.6885541939322567 -0.5890984212207628 -0.4977659453071048 -0.4140955085924246 -0.33749426122435083 -0.26731698825308453 -0.2029158093762106 -0.14366974818151343 -0.08900106591827323 -0.03838314816400862 0.008656848668821167 0.05253849777155403 0.09363041013126833 0.1322535087300758 0.1686847494191016 0.20316097549515835 0.23588272389264284 0.2670178833467521 0.29670515649228824 0.3250573098775322 0.35216421532194697 0.3780956972404984 0.4029042060830201 0.4266273394613581 0.4492902308564242 0.4709078217434632 0.4914870271854801 0.5110287980631489 0.5295300757959626 0.5469856283322316 0.5633897499757637 0.5787378028224938 0.5930275746196578 0.6062604269886723 0.6184422092657204 0.6295839166276308 0.6397020764759762 0.6488188539282758 0.6569618753323277 0.6641637775755108 0.6704615002075671 0.6758953466541779 0.6805078497074626 0.68434248468384 0.6874422807648249 0.689848386689947 0.6915986507335702 0.6927262763559474 0.6932586137088539
0.7266411784683806 0.726024982954525 0.7248645118192307 0.7231547484228359 0.7208813676151347 0.7180213652099052 0.714544048199507 0.7104123368516265 0.7055843141662435 0.7000149461760885 0.6936578888764888 0.6864672944819745 0.6783995312318788 0.6694147368221718 0.6594781351973772 0.6485610591615576 0.6366416361801743 0.6237051108663253 0.6097437939548166 0.5947566430728849 0.5787484943972789 0.5617289755767647 0.5437111385110543 0.524709855365885 0.5047400224707995 0.4838146146453227 0.4619426274201415 0.43912693714577355 0.4153620998362205 0.39063209958049966 0.3649080472857699 0.3381458211612537 0.31028363239919265 0.2812394935529374 0.2509085636943194 0.21916034413599914 0.18583570211966957 0.15074370867623768 0.11365829300423096 0.07431474282098814 0.03240612416933333 -0.012420235301755681 -0.06056594339918987 -0.11248398733136777 -0.16867971282210756 -0.22970919383203606 -0.29617318343456517 -0.36870383389899 -0.4479399054686651 -0.5344841305174332 -0.6288337562268653 -0.7312724052273571 -0.8417094825638128 -0.9594553576050927 -1.0829321811990456 -1.2093501219850071 -1.3344348352369084 -1.452368408589881 -1.556161354388265 -1.6386187589997725 -1.6938152678509282 -1.718610503222357 -1.7135083585498831 -1.6823964746074842 -1.6313107288093454 -1.5668618998856005 -1.494971910065595 -1.420215697699933 -1.3457083432513244 -1.273317064331737 -1.2039898723628377 -1.1380723835650992 -1.0755584869306885 -1.0162659375309657 -0.9599481225666173 -0.9063585249226961 -0.855282987150597 -0.8065514073230846 -0.7600370525758654 -0.7156489352593283 -0.6733207223833304 -0.6329982915337568 -0.5946271195751346 -0.5581400323200618 -0.5234453262792081 -0.4904147953280922 -0.4588706642386824 -0.4285697527724736 -0.399182263838658 -0.37026131502365056 -0.34119775185970735 -0.31115345127504684 -0.27896739807453397 -0.24303825932651713 -0.20121543189111932 -0.15076518105159611 -0.08829258114363635 -0.007943191834017364 0.10867217015416981 0.3021127720602583 0.45643025776850443 0.2964292232434084 0.10378695819898043 -0.010861756747996254 -0.08996592217111028 -0.15198107154500815 -0.20252738634177003 -0.24476986918464178 -0.28126919181999277 -0.3140540073806876 -0.34463975304310723 -0.37412608219218324 -0.40330742189498214 -0.4327632274269772 -0.46292280946918635 -0.4941095211456094 -0.5265705435652857 -0.5604974201351207 -0.596041056207558 -0.6333237173600674 -0.6724496876276569 -0.7135156093377754 -0.7566210210925663 -0.8018791487402386 -0.8494274961460584 -0.8994371264179684 -0.9521185917642966 -1.007721097987105 -1.0665194897922452 -1.1287808646125053 -1.194699129471998 -1.2642822952347719 -1.3371758510726124 -1.4124108659722379 -1.4880857843375974 -1.561036575223238 -1.6266246493104615 -1.6788522735115223 -1.7110275501941377 -1.7170398608306165 -1.6929473825665986 -1.6382238472351331 -1.5560217566290644 -1.4523057362301859 -1.334323708890693 -1.2091186769625404 -1.0825537663076925 -0.9589366487468772 -0.8410787927065879 -0.7305700616334627 -0.6281050109191554 -0.5337743405934409 -0.44729147377131323 -0.36815440540759403 -0.29575469049419834 -0.22944745324277752 -0.16859436888756418 -0.11258866128903723 -0.060868495164298195 -0.012923074361888536 0.03170572019994121 0.07342432736626817 0.11258998011125855 0.14951393545470343 0.1844650182190063 0.21767321609335596 0.2493331774786992 0.2796075358667446 0.30863003011476187 0.33650841845351526 0.3633272013733336 0.3891501783247648 0.4140228676675049 0.4379748198427095 0.4610218511789656 0.4831682206827584 0.5044087651394799 0.524730999400133 0.5441171794465459 0.5625463163477802 0.5799961202146894 0.5964448453746661 0.6118730018159148 0.6262648939776734 0.6396099465320851 0.6519037781015193 0.6631489878930528 0.6733556268622325 0.6825413339484158 0.6907311287486043 0.6979568642278967 0.7042563561543898 0.7096722193111759 0.7142504535667583 0.7180388349375093 0.7210851771987291 0.723435537725636 0.7251324464336049 0.7262132383631574 0.7267085681862285
0.7611770640581924 0.7605544429021815 0.7593779936073785 0.7576415833698052 0.7553291384433591 0.7524154332262829 0.7488672879478625 0.744645113012025 0.7397047206721135 0.7339993120878682 0.7274815405668057 0.7201055501312013 0.7118288923163272 0.7026142328075998 0.6924307723937905 0.6812553227860658 0.6690729960168097 0.6558774852162268 0.6416709333948666 0.6264634043309256 0.610271984810484 0.5931195595124176 0.5750333082358798 0.5560429796538451 0.5361789963397384 0.5154704427055984 0.4939429811839547 0.4716167331436637 0.44850415041312397 0.4246078917324945 0.3999187067804805 0.3744133193796081 0.34805229173991986 0.32077784369379536 0.2925115952703448 0.26315219809318496 0.23257282150734102 0.2006184639009316 0.16710306984169276 0.13180645188570708 0.09447104640470143 0.05479858226693599 0.012446820379774527 -0.03297335253050155 -0.08189999599183775 -0.1348205693093118 -0.19226951731935923 -0.25482104331978905 -0.32307410994830627 -0.3976252864851338 -0.47902318107718617 -0.5676959509908576 -0.6638412193069807 -0.7672668397118294 -0.8771739433167155 -0.9918854119807157 -1.1085507688250953 -1.2229099678044177 -1.3292709361420072 -1.4209133962985312 -1.4910856783623399 -1.5345096614202438 -1.5488919730010258 -1.53567954425947 -1.499576259160428 -1.4470604132685874 -1.3846863793401245 -1.3178807243664752 -1.2504683623006092 -1.1847603976043521 -1.1219095125836331 -1.062306685888676 -1.0059077065027036 -0.9524611700346776 -0.9016496993304055 -0.8531676147008154 -0.8067567220611133 -0.7622165226163237 -0.7193998988712413 -0.6782013048216963 -0.6385416892182776 -0.6003525232947485 -0.5635600934507046 -0.5280704208428485 -0.4937546129504876 -0.4604340199619164 -0.4278641920309717 -0.3957162964391094 -0.36355442261811016 -0.3308072864554303 -0.2967336650525874 -0.2603829488244404 -0.22055468339121811 -0.17575514290645558 -0.12409357855506807 -0.06280938261160136 0.01373031213012046 0.12089129508381403 0.30059407502958957 0.6120925380235043 0.8431830696169723 0.6070529124994553 0.29626652536656 0.11820673132852834 0.012119950978972414 -0.06396027482587176 -0.12525078632612896 -0.17722746175723844 -0.22251279325087195 -0.26288512411549564 -0.2997505466268263 -0.33424293664736615 -0.36726377912628794 -0.39952003749776743 -0.4315619458974942 -0.4638165020784268 -0.4966149409309872 -0.5302146147166884 -0.5648166149681045 -0.60058062388979 -0.6376383019408447 -0.6761062164234166 -0.7160989649578268 -0.7577427379364696 -0.8011890324530005 -0.8466274657262742 -0.8942954705731562 -0.9444808485229597 -0.9975103902123921 -1.0537137172445232 -1.113346102908811 -1.1764483584459196 -1.2426198934346047 -1.3106921978721109 -1.3783301278316211 -1.44167246791248 -1.495239653380157 -1.532406419343992 -1.5466118780086628 -1.533072797438185 -1.4902852636503061 -1.4205220623799566 -1.32907865429892 -1.2227512823937388 -1.1083159975950763 -0.9915179812051657 -0.8766597572197002 -0.7666213538657262 -0.6630977736261789 -0.566896788617681 -0.4782132233585703 -0.3968481450865349 -0.32236970503554657 -0.2542242932660153 -0.1918097112610196 -0.13452116103076703 -0.0817786491373557 -0.03304212722973789 0.012181211231467932 0.05433449415434959 0.09381163184430472 0.13095941393836916 0.16608044767097466 0.1994364492055847 0.23125159787353394 0.26171579004517825 0.29098771002090923 0.31919768624192363 0.34645033292398 0.37282699663733015 0.3983880385670446 0.4231749887141213 0.44721260964527354 0.4705109054683654 0.49306710708103707 0.5148676578589737 0.5358902152399347 0.5561056735979814 0.575480202933269 0.5939772868493907 0.6115597327209578 0.628191617553196 0.6438401254563756 0.6584772274750692 0.6720811521850079 0.6846375963027678 0.6961406286704174 0.7065932483273935 0.7160075677217219 0.7244046050374857 0.7318136845796271 0.7382714604795001 0.7438205959051265 0.7485081466215184 0.7523837132500961 0.755497439982275 0.7578979478860713 0.7596302974411319 0.7607340768240393 0.7612417092385776
0.7968823265965194 0.7962586976157302 0.7950481726893368 0.7932438545795882 0.7908288034373567 0.7877769497932992 0.7840544441408668 0.779621370535278 0.7744337333533122 0.7684456137520428 0.761611385988553 0.7538878837102791 0.7452364122673033 0.7356245143404062 0.7250274117518516 0.713429065054032 0.7008228130966243 0.687211575926733 0.6726076248125155 0.6570319417324089 0.6405132063646465 0.6230864607023207 0.6047915094325773 0.5856711179693085 0.5657690696132693 0.5451281390761659 0.5237880321123745 0.5017833309649574 0.47914147356750764 0.45588078178150104 0.43200854120387067 0.40751912297199894 0.3823921271259611 0.3565905179418876 0.3300587145781539 0.3027205957023115 0.2744773748731638 0.24520530501983887 0.21475317669529378 0.18293958839301538 0.14954999274050054 0.11433356816015612 0.07700004631434612 0.0372167669175622 -0.005393522552387466 -0.05125317867934785 -0.10082680898117195 -0.1546121302435137 -0.21311953312796414 -0.276831994221026 -0.34613193599176684 -0.4211751418423163 -0.5016867370679717 -0.5866608381696446 -0.6739894736714191 -0.7601684817795498 -0.8404266603265171 -0.9096835295765271 -0.9641871915947767 -1.0026338226640978 -1.0256609884546068 -1.0344990720786351 -1.0304137158549884 -1.0149017118342825 -0.9944517372987203 -0.9695079272179821 -0.9444770510760176 -0.9222700673459743 -0.9043245727548481 -0.8928529749450622 -0.8498841693529939 -0.8361182217068455 -0.8111722479141458 -0.7803366260019454 -0.7463953610830563 -0.7106485732656163 -0.6741058307936201 -0.6375698973145666 -0.6015861387192251 -0.5664473902888577 -0.5322479657250462 -0.49895130346344824 -0.4664460004510131 -0.43458087465501594 -0.40318066831978666 -0.37204855206266 -0.34096181262114406 -0.3096654480282829 -0.27786623314138953 -0.24522717304404634 -0.2113575881815207 -0.17578334025838885 -0.13785591113076368 -0.09649867770854474 -0.049550522454979685 0.007854458486230894 0.08721985452251796 0.21611382291830983 0.4561219664406802 0.8697152084219454 1.1546756631545054 0.8645073306803246 0.45194781396160205 0.21361823533620106 0.0857386428028743 0.006826601431528051 -0.05051042931598234 -0.09764747278404905 -0.13934792782337801 -0.17768468061734471 -0.21365820583240522 -0.2478535172974046 -0.28069454705745533 -0.312535366564967 -0.3436900597976163 -0.37444269935742003 -0.40505297330654266 -0.4357621757097495 -0.46679949920960284 -0.49838578868901445 -0.5307295872800977 -0.5640085351515657 -0.5983295933527987 -0.6336670631288134 -0.6697908162740636 -0.7062188436333854 -0.7422548309660374 -0.7772024552178458 -0.8108901002355926 -0.8441876330229996 -0.8626465133395935 -0.8522888686361827 -0.8794568788693591 -0.9049167177939798 -0.930026950600568 -0.9552444538706458 -0.9812165410312136 -1.0121636085176346 -1.028280147463438 -1.0331999660939393 -1.0249963548831107 -1.0024295360994326 -0.964232653129777 -0.9097613798906827 -0.8403742183498322 -0.7599102003019956 -0.6735235575142284 -0.5860266599215747 -0.5009386018591097 -0.42036837572824043 -0.34531732833961315 -0.2760541483435443 -0.2124166554860403 -0.15401624323029733 -0.10036405323123053 -0.05094411954576918 -0.0052534463449454534 0.0371775692296618 0.07677601224260107 0.11392362023790892 0.14895732456522257 0.18217148344237608 0.21382085901339606 0.24412381627951035 0.2732654679838199 0.3014006314707324 0.3286565451601924 0.35513533902742034 0.38091627997409083 0.40605782751705 0.4305995424474189 0.4545638935560254 0.477958006532534 0.5007753954293868 0.5229977110495627 0.5445965325612016 0.5655352188757183 0.5857708252343874 0.6052560785094206 0.6239413925287701 0.6417768929343735 0.6587144103936182 0.6747093921060324 0.6897226751458041 0.7037220618223766 0.716683637344894 0.7285927738955631 0.7394447727894864 0.7492451075566534 0.7580092451393151 0.7657620393685695 0.7725367096988015 0.7783734379129422 0.7833176351160374 0.7874179496645218 0.7907241025556403 0.7932846490587743 0.7951447729531453 0.7963442217828721 0.796915487500769
0.8337649208379996 0.833145208847987 0.8318816803804913 0.8299671045605994 0.827384671267288 0.8241089853833707 0.8201075044796585 0.8153423398520458 0.8097723224863888 0.8033552235248443 0.7960500136255648 0.7878190472095027 0.7786300654822246 0.768457925440485 0.7572859796808439 0.7451070523983517 0.7319239790891235 0.717749699743857 0.7026069164190816 0.6865273448319551 0.669550605099891 0.6517228082578863 0.6330949023488426 0.6137208446103914 0.593655664766348 0.572953479112053 0.5516655065875434 0.5298381271202648 0.5075110100146233 0.4847153268920319 0.46147205040559 0.4377903273230395 0.41366590308350915 0.3890795649161647 0.36399556219443885 0.33835995588536316 0.31209884363795093 0.2851164032186853 0.2572926949710872 0.22848116499560456 0.19850579813228866 0.16715789142074275 0.13419247227176342 0.09932451101201135 0.062225365282598886 0.022520553384200868 -0.02020851891477299 -0.06641265556143001 -0.11653793583403256 -0.17092795167264074 -0.22957936168191284 -0.2915552500947746 -0.3536913058796041 -0.4083687548994561 -0.4423125159029247 -0.44355170365813046 -0.4164308218772288 -0.3803374869284569 -0.35217143741251333 -0.331214313108338 -0.3157159718693506 -0.3030096932944438 -0.2917699665501534 -0.2815392539377778 -0.27234434061859336 -0.26469779778002966 -0.25957364230991353 -0.25819779367999773 -0.26179737612842846 -0.2714681880464226 -0.28817158671432913 -0.3127651943914524 -0.3459528401896745 -0.38805671418128473 -0.4385454070467298 -0.49533931583659124 -0.5541352163748593 -0.6083193396096048 -0.6501369607436088 -0.6731230115394656 -0.6745516763038553 -0.6562643346969155 -0.6235761838215237 -0.583701708856099 -0.5458593669563768 -0.5248331343485776 -0.5120479736379661 -0.3533038898361537 -0.3277446011089293 -0.29340298796090164 -0.2556620194750194 -0.21735873029196381 -0.17792144360041365 -0.13511610918762362 -0.08472605463447072 -0.018768827845257973 0.0789887911892378 0.24378644025542884 0.5480838497045952 1.041799102650414 1.3501441839787525 1.02826018880195 0.5326097750969957 0.23115364097708627 0.06908610374842064 -0.026913682434670357 -0.09203149791958412 -0.14240384104251946 -0.18607232624449793 -0.22762197611897694 -0.27035994681452624 -0.3178983501579883 -0.37679472215838666 -0.46394859192121424 -0.40552066856608027 -0.48545295938395727 -0.5348044832884653 -0.5793321717500897 -0.6206171789060924 -0.6534206339050754 -0.6715349966390951 -0.6699030829298294 -0.6467421345272777 -0.6048044447001728 -0.5505886778072678 -0.49187304728056724 -0.4352652706440242 -0.3850366003324207 -0.34322587329348436 -0.3103292610134198 -0.2860008566759039 -0.2695248186369005 -0.26004131119884594 -0.25659457984102163 -0.2581004669969012 -0.26334733860244686 -0.2711255105150602 -0.2804744779121434 -0.29089039749387113 -0.3023519624932303 -0.31532676082500954 -0.331176762698864 -0.35274526074437923 -0.38440321031744457 -0.4184743527143659 -0.4442922956293526 -0.4424713631640525 -0.40806119568239313 -0.35310343868860383 -0.29084046908092015 -0.22883388696064463 -0.1702112819700058 -0.1158901496203248 -0.06586309383544851 -0.019779574806648038 0.022811803721283067 0.062366410538320566 0.09930700470867188 0.13401197995032194 0.16681370849239072 0.19800081068462022 0.22782174266191968 0.2564886090970352 0.2841807628674354 0.3110480397343644 0.3372136013853646 0.3627764141495314 0.3878134129031119 0.41238140775620086 0.4365187928349545 0.46024711516343686 0.483572558575099 0.5064873931033859 0.5289714344169684 0.5509935504774177 0.5725132436736976 0.5934823262940246 0.6138466955590192 0.6335482019325941 0.6525265915624815 0.6707214911112634 0.6880743916275923 0.7045305782195966 0.7200409448550158 0.7345636292747851 0.7480654023026022 0.76052274911211 0.7719225874162652 0.7822625789741058 0.7915510059153625 0.7998062015691237 0.8070555459149419 0.8133340574207361 0.8186826346831995 0.8231460216204783 0.8267705876050785 0.8296020275209351 0.8316830950706406 0.8330514847893857 0.8337379735573094
0.8717860237968267 0.8711741079498895 0.8698379317190154 0.8677704251696768 0.8649559767692189 0.8613714611140957 0.8569876954616056 0.8517712411356011 0.8456864482668056 0.8386976314442217 0.8307712600740356 0.8218780504059359 0.8119948556683353 0.8011062655535014 0.7892058451520492 0.7762969649351561 0.7623931960533237 0.7475182676269277 0.731705603536009 0.7149974743504953 0.6974438146070897 0.6791007660452804 0.660029013383248 0.6402919807566376 0.619953954347164 0.5990781905032535 0.5777250594778727 0.5559502635593845 0.5338031556624068 0.5113251711634155 0.4885483726026027 0.4654940943743629 0.4421716630289426 0.4185771583702745 0.3946921708747064 0.3704825013243504 0.34589673754908246 0.3208646284287725 0.2952951528525641 0.26907414448688555 0.2420612705536298 0.21408605478069573 0.18494244848910807 0.15438113974761897 0.12209829813733952 0.08771885513594344 0.050772545426140084 0.010666264368335576 -0.033312085436080024 -0.08177165139657783 -0.1339490903720915 -0.18252539048653862 -0.2014696916845181 -0.15402375189590517 -0.06162511108586474 0.004062924175708665 0.015907718075338667 -0.001982183157254229 -0.02395830322973771 -0.041486694012655784 -0.05450101901878661 -0.06445392654343021 -0.07229802180428188 -0.07828902816408126 -0.08226413045490555 -0.08405571798863759 -0.08384087774523508 -0.08222629030615598 -0.08005511796194809 -0.07813592113399008 -0.07708329611343649 -0.07730395876495633 -0.07906311639601321 -0.08256598994814472 -0.08802439429677772 -0.0957035365094597 -0.10595310131349789 -0.11922600073278988 -0.13608323912757536 -0.15717601824343272 -0.18318662014850337 -0.21469881340121597 -0.2519622353351634 -0.2945288871375413 -0.3408003765651739 -0.38765153346924536 -0.4304436005441879 -0.46373629197160904 -0.48265525169083623 -0.48429432894807284 -0.46830463944463263 -0.4363153887120993 -0.39056372610396917 -0.33231829663271184 -0.260230578527736 -0.1679300727953144 -0.03888098864289119 0.16570576423787864 0.5242754398857455 1.0673710190777914 1.3861352425088767 1.072314574282764 0.5287653313235536 0.16901137235311167 -0.03643843561707663 -0.16612293999954542 -0.258924895837054 -0.33142652911609816 -0.3900238010295151 -0.43608270107878655 -0.46834471479480727 -0.48456911239515565 -0.4831051086754256 -0.4642702890440036 -0.4309509220922717 -0.38803109740387737 -0.34098926677885477 -0.29451244509301716 -0.25176490838738685 -0.2143663202432138 -0.18276967763824353 -0.15672006682043818 -0.13562396252989717 -0.11878866187428527 -0.10555375938924785 -0.09535084462795049 -0.08772128408639115 -0.08231096924368458 -0.0788511665117554 -0.0771271820199283 -0.07693157222905235 -0.07799788353489903 -0.07991971030802439 -0.08208491546566715 -0.08368964336750104 -0.08389671536674612 -0.08210467237325804 -0.07813877900208169 -0.07216526560582759 -0.06434243765353954 -0.05440807216067241 -0.04140256283544044 -0.023871827704349095 -0.0019127152739564016 0.01581408751286932 0.003392332264356243 -0.06695363025210248 -0.15532770205202423 -0.20158330204238198 -0.18207057387884146 -0.13333026395890604 -0.0811565587125763 -0.03275805242015405 0.011133763679020069 0.051137335420319036 0.08796888765622728 0.12222459382048802 0.1543775953415478 0.1848057972387119 0.2138158419510719 0.24165982768579622 0.2685465662110447 0.29464927909408395 0.32011103051553996 0.345048702776498 0.3695560075168576 0.3937058403362267 0.4175521792031795 0.4411316650234814 0.46446496647861113 0.4875580093819011 0.5104031366978 0.5329802550997313 0.5552580151476867 0.5771950634454274 0.5987413957039432 0.6198398291379662 0.6404276010210285 0.6604380877420483 0.6798026257626814 0.6984524030460019 0.7163203775072171 0.7333431685764038 0.749462859827728 0.7646286455321095 0.7787982525364653 0.7919390715002508 0.8040289384520729 0.8150565188350176 0.8250212613841755 0.8339329077376574 0.8418105647695714 0.8486813691508858 0.8545787962947142 0.8595406871871709 0.8636070851422734 0.8668179887892156 0.8692111362979986 0.8708199379639511 0.8716716692131424
0.9108635596074994 0.9102617759474476 0.9088327610331887 0.9065701457931218 0.9034606163468162 0.8994849244961722 0.8946192915100712 0.8888371214152219 0.8821109238730388 0.8744143373758332 0.8657241412101639 0.8560221491481742 0.8452968884102718 0.8335449830170237 0.8207721798883697 0.8069939775115462 0.7922358392139259 0.7765329946439502 0.759929852736181 0.7424790661807515 0.7242403004666339 0.7052787694477362 0.6856636039191029 0.6654661199997772 0.6447580505658399 0.6236097961247283 0.6020887420749487 0.580257678030588 0.5581733425950753 0.5358851043738263 0.5134337777319331 0.4908505602551892 0.4681560681923104 0.4453594360635574 0.422457436163593 0.3994335608049399 0.37625699077140057 0.3528813396490418 0.32924299978436544 0.30525878962022907 0.2808223469987296 0.25579818363217627 0.23001119049445154 0.20322693646616055 0.17511270740631513 0.14515752234467827 0.11250672098014491 0.07564651317948647 0.032060597049002416 -0.020055766632719164 -0.06558025794731555 -0.03375261801330141 0.0996590912575209 0.19190311843711302 0.17396921420446262 0.11677773219850263 0.0690316848647521 0.03705581016393121 0.015964439844676277 0.001216285770858196 -0.010035411297312129 -0.019413518406976367 -0.027740850559879585 -0.03524554665627641 -0.041669586800947664 -0.04645195729861998 -0.04908007642763315 -0.04946611667060338 -0.04805640643726338 -0.04560223299024942 -0.04283430848478608 -0.04027641765983213 -0.0382267683013363 -0.036821623861051506 -0.03610838065157122 -0.036099632511266924 -0.036806504607577215 -0.03825783420806788 -0.04051177659028927 -0.04366442386879486 -0.047858272942538554 -0.05329222920877682 -0.0602340638979754 -0.06903547201956779 -0.08014856789412166 -0.0941399179422378 -0.11169245411230308 -0.13357409991999208 -0.16053073186285377 -0.19302720683890415 -0.23072102451141754 -0.27155118113050913 -0.3104684961514039 -0.33823914380765646 -0.3411663118375948 -0.3018091994139581 -0.19747927345426614 0.010668183884087246 0.39253873903536 0.9350508707557459 1.2204903781899241 0.9358417651719493 0.3929829485255391 0.011045771083418865 -0.19717963290471902 -0.30170255450304084 -0.34132269793083464 -0.33864564075309245 -0.3110436187548842 -0.27218896039432233 -0.2313312711637514 -0.19355298667237247 -0.16094679348300753 -0.13387750751509245 -0.11189307723426761 -0.09425353192813787 -0.08019265378628505 -0.06902697131376084 -0.06018833257550921 -0.05322264993302228 -0.04777619331550284 -0.04357923610429373 -0.04043104339376416 -0.038187413422073144 -0.03675064639029231 -0.036061029481361376 -0.03608815422738621 -0.036819240154766196 -0.03823990647593339 -0.0403008728870434 -0.04286410062350446 -0.04563017977783401 -0.04807540586893111 -0.04947108752796245 -0.04906985540405234 -0.046429915329821894 -0.04164222712240464 -0.035219828147591545 -0.02772180561115254 -0.019403003920011295 -0.010031651177098451 0.00121924779359304 0.015978241438124714 0.037100599477256635 0.06913715943445614 0.11695992261521021 0.17410327533180647 0.1914799463775718 0.09389975587120833 -0.034420043438445305 -0.06529683125247027 -0.019563495587665593 0.03250648181874663 0.07601114547604042 0.11278646397317543 0.1453490938870037 0.17521213412445677 0.20323086063872609 0.22991764256442707 0.2556069326615233 0.28053505286216335 0.3048790725523262 0.3287764767560418 0.352335645894995 0.3756417905204874 0.3987605444744639 0.42174029784375805 0.44461382329205335 0.46739949507009365 0.49010227459101385 0.5127145730344235 0.5352170681521005 0.5575795336516256 0.5797617273265161 0.6017143744050286 0.6233802733094156 0.6446955411449465 0.66559100540388 0.6859937366186597 0.7058287043516828 0.7250205264902967 0.743495269986822 0.7611822506911038 0.7780157715414152 0.7939367328509962 0.8088940464009637 0.8228457870173218 0.8357600215527992 0.847615265738946 0.8584005339636377 0.8681149651096237 0.8767670283201946 0.8843733348351629 0.8909571045414224 0.8965463571378764 0.9011719162840534 0.9048653292954971 0.9076568135438332 0.9095733427044199 0.9106369808015847
0.9508763227087086 0.9502850435964987 0.9487426588240133 0.9462440651618224 0.9427793328116064 0.9383346474389924 0.9328935905219307 0.9264386784828286 0.9189530670809297 0.9104223200587352 0.9008361402394349 0.890189966822896 0.8784863537414046 0.8657360595109417 0.8519587977306434 0.837183617832773 0.8214489064637197 0.8048020196809849 0.7872985738446217 0.7690014377643296 0.7499794796960695 0.7303061298201422 0.7100578218124624 0.6893123762467919 0.6681473842619339 0.6466386427949847 0.6248586834255363 0.6028754262578229 0.5807509790347163 0.5585405905058975 0.5362917565040431 0.5140434675274224 0.49182557783687875 0.46965826746913214 0.4475515583316368 0.42550482962518854 0.4035062475834975 0.38153196130521144 0.35954477927722595 0.3374917368514648 0.31529927400068236 0.29286312853513996 0.27002614876813663 0.2465274516383101 0.2218810743699222 0.1950767680745034 0.1638449347681136 0.12313809550956738 0.06552749391478084 0.013493065180542869 0.09632893625732808 0.26752532057104617 0.2892678534926926 0.20859845972319566 0.1335414014251743 0.08497477502816979 0.05499422147005797 0.03572382064636008 0.022448714336725063 0.012523972959017603 0.004423245396105712 -0.002781788390707361 -0.009665873154189552 -0.01652258437265766 -0.02331910701805944 -0.029613573291262525 -0.034609025335520745 -0.03751048031331625 -0.038028558947532626 -0.03656408584710615 -0.0339133813780101 -0.030846840291324302 -0.02788944499894845 -0.025314324846210344 -0.023223305729296886 -0.021627290368600977 -0.02050014668334229 -0.019808706804671346 -0.019527752943427047 -0.01964722895570214 -0.020176225740675627 -0.02114639748892176 -0.02261647759221512 -0.02467923691925896 -0.0274723828639855 -0.03119548163221882 -0.03613605584486416 -0.042709680494213864 -0.0515211664475034 -0.06345596925099843 -0.07980870941023988 -0.10243339101846441 -0.13380333681019144 -0.17653082863142577 -0.23090612172755703 -0.28697093432033344 -0.30716520288126636 -0.20873711671500444 0.10950541244225925 0.58603148135876 0.8172970308702997 0.5864635289439237 0.10983090586356781 -0.2085669176408539 -0.3071889416655975 -0.28715790361323024 -0.23116568316061378 -0.17679039075379985 -0.13402780251494084 -0.1026123926851086 -0.07994330643428436 -0.06355125832498532 -0.051583036320752285 -0.0427436412668558 -0.036146968021300595 -0.0311876269413286 -0.027449629449422332 -0.024645194316743172 -0.022574601463414445 -0.021100033887186363 -0.020128598965774146 -0.019601383848103972 -0.019486464843658256 -0.01977437123283578 -0.02047465614201779 -0.02161189796513752 -0.02321846697114361 -0.025319506770692307 -0.0279029094203137 -0.030865465798815717 -0.033932702010496904 -0.0365788565614903 -0.03803412591161232 -0.037504713173309064 -0.03459363044796579 -0.029593453448872663 -0.023300027959402177 -0.016508954305783623 -0.009659855908628978 -0.002783497756077115 0.004415252758901901 0.012512432732292782 0.02243787338105556 0.03572038466907367 0.055009466395129464 0.08502814466848166 0.1336618709684316 0.20879223197691008 0.28934246417690485 0.26672721964613655 0.09528885490770345 0.01362871346698428 0.06584152108951347 0.12338780153032204 0.16402630997299913 0.19519846907948168 0.22194533906466024 0.24653391521390577 0.26997416953584275 0.29275270074540233 0.3151313742126114 0.3372684643441201 0.35926942113594623 0.38120902767715453 0.4031414915653714 0.42510525447528624 0.4471254099358105 0.4692150079143067 0.49137583499649806 0.5135989551765897 0.5358651594724047 0.5581454097114286 0.5804013319561628 0.6025857995548329 0.6246436360593309 0.6465124601709157 0.6681236865983439 0.6894036875113166 0.7102751090312145 0.7306583261727746 0.7504730083198631 0.769639756320625 0.7880817623487198 0.8057264355586645 0.8225069310020712 0.838363516924307 0.8532447169363175 0.8671081689685245 0.8799211524266405 0.8916607483698052 0.9023136143167708 0.9118753746609011 0.9203496485880005 0.9277467585706757 0.9340821825406775 0.9393748302362055 0.9436452375520787 0.9469137807295083 0.9491990139543586 0.9505162288747557
0.9916689949345517 0.9910863040023811 0.9894099064340368 0.9866365342948261 0.9827606753769954 0.9777753974766976 0.971673438666416 0.9644484922961948 0.9560966041833552 0.9466175940725611 0.9360164140548606 0.9243043628413542 0.9115000858115165 0.8976303055326149 0.8827302447312453 0.8668437221873759 0.8500229204403551 0.8323278413932752 0.8138254808989268 0.7945887654685021 0.7746953028745973 0.7542260034105253 0.7332636299600417 0.7118913331028226 0.6901912226969668 0.6682430203482436 0.6461228285896765 0.6239020431788111 0.6016464253812472 0.5794153420798333 0.55726117352772 0.5352288818085602 0.5133557273981224 0.49167111561105803 0.47019654635717933 0.44894562282789857 0.4279240319200875 0.40712930484298654 0.3865499125534276 0.36616262881145345 0.3459255378116237 0.3257600401650174 0.3055043553425035 0.28479029460381616 0.26270442606597183 0.23682837373529828 0.2006523119037968 0.14009214672298903 0.06941095632175565 0.1681334595619055 0.3516271851936481 0.326487332430485 0.21989957055473788 0.14077282579827344 0.09329885455325666 0.0647693621596849 0.046670320153888285 0.034399892500503924 0.025484087058109325 0.018529782164123362 0.012697144331325296 0.007433527379360091 0.0023360205691356183 -0.0029123561131555557 -0.008539838545839763 -0.014590975102038162 -0.020733169995378616 -0.026119802409668425 -0.029662132330528508 -0.030733814840560803 -0.029597606837577804 -0.027093789918146562 -0.02407311240386508 -0.02110407498966562 -0.01846874389923854 -0.0162624960597464 -0.014485931988726709 -0.01310233219941244 -0.012067468697583957 -0.011343240886114268 -0.010903335446959778 -0.010735632532053693 -0.010843909127547473 -0.011250327588440624 -0.011999870951192754 -0.013168097120372809 -0.014874349634747671 -0.01730416302216266 -0.020747735377008133 -0.025667528662973386 -0.03282050651919841 -0.04348575511186894 -0.05989762982057224 -0.0860645661603737 -0.12916314237246246 -0.20074021596879746 -0.3099820378561141 -0.4159206804826289 -0.34095020240531126 -0.023432330626637632 0.1547953883198071 -0.02345828238196629 -0.3410828064944563 -0.4161132279727718 -0.3101725182602749 -0.20089549222377795 -0.12927987546676067 -0.0861500669930507 -0.059959855307661306 -0.0435308803456518 -0.03285289797411641 -0.02569018481369855 -0.020762708928318295 -0.01731288531548836 -0.014877867357054275 -0.013167242075492119 -0.011995378767083585 -0.011242915727074553 -0.010834321032397856 -0.010724652986755994 -0.010891781574319165 -0.01133193307429436 -0.0120571855485762 -0.01309375277361783 -0.014479566509560556 -0.01625860228964284 -0.018467221052230403 -0.021104324169407537 -0.024073864345428388 -0.027092954058060604 -0.029592325359193344 -0.0307210798442982 -0.029640239257064653 -0.02609002677808888 -0.020699927434326585 -0.014559724512345051 -0.008514626503653467 -0.002894946386813327 0.002345634574237584 0.0074362932533054045 0.012694372810017783 0.018522884299469827 0.025474539391590733 0.03438937567986486 0.04666106555503701 0.06476487384943685 0.09330535775950367 0.14080156846266306 0.21996497948021956 0.3265645854328705 0.35149467349484587 0.16759018843344398 0.06943776461578577 0.1401741013828152 0.20071375475916547 0.23686968278041387 0.262727534574415 0.2847954864787657 0.3054915204487484 0.3257291872880017 0.34587696095444154 0.36609696481124065 0.3864681656716716 0.4070328603889952 0.427814664766652 0.448825501655822 0.4700682328061912 0.4915375569165452 0.5132202408638097 0.5350951293970115 0.5571331248897287 0.5792972244865199 0.6015426592824158 0.6238171625064429 0.6460613854707531 0.668209474591257 0.6901898172666904 0.7119259577732431 0.733337676396198 0.7543422160185075 0.774855630800957 0.7947942220423384 0.8140760175007142 0.832622243115325 0.8503587308953044 0.8672172043606757 0.8831363838270884 0.8980628583271423 0.9119516791414708 0.924766641597081 0.9364802365329239 0.9470732699247408 0.9565341676466997 0.9648580010839123 0.9720452870118631 0.9781006305003028 0.983031291298137 0.9868457610986563 0.9895524404385301 0.9911584993127454
1.0330580308249546 1.032479508388484 1.0306485831514944 1.0275643770953247 1.023226740768138 1.0176369146766473 1.0107983697228586 1.002717767378546 0.9934059722178936 0.9828790463217582 0.9711591569351113 0.9582753352086417 0.9442640341583725 0.9291694471716733 0.913043563375639 0.8959459518320505 0.8779432817529224 0.8591085997836269 0.8395203971042179 0.8192615080918588 0.7984178882473513 0.7770773219312618 0.7553281103164584 0.7332577871746372 0.7109519051570131 0.6884929286962675 0.6659592622025018 0.6434244345316663 0.6209564534325394 0.5986173374418987 0.576462827999863 0.5545422816861105 0.5328987412503905 0.5115691832860327 0.4905849362202451 0.46997224494466994 0.44975290298563597 0.4299447162389178 0.410561138972307 0.39160828830184075 0.37307444423555514 0.35489835207233 0.3368763993496809 0.31838566389888395 0.2975241893725888 0.2683957499797171 0.21421698991167626 0.12280608022674647 0.18092336635090783 0.3881287849832952 0.356769760662651 0.23557773016643588 0.15077402154389685 0.10172858427928234 0.07292082997628649 0.0549837395956565 0.043085812411462796 0.034706004218688004 0.02846745029340291 0.023581248278650806 0.01957780434973623 0.016172327294907907 0.01319321365622312 0.010534265646120318 0.008096708326864113 0.005681351786220555 0.002832627497724713 -0.001140743836133093 -0.006501615720561807 -0.012162385742399175 -0.01624718975858088 -0.01782208328826117 -0.01732044540466348 -0.015679518336884028 -0.013655411492972076 -0.011675062865753122 -0.009924999747985988 -0.00846086038583346 -0.007279510358211158 -0.006357404146166286 -0.005668817120115521 -0.005193981298550442 -0.0049228544017714095 -0.004857575220641671 -0.005015358422304215 -0.005433179894616863 -0.006175866566495193 -0.007350211149119415 -0.009129988782238481 -0.011801597870407885 -0.015850808779261663 -0.02213636063594776 -0.032259348230155485 -0.04940646486035538 -0.08042406051100534 -0.14123129226798825 -0.27037503471307633 -0.5442090708724338 -0.9303740242720563 -0.9449489627249252 -0.7727968612395009 -0.9457489512950121 -0.9312034134041935 -0.5446533104608781 -0.27061220313547973 -0.14138114040716587 -0.08053216084251504 -0.049491844154940685 -0.032331223683907936 -0.022199802479428057 -0.01590892927128306 -0.01185649317525915 -0.009183166777016725 -0.007402784492336769 -0.006228632581139409 -0.005486646862510857 -0.005069750648996186 -0.0049128357064072165 -0.0049786562262028825 -0.005249753703985172 -0.005723788422068913 -0.006410660433274067 -0.0073300662522183336 -0.008507735951863032 -0.009967296306615721 -0.011712030442614568 -0.013686501324256136 -0.0157044093069553 -0.017339005453964995 -0.01783415653765822 -0.01625207872378684 -0.012158351832003977 -0.00648676531491197 -0.0011157919986151399 0.00286310172842201 0.005711418686205949 0.008122055023160699 0.010552964070867372 0.013205045203541682 0.016177930783185093 0.01957810090127614 0.023577124034171566 0.028459578716335053 0.034694708074664835 0.043070884424728034 0.05496412794781044 0.07289404458876868 0.10168967489917796 0.1507148905867169 0.23549591623557675 0.35673956933073947 0.38853914714327853 0.1815630994336524 0.12262504062989778 0.2140852624467456 0.2683336988912754 0.29749871947532336 0.3183857754974072 0.3368991018222828 0.35494276602087704 0.3731400338888681 0.39169431504493857 0.4106664763012084 0.43006777938907126 0.44989161885736345 0.4701240391529831 0.4907467304532576 0.511737401785913 0.5330693273241961 0.5547107259910685 0.5766242106790123 0.5987663862522177 0.6210876198661583 0.6435319895768726 0.6660374127988525 0.688535955087405 0.7109543182336998 0.7332145035523355 0.7552346413624224 0.7769299713311563 0.7982139510970666 0.8189994630493582 0.8392000819863634 0.8587313602862637 0.8775120828355817 0.8954654418379732 0.9125200822068527 0.9286109718063004 0.9436800574239805 0.9576766768906685 0.9705577098263484 0.98228746348882 0.9928373053252478 1.0021850691172445 1.0103142760017518 1.017213224050374 1.0228740094544264 1.027291547797596 1.0304626647462818 1.0323853214234737
1.0748382032697346 1.07425683339797 1.072251238603652 1.068823453894823 1.0639795206721812 1.0577299461515468 1.0500902434262307 1.0410815080125664 1.0307309822366204 1.0190725580826245 1.0061471720783628 0.9920030520696526 0.9766957847138711 0.960288183408704 0.9428499482785272 0.9244571218752501 0.9051913555773319 0.8851390115805361 0.864390133317718 0.8430373227625432 0.8211745662094866 0.7988960508135424 0.7762950126333882 0.7534626535122545 0.7304871593251145 0.7074528464711094 0.6844394575938555 0.661521621992308 0.6387684916652895 0.6162435610342999 0.5940046776807026 0.5721042533454321 0.5505896889693175 0.5295040335035945 0.5088868991607464 0.4887756426523788 0.4692067565635665 0.45021719772730917 0.4318447312097035 0.4141244793970819 0.3970732667871654 0.38063604078668223 0.36451181197557464 0.34757675395807863 0.3258885677861799 0.2859842536918389 0.19658753872619586 0.16012781401846532 0.3820790588436247 0.3945162332710228 0.26279011625476334 0.16666205084241226 0.1123316476970248 0.08131136563410422 0.06252473353761909 0.050431650906591366 0.04222236752444904 0.03640397663618221 0.032151913004925564 0.029010530213045456 0.026757150512281065 0.025352864888436397 0.02495218137466823 0.025964971092336475 0.029158790983648777 0.035710705042344054 0.0468330094951831 0.062063104579510975 0.07591670369073503 0.07805013641260877 0.06413181141458571 0.0429059554068848 0.0248483552741834 0.013281518862914093 0.006930077733505187 0.0037601898233973335 0.002307875630692579 0.0017219420450547245 0.0015463722615936468 0.0015437504150381878 0.0015900728910539647 0.0016177659895786033 0.0015853999979835772 0.0014609581131274762 0.0012113648235216722 0.0007940786996360489 0.00014781341184938804 -0.0008206122390211571 -0.0022577701043739115 -0.004401818048354411 -0.007654970505416353 -0.01273065192473645 -0.020977025181988084 -0.0351605609677003 -0.06159844840111893 -0.11677457599876107 -0.25036932939325657 -0.6230071647915991 -1.5606523623563822 -2.2323354357017338 -1.9487837903230478 -2.2340346544908427 -1.5617269290100242 -0.6235270956094693 -0.25074824174011445 -0.11706322041102532 -0.06182447085742401 -0.0353465191768778 -0.021138100962234733 -0.01287661185926203 -0.007792330104931784 -0.00453521714881033 -0.002390703933617405 -0.0009557672134935802 8.443047316741142e-6 0.0006491832789208563 0.0010603520931043494 0.00130398294545272 0.0014233634739241018 0.0014522674567199884 0.0014233066475599614 0.0013783442066635752 0.0013851676975481612 0.001567716948500806 0.002163005200946158 0.003626239855997082 0.00680733335369519 0.013168534469457427 0.024741944710516037 0.0428029275587674 0.06403457769026391 0.07797386404665183 0.07588270878311254 0.062075431986777535 0.046873056041835726 0.03575553025028487 0.0291941253052012 0.025985785888080135 0.024958881321895325 0.025348076903429204 0.026743944896875593 0.02899160890401826 0.03212926606174879 0.03637869595924887 0.0421944290694367 0.050399497698768995 0.06248440168679969 0.08125465876230496 0.11224262197230159 0.16651338774965957 0.2625692732931964 0.39448180731324844 0.38439489440351104 0.16063945555411877 0.19613607139253345 0.28575923525274816 0.32579959681159 0.3475664817591506 0.36456496345253997 0.38074852827092553 0.39724323545516127 0.41434984829607613 0.4321224478584868 0.4505429776474396 0.46957497665854314 0.48917929414801703 0.5093175737123722 0.5299519372699536 0.5510436866418076 0.5725519467381093 0.5944325244072172 0.6166370388994107 0.6391123139093868 0.661800007454818 0.6846364581560058 0.70755273175588 0.7304748555755481 0.7533242299072576 0.7760182041837776 0.7984708026394142 0.8205935797396933 0.8422965805764318 0.8634893763563808 0.8840821406729045 0.9039867289923197 0.9231177221816875 0.9413933953065435 0.958736575551834 0.9750753580172138 0.9903436551826736 1.0044815647266805 1.0174355506301742 1.0291584435013736 1.039609277082384 1.0487529881671858 1.056560015882788 1.0630058427273217 1.068070523308027 1.071738246945615 1.0739969770252236
1.1167895078031158 1.1161957149213655 1.1139959300916145 1.1101955798122354 1.1048075865096232 1.0978525943361455 1.0893591692636169 1.0793639470073082 1.0679117016925073 1.055055309848065 1.0408555881646133 1.0253809891724994 1.0087071461104378 0.9909162662018748 0.9720963797196773 0.9523404600010227 0.9317454364376068 0.9104111279785746 0.8884391285472627 0.8659316778383552 0.8429905512320811 0.8197160011858707 0.7962057797090987 0.772554267763118 0.7488517330974107 0.72518373361933 0.701630679423278 0.6782675636278447 0.6551638707820561 0.6323836724562959 0.6099859234404835 0.5880249794348459 0.5665513686509974 0.5456128645756839 0.525255920732412 0.5055275248402055 0.4864774610252951 0.4681606911078609 0.45063864811023424 0.43397533535207145 0.418214841419812 0.4032957465956467 0.38874603463974156 0.3725684680536878 0.3470071122402444 0.28497699837130563 0.17431263123064836 0.28271335583605917 0.4331543673182564 0.3063208737290364 0.19146582476731 0.1267337592956046 0.09099719951409044 0.07012850782891464 0.05719629305547567 0.048795841149880975 0.04317158586863352 0.03937937396923137 0.03690980701374631 0.035518964854814095 0.03516418453519411 0.036009745582898905 0.03850509016459977 0.043574206153768225 0.05300930515317842 0.0702520812503859 0.10183458029762268 0.15940920189361607 0.2593513837046577 0.40659985745687305 0.5475356279039378 0.5681471792165003 0.44923392269924467 0.29917617647095496 0.1884628050683074 0.12061567323815948 0.08090800914450906 0.05738873982175084 0.042968329545054945 0.033743659082526016 0.02757176783515537 0.02324614314543315 0.02006052418906689 0.01757976190329333 0.015516194055655573 0.01365902907364603 0.011829383844835263 0.009845377089054705 0.007485923689396153 0.0044405087506916 0.0002232754203071799 -0.005995990670870307 -0.015764199041456553 -0.03226269062525749 -0.06285150068243306 -0.12698444635328043 -0.2834616825972213 -0.732126597631535 -2.121820048121325 -3.9276504732769997 -3.3366695065565204 -3.9301150200246684 -2.122020816387791 -0.7323402764363804 -0.28397132733068015 -0.12753081330292032 -0.06333002723012703 -0.03266447825203068 -0.016107090044873054 -0.006299528357417244 -5.66870480896986e-5 0.004172078233249544 0.007219782083003005 0.009574343954040382 0.011547923374009363 0.013363061484451832 0.01520303124064764 0.017248089133286508 0.0197103811542371 0.022878888375816035 0.027190043858782306 0.03335142002315586 0.04257106779100948 0.056994202811475846 0.08052803815683265 0.12027038961614257 0.1881879210599633 0.2990229398958926 0.44920444607581156 0.5680378272559665 0.5471207504409519 0.40609165319515234 0.259051770490167 0.15932537498436028 0.1018351161724132 0.07025304703161597 0.052984668351942044 0.04352332543516425 0.0384351258725453 0.03592891859606756 0.03507947457575524 0.03543552115254768 0.03683095621995122 0.03930675239369909 0.04310518346688914 0.048733814875059754 0.05713434376390002 0.07005838707081657 0.09090342951680691 0.1265873120037178 0.19122046240559237 0.305999368513012 0.43356534019888837 0.3176469449493842 0.17389846981355087 0.28447752355318506 0.34682497652175787 0.3725396675372126 0.388822981237341 0.40346659959771675 0.41847544316669116 0.43432218642974296 0.451066988786653 0.4686638899321851 0.48704678121396017 0.5061520228863938 0.5259224104389892 0.5463059312209015 0.5672534342571814 0.5887164256508348 0.610645280405024 0.6329878822659724 0.6556886334129567 0.6786877714408466 0.7019209436637512 0.7253190025437992 0.7488079965253945 0.7723093370671388 0.7957401257487998 0.8190136258223025 0.8420398613053675 0.8647263244268262 0.88697876957094 0.9087020693797526 0.9298011068124463 0.9501816760810713 0.9697513657331611 0.9884203988621292 1.0061024085059123 1.0227151306263214 1.038181002413691 1.0524276597038986 1.06538833362228 1.0770021527360716 1.087214362546365 1.0959764786528392 1.1032463930063363 1.1089884540427284 1.1131735409964238 1.115779150299143
1.158684090707305 1.15806591074266 1.1556532915890954 1.1514554758057036 1.1454928065392558 1.1377966962934223 1.128409459435125 1.1173840014562744 1.104783361399674 1.0906801079225692 1.0751555940343047 1.0582990803693741 1.040206741669984 1.0209805756586279 1.000727237391738 0.9795568252441729 0.9575816466787943 0.9349149927820639 0.9116699501589722 0.8879582772413228 0.8638893695289672 0.8395693349908356 0.8151001971104574 0.7905792392173552 0.7660985001865875 0.7417444287137486 0.7175977016151626 0.6937332114378099 0.6702202306652473 0.6471227646907481 0.62450011442111 0.6024076829990861 0.5808980807969519 0.5600226087118724 0.5398332280939492 0.5203851392502127 0.5017400302991821 0.48396973353701717 0.46715882377107276 0.4514005727697268 0.43676646436491234 0.42317796929966134 0.4099077117068141 0.39358240775060493 0.36004623912866424 0.2658555036427503 0.224841966592693 0.4340332497220256 0.3689539500347725 0.23037634784509367 0.14755225047946735 0.10328886394105649 0.07853890927981019 0.06386168759065776 0.05477982223706013 0.04906961117617749 0.04557163788056862 0.043668805478847314 0.043047033289025566 0.04357893175955629 0.04525777095243444 0.04814548644383729 0.0524276901725213 0.05593787597023619 0.056756000304723817 0.047507260512660875 0.014926749461618885 -0.05784282533923301 -0.17568850185364043 -0.31112921060457277 -0.39177204599856563 -0.29037527185683626 0.13043816670834182 0.8339388003763335 1.5071886586754155 1.7005063009046055 1.3238396710755527 0.8748926048758315 0.5609755703645501 0.37167214916905955 0.25873851087019495 0.18907050344411053 0.14408576389376493 0.11361104730055044 0.09192990924538053 0.07567654162288684 0.06273854937229328 0.051664011511075386 0.04131114397335342 0.03060063190220639 0.018278897719112352 0.002597954846999158 -0.019248943285477757 -0.052307164418387155 -0.10666904758411912 -0.2051251345852179 -0.40803941496030793 -0.9154214711719174 -2.5620646030371175 -6.031123164880256 -4.885596892373696 -6.0340613765281725 -2.5602960521147287 -0.9142771910569996 -0.40775654970255376 -0.205395334081155 -0.10721339284908482 -0.05293930105436083 -0.019874058409118038 0.0020130840124769796 0.0177352566586255 0.030085330913731303 0.040806548411289265 0.051151600282955456 0.06220022515148976 0.0750947714843279 0.0912872798503791 0.11288945636583764 0.1432653868437042 0.18812883758061352 0.25765020449711357 0.37040977914822293 0.559496890659217 0.8729582768129238 1.3192292135466304 1.6507270710086737 1.4877674650349646 0.8226840720506441 0.12124013533871113 -0.2964815072156755 -0.39481759167141317 -0.3120764682996762 -0.17551989086670705 -0.057394206716254725 0.014947970247568713 0.04644338674294309 0.0534332526887171 0.04939252015475783 0.04792028387770461 0.04675725328298867 0.04463180854141155 0.04320423527304381 0.0427838660212937 0.043468815641996145 0.04541379475814608 0.048941786899770925 0.0546722083796611 0.06376337639905538 0.07843445039334694 0.10315248065555226 0.1473383926115731 0.2300301276969288 0.3687140752357988 0.43689004210350313 0.22736745224061375 0.2650174206763621 0.3597228715300421 0.39352369425633693 0.4100005524600527 0.4233955491105144 0.4371008414261512 0.45184664764704674 0.4677103495063573 0.48461814558803223 0.5024740271738364 0.5211905048548882 0.5406927622166745 0.5609161329868027 0.581802517551928 0.6032972141270335 0.6253464305787115 0.6478954156691172 0.6708870868080477 0.6942610437365412 0.7179528845590814 0.7418937650437509 0.7660101603964509 0.7902238010851363 0.8144517620109786 0.8386066886974268 0.8625971462825647 0.8863280778062693 0.9097013582266004 0.9326164302571168 0.9549710078282577 0.9766618329669974 0.997585472281406 1.0176391400640286 1.0367215362429598 1.0547336889020291 1.0715797927057784 1.0871680361237703 1.10141141167886 1.1142285043976754 1.1255442541208984 1.1352906872910837 1.1434076132988464 1.1498432795056688 1.1545549777938637 1.1575095940672895
1.2002928737552134 1.1996362620310843 1.1969933080507713 1.1923774354848373 1.1858167928378025 1.177353950289681 1.1670453492988173 1.154960518456002 1.1411810765046593 1.1257995498149882 1.1089180366913207 1.09064675456075 1.0711025082792902 1.050407118516021 1.0286858485039223 1.0060658655000607 0.9826747702362966 0.9586392236646671 0.9340836956423402 0.9091293551297998 0.8838931162854018 0.8584868498445887 0.8330167646881497 0.8075829608465553 0.7822791526561568 0.7571925596810952 0.7324039636669205 0.7079879325999495 0.6840132184660713 0.6605433443538523 0.6376374103380185 0.6153511678133493 0.5937384407367798 0.5728530113135476 0.552751135236978 0.5334948915769221 0.5151565390154358 0.4978237102291634 0.4816038240819467 0.46662067279837915 0.4529760070721278 0.44057028676506915 0.42834292320294143 0.4109590666597326 0.36487909434958854 0.24662115000732143 0.28408850530514357 0.4347380617792068 0.2914838610683639 0.17964771085418932 0.12044327261327059 0.0888695288214594 0.07102698727506424 0.06050968740698507 0.05427678515106561 0.05080783645892228 0.04931868454488807 0.04941043915419067 0.0509106030987512 0.053943998587385175 0.05585590600604645 0.05652909111765273 0.049628883736397476 0.022373549976190468 -0.047863450853703624 -0.18140129557390583 -0.36194563142550995 -0.5271253586685701 -0.6298092131039051 -0.6779857590843151 -0.7015030947770022 -0.7224502192504483 -0.7533373099850442 -0.8020440583350912 -0.8719713153907191 -0.9503217392974467 -0.9793672466416599 -0.8605564875022275 -0.5866821077438878 -0.2873985512724193 -0.05747574718287108 0.08987474274807435 0.1684744656474661 0.1921375664141189 0.16055339503940325 0.04504917309532125 0.10125868458339873 0.08680080674700533 0.05385077972593035 0.016551459159561008 -0.022875107316969026 -0.06530656421040823 -0.11340436418095914 -0.17227836048075146 -0.25212084365419063 -0.375725305701331 -0.6029676969963444 -1.1327957903355095 -2.8869286092510325 -8.448981899425537 -6.539829464533211 -8.454533352442528 -2.884504336402983 -1.1304242996263207 -0.6010085874047097 -0.3741285988879932 -0.25078689735964055 -0.17105921451302286 -0.11209332695530307 -0.06361079629275138 -0.020336774747671024 0.02077910536967307 0.06170987490972802 0.10413368664570594 0.15281053570041567 0.25642764775663085 0.21257127292098912 0.20641979110057787 0.17272613590312502 0.08978029374884941 -0.06027446483546308 -0.29242494933766044 -0.5935493137922142 -0.8678469028654782 -0.9851705057406919 -0.9541421557875049 -0.874192075005904 -0.8029240200488309 -0.752920198787048 -0.7206997478767722 -0.6984052781105161 -0.6736576544613838 -0.624667342936998 -0.5219930752611883 -0.35774463392587497 -0.17861920228158884 -0.04651830134838829 0.022482272412442335 0.04867909056290254 0.05439738448297569 0.05260321156982435 0.050163371097567036 0.049566716428162017 0.0487625148243918 0.04892604009363742 0.0505387675852967 0.05407908285374392 0.060354855894852566 0.07089247779324229 0.08872931007956339 0.12025750040721898 0.17935304819450718 0.2910841665802979 0.4353835866385195 0.35211408457283555 0.24582162443803035 0.3643588664268571 0.4108572736741147 0.42844330758350796 0.4408217692664253 0.4533651303770031 0.46714052985206617 0.48224691854696905 0.4985800106804251 0.5160128188952918 0.5344344560549755 0.5537537080428436 0.5738947245978023 0.5947919192607307 0.6163857138193649 0.6386193002446737 0.6614362493784304 0.68477876023177 0.7085863821815889 0.7327950883882473 0.7573366162267173 0.7821380176863134 0.8071213814245636 0.8322037007599936 0.8572968702738868 0.882307799279173 0.907138634195079 0.9316870844961359 0.9558468487905534 0.9795081389487077 1.002558301134418 1.0248825330778077 1.0463646968984714 1.0668882261329824 1.0863371242380162 1.1045970496513398 1.1215564794800754 1.1371079401142465 1.151149288695883 1.1635850246772121 1.1743276060306105 1.183298740448187 1.1904306185307754 1.195667053926159 1.1989644949637208
1.2413915813928493 1.2406808558879854 1.237791499292173 1.2327414190995563 1.2255668011492526 1.2163215278945483 1.2050762417407606 1.191917087608335 1.1769441802067986 1.160269850034468 1.1420167275651671 1.1223157274074385 1.1013039935993276 1.079122863972848 1.0559159061370926 1.031827070597761 1.0069989983905923 0.9815715118829695 0.955680308594068 0.9294558694662035 0.9030225854039137 0.8764980994523811 0.8499928570187307 0.8236098533034032 0.7974445658077159 0.7715850606061792 0.7461122642305043 0.7211003988351836 0.6966175873560527 0.6727266485876452 0.6494861210624634 0.6269515817473704 0.6051773643259143 0.584218836213655 0.5641354652123259 0.5449949841960308 0.5268789803321695 0.5098899333961542 0.49415813031517564 0.4798402918750539 0.4670753307928852 0.45575159898040796 0.4444308063420197 0.42527060684693324 0.36333228980492 0.26012960712844685 0.4243368934027604 0.37881275090598293 0.2319514785484771 0.146712991216925 0.10308763057224513 0.07968929103081622 0.06652854716134078 0.05908338205195337 0.05520682593596813 0.05385107803604818 0.05455301197845863 0.05657326387035097 0.05950277519043152 0.06184428812281772 0.05929820652514347 0.041110387017819515 -0.013867533991573592 -0.12802692982146202 -0.2871704714682407 -0.4253946509523022 -0.49864338861992874 -0.5229304670290478 -0.526776356136417 -0.5249008364610063 -0.5221811329301994 -0.519822776365639 -0.5180299020829516 -0.5168398671865201 -0.5163366308679139 -0.516684263279207 -0.5181068355364485 -0.52083511950324 -0.5249967963126403 -0.5303927939112303 -0.5360728073219649 -0.5396601784606615 -0.5366866677469259 -0.5210278743336779 -0.4880940380839934 -0.43983276704033125 -0.38573950757987935 -0.33718730491829735 -0.30156772249681507 -0.28143896292897236 -0.2767493943590295 -0.2871205766877024 -0.31345546700976723 -0.35951522133667263 -0.43482195182272876 -0.5621954589331415 -0.8018135056338581 -1.3506907721351347 -3.1494060700728133 -10.95585681355278 -8.249360950504824 -10.955476420062459 -3.141966260050083 -1.3440952431594018 -0.795830152640029 -0.5567650012422382 -0.42997758470502034 -0.3553075555218954 -0.3099267554940957 -0.284298654863816 -0.274653796299512 -0.28010060169331114 -0.301066978745727 -0.33770845035054264 -0.3876057336688252 -0.4434304225239677 -0.49363118316022625 -0.5283094959047335 -0.5451753829527698 -0.548734290944809 -0.5452042403847653 -0.5391799071543456 -0.5331344504844403 -0.5280826368552433 -0.5242693573949176 -0.521604958954059 -0.5198947261566542 -0.5189508855252334 -0.518646011770659 -0.5189322494250692 -0.5198072669317064 -0.5211040177528474 -0.521672824251677 -0.5167653911652966 -0.49197382436833914 -0.41927115497793405 -0.2827604983482942 -0.1257497122084688 -0.013331998283078596 0.040532024024900755 0.058067117829318594 0.06013476541588252 0.057449216299728795 0.054714990892397924 0.05322911857816746 0.05320184201550708 0.054817569440389256 0.05881989099185522 0.06633217029561193 0.07952169429777589 0.10290906751850862 0.1464659557421837 0.23157499942851012 0.37871399730796973 0.4320089277548641 0.2608005371006366 0.3625910953324797 0.42511466569881046 0.44453110058361106 0.4560237649744754 0.4674989398306686 0.48040653722850035 0.49485855811291685 0.5107135618699891 0.5278113665977937 0.5460178455655987 0.5652265165718331 0.5853517578881122 0.6063218838266465 0.6280736737084528 0.6505483362600849 0.6736885844142517 0.6974365111296692 0.7217320325586065 0.7465117349617321 0.7717080143926751 0.7972484351356904 0.8230552583257 0.849045109765291 0.8751287683561078 0.9012110655961144 0.9271908934155394 0.9529613229133762 0.9784098406537783 1.0034187121913865 1.0278654843658133 1.0516236384918445 1.0745634056988944 1.0965527531758759 1.1174585458600879 1.1371478821753642 1.155489594920255 1.172355899633366 1.1876241631931934 1.2011787556658955 1.2129129392459443 1.2227307403443817 1.2305487452709718 1.2362977572161333 1.239924252883833
1.2817659247827218 1.2809843379418848 1.2778342620689003 1.2723383276861084 1.264540845152816 1.254506945315763 1.2423212642499977 1.2280862263634071 1.2119199950917514 1.1939541708700683 1.1743313216967912 1.153202432475984 1.1307243558381186 1.1070573399671473 1.0823626989291137 1.0568006790097866 1.0305285615283255 1.0036990293538421 0.9764588116688393 0.9489476100470896 0.9212972991668971 0.893631387866316 0.8660647210420237 0.8387034002765283 0.8116449011423713 0.7849783679403867 0.7587850722868515 0.7331390307284075 0.7081077890077682 0.6837533978534853 0.6601336292222985 0.6373035160991225 0.6153173483637433 0.594231328898224 0.5741071951264375 0.5550172386521495 0.5370512558016733 0.520325772722865 0.5049943279737403 0.4912502509009738 0.4792813508729782 0.46899095130460605 0.4585841166431721 0.43740113669681013 0.36022310691603315 0.3107754163490958 0.44737980595789345 0.31726578258161303 0.19043143639038815 0.12491280408650392 0.09161862521189368 0.07378094013437322 0.06403523304437068 0.05907582155112647 0.05738374968244702 0.05791847286556792 0.06041140238227075 0.0639550480339075 0.06642688855947347 0.061688032668947776 0.03453988511301187 -0.040567196691756964 -0.1747315669206961 -0.3215484896565776 -0.41794027726463273 -0.4611066908955572 -0.4783100998461665 -0.48644767536892497 -0.4915266409497008 -0.49527682543203144 -0.4981824120596676 -0.5004120221282633 -0.5020642976296303 -0.5032271839834015 -0.5039908094700154 -0.5044498660510679 -0.5047040273278127 -0.5048581360497905 -0.5050223308369755 -0.5053119740058123 -0.5058471934133747 -0.5067518358062573 -0.5081516207907449 -0.5101713259879799 -0.5129310521812437 -0.5165423490396522 -0.5211070961906044 -0.5267276201295922 -0.5335499497358994 -0.5418899788543767 -0.5525361547751793 -0.5673555392967304 -0.5902947374803598 -0.6288496372537319 -0.696687673562421 -0.8206641292799477 -1.0643059507423855 -1.6247766148137985 -3.4319180304744177 -13.219470932948463 -9.978464086020333 -13.217319278196303 -3.422878523903152 -1.6159907571338323 -1.0555039327352742 -0.811832277095583 -0.688046575223547 -0.6208682261737933 -0.5836169383779698 -0.562597577668933 -0.5500911294969113 -0.5418743507599947 -0.5358674041840952 -0.5311559942756233 -0.5273590019719185 -0.5242976740171555 -0.5218532861588364 -0.5199169803444653 -0.518377338655209 -0.5171209457223787 -0.5160361797865178 -0.5150168636987964 -0.5139648531214368 -0.5127914844228699 -0.5114180517574741 -0.5097755266958931 -0.5078037246740673 -0.5054501122608573 -0.5026684171194051 -0.49941693578551094 -0.4956549772567491 -0.49132937972774227 -0.48631659295883456 -0.48018464357978785 -0.47128861077734413 -0.4538056450687979 -0.4112103347865783 -0.31659724200463274 -0.17232563118650404 -0.04032939296195874 0.03355250575716307 0.06022291957283557 0.06484068046008899 0.06234827370976336 0.05893302236578703 0.05680183642837084 0.056483354903514596 0.05858127145836545 0.06371908648360022 0.07355136538813123 0.09141982365603143 0.1246883818574338 0.19010995554655158 0.3169438819568343 0.4496705892997799 0.31852887369915894 0.3593309712012098 0.4371878207334167 0.45867861569638935 0.4692708773057928 0.47971881528586013 0.4918347271226114 0.5057167862595326 0.5211748430884213 0.5380120309913918 0.5560707954433044 0.5752303835841001 0.5953967158971147 0.6164932905277122 0.6384543636796324 0.661220070701242 0.6847329570760747 0.7089354858223459 0.7337682133669231 0.7591684252184548 0.7850690926090101 0.8113980588008832 0.8380773961373285 0.8650228974795603 0.8921436819960725 0.9193419076226365 0.9465125922410088 0.973543553446672 1.0003154829705048 1.0267021763792004 1.052570941417907 1.0777832090087833 1.1021953692034867 1.1256598500995159 1.1480264507834461 1.1691439298521424 1.1888618392900125 1.207032579983222 1.223513640694068 1.2381699678673048 1.250876400303211 1.2615200916796578 1.2700028362604499 1.276243209845292 1.280178439765124
1.3212157590274396 1.3203461833571375 1.3169231752653319 1.310974263269722 1.302551836212502 1.291732013921283 1.2786129706700653 1.2633127846318932 1.2459669046674497 1.2267253378802103 1.2057496670145356 1.1832100061445436 1.159281996830342 1.1341439359786905 1.1079741122260571 1.0809484110370868 1.0532382311360617 1.0250087375173247 0.9964174601089327 0.9676132330057506 0.9387354576538088 0.9099136648772831 0.8812673454255213 0.8529060168682593 0.8249294961573544 0.7974283519424091 0.7704845187738142 0.7441720668521938 0.7185581366030465 0.6937040684022974 0.6696667867524805 0.6465005394439585 0.6242591528159274 0.6029990549804167 0.5827834541270761 0.563688249598443 0.5458104700792793 0.5292800494277429 0.5142744818734899 0.5010285180655925 0.48979540390555293 0.4805415442431549 0.47123023056101876 0.4485314598156034 0.3624929809252268 0.3209212320248515 0.42475378782261036 0.2669266885713961 0.1618505966025629 0.11013851608526007 0.08391527588220785 0.07006757371735342 0.06298932772594545 0.06015604371581021 0.06023302340478952 0.06269666208938325 0.0665749292805376 0.06950103370184665 0.06417990017472625 0.03247964097866683 -0.053342830488867676 -0.19356678310359896 -0.32647031294293544 -0.40514046285530714 -0.44354329634825823 -0.46458799212851876 -0.4787633014134265 -0.4896516830401492 -0.4985389257103343 -0.5060034537991268 -0.5123743167030753 -0.5178693024057119 -0.52264549739523 -0.5268234433794533 -0.5305015472453022 -0.5337658858378845 -0.5366973647494115 -0.5393771816308024 -0.54189115976741 -0.5443333546003738 -0.5468092891894089 -0.54943922626326 -0.5523620560993702 -0.5557407325420434 -0.5597708525592369 -0.5646952085283955 -0.5708294825435183 -0.5786088235898926 -0.5886742649526097 -0.6020370360109799 -0.6203989875204176 -0.6467905258723088 -0.6868439617569676 -0.7512208695731735 -0.8595524990131275 -1.0450142933217914 -1.364815077925365 -1.98840522246762 -3.806859992718787 -14.970763142992386 -11.70990030294055 -14.9653380901861 -3.7957110970473233 -1.9761660060059265 -1.3519172549200187 -1.0330416728970149 -0.8497008622987946 -0.7438312806797123 -0.6818853524050567 -0.6441683615795064 -0.6200177175213074 -0.6037886016714568 -0.5924211929848607 -0.5841749203625014 -0.5779976402227306 -0.5732101597351349 -0.569345162035164 -0.5660628436295926 -0.5631055566407873 -0.5602727089047036 -0.5574063151310853 -0.5543821240280068 -0.5511035649221141 -0.5474969782980192 -0.5435072490187187 -0.5390933080154807 -0.5342231366537719 -0.5288679604208628 -0.5229952788661687 -0.5165602335684227 -0.509494471699573 -0.5016907485693354 -0.4929785655454972 -0.48307524869173046 -0.4714540820347733 -0.4569043348544366 -0.43598667142249947 -0.39849476342683354 -0.3218527762631056 -0.1917892012459138 -0.053945870947957865 0.030735081791412076 0.062228061475856654 0.06772136721997155 0.06502794786009759 0.06136047601629849 0.05919533496385724 0.059247236376883956 0.06244832605798814 0.06972503743078454 0.0836640734576237 0.10990860349542214 0.1615694058179479 0.2665756912279997 0.42551087599673604 0.3941003860581555 0.3616503182111681 0.44827071319918604 0.47131595507062884 0.4808170795743587 0.49022647693725535 0.501603435930618 0.514984122673697 0.5301132457855255 0.546752611573962 0.5647207288717655 0.5838834181002407 0.6041393261354074 0.625408289048762 0.6476230312523488 0.6707233999873964 0.6946523432709207 0.7193530529951812 0.7447668834802451 0.7708317892827923 0.7974811150055616 0.8246426285571143 0.8522377287320181 0.8801807854220716 0.9083785908320061 0.9367299155319058 0.965125175598506 0.993446227238906 1.0215663133856259 1.049350192690045 1.0766544848189061 1.103328266594022 1.129213950951353 1.1541484746868869 1.1779648114430488 1.2004938135531218 1.2215663706638702 1.241015855256214 1.2586808063193489 1.2744077837783723 1.2880543092698005 1.2994917949896658 1.30860835301585 1.3153113739071485 1.3195297663072387
1.3595581069084375 1.3585838093921387 1.3548781447040017 1.3484736488233973 1.3394306233150097 1.32783574924607 1.3138000746565979 1.2974564659646368 1.2789566344917156 1.2584678626402133 1.236169559740805 1.2122497754798793 1.1869017899455758 1.1603208849500488 1.1327013829081793 1.1042340187846447 1.0751036890359487 1.0454876004934637 1.0155538229700232 0.9854602329773333 0.9553538229964963 0.9253703416678201 0.8956342252393333 0.8662587796234499 0.8373465753153724 0.8089900240440616 0.781272116259308 0.7542673125741602 0.7280426007604338 0.7026587544145323 0.6781718630312522 0.6546352514178384 0.6321019784950234 0.6106282168905734 0.5902779888006351 0.571130000049823 0.553287683161593 0.5368938844196667 0.5221509616204708 0.5093406223695103 0.49880180833204163 0.49063183146907313 0.4827736361278583 0.45998081608525787 0.3756503482601847 0.40970360408739726 0.3868581929387158 0.2293413553301921 0.14203840465569964 0.09997854978154688 0.07875865258562925 0.06788761504155053 0.0629384346711299 0.061874771340302157 0.06369344788533364 0.06749157078382827 0.07094191755568649 0.06666562553211801 0.035367297787286506 -0.05280446144269351 -0.19446171644930849 -0.3225436876348397 -0.3986852849041123 -0.44059456477423165 -0.46735682584339816 -0.4870736880521555 -0.502826686856406 -0.5160053878161641 -0.527369885341204 -0.5373872991689786 -0.5463614978144617 -0.5544961934153853 -0.5619312243814033 -0.5687656118237749 -0.5750731705645757 -0.5809135922081687 -0.5863406242613559 -0.591408296942413 -0.5961757788612361 -0.600711245070608 -0.6050950584620947 -0.6094225760490198 -0.6138069989642895 -0.618382921604302 -0.6233116803704116 -0.6287904247608442 -0.6350683914201131 -0.642476937115175 -0.6514862593868503 -0.6628156643900982 -0.6776565220411416 -0.6981467340814451 -0.7284457822665882 -0.7773499130030102 -0.8651015260840209 -1.0415930941289682 -1.4284183535479256 -2.2707222410919656 -4.286920331358648 -16.166337674338678 -13.444379718652407 -16.158131077614527 -4.273322758777279 -2.2556414667208253 -1.4153264676691935 -1.031303767537586 -0.8571778252644087 -0.7715302555861929 -0.7246565630747348 -0.6963771332476075 -0.6778913845088719 -0.6650055777421575 -0.6555352530204356 -0.648238990228155 -0.6423489802727651 -0.6373513491525895 -0.6328781948713157 -0.6286525065488048 -0.6244592315842785 -0.6201296194412101 -0.6155323225682787 -0.6105678085222418 -0.6051642002803805 -0.5992734905852688 -0.5928675269707475 -0.5859334050701434 -0.5784680182813374 -0.5704715253941061 -0.5619394196527653 -0.5528526937905185 -0.5431652439657897 -0.5327870248674291 -0.5215602696887172 -0.509223450107146 -0.4953503992193962 -0.47922717526304237 -0.4595321932459475 -0.4333112739454955 -0.39270583145045695 -0.3189083228997883 -0.19385949726947854 -0.05452241276490947 0.03284102258122778 0.06430891404297433 0.06903181780268658 0.06598705199591551 0.06249060660515679 0.060918040738051675 0.06222781937558812 0.06741446989564723 0.07843624138179109 0.09972413597196347 0.14177837911119442 0.2290189046930342 0.38700457972499847 0.4360727620049454 0.37513991930227636 0.4596972221080622 0.4828503070239482 0.4908918348692305 0.49920730149972115 0.5098796592980113 0.5228148868037765 0.5376723190932411 0.5541670418379842 0.572092904270222 0.591302998716843 0.6116897368148857 0.633170301741403 0.6556767412631772 0.6791492764751547 0.7035317180706369 0.7287682477809391 0.7548010871646901 0.7815687483267889 0.809004670791033 0.8370361190805639 0.8655832620187168 0.8945583869017831 0.9238652252462932 0.9533983850967882 0.9830428996970902 1.0126739145008612 1.0421565442226324 1.0713459387139872 1.1000876004865994 1.1282179972205162 1.1555655091695933 1.181951743742382 1.207193237664668 1.2311035512978328 1.2534957405049416 1.2741851698883098 1.2929926085504182 1.3097475273078452 1.32429149623213 1.336481565262774 1.3461935000818621 1.3533247418095837 1.3577969632726794
1.3966290333978588 1.3955345027800932 1.391539351845792 1.3846811656984046 1.375027887055404 1.3626761912162304 1.3477491689897227 1.3303934230350298 1.3107757058816527 1.289079242082572 1.2654998821084873 1.2402422320640614 1.213515892110689 1.185531919101144 1.1564996071598947 1.126623655665226 1.0961017691472907 1.06512270966092 1.0338648006122249 1.002494862880439 0.9711675501107249 0.9400250406701331 0.909197039070974 0.878801039568248 0.8489428088704212 0.8197170531768773 0.7912082468979822 0.763491616575549 0.7366342944777193 0.7106966839499609 0.6857341165322345 0.6617989358135143 0.6389432268273109 0.6172225429340581 0.5967011988851122 0.5774600525436517 0.5596082525442301 0.5433011638976704 0.5287669454214089 0.5163398970379244 0.5064665776475958 0.4994566367307934 0.4935486879686759 0.47292636688387735 0.4003793261154882 0.453744955245217 0.3493947015848727 0.20216847456977002 0.12822257809047077 0.09297315716476806 0.07543473221874147 0.06686248512685003 0.06361315393485809 0.06407048438809139 0.06715616888584432 0.07082894186238087 0.06857453643643661 0.041908232365857744 -0.04135472512955898 -0.18303985276317503 -0.31536733633978065 -0.397995999975953 -0.44732917301559216 -0.48085374486814875 -0.5062471400591697 -0.526802062462167 -0.5441945161957393 -0.5593958174466225 -0.573006687066817 -0.5854098728914949 -0.596852317331939 -0.6074938042050735 -0.6174375723168424 -0.6267505726329293 -0.6354775274270542 -0.6436511378123968 -0.6512997858619993 -0.6584535084914452 -0.6651486972944194 -0.6714318055523072 -0.6773622707755006 -0.6830148656251037 -0.6884817691038261 -0.6938748217032071 -0.6993287427201209 -0.7050066547139177 -0.7111103127368701 -0.7178994845418973 -0.7257291334167285 -0.7351222064670139 -0.7469170704747146 -0.762581680243241 -0.7849307917605771 -0.8199157624306086 -0.8816164350541883 -1.0081239345717843 -1.3188512994558472 -2.213781292022916 -4.726749488601893 -16.9737994794233 -15.19660685607582 -16.96385858851326 -4.711208767478904 -2.1998867524317367 -1.3083771918518468 -0.9998523237431691 -0.8750958981695677 -0.8150842155337735 -0.7818308739135351 -0.7612620355228483 -0.7473962209443267 -0.7373740016545065 -0.7296772312148667 -0.7234166679398452 -0.7180210262943738 -0.7130919866828738 -0.7083333523722332 -0.703515388038712 -0.6984565468247488 -0.6930139269987976 -0.6870780082465529 -0.6805692780075023 -0.6734354254417907 -0.6656483616781597 -0.6572006520613735 -0.6481011279523128 -0.6383695320579957 -0.6280300608714079 -0.6171035987177095 -0.6055982691141033 -0.593497613924888 -0.5807451593917577 -0.5672231690002858 -0.5527216670276555 -0.5368905247215768 -0.5191601356311389 -0.49859607420747315 -0.47358197069395996 -0.440943242060835 -0.393225773180626 -0.3131600574316267 -0.18383961109868152 -0.04408064929290392 0.038908016858369615 0.06611874775344571 0.0690027732936871 0.06581074147677039 0.06305242215219131 0.06282309078953738 0.06624464465561997 0.07493144446014229 0.0927290015849224 0.12798655654772723 0.20189356160960165 0.34930994365813983 0.46097671651964645 0.40045931176311 0.4726543472736759 0.49361775416123094 0.4996910470844258 0.506829017731073 0.5168192886917429 0.5293556665728949 0.5439901589576849 0.5603856094799899 0.5783104385916392 0.5976055966822208 0.6181581503067642 0.639883486978239 0.6627136941753657 0.6865899097621311 0.7114571690438598 0.7372608256448066 0.7639439754277473 0.7914455279162677 0.819698701280717 0.8486297991782162 0.8781571811382793 0.9081903747818171 0.9386293048919832 0.9693636351240046 1.0002722350009874 1.0312227986968112 1.0620716531348355 1.0926638008777245 1.1228332476658756 1.1524036647371287 1.1811894317618912 1.2089970970843502 1.2356272779845237 1.260877005233623 1.284542494061916 1.306422298936034 1.3263207837545 1.344051813996409 1.3594425549537772 1.3723372424170395 1.3826007808927265 1.390122021089446 1.3948165739703229
1.4322844499095793 1.4310562313009574 1.426768065959576 1.4194625586649567 1.4092149291630802 1.3961311695341077 1.3803454583900292 1.362016950051905 1.3413260809845955 1.3184705503549492 1.293661136228673 1.2671175040752949 1.2390641510624176 1.2097266097735986 1.1793280104771366 1.148086074020749 1.1162105798728914 1.083901327610132 1.0513465867828864 1.0187220107292947 0.986189975310903 0.9538992940977701 0.9219852572899601 0.8905699424250386 0.8597627503301747 0.8296611294524333 0.8003514654157089 0.7719101305695446 0.7444047113101532 0.7178954612313448 0.6924370700212434 0.6680808994772204 0.6448779335668061 0.6228828451396772 0.602159844195436 0.5827914228568514 0.5648918814281982 0.5486287567786159 0.5342567782856031 0.5221678536411409 0.5129370840952316 0.5071714342148799 0.5037775596936426 0.4881082575923773 0.43307172318584297 0.4670191553226839 0.3182123628594234 0.1828565801479835 0.11858568062955813 0.08838707335538598 0.07342565570482139 0.06658291619162156 0.06474373643180889 0.06634058044824585 0.0695788711410649 0.06933728055915932 0.04982411818552698 -0.02198692415190012 -0.16066741997788886 -0.30379190164221315 -0.3997075873688043 -0.45980494990501863 -0.501586739992136 -0.5334632792762026 -0.5593668357118591 -0.581402091017848 -0.600800104597376 -0.6183133088385218 -0.634411532998359 -0.6493901930975859 -0.6634337352433183 -0.6766546024294768 -0.6891182902086208 -0.7008602724784857 -0.711898037384481 -0.7222400676636599 -0.7318928027311917 -0.7408661628220647 -0.7491779567949011 -0.7568573587773818 -0.763947584375118 -0.7705079054389176 -0.7766152092470188 -0.782365444608464 -0.7878755376694572 -0.7932867798101326 -0.798771451186383 -0.8045458994704351 -0.8108962441066005 -0.8182292311394285 -0.8271753818051943 -0.8388078144889474 -0.8551381994150284 -0.880346532670887 -0.9242144220427806 -1.0133226500080612 -1.2356779549265284 -1.9614111084420323 -4.810302456215673 -17.62315211279646 -16.99006200034863 -17.612631557372612 -4.795463089970044 -1.9509495878678422 -1.227650305358979 -1.006744634644876 -0.9189427479401789 -0.8764326263351327 -0.8526643293410151 -0.8378388539532086 -0.8277407592602374 -0.8203151166389553 -0.8144425147944113 -0.8094461421717927 -0.8048753289210502 -0.8004044023345697 -0.7957835471882972 -0.7908145173941064 -0.7853386398576494 -0.7792309062196255 -0.772396909751876 -0.7647708565222563 -0.7563136588083821 -0.7470105558594592 -0.7368679632715033 -0.7259094021808096 -0.714170436475832 -0.7016925613644404 -0.6885159361225627 -0.6746707193835877 -0.6601665083781714 -0.6449789314174863 -0.6290316604797808 -0.6121707435311452 -0.5941257096287464 -0.5744473442018428 -0.5524028791899633 -0.5267878406128551 -0.49554854786648517 -0.45486312778443205 -0.3965269925205949 -0.3031705889678438 -0.16268373293584293 -0.025219452809474765 0.04688241790543063 0.06716311842108037 0.06806268498467569 0.0652739787669278 0.0639663795283479 0.06599409329476061 0.0729606536211274 0.0879471932006619 0.1184899380815699 0.1826624269353617 0.31807964783811576 0.4700094202563109 0.43387714147303597 0.487882037774217 0.503840552858067 0.5073712932300984 0.5132413783326224 0.5225674513186128 0.5347455788322847 0.5491994613401792 0.5655347770544272 0.5834938958350973 0.6029061468160823 0.6236540016736392 0.6456517581793868 0.6688321232655356 0.6931375819012678 0.7185146693991004 0.7449100316376588 0.772267606474581 0.8005265206551704 0.8296194509080829 0.859471292136524 0.889998035774094 0.9211058021319901 0.952690000122484 0.9846346106128601 1.0168116081665644 1.049080551067895 1.081288381487589 1.1132694861401906 1.1448460722759104 1.1758289137534457 1.2060185167668935 1.2352067442865178 1.2631789224805414 1.2897164317679934 1.314599760589956 1.3376119727817013 1.3585425112614395 1.3771912335904408 1.3933725509422208 1.4069195232794542 1.4176877520245892 1.425558908780864 1.430443745679372
1.4664000078464923 1.4650274929741431 1.4604464645693531 1.4527044427595655 1.4418834796997624 1.4280981233806915 1.4114926016193572 1.392237354565345 1.3705250688053698 1.3465663806953367 1.3205854205412058 1.2928153632082153 1.2634941359367953 1.2328604124046478 1.2011499955505025 1.1685926626354992 1.135409516648226 1.1018108604166827 1.067994585283461 1.0341450461321573 1.000432379690598 0.9670122137382547 0.9340257111027174 0.9015998938652457 0.8698481995691694 0.8388712319943987 0.8087576839730405 0.779585428976598 0.7514228028468373 0.7243301295646972 0.698361590341873 0.673567602940489 0.6499979852315512 0.6277063554998303 0.6067565315309019 0.5872322433341776 0.5692524786815373 0.552996590618839 0.5387462994321378 0.5269548438870055 0.5183430948470314 0.5138920501275573 0.513548748803901 0.5056565807279545 0.4692869810739376 0.4691533789591613 0.2945363716646258 0.16938786884538426 0.11230860043488874 0.08536855854882455 0.07239206787844647 0.06689624474020707 0.06606510847803612 0.0679844540572653 0.06887307426337665 0.0567793114302683 0.0013727310337168328 -0.1272026851966061 -0.28360494563428534 -0.39921873747317793 -0.47413432612927775 -0.526432859095741 -0.5662056098054948 -0.598467084166016 -0.6259444582447113 -0.6502168452721072 -0.6722302286597284 -0.6925620064544522 -0.7115665344931863 -0.7294587354854232 -0.746364045572794 -0.7623495571870454 -0.7774444136427043 -0.7916539123619889 -0.8049698136184993 -0.8173782567016423 -0.8288660610176195 -0.8394258304799597 -0.8490600767870202 -0.8577844724281906 -0.8656303063286638 -0.8726462286292028 -0.8788994321154695 -0.8844765335195923 -0.889484612302755 -0.8940531925030837 -0.898338533322135 -0.902532684361374 -0.9068819435529836 -0.9117240090593884 -0.9175637231402947 -0.9252333539296564 -0.9362531803595822 -0.9537163280113714 -0.9847312408860497 -1.048327391117723 -1.207337000689049 -1.742546558771598 -4.401855721055334 -18.26582858946847 -18.852469120159206 -18.255918055755526 -4.3908507933783705 -1.735363444023661 -1.2015106717231 -1.043435845713997 -0.980780390059146 -0.9507878298557199 -0.9344299007988133 -0.9245765398762155 -0.9181034322225067 -0.9134544366728912 -0.9097594380260455 -0.9064757736007987 -0.9032297052363675 -0.8997422698679107 -0.8957935567357201 -0.8912054726856903 -0.8858336561173756 -0.8795638582486242 -0.8723103041422368 -0.8640146516518578 -0.8546447638646248 -0.8441928561872468 -0.8326727901016946 -0.8201164155977685 -0.8065689365379501 -0.7920832945144305 -0.7767135329705475 -0.7605069995716194 -0.7434950408153692 -0.7256814820710777 -0.7070275631413018 -0.6874309152256205 -0.6666942394004309 -0.6444758380522748 -0.6202075703080174 -0.59295293545826 -0.5611504916553589 -0.5221161392259605 -0.47093637817675377 -0.3976967737836248 -0.28432264078448044 -0.12980811582534985 -0.0016191610565364407 0.054430213560981024 0.06726933102919123 0.06691579766843046 0.06533575897485595 0.0663770665905421 0.07200394365571668 0.08505670132968518 0.11200170508523473 0.16943853689481342 0.29448077205035533 0.47056989189532883 0.4707265021536649 0.5054993984116082 0.5136055321190105 0.5140495410909183 0.5185771353589249 0.5272590214824043 0.5391163618997343 0.5534272870128232 0.5697366641614124 0.587760516575107 0.607317055995385 0.6282847839048795 0.6505774692267743 0.6741288871855762 0.698883195286294 0.7247886284446292 0.7517931979457424 0.779841630658576 0.8088730935095761 0.8388194257412225 0.8696037075799927 0.9011390605923724 0.9333276195858636 0.9660596479154571 0.9992127926102774 1.0326514954540935 1.066226592153221 1.0997751442281363 1.133120556971974 1.1660730411754285 1.1984304757207778 1.229979722107751 1.2604984302502442 1.2897573575898817 1.3175232012428886 1.3435619165228914 1.3676424661894349 1.3895409149866271 1.409044755563005 1.4259573269703383 1.4401021678639692 1.4513271352903123 1.459508118127977 1.4645521827912753
1.4988702897851935 1.4973464098521723 1.4924766635370252 1.484313303768659 1.4729447008621472 1.4584931387753166 1.441111808682657 1.4209811358350808 1.3983046003872546 1.3733042269775797 1.346215921054773 1.3172848228598837 1.2867608339577135 1.2548944481782827 1.2219329910233976 1.1881173413666795 1.1536791788934933 1.1188387722031485 1.083803297483664 1.0487656573821411 1.0139037548942276 0.979380168101944 0.9453421683454856 0.9119220265800799 0.8792375597532242 0.8473928805621314 0.8164793296678334 0.7865765896181821 0.7577540055778216 0.7300721723167717 0.7035848954352985 0.6783417082074571 0.6543912437399627 0.6317859632605215 0.6105890984972511 0.5908853241695382 0.5727979272367046 0.5565176663814959 0.5423531921287265 0.5308210096247238 0.5227991181991941 0.5197002764389438 0.5228247876621929 0.5251081853144136 0.5063854988653232 0.4683990204323728 0.2783147413752615 0.16078031704938728 0.10825771924569005 0.08374292497251132 0.07215910503224682 0.06757690310876435 0.06713455656162781 0.06779995248906924 0.06139845889938389 0.023919597366486373 -0.08432252009864154 -0.24941050123296593 -0.39062282792135644 -0.4858202237511531 -0.5519491307829206 -0.6016853691159856 -0.6417334449324955 -0.6757522593667852 -0.705822099946967 -0.7331582016452475 -0.758482715922567 -0.7822266689991426 -0.8046432555260715 -0.8258736648539474 -0.845986911873813 -0.8650051101004218 -0.8829204069474555 -0.899707022692183 -0.915330315055687 -0.9297539376318662 -0.9429456702877623 -0.9548822163408472 -0.9655531019729252 -0.9749637334842345 -0.9831376436459139 -0.9901179774143499 -0.9959683257630304 -1.00077311899404 -1.0046379549665003 -1.007690504267686 -1.0100830931540472 -1.0119989119183899 -1.013665471530628 -1.0153824731602497 -1.0175792659839278 -1.0209365788460207 -1.0266590129458963 -1.0371375738888704 -1.0577560386200522 -1.102654708367042 -1.217701551551114 -1.6078647372422175 -3.7624397174341055 -18.881241225494943 -20.81314484940848 -18.87343539739259 -3.756179357668185 -1.6035501736254654 -1.2140412993245884 -1.0995365458428843 -1.0552279169225416 -1.0352695303236035 -1.0255139922446233 -1.0205604269326893 -1.0179958515013665 -1.0165909675474623 -1.015639045395929 -1.0146846497476656 -1.013403062305888 -1.0115439267585813 -1.0089044020929083 -1.0053166067184547 -1.0006421448326441 -0.9947700529495344 -0.9876161887612663 -0.9791229433463323 -0.9692586303391265 -0.9580161866941008 -0.9454109976854113 -0.9314777737869183 -0.9162664755729667 -0.8998373087940259 -0.8822547911628917 -0.8635808130545622 -0.8438664527722469 -0.8231420197449439 -0.8014043048424575 -0.7785991620840877 -0.7545960338029414 -0.729148281079222 -0.701828041149277 -0.6719144962307139 -0.6381952022793974 -0.5986011409507139 -0.5495081091337546 -0.48429545196777984 -0.39041042558704625 -0.2507617639367553 -0.08659412157760163 0.021848882108836985 0.059949811010220025 0.06686415875107167 0.06652756699447894 0.06716892554042835 0.0718711458717773 0.08352595243993917 0.10807403147641097 0.16058091794250504 0.27788743970322677 0.46915662456903984 0.5080192199304597 0.5250257123078701 0.5228723043227085 0.5198087603676692 0.5229541888738578 0.531019257649746 0.542592324228385 0.5567946020727035 0.5731082814068275 0.591223197765109 0.6109469724733444 0.6321546526220805 0.6547599041424772 0.6786978966208198 0.7039146887476773 0.7303603480705662 0.7579842884541547 0.7867319661015995 0.8165424315613222 0.8473464356510149 0.8790649049142052 0.9116076750275987 0.9448724186063435 0.9787437379009797 1.0130924186965269 1.0477748622190854 1.0826327282858403 1.1174928355799072 1.152167373515545 1.1864544841376727 1.2201392712791717 1.2529952873111885 1.2847865350629437 1.3152700040231726 1.3441987363760437 1.3713253908401153 1.3964062422034398 1.4192055237917216 1.4394999910787243 1.4570835595833358 1.4717718513913016 1.483406474125704 1.4918588555355112 1.497033466957764
1.5296075147646666 1.5279292866489909 1.5227791757188565 1.514213905096196 1.5023275894803032 1.487249391221562 1.4691403633280475 1.448189620502145 1.4246100034006441 1.3986334146360857 1.3705060073843123 1.3404833995178482 1.3088260693647114 1.2757950654604227 1.2416481342903871 1.206636339382111 1.1710012144777406 1.134972464913707 1.0987662063969839 1.0625837103012776 1.0266106101346166 0.991016515246115 0.9559549750409797 0.921563739587904 0.8879652700137725 0.8552674640104824 0.8235645779111881 0.7929383474895542 0.7634593362895972 0.7351885760925574 0.7081796154029061 0.6824811706100328 0.6581407035072924 0.6352094719262947 0.6137500041340271 0.5938477101154045 0.5756298410428298 0.5592980656245143 0.5451873593087014 0.5338774008383091 0.5264075820532998 0.5246539619439005 0.5314770180564622 0.5455752600422146 0.5439323944044931 0.46981156779049194 0.26799549262944977 0.15560631588533472 0.10618945045203237 0.08324347344402921 0.07253486654623699 0.06834684905972442 0.06729387397200315 0.06385050444244472 0.04161567935380955 -0.03800593450276871 -0.197327911211422 -0.3664661272998743 -0.48915254118333007 -0.5739703237943802 -0.6366131820825988 -0.686354134019029 -0.7282934227790329 -0.7652747188903926 -0.7989142022094664 -0.830144284563703 -0.8595042803852537 -0.8872994864387108 -0.9136911240378215 -0.9387492438951857 -0.9624853220762111 -0.9848734509535128 -1.0058649687019374 -1.0253992058108647 -1.0434118367813023 -1.059841651183121 -1.0746361682513268 -1.0877562931083538 -1.0991800871109438 -1.1089056655003022 -1.1169532236868152 -1.1233662190862446 -1.1282117945429615 -1.1315806245517879 -1.1335865091653707 -1.1343662637675036 -1.134080825238078 -1.1329191689786766 -1.1311079495449323 -1.1289325448416516 -1.1267814043304807 -1.1252406494984943 -1.1253055042543376 -1.1288908648913527 -1.1402083777648748 -1.1700972467065665 -1.2529847681174562 -1.5396995500724386 -3.1742409364166595 -19.2068568768088 -22.90264208898469 -19.203206604326695 -3.172077272655978 -1.538013417660756 -1.2514961288872295 -1.1688129471831412 -1.139163816804471 -1.1281220119972262 -1.1248426403365253 -1.125105722566968 -1.126986421950127 -1.1294785252058777 -1.131984349809463 -1.134103794516902 -1.1355402333379878 -1.1360566621708719 -1.1354551283367837 -1.133567518170037 -1.130251998493323 -1.125392177484632 -1.1188973730893843 -1.11070305698251 -1.1007709214215624 -1.0890882471497358 -1.0756664016449904 -1.060538398980971 -1.0437555172809048 -1.025382999315806 -1.0054948520807319 -0.9841677020917665 -0.9614735360428585 -0.9374709275019129 -0.9121939567456089 -0.8856373535605107 -0.8577352012925232 -0.8283283795251568 -0.7971118793589643 -0.7635453481921475 -0.7266949723011057 -0.6849447644694826 -0.6354570601043709 -0.5731523905949761 -0.4888060905353534 -0.36676977580019127 -0.1982711356636111 -0.03911540674335266 0.04076166797959637 0.06329448528537589 0.06694220228059868 0.06811864766937478 0.07237991730603761 0.08313169400984272 0.10610087323643251 0.15552410259706215 0.26791161263776725 0.4699134785764013 0.5449990972369455 0.5455553616931349 0.5315089623304041 0.5247080031898053 0.5264784882986857 0.5339645126523316 0.545290220632731 0.5594157128989207 0.5757606569675711 0.5939893756060574 0.6138994750230459 0.6353629710333357 0.6582937297039801 0.6826285280735377 0.7083154660906134 0.7353065179882206 0.7635525093846757 0.7929995687550504 0.8235865056343014 0.8552427907726837 0.8878869422516923 0.9214252001126324 0.9557504231377031 0.9907411771137915 1.026261010567947 1.0621579348075456 1.098264141538891 1.134396003739738 1.1703544135995307 1.2059255147094445 1.240881883728126 1.2749842090407442 1.3079835003143796 1.339623843551614 1.3696456919275575 1.3977896544998782 1.423800714395511 1.447432777277028 1.4684534220182623 1.486648700937427 1.5018278189386922 1.5138275115104194 1.522515942226036 1.5277959519956172
1.5585399453752065 1.5567088303975003 1.5512909980493532 1.5423472996460619 1.529976970980158 1.5143151763979719 1.4955297401501622 1.473817208828941 1.4493984117177574 1.4225136981760929 1.3934180326564782 1.3623761193570598 1.3296577113052677 1.295533234808583 1.2602698319446672 1.2241278934294086 1.1873581240193523 1.1501991545410324 1.1128756902853538 1.07559716601426 1.0385568638884846 1.0019314424926846 0.9658808226879709 0.930548378875433 0.8960613919009309 0.8625317318217746 0.8300567549399828 0.7987204203563004 0.7685946584036423 0.7397410602123616 0.7122130113177505 0.6860584759241151 0.6613237775419848 0.6380589656766193 0.6163258068497433 0.5962103010962524 0.5778433627309794 0.5614369769171496 0.5473513006373731 0.5362270963295882 0.5292621844208011 0.5287989166361362 0.5393360102154079 0.565973993588722 0.5828674091441399 0.4754704917128007 0.2634418067728613 0.15349779678793216 0.10578296040911643 0.08368509952496837 0.07333350355787899 0.068853359729477 0.06558411170077427 0.05325605872076795 0.0028592276015339917 -0.12993449703589208 -0.3185248020198599 -0.4765013012168798 -0.5871310642585096 -0.6669935726466215 -0.7290249040546186 -0.7805998500021932 -0.8257752614581383 -0.8667966535541136 -0.9049217221384748 -0.9408554773233093 -0.9749825669047971 -1.0074950376251992 -1.0384654228928332 -1.0678905506466083 -1.095719255621759 -1.121871012791748 -1.1462493096382491 -1.1687518608258056 -1.1892788188414243 -1.207739591495218 -1.2240585616053141 -1.2381798225475293 -1.2500709462655313 -1.2597257607610395 -1.2671661165867405 -1.2724426574683596 -1.2756346744244695 -1.2768492161088405 -1.2762197589791342 -1.273904932825292 -1.2700881046046217 -1.264979167343643 -1.2588209329407574 -1.251904723934827 -1.2446046750954483 -1.2374520871571162 -1.2313021283468533 -1.227734803852805 -1.230127070819732 -1.2469811664278803 -1.3047292516049527 -1.5162854494929476 -2.730926690309482 -18.760498523896693 -25.154611985298693 -18.763157450853647 -2.732036983085295 -1.5170463485005603 -1.305365633858117 -1.24751773362479 -1.2305588392469888 -1.2280509588572794 -1.2314919721508024 -1.2375073050880119 -1.2445205005548634 -1.2516806284667088 -1.2584610175236972 -1.2644923056411868 -1.2694878523296909 -1.2732092100761543 -1.275450316319605 -1.276030903700776 -1.2747945436572223 -1.2716089344783994 -1.2663670955456712 -1.2589886708494296 -1.2494208491356198 -1.2376385963950112 -1.2236440236307966 -1.2074648027776476 -1.189151605015195 -1.168774569238836 -1.1464188098188295 -1.122178933069673 -1.0961524355770569 -1.0684316774693905 -1.0390938102285652 -1.008187498147234 -0.9757143242404976 -0.9416010576992485 -0.9056557582148902 -0.8674945159844425 -0.8264133936482149 -0.7811555867033976 -0.7294753379771305 -0.6673126092510322 -0.587283590573193 -0.4764387048050404 -0.31822128428634916 -0.12951310270640312 0.003190501242964331 0.05344810639170908 0.06568417007121809 0.06890393274496777 0.0733583088804585 0.08369648598943022 0.10578808446685804 0.15350335933240472 0.26346130665597917 0.47548368287511444 0.5825679639880031 0.5659882684372631 0.5393434950263002 0.5287943783379495 0.5292471759822174 0.5362029997949824 0.5473191671677569 0.5613977441135969 0.5777980165890435 0.5961599760325245 0.6162718460348136 0.638002955892063 0.661267565819826 0.6860041713417582 0.7121629733255475 0.7396978738978255 0.7685610966868109 0.7986993930420473 0.8300512447169717 0.8625447176418495 0.8960957606660608 0.9306068269760955 0.9659657496458808 1.0020448397225779 1.0387002023577605 1.0757712872860457 1.113080706013968 1.150434359883183 1.187621930565029 1.2244177870921735 1.2605823607423958 1.2958640305956313 1.330001548290562 1.3627270106902964 1.393769364544009 1.4228583989828516 1.4497291514300201 1.4741266222211529 1.4958106651639145 1.5145608977497325 1.5301814580106683 1.5425054270341378 1.551398738323638 1.5567634082265576
1.5856101329962002 1.5836321797978408 1.577963484104536 1.5686686080075758 1.555851246176751 1.5396516864115577 1.5202434664708915 1.4978293714382551 1.4726369374744563 1.4449136389364874 1.4149219365050423 1.382934354974005 1.3492287421701694 1.3140838370180796 1.2777752472142785 1.2405719075684003 1.2027330609262747 1.1645057765816003 1.126122997712165 1.0878020907311503 1.0497438561621089 1.012131952956779 0.9751326859496726 0.9388951090156727 0.9035514039926639 0.8692175071649285 0.8359939710076839 0.8039670695736358 0.773210183144186 0.7437855354460231 0.7157464124293496 0.6891400797807951 0.6640117647823215 0.6404103315589851 0.6183967690997123 0.5980575679767396 0.5795270229032318 0.5630267465299484 0.5489404616483401 0.537966189687881 0.5314508375742928 0.5321798967426931 0.5462433481224508 0.5852371618121024 0.6236561648105986 0.4873210828915548 0.2639694463826305 0.15404129017694826 0.10682594295248596 0.08492015200086275 0.07435927938282273 0.0686423929855052 0.06067071906624116 0.032252144210397696 -0.05987353076093914 -0.24224143469292014 -0.4378565468502963 -0.5840833202609506 -0.6877370362315038 -0.7658322769190303 -0.8292938875166277 -0.8841634815471783 -0.9337145422996742 -0.9797317267171873 -1.0231885799037634 -1.0646012841298815 -1.104217642751677 -1.1421220456392396 -1.17829662090158 -1.2126588968844734 -1.24508651766287 -1.2754346249227964 -1.3035489499861235 -1.3292762712333688 -1.3524731148088722 -1.373013129242702 -1.3907933055425132 -1.4057390698134575 -1.4178082060889188 -1.426993550425444 -1.433324419672483 -1.4368667905305392 -1.4377223207140288 -1.436026402291704 -1.431945562270599 -1.425674694570201 -1.4174348635880034 -1.4074728595644477 -1.3960645283097814 -1.3835256514348135 -1.3702380719450407 -1.3567081635552214 -1.3436992209116938 -1.332549723239046 -1.3260188336137033 -1.3308822812718262 -1.3677564011069154 -1.5224631021553354 -2.4218493426712078 -17.142626430132392 -27.609685637502665 -17.152321939796444 -2.4255927358470446 -1.5254555612087444 -1.3703841607155094 -1.3331379283750324 -1.3278435028740263 -1.3338793751582994 -1.3444774298882212 -1.3568920902580048 -1.3698022429008354 -1.3824645659505288 -1.3943943029205101 -1.4052319093920942 -1.4146835762890466 -1.4224940679621758 -1.4284348178885964 -1.432299640512877 -1.4339043408311398 -1.4330882550352653 -1.429716590445786 -1.4236828605750431 -1.4149109508422422 -1.4033565005607391 -1.3890073919354695 -1.3718832161645218 -1.352033646826548 -1.3295356911393479 -1.3044898055844238 -1.277014845104712 -1.247241750596239 -1.2153057444899604 -1.1813365579575745 -1.1454457801735927 -1.1077096557153767 -1.0681442762048745 -1.0266675416601938 -0.9830373142017487 -0.9367453371887596 -0.8868264340040465 -0.8315015140119474 -0.7674934054996069 -0.6887343226594301 -0.5842313528085158 -0.4369042925243021 -0.24027217730046627 -0.05782877673661895 0.03364666960954424 0.061475783037880476 0.06909614491901771 0.07462135280424359 0.08507787332158402 0.10692859140511274 0.15412374499559173 0.2640646678630574 0.48722453606808186 0.6219144997909786 0.5852689295713381 0.5462137578080787 0.5321140971024593 0.531351470992016 0.537835579540958 0.5487806700738365 0.5628402670983343 0.5793171364099123 0.5978285573225618 0.6181540548367195 0.6401605500388342 0.6637627963791973 0.6889010285207272 0.7155275356621172 0.7435981212046621 0.77306637285563 0.8038796245284621 0.8359759823509529 0.869282051081869 0.9037111461861483 0.9391618654378605 0.9755169499443084 1.012642402328116 1.05038685700229 1.0885812178572405 1.1270385940149585 1.1655545751918084 1.2039078946003687 1.241861528867996 1.2791642807444672 1.3155528811282686 1.3507546321324544 1.3844905928692015 1.4164792851150976 1.4464408682214747 1.4741017031694037 1.4991991964955602 1.521486788120205 1.540738925157542 1.5567558487339221 1.569368014515589 1.5784399713590072 1.5838735368276156
1.6107730830762106 1.6086588409576117 1.6027601108388827 1.5931446804229656 1.5799200137309894 1.5632306563179688 1.5432548522157878 1.5202005152188502 1.4943007171054374 1.4658088653190395 1.4349937426252115 1.4021345721590335 1.3675162545200596 1.3314249010050792 1.2941437607516595 1.255949611600659 1.2171096568535709 1.177878944538578 1.1384983037006502 1.0991927746013708 1.0601704971404489 1.021622014504479 0.9837199468939153 0.9466189928480713 0.9104562227707521 0.8753516404510375 0.8414090037160833 0.8087169155875884 0.7773502244303407 0.7473718097714679 0.7188348878843619 0.6917860634192754 0.6662695103153156 0.6423329464671547 0.6200365950114483 0.5994673666449699 0.5807626604616684 0.5641529465509106 0.5500435320834276 0.5391845607149109 0.5330578886130457 0.5348501334545631 0.5520845775272888 0.6024820716483821 0.6660118914587407 0.506191682256181 0.2691817818736579 0.15696345609722964 0.10916510728904151 0.08681934646321429 0.07539547810446165 0.06714226936560179 0.050836853248754824 -0.003148835336075607 -0.14635312331678318 -0.36282978993608594 -0.5544160202613694 -0.6918660135186122 -0.7919144595012055 -0.870514264397314 -0.9369836059585411 -0.9963262358140734 -1.0512093627953623 -1.1030567152547193 -1.152610971653824 -1.200225577581271 -1.2460216451663204 -1.2899764687768942 -1.3319764100774096 -1.3718506778851258 -1.4093945816512312 -1.4443868154553132 -1.4766032137149805 -1.5058282620100567 -1.53186499059085 -1.5545434996534386 -1.5737281508068088 -1.5893233490863028 -1.6012778016945381 -1.6095871534812032 -1.6142949511107167 -1.6154919670676748 -1.6133140126120296 -1.607938480349252 -1.5995799830338444 -1.5884856076188005 -1.5749305162359233 -1.5592149773440391 -1.5416645778397835 -1.5226367608063134 -1.5025399582682588 -1.48187908689471 -1.461360635213056 -1.4421462038967658 -1.4265232374401524 -1.4199453225750158 -1.4386411995668824 -1.5484995453536718 -2.2134797313214283 -14.50199795011334 -30.321379282439544 -14.516964300240303 -2.219333471329316 -1.5534379923880155 -1.44303421329259 -1.4237309683590118 -1.4295843056701143 -1.4443640083582934 -1.4626317188185258 -1.4821241969999723 -1.501710360217886 -1.520718919568709 -1.5386833216740996 -1.5552350260245456 -1.5700562245289917 -1.5828588204119982 -1.593375983106128 -1.6013601160023874 -1.6065842082981276 -1.6088449346488285 -1.6079665214255725 -1.603804726953443 -1.5962504638173052 -1.5852327053937676 -1.570720403597843 -1.5527232165444156 -1.531290908338414 -1.5065113369165133 -1.478506983789034 -1.4474299919667972 -1.413455651017373 -1.37677417934408 -1.3375804676937104 -1.296061101412523 -1.2523773539864427 -1.2066417108707808 -1.1588833772122624 -1.1089941844933888 -1.0566382928734384 -1.0010926625146024 -0.940950987231179 -0.873553371520546 -0.7938769052699122 -0.6925258486452261 -0.5533957944583654 -0.35985814380939146 -0.14245536563368388 -0.00012583148850685977 0.05262920613060771 0.06813697530629632 0.07595579500103011 0.08714740781958674 0.10937049917010847 0.15711626584790925 0.26933775928321113 0.506005254335993 0.6633796885103496 0.6024938633871093 0.5520181077746348 0.5347177899073664 0.5328788172146683 0.5389564647822623 0.5497687559260316 0.5638351011721447 0.5804069107849333 0.5990807007339244 0.6196280168766507 0.6419135937242944 0.6658526965321838 0.6913872416598886 0.7184715301520751 0.7470631966401181 0.7771171398671666 0.8085812436756759 0.8413932266203539 0.8754782405054466 0.9107469959344577 0.9470942858635163 0.9843978360790471 1.0225174499407306 1.061294441713235 1.1005513724868257 1.1400921170126461 1.1797022994919517 1.21915014153392 1.2581877658982148 1.2965529949603152 1.33397167288647 1.3701605253291957 1.4048305504430985 1.4376909109601232 1.4684532701477382 1.4968364862848371 1.522571552723762 1.5454066457569828 1.5651121225272577 1.5814852981280478 1.5943548265344982 1.6035845152479822 1.609076418990604
1.633994382922462 1.6317585876906895 1.6256542113503196 1.615751725603245 1.60216165969933 1.5850319776062733 1.5645446865596326 1.5409118161093622 1.5143709250772976 1.4851803026569996 1.4536140294154807 1.4199570550519365 1.384500433819721 1.3475368372555694 1.3093564391982393 1.2702432419505363 1.2304718866551685 1.1903049671016026 1.149990845527232 1.1097619524378877 1.0698335405913666 1.0304028562663439 0.9916486886915982 0.9537312607683226 0.9167924306526422 0.8809561841752733 0.8463294126180725 0.8130029899331302 0.7810531902634694 0.7505435250993205 0.7215271382492418 0.6940499925464076 0.668155246814553 0.6438895188352688 0.6213122923660134 0.6005108428938973 0.581625396489508 0.5648944503648193 0.5507426742710004 0.5399663985975585 0.5341664313928552 0.5368635952580961 0.556824434425709 0.6171110676033957 0.7085445362301207 0.5325746479578309 0.27880710589619134 0.16206751019711915 0.11267700780404333 0.08925872256606963 0.07620077655856135 0.06367277408656115 0.03412385937412624 -0.05578050588439171 -0.2506421725634621 -0.4845882352476419 -0.6691277872984353 -0.8006747673341362 -0.8996035729413194 -0.9804299372418953 -1.051124204285984 -1.1158722414261628 -1.1768692015609716 -1.2352517478086114 -1.291569744094474 -1.3460312403298218 -1.3986356818947687 -1.4492506292243188 -1.497659094685927 -1.5435911902301096 -1.5867471951732064 -1.6268157895176523 -1.6634894026068534 -1.6964776272018398 -1.7255190749787175 -1.7503917191782314 -1.7709215919674017 -1.7869896294717926 -1.7985364580615164 -1.805564971761698 -1.8081406464748437 -1.8063896574197535 -1.8004949988552257 -1.7906909400701976 -1.7772562852371503 -1.760507044359154 -1.7407892950754182 -1.7184732852491553 -1.6939503392164919 -1.6676352187795405 -1.639979059520535 -1.6115039595249632 -1.5828857498083075 -1.5551554705822654 -1.5302313512282395 -1.5125247106295459 -1.5148519415057882 -1.58801415765184 -2.076410125478532 -11.5118392540672 -33.36452216846024 -11.529041384349437 -2.0838876178142587 -1.594540896901585 -1.5207025868095359 -1.5175762978136473 -1.5343104220639754 -1.5580916876639426 -1.584530757492005 -1.6117428268211413 -1.6387389917772068 -1.6648923707560421 -1.6897346746083024 -1.7128712083400097 -1.7339437671665963 -1.7526149743314654 -1.7685631123578616 -1.781482489356875 -1.7910868696545876 -1.7971145881847799 -1.7993344655835084 -1.7975518780805635 -1.7916144600875203 -1.7814169964690367 -1.7669051284934187 -1.74807756666813 -1.7249865787455523 -1.697736598879793 -1.6664808759371421 -1.6314161329071752 -1.592775228555836 -1.5508177742065425 -1.5058185292677404 -1.4580531237405547 -1.4077801354799748 -1.35521759501895 -1.3005102223280594 -1.2436803327910804 -1.1845487069258025 -1.1225981299941723 -1.0567236800883546 -0.9847530580780738 -0.9024985423998183 -0.801929839639883 -0.668363336456352 -0.48128644828874007 -0.24529763009812722 -0.05091850182945093 0.03715686388820046 0.06533881239040559 0.0771135283032176 0.08977629115475463 0.11298830250392777 0.1622850361846874 0.2790125055950762 0.5323044168066784 0.7058097651359161 0.6170818329419918 0.5567106108927655 0.5366821627416039 0.5339124857922739 0.5396537076288798 0.550370130417868 0.5644662453515021 0.5811481161822951 0.5999936485482066 0.6207671424674998 0.6433313192940213 0.6676019087634778 0.6935223863265544 0.7210489333478962 0.7501409065810528 0.7807544438543024 0.8128379506523378 0.8463287757747076 0.8811506826605963 0.9172118886862816 0.9544035414231485 0.9925985603383899 1.0316508111447105 1.0713946065244846 1.1116445456888566 1.1521957183297618 1.1928243068721025 1.2332886247423742 1.2733306275273346 1.3126779282134133 1.3510463370821126 1.38814293142195 1.423669640445806 1.4573273074833564 1.488820165829023 1.5178606380958386 1.54417434335351 1.5675051736908692 1.5876202841345168 1.6043148289339249 1.6174162746169465 1.6267881269338618 1.6323329251772738
1.6552483207704913 1.6529093700737028 1.6466267305282356 1.6364729741861104 1.6225609903046907 1.6050413602104012 1.5840989852601701 1.5599491019344318 1.5328328347758005 1.5030124457651761 1.4707664380490686 1.4363846635441495 1.400163569148174 1.3624016966736268 1.323395528931722 1.283435750373521 1.242803966969953 1.2017699080074218 1.160589113329242 1.119501094100559 1.078727943912534 1.0384733701798758 0.9989221132819361 0.9602397225530513 0.9225726638167459 0.886048742585856 0.8507778406087185 0.8168529821613414 0.7843517727471113 0.7533382914366853 0.7238655780993192 0.6959789556281972 0.6697205986366698 0.645136071389815 0.6222841495942057 0.6012524218618062 0.5821836559752158 0.5653235036206924 0.5511136399637064 0.5403904199404884 0.5348497700618113 0.5383045953083359 0.5604916207405927 0.6288539241590213 0.7493750903619334 0.566627201616506 0.29262430385458355 0.1691849899621884 0.11724467716695004 0.0921110557986654 0.07651656359291176 0.057497083762373315 0.008686179672831794 -0.1258364987636772 -0.3647188841271301 -0.6045883496893626 -0.7822483853245966 -0.9103346986404831 -1.010046107716099 -1.0943853051646717 -1.1702110681004603 -1.2410686102273947 -1.3087833860144862 -1.3742597083679748 -1.437882069793969 -1.4997247918552474 -1.5596677024552892 -1.6174644421362308 -1.6727862668391398 -1.7252529289586316 -1.7744566357942961 -1.8199821898989175 -1.8614248383934564 -1.898406459318059 -1.930590188167597 -1.9576932889741174 -1.9794979275115363 -1.9958594692175402 -2.0067119752243037 -2.0120706849670973 -2.0120314322382193 -2.006767122161825 -1.9965215795526228 -1.9816012485374628 -1.9623653705364978 -1.939215395880857 -1.91258451548182 -1.8829283880353027 -1.8507185062267921 -1.816440462935167 -1.780601291066481 -1.7437547284387003 -1.706565436606215 -1.669967798319686 -1.6355853905961373 -1.6069893558492974 -1.594278478053516 -1.6365580775482682 -1.9893521014859448 -8.811540901367856 -36.84757606936905 -8.828594978895124 -1.9979684082152187 -1.6442592265317355 -1.6012183212298836 -1.6129873762637885 -1.640419047559261 -1.6734219911052741 -1.7084523348888465 -1.7439271630065756 -1.7789636062092808 -1.8129573668363614 -1.8454216647789436 -1.8759203144447347 -1.9040393132743871 -1.9293760161535956 -1.9515372128320678 -1.9701421504877916 -1.9848284857819973 -1.9952599768735215 -2.001135078189355 -2.0021957486059136 -1.9982358497228123 -1.9891085551240284 -1.9747322440584893 -1.9550944273228066 -1.9302533517202043 -1.9003370464344163 -1.8655396976429224 -1.8261153492699571 -1.7823690063259499 -1.7346452365375793 -1.6833142919327253 -1.6287555546212091 -1.5713376656009816 -1.5113938639402724 -1.4491895319031056 -1.3848760589474172 -1.3184195125689488 -1.2494811742518477 -1.1772028938298946 -1.0997981784540547 -1.013739616551187 -0.9121355417673616 -0.7818424053191836 -0.6014142704529567 -0.3586626093342225 -0.11930454290480225 0.013099808200873815 0.05992795572618954 0.07781670355121385 0.09282643004579509 0.1176596968985676 0.16946021016335633 0.292869115479259 0.5662702907749655 0.7470754202064036 0.6287709583795268 0.5603302193888429 0.5380706035080647 0.5345434227086706 0.5400091944037164 0.5506643067131805 0.5648098880301942 0.5816133323354601 0.6006361639892563 0.6216361606121408 0.6444741634177902 0.6690662682806265 0.6953573356205528 0.7233052501875444 0.752870947534089 0.784011713805598 0.8166764478960296 0.8508021682912199 0.8863113596546772 0.9231099269294016 0.9610856246947225 1.0001068902756338 1.040022047906595 1.080658877124168 1.1218245561918652 1.1633060030860607 1.2048706434366472 1.2462676371700085 1.2872295934671552 1.3274747969605474 1.3667099568669667 1.40463347520885 1.4409392109087475 1.475320694177913 1.5074757214089853 1.5371112361827954 1.563948378696192 1.5877275657336816 1.608213448060554 1.6251995834734856 1.6385126630420024 1.648016136150987 1.653613097008098
1.6745160364671718 1.6720952843420909 1.665664067341162 1.6552964488642214 1.6411069855495535 1.623248123388746 1.6019068687870621 1.5773008622517917 1.5496739976230198 1.5192917369371284 1.4864362704190448 1.451401663533235 1.4144891196721898 1.376002469359469 1.3362439763411136 1.295510529178665 1.2540902653818722 1.2122596549897509 1.1702810528453014 1.128400714364435 1.0868472588447564 1.0458305575170972 1.005541020622087 0.9661492586841804 0.9278060977337284 0.8906429365202087 0.8547724461903822 0.8202896306521946 0.7872732914682246 0.7557879796441473 0.7258865776442707 0.6976137565089846 0.6710107302145408 0.6461220528371162 0.6230058210179281 0.601749879069843 0.5824992342986621 0.5655057669827593 0.5512255180472948 0.5405305807845855 0.5351943878246974 0.5392508614149863 0.5631779116982156 0.637745361953951 0.7865411227415295 0.6080914277066898 0.31038045884458654 0.17813172997359716 0.12273701736330259 0.09524154729890057 0.07608844589662767 0.047931126176319123 -0.026661904988031435 -0.21040299772813606 -0.4818552206734208 -0.7212783908308827 -0.8933163209693092 -1.0199627595871679 -1.1218705498361756 -1.21063330189818 -1.2922158170544693 -1.369663614659045 -1.444510301136395 -1.5174688726985366 -1.5887788672599952 -1.65838926193403 -1.7260610998434858 -1.7914298359161305 -1.854047097834941 -1.913411866793613 -1.9689962293459065 -2.020268283739831 -2.0667133453571727 -2.1078537506019006 -2.14326705496401 -2.172602139377866 -2.1955926204939833 -2.2120669717253127 -2.221954877396872 -2.2252895360993064 -2.2222058724978373 -2.212934878478786 -2.1977945549462423 -2.1771781405575688 -2.151540478757753 -2.121383489395656 -2.0872417954161437 -2.0496696579771436 -2.0092305985735477 -1.9664916563482546 -1.9220256573976093 -1.8764284725416542 -1.8303677015349584 -1.7847061087754128 -1.7408286249939091 -1.7016182739932924 -1.6749725093291392 -1.6907645066744792 -1.9375245744571483 -6.678040608251402 -40.93177607090396 -6.693760978596211 -1.946794985602263 -1.6991945859461963 -1.6825981020507177 -1.7082113403588963 -1.7461285725717237 -1.7884632020354705 -1.8323629806354245 -1.8764885247952774 -1.9200352065809199 -1.9624041829584233 -2.0030765391009737 -2.041561568313471 -2.0773758822614092 -2.1100370353127134 -2.139064886076608 -2.1639875807324596 -2.1843505143796307 -2.1997272142471993 -2.20973130111303 -2.214028741587168 -2.2123496087577013 -2.2044985772559933 -2.190363420966069 -2.1699208710314517 -2.1432393293920233 -2.110478108848207 -2.071883065720699 -2.0277786801103703 -1.9785567919017146 -1.924662285436566 -1.8665759955342345 -1.8047949351726278 -1.73980954766533 -1.6720769310577492 -1.601987606824335 -1.5298208624583924 -1.4556788162807093 -1.37937954520579 -1.3002690257050218 -1.2168669083310362 -1.126163352346035 -1.0221874629197374 -0.8932462331395709 -0.7184365843775352 -0.47577550967828997 -0.20274983936079888 -0.020925449783171002 0.05114952397798968 0.07777865887090799 0.0961466847932921 0.12324565043458353 0.17845462975180937 0.3106546632061891 0.6076409849437518 0.7848446917334917 0.6376057602987433 0.5629734013482834 0.5389746043981358 0.5348420381058924 0.5401007556766112 0.5507237829724708 0.5649344687555291 0.5818669901350748 0.6010685853066104 0.6222911930589016 0.6453938740718845 0.6702929560029994 0.6969344728559482 0.7252778008992814 0.7552852825994513 0.7869152434060954 0.8201170430469816 0.8548274217143567 0.890967726652522 0.9284417834632152 0.9671342792312023 1.0069095863301538 1.047610994486307 1.0890603437805932 1.1310580677015534 1.1733836656445669 1.2157966295864864 1.2580378505419096 1.2998315269848677 1.3408875897599037 1.3809046462342496 1.4195734308627819 1.4565807304976193 1.4916137315093412 1.5243647132148144 1.5545359895980815 1.581844980426204 1.6060292752524996 1.6268515410905071 1.6441041181855482 1.6576131494408162 1.6672420983324996 1.6728945276447278
1.6917837700065521 1.6893046800087392 1.6827560866584956 1.6722129283082723 1.6577907621682626 1.639643202497182 1.6179586540650195 1.5929564613028915 1.5648826075762108 1.534005105775451 1.5006092211987925 1.4649926612273967 1.4274608546197616 1.3883224276354496 1.3478849659899435 1.3064511321896026 1.2643151883571577 1.221759956344954 1.1790542306518932 1.1364506460987558 1.0941839918291454 1.052469956231106 1.011504283894221 0.9714623257028291 0.9324989666070003 0.8947489226592832 0.8583274101108345 0.8233312060502689 0.7898401449696275 0.7579191340042616 0.7276208313173074 0.6989892359389851 0.6720646196655782 0.6468905652327362 0.6235245123886759 0.6020544901898497 0.5826274091751239 0.5655002928338673 0.5511470180932297 0.5404541915329508 0.5352702022880813 0.5397906084703558 0.5650169054372038 0.6440566870111697 0.8183655223823331 0.656134743137386 0.3316982659751976 0.18866529818690897 0.12899015278097384 0.09850790350428434 0.0747034868617474 0.03451064218846927 -0.07188101249721857 -0.3043890156561807 -0.5972273630251289 -0.8332862332536928 -1.0012833283991316 -1.1280688314470397 -1.2331545811969222 -1.3269179683667849 -1.4146175718539515 -1.4989095722089651 -1.581095284748727 -1.6617279264066593 -1.7409181181409203 -1.818496398640791 -1.8941060664226548 -1.9672613449273926 -2.0373882010265483 -2.103856643463967 -2.1660089994758884 -2.2231863178411144 -2.2747536834365114 -2.3201243976246544 -2.358782472285264 -2.390302608511864 -2.4143667391936674 -2.4307762804349795 -2.4394594333424378 -2.4404731720401673 -2.433999905423881 -2.4203391646733934 -2.3998950031115385 -2.3731600649543476 -2.340697464017397 -2.3031217099971726 -2.261079948126449 -2.2152347857972 -2.1662500600723225 -2.1147812373600128 -2.0614731386732714 -2.00697036649761 -1.951953000792264 -1.8972306433810058 -1.8439929232731225 -1.7945538429491954 -1.7550093585343893 -1.7478582538132907 -1.9105531684783563 -5.110195050654315 -45.86310166469651 -5.124180733921833 -1.9200073005756708 -1.7565673956499417 -1.7629092865620366 -1.8013832085083943 -1.8494668133591008 -1.9010772417128878 -1.9539328902840603 -2.006892053163187 -2.0592068333971145 -2.1102708082471455 -2.1595225345513627 -2.2064066469936976 -2.2503594957904625 -2.2908068868902887 -2.3271687673972936 -2.3588684570476004 -2.3853450855430864 -2.4060682620055487 -2.4205540761330546 -2.428381490059987 -2.4292081182301772 -2.4227843639052624 -2.4089649172131327 -2.387716735646545 -2.359122822446886 -2.323381375332201 -2.2808001691041433 -2.2317863237296947 -2.1768318533630517 -2.116495549792605 -2.0513817847806752 -1.9821166746058771 -1.9093216742704946 -1.833583948251893 -1.7554215790602963 -1.6752393603296762 -1.593266575234326 -1.5094595628215648 -1.4233339745465916 -1.3336527365074362 -1.2378093526372493 -1.1305613032585131 -1.0014719448707017 -0.8308240232905888 -0.5915648727006195 -0.2963482307881243 -0.06511595873789794 0.03843948615737157 0.07674337583676585 0.09957460272163729 0.12957290672411947 0.18902204903788972 0.33199099283362143 0.6555846762051979 0.8172011124270666 0.6438666334255727 0.5647783865971888 0.5394849948140692 0.5348894215278133 0.5399958674586447 0.5506098902308717 0.5649008136463995 0.5819655277745474 0.6013430491134651 0.622780048385979 0.6461338770271218 0.6713209390944379 0.6982882081112867 0.7269963161944195 0.757408818779545 0.7894849547709474 0.8231745040054442 0.85841398406274 0.895123764140702 0.9332058577378715 0.9725422610586643 1.012993766589916 1.0543992198092182 1.0965752112588978 1.1393162114284303 1.1823951647321318 1.225564562695917 1.2685580159102896 1.3110923396583605 1.352870159568822 1.3935830314095061 1.4329150536090987 1.4705469328698781 1.5061604431525464 1.5394431974518277 1.5700936314200944 1.597826079458303 1.6223758088554114 1.6435038673352975 1.6610015952041348 1.6746946561010632 1.6844464506309007 1.6901607948467094
1.7070412984089354 1.704528500833301 1.697894400338626 1.6872142047231 1.672603843008851 1.6542174633814994 1.6322442439004574 1.606904628569891 1.5784461144623567 1.5471387222225739 1.5132702827031328 1.4771416673253863 1.4390620799201537 1.3993445143569752 1.3583014663742168 1.316240970829823 1.2734630181940818 1.2302563874769037 1.1868959177304057 1.1436402274345114 1.1007298808970813 1.0583859935606978 1.0168092639418784 0.9761794189043429 0.9366550611837157 0.8983739138106092 0.8614534660051517 0.825992040704255 0.7920703280152874 0.7597534670181075 0.7290938206574701 0.7001346942385572 0.6729154345318188 0.6474786883661834 0.6238812527645908 0.6022112540637562 0.5826171286658525 0.5653605810474275 0.5509281918958104 0.5402239640498526 0.535147719846184 0.5400128014753871 0.566164326234309 0.6482056084998022 0.8438286297691814 0.7091753258301511 0.3559777487911357 0.20044501407442095 0.13579153918402667 0.10176476756387239 0.07224058766938264 0.017189666155024756 -0.12538409236449372 -0.40196490621422687 -0.7072723285625332 -0.9390983968481615 -1.1045793887272572 -1.2326420277184074 -1.3415044403557745 -1.44054245934358 -1.5344632279880832 -1.6256195810111984 -1.715126763369983 -1.80340330966285 -1.8904444827669815 -1.9759691560095365 -2.059505273552162 -2.1404451303599563 -2.2180860445527544 -2.291664371487825 -2.360386852061691 -2.4234610724719357 -2.48012547526977 -2.5296785131374078 -2.571506007036772 -2.6051054881981046 -2.6301062379491813 -2.6462838685133647 -2.653568582117317 -2.6520466619570175 -2.6419552311514676 -2.6236708029073355 -2.59769257765209 -2.5646217739480712 -2.5251384822449356 -2.4799776007296805 -2.4299053734429346 -2.375697953334674 -2.3181233449904477 -2.2579281999145167 -2.195831562314288 -2.1325295654028347 -2.0687203717751323 -2.0051738834518864 -1.9429189871330437 -1.8837976407478654 -1.8324263658620643 -1.805381949544996 -1.900903786546648 -4.0003541175602555 -52.029795072169094 -4.0125344011305275 -1.910104052412731 -1.8139414014427018 -1.8402062200148535 -1.8905197688340358 -1.9482894251291767 -2.0089127791411054 -2.070580083593596 -2.1323102634691176 -2.1933955456537224 -2.253212598405158 -2.3111504641350384 -2.3665824094986054 -2.418857193769022 -2.467300591634482 -2.511223394944366 -2.549934106276304 -2.5827552312042004 -2.609042234470674 -2.628204157828518 -2.6397247531937946 -2.6431828503107497 -2.638270610133871 -2.624808349985466 -2.6027547810016407 -2.57221176845035 -2.533423086874375 -2.4867670532572093 -2.4327433299668857 -2.3719545387839456 -2.305083564477562 -2.232867504123461 -2.1560690933097773 -2.0754460605833294 -1.9917181381600855 -1.905530206834405 -1.8174078791204131 -1.7276978562058016 -1.6364776920431663 -1.5434037401973277 -1.4474317363850204 -1.346267669865455 -1.235236356762945 -1.1049351824687994 -0.9369963562605528 -0.7022359290120217 -0.3942084258019839 -0.11807936348847382 0.021640338873625334 0.07454149266305285 0.1029436111104523 0.13641961145289128 0.2008180368844435 0.3562768856056855 0.7085265814862947 0.8430453670034823 0.6479784560997743 0.5659046919004473 0.5396930878901731 0.534757130488083 0.53975927013418 0.5503891628720097 0.5647624390950353 0.5819576385929225 0.6015038561523188 0.6231426982253687 0.6467298535770784 0.6721816416130038 0.6994457331742836 0.7284837680869259 0.7592603058671058 0.7917353585259129 0.8258590743980391 0.861567799883092 0.8987810905302639 0.9373994313158253 0.9773025331251177 1.0183481355715287 1.06037128451659 1.1031840760919114 1.1465758730477114 1.1903140067255922 1.2341449803645652 1.2777961875665635 1.3209781539852787 1.3633873009584707 1.4047092172092441 1.4446224093515974 1.4828024843854255 1.5189266984973242 1.552678787323531 1.5837539745727878 1.6118640398314805 1.6367423137815111 1.6581484611667303 1.6758729096700469 1.689740787131315 1.6996152405675735 1.7054000280936672
1.7202806598912534 1.7177589612658013 1.7110710189571954 1.700291733426012 1.6855368258207193 1.6669604099250572 1.6447518906052851 1.6191322933172432 1.5903501417307113 1.5586770073295326 1.5244028561482375 1.4878313141256923 1.4492749646341527 1.4090507804709202 1.3674757789448857 1.324862973631679 1.2815176808487871 1.2377342237690212 1.1937930630841551 1.1499583708468375 1.1064760540038692 1.06357222650076 1.021452123888824 0.9802994522630469 0.9402761643022869 0.9015226595687248 0.8641584148577418 0.8282830648686546 0.7939779768177073 0.7613084004622304 0.7303263377877772 0.7010743839835001 0.6735909812592268 0.6479178754371729 0.6241112300134678 0.6022591771850438 0.58251142859281 0.5651391171102363 0.5506220479197566 0.5398962022756344 0.5348918704236978 0.5400033535513764 0.5667807389691237 0.6506691208647605 0.8627782393979284 0.7647894256494937 0.38230526781126367 0.21299957961048344 0.14286912248029907 0.10487181532151404 0.06872498690724688 -0.0034848990027442264 -0.18412152702142748 -0.49757180416072466 -0.8091270469268302 -1.0369610137263157 -1.201195296632351 -1.3312626167596118 -1.4441618052132155 -1.5484690402528474 -1.6484648432941977 -1.7462660396920802 -1.842838421516824 -1.938486668551689 -2.0331031069453607 -2.1263025680932404 -2.2175022705347875 -2.3059751642106927 -2.3908910134276153 -2.471352519383427 -2.546430082205792 -2.6151966593422586 -2.6767628276611073 -2.7303112659565727 -2.7751293059641435 -2.8106379050399872 -2.836415355192821 -2.8522142438582296 -2.8579705878252875 -2.8538046172995943 -2.8400133180919056 -2.8170554637884884 -2.7855304086270145 -2.746152305357221 -2.6997216272457365 -2.647095907580068 -2.5891614925206503 -2.526807891615093 -2.4609060927697493 -2.3922921215501973 -2.3217574189942725 -2.2500488553585587 -2.177884915492616 -2.1060054772751338 -2.0353071212739335 -1.9672416945516646 -1.905215288631516 -1.8610571767716864 -1.9028668714585883 -3.2305778818299307 -60.07421972440446 -3.2409747947786354 -1.911424974303363 -1.8690800393289082 -1.9125179326939945 -1.9735464969793348 -2.0403267568472905 -2.109466618073286 -2.1795446301200756 -2.24970959433531 -2.319281140996874 -2.387613060924774 -2.454041365500177 -2.5178650463870125 -2.578342136247473 -2.6346946550728694 -2.686119841750212 -2.731806405951689 -2.770954907005968 -2.8028013286634734 -2.826642709499261 -2.8418634353439156 -2.847960587510837 -2.8445666315376803 -2.8314677687130083 -2.808616476394072 -2.7761371255336504 -2.7343240500929733 -2.6836319954236516 -2.624659419503293 -2.5581255874036675 -2.4848427182775517 -2.4056845618411273 -2.3215526566909785 -2.2333411153125007 -2.141900022674403 -2.0479962771354816 -1.9522686022764675 -1.8551697485066398 -1.7568818600067952 -1.6571766663736665 -1.5551613488774514 -1.448781826913189 -1.3337989219313937 -1.201632863525648 -1.0351850238043956 -0.8047890534810234 -0.49057170161716274 -0.17685038567677688 0.0012017545310457711 0.07115323044359585 0.10609462230022576 0.14350615028153138 0.21336849511667805 0.38259751529037206 0.7640594836180636 0.8622399094297404 0.6504229071962737 0.5665154401124529 0.5396862594160614 0.5345107123051159 0.5394472155688848 0.5501052992949861 0.5645583303309001 0.5818845825099332 0.601587946708848 0.6234118876605486 0.6472104681841311 0.6728997728441136 0.7004279332744978 0.7297573472217505 0.7608533617069679 0.7936766101481918 0.8281775454893807 0.8642923839363108 0.9019400257108128 0.9410197112741455 0.9814092802499411 1.0229639638282229 1.065515679345957 1.1088728183784482 1.1528205326048095 1.1971215279390417 1.2415173785646423 1.2857303694634468 1.329465869316394 1.3724152256743376 1.4142591614655513 1.4546716367404178 1.4933241227174092 1.5298902175198594 1.5640505154641813 1.5954976254699589 1.6239412202656305 1.649112987687273 1.670771349537631 1.688705813008743 1.7027408251132268 1.7127390120864374 1.7186037030711017
1.731495248992758 1.7289886416010214 1.7222774549099085 1.711435750873537 1.6965785221238139 1.6778593486416962 1.6554673903077348 1.6296238119781645 1.600577749948088 1.5686019358941776 1.5339880967575321 1.4970422469250795 1.458079983073144 1.4174218828649858 1.3753890971377227 1.3322992120947743 1.2884624441500856 1.2441782162071027 1.1997321509784438 1.1553935050369482 1.1114130570909777 1.0680214558508825 1.0254280270635574 0.9838200360836277 0.9433624020224136 0.9041978625760312 0.8664475960048672 0.8302123201379042 0.7955739108608023 0.7625976200894707 0.7313350363688393 0.7018280399262873 0.6741141967313362 0.6482343896777216 0.6242441593767316 0.6022315829504836 0.5823479840681223 0.5648683774446281 0.5502746124746494 0.5395208535835914 0.5345611850594179 0.5398417647295329 0.5670184783493896 0.6519156467622567 0.875852674463949 0.8198096331283921 0.40939355145948186 0.22571107328895126 0.14988900810444405 0.10770378116538389 0.06437102479115994 -0.026291323623248597 -0.24402282211002094 -0.5863598215235295 -0.9003102234442479 -1.124885172564818 -1.2888104644217369 -1.4212456107260967 -1.5381430763484523 -1.6474560678958667 -1.7531385739358871 -1.857124769466166 -1.9602607447411475 -2.062755410961343 -2.164410372055298 -2.2647455791676934 -2.3630750302569425 -2.458558883049927 -2.5502453119995248 -2.6371089354849557 -2.7180891085700707 -2.792129260581636 -2.8582170693188425 -2.915424314897939 -2.962944639577968 -3.000127128452352 -3.026503615833617 -3.0418079003311966 -3.045985578434005 -3.039193911403711 -3.021791928457359 -2.994321735204279 -2.957482642176769 -2.9121001802411866 -2.859092289402305 -2.7994349563046037 -2.734129371464846 -2.6641723474744468 -2.5905313760387196 -2.514125427803499 -2.4358126091719723 -2.3563864876164473 -2.276585328908038 -2.1971258488161913 -2.118796528827429 -2.042730730863878 -1.9713562400329343 -1.9127344661423702 -1.9119425950997908 -2.7043649240188503 -71.1305364714854 -2.7130077429116786 -1.9195307800753936 -1.9198898456027667 -1.9778757158334532 -2.048353931999164 -2.1232578689981962 -2.200172668855487 -2.2779921808576096 -2.355968830154654 -2.4334399978297085 -2.5097336167946582 -2.584132533458215 -2.6558625117133556 -2.724092293104689 -2.787941574403627 -2.8464952886582617 -2.8988233650688766 -2.9440052332302513 -2.981158117574768 -3.00946781937926 -3.02822031898572 -3.0368322375260157 -3.034878047077527 -3.0221119621972035 -2.9984827071652806 -2.964139820338758 -2.91943078258278 -2.8648889642146806 -2.801213080508345 -2.7292394341662995 -2.6499086218290904 -2.564228530386186 -2.473235309594939 -2.3779535524029822 -2.279356097056721 -2.1783225665803387 -2.075593686030876 -1.9717148788550358 -1.8669560802314924 -1.7611815432029825 -1.6536152727529687 -1.542384619552646 -1.4235802004314393 -1.2892595943455796 -1.1234090801172483 -0.8966859277576851 -0.5803843994921427 -0.23732017171034278 -0.021712566695088073 0.06676028825193131 0.10888959680117673 0.1504943722449161 0.2260544280881019 0.4096649289918739 0.8190451514234213 0.8754692012857223 0.6516705686025044 0.5667641191738497 0.5395443943628215 0.5342083769957608 0.5391087103583978 0.5498031840950464 0.5643413755878064 0.5817804788125338 0.6016254465856944 0.6236138223476951 0.6475981753949843 0.6734942323323687 0.7012503664752622 0.7308294914499827 0.7621975243617838 0.7953155607167769 0.8301342819989301 0.8665898008054456 0.904600506000119 0.9440646652646886 0.9848586524776869 1.0268357311969765 1.069825363112352 1.1136330322506793 1.158040587684011 1.2028071126476043 1.2476703280552301 1.2923485343964145 1.336543088539861 1.3799414015321785 1.4222204305548245 1.463050623346094 1.5021002572924815 1.5390400988614428 1.5735482930158886 1.6053153777269562 1.6340493067134758 1.6594803550597885 1.6813657782509757 1.6994940960614988 1.7136888790177178 1.723811926874898 1.7297657453932578
1.7406793248041765 1.7382100410694983 1.7315043128314846 1.7206348936786913 1.705715595437155 1.6868990366920635 1.6643737319601728 1.638360610647382 1.6091090671727222 1.576892651525911 1.542004513101138 1.5047527101652576 1.4654554931973178 1.4244366631239846 1.3820210958105812 1.3385305127347837 1.2942795652802457 1.249572287226668 1.2046989574303113 1.1599334029546668 1.1155307625062942 1.071725721346509 1.02873122220655 0.9867376524469547 0.945912506157355 0.9064005216969674 0.8683243013589934 0.8317854322324967 0.7968661492003213 0.7636316182476541 0.7321329816580455 0.70241141643842 0.6745036523371291 0.6484497538486111 0.62430465573566 0.6021563636276331 0.5821580143228788 0.5645840341946353 0.5499240675883825 0.5391410907009436 0.5342068392613095 0.5395984760951908 0.5670128904421077 0.6523615382881129 0.8841851099456002 0.8706716559919832 0.43558507138325375 0.23782613054338633 0.15646535376319554 0.11015958942635104 0.059593707347197336 -0.04939594266330561 -0.3005997942487819 -0.6642944869606191 -0.9785679821944246 -1.2007402085599337 -1.3649607579961864 -1.4998142746318033 -1.6204109463445537 -1.7342312685486847 -1.8449834811657586 -1.9544621594370322 -2.063418583631823 -2.1719823207556748 -2.279876886176195 -2.386538482360863 -2.491188644109037 -2.5928856529893483 -2.6905673727408033 -2.7830919884478527 -2.869279708646035 -2.9479563711089467 -3.0179984539575155 -3.078377980878514 -3.128205142736995 -3.166766130440242 -3.1935536939923894 -3.208288300267582 -3.2109284107599896 -3.2016692542868 -3.1809304116966675 -3.1493334316772605 -3.1076714412254827 -3.0568732150792934 -2.9979643838165075 -2.932028396817739 -2.8601695624054293 -2.783480042341505 -2.7030121796704543 -2.6197571018667465 -2.534630316385608 -2.448465274727678 -2.3620172916455386 -2.275984776681101 -2.1910694672450535 -2.1081507945977696 -2.0288843681037343 -1.9584044917836247 -1.9244942355948873 -2.3504718820247112 -87.38746181985456 -2.3573782562714976 -1.9308501750079143 -1.9644245400603486 -2.0343729315046373 -2.1128799363436435 -2.194809002959873 -2.2785156274814335 -2.363143313369402 -2.4480250434719553 -2.532508671041213 -2.6158958603160305 -2.6974192993665245 -2.776236436833916 -2.851432795158113 -2.9220325587642795 -2.987015629410218 -3.0453406847201085 -3.0959736268987 -3.1379204254395234 -3.170262878141048 -3.1921953425715035 -3.203060118450546 -3.202378972330685 -3.1898783500386845 -3.1655061461154665 -3.1294384765921017 -3.0820756712395774 -3.024027567074943 -2.956089029406835 -2.8792073332107755 -2.7944435085296035 -2.7029299226680386 -2.6058262053943104 -2.5042751067057694 -2.3993589845278027 -2.292056260887609 -2.183195102391059 -2.073398149085317 -1.9630058963886885 -1.8519540243642394 -1.7395538185256147 -1.624066271881896 -1.501825630092241 -1.3653690250527541 -1.1995519941999615 -0.9756587981334719 -0.6594702810061841 -0.2948829373255104 -0.045275481471458316 0.061764385282177266 0.1112234360290031 0.15699864518014142 0.23812366442199012 0.435821862313019 0.8699590036819521 0.8839098614883494 0.6521377097702643 0.5667858211864694 0.5393371977728932 0.5338999934563299 0.5387850588251442 0.5495188671951767 0.5641330718012354 0.5816703211460488 0.6016402224156184 0.6237688666004809 0.6479100337140609 0.6739790125608679 0.701924226024062 0.7317088770667285 0.7632992408311713 0.7966567122053831 0.8317321146633403 0.8684614680504811 0.9067627747375437 0.9465335806406826 0.9876491785977237 1.0299613856226901 1.0732978628468992 1.11746196825473 1.1622331434929698 1.207367840323795 1.2526009915372658 1.2976480264234653 1.3422074229277052 1.3859637779245948 1.4285913641787116 1.469758128099064 1.5091300670313983 1.546375909357015 1.5811720059583654 1.613207328593087 1.6421884603088952 1.6678444560727743 1.689931448988832 1.7082368793413498 1.7225832304702164 1.732831167122163 1.7388819880700053
1.7478279057970803 1.7454155578339798 1.7387413340413818 1.72787628544229 1.7129326681498025 1.6940617872352661 1.671451181427272 1.645321230926795 1.615921283168604 1.583525400088146 1.5484278353199123 1.5109383508799268 1.4713774805317066 1.4300718415967664 1.3873495889430125 1.3435360948414992 1.2989499269515794 1.2538991845229075 1.2086782406392778 1.1635649265804344 1.1188181836661275 1.0746761986978104 1.0313550316725357 0.9890477391653203 0.9479239941160342 0.9081302034134154 0.8697901297793841 0.8330060359446116 0.7978603903331044 0.7644182104281412 0.7327301835924225 0.7028368157491445 0.6747740552858548 0.6485812017196192 0.6243126062979445 0.6020561659681923 0.58196588596893 0.5643159067370659 0.5496021532866411 0.5387929141611529 0.5338717817334067 0.5393328659995547 0.5668770459782755 0.6523488075287176 0.8890580746874055 0.9139420818884051 0.4589500182905731 0.24850336924025299 0.1621848205012345 0.11216709308828866 0.05497303362187752 -0.07056948350870812 -0.34952159026399787 -0.7281275656915782 -1.0418465780324204 -1.2624087926494407 -1.4272329558783434 -1.564296238902853 -1.688071256570734 -1.805693201819243 -1.9206908901501853 -2.0347549066163464 -2.148563260201792 -2.2621817084245857 -2.3752691235611674 -2.487191258511777 -2.597091294063897 -2.7039409675714463 -2.80658445885806 -2.9037812704351964 -2.994250978606185 -3.076720595915825 -3.149973793087148 -3.2129001563164157 -3.264541945740718 -3.3041354824367835 -3.331144342986944 -3.345281974250107 -3.346522102895072 -3.3350963030579246 -3.3114791642743477 -3.276362521269233 -3.2306210325838007 -3.1752719302814056 -3.111431965167949 -3.040274453810933 -2.9629889548139174 -2.8807455530754424 -2.794665117183558 -2.7057963253192256 -2.615099846939465 -2.5234399924798985 -2.4315847798389636 -2.340217826914501 -2.249973635153415 -2.1615374459105503 -2.0759804263009345 -1.9962509672063145 -1.9375757594745198 -2.1186986116753133 -113.61623998921304 -2.1238766801951727 -1.9425015676466428 -2.0009315366347913 -2.080249391638125 -2.165212159506251 -2.2528708847347847 -2.3421631326705983 -2.43242150240373 -2.5230386750780376 -2.6133674799796696 -2.702685024768787 -2.7901796142385966 -2.8749488475976293 -2.956005489444243 -3.0322902294455116 -3.1026911502279204 -3.1660697187719853 -3.221292773169159 -3.2672694542793983 -3.3029914370882696 -3.327574248626433 -3.3402970183704803 -3.340637785782227 -3.328301557463166 -3.3032386929273154 -3.2656518817926425 -3.2159908821932985 -3.1549352037202025 -3.0833658988800257 -3.0023284379511592 -2.9129891719351018 -2.816588066275668 -2.714390185456921 -2.6076378243635308 -2.497504210469672 -2.3850482744532937 -2.27116787903483 -2.1565455277507195 -2.041574596107159 -1.926242427869917 -1.8099219267386641 -1.6909680359881047 -1.5658878547811677 -1.4275646575466316 -1.2615087940185532 -1.0396565171778884 -0.7245041757428486 -0.3450712926919112 -0.06721769907672662 0.05675441424513007 0.1130303042063209 0.1626109044979403 0.2487384271048081 0.45914005483015646 0.9133999649745452 0.8888731154307792 0.652164420221448 0.566692073017151 0.539122261942182 0.5336262984766397 0.5385095822815813 0.5492810217090554 0.5639600461250902 0.5815833908038697 0.6016501785446571 0.6238921594234172 0.6481584527246662 0.6743640267325577 0.7024572113899386 0.7324012977589911 0.7641627191371487 0.7977030088010119 0.8329730385651996 0.8699087320149154 0.9084278097901063 0.9484273226437789 0.9897818395938267 1.0323422226328736 1.0759349565108274 1.120362022923925 1.1654013189934833 1.2108076235472327 1.2563141133614728 1.3016344263418982 1.3464652603768834 1.390489485873096 1.4333797373344779 1.474802435365019 1.5144221758439358 1.5519064084958332 1.586930313487009 1.619181772868952 1.648366324486602 1.674211980108376 1.6964737876101912 1.714938019452376 1.72942587657986 1.739796608152571 1.7459499628007324
1.752936931867296 1.7505977716019516 1.7439777713992939 1.733145973926288 1.7182127907494413 1.6993279412935032 1.6766777285331864 1.650481727745743 1.6209889776628867 1.5884737730404 1.553231163889333 1.5155722693233453 1.475819513260656 1.434301885341355 1.391350323782123 1.3472933079644547 1.3024527378423152 1.2571401653290246 1.2116534303907234 1.1662737424691048 1.1212632368254327 1.0768630258603396 1.0332917575454372 0.9907446869934762 0.9493932634290853 0.9093852343346955 0.8708452726721009 0.8338761438302542 0.7985604497065056 0.7649630241050318 0.7331341174231563 0.7031136199453994 0.6749367716504959 0.6486421723219696 0.6242836132576163 0.6019487577704343 0.5817914124112065 0.5640865589009707 0.5493340542770502 0.538504915280773 0.5335901075421167 0.5390918651114287 0.5666988907114336 0.6521374146376628 0.8916362337907195 0.9468273107165489 0.4774913303280623 0.25689838589515235 0.1666443692163022 0.11367957777409572 0.05116581088262732 -0.08751392632646568 -0.38705330729271237 -0.7753380184457407 -1.0883558974017302 -1.3079708883238992 -1.47346802751582 -1.6123279336614877 -1.7385803152904338 -1.8591248684818595 -1.9773670287732033 -2.0949238688795186 -2.2124194956894034 -2.329871068123538 -2.4468872818795435 -2.562778887578055 -2.676627988918452 -2.787339212725245 -2.893684606504413 -2.9943483273105267 -3.0879738587555177 -3.1732143359155773 -3.2487850219788856 -3.3135158633461055 -3.3664013101414327 -3.4066442483552555 -3.433690973545933 -3.447254636119341 -3.4473254440029253 -3.4341670054175895 -3.408299378899436 -3.3704705039078826 -3.321618565903421 -3.262828402138974 -3.195285236280239 -3.1202288606801 -3.038910934354301 -2.9525574331909055 -2.862337587586757 -2.769339976528473 -2.6745559103132384 -2.578869926753434 -2.483057322592108 -2.3877896277291146 -2.2936524935469027 -2.201193509318343 -2.1110742990709492 -2.024728226586405 -1.9488684984407445 -1.9748923167173338 -162.0317340686702 -1.978345983128995 -1.952225586606047 -2.027924931276724 -2.1139903963284348 -2.203701650935132 -2.295625453581878 -2.3891061631445623 -2.4836083652154133 -2.578565061107664 -2.6733298520076407 -2.7671586779129584 -2.859203541950873 -2.9485137180329093 -3.0340435354095896 -3.1146668605347894 -3.189198541639477 -3.2564228249475438 -3.3151282617922746 -3.3641479950882345 -3.4024036274720832 -3.428950229840805 -3.443019555070169 -3.444058279192167 -3.4317581777601007 -3.4060755900440407 -3.3672383014611027 -3.3157389989264887 -3.252315590536201 -3.177919771803896 -3.093676112065357 -3.0008345047756575 -2.9007190009487336 -2.794675802780054 -2.684022545596136 -2.5699999511853906 -2.4537254463596634 -2.336146203050466 -2.217985723289833 -2.099672272025118 -1.9812261734590326 -1.862059247740244 -1.7405866841012454 -1.6134289881242776 -1.4737013472245601 -1.3073669775318273 -1.086894155081228 -0.7729318242039712 -0.38403636632325905 -0.0851709079255869 0.05241784393629848 0.11428082272216795 0.16693817969506528 0.25705980191232075 0.4776253404854853 0.9465526707665691 0.8915350815741541 0.6520072330847234 0.5665681986363007 0.5389438756662258 0.5334184725118758 0.5383076037359366 0.5491112329407466 0.5638408988049564 0.5815263498529623 0.6016671705445056 0.623993944228742 0.6483517124518998 0.6746557156040016 0.7028541709749391 0.7329103060364613 0.7647905362729607 0.7984563808262424 0.8338586628547777 0.8709331934308848 0.9095974963552068 0.9497483288364482 0.9912598645334743 1.0339824698484807 1.0777420416873926 1.1223398956714712 1.1675532038121346 1.213135983541445 1.2588206380158216 1.304320042138165 1.3493301605276353 1.3935331732072493 1.4366010725674887 1.4781996817657148 1.5179930308019784 1.5556480128055918 1.5908392303580445 1.6232539307519418 1.6525969206934112 1.678595345750277 1.7010032183460313 1.7196055806226502 1.7342221951516388 1.744710667131471 1.7509689160117359
1.7560034872033916 1.7537498188445593 1.7472028887308901 1.7364295240902219 1.7215380958372581 1.7026765484311894 1.6800297596633802 1.6538163008736613 1.6242846817090446 1.5917091752756691 1.5563853275973656 1.5186252592341187 1.478752867119843 1.4370990315865897 1.3939969277289588 1.3497775327897763 1.3047654134417888 1.25927486818237 1.2136064855306732 1.1680441553412382 1.122852551875902 1.0782751085744589 1.0345325106679202 0.99182172286266 0.9503155546664416 0.9101627605803216 0.8714886773388681 0.8343964127593375 0.7989686221927663 0.7652699454198871 0.7333502406825289 0.7032488643162321 0.6750004441572377 0.6486429629318379 0.6242296755738351 0.601847831147136 0.5816503659911944 0.563912792938216 0.5491389039175005 0.538299002868607 0.5333877695450155 0.5389105231249676 0.5665418456916991 0.651908240522846 0.8928136122015699 0.9674074345019475 0.4894272387547617 0.26227018445796496 0.16949300853635182 0.11465740065182026 0.04876375832273299 -0.09823160578375636 -0.4103190533192878 -0.8040725736872919 -1.116663759564992 -1.335875663646158 -1.5019456906096047 -1.6420427870594223 -1.7699383397264634 -1.8923947066691196 -2.0127435252546393 -2.1325557505318957 -2.252419829459557 -2.372319671694707 -2.4918293681195025 -2.6102220603183066 -2.726538772974214 -2.839639889841122 -2.9482509331581133 -3.051008592773053 -3.146509638729516 -3.2333631791354964 -3.3102451641419885 -3.375952897340051 -3.429456566103331 -3.469944470604374 -3.4968587456870273 -3.509918920769865 -3.509131583683717 -3.494785580677862 -3.46743343229553 -3.4278607976753896 -3.377046723980626 -3.316117968313959 -3.2463008367183934 -3.168873773872134 -3.0851234349900554 -2.9963062857266225 -2.903617021030671 -2.808164372231701 -2.7109542623751266 -2.6128798297544447 -2.5147176217678413 -2.4171293781942134 -2.320669674602528 -2.225802967962655 -2.132947736703296 -2.042646187273375 -1.956679356010289 -1.8970969610681276 -265.5821228053648 -1.8988295278314347 -1.9583816460217542 -2.0442684191928695 -2.134427423676656 -2.2270749150826736 -2.321668807159205 -2.4177936192501748 -2.5149910441595624 -2.612715980904515 -2.7103195015476205 -2.8070410251598146 -2.902006130047245 -2.9942297174696746 -3.0826251076078517 -3.166019786526725 -3.243178330003719 -3.3128326166057485 -3.37371885796117 -3.424620271354883 -3.464413473365322 -3.49211598176659 -3.506931688714386 -3.508290919266574 -3.495881796186897 -3.469670126323046 -3.42990587396883 -3.377115396330509 -3.3120798385069543 -3.235801248483093 -3.149458912107236 -3.0543589958954196 -2.9518807482807987 -2.843422229901928 -2.730347841347272 -2.613938814862371 -2.4953462997473888 -2.375544509202298 -2.2552780806092785 -2.1349920729663276 -2.014721978939544 -1.8938979571153822 -1.7709658237507955 -1.6426076213695282 -1.5020694027824255 -1.3355779123486295 -1.1159414530617666 -0.8028885220068029 -0.40882016963132783 -0.09704701392661941 0.049400005760160424 0.11496260437434828 0.16964208702009365 0.2623526859009631 0.4894996871321545 0.9673707614991567 0.8927826513705377 0.6518421448086114 0.5664742469781885 0.5388339429669385 0.5332991764476351 0.5381974737304536 0.5490248440496917 0.5637877591203946 0.5815138913185461 0.6017031106704832 0.6240809840931164 0.6484944006246698 0.6748571466921061 0.7031170198787 0.7332370058862059 0.7651833424814535 0.7989174003171892 0.8343898624724309 0.8715363932854561 0.9102743563405276 0.9505003446301816 0.9920883933076298 1.0348887894557681 1.078727418475689 1.1234056341885634 1.1687006795415196 1.2143666760948735 1.2601361741886168 1.305722245524447 1.3508210984574323 1.3951151909760209 1.438276805808896 1.4799720389894828 1.5198651394789664 1.5576231241271445 1.5929205800502 1.625444556090939 1.6548994370379193 1.6810116892921831 1.7035343651402817 1.7222512550136395 1.73698058319211 1.747578152242423 1.7539398547634972
